{"type": "FeatureCollection", "features": [{"type": "Feature", "geometry": {"type": "MultiPolygon", "coordinates": [[[[72.1687069, 34.2225045], [72.1686186, 34.2224839], [72.1685703, 34.2226266], [72.1686881, 34.2226541], [72.1687156, 34.2225728], [72.1686861, 34.2225659], [72.1687069, 34.2225045]]]]}, "properties": {"id": "8J6J65F9+2FCW", "height": 2.495610475540161, "hmax": 0.0, "ratio": 0.0, "vulnClass": "none"}}, {"type": "Feature", "geometry": {"type": "MultiPolygon", "coordinates": [[[[72.16851068, 34.22268992], [72.16856511, 34.22252759], [72.16851992, 34.22251714], [72.16849302, 34.22259737], [72.16840701, 34.22257747], [72.16837948, 34.22265957], [72.16851068, 34.22268992]]]]}, "properties": {"id": "8J6J65F9+29XJ", "height": 2.557775735855103, "hmax": 0.0, "ratio": 0.0, "vulnClass": "none"}}, {"type": "Feature", "geometry": {"type": "MultiPolygon", "coordinates": [[[[72.16857604, 34.22249499], [72.16844484, 34.22246463], [72.16840701, 34.22257747], [72.16849302, 34.22259737], [72.16851992, 34.22251714], [72.16856511, 34.22252759], [72.16857604, 34.22249499]]]]}, "properties": {"id": "8J6J65F9+2993", "height": 2.477892875671387, "hmax": 0.0, "ratio": 0.0, "vulnClass": "none"}}, {"type": "Feature", "geometry": {"type": "MultiPolygon", "coordinates": [[[[72.16844287, 34.22537814], [72.16841887, 34.22531229], [72.16830741, 34.22534032], [72.16833141, 34.22540617], [72.16844287, 34.22537814]]]]}, "properties": {"id": "8J6J65G9+49R6", "height": 4.641519546508789, "hmax": 0.0, "ratio": 0.0, "vulnClass": "none"}}, {"type": "Feature", "geometry": {"type": "MultiPolygon", "coordinates": [[[[72.16833045, 34.2253987], [72.16828633, 34.22526421], [72.16810407, 34.22530546], [72.16814819, 34.22543995], [72.16833045, 34.2253987]]]]}, "properties": {"id": "8J6J65G9+47W5", "height": 5.174141407012939, "hmax": 0.0, "ratio": 0.0, "vulnClass": "none"}}, {"type": "Feature", "geometry": {"type": "MultiPolygon", "coordinates": [[[[72.1698155, 34.22665554], [72.1698488, 34.22652533], [72.16979514, 34.22651587], [72.16976184, 34.22664607], [72.1698155, 34.22665554]]]]}, "properties": {"id": "8J6J65G9+JWMH", "height": 3.057386636734009, "hmax": 0.0, "ratio": 0.0, "vulnClass": "none"}}, {"type": "Feature", "geometry": {"type": "MultiPolygon", "coordinates": [[[[72.16792855, 34.22640316], [72.16788737, 34.22640147], [72.16788603, 34.22642422], [72.1679272, 34.2264259], [72.16792855, 34.22640316]]]]}, "properties": {"id": "8J6J65G9+H57C", "height": 4.508090972900391, "hmax": 0.0, "ratio": 0.0, "vulnClass": "none"}}, {"type": "Feature", "geometry": {"type": "MultiPolygon", "coordinates": [[[[72.1678277, 34.22626946], [72.16779784, 34.22604563], [72.16773743, 34.22605119], [72.16774852, 34.22613432], [72.16762669, 34.22614553], [72.16764546, 34.22628623], [72.1678277, 34.22626946]]]]}, "properties": {"id": "8J6J65G9+F3HG", "height": 3.664260864257812, "hmax": 0.0, "ratio": 0.0, "vulnClass": "none"}}, {"type": "Feature", "geometry": {"type": "MultiPolygon", "coordinates": [[[[72.16773085, 34.22511149], [72.16767348, 34.22510874], [72.16766895, 34.225174], [72.16779952, 34.22518025], [72.16780257, 34.22513621], [72.16772937, 34.22513271], [72.16773085, 34.22511149]]]]}, "properties": {"id": "8J6J65G9+335V", "height": 3.315703153610229, "hmax": 0.0, "ratio": 0.0, "vulnClass": "none"}}, {"type": "Feature", "geometry": {"type": "MultiPolygon", "coordinates": [[[[72.16792804, 34.2253381], [72.16773432, 34.22532745], [72.16772667, 34.22542342], [72.1679204, 34.22543406], [72.16792804, 34.2253381]]]]}, "properties": {"id": "8J6J65G9+5447", "height": 3.394697666168213, "hmax": 0.0, "ratio": 0.0, "vulnClass": "none"}}, {"type": "Feature", "geometry": {"type": "MultiPolygon", "coordinates": [[[[72.16809304, 34.22526697], [72.16808401, 34.22519982], [72.16794263, 34.22521292], [72.16795166, 34.22528008], [72.16809304, 34.22526697]]]]}, "properties": {"id": "8J6J65G9+36RG", "height": 2.738492488861084, "hmax": 0.0, "ratio": 0.0, "vulnClass": "none"}}, {"type": "Feature", "geometry": {"type": "MultiPolygon", "coordinates": [[[[72.1677222, 34.22506815], [72.16767553, 34.22506929], [72.1676765, 34.22509702], [72.16772317, 34.22509589], [72.1677222, 34.22506815]]]]}, "properties": {"id": "8J6J65G9+23P7", "height": 2.943475008010864, "hmax": 0.0, "ratio": 0.0, "vulnClass": "none"}}, {"type": "Feature", "geometry": {"type": "MultiPolygon", "coordinates": [[[[72.16781083, 34.22498918], [72.16767953, 34.22498465], [72.16767542, 34.22506676], [72.16780672, 34.2250713], [72.16781083, 34.22498918]]]]}, "properties": {"id": "8J6J65G9+2395", "height": 2.538370132446289, "hmax": 0.0, "ratio": 0.0, "vulnClass": "none"}}, {"type": "Feature", "geometry": {"type": "MultiPolygon", "coordinates": [[[[72.16764395, 34.23065067], [72.16759486, 34.23065635], [72.16760695, 34.23072837], [72.16765604, 34.23072269], [72.16764395, 34.23065067]]]]}, "properties": {"id": "8J6J65J9+73CC", "height": 3.237972497940063, "hmax": 0.0, "ratio": 0.0, "vulnClass": "none"}}, {"type": "Feature", "geometry": {"type": "MultiPolygon", "coordinates": [[[[72.167853, 34.2308677], [72.1678405, 34.230797], [72.1676241, 34.2308234], [72.1676366, 34.2308941], [72.167853, 34.2308677]]]]}, "properties": {"id": "8J6J65J9+83QW", "height": 3.111604690551758, "hmax": 0.0, "ratio": 0.0, "vulnClass": "none"}}, {"type": "Feature", "geometry": {"type": "MultiPolygon", "coordinates": [[[[72.1676675, 34.23074431], [72.16761385, 34.23075239], [72.16762277, 34.23079328], [72.16767643, 34.2307852], [72.1676675, 34.23074431]]]]}, "properties": {"id": "8J6J65J9+832P", "height": 2.474730968475342, "hmax": 0.0, "ratio": 0.0, "vulnClass": "none"}}, {"type": "Feature", "geometry": {"type": "MultiPolygon", "coordinates": [[[[72.16779642, 34.23094982], [72.16776158, 34.23095385], [72.16777573, 34.23103822], [72.16788515, 34.23102556], [72.16787405, 34.23095938], [72.16779947, 34.23096801], [72.16779642, 34.23094982]]]]}, "properties": {"id": "8J6J65J9+94WV", "height": 2.735161304473877, "hmax": 0.0, "ratio": 0.0, "vulnClass": "none"}}, {"type": "Feature", "geometry": {"type": "MultiPolygon", "coordinates": [[[[72.16770155, 34.23107085], [72.16764982, 34.23108011], [72.16765824, 34.23111257], [72.16762817, 34.23111795], [72.16765039, 34.23120359], [72.16770311, 34.23119416], [72.16771018, 34.23122142], [72.16778569, 34.2312079], [72.16777049, 34.23114928], [72.16772405, 34.23115759], [72.16770155, 34.23107085]]]]}, "properties": {"id": "8J6J65J9+F383", "height": 4.646271705627441, "hmax": 0.0, "ratio": 0.0, "vulnClass": "none"}}, {"type": "Feature", "geometry": {"type": "MultiPolygon", "coordinates": [[[[72.16775435, 34.23108705], [72.16770791, 34.23109536], [72.16772405, 34.23115759], [72.16777049, 34.23114928], [72.16775435, 34.23108705]]]]}, "properties": {"id": "8J6J65J9+C3XW", "height": 4.164965629577637, "hmax": 0.0, "ratio": 0.0, "vulnClass": "none"}}, {"type": "Feature", "geometry": {"type": "MultiPolygon", "coordinates": [[[[72.167781, 34.2312946], [72.1677703, 34.2312559], [72.1675369, 34.2313008], [72.1675476, 34.2313394], [72.1676086, 34.2313277], [72.1676191, 34.2313655], [72.1675803, 34.231373], [72.1675901, 34.2314081], [72.1677788, 34.2313718], [72.1677585, 34.2312989], [72.167781, 34.2312946]]]]}, "properties": {"id": "8J6J65J9+G3M8", "height": 4.729050159454346, "hmax": 0.0, "ratio": 0.0, "vulnClass": "none"}}, {"type": "Feature", "geometry": {"type": "MultiPolygon", "coordinates": [[[[72.16783356, 34.231245], [72.16780723, 34.23124281], [72.16780408, 34.23126886], [72.16783042, 34.23127106], [72.16783356, 34.231245]]]]}, "properties": {"id": "8J6J65J9+G446", "height": 2.876997470855713, "hmax": 0.0, "ratio": 0.0, "vulnClass": "none"}}, {"type": "Feature", "geometry": {"type": "MultiPolygon", "coordinates": [[[[72.1679915, 34.23145684], [72.16794917, 34.23133845], [72.1678597, 34.23136051], [72.16790204, 34.23147891], [72.1679915, 34.23145684]]]]}, "properties": {"id": "8J6J65J9+H578", "height": 3.058295726776123, "hmax": 0.0, "ratio": 0.0, "vulnClass": "none"}}, {"type": "Feature", "geometry": {"type": "MultiPolygon", "coordinates": [[[[72.16802305, 34.23166361], [72.16807297, 34.23165082], [72.16799744, 34.23144757], [72.16794752, 34.23146036], [72.1679788, 34.23154454], [72.16784837, 34.23157797], [72.16781709, 34.2314938], [72.16770803, 34.23152176], [72.16771146, 34.23153099], [72.16773439, 34.23152511], [72.16778168, 34.23165238], [72.16795908, 34.2316069], [72.16796201, 34.23161478], [72.16800117, 34.23160474], [72.16802305, 34.23166361]]]]}, "properties": {"id": "8J6J65J9+J5CX", "height": 4.236845970153809, "hmax": 0.0, "ratio": 0.0, "vulnClass": "none"}}, {"type": "Feature", "geometry": {"type": "MultiPolygon", "coordinates": [[[[72.16797747, 34.23173834], [72.16794486, 34.23167266], [72.16786702, 34.23169932], [72.16789963, 34.231765], [72.16797747, 34.23173834]]]]}, "properties": {"id": "8J6J65J9+M5MP", "height": 3.650756120681763, "hmax": 0.0, "ratio": 0.0, "vulnClass": "none"}}, {"type": "Feature", "geometry": {"type": "MultiPolygon", "coordinates": [[[[72.16789262, 34.23169705], [72.16787074, 34.23163818], [72.16782955, 34.23164874], [72.16785143, 34.23170761], [72.16789262, 34.23169705]]]]}, "properties": {"id": "8J6J65J9+M49W", "height": 3.96207857131958, "hmax": 0.0, "ratio": 0.0, "vulnClass": "none"}}, {"type": "Feature", "geometry": {"type": "MultiPolygon", "coordinates": [[[[72.16781997, 34.2316968], [72.16779811, 34.23166359], [72.16773212, 34.23169356], [72.16775398, 34.23172677], [72.16781997, 34.2316968]]]]}, "properties": {"id": "8J6J65J9+M4CX", "height": 2.747452259063721, "hmax": 0.0, "ratio": 0.0, "vulnClass": "none"}}, {"type": "Feature", "geometry": {"type": "MultiPolygon", "coordinates": [[[[72.16776261, 34.23164903], [72.16772509, 34.23159205], [72.16760115, 34.23164835], [72.16763867, 34.23170533], [72.16776261, 34.23164903]]]]}, "properties": {"id": "8J6J65J9+M33X", "height": 2.718727588653564, "hmax": 0.0, "ratio": 0.0, "vulnClass": "none"}}, {"type": "Feature", "geometry": {"type": "MultiPolygon", "coordinates": [[[[72.16812533, 34.23179173], [72.16809574, 34.2317121], [72.16791539, 34.23175833], [72.16794498, 34.23183796], [72.16812533, 34.23179173]]]]}, "properties": {"id": "8J6J65J9+P664", "height": 4.723825454711914, "hmax": 0.0, "ratio": 0.0, "vulnClass": "none"}}, {"type": "Feature", "geometry": {"type": "MultiPolygon", "coordinates": [[[[72.16802526, 34.23200631], [72.16798184, 34.23193656], [72.16777973, 34.23202336], [72.16782316, 34.23209311], [72.16802526, 34.23200631]]]]}, "properties": {"id": "8J6J65J9+R52H", "height": 2.702554225921631, "hmax": 0.0, "ratio": 0.0, "vulnClass": "none"}}, {"type": "Feature", "geometry": {"type": "MultiPolygon", "coordinates": [[[[72.16814587, 34.23219841], [72.16810422, 34.23213833], [72.16792355, 34.23222473], [72.1679652, 34.23228481], [72.16814587, 34.23219841]]]]}, "properties": {"id": "8J6J65J9+V6MC", "height": 2.984405517578125, "hmax": 0.0, "ratio": 0.0, "vulnClass": "none"}}, {"type": "Feature", "geometry": {"type": "MultiPolygon", "coordinates": [[[[72.16806874, 34.23235575], [72.16800634, 34.23225897], [72.16796663, 34.23227663], [72.16802904, 34.23237341], [72.16806874, 34.23235575]]]]}, "properties": {"id": "8J6J65J9+W6CP", "height": 2.690275907516479, "hmax": 0.0, "ratio": 0.0, "vulnClass": "none"}}, {"type": "Feature", "geometry": {"type": "MultiPolygon", "coordinates": [[[[72.17088831, 34.23259035], [72.17078894, 34.23254863], [72.1707484, 34.23261524], [72.17084776, 34.23265697], [72.17088831, 34.23259035]]]]}, "properties": {"id": "8J6J65MC+28W2", "height": 2.953810214996338, "hmax": 0.0, "ratio": 0.0, "vulnClass": "none"}}, {"type": "Feature", "geometry": {"type": "MultiPolygon", "coordinates": [[[[72.17097004, 34.23263106], [72.17089582, 34.2325934], [72.17083524, 34.23267578], [72.17090947, 34.23271344], [72.17097004, 34.23263106]]]]}, "properties": {"id": "8J6J65MC+3965", "height": 4.709205627441406, "hmax": 0.0, "ratio": 0.0, "vulnClass": "none"}}, {"type": "Feature", "geometry": {"type": "MultiPolygon", "coordinates": [[[[72.17164578, 34.23260255], [72.17164024, 34.23253855], [72.17156182, 34.23254324], [72.17156736, 34.23260724], [72.17164578, 34.23260255]]]]}, "properties": {"id": "8J6J65MC+2JHV", "height": 4.551323890686035, "hmax": 0.0, "ratio": 0.0, "vulnClass": "none"}}, {"type": "Feature", "geometry": {"type": "MultiPolygon", "coordinates": [[[[72.17157466, 34.23230039], [72.17153566, 34.23229748], [72.17153182, 34.23233289], [72.17157083, 34.2323358], [72.17157466, 34.23230039]]]]}, "properties": {"id": "8J6J65JC+WJFP", "height": 2.688783407211304, "hmax": 0.0, "ratio": 0.0, "vulnClass": "none"}}, {"type": "Feature", "geometry": {"type": "MultiPolygon", "coordinates": [[[[72.16828839, 34.23236357], [72.16822869, 34.23228136], [72.16818741, 34.23230204], [72.16824711, 34.23238425], [72.16828839, 34.23236357]]]]}, "properties": {"id": "8J6J65J9+W7Q8", "height": 2.668195247650146, "hmax": 0.0, "ratio": 0.0, "vulnClass": "none"}}, {"type": "Feature", "geometry": {"type": "MultiPolygon", "coordinates": [[[[72.16828443, 34.23223951], [72.16828862, 34.23221015], [72.16823661, 34.23220503], [72.16823242, 34.23223439], [72.16828443, 34.23223951]]]]}, "properties": {"id": "8J6J65J9+V8JV", "height": 2.613662242889404, "hmax": 0.0, "ratio": 0.0, "vulnClass": "none"}}, {"type": "Feature", "geometry": {"type": "MultiPolygon", "coordinates": [[[[72.16828766, 34.23219648], [72.16825889, 34.23212448], [72.16818593, 34.23214459], [72.16821469, 34.23221659], [72.16828766, 34.23219648]]]]}, "properties": {"id": "8J6J65J9+V79W", "height": 2.484328508377075, "hmax": 0.0, "ratio": 0.0, "vulnClass": "none"}}, {"type": "Feature", "geometry": {"type": "MultiPolygon", "coordinates": [[[[72.16810599, 34.23210281], [72.1680915, 34.2320767], [72.16805621, 34.23209021], [72.16807069, 34.23211632], [72.16810599, 34.23210281]]]]}, "properties": {"id": "8J6J65J9+R6PW", "height": 3.186389923095703, "hmax": 0.0, "ratio": 0.0, "vulnClass": "none"}}, {"type": "Feature", "geometry": {"type": "MultiPolygon", "coordinates": [[[[72.16815282, 34.23201458], [72.16809753, 34.23203012], [72.1681224, 34.23209117], [72.16821807, 34.23206427], [72.16820532, 34.23203296], [72.16816493, 34.23204431], [72.16815282, 34.23201458]]]]}, "properties": {"id": "8J6J65J9+R7C5", "height": 3.604727268218994, "hmax": 0.0, "ratio": 0.0, "vulnClass": "none"}}, {"type": "Feature", "geometry": {"type": "MultiPolygon", "coordinates": [[[[72.16899675, 34.23180699], [72.16898974, 34.23173851], [72.16881007, 34.23175121], [72.16881708, 34.23181969], [72.16899675, 34.23180699]]]]}, "properties": {"id": "8J6J65J9+PH65", "height": 2.664280652999878, "hmax": 0.0, "ratio": 0.0, "vulnClass": "none"}}, {"type": "Feature", "geometry": {"type": "MultiPolygon", "coordinates": [[[[72.16877868, 34.23171835], [72.16873936, 34.23172135], [72.16874875, 34.23180612], [72.16878808, 34.23180312], [72.16877868, 34.23171835]]]]}, "properties": {"id": "8J6J65J9+PG2F", "height": 3.239317417144775, "hmax": 0.0, "ratio": 0.0, "vulnClass": "none"}}, {"type": "Feature", "geometry": {"type": "MultiPolygon", "coordinates": [[[[72.16879685, 34.23188224], [72.16878808, 34.23180312], [72.16869699, 34.23181008], [72.16870576, 34.23188921], [72.16879685, 34.23188224]]]]}, "properties": {"id": "8J6J65J9+PFQX", "height": 2.707295656204224, "hmax": 0.0, "ratio": 0.0, "vulnClass": "none"}}, {"type": "Feature", "geometry": {"type": "MultiPolygon", "coordinates": [[[[72.16866395, 34.23177198], [72.16861547, 34.23177569], [72.16862871, 34.2318951], [72.16870576, 34.23188921], [72.16869699, 34.23181008], [72.16866842, 34.23181227], [72.16866395, 34.23177198]]]]}, "properties": {"id": "8J6J65J9+PFMC", "height": 2.82304310798645, "hmax": 0.0, "ratio": 0.0, "vulnClass": "none"}}, {"type": "Feature", "geometry": {"type": "MultiPolygon", "coordinates": [[[[72.16862871, 34.2318951], [72.16861547, 34.23177569], [72.16854019, 34.23178144], [72.16855342, 34.23190086], [72.16862871, 34.2318951]]]]}, "properties": {"id": "8J6J65J9+PCPG", "height": 2.799341678619385, "hmax": 0.0, "ratio": 0.0, "vulnClass": "none"}}, {"type": "Feature", "geometry": {"type": "MultiPolygon", "coordinates": [[[[72.16818207, 34.23194441], [72.16815541, 34.23187266], [72.16801922, 34.23190758], [72.16804588, 34.23197932], [72.16818207, 34.23194441]]]]}, "properties": {"id": "8J6J65J9+Q6H2", "height": 3.932347774505615, "hmax": 0.0, "ratio": 0.0, "vulnClass": "none"}}, {"type": "Feature", "geometry": {"type": "MultiPolygon", "coordinates": [[[[72.16802295, 34.23182993], [72.16797237, 34.23184762], [72.16800436, 34.23191072], [72.16805438, 34.23189323], [72.16802295, 34.23182993]]]]}, "properties": {"id": "8J6J65J9+P6RV", "height": 4.645817756652832, "hmax": 0.0, "ratio": 0.0, "vulnClass": "none"}}, {"type": "Feature", "geometry": {"type": "MultiPolygon", "coordinates": [[[[72.16815541, 34.23187266], [72.16812533, 34.23179173], [72.1680878, 34.23180135], [72.16811787, 34.23188229], [72.16815541, 34.23187266]]]]}, "properties": {"id": "8J6J65J9+P6QH", "height": 3.396614551544189, "hmax": 0.0, "ratio": 0.0, "vulnClass": "none"}}, {"type": "Feature", "geometry": {"type": "MultiPolygon", "coordinates": [[[[72.16835304, 34.23179655], [72.16831457, 34.23179985], [72.16832952, 34.23191988], [72.16845681, 34.23190895], [72.16845073, 34.2318601], [72.16836191, 34.23186773], [72.16835304, 34.23179655]]]]}, "properties": {"id": "8J6J65J9+P8XX", "height": 3.260277271270752, "hmax": 0.0, "ratio": 0.0, "vulnClass": "none"}}, {"type": "Feature", "geometry": {"type": "MultiPolygon", "coordinates": [[[[72.16849554, 34.23182473], [72.16849056, 34.23178474], [72.16835304, 34.23179655], [72.16836191, 34.23186773], [72.16845073, 34.2318601], [72.16844685, 34.23182891], [72.16849554, 34.23182473]]]]}, "properties": {"id": "8J6J65J9+P9FV", "height": 3.260277271270752, "hmax": 0.0, "ratio": 0.0, "vulnClass": "none"}}, {"type": "Feature", "geometry": {"type": "MultiPolygon", "coordinates": [[[[72.1682985, 34.23167075], [72.16827127, 34.23167309], [72.16828734, 34.23180219], [72.16843148, 34.23178981], [72.16841757, 34.23167805], [72.16830066, 34.23168809], [72.1682985, 34.23167075]]]]}, "properties": {"id": "8J6J65J9+M8XC", "height": 2.934804439544678, "hmax": 0.0, "ratio": 0.0, "vulnClass": "none"}}, {"type": "Feature", "geometry": {"type": "MultiPolygon", "coordinates": [[[[72.16806821, 34.23166547], [72.16803446, 34.23167099], [72.16804369, 34.23170993], [72.16807745, 34.23170441], [72.16806821, 34.23166547]]]]}, "properties": {"id": "8J6J65J9+M6FH", "height": 2.470874309539795, "hmax": 0.0, "ratio": 0.0, "vulnClass": "none"}}, {"type": "Feature", "geometry": {"type": "MultiPolygon", "coordinates": [[[[72.16875589, 34.23157779], [72.16875355, 34.23152686], [72.16858382, 34.23153226], [72.16858617, 34.23158318], [72.16875589, 34.23157779]]]]}, "properties": {"id": "8J6J65J9+JFF7", "height": 3.295403003692627, "hmax": 0.0, "ratio": 0.0, "vulnClass": "none"}}, {"type": "Feature", "geometry": {"type": "MultiPolygon", "coordinates": [[[[72.16863666, 34.23159885], [72.16859232, 34.23160011], [72.16859407, 34.2316428], [72.16863841, 34.23164155], [72.16863666, 34.23159885]]]]}, "properties": {"id": "8J6J65J9+JCXW", "height": 2.442334890365601, "hmax": 0.0, "ratio": 0.0, "vulnClass": "none"}}, {"type": "Feature", "geometry": {"type": "MultiPolygon", "coordinates": [[[[72.16884445, 34.23156987], [72.16879187, 34.23157358], [72.16879961, 34.23164913], [72.16885219, 34.23164541], [72.16884445, 34.23156987]]]]}, "properties": {"id": "8J6J65J9+JGW7", "height": 2.45744514465332, "hmax": 0.0, "ratio": 0.0, "vulnClass": "none"}}, {"type": "Feature", "geometry": {"type": "MultiPolygon", "coordinates": [[[[72.1688522, 34.2316454], [72.1687996, 34.2316491], [72.1688101, 34.2317512], [72.1688626, 34.2317475], [72.1688522, 34.2316454]]]]}, "properties": {"id": "8J6J65J9+MGGW", "height": 2.664280652999878, "hmax": 0.0, "ratio": 0.0, "vulnClass": "none"}}, {"type": "Feature", "geometry": {"type": "MultiPolygon", "coordinates": [[[[72.16897521, 34.2316579], [72.1689716, 34.23163135], [72.1688969, 34.23163835], [72.16890051, 34.2316649], [72.16897521, 34.2316579]]]]}, "properties": {"id": "8J6J65J9+MH3X", "height": 2.601982116699219, "hmax": 0.0, "ratio": 0.0, "vulnClass": "none"}}, {"type": "Feature", "geometry": {"type": "MultiPolygon", "coordinates": [[[[72.16897087, 34.23162759], [72.16896352, 34.23156597], [72.16888317, 34.23157258], [72.16889052, 34.2316342], [72.16897087, 34.23162759]]]]}, "properties": {"id": "8J6J65J9+JHV4", "height": 2.562657356262207, "hmax": 0.0, "ratio": 0.0, "vulnClass": "none"}}, {"type": "Feature", "geometry": {"type": "MultiPolygon", "coordinates": [[[[72.16880163, 34.23139214], [72.16878772, 34.23139109], [72.16878314, 34.2314331], [72.16890629, 34.23144237], [72.16891087, 34.23140036], [72.16882946, 34.23139423], [72.16883129, 34.23137747], [72.16880346, 34.23137537], [72.16880163, 34.23139214]]]]}, "properties": {"id": "8J6J65J9+HG9C", "height": 2.500333309173584, "hmax": 0.0, "ratio": 0.0, "vulnClass": "none"}}, {"type": "Feature", "geometry": {"type": "MultiPolygon", "coordinates": [[[[72.16893115, 34.23130152], [72.1687943, 34.23129254], [72.16879081, 34.23132929], [72.16892766, 34.23133828], [72.16893115, 34.23130152]]]]}, "properties": {"id": "8J6J65J9+GGHP", "height": 2.514906167984009, "hmax": 0.0, "ratio": 0.0, "vulnClass": "none"}}, {"type": "Feature", "geometry": {"type": "MultiPolygon", "coordinates": [[[[72.16873861, 34.23121639], [72.16866286, 34.23120951], [72.16865706, 34.23125351], [72.16873282, 34.23126039], [72.16873861, 34.23121639]]]]}, "properties": {"id": "8J6J65J9+FFW7", "height": 4.092312812805176, "hmax": 0.0, "ratio": 0.0, "vulnClass": "none"}}, {"type": "Feature", "geometry": {"type": "MultiPolygon", "coordinates": [[[[72.16814836, 34.23102877], [72.16813986, 34.23098969], [72.16804846, 34.23100342], [72.16805697, 34.23104249], [72.16814836, 34.23102877]]]]}, "properties": {"id": "8J6J65J9+C65J", "height": 2.966588973999023, "hmax": 0.0, "ratio": 0.0, "vulnClass": "none"}}, {"type": "Feature", "geometry": {"type": "MultiPolygon", "coordinates": [[[[72.16827194, 34.23100299], [72.16815553, 34.23100616], [72.16815702, 34.23104398], [72.16827343, 34.23104082], [72.16827194, 34.23100299]]]]}, "properties": {"id": "8J6J65J9+C74X", "height": 2.979304790496826, "hmax": 0.0, "ratio": 0.0, "vulnClass": "none"}}, {"type": "Feature", "geometry": {"type": "MultiPolygon", "coordinates": [[[[72.16847059, 34.23103547], [72.16842245, 34.23103677], [72.16842553, 34.23111495], [72.16847367, 34.23111364], [72.16847059, 34.23103547]]]]}, "properties": {"id": "8J6J65J9+C9P3", "height": 2.724249839782715, "hmax": 0.0, "ratio": 0.0, "vulnClass": "none"}}, {"type": "Feature", "geometry": {"type": "MultiPolygon", "coordinates": [[[[72.16869806, 34.23099142], [72.16842096, 34.23099895], [72.16842245, 34.23103677], [72.16847059, 34.23103547], [72.16847479, 34.23114207], [72.16851689, 34.23114093], [72.16851577, 34.2311125], [72.16855216, 34.23111151], [72.16855328, 34.23113994], [72.16866301, 34.23113696], [72.16866, 34.23106046], [72.16870073, 34.23105935], [72.16869806, 34.23099142]]]]}, "properties": {"id": "8J6J65J9+CCG6", "height": 3.299448490142822, "hmax": 0.0, "ratio": 0.0, "vulnClass": "none"}}, {"type": "Feature", "geometry": {"type": "MultiPolygon", "coordinates": [[[[72.16841668, 34.23099642], [72.16836656, 34.23099412], [72.16836209, 34.23106118], [72.16841221, 34.23106349], [72.16841668, 34.23099642]]]]}, "properties": {"id": "8J6J65J9+C963", "height": 2.548329830169678, "hmax": 0.0, "ratio": 0.0, "vulnClass": "none"}}, {"type": "Feature", "geometry": {"type": "MultiPolygon", "coordinates": [[[[72.16874896, 34.23098097], [72.16869873, 34.23098237], [72.16870256, 34.23107745], [72.16875279, 34.23107606], [72.16874896, 34.23098097]]]]}, "properties": {"id": "8J6J65J9+CF92", "height": 2.613867044448853, "hmax": 0.0, "ratio": 0.0, "vulnClass": "none"}}, {"type": "Feature", "geometry": {"type": "MultiPolygon", "coordinates": [[[[72.16894123, 34.23107303], [72.16889836, 34.23107048], [72.16889427, 34.2311178], [72.16893715, 34.23112035], [72.16894123, 34.23107303]]]]}, "properties": {"id": "8J6J65J9+CHMV", "height": 3.194951295852661, "hmax": 0.0, "ratio": 0.0, "vulnClass": "none"}}, {"type": "Feature", "geometry": {"type": "MultiPolygon", "coordinates": [[[[72.16897898, 34.23100434], [72.16885023, 34.23099667], [72.16884413, 34.23106725], [72.16897288, 34.23107491], [72.16897898, 34.23100434]]]]}, "properties": {"id": "8J6J65J9+CH7C", "height": 3.738319396972656, "hmax": 0.0, "ratio": 0.0, "vulnClass": "none"}}, {"type": "Feature", "geometry": {"type": "MultiPolygon", "coordinates": [[[[72.16898938, 34.23088381], [72.16886063, 34.23087614], [72.16885023, 34.23099667], [72.16897898, 34.23100434], [72.16898938, 34.23088381]]]]}, "properties": {"id": "8J6J65J9+9HFM", "height": 3.688518047332764, "hmax": 0.0, "ratio": 0.0, "vulnClass": "none"}}, {"type": "Feature", "geometry": {"type": "MultiPolygon", "coordinates": [[[[72.16838055, 34.23091652], [72.16837177, 34.23088619], [72.16833265, 34.23089401], [72.16834143, 34.23092433], [72.16838055, 34.23091652]]]]}, "properties": {"id": "8J6J65J9+9897", "height": 3.962508678436279, "hmax": 0.0, "ratio": 0.0, "vulnClass": "none"}}, {"type": "Feature", "geometry": {"type": "MultiPolygon", "coordinates": [[[[72.16837109, 34.23088113], [72.16835368, 34.23083902], [72.16821497, 34.2308786], [72.16823238, 34.23092071], [72.16837109, 34.23088113]]]]}, "properties": {"id": "8J6J65J9+9833", "height": 3.962508678436279, "hmax": 0.0, "ratio": 0.0, "vulnClass": "none"}}, {"type": "Feature", "geometry": {"type": "MultiPolygon", "coordinates": [[[[72.16842096, 34.23099895], [72.16841901, 34.23094945], [72.16827, 34.2309535], [72.16827194, 34.23100299], [72.16842096, 34.23099895]]]]}, "properties": {"id": "8J6J65J9+98X2", "height": 3.344915866851807, "hmax": 0.0, "ratio": 0.0, "vulnClass": "none"}}, {"type": "Feature", "geometry": {"type": "MultiPolygon", "coordinates": [[[[72.1680523, 34.23090421], [72.16802768, 34.23090793], [72.16804846, 34.23100342], [72.16816545, 34.23098585], [72.16815637, 34.23094427], [72.1680641, 34.23095819], [72.1680523, 34.23090421]]]]}, "properties": {"id": "8J6J65J9+96PQ", "height": 2.441128492355347, "hmax": 0.0, "ratio": 0.0, "vulnClass": "none"}}, {"type": "Feature", "geometry": {"type": "MultiPolygon", "coordinates": [[[[72.16833408, 34.23077194], [72.16829701, 34.2307764], [72.16830117, 34.23080024], [72.16833824, 34.23079578], [72.16833408, 34.23077194]]]]}, "properties": {"id": "8J6J65J9+888C", "height": 3.704586029052734, "hmax": 0.0, "ratio": 0.0, "vulnClass": "none"}}, {"type": "Feature", "geometry": {"type": "MultiPolygon", "coordinates": [[[[72.16838765, 34.23077485], [72.16833352, 34.23079029], [72.16838187, 34.2309072], [72.168436, 34.23089175], [72.16838765, 34.23077485]]]]}, "properties": {"id": "8J6J65J9+89JM", "height": 3.894769191741943, "hmax": 0.0, "ratio": 0.0, "vulnClass": "none"}}, {"type": "Feature", "geometry": {"type": "MultiPolygon", "coordinates": [[[[72.16850191, 34.23071968], [72.1684688, 34.23065157], [72.16834188, 34.23069413], [72.16837499, 34.23076225], [72.16850191, 34.23071968]]]]}, "properties": {"id": "8J6J65J9+79M8", "height": 3.761831760406494, "hmax": 0.0, "ratio": 0.0, "vulnClass": "none"}}, {"type": "Feature", "geometry": {"type": "MultiPolygon", "coordinates": [[[[72.16837138, 34.23068284], [72.16835019, 34.23062081], [72.16830018, 34.23063259], [72.16832137, 34.23069462], [72.16837138, 34.23068284]]]]}, "properties": {"id": "8J6J65J9+7888", "height": 3.756433486938477, "hmax": 0.0, "ratio": 0.0, "vulnClass": "none"}}, {"type": "Feature", "geometry": {"type": "MultiPolygon", "coordinates": [[[[72.16828764, 34.23064152], [72.16828414, 34.23061423], [72.16824733, 34.23061748], [72.16825082, 34.23064478], [72.16828764, 34.23064152]]]]}, "properties": {"id": "8J6J65J9+7824", "height": 2.520406484603882, "hmax": 0.0, "ratio": 0.0, "vulnClass": "none"}}, {"type": "Feature", "geometry": {"type": "MultiPolygon", "coordinates": [[[[72.1682445, 34.23050319], [72.16823842, 34.23047073], [72.16814838, 34.23048237], [72.16815446, 34.23051483], [72.1682445, 34.23050319]]]]}, "properties": {"id": "8J6J65J9+57WM", "height": 2.816093444824219, "hmax": 0.0, "ratio": 0.0, "vulnClass": "none"}}, {"type": "Feature", "geometry": {"type": "MultiPolygon", "coordinates": [[[[72.16825841, 34.2305774], [72.1682445, 34.23050319], [72.16810883, 34.23052073], [72.16812274, 34.23059494], [72.16825841, 34.2305774]]]]}, "properties": {"id": "8J6J65J9+677X", "height": 2.643352746963501, "hmax": 0.0, "ratio": 0.0, "vulnClass": "none"}}, {"type": "Feature", "geometry": {"type": "MultiPolygon", "coordinates": [[[[72.17047898, 34.22982509], [72.1704261, 34.22965736], [72.17022401, 34.22970132], [72.17025376, 34.22979568], [72.17000222, 34.2298504], [72.17002536, 34.22992377], [72.17047898, 34.22982509]]]]}, "properties": {"id": "8J6J65HC+W46X", "height": 2.612875938415527, "hmax": 0.0, "ratio": 0.0, "vulnClass": "none"}}, {"type": "Feature", "geometry": {"type": "MultiPolygon", "coordinates": [[[[72.17034349, 34.22957951], [72.17033292, 34.22953915], [72.17020193, 34.22956282], [72.1702125, 34.22960318], [72.17034349, 34.22957951]]]]}, "properties": {"id": "8J6J65HC+R4CW", "height": 3.41920280456543, "hmax": 0.0, "ratio": 0.0, "vulnClass": "none"}}, {"type": "Feature", "geometry": {"type": "MultiPolygon", "coordinates": [[[[72.17040972, 34.22955793], [72.17039729, 34.22951918], [72.17033776, 34.22953235], [72.17035019, 34.22957111], [72.17040972, 34.22955793]]]]}, "properties": {"id": "8J6J65HC+R49X", "height": 3.401152610778809, "hmax": 0.0, "ratio": 0.0, "vulnClass": "none"}}, {"type": "Feature", "geometry": {"type": "MultiPolygon", "coordinates": [[[[72.17144879, 34.22893804], [72.17136644, 34.22895429], [72.17141989, 34.22914118], [72.17160256, 34.22910513], [72.17158122, 34.22903053], [72.1714809, 34.22905033], [72.17144879, 34.22893804]]]]}, "properties": {"id": "8J6J65HC+JHH2", "height": 2.88226318359375, "hmax": 0.0, "ratio": 0.0, "vulnClass": "none"}}, {"type": "Feature", "geometry": {"type": "MultiPolygon", "coordinates": [[[[72.17069318, 34.22872496], [72.1706522, 34.22858347], [72.17059639, 34.22859463], [72.17061352, 34.22865379], [72.17056565, 34.22866336], [72.17058949, 34.22874568], [72.17069318, 34.22872496]]]]}, "properties": {"id": "8J6J65HC+F76R", "height": 3.791169166564941, "hmax": 0.0, "ratio": 0.0, "vulnClass": "none"}}, {"type": "Feature", "geometry": {"type": "MultiPolygon", "coordinates": [[[[72.17085356, 34.22943728], [72.17082779, 34.22935989], [72.1706339, 34.22940444], [72.17065967, 34.22948183], [72.17085356, 34.22943728]]]]}, "properties": {"id": "8J6J65HC+Q79X", "height": 2.63367772102356, "hmax": 0.0, "ratio": 0.0, "vulnClass": "none"}}, {"type": "Feature", "geometry": {"type": "MultiPolygon", "coordinates": [[[[72.17063477, 34.22926873], [72.17059198, 34.22927857], [72.1706339, 34.22940444], [72.17067669, 34.22939461], [72.17063477, 34.22926873]]]]}, "properties": {"id": "8J6J65HC+P7JF", "height": 3.400815963745117, "hmax": 0.0, "ratio": 0.0, "vulnClass": "none"}}, {"type": "Feature", "geometry": {"type": "MultiPolygon", "coordinates": [[[[72.17086176, 34.22930454], [72.17081308, 34.22931573], [72.17085038, 34.22942773], [72.17089906, 34.22941654], [72.17086176, 34.22930454]]]]}, "properties": {"id": "8J6J65HC+P8XM", "height": 3.967429161071777, "hmax": 0.0, "ratio": 0.0, "vulnClass": "none"}}, {"type": "Feature", "geometry": {"type": "MultiPolygon", "coordinates": [[[[72.17030391, 34.22948399], [72.1702736, 34.22948329], [72.17027286, 34.22950514], [72.17030318, 34.22950584], [72.17030391, 34.22948399]]]]}, "properties": {"id": "8J6J65HC+Q4VJ", "height": 3.851600885391235, "hmax": 0.0, "ratio": 0.0, "vulnClass": "none"}}, {"type": "Feature", "geometry": {"type": "MultiPolygon", "coordinates": [[[[72.1703853, 34.22944999], [72.17035969, 34.2293675], [72.17016242, 34.22940975], [72.17018803, 34.22949224], [72.1703853, 34.22944999]]]]}, "properties": {"id": "8J6J65HC+Q4C5", "height": 3.851600885391235, "hmax": 0.0, "ratio": 0.0, "vulnClass": "none"}}, {"type": "Feature", "geometry": {"type": "MultiPolygon", "coordinates": [[[[72.17006831, 34.22949504], [72.17004715, 34.2294194], [72.16994784, 34.22943857], [72.169969, 34.22951421], [72.17006831, 34.22949504]]]]}, "properties": {"id": "8J6J65HC+Q2JM", "height": 2.606196165084839, "hmax": 0.0, "ratio": 0.0, "vulnClass": "none"}}, {"type": "Feature", "geometry": {"type": "MultiPolygon", "coordinates": [[[[72.16994683, 34.22945248], [72.16990396, 34.22946021], [72.16992225, 34.22953014], [72.16996512, 34.2295224], [72.16994683, 34.22945248]]]]}, "properties": {"id": "8J6J65H9+QXVQ", "height": 2.561529159545898, "hmax": 0.0, "ratio": 0.0, "vulnClass": "none"}}, {"type": "Feature", "geometry": {"type": "MultiPolygon", "coordinates": [[[[72.1695188, 34.22910472], [72.16950467, 34.22904916], [72.16940888, 34.22906597], [72.16942302, 34.22912153], [72.1695188, 34.22910472]]]]}, "properties": {"id": "8J6J65H9+JQPH", "height": 3.229562997817993, "hmax": 0.0, "ratio": 0.0, "vulnClass": "none"}}, {"type": "Feature", "geometry": {"type": "MultiPolygon", "coordinates": [[[[72.17007218, 34.22928802], [72.17004536, 34.22918371], [72.16999719, 34.22919226], [72.17000862, 34.2292367], [72.16995493, 34.22924622], [72.1699435, 34.22920178], [72.16984698, 34.2292189], [72.1698738, 34.2293232], [72.17007218, 34.22928802]]]]}, "properties": {"id": "8J6J65H9+PX48", "height": 2.497235774993896, "hmax": 0.0, "ratio": 0.0, "vulnClass": "none"}}, {"type": "Feature", "geometry": {"type": "MultiPolygon", "coordinates": [[[[72.16989502, 34.22866327], [72.16987705, 34.22858755], [72.16969555, 34.22861726], [72.16971351, 34.22869298], [72.16989502, 34.22866327]]]]}, "properties": {"id": "8J6J65H9+FW3M", "height": 4.545315265655518, "hmax": 0.0, "ratio": 0.0, "vulnClass": "none"}}, {"type": "Feature", "geometry": {"type": "MultiPolygon", "coordinates": [[[[72.16964431, 34.22908405], [72.16979468, 34.22905794], [72.16972307, 34.22877348], [72.1695727, 34.2287996], [72.16957765, 34.22881924], [72.16964219, 34.22880803], [72.16965441, 34.22885656], [72.16947296, 34.22888807], [72.16946074, 34.22883954], [72.16935303, 34.22885825], [72.16938554, 34.22898737], [72.1696747, 34.22893716], [72.16968855, 34.22899219], [72.16962401, 34.2290034], [72.16964431, 34.22908405]]]]}, "properties": {"id": "8J6J65H9+HRH3", "height": 2.724229097366333, "hmax": 0.0, "ratio": 0.0, "vulnClass": "none"}}, {"type": "Feature", "geometry": {"type": "MultiPolygon", "coordinates": [[[[72.16865438, 34.22890619], [72.1686457, 34.22883315], [72.16848211, 34.22884656], [72.16849079, 34.2289196], [72.16865438, 34.22890619]]]]}, "properties": {"id": "8J6J65H9+HC42", "height": 2.666149377822876, "hmax": 0.0, "ratio": 0.0, "vulnClass": "none"}}, {"type": "Feature", "geometry": {"type": "MultiPolygon", "coordinates": [[[[72.16859984, 34.22872178], [72.16857923, 34.22854721], [72.16830449, 34.2285696], [72.16832781, 34.22876705], [72.16857305, 34.22874707], [72.16857664, 34.2287775], [72.16864034, 34.22877231], [72.16863405, 34.22871899], [72.16859984, 34.22872178]]]]}, "properties": {"id": "8J6J65H9+F98H", "height": 4.401328563690186, "hmax": 0.0, "ratio": 0.0, "vulnClass": "none"}}, {"type": "Feature", "geometry": {"type": "MultiPolygon", "coordinates": [[[[72.16844548, 34.22925645], [72.16832119, 34.22927092], [72.16834421, 34.22940737], [72.16871931, 34.22936371], [72.16870673, 34.22928917], [72.16845593, 34.22931836], [72.16844548, 34.22925645]]]]}, "properties": {"id": "8J6J65H9+P9QH", "height": 4.376084327697754, "hmax": 0.0, "ratio": 0.0, "vulnClass": "none"}}, {"type": "Feature", "geometry": {"type": "MultiPolygon", "coordinates": [[[[72.16818883, 34.22983669], [72.16817874, 34.22979776], [72.16810456, 34.22981102], [72.16811464, 34.22984995], [72.16818883, 34.22983669]]]]}, "properties": {"id": "8J6J65H9+W7CW", "height": 5.739828586578369, "hmax": 0.0, "ratio": 0.0, "vulnClass": "none"}}, {"type": "Feature", "geometry": {"type": "MultiPolygon", "coordinates": [[[[72.16828766, 34.22985123], [72.1682808, 34.22981849], [72.16822054, 34.2298272], [72.1682274, 34.22985994], [72.16828766, 34.22985123]]]]}, "properties": {"id": "8J6J65H9+W8JC", "height": 3.009251594543457, "hmax": 0.0, "ratio": 0.0, "vulnClass": "none"}}, {"type": "Feature", "geometry": {"type": "MultiPolygon", "coordinates": [[[[72.16846882, 34.23028019], [72.16843765, 34.23020693], [72.16841876, 34.23021247], [72.16843539, 34.23025156], [72.16836624, 34.23027185], [72.16838078, 34.23030603], [72.16846882, 34.23028019]]]]}, "properties": {"id": "8J6J65J9+493M", "height": 4.630611419677734, "hmax": 0.0, "ratio": 0.0, "vulnClass": "none"}}, {"type": "Feature", "geometry": {"type": "MultiPolygon", "coordinates": [[[[72.16838058, 34.23027017], [72.16836116, 34.23022134], [72.16832863, 34.23023026], [72.16834805, 34.23027909], [72.16838058, 34.23027017]]]]}, "properties": {"id": "8J6J65J9+4853", "height": 4.514972686767578, "hmax": 0.0, "ratio": 0.0, "vulnClass": "none"}}, {"type": "Feature", "geometry": {"type": "MultiPolygon", "coordinates": [[[[72.1684252, 34.23017767], [72.16841, 34.23014195], [72.16835379, 34.23015845], [72.16836899, 34.23019417], [72.1684252, 34.23017767]]]]}, "properties": {"id": "8J6J65J9+396M", "height": 3.398436546325684, "hmax": 0.0, "ratio": 0.0, "vulnClass": "none"}}, {"type": "Feature", "geometry": {"type": "MultiPolygon", "coordinates": [[[[72.16841, 34.23014195], [72.16837459, 34.23005873], [72.16828655, 34.23008457], [72.16832196, 34.2301678], [72.16841, 34.23014195]]]]}, "properties": {"id": "8J6J65J9+28XC", "height": 4.020452499389648, "hmax": 0.0, "ratio": 0.0, "vulnClass": "none"}}, {"type": "Feature", "geometry": {"type": "MultiPolygon", "coordinates": [[[[72.16803848, 34.23001509], [72.16799435, 34.23001969], [72.16800076, 34.23006205], [72.16804488, 34.23005744], [72.16803848, 34.23001509]]]]}, "properties": {"id": "8J6J65J9+266G", "height": 2.911879062652588, "hmax": 0.0, "ratio": 0.0, "vulnClass": "none"}}, {"type": "Feature", "geometry": {"type": "MultiPolygon", "coordinates": [[[[72.16815146, 34.23026281], [72.1681403, 34.23020326], [72.16805148, 34.23021475], [72.16806264, 34.2302743], [72.16815146, 34.23026281]]]]}, "properties": {"id": "8J6J65J9+36XC", "height": 2.894951820373535, "hmax": 0.0, "ratio": 0.0, "vulnClass": "none"}}, {"type": "Feature", "geometry": {"type": "MultiPolygon", "coordinates": [[[[72.16806264, 34.2302743], [72.16805148, 34.23021475], [72.16799134, 34.23022252], [72.16800251, 34.23028207], [72.16806264, 34.2302743]]]]}, "properties": {"id": "8J6J65J9+36RX", "height": 3.378983497619629, "hmax": 0.0, "ratio": 0.0, "vulnClass": "none"}}, {"type": "Feature", "geometry": {"type": "MultiPolygon", "coordinates": [[[[72.1681589, 34.2304081], [72.168255, 34.2303838], [72.1682333, 34.2303247], [72.1681372, 34.230349], [72.1681589, 34.2304081]]]]}, "properties": {"id": "8J6J65J9+47WM", "height": 4.546272277832031, "hmax": 0.0, "ratio": 0.0, "vulnClass": "none"}}, {"type": "Feature", "geometry": {"type": "MultiPolygon", "coordinates": [[[[72.16829781, 34.23035084], [72.16829206, 34.23032122], [72.16823035, 34.23032948], [72.1682361, 34.2303591], [72.16829781, 34.23035084]]]]}, "properties": {"id": "8J6J65J9+48JM", "height": 3.652032375335693, "hmax": 0.0, "ratio": 0.0, "vulnClass": "none"}}, {"type": "Feature", "geometry": {"type": "MultiPolygon", "coordinates": [[[[72.16835972, 34.23037583], [72.16832538, 34.23038027], [72.16832684, 34.23038807], [72.16836118, 34.23038363], [72.16835972, 34.23037583]]]]}, "properties": {"id": "8J6J65J9+5849", "height": 3.44431471824646, "hmax": 0.0, "ratio": 0.0, "vulnClass": "none"}}, {"type": "Feature", "geometry": {"type": "MultiPolygon", "coordinates": [[[[72.16840172, 34.23047038], [72.16838034, 34.23041112], [72.16822858, 34.23044888], [72.16824996, 34.23050815], [72.16840172, 34.23047038]]]]}, "properties": {"id": "8J6J65J9+58P6", "height": 3.994479417800903, "hmax": 0.0, "ratio": 0.0, "vulnClass": "none"}}, {"type": "Feature", "geometry": {"type": "MultiPolygon", "coordinates": [[[[72.16799499, 34.23027674], [72.16796367, 34.23028059], [72.16797198, 34.23032729], [72.1680033, 34.23032344], [72.16799499, 34.23027674]]]]}, "properties": {"id": "8J6J65J9+45H3", "height": 2.744290828704834, "hmax": 0.0, "ratio": 0.0, "vulnClass": "none"}}, {"type": "Feature", "geometry": {"type": "MultiPolygon", "coordinates": [[[[72.16778595, 34.23038675], [72.16778111, 34.23035174], [72.16757162, 34.2303717], [72.16758499, 34.23046848], [72.16773524, 34.23045416], [72.16772671, 34.23039239], [72.16778595, 34.23038675]]]]}, "properties": {"id": "8J6J65J9+5377", "height": 4.007024765014648, "hmax": 0.0, "ratio": 0.0, "vulnClass": "none"}}, {"type": "Feature", "geometry": {"type": "MultiPolygon", "coordinates": [[[[72.16770363, 34.23028045], [72.1676971, 34.23019908], [72.16764782, 34.2302018], [72.16765435, 34.23028318], [72.16770363, 34.23028045]]]]}, "properties": {"id": "8J6J65J9+33VP", "height": 4.59296989440918, "hmax": 0.0, "ratio": 0.0, "vulnClass": "none"}}, {"type": "Feature", "geometry": {"type": "MultiPolygon", "coordinates": [[[[72.16775547, 34.23022139], [72.16769914, 34.2302245], [72.16770561, 34.23030507], [72.16776193, 34.23030195], [72.16775547, 34.23022139]]]]}, "properties": {"id": "8J6J65J9+435F", "height": 4.59296989440918, "hmax": 0.0, "ratio": 0.0, "vulnClass": "none"}}, {"type": "Feature", "geometry": {"type": "MultiPolygon", "coordinates": [[[[72.16797712, 34.23019838], [72.16795936, 34.23008638], [72.16788515, 34.23009449], [72.16790291, 34.2302065], [72.16797712, 34.23019838]]]]}, "properties": {"id": "8J6J65J9+353X", "height": 3.804895401000977, "hmax": 0.0, "ratio": 0.0, "vulnClass": "none"}}, {"type": "Feature", "geometry": {"type": "MultiPolygon", "coordinates": [[[[72.16795267, 34.23002405], [72.16788395, 34.23003122], [72.16789035, 34.23007357], [72.16795908, 34.2300664], [72.16795267, 34.23002405]]]]}, "properties": {"id": "8J6J65J9+257V", "height": 2.881996154785156, "hmax": 0.0, "ratio": 0.0, "vulnClass": "none"}}, {"type": "Feature", "geometry": {"type": "MultiPolygon", "coordinates": [[[[72.16795551, 34.22998686], [72.16794689, 34.22991648], [72.16786923, 34.22992304], [72.16787785, 34.22999342], [72.16795551, 34.22998686]]]]}, "properties": {"id": "8J6J65H9+X5M2", "height": 2.438733816146851, "hmax": 0.0, "ratio": 0.0, "vulnClass": "none"}}, {"type": "Feature", "geometry": {"type": "MultiPolygon", "coordinates": [[[[72.16796419, 34.22775416], [72.1678583, 34.2277483], [72.16785457, 34.22779476], [72.16796108, 34.22780076], [72.16796419, 34.22775416]]]]}, "properties": {"id": "8J6J65H9+453R", "height": 2.746643781661987, "hmax": 0.0, "ratio": 0.0, "vulnClass": "none"}}, {"type": "Feature", "geometry": {"type": "MultiPolygon", "coordinates": [[[[72.16785819, 34.22771037], [72.167771, 34.22771249], [72.16777552, 34.22784038], [72.1678361, 34.2278389], [72.16783457, 34.22779538], [72.16786117, 34.22779474], [72.16785819, 34.22771037]]]]}, "properties": {"id": "8J6J65H9+444R", "height": 3.304075479507446, "hmax": 0.0, "ratio": 0.0, "vulnClass": "none"}}, {"type": "Feature", "geometry": {"type": "MultiPolygon", "coordinates": [[[[72.16785484, 34.22761567], [72.16785378, 34.22758559], [72.16774243, 34.22758831], [72.16774566, 34.22767974], [72.16771093, 34.22768059], [72.16771211, 34.22771393], [72.16785819, 34.22771037], [72.16785626, 34.22765582], [72.16788895, 34.22765502], [72.16788753, 34.22761487], [72.16785484, 34.22761567]]]]}, "properties": {"id": "8J6J65H9+3474", "height": 3.304075479507446, "hmax": 0.0, "ratio": 0.0, "vulnClass": "none"}}, {"type": "Feature", "geometry": {"type": "MultiPolygon", "coordinates": [[[[72.16774243, 34.22758831], [72.16752621, 34.22759358], [72.16752778, 34.22763803], [72.16756657, 34.22763709], [72.16756748, 34.22766286], [72.16764401, 34.227661], [72.16764476, 34.2276822], [72.16774566, 34.22767974], [72.16774243, 34.22758831]]]]}, "properties": {"id": "8J6J65H9+3329", "height": 3.876188993453979, "hmax": 0.0, "ratio": 0.0, "vulnClass": "none"}}, {"type": "Feature", "geometry": {"type": "MultiPolygon", "coordinates": [[[[72.16769587, 34.22775709], [72.16757091, 34.22776014], [72.16757239, 34.22780178], [72.16769734, 34.22779873], [72.16769587, 34.22775709]]]]}, "properties": {"id": "8J6J65H9+4363", "height": 2.5181884765625, "hmax": 0.0, "ratio": 0.0, "vulnClass": "none"}}, {"type": "Feature", "geometry": {"type": "MultiPolygon", "coordinates": [[[[72.16785048, 34.22749242], [72.16779763, 34.22749371], [72.16780092, 34.22758688], [72.16785378, 34.22758559], [72.16785048, 34.22749242]]]]}, "properties": {"id": "8J6J65H9+248F", "height": 3.764501810073853, "hmax": 0.0, "ratio": 0.0, "vulnClass": "none"}}, {"type": "Feature", "geometry": {"type": "MultiPolygon", "coordinates": [[[[72.16790567, 34.22749415], [72.16786716, 34.22749498], [72.16786756, 34.22750772], [72.16790606, 34.22750689], [72.16790567, 34.22749415]]]]}, "properties": {"id": "8J6J65H9+2523", "height": 3.764501810073853, "hmax": 0.0, "ratio": 0.0, "vulnClass": "none"}}, {"type": "Feature", "geometry": {"type": "MultiPolygon", "coordinates": [[[[72.1678984, 34.22734638], [72.16786034, 34.22734495], [72.16785166, 34.22750489], [72.16788972, 34.22750631], [72.1678984, 34.22734638]]]]}, "properties": {"id": "8J6J65G9+X5C2", "height": 5.526347160339355, "hmax": 0.0, "ratio": 0.0, "vulnClass": "none"}}, {"type": "Feature", "geometry": {"type": "MultiPolygon", "coordinates": [[[[72.1691894, 34.22681003], [72.1691159, 34.22679356], [72.16907054, 34.22693327], [72.16914403, 34.22694974], [72.1691894, 34.22681003]]]]}, "properties": {"id": "8J6J65G9+PMRR", "height": 3.230956554412842, "hmax": 0.0, "ratio": 0.0, "vulnClass": "none"}}, {"type": "Feature", "geometry": {"type": "MultiPolygon", "coordinates": [[[[72.16981129, 34.22666153], [72.16975799, 34.22664825], [72.1697307, 34.22672376], [72.169784, 34.22673705], [72.16981129, 34.22666153]]]]}, "properties": {"id": "8J6J65G9+MWCP", "height": 3.230563163757324, "hmax": 0.0, "ratio": 0.0, "vulnClass": "none"}}, {"type": "Feature", "geometry": {"type": "MultiPolygon", "coordinates": [[[[72.16975931, 34.22684412], [72.16969059, 34.22683454], [72.1696764, 34.2269048], [72.16974511, 34.22691438], [72.16975931, 34.22684412]]]]}, "properties": {"id": "8J6J65G9+PVWX", "height": 3.276291131973267, "hmax": 0.0, "ratio": 0.0, "vulnClass": "none"}}, {"type": "Feature", "geometry": {"type": "MultiPolygon", "coordinates": [[[[72.16979206, 34.22753419], [72.1697883, 34.22749886], [72.16965155, 34.22750889], [72.16965485, 34.22753984], [72.16976282, 34.22753191], [72.16976335, 34.2275363], [72.16979206, 34.22753419]]]]}, "properties": {"id": "8J6J65H9+2V5J", "height": 4.678280830383301, "hmax": 0.0, "ratio": 0.0, "vulnClass": "none"}}, {"type": "Feature", "geometry": {"type": "MultiPolygon", "coordinates": [[[[72.16838016, 34.22773151], [72.16829779, 34.22773164], [72.16829807, 34.22785637], [72.16838044, 34.22785624], [72.16838016, 34.22773151]]]]}, "properties": {"id": "8J6J65H9+488Q", "height": 3.772799253463745, "hmax": 0.0, "ratio": 0.0, "vulnClass": "none"}}, {"type": "Feature", "geometry": {"type": "MultiPolygon", "coordinates": [[[[72.16855588, 34.22774285], [72.16840668, 34.22773757], [72.16840076, 34.22785299], [72.16848219, 34.22785587], [72.16848454, 34.22781021], [72.1685523, 34.22781261], [72.16855588, 34.22774285]]]]}, "properties": {"id": "8J6J65H9+499C", "height": 2.565136432647705, "hmax": 0.0, "ratio": 0.0, "vulnClass": "none"}}, {"type": "Feature", "geometry": {"type": "MultiPolygon", "coordinates": [[[[72.16898607, 34.22759641], [72.168933, 34.22759301], [72.1689183, 34.22775139], [72.16901231, 34.2277574], [72.16902412, 34.2276301], [72.16898319, 34.22762748], [72.16898607, 34.22759641]]]]}, "properties": {"id": "8J6J65H9+3HH6", "height": 2.825736522674561, "hmax": 0.0, "ratio": 0.0, "vulnClass": "none"}}, {"type": "Feature", "geometry": {"type": "MultiPolygon", "coordinates": [[[[72.16880356, 34.22774632], [72.16855489, 34.22775554], [72.16855997, 34.22785025], [72.1688086, 34.2278401], [72.16880356, 34.22774632]]]]}, "properties": {"id": "8J6J65H9+4F7X", "height": 2.588591814041138, "hmax": 0.0, "ratio": 0.0, "vulnClass": "none"}}, {"type": "Feature", "geometry": {"type": "MultiPolygon", "coordinates": [[[[72.168298, 34.22779821], [72.16820131, 34.22780056], [72.16820235, 34.22782997], [72.16829904, 34.22782761], [72.168298, 34.22779821]]]]}, "properties": {"id": "8J6J65H9+48CC", "height": 3.866037845611572, "hmax": 0.0, "ratio": 0.0, "vulnClass": "none"}}, {"type": "Feature", "geometry": {"type": "MultiPolygon", "coordinates": [[[[72.16922344, 34.22810565], [72.16919109, 34.22810859], [72.16919414, 34.22813171], [72.16922648, 34.22812877], [72.16922344, 34.22810565]]]]}, "properties": {"id": "8J6J65H9+6MWP", "height": 4.990883350372314, "hmax": 0.0, "ratio": 0.0, "vulnClass": "none"}}, {"type": "Feature", "geometry": {"type": "MultiPolygon", "coordinates": [[[[72.16981753, 34.22825614], [72.16980976, 34.22821802], [72.16962701, 34.2282437], [72.16966611, 34.22843563], [72.16971542, 34.2284287], [72.16968409, 34.22827489], [72.16981753, 34.22825614]]]]}, "properties": {"id": "8J6J65H9+8VG3", "height": 4.230067253112793, "hmax": 0.0, "ratio": 0.0, "vulnClass": "none"}}, {"type": "Feature", "geometry": {"type": "MultiPolygon", "coordinates": [[[[72.16958784, 34.22813539], [72.16958439, 34.22810755], [72.1695529, 34.22811025], [72.16955634, 34.22813808], [72.16958784, 34.22813539]]]]}, "properties": {"id": "8J6J65H9+6RWV", "height": 4.413769721984863, "hmax": 0.0, "ratio": 0.0, "vulnClass": "none"}}, {"type": "Feature", "geometry": {"type": "MultiPolygon", "coordinates": [[[[72.16999963, 34.22823523], [72.16996801, 34.22810986], [72.1698, 34.22813909], [72.16983162, 34.22826446], [72.16999963, 34.22823523]]]]}, "properties": {"id": "8J6J65H9+7XCH", "height": 7.091713905334473, "hmax": 0.0, "ratio": 0.0, "vulnClass": "none"}}, {"type": "Feature", "geometry": {"type": "MultiPolygon", "coordinates": [[[[72.16970434, 34.2275794], [72.16966931, 34.22758281], [72.16967315, 34.22761003], [72.16970818, 34.22760662], [72.16970434, 34.2275794]]]]}, "properties": {"id": "8J6J65H9+2VPJ", "height": 3.214554071426392, "hmax": 0.0, "ratio": 0.0, "vulnClass": "none"}}, {"type": "Feature", "geometry": {"type": "MultiPolygon", "coordinates": [[[[72.16960988, 34.22772657], [72.1694627, 34.22772792], [72.16946365, 34.22779957], [72.16965813, 34.22779779], [72.16965755, 34.22775365], [72.16961024, 34.22775408], [72.16960988, 34.22772657]]]]}, "properties": {"id": "8J6J65H9+4R3P", "height": 3.014270544052124, "hmax": 0.0, "ratio": 0.0, "vulnClass": "none"}}, {"type": "Feature", "geometry": {"type": "MultiPolygon", "coordinates": [[[[72.17035779, 34.22813106], [72.17031773, 34.22813823], [72.17034792, 34.22825448], [72.17038798, 34.22824731], [72.17035779, 34.22813106]]]]}, "properties": {"id": "8J6J65HC+74HM", "height": 3.208397626876831, "hmax": 0.0, "ratio": 0.0, "vulnClass": "none"}}, {"type": "Feature", "geometry": {"type": "MultiPolygon", "coordinates": [[[[72.17054312, 34.22832888], [72.17051178, 34.2282226], [72.17035059, 34.22825539], [72.17038193, 34.22836167], [72.17054312, 34.22832888]]]]}, "properties": {"id": "8J6J65HC+858M", "height": 2.939455032348633, "hmax": 0.0, "ratio": 0.0, "vulnClass": "none"}}, {"type": "Feature", "geometry": {"type": "MultiPolygon", "coordinates": [[[[72.17049708, 34.22809482], [72.17043004, 34.22810846], [72.17046642, 34.22823183], [72.17053346, 34.22821819], [72.17049708, 34.22809482]]]]}, "properties": {"id": "8J6J65HC+759F", "height": 7.657080173492432, "hmax": 0.0, "ratio": 0.0, "vulnClass": "none"}}, {"type": "Feature", "geometry": {"type": "MultiPolygon", "coordinates": [[[[72.17179386, 34.22728391], [72.17178243, 34.22722704], [72.17164873, 34.22724558], [72.17166016, 34.22730245], [72.17179386, 34.22728391]]]]}, "properties": {"id": "8J6J65GC+WM5C", "height": 2.519109010696411, "hmax": 0.0, "ratio": 0.0, "vulnClass": "none"}}, {"type": "Feature", "geometry": {"type": "MultiPolygon", "coordinates": [[[[72.17284911, 34.22671365], [72.17279945, 34.22672771], [72.17286914, 34.2268976], [72.1729188, 34.22688355], [72.17284911, 34.22671365]]]]}, "properties": {"id": "8J6J65GF+P4H7", "height": 2.695916652679443, "hmax": 0.0, "ratio": 0.0, "vulnClass": "none"}}, {"type": "Feature", "geometry": {"type": "MultiPolygon", "coordinates": [[[[72.1729221, 34.22666165], [72.17291136, 34.22663333], [72.17284499, 34.22665069], [72.17285573, 34.22667901], [72.1729221, 34.22666165]]]]}, "properties": {"id": "8J6J65GF+M567", "height": 3.200142860412598, "hmax": 0.0, "ratio": 0.0, "vulnClass": "none"}}, {"type": "Feature", "geometry": {"type": "MultiPolygon", "coordinates": [[[[72.1729494, 34.2266308], [72.1729161, 34.2266403], [72.1729317, 34.2266781], [72.1728442, 34.226703], [72.1729186, 34.2268838], [72.1730394, 34.2268495], [72.1730239, 34.2268119], [72.1730505, 34.2268044], [72.1729975, 34.2266757], [72.172971, 34.2266832], [72.1729494, 34.2266308]]]]}, "properties": {"id": "8J6J65GF+P54M", "height": 2.532338619232178, "hmax": 0.0, "ratio": 0.0, "vulnClass": "none"}}, {"type": "Feature", "geometry": {"type": "MultiPolygon", "coordinates": [[[[72.17333054, 34.22740266], [72.17328999, 34.22724871], [72.17313536, 34.2272768], [72.17315707, 34.22735924], [72.17312492, 34.22736508], [72.17314375, 34.2274366], [72.17333054, 34.22740266]]]]}, "properties": {"id": "8J6J65GF+W7QJ", "height": 2.968585968017578, "hmax": 0.0, "ratio": 0.0, "vulnClass": "none"}}, {"type": "Feature", "geometry": {"type": "MultiPolygon", "coordinates": [[[[72.17350983, 34.22705581], [72.17347266, 34.22705883], [72.1734762, 34.22708897], [72.17351337, 34.22708596], [72.17350983, 34.22705581]]]]}, "properties": {"id": "8J6J65GF+R9HX", "height": 2.670831918716431, "hmax": 0.0, "ratio": 0.0, "vulnClass": "none"}}, {"type": "Feature", "geometry": {"type": "MultiPolygon", "coordinates": [[[[72.17355698, 34.22705371], [72.1735219, 34.22705084], [72.17351934, 34.22707247], [72.17355442, 34.22707533], [72.17355698, 34.22705371]]]]}, "properties": {"id": "8J6J65GF+RCFC", "height": 2.61509895324707, "hmax": 0.0, "ratio": 0.0, "vulnClass": "none"}}, {"type": "Feature", "geometry": {"type": "MultiPolygon", "coordinates": [[[[72.17323326, 34.22749787], [72.17321572, 34.22743173], [72.17273999, 34.22751878], [72.17278559, 34.2276907], [72.17254034, 34.22773558], [72.17255926, 34.22780693], [72.17296669, 34.22773238], [72.17294777, 34.22766103], [72.17299084, 34.22765314], [72.17297413, 34.22759014], [72.17301627, 34.22758243], [72.17300493, 34.22753965], [72.17323326, 34.22749787]]]]}, "properties": {"id": "8J6J65HF+25RJ", "height": 2.823040008544922, "hmax": 0.0, "ratio": 0.0, "vulnClass": "none"}}, {"type": "Feature", "geometry": {"type": "MultiPolygon", "coordinates": [[[[72.1723778, 34.2280632], [72.1723122, 34.2280665], [72.1723192, 34.2281644], [72.1723848, 34.2281612], [72.1723778, 34.2280632]]]]}, "properties": {"id": "8J6J65HC+6WXC", "height": 2.947661876678467, "hmax": 0.0, "ratio": 0.0, "vulnClass": "none"}}, {"type": "Feature", "geometry": {"type": "MultiPolygon", "coordinates": [[[[72.17250351, 34.2283225], [72.1724914, 34.22826949], [72.17229149, 34.22830101], [72.17232828, 34.22846201], [72.17237251, 34.22845503], [72.17234783, 34.22834705], [72.17250351, 34.2283225]]]]}, "properties": {"id": "8J6J65HC+8XJJ", "height": 3.539807319641113, "hmax": 0.0, "ratio": 0.0, "vulnClass": "none"}}, {"type": "Feature", "geometry": {"type": "MultiPolygon", "coordinates": [[[[72.1720952, 34.22820448], [72.17208987, 34.2281562], [72.17196387, 34.22816579], [72.17196919, 34.22821406], [72.1720952, 34.22820448]]]]}, "properties": {"id": "8J6J65HC+7RCH", "height": 5.606241226196289, "hmax": 0.0, "ratio": 0.0, "vulnClass": "none"}}, {"type": "Feature", "geometry": {"type": "MultiPolygon", "coordinates": [[[[72.17205404, 34.22851484], [72.17200398, 34.22852197], [72.17201184, 34.2285601], [72.17206191, 34.22855297], [72.17205404, 34.22851484]]]]}, "properties": {"id": "8J6J65HC+CR7C", "height": 4.426805973052979, "hmax": 0.0, "ratio": 0.0, "vulnClass": "none"}}, {"type": "Feature", "geometry": {"type": "MultiPolygon", "coordinates": [[[[72.17209377, 34.22850916], [72.17204868, 34.22851426], [72.17206106, 34.22858973], [72.17210615, 34.22858462], [72.17209377, 34.22850916]]]]}, "properties": {"id": "8J6J65HC+CR8V", "height": 4.31971549987793, "hmax": 0.0, "ratio": 0.0, "vulnClass": "none"}}, {"type": "Feature", "geometry": {"type": "MultiPolygon", "coordinates": [[[[72.1725544, 34.228545], [72.1725282, 34.2284305], [72.1723283, 34.228462], [72.1723544, 34.2285765], [72.1725544, 34.228545]]]]}, "properties": {"id": "8J6J65HC+CX42", "height": 2.98002815246582, "hmax": 0.0, "ratio": 0.0, "vulnClass": "none"}}, {"type": "Feature", "geometry": {"type": "MultiPolygon", "coordinates": [[[[72.1727741, 34.22844706], [72.17275142, 34.22836577], [72.17256243, 34.22840216], [72.17258511, 34.22848345], [72.1727741, 34.22844706]]]]}, "properties": {"id": "8J6J65HF+937V", "height": 2.599340200424194, "hmax": 0.0, "ratio": 0.0, "vulnClass": "none"}}, {"type": "Feature", "geometry": {"type": "MultiPolygon", "coordinates": [[[[72.17273322, 34.22808144], [72.17269032, 34.22808878], [72.17272523, 34.22822964], [72.17276813, 34.2282223], [72.17273322, 34.22808144]]]]}, "properties": {"id": "8J6J65HF+7397", "height": 4.251058101654053, "hmax": 0.0, "ratio": 0.0, "vulnClass": "none"}}, {"type": "Feature", "geometry": {"type": "MultiPolygon", "coordinates": [[[[72.1731088, 34.228176], [72.1730962, 34.2280574], [72.1727938, 34.2280795], [72.1727989, 34.2281278], [72.1728585, 34.2281234], [72.1728715, 34.228246], [72.1727653, 34.2282538], [72.1727698, 34.2282966], [72.1729389, 34.2282843], [72.1729288, 34.2281892], [72.1731088, 34.228176]]]]}, "properties": {"id": "8J6J65HF+7586", "height": 3.79128885269165, "hmax": 0.0, "ratio": 0.0, "vulnClass": "none"}}, {"type": "Feature", "geometry": {"type": "MultiPolygon", "coordinates": [[[[72.17328116, 34.22812303], [72.17327683, 34.22808416], [72.17315345, 34.22809365], [72.17316597, 34.22820596], [72.17321601, 34.22820211], [72.17320782, 34.22812867], [72.17328116, 34.22812303]]]]}, "properties": {"id": "8J6J65HF+7748", "height": 3.543428182601929, "hmax": 0.0, "ratio": 0.0, "vulnClass": "none"}}, {"type": "Feature", "geometry": {"type": "MultiPolygon", "coordinates": [[[[72.17337296, 34.22827779], [72.17336327, 34.22819079], [72.17316597, 34.22820596], [72.17317566, 34.22829296], [72.17337296, 34.22827779]]]]}, "properties": {"id": "8J6J65HF+78RP", "height": 3.95641565322876, "hmax": 0.0, "ratio": 0.0, "vulnClass": "none"}}, {"type": "Feature", "geometry": {"type": "MultiPolygon", "coordinates": [[[[72.17353947, 34.22773704], [72.17351022, 34.22761796], [72.17343022, 34.22763152], [72.17343622, 34.22765593], [72.17327331, 34.22768354], [72.17329657, 34.22777821], [72.17353947, 34.22773704]]]]}, "properties": {"id": "8J6J65HF+39M2", "height": 4.279901504516602, "hmax": 0.0, "ratio": 0.0, "vulnClass": "none"}}, {"type": "Feature", "geometry": {"type": "MultiPolygon", "coordinates": [[[[72.17353754, 34.2275456], [72.17349925, 34.22755367], [72.17355765, 34.22774476], [72.17359594, 34.22773669], [72.17353754, 34.2275456]]]]}, "properties": {"id": "8J6J65HF+3C3W", "height": 3.272521018981934, "hmax": 0.0, "ratio": 0.0, "vulnClass": "none"}}, {"type": "Feature", "geometry": {"type": "MultiPolygon", "coordinates": [[[[72.17403745, 34.22806556], [72.1738952, 34.22806228], [72.17389396, 34.22809238], [72.17403617, 34.22809643], [72.17403745, 34.22806556]]]]}, "properties": {"id": "8J6J65HF+6HP5", "height": 4.60532808303833, "hmax": 0.0, "ratio": 0.0, "vulnClass": "none"}}, {"type": "Feature", "geometry": {"type": "MultiPolygon", "coordinates": [[[[72.17439341, 34.22804501], [72.17406067, 34.22808173], [72.17409101, 34.2282714], [72.17418944, 34.22826054], [72.17417175, 34.22814994], [72.17440606, 34.22812408], [72.17439341, 34.22804501]]]]}, "properties": {"id": "8J6J65HF+7M48", "height": 6.244060516357422, "hmax": 0.0, "ratio": 0.0, "vulnClass": "none"}}, {"type": "Feature", "geometry": {"type": "MultiPolygon", "coordinates": [[[[72.17449122, 34.22807389], [72.17445602, 34.22807274], [72.17445426, 34.22810983], [72.17448945, 34.22811098], [72.17449122, 34.22807389]]]]}, "properties": {"id": "8J6J65HF+6QQJ", "height": 3.413788080215454, "hmax": 0.0, "ratio": 0.0, "vulnClass": "none"}}, {"type": "Feature", "geometry": {"type": "MultiPolygon", "coordinates": [[[[72.17451775, 34.22807476], [72.17449122, 34.22807389], [72.17448945, 34.22811098], [72.17451599, 34.22811185], [72.17451775, 34.22807476]]]]}, "properties": {"id": "8J6J65HF+6RJJ", "height": 4.934537410736084, "hmax": 0.0, "ratio": 0.0, "vulnClass": "none"}}, {"type": "Feature", "geometry": {"type": "MultiPolygon", "coordinates": [[[[72.17525117, 34.22811845], [72.17519164, 34.22812002], [72.17519491, 34.22820543], [72.17525445, 34.22820386], [72.17525117, 34.22811845]]]]}, "properties": {"id": "8J6J65HG+739C", "height": 3.354844093322754, "hmax": 0.0, "ratio": 0.0, "vulnClass": "none"}}, {"type": "Feature", "geometry": {"type": "MultiPolygon", "coordinates": [[[[72.17515759, 34.22814475], [72.17513567, 34.22814411], [72.17513443, 34.2281735], [72.17515635, 34.22817414], [72.17515759, 34.22814475]]]]}, "properties": {"id": "8J6J65HG+7368", "height": 4.444942474365234, "hmax": 0.0, "ratio": 0.0, "vulnClass": "none"}}, {"type": "Feature", "geometry": {"type": "MultiPolygon", "coordinates": [[[[72.17527026, 34.2283961], [72.1752377, 34.22839476], [72.1752356, 34.2284301], [72.17526816, 34.22843143], [72.17527026, 34.2283961]]]]}, "properties": {"id": "8J6J65HG+946C", "height": 5.006747722625732, "hmax": 0.0, "ratio": 0.0, "vulnClass": "none"}}, {"type": "Feature", "geometry": {"type": "MultiPolygon", "coordinates": [[[[72.17541505, 34.22832932], [72.17521572, 34.22832384], [72.17521337, 34.22838292], [72.1754127, 34.2283884], [72.17541505, 34.22832932]]]]}, "properties": {"id": "8J6J65HG+84W6", "height": 4.257769584655762, "hmax": 0.0, "ratio": 0.0, "vulnClass": "none"}}, {"type": "Feature", "geometry": {"type": "MultiPolygon", "coordinates": [[[[72.17553782, 34.2281253], [72.17541333, 34.22812478], [72.17541302, 34.22817668], [72.17553751, 34.2281772], [72.17553782, 34.2281253]]]]}, "properties": {"id": "8J6J65HG+7592", "height": 4.251750946044922, "hmax": 0.0, "ratio": 0.0, "vulnClass": "none"}}, {"type": "Feature", "geometry": {"type": "MultiPolygon", "coordinates": [[[[72.17529668, 34.22735818], [72.17509613, 34.22733714], [72.17506711, 34.22752793], [72.17512193, 34.22753369], [72.17511822, 34.22755813], [72.17523135, 34.22757], [72.17525712, 34.22740061], [72.17528971, 34.22740403], [72.17529668, 34.22735818]]]]}, "properties": {"id": "8J6J65GG+X3FV", "height": 4.961304664611816, "hmax": 0.0, "ratio": 0.0, "vulnClass": "none"}}, {"type": "Feature", "geometry": {"type": "MultiPolygon", "coordinates": [[[[72.17494509, 34.22743566], [72.17488243, 34.22742999], [72.17486674, 34.22754956], [72.1749294, 34.22755523], [72.17494509, 34.22743566]]]]}, "properties": {"id": "8J6J65GF+XXRQ", "height": 2.561529159545898, "hmax": 0.0, "ratio": 0.0, "vulnClass": "none"}}, {"type": "Feature", "geometry": {"type": "MultiPolygon", "coordinates": [[[[72.17506411, 34.22752332], [72.17493512, 34.22751165], [72.1749294, 34.22755523], [72.17486674, 34.22754956], [72.17483561, 34.2277869], [72.17502725, 34.22780425], [72.17506411, 34.22752332]]]]}, "properties": {"id": "8J6J65HF+3X8F", "height": 2.688760280609131, "hmax": 0.0, "ratio": 0.0, "vulnClass": "none"}}, {"type": "Feature", "geometry": {"type": "MultiPolygon", "coordinates": [[[[72.17480539, 34.22712845], [72.17468863, 34.22712076], [72.17467825, 34.22722946], [72.1748808, 34.22724281], [72.17488449, 34.22720413], [72.1747987, 34.22719847], [72.17480539, 34.22712845]]]]}, "properties": {"id": "8J6J65GF+VWCF", "height": 3.703338384628296, "hmax": 0.0, "ratio": 0.0, "vulnClass": "none"}}, {"type": "Feature", "geometry": {"type": "MultiPolygon", "coordinates": [[[[72.17534182, 34.22663743], [72.17518298, 34.22663028], [72.17516678, 34.22687836], [72.17532561, 34.22688552], [72.17533082, 34.22680583], [72.17535929, 34.22680712], [72.1753658, 34.22670745], [72.17533733, 34.22670617], [72.17534182, 34.22663743]]]]}, "properties": {"id": "8J6J65GG+P427", "height": 4.337638854980469, "hmax": 0.0, "ratio": 0.0, "vulnClass": "none"}}, {"type": "Feature", "geometry": {"type": "MultiPolygon", "coordinates": [[[[72.17552983, 34.22662113], [72.17547305, 34.22661982], [72.17547231, 34.22664196], [72.1755291, 34.22664327], [72.17552983, 34.22662113]]]]}, "properties": {"id": "8J6J65GG+M626", "height": 4.161504745483398, "hmax": 0.0, "ratio": 0.0, "vulnClass": "none"}}, {"type": "Feature", "geometry": {"type": "MultiPolygon", "coordinates": [[[[72.17570165, 34.22663108], [72.17562329, 34.22662636], [72.17561915, 34.22667394], [72.17569751, 34.22667866], [72.17570165, 34.22663108]]]]}, "properties": {"id": "8J6J65GG+M772", "height": 4.183825016021729, "hmax": 0.0, "ratio": 0.0, "vulnClass": "none"}}, {"type": "Feature", "geometry": {"type": "MultiPolygon", "coordinates": [[[[72.17579441, 34.22656857], [72.17573633, 34.22686014], [72.17578783, 34.22686722], [72.17582969, 34.22665708], [72.17606623, 34.22668959], [72.17607492, 34.22664596], [72.17621958, 34.22666584], [72.17622711, 34.22662804], [72.17579441, 34.22656857]]]]}, "properties": {"id": "8J6J65GG+M97M", "height": 2.489157199859619, "hmax": 0.0, "ratio": 0.0, "vulnClass": "none"}}, {"type": "Feature", "geometry": {"type": "MultiPolygon", "coordinates": [[[[72.17620909, 34.22681804], [72.17603831, 34.22679911], [72.17602633, 34.22687362], [72.17614272, 34.22688652], [72.17613398, 34.2269409], [72.17618838, 34.22694694], [72.17620909, 34.22681804]]]]}, "properties": {"id": "8J6J65GG+PFR6", "height": 2.554300308227539, "hmax": 0.0, "ratio": 0.0, "vulnClass": "none"}}, {"type": "Feature", "geometry": {"type": "MultiPolygon", "coordinates": [[[[72.17639535, 34.22751544], [72.17630523, 34.22750494], [72.17627904, 34.22766], [72.17636915, 34.22767051], [72.17639535, 34.22751544]]]]}, "properties": {"id": "8J6J65HG+2GPH", "height": 3.021629571914673, "hmax": 0.0, "ratio": 0.0, "vulnClass": "none"}}, {"type": "Feature", "geometry": {"type": "MultiPolygon", "coordinates": [[[[72.17776366, 34.22758112], [72.17776722, 34.22750622], [72.17758505, 34.22750024], [72.17758149, 34.22757515], [72.17776366, 34.22758112]]]]}, "properties": {"id": "8J6J65HH+237P", "height": 3.271554946899414, "hmax": 0.0, "ratio": 0.0, "vulnClass": "none"}}, {"type": "Feature", "geometry": {"type": "MultiPolygon", "coordinates": [[[[72.17737819, 34.22719702], [72.17734719, 34.22719405], [72.17734291, 34.22722489], [72.17737391, 34.22722786], [72.17737819, 34.22719702]]]]}, "properties": {"id": "8J6J65GG+VWQG", "height": 4.266472816467285, "hmax": 0.0, "ratio": 0.0, "vulnClass": "none"}}, {"type": "Feature", "geometry": {"type": "MultiPolygon", "coordinates": [[[[72.17739333, 34.22691054], [72.17738584, 34.22685877], [72.1772408, 34.22687326], [72.17728299, 34.22716475], [72.17747767, 34.22714531], [72.17745172, 34.22696598], [72.17737217, 34.22697392], [72.17736343, 34.22691352], [72.17739333, 34.22691054]]]]}, "properties": {"id": "8J6J65GG+RW5V", "height": 5.766963005065918, "hmax": 0.0, "ratio": 0.0, "vulnClass": "none"}}, {"type": "Feature", "geometry": {"type": "MultiPolygon", "coordinates": [[[[72.17913336, 34.22691803], [72.17914451, 34.22680658], [72.17911231, 34.22680436], [72.17910581, 34.22686932], [72.17907655, 34.2268673], [72.1790719, 34.22691379], [72.17913336, 34.22691803]]]]}, "properties": {"id": "8J6J65GH+PJXP", "height": 2.663613796234131, "hmax": 0.0, "ratio": 0.0, "vulnClass": "none"}}, {"type": "Feature", "geometry": {"type": "MultiPolygon", "coordinates": [[[[72.17929545, 34.22665943], [72.17915424, 34.2266624], [72.17915669, 34.22674276], [72.1792979, 34.22673978], [72.17929545, 34.22665943]]]]}, "properties": {"id": "8J6J65GH+MMQ2", "height": 2.585513830184937, "hmax": 0.0, "ratio": 0.0, "vulnClass": "none"}}, {"type": "Feature", "geometry": {"type": "MultiPolygon", "coordinates": [[[[72.17915028, 34.22674662], [72.17914802, 34.22667201], [72.17899856, 34.22667513], [72.17900082, 34.22674975], [72.17915028, 34.22674662]]]]}, "properties": {"id": "8J6J65GH+MJPF", "height": 2.871501445770264, "hmax": 0.0, "ratio": 0.0, "vulnClass": "none"}}, {"type": "Feature", "geometry": {"type": "MultiPolygon", "coordinates": [[[[72.17964413, 34.22676112], [72.17953786, 34.22675343], [72.17953191, 34.2268102], [72.17957393, 34.22681325], [72.17956467, 34.22690155], [72.17950593, 34.2268973], [72.17949852, 34.22696788], [72.17957341, 34.2269733], [72.1795765, 34.2269438], [72.1796246, 34.22694728], [72.17964413, 34.22676112]]]]}, "properties": {"id": "8J6J65GH+PRWG", "height": 2.677772045135498, "hmax": 0.0, "ratio": 0.0, "vulnClass": "none"}}, {"type": "Feature", "geometry": {"type": "MultiPolygon", "coordinates": [[[[72.17952114, 34.22675222], [72.17944716, 34.22674687], [72.17943865, 34.22682802], [72.17951263, 34.22683337], [72.17952114, 34.22675222]]]]}, "properties": {"id": "8J6J65GH+PQ9M", "height": 2.64289402961731, "hmax": 0.0, "ratio": 0.0, "vulnClass": "none"}}, {"type": "Feature", "geometry": {"type": "MultiPolygon", "coordinates": [[[[72.17940806, 34.22696044], [72.17942951, 34.22674602], [72.1793631, 34.22674144], [72.17935513, 34.22682112], [72.17938965, 34.2268235], [72.17938315, 34.22688846], [72.1792948, 34.22688236], [72.17928782, 34.22695214], [72.17940806, 34.22696044]]]]}, "properties": {"id": "8J6J65GH+PPXQ", "height": 3.479976177215576, "hmax": 0.0, "ratio": 0.0, "vulnClass": "none"}}, {"type": "Feature", "geometry": {"type": "MultiPolygon", "coordinates": [[[[72.17925563, 34.22674941], [72.17921616, 34.22674786], [72.17921266, 34.22680938], [72.17925213, 34.22681093], [72.17925563, 34.22674941]]]]}, "properties": {"id": "8J6J65GH+PM93", "height": 2.561101675033569, "hmax": 0.0, "ratio": 0.0, "vulnClass": "none"}}, {"type": "Feature", "geometry": {"type": "MultiPolygon", "coordinates": [[[[72.17950065, 34.22697132], [72.1794991, 34.22690115], [72.17942041, 34.22690242], [72.17942195, 34.22697251], [72.17950065, 34.22697132]]]]}, "properties": {"id": "8J6J65GH+QQGG", "height": 3.479976177215576, "hmax": 0.0, "ratio": 0.0, "vulnClass": "none"}}, {"type": "Feature", "geometry": {"type": "MultiPolygon", "coordinates": [[[[72.17952651, 34.22685978], [72.17949277, 34.22685745], [72.17948894, 34.22689576], [72.17952268, 34.22689809], [72.17952651, 34.22685978]]]]}, "properties": {"id": "8J6J65GH+QR22", "height": 2.714057683944702, "hmax": 0.0, "ratio": 0.0, "vulnClass": "none"}}, {"type": "Feature", "geometry": {"type": "MultiPolygon", "coordinates": [[[[72.17958095, 34.22696669], [72.17951087, 34.226968], [72.17951191, 34.22700623], [72.17958199, 34.22700492], [72.17958095, 34.22696669]]]]}, "properties": {"id": "8J6J65GH+QRVF", "height": 2.677772045135498, "hmax": 0.0, "ratio": 0.0, "vulnClass": "none"}}, {"type": "Feature", "geometry": {"type": "MultiPolygon", "coordinates": [[[[72.1795521, 34.2271761], [72.17957, 34.2270054], [72.1795119, 34.2270012], [72.1795021, 34.2270941], [72.1794854, 34.2270929], [72.1794773, 34.2271707], [72.1795521, 34.2271761]]]]}, "properties": {"id": "8J6J65GH+RRJQ", "height": 2.620768547058105, "hmax": 0.0, "ratio": 0.0, "vulnClass": "none"}}, {"type": "Feature", "geometry": {"type": "MultiPolygon", "coordinates": [[[[72.17947522, 34.22698046], [72.17937846, 34.22697401], [72.17937242, 34.22703654], [72.17946918, 34.22704299], [72.17947522, 34.22698046]]]]}, "properties": {"id": "8J6J65GH+RQ38", "height": 3.402755498886108, "hmax": 0.0, "ratio": 0.0, "vulnClass": "none"}}, {"type": "Feature", "geometry": {"type": "MultiPolygon", "coordinates": [[[[72.1793085, 34.22698498], [72.1792293, 34.2269797], [72.17922218, 34.22705341], [72.17931631, 34.22705968], [72.17931889, 34.22703298], [72.17930396, 34.22703198], [72.1793085, 34.22698498]]]]}, "properties": {"id": "8J6J65GH+RP2W", "height": 2.901290655136108, "hmax": 0.0, "ratio": 0.0, "vulnClass": "none"}}, {"type": "Feature", "geometry": {"type": "MultiPolygon", "coordinates": [[[[72.17907351, 34.22698652], [72.17901647, 34.22698184], [72.17901073, 34.22703012], [72.17906777, 34.2270348], [72.17907351, 34.22698652]]]]}, "properties": {"id": "8J6J65GH+RJ37", "height": 2.537199258804321, "hmax": 0.0, "ratio": 0.0, "vulnClass": "none"}}, {"type": "Feature", "geometry": {"type": "MultiPolygon", "coordinates": [[[[72.17929015, 34.22692885], [72.17910116, 34.22691581], [72.17909646, 34.22696271], [72.17928546, 34.22697576], [72.17929015, 34.22692885]]]]}, "properties": {"id": "8J6J65GH+QMGR", "height": 2.923527240753174, "hmax": 0.0, "ratio": 0.0, "vulnClass": "none"}}, {"type": "Feature", "geometry": {"type": "MultiPolygon", "coordinates": [[[[72.17908642, 34.22690763], [72.1789528, 34.22691013], [72.17895463, 34.22697779], [72.17908811, 34.22697535], [72.17908642, 34.22690763]]]]}, "properties": {"id": "8J6J65GH+QJCP", "height": 2.822922945022583, "hmax": 0.0, "ratio": 0.0, "vulnClass": "none"}}, {"type": "Feature", "geometry": {"type": "MultiPolygon", "coordinates": [[[[72.17901353, 34.22698632], [72.17894329, 34.22698164], [72.17892607, 34.22715986], [72.17907967, 34.2271701], [72.17908455, 34.22711957], [72.1790012, 34.22711401], [72.17901353, 34.22698632]]]]}, "properties": {"id": "8J6J65GH+RHQP", "height": 3.039806127548218, "hmax": 0.0, "ratio": 0.0, "vulnClass": "none"}}, {"type": "Feature", "geometry": {"type": "MultiPolygon", "coordinates": [[[[72.17888252, 34.22716104], [72.17884192, 34.22715809], [72.17883809, 34.22719436], [72.17887869, 34.22719732], [72.17888252, 34.22716104]]]]}, "properties": {"id": "8J6J65GH+VGH4", "height": 2.74468994140625, "hmax": 0.0, "ratio": 0.0, "vulnClass": "none"}}, {"type": "Feature", "geometry": {"type": "MultiPolygon", "coordinates": [[[[72.17902162, 34.22728023], [72.17889045, 34.22726967], [72.1788841, 34.22732412], [72.17901527, 34.22733468], [72.17902162, 34.22728023]]]]}, "properties": {"id": "8J6J65GH+WHG3", "height": 2.658496379852295, "hmax": 0.0, "ratio": 0.0, "vulnClass": "none"}}, {"type": "Feature", "geometry": {"type": "MultiPolygon", "coordinates": [[[[72.17887869, 34.22719732], [72.17883809, 34.22719436], [72.17883609, 34.22721334], [72.17887669, 34.2272163], [72.17887869, 34.22719732]]]]}, "properties": {"id": "8J6J65GH+VGQ7", "height": 2.74468994140625, "hmax": 0.0, "ratio": 0.0, "vulnClass": "none"}}, {"type": "Feature", "geometry": {"type": "MultiPolygon", "coordinates": [[[[72.17908422, 34.22718077], [72.17900159, 34.22717409], [72.17899582, 34.22722329], [72.17905138, 34.22722778], [72.17904954, 34.22724344], [72.17907661, 34.22724563], [72.17908422, 34.22718077]]]]}, "properties": {"id": "8J6J65GH+VJM7", "height": 3.230360984802246, "hmax": 0.0, "ratio": 0.0, "vulnClass": "none"}}, {"type": "Feature", "geometry": {"type": "MultiPolygon", "coordinates": [[[[72.17906589, 34.22728379], [72.17902162, 34.22728023], [72.17901527, 34.22733468], [72.17916108, 34.22734642], [72.17916743, 34.22729197], [72.17913327, 34.22728922], [72.17913484, 34.22727578], [72.17906746, 34.22727036], [72.17906589, 34.22728379]]]]}, "properties": {"id": "8J6J65GH+WJG9", "height": 3.65886116027832, "hmax": 0.0, "ratio": 0.0, "vulnClass": "none"}}, {"type": "Feature", "geometry": {"type": "MultiPolygon", "coordinates": [[[[72.179169, 34.22727853], [72.17917667, 34.22721275], [72.17914251, 34.22721], [72.17913484, 34.22727578], [72.179169, 34.22727853]]]]}, "properties": {"id": "8J6J65GH+VMRQ", "height": 3.65886116027832, "hmax": 0.0, "ratio": 0.0, "vulnClass": "none"}}, {"type": "Feature", "geometry": {"type": "MultiPolygon", "coordinates": [[[[72.17918317, 34.22717511], [72.17908243, 34.22717709], [72.17908333, 34.22720853], [72.17918407, 34.227207], [72.17918317, 34.22717511]]]]}, "properties": {"id": "8J6J65GH+VMCM", "height": 2.790291309356689, "hmax": 0.0, "ratio": 0.0, "vulnClass": "none"}}, {"type": "Feature", "geometry": {"type": "MultiPolygon", "coordinates": [[[[72.17937949, 34.22706363], [72.17930216, 34.2270574], [72.17929355, 34.22713112], [72.17932376, 34.22713356], [72.17932082, 34.22715875], [72.17936795, 34.22716255], [72.17937949, 34.22706363]]]]}, "properties": {"id": "8J6J65GH+RPW9", "height": 2.981789350509644, "hmax": 0.0, "ratio": 0.0, "vulnClass": "none"}}, {"type": "Feature", "geometry": {"type": "MultiPolygon", "coordinates": [[[[72.17942029, 34.22717494], [72.17937489, 34.22717121], [72.17936827, 34.22722695], [72.1793801, 34.22722792], [72.17937627, 34.2272602], [72.17940983, 34.22726295], [72.17942029, 34.22717494]]]]}, "properties": {"id": "8J6J65GH+VQJG", "height": 2.960720062255859, "hmax": 0.0, "ratio": 0.0, "vulnClass": "none"}}, {"type": "Feature", "geometry": {"type": "MultiPolygon", "coordinates": [[[[72.1794673, 34.2271639], [72.1794661, 34.2270857], [72.1793816, 34.2270866], [72.1793828, 34.2271648], [72.1794673, 34.2271639]]]]}, "properties": {"id": "8J6J65GH+VQ34", "height": 2.954678058624268, "hmax": 0.0, "ratio": 0.0, "vulnClass": "none"}}, {"type": "Feature", "geometry": {"type": "MultiPolygon", "coordinates": [[[[72.17953066, 34.22723844], [72.17949817, 34.2272337], [72.1794902, 34.22727136], [72.17952269, 34.2272761], [72.17953066, 34.22723844]]]]}, "properties": {"id": "8J6J65GH+WR23", "height": 3.378978729248047, "hmax": 0.0, "ratio": 0.0, "vulnClass": "none"}}, {"type": "Feature", "geometry": {"type": "MultiPolygon", "coordinates": [[[[72.17963076, 34.22718225], [72.1795357, 34.22717567], [72.17951595, 34.22737236], [72.17969033, 34.22738444], [72.17969642, 34.22732383], [72.17961709, 34.22731833], [72.17963076, 34.22718225]]]]}, "properties": {"id": "8J6J65GH+WR8Q", "height": 4.127533912658691, "hmax": 0.0, "ratio": 0.0, "vulnClass": "none"}}, {"type": "Feature", "geometry": {"type": "MultiPolygon", "coordinates": [[[[72.17952359, 34.22728061], [72.17940394, 34.22727098], [72.17939296, 34.22736509], [72.17951261, 34.22737472], [72.17952359, 34.22728061]]]]}, "properties": {"id": "8J6J65GH+WQGW", "height": 3.576907634735107, "hmax": 0.0, "ratio": 0.0, "vulnClass": "none"}}, {"type": "Feature", "geometry": {"type": "MultiPolygon", "coordinates": [[[[72.17936719, 34.22718206], [72.17933725, 34.22718073], [72.17933483, 34.22721836], [72.17936478, 34.22721969], [72.17936719, 34.22718206]]]]}, "properties": {"id": "8J6J65GH+VPQ2", "height": 3.265865802764893, "hmax": 0.0, "ratio": 0.0, "vulnClass": "none"}}, {"type": "Feature", "geometry": {"type": "MultiPolygon", "coordinates": [[[[72.17929873, 34.22718107], [72.17920113, 34.22717882], [72.17919979, 34.22721912], [72.17929739, 34.22722137], [72.17929873, 34.22718107]]]]}, "properties": {"id": "8J6J65GH+VMQ5", "height": 3.103371620178223, "hmax": 0.0, "ratio": 0.0, "vulnClass": "none"}}, {"type": "Feature", "geometry": {"type": "MultiPolygon", "coordinates": [[[[72.17940088, 34.2272972], [72.17927536, 34.2272871], [72.17926743, 34.22735498], [72.17939296, 34.22736509], [72.17940088, 34.2272972]]]]}, "properties": {"id": "8J6J65GH+WPP4", "height": 3.200600147247314, "hmax": 0.0, "ratio": 0.0, "vulnClass": "none"}}, {"type": "Feature", "geometry": {"type": "MultiPolygon", "coordinates": [[[[72.1793905, 34.22738611], [72.17926498, 34.22737601], [72.17926119, 34.22740851], [72.17938671, 34.22741861], [72.1793905, 34.22738611]]]]}, "properties": {"id": "8J6J65GH+XP4V", "height": 2.73858904838562, "hmax": 0.0, "ratio": 0.0, "vulnClass": "none"}}, {"type": "Feature", "geometry": {"type": "MultiPolygon", "coordinates": [[[[72.17982287, 34.2274169], [72.179672, 34.22740313], [72.17966744, 34.22743763], [72.17981831, 34.2274514], [72.17982287, 34.2274169]]]]}, "properties": {"id": "8J6J65GH+XVH5", "height": 2.941311359405518, "hmax": 0.0, "ratio": 0.0, "vulnClass": "none"}}, {"type": "Feature", "geometry": {"type": "MultiPolygon", "coordinates": [[[[72.17956821, 34.22739888], [72.1795289, 34.22739797], [72.17952735, 34.22744454], [72.17956666, 34.22744545], [72.17956821, 34.22739888]]]]}, "properties": {"id": "8J6J65GH+XR7W", "height": 3.125820159912109, "hmax": 0.0, "ratio": 0.0, "vulnClass": "none"}}, {"type": "Feature", "geometry": {"type": "MultiPolygon", "coordinates": [[[[72.17952693, 34.2273899], [72.17948405, 34.22738598], [72.17947574, 34.22744881], [72.17951862, 34.22745272], [72.17952693, 34.2273899]]]]}, "properties": {"id": "8J6J65GH+XR6J", "height": 2.888213396072388, "hmax": 0.0, "ratio": 0.0, "vulnClass": "none"}}, {"type": "Feature", "geometry": {"type": "MultiPolygon", "coordinates": [[[[72.17979739, 34.22760954], [72.17981708, 34.2274607], [72.17977462, 34.22745682], [72.17976414, 34.22753606], [72.17951066, 34.22751293], [72.17950145, 34.22758253], [72.17979739, 34.22760954]]]]}, "properties": {"id": "8J6J65HH+2VF4", "height": 3.337998867034912, "hmax": 0.0, "ratio": 0.0, "vulnClass": "none"}}, {"type": "Feature", "geometry": {"type": "MultiPolygon", "coordinates": [[[[72.17951283, 34.22750052], [72.17937842, 34.2274897], [72.17936886, 34.22757158], [72.17950328, 34.2275824], [72.17951283, 34.22750052]]]]}, "properties": {"id": "8J6J65HH+2Q8C", "height": 3.337998867034912, "hmax": 0.0, "ratio": 0.0, "vulnClass": "none"}}, {"type": "Feature", "geometry": {"type": "MultiPolygon", "coordinates": [[[[72.17938242, 34.22745539], [72.17933424, 34.22745151], [72.17933023, 34.22748583], [72.17937842, 34.2274897], [72.17938242, 34.22745539]]]]}, "properties": {"id": "8J6J65GH+XPQV", "height": 2.533979654312134, "hmax": 0.0, "ratio": 0.0, "vulnClass": "none"}}, {"type": "Feature", "geometry": {"type": "MultiPolygon", "coordinates": [[[[72.17905575, 34.22742359], [72.17900861, 34.22741977], [72.17899398, 34.22754458], [72.17912324, 34.22755504], [72.17913051, 34.22749302], [72.17904839, 34.22748638], [72.17905575, 34.22742359]]]]}, "properties": {"id": "8J6J65HH+2J34", "height": 3.566015005111694, "hmax": 0.0, "ratio": 0.0, "vulnClass": "none"}}, {"type": "Feature", "geometry": {"type": "MultiPolygon", "coordinates": [[[[72.17926694, 34.22744067], [72.17913787, 34.22743023], [72.17913293, 34.22747242], [72.17926199, 34.22748286], [72.17926694, 34.22744067]]]]}, "properties": {"id": "8J6J65GH+XMP7", "height": 3.033514261245728, "hmax": 0.0, "ratio": 0.0, "vulnClass": "none"}}, {"type": "Feature", "geometry": {"type": "MultiPolygon", "coordinates": [[[[72.17922736, 34.2274128], [72.17913129, 34.22739001], [72.17912074, 34.2274207], [72.17921681, 34.22744348], [72.17922736, 34.2274128]]]]}, "properties": {"id": "8J6J65GH+XM7P", "height": 2.578725337982178, "hmax": 0.0, "ratio": 0.0, "vulnClass": "none"}}, {"type": "Feature", "geometry": {"type": "MultiPolygon", "coordinates": [[[[72.1792815, 34.22731382], [72.1791669, 34.22730442], [72.17916192, 34.2273463], [72.17927652, 34.2273557], [72.1792815, 34.22731382]]]]}, "properties": {"id": "8J6J65GH+WMQ6", "height": 3.505926609039307, "hmax": 0.0, "ratio": 0.0, "vulnClass": "none"}}, {"type": "Feature", "geometry": {"type": "MultiPolygon", "coordinates": [[[[72.17905575, 34.22742359], [72.17906456, 34.22734838], [72.17901743, 34.22734457], [72.17900861, 34.22741977], [72.17905575, 34.22742359]]]]}, "properties": {"id": "8J6J65GH+XJ36", "height": 3.798877477645874, "hmax": 0.0, "ratio": 0.0, "vulnClass": "none"}}, {"type": "Feature", "geometry": {"type": "MultiPolygon", "coordinates": [[[[72.17901282, 34.22735571], [72.17894257, 34.22735005], [72.1789366, 34.22740122], [72.17900685, 34.22740688], [72.17901282, 34.22735571]]]]}, "properties": {"id": "8J6J65GH+XH52", "height": 3.798877477645874, "hmax": 0.0, "ratio": 0.0, "vulnClass": "none"}}, {"type": "Feature", "geometry": {"type": "MultiPolygon", "coordinates": [[[[72.17900125, 34.22748257], [72.17886911, 34.22747188], [72.17886051, 34.22754517], [72.1789298, 34.22755077], [72.17892577, 34.22758508], [72.17906276, 34.22759616], [72.17906811, 34.22755058], [72.17899398, 34.22754458], [72.17900125, 34.22748257]]]]}, "properties": {"id": "8J6J65HH+2H88", "height": 4.42167329788208, "hmax": 0.0, "ratio": 0.0, "vulnClass": "none"}}, {"type": "Feature", "geometry": {"type": "MultiPolygon", "coordinates": [[[[72.1788083, 34.2275959], [72.178817, 34.2275412], [72.1787041, 34.2275289], [72.1786955, 34.2275836], [72.1788083, 34.2275959]]]]}, "properties": {"id": "8J6J65HH+2GCC", "height": 4.333660125732422, "hmax": 0.0, "ratio": 0.0, "vulnClass": "none"}}, {"type": "Feature", "geometry": {"type": "MultiPolygon", "coordinates": [[[[72.17836341, 34.22753158], [72.17833044, 34.22752918], [72.17832068, 34.22762164], [72.17846265, 34.22763198], [72.17846705, 34.22759033], [72.17835805, 34.22758239], [72.17836341, 34.22753158]]]]}, "properties": {"id": "8J6J65HH+29JM", "height": 2.832208156585693, "hmax": 0.0, "ratio": 0.0, "vulnClass": "none"}}, {"type": "Feature", "geometry": {"type": "MultiPolygon", "coordinates": [[[[72.17884391, 34.22742012], [72.17871578, 34.22740998], [72.17870479, 34.22750579], [72.17877041, 34.22751098], [72.17876811, 34.22753105], [72.17883062, 34.22753599], [72.17884391, 34.22742012]]]]}, "properties": {"id": "8J6J65GH+XGJQ", "height": 3.144237995147705, "hmax": 0.0, "ratio": 0.0, "vulnClass": "none"}}, {"type": "Feature", "geometry": {"type": "MultiPolygon", "coordinates": [[[[72.17878909, 34.22715424], [72.17864952, 34.22714408], [72.17863847, 34.22724883], [72.17887146, 34.22726579], [72.17887472, 34.22723494], [72.17879881, 34.22722942], [72.17880078, 34.22721077], [72.17878325, 34.2272095], [72.17878909, 34.22715424]]]]}, "properties": {"id": "8J6J65GH+VFQ7", "height": 2.675706624984741, "hmax": 0.0, "ratio": 0.0, "vulnClass": "none"}}, {"type": "Feature", "geometry": {"type": "MultiPolygon", "coordinates": [[[[72.1781337, 34.2274792], [72.1781144, 34.2276499], [72.1782359, 34.2276594], [72.1782314, 34.2276992], [72.1782728, 34.2277024], [72.178283, 34.2276118], [72.1782123, 34.2276063], [72.1782211, 34.2275278], [72.1782919, 34.2275333], [72.1782965, 34.2274919], [72.1781337, 34.2274792]]]]}, "properties": {"id": "8J6J65HH+27P3", "height": 2.871963977813721, "hmax": 0.0, "ratio": 0.0, "vulnClass": "none"}}, {"type": "Feature", "geometry": {"type": "MultiPolygon", "coordinates": [[[[72.1782359, 34.22765938], [72.17811441, 34.22764992], [72.17810397, 34.22774235], [72.17819609, 34.22774952], [72.17820202, 34.22769693], [72.1782314, 34.22769922], [72.1782359, 34.22765938]]]]}, "properties": {"id": "8J6J65HH+37FR", "height": 2.894688367843628, "hmax": 0.0, "ratio": 0.0, "vulnClass": "none"}}, {"type": "Feature", "geometry": {"type": "MultiPolygon", "coordinates": [[[[72.17824132, 34.22775282], [72.17814361, 34.22774596], [72.17814113, 34.22777031], [72.17821087, 34.22777521], [72.17820722, 34.22781106], [72.1782352, 34.22781302], [72.17824132, 34.22775282]]]]}, "properties": {"id": "8J6J65HH+474V", "height": 3.062966346740723, "hmax": 0.0, "ratio": 0.0, "vulnClass": "none"}}, {"type": "Feature", "geometry": {"type": "MultiPolygon", "coordinates": [[[[72.17813525, 34.22786087], [72.17808142, 34.22785627], [72.17806914, 34.22795538], [72.17814648, 34.22796199], [72.17814888, 34.22794266], [72.17812536, 34.22794065], [72.17813525, 34.22786087]]]]}, "properties": {"id": "8J6J65HH+569F", "height": 2.563401699066162, "hmax": 0.0, "ratio": 0.0, "vulnClass": "none"}}, {"type": "Feature", "geometry": {"type": "MultiPolygon", "coordinates": [[[[72.17814095, 34.22780655], [72.17807962, 34.22780178], [72.17807419, 34.22784982], [72.17813552, 34.2278546], [72.17814095, 34.22780655]]]]}, "properties": {"id": "8J6J65HH+46Q3", "height": 3.033944606781006, "hmax": 0.0, "ratio": 0.0, "vulnClass": "none"}}, {"type": "Feature", "geometry": {"type": "MultiPolygon", "coordinates": [[[[72.17824672, 34.22781474], [72.17820291, 34.22781099], [72.17819272, 34.22789323], [72.17823653, 34.22789697], [72.17824672, 34.22781474]]]]}, "properties": {"id": "8J6J65HH+47X2", "height": 3.122863531112671, "hmax": 0.0, "ratio": 0.0, "vulnClass": "none"}}, {"type": "Feature", "geometry": {"type": "MultiPolygon", "coordinates": [[[[72.1783882, 34.22782114], [72.17826373, 34.22781208], [72.17824753, 34.22796559], [72.17839635, 34.22797643], [72.17840382, 34.22790567], [72.17837947, 34.2279039], [72.1783882, 34.22782114]]]]}, "properties": {"id": "8J6J65HH+584V", "height": 3.243145227432251, "hmax": 0.0, "ratio": 0.0, "vulnClass": "none"}}, {"type": "Feature", "geometry": {"type": "MultiPolygon", "coordinates": [[[[72.17844799, 34.22779022], [72.17842456, 34.22778625], [72.17841395, 34.22782951], [72.17843738, 34.22783347], [72.17844799, 34.22779022]]]]}, "properties": {"id": "8J6J65HH+49F9", "height": 2.621996879577637, "hmax": 0.0, "ratio": 0.0, "vulnClass": "none"}}, {"type": "Feature", "geometry": {"type": "MultiPolygon", "coordinates": [[[[72.17847586, 34.22781833], [72.17845743, 34.22781701], [72.17845467, 34.22784365], [72.17847311, 34.22784497], [72.17847586, 34.22781833]]]]}, "properties": {"id": "8J6J65HH+49P9", "height": 2.817476749420166, "hmax": 0.0, "ratio": 0.0, "vulnClass": "none"}}, {"type": "Feature", "geometry": {"type": "MultiPolygon", "coordinates": [[[[72.17854516, 34.22791979], [72.17840342, 34.22790946], [72.17839635, 34.22797643], [72.17848162, 34.22798264], [72.17847833, 34.22801383], [72.1785348, 34.22801795], [72.17854516, 34.22791979]]]]}, "properties": {"id": "8J6J65HH+59Q7", "height": 3.400166273117065, "hmax": 0.0, "ratio": 0.0, "vulnClass": "none"}}, {"type": "Feature", "geometry": {"type": "MultiPolygon", "coordinates": [[[[72.17860416, 34.2279663], [72.17854984, 34.22796242], [72.17854311, 34.22802738], [72.17859744, 34.22803126], [72.17860416, 34.2279663]]]]}, "properties": {"id": "8J6J65HH+5CWV", "height": 3.251891851425171, "hmax": 0.0, "ratio": 0.0, "vulnClass": "none"}}, {"type": "Feature", "geometry": {"type": "MultiPolygon", "coordinates": [[[[72.17868541, 34.22795897], [72.17860564, 34.22795906], [72.17860572, 34.22800844], [72.17868549, 34.22800835], [72.17868541, 34.22795897]]]]}, "properties": {"id": "8J6J65HH+5FR8", "height": 3.339370965957642, "hmax": 0.0, "ratio": 0.0, "vulnClass": "none"}}, {"type": "Feature", "geometry": {"type": "MultiPolygon", "coordinates": [[[[72.17874183, 34.22793411], [72.17869116, 34.22793042], [72.17868808, 34.22795959], [72.17873875, 34.22796328], [72.17874183, 34.22793411]]]]}, "properties": {"id": "8J6J65HH+5FGX", "height": 2.905978679656982, "hmax": 0.0, "ratio": 0.0, "vulnClass": "none"}}, {"type": "Feature", "geometry": {"type": "MultiPolygon", "coordinates": [[[[72.17872115, 34.22779793], [72.17861078, 34.22778989], [72.17860781, 34.2278181], [72.17871817, 34.22782614], [72.17872115, 34.22779793]]]]}, "properties": {"id": "8J6J65HH+4FF7", "height": 3.590960025787354, "hmax": 0.0, "ratio": 0.0, "vulnClass": "none"}}, {"type": "Feature", "geometry": {"type": "MultiPolygon", "coordinates": [[[[72.17860108, 34.22796651], [72.17862882, 34.22772173], [72.17857051, 34.22771717], [72.17854277, 34.22796195], [72.17860108, 34.22796651]]]]}, "properties": {"id": "8J6J65HH+4CPP", "height": 4.078913688659668, "hmax": 0.0, "ratio": 0.0, "vulnClass": "none"}}, {"type": "Feature", "geometry": {"type": "MultiPolygon", "coordinates": [[[[72.17857051, 34.22771717], [72.17841631, 34.22770511], [72.17840814, 34.22777722], [72.17856234, 34.22778928], [72.17857051, 34.22771717]]]]}, "properties": {"id": "8J6J65HH+39XW", "height": 3.191745281219482, "hmax": 0.0, "ratio": 0.0, "vulnClass": "none"}}, {"type": "Feature", "geometry": {"type": "MultiPolygon", "coordinates": [[[[72.1787894, 34.22765577], [72.17846265, 34.22763198], [72.17845541, 34.22770058], [72.17878216, 34.22772437], [72.1787894, 34.22765577]]]]}, "properties": {"id": "8J6J65HH+3CH5", "height": 2.685104370117188, "hmax": 0.0, "ratio": 0.0, "vulnClass": "none"}}, {"type": "Feature", "geometry": {"type": "MultiPolygon", "coordinates": [[[[72.17846265, 34.22763198], [72.17837859, 34.22762586], [72.17837135, 34.22769446], [72.17845541, 34.22770058], [72.17846265, 34.22763198]]]]}, "properties": {"id": "8J6J65HH+397F", "height": 2.539834022521973, "hmax": 0.0, "ratio": 0.0, "vulnClass": "none"}}, {"type": "Feature", "geometry": {"type": "MultiPolygon", "coordinates": [[[[72.17835365, 34.22762404], [72.17830283, 34.22762034], [72.17829559, 34.22768894], [72.17834641, 34.22769264], [72.17835365, 34.22762404]]]]}, "properties": {"id": "8J6J65HH+3887", "height": 2.832208156585693, "hmax": 0.0, "ratio": 0.0, "vulnClass": "none"}}, {"type": "Feature", "geometry": {"type": "MultiPolygon", "coordinates": [[[[72.17828854, 34.22755096], [72.1782614, 34.22754941], [72.1782596, 34.22757109], [72.17828674, 34.22757265], [72.17828854, 34.22755096]]]]}, "properties": {"id": "8J6J65HH+28CH", "height": 3.356357336044312, "hmax": 0.0, "ratio": 0.0, "vulnClass": "none"}}, {"type": "Feature", "geometry": {"type": "MultiPolygon", "coordinates": [[[[72.1790013, 34.22759389], [72.17891827, 34.22758708], [72.17891328, 34.22762906], [72.17899631, 34.22763587], [72.1790013, 34.22759389]]]]}, "properties": {"id": "8J6J65HH+2HWG", "height": 3.816143274307251, "hmax": 0.0, "ratio": 0.0, "vulnClass": "none"}}, {"type": "Feature", "geometry": {"type": "MultiPolygon", "coordinates": [[[[72.17889217, 34.22758244], [72.17885278, 34.22757739], [72.17884598, 34.22761399], [72.17888537, 34.22761904], [72.17889217, 34.22758244]]]]}, "properties": {"id": "8J6J65HH+2GQX", "height": 3.220226287841797, "hmax": 0.0, "ratio": 0.0, "vulnClass": "none"}}, {"type": "Feature", "geometry": {"type": "MultiPolygon", "coordinates": [[[[72.1787894, 34.22765577], [72.17879379, 34.22761412], [72.17874096, 34.22761027], [72.17873656, 34.22765193], [72.1787894, 34.22765577]]]]}, "properties": {"id": "8J6J65HH+3G27", "height": 3.594442844390869, "hmax": 0.0, "ratio": 0.0, "vulnClass": "none"}}, {"type": "Feature", "geometry": {"type": "MultiPolygon", "coordinates": [[[[72.17886422, 34.22773979], [72.1788046, 34.22773499], [72.17879511, 34.22781627], [72.17885474, 34.22782107], [72.17886422, 34.22773979]]]]}, "properties": {"id": "8J6J65HH+4G84", "height": 2.592722654342651, "hmax": 0.0, "ratio": 0.0, "vulnClass": "none"}}, {"type": "Feature", "geometry": {"type": "MultiPolygon", "coordinates": [[[[72.17898985, 34.2277031], [72.17884128, 34.22769114], [72.17883587, 34.2277375], [72.17895268, 34.22774691], [72.17894736, 34.2277925], [72.17897912, 34.22779506], [72.17898985, 34.2277031]]]]}, "properties": {"id": "8J6J65HH+3HV4", "height": 2.564657926559448, "hmax": 0.0, "ratio": 0.0, "vulnClass": "none"}}, {"type": "Feature", "geometry": {"type": "MultiPolygon", "coordinates": [[[[72.17904056, 34.22770719], [72.17898985, 34.2277031], [72.17898444, 34.22774946], [72.17903515, 34.22775355], [72.17904056, 34.22770719]]]]}, "properties": {"id": "8J6J65HH+3JR3", "height": 2.708420753479004, "hmax": 0.0, "ratio": 0.0, "vulnClass": "none"}}, {"type": "Feature", "geometry": {"type": "MultiPolygon", "coordinates": [[[[72.17907868, 34.22775705], [72.17898444, 34.22774946], [72.17896049, 34.22795472], [72.17914315, 34.22796943], [72.1791376, 34.22801699], [72.1791666, 34.22801933], [72.17917716, 34.22792889], [72.17905974, 34.22791943], [72.17907868, 34.22775705]]]]}, "properties": {"id": "8J6J65HH+5J37", "height": 3.798631906509399, "hmax": 0.0, "ratio": 0.0, "vulnClass": "none"}}, {"type": "Feature", "geometry": {"type": "MultiPolygon", "coordinates": [[[[72.17920447, 34.22772065], [72.17910961, 34.22771512], [72.17910273, 34.22779664], [72.17919759, 34.22780216], [72.17920447, 34.22772065]]]]}, "properties": {"id": "8J6J65HH+4M29", "height": 2.579427719116211, "hmax": 0.0, "ratio": 0.0, "vulnClass": "none"}}, {"type": "Feature", "geometry": {"type": "MultiPolygon", "coordinates": [[[[72.17920585, 34.22768802], [72.17920679, 34.22765987], [72.17914714, 34.2276585], [72.17914621, 34.22768664], [72.17920585, 34.22768802]]]]}, "properties": {"id": "8J6J65HH+3M7W", "height": 3.043046474456787, "hmax": 0.0, "ratio": 0.0, "vulnClass": "none"}}, {"type": "Feature", "geometry": {"type": "MultiPolygon", "coordinates": [[[[72.17908949, 34.22766446], [72.17904595, 34.22766096], [72.17904056, 34.22770719], [72.17908409, 34.22771069], [72.17908949, 34.22766446]]]]}, "properties": {"id": "8J6J65HH+3JGC", "height": 3.093432188034058, "hmax": 0.0, "ratio": 0.0, "vulnClass": "none"}}, {"type": "Feature", "geometry": {"type": "MultiPolygon", "coordinates": [[[[72.17905754, 34.2275985], [72.1790013, 34.22759389], [72.17899412, 34.22765427], [72.17905036, 34.22765888], [72.17905754, 34.2275985]]]]}, "properties": {"id": "8J6J65HH+3J25", "height": 4.42167329788208, "hmax": 0.0, "ratio": 0.0, "vulnClass": "none"}}, {"type": "Feature", "geometry": {"type": "MultiPolygon", "coordinates": [[[[72.17910282, 34.22755016], [72.17909895, 34.22758333], [72.17916137, 34.22758836], [72.17916524, 34.22755519], [72.17910282, 34.22755016]]]]}, "properties": {"id": "8J6J65HH+2MCJ", "height": 3.957860946655273, "hmax": 0.0, "ratio": 0.0, "vulnClass": "none"}}, {"type": "Feature", "geometry": {"type": "MultiPolygon", "coordinates": [[[[72.17922024, 34.22755961], [72.17916524, 34.22755519], [72.17916137, 34.22758836], [72.17921637, 34.22759279], [72.17922024, 34.22755961]]]]}, "properties": {"id": "8J6J65HH+2MGR", "height": 2.768079280853271, "hmax": 0.0, "ratio": 0.0, "vulnClass": "none"}}, {"type": "Feature", "geometry": {"type": "MultiPolygon", "coordinates": [[[[72.17933722, 34.22765619], [72.1793473, 34.22756984], [72.17929988, 34.22756602], [72.17929601, 34.2275992], [72.17923947, 34.22759464], [72.17923001, 34.22767577], [72.17926021, 34.2276782], [72.17926347, 34.22765026], [72.17933722, 34.22765619]]]]}, "properties": {"id": "8J6J65HH+2PVV", "height": 4.879755973815918, "hmax": 0.0, "ratio": 0.0, "vulnClass": "none"}}, {"type": "Feature", "geometry": {"type": "MultiPolygon", "coordinates": [[[[72.179303, 34.22756259], [72.17923912, 34.22755255], [72.17923045, 34.22759065], [72.17929432, 34.22760069], [72.179303, 34.22756259]]]]}, "properties": {"id": "8J6J65HH+2PJ4", "height": 4.124209880828857, "hmax": 0.0, "ratio": 0.0, "vulnClass": "none"}}, {"type": "Feature", "geometry": {"type": "MultiPolygon", "coordinates": [[[[72.17944287, 34.2276647], [72.17935879, 34.22765793], [72.17934681, 34.22776056], [72.1794309, 34.22776733], [72.17944287, 34.2276647]]]]}, "properties": {"id": "8J6J65HH+3QJG", "height": 4.059795379638672, "hmax": 0.0, "ratio": 0.0, "vulnClass": "none"}}, {"type": "Feature", "geometry": {"type": "MultiPolygon", "coordinates": [[[[72.17943524, 34.22759341], [72.17936118, 34.22758664], [72.17935614, 34.22762466], [72.1794302, 34.22763143], [72.17943524, 34.22759341]]]]}, "properties": {"id": "8J6J65HH+2QR8", "height": 3.804950714111328, "hmax": 0.0, "ratio": 0.0, "vulnClass": "none"}}, {"type": "Feature", "geometry": {"type": "MultiPolygon", "coordinates": [[[[72.17964946, 34.22759416], [72.17945295, 34.22757835], [72.17944601, 34.22763782], [72.17964252, 34.22765364], [72.17964946, 34.22759416]]]]}, "properties": {"id": "8J6J65HH+2RVP", "height": 3.337998867034912, "hmax": 0.0, "ratio": 0.0, "vulnClass": "none"}}, {"type": "Feature", "geometry": {"type": "MultiPolygon", "coordinates": [[[[72.1792575, 34.22770145], [72.17922729, 34.22769902], [72.1792192, 34.22776836], [72.17929654, 34.22777459], [72.17929863, 34.22775668], [72.1792515, 34.22775289], [72.1792575, 34.22770145]]]]}, "properties": {"id": "8J6J65HH+3MXQ", "height": 3.125741720199585, "hmax": 0.0, "ratio": 0.0, "vulnClass": "none"}}, {"type": "Feature", "geometry": {"type": "MultiPolygon", "coordinates": [[[[72.17942473, 34.22787708], [72.1794325, 34.22780429], [72.17937979, 34.22780041], [72.17937663, 34.22782998], [72.179317, 34.22782559], [72.17931238, 34.22786881], [72.17942473, 34.22787708]]]]}, "properties": {"id": "8J6J65HH+4QJJ", "height": 3.506952285766602, "hmax": 0.0, "ratio": 0.0, "vulnClass": "none"}}, {"type": "Feature", "geometry": {"type": "MultiPolygon", "coordinates": [[[[72.179216, 34.2278182], [72.1792114, 34.2278614], [72.1793124, 34.2278688], [72.179317, 34.2278256], [72.179216, 34.2278182]]]]}, "properties": {"id": "8J6J65HH+4PJM", "height": 3.950561761856079, "hmax": 0.0, "ratio": 0.0, "vulnClass": "none"}}, {"type": "Feature", "geometry": {"type": "MultiPolygon", "coordinates": [[[[72.1795919, 34.22800113], [72.17951386, 34.22799633], [72.17951049, 34.22803404], [72.17958854, 34.22803885], [72.1795919, 34.22800113]]]]}, "properties": {"id": "8J6J65HH+6R3P", "height": 2.930819034576416, "hmax": 0.0, "ratio": 0.0, "vulnClass": "none"}}, {"type": "Feature", "geometry": {"type": "MultiPolygon", "coordinates": [[[[72.17951111, 34.22802709], [72.17939671, 34.22802005], [72.17939318, 34.22805962], [72.17950758, 34.22806667], [72.17951111, 34.22802709]]]]}, "properties": {"id": "8J6J65HH+6Q8M", "height": 3.700474262237549, "hmax": 0.0, "ratio": 0.0, "vulnClass": "none"}}, {"type": "Feature", "geometry": {"type": "MultiPolygon", "coordinates": [[[[72.17951553, 34.22797767], [72.17940113, 34.22797063], [72.17939671, 34.22802005], [72.17951111, 34.22802709], [72.17951553, 34.22797767]]]]}, "properties": {"id": "8J6J65HH+5QWW", "height": 4.263689994812012, "hmax": 0.0, "ratio": 0.0, "vulnClass": "none"}}, {"type": "Feature", "geometry": {"type": "MultiPolygon", "coordinates": [[[[72.17940502, 34.22793906], [72.17936009, 34.22793298], [72.17935425, 34.22796277], [72.17939909, 34.22796932], [72.17940502, 34.22793906]]]]}, "properties": {"id": "8J6J65HH+5QJ2", "height": 4.081742286682129, "hmax": 0.0, "ratio": 0.0, "vulnClass": "none"}}, {"type": "Feature", "geometry": {"type": "MultiPolygon", "coordinates": [[[[72.17939113, 34.22796835], [72.17934458, 34.22796548], [72.1793394, 34.22802347], [72.17938595, 34.22802634], [72.17939113, 34.22796835]]]]}, "properties": {"id": "8J6J65HH+5PXW", "height": 2.971667289733887, "hmax": 0.0, "ratio": 0.0, "vulnClass": "none"}}, {"type": "Feature", "geometry": {"type": "MultiPolygon", "coordinates": [[[[72.17934458, 34.22796548], [72.17928707, 34.22796194], [72.17928189, 34.22801993], [72.1793394, 34.22802347], [72.17934458, 34.22796548]]]]}, "properties": {"id": "8J6J65HH+5PWJ", "height": 2.751303195953369, "hmax": 0.0, "ratio": 0.0, "vulnClass": "none"}}, {"type": "Feature", "geometry": {"type": "MultiPolygon", "coordinates": [[[[72.1793394, 34.22802347], [72.17928189, 34.22801993], [72.17927897, 34.22805259], [72.17933648, 34.22805613], [72.1793394, 34.22802347]]]]}, "properties": {"id": "8J6J65HH+6P7H", "height": 2.751303195953369, "hmax": 0.0, "ratio": 0.0, "vulnClass": "none"}}, {"type": "Feature", "geometry": {"type": "MultiPolygon", "coordinates": [[[[72.1792835, 34.228051], [72.1792807, 34.2280169], [72.1791824, 34.2280225], [72.1791852, 34.2280565], [72.1792835, 34.228051]]]]}, "properties": {"id": "8J6J65HH+6M9F", "height": 2.751303195953369, "hmax": 0.0, "ratio": 0.0, "vulnClass": "none"}}, {"type": "Feature", "geometry": {"type": "MultiPolygon", "coordinates": [[[[72.17915384, 34.22801065], [72.1791147, 34.22801444], [72.17911997, 34.22805201], [72.17915911, 34.22804823], [72.17915384, 34.22801065]]]]}, "properties": {"id": "8J6J65HH+6M67", "height": 3.057955741882324, "hmax": 0.0, "ratio": 0.0, "vulnClass": "none"}}, {"type": "Feature", "geometry": {"type": "MultiPolygon", "coordinates": [[[[72.17912562, 34.22796983], [72.17899351, 34.22796078], [72.17898688, 34.22802764], [72.17911899, 34.22803668], [72.17912562, 34.22796983]]]]}, "properties": {"id": "8J6J65HH+5JVX", "height": 3.714499950408936, "hmax": 0.0, "ratio": 0.0, "vulnClass": "none"}}, {"type": "Feature", "geometry": {"type": "MultiPolygon", "coordinates": [[[[72.17923438, 34.22795869], [72.17919604, 34.22795633], [72.17919151, 34.22800715], [72.17922984, 34.22800951], [72.17923438, 34.22795869]]]]}, "properties": {"id": "8J6J65HH+5MW9", "height": 2.907975435256958, "hmax": 0.0, "ratio": 0.0, "vulnClass": "none"}}, {"type": "Feature", "geometry": {"type": "MultiPolygon", "coordinates": [[[[72.17897926, 34.22779385], [72.17890214, 34.22778764], [72.17889784, 34.22782454], [72.17897496, 34.22783075], [72.17897926, 34.22779385]]]]}, "properties": {"id": "8J6J65HH+4HG6", "height": 2.88392162322998, "hmax": 0.0, "ratio": 0.0, "vulnClass": "none"}}, {"type": "Feature", "geometry": {"type": "MultiPolygon", "coordinates": [[[[72.17897496, 34.22783075], [72.17889784, 34.22782454], [72.17889095, 34.22788357], [72.17896807, 34.22788978], [72.17897496, 34.22783075]]]]}, "properties": {"id": "8J6J65HH+4HV9", "height": 4.15594482421875, "hmax": 0.0, "ratio": 0.0, "vulnClass": "none"}}, {"type": "Feature", "geometry": {"type": "MultiPolygon", "coordinates": [[[[72.17889784, 34.22782454], [72.17879511, 34.22781627], [72.17877212, 34.22801328], [72.17897883, 34.22802992], [72.17898735, 34.22795688], [72.17896049, 34.22795472], [72.17895494, 34.22800229], [72.17887782, 34.22799608], [72.17889784, 34.22782454]]]]}, "properties": {"id": "8J6J65HH+5GH7", "height": 4.28101634979248, "hmax": 0.0, "ratio": 0.0, "vulnClass": "none"}}, {"type": "Feature", "geometry": {"type": "MultiPolygon", "coordinates": [[[[72.17877375, 34.22779081], [72.17872453, 34.22778696], [72.17871986, 34.22782812], [72.17876909, 34.22783197], [72.17877375, 34.22779081]]]]}, "properties": {"id": "8J6J65HH+4FH9", "height": 2.447569608688354, "hmax": 0.0, "ratio": 0.0, "vulnClass": "none"}}, {"type": "Feature", "geometry": {"type": "MultiPolygon", "coordinates": [[[[72.17887793, 34.22828204], [72.1788406, 34.22827947], [72.17883713, 34.22831416], [72.17887446, 34.22831673], [72.17887793, 34.22828204]]]]}, "properties": {"id": "8J6J65HH+8G9V", "height": 2.953937530517578, "hmax": 0.0, "ratio": 0.0, "vulnClass": "none"}}, {"type": "Feature", "geometry": {"type": "MultiPolygon", "coordinates": [[[[72.17878502, 34.22827656], [72.17875243, 34.22827543], [72.17875055, 34.22831286], [72.17878314, 34.228314], [72.17878502, 34.22827656]]]]}, "properties": {"id": "8J6J65HH+8G6P", "height": 2.998558044433594, "hmax": 0.0, "ratio": 0.0, "vulnClass": "none"}}, {"type": "Feature", "geometry": {"type": "MultiPolygon", "coordinates": [[[[72.17885965, 34.22845233], [72.17886966, 34.2283579], [72.17884392, 34.22835601], [72.17883873, 34.22840496], [72.17874133, 34.22839783], [72.17873651, 34.22844332], [72.17885965, 34.22845233]]]]}, "properties": {"id": "8J6J65HH+9G7Q", "height": 2.804069757461548, "hmax": 0.0, "ratio": 0.0, "vulnClass": "none"}}, {"type": "Feature", "geometry": {"type": "MultiPolygon", "coordinates": [[[[72.17872577, 34.22850333], [72.17860842, 34.2284949], [72.17860007, 34.22857518], [72.17871741, 34.22858361], [72.17872577, 34.22850333]]]]}, "properties": {"id": "8J6J65HH+CF7C", "height": 3.075109004974365, "hmax": 0.0, "ratio": 0.0, "vulnClass": "none"}}, {"type": "Feature", "geometry": {"type": "MultiPolygon", "coordinates": [[[[72.17858248, 34.22841183], [72.17852107, 34.22841278], [72.17852229, 34.22844821], [72.17858327, 34.22844727], [72.17858248, 34.22841183]]]]}, "properties": {"id": "8J6J65HH+9CF8", "height": 3.155936717987061, "hmax": 0.0, "ratio": 0.0, "vulnClass": "none"}}, {"type": "Feature", "geometry": {"type": "MultiPolygon", "coordinates": [[[[72.17858266, 34.22845664], [72.17848135, 34.22844969], [72.1784776, 34.22848743], [72.17853183, 34.22849115], [72.1785276, 34.22853366], [72.17857468, 34.22853689], [72.17858266, 34.22845664]]]]}, "properties": {"id": "8J6J65HH+9CVC", "height": 3.325654745101929, "hmax": 0.0, "ratio": 0.0, "vulnClass": "none"}}, {"type": "Feature", "geometry": {"type": "MultiPolygon", "coordinates": [[[[72.17844959, 34.22840948], [72.17831636, 34.22840049], [72.17831124, 34.22845277], [72.17844447, 34.22846176], [72.17844959, 34.22840948]]]]}, "properties": {"id": "8J6J65HH+99C6", "height": 3.403855085372925, "hmax": 0.0, "ratio": 0.0, "vulnClass": "none"}}, {"type": "Feature", "geometry": {"type": "MultiPolygon", "coordinates": [[[[72.17851419, 34.22841632], [72.17844327, 34.22841145], [72.17843975, 34.22844684], [72.17851067, 34.2284517], [72.17851419, 34.22841632]]]]}, "properties": {"id": "8J6J65HH+99H7", "height": 3.069644451141357, "hmax": 0.0, "ratio": 0.0, "vulnClass": "none"}}, {"type": "Feature", "geometry": {"type": "MultiPolygon", "coordinates": [[[[72.17835982, 34.22837516], [72.17830891, 34.22837749], [72.17831063, 34.22840515], [72.17836154, 34.22840283], [72.17835982, 34.22837516]]]]}, "properties": {"id": "8J6J65HH+984P", "height": 3.276015996932983, "hmax": 0.0, "ratio": 0.0, "vulnClass": "none"}}, {"type": "Feature", "geometry": {"type": "MultiPolygon", "coordinates": [[[[72.17828407, 34.22835364], [72.1782578, 34.22835184], [72.17824876, 34.22844275], [72.17827504, 34.22844456], [72.17828407, 34.22835364]]]]}, "properties": {"id": "8J6J65HH+982W", "height": 2.997719526290894, "hmax": 0.0, "ratio": 0.0, "vulnClass": "none"}}, {"type": "Feature", "geometry": {"type": "MultiPolygon", "coordinates": [[[[72.17837431, 34.22832075], [72.17830871, 34.22831625], [72.17830486, 34.22835506], [72.17837045, 34.22835956], [72.17837431, 34.22832075]]]]}, "properties": {"id": "8J6J65HH+88PH", "height": 2.942358016967773, "hmax": 0.0, "ratio": 0.0, "vulnClass": "none"}}, {"type": "Feature", "geometry": {"type": "MultiPolygon", "coordinates": [[[[72.17874394, 34.22837321], [72.1786227, 34.22836434], [72.17861527, 34.22843445], [72.17869727, 34.22844045], [72.17869293, 34.22848137], [72.17873217, 34.22848424], [72.17874394, 34.22837321]]]]}, "properties": {"id": "8J6J65HH+9F7H", "height": 3.371509790420532, "hmax": 0.0, "ratio": 0.0, "vulnClass": "none"}}, {"type": "Feature", "geometry": {"type": "MultiPolygon", "coordinates": [[[[72.17866385, 34.22830765], [72.17862474, 34.22830528], [72.17861938, 34.22836615], [72.1786585, 34.22836853], [72.17866385, 34.22830765]]]]}, "properties": {"id": "8J6J65HH+8FJG", "height": 3.412780284881592, "hmax": 0.0, "ratio": 0.0, "vulnClass": "none"}}, {"type": "Feature", "geometry": {"type": "MultiPolygon", "coordinates": [[[[72.17867307, 34.22827575], [72.17863672, 34.22826718], [72.17862505, 34.22830136], [72.1786614, 34.22830992], [72.17867307, 34.22827575]]]]}, "properties": {"id": "8J6J65HH+8F6H", "height": 2.503104686737061, "hmax": 0.0, "ratio": 0.0, "vulnClass": "none"}}, {"type": "Feature", "geometry": {"type": "MultiPolygon", "coordinates": [[[[72.17860629, 34.22827701], [72.1785184, 34.2282707], [72.17851002, 34.22835119], [72.17859791, 34.2283575], [72.17860629, 34.22827701]]]]}, "properties": {"id": "8J6J65HH+8CFH", "height": 3.278763771057129, "hmax": 0.0, "ratio": 0.0, "vulnClass": "none"}}, {"type": "Feature", "geometry": {"type": "MultiPolygon", "coordinates": [[[[72.17845763, 34.22826697], [72.17838018, 34.22826166], [72.17837197, 34.22834426], [72.17844942, 34.22834957], [72.17845763, 34.22826697]]]]}, "properties": {"id": "8J6J65HH+89F7", "height": 2.449067115783691, "hmax": 0.0, "ratio": 0.0, "vulnClass": "none"}}, {"type": "Feature", "geometry": {"type": "MultiPolygon", "coordinates": [[[[72.17832129, 34.22827714], [72.17821365, 34.22826941], [72.17820433, 34.22835893], [72.17831197, 34.22836666], [72.17832129, 34.22827714]]]]}, "properties": {"id": "8J6J65HH+88CM", "height": 3.270855903625488, "hmax": 0.0, "ratio": 0.0, "vulnClass": "none"}}, {"type": "Feature", "geometry": {"type": "MultiPolygon", "coordinates": [[[[72.17815563, 34.22826443], [72.17815742, 34.22824639], [72.17810198, 34.22824259], [72.17807613, 34.2285027], [72.17809769, 34.22850418], [72.17809957, 34.22848519], [72.17816048, 34.22848936], [72.17816568, 34.22843706], [72.17813866, 34.2284352], [72.17815155, 34.22830548], [72.17821494, 34.22830982], [72.17821902, 34.22826878], [72.17815563, 34.22826443]]]]}, "properties": {"id": "8J6J65HH+87RC", "height": 3.639251708984375, "hmax": 0.0, "ratio": 0.0, "vulnClass": "none"}}, {"type": "Feature", "geometry": {"type": "MultiPolygon", "coordinates": [[[[72.17783112, 34.228268], [72.17782618, 34.22830988], [72.17800504, 34.22832446], [72.17800999, 34.22828258], [72.17783112, 34.228268]]]]}, "properties": {"id": "8J6J65HH+857V", "height": 2.485758543014526, "hmax": 0.0, "ratio": 0.0, "vulnClass": "none"}}, {"type": "Feature", "geometry": {"type": "MultiPolygon", "coordinates": [[[[72.17783573, 34.22822907], [72.17783112, 34.228268], [72.17807716, 34.22828806], [72.17808176, 34.22824913], [72.17783573, 34.22822907]]]]}, "properties": {"id": "8J6J65HH+8548", "height": 2.853718757629395, "hmax": 0.0, "ratio": 0.0, "vulnClass": "none"}}, {"type": "Feature", "geometry": {"type": "MultiPolygon", "coordinates": [[[[72.17806353, 34.22862668], [72.17808578, 34.2284088], [72.17804015, 34.22840559], [72.1780179, 34.22862347], [72.17806353, 34.22862668]]]]}, "properties": {"id": "8J6J65HH+C63P", "height": 2.989566326141357, "hmax": 0.0, "ratio": 0.0, "vulnClass": "none"}}, {"type": "Feature", "geometry": {"type": "MultiPolygon", "coordinates": [[[[72.17829049, 34.22844658], [72.17816561, 34.22843778], [72.17816163, 34.22847683], [72.1782865, 34.22848562], [72.17829049, 34.22844658]]]]}, "properties": {"id": "8J6J65HH+97QC", "height": 3.0935378074646, "hmax": 0.0, "ratio": 0.0, "vulnClass": "none"}}, {"type": "Feature", "geometry": {"type": "MultiPolygon", "coordinates": [[[[72.17820776, 34.22848987], [72.17818607, 34.22848937], [72.17818517, 34.22851639], [72.17820686, 34.22851689], [72.17820776, 34.22848987]]]]}, "properties": {"id": "8J6J65HH+C743", "height": 2.600281715393066, "hmax": 0.0, "ratio": 0.0, "vulnClass": "none"}}, {"type": "Feature", "geometry": {"type": "MultiPolygon", "coordinates": [[[[72.17789871, 34.22843979], [72.17779571, 34.22843339], [72.1777793, 34.22861558], [72.17794206, 34.2286257], [72.17794935, 34.22854478], [72.17788959, 34.22854106], [72.17789871, 34.22843979]]]]}, "properties": {"id": "8J6J65HH+C49F", "height": 2.705528736114502, "hmax": 0.0, "ratio": 0.0, "vulnClass": "none"}}, {"type": "Feature", "geometry": {"type": "MultiPolygon", "coordinates": [[[[72.17762471, 34.22826128], [72.17759986, 34.22825815], [72.17759428, 34.22828874], [72.17761913, 34.22829187], [72.17762471, 34.22826128]]]]}, "properties": {"id": "8J6J65HH+8294", "height": 2.519500970840454, "hmax": 0.0, "ratio": 0.0, "vulnClass": "none"}}, {"type": "Feature", "geometry": {"type": "MultiPolygon", "coordinates": [[[[72.17779456, 34.22757585], [72.17769543, 34.22757055], [72.17767589, 34.22782256], [72.17777502, 34.22782786], [72.17779456, 34.22757585]]]]}, "properties": {"id": "8J6J65HH+33HW", "height": 3.639556407928467, "hmax": 0.0, "ratio": 0.0, "vulnClass": "none"}}, {"type": "Feature", "geometry": {"type": "MultiPolygon", "coordinates": [[[[72.17765495, 34.22764996], [72.17759602, 34.22764503], [72.17758739, 34.22771615], [72.17764632, 34.22772108], [72.17765495, 34.22764996]]]]}, "properties": {"id": "8J6J65HH+32H9", "height": 2.622504472732544, "hmax": 0.0, "ratio": 0.0, "vulnClass": "none"}}, {"type": "Feature", "geometry": {"type": "MultiPolygon", "coordinates": [[[[72.1763074, 34.22766331], [72.17627904, 34.22766], [72.17626996, 34.22771371], [72.17629833, 34.22771702], [72.1763074, 34.22766331]]]]}, "properties": {"id": "8J6J65HG+3GFC", "height": 2.596369504928589, "hmax": 0.0, "ratio": 0.0, "vulnClass": "none"}}, {"type": "Feature", "geometry": {"type": "MultiPolygon", "coordinates": [[[[72.17634957, 34.227809], [72.17634632, 34.22771949], [72.17624844, 34.22772194], [72.17625169, 34.22781145], [72.17634957, 34.227809]]]]}, "properties": {"id": "8J6J65HG+4G3P", "height": 3.222273826599121, "hmax": 0.0, "ratio": 0.0, "vulnClass": "none"}}, {"type": "Feature", "geometry": {"type": "MultiPolygon", "coordinates": [[[[72.1761915, 34.2278019], [72.1761457, 34.2277996], [72.1761416, 34.227855], [72.1761874, 34.2278573], [72.1761915, 34.2278019]]]]}, "properties": {"id": "8J6J65HG+4FM3", "height": 4.747208595275879, "hmax": 0.0, "ratio": 0.0, "vulnClass": "none"}}, {"type": "Feature", "geometry": {"type": "MultiPolygon", "coordinates": [[[[72.17628998, 34.22780699], [72.17624755, 34.22780382], [72.17624174, 34.22785746], [72.17628418, 34.22786063], [72.17628998, 34.22780699]]]]}, "properties": {"id": "8J6J65HG+4GJ8", "height": 3.347171068191528, "hmax": 0.0, "ratio": 0.0, "vulnClass": "none"}}, {"type": "Feature", "geometry": {"type": "MultiPolygon", "coordinates": [[[[72.1762337, 34.22824516], [72.17613498, 34.22824479], [72.17613316, 34.22858277], [72.17623188, 34.22858313], [72.1762337, 34.22824516]]]]}, "properties": {"id": "8J6J65HG+9F7H", "height": 5.313187122344971, "hmax": 0.0, "ratio": 0.0, "vulnClass": "none"}}, {"type": "Feature", "geometry": {"type": "MultiPolygon", "coordinates": [[[[72.17632215, 34.2282436], [72.17625166, 34.22824198], [72.17625031, 34.22828251], [72.1763208, 34.22828413], [72.17632215, 34.2282436]]]]}, "properties": {"id": "8J6J65HG+8G3C", "height": 5.440075874328613, "hmax": 0.0, "ratio": 0.0, "vulnClass": "none"}}, {"type": "Feature", "geometry": {"type": "MultiPolygon", "coordinates": [[[[72.17628394, 34.2281543], [72.17625328, 34.22815174], [72.17624738, 34.22820031], [72.17627805, 34.22820288], [72.17628394, 34.2281543]]]]}, "properties": {"id": "8J6J65HG+7GC4", "height": 6.077507972717285, "hmax": 0.0, "ratio": 0.0, "vulnClass": "none"}}, {"type": "Feature", "geometry": {"type": "MultiPolygon", "coordinates": [[[[72.17667729, 34.22851621], [72.17672991, 34.22817808], [72.17668904, 34.22817369], [72.17663642, 34.22851182], [72.17667729, 34.22851621]]]]}, "properties": {"id": "8J6J65HG+8MMQ", "height": 4.350468635559082, "hmax": 0.0, "ratio": 0.0, "vulnClass": "none"}}, {"type": "Feature", "geometry": {"type": "MultiPolygon", "coordinates": [[[[72.17664934, 34.22827014], [72.17665179, 34.22822427], [72.17651338, 34.22821916], [72.17651093, 34.22826504], [72.17664934, 34.22827014]]]]}, "properties": {"id": "8J6J65HG+7JWP", "height": 7.031933307647705, "hmax": 0.0, "ratio": 0.0, "vulnClass": "none"}}, {"type": "Feature", "geometry": {"type": "MultiPolygon", "coordinates": [[[[72.1765157, 34.2281703], [72.1764795, 34.2281687], [72.17647639, 34.22821741], [72.17651259, 34.22821901], [72.1765157, 34.2281703]]]]}, "properties": {"id": "8J6J65HG+7HHQ", "height": 6.828620910644531, "hmax": 0.0, "ratio": 0.0, "vulnClass": "none"}}, {"type": "Feature", "geometry": {"type": "MultiPolygon", "coordinates": [[[[72.1764795, 34.2281687], [72.17635814, 34.22816336], [72.17635503, 34.22821207], [72.17647639, 34.22821741], [72.1764795, 34.2281687]]]]}, "properties": {"id": "8J6J65HG+7HFM", "height": 6.379779815673828, "hmax": 0.0, "ratio": 0.0, "vulnClass": "none"}}, {"type": "Feature", "geometry": {"type": "MultiPolygon", "coordinates": [[[[72.17648645, 34.22838059], [72.17635673, 34.22837155], [72.17634468, 34.22849094], [72.1764744, 34.22849997], [72.17648645, 34.22838059]]]]}, "properties": {"id": "8J6J65HG+9HFF", "height": 2.660923957824707, "hmax": 0.0, "ratio": 0.0, "vulnClass": "none"}}, {"type": "Feature", "geometry": {"type": "MultiPolygon", "coordinates": [[[[72.17656339, 34.22834489], [72.17654167, 34.22834415], [72.17653925, 34.22839271], [72.17656096, 34.22839346], [72.17656339, 34.22834489]]]]}, "properties": {"id": "8J6J65HG+8JVP", "height": 2.835230112075806, "hmax": 0.0, "ratio": 0.0, "vulnClass": "none"}}, {"type": "Feature", "geometry": {"type": "MultiPolygon", "coordinates": [[[[72.1766311, 34.228546], [72.17664249, 34.22847281], [72.17656726, 34.22846473], [72.17654318, 34.22861948], [72.17644929, 34.2286094], [72.17642793, 34.22874661], [72.17657065, 34.22876194], [72.1766047, 34.22854316], [72.1766311, 34.228546]]]]}, "properties": {"id": "8J6J65HG+FJ3C", "height": 3.086229801177979, "hmax": 0.0, "ratio": 0.0, "vulnClass": "none"}}, {"type": "Feature", "geometry": {"type": "MultiPolygon", "coordinates": [[[[72.17657344, 34.22842501], [72.17647955, 34.22841493], [72.1764673, 34.22849367], [72.17656118, 34.22850375], [72.17657344, 34.22842501]]]]}, "properties": {"id": "8J6J65HG+9JJ8", "height": 2.628103733062744, "hmax": 0.0, "ratio": 0.0, "vulnClass": "none"}}, {"type": "Feature", "geometry": {"type": "MultiPolygon", "coordinates": [[[[72.17641847, 34.22850445], [72.17636021, 34.22850072], [72.17634983, 34.22861247], [72.17640809, 34.22861621], [72.17641847, 34.22850445]]]]}, "properties": {"id": "8J6J65HG+CHC7", "height": 2.915290832519531, "hmax": 0.0, "ratio": 0.0, "vulnClass": "none"}}, {"type": "Feature", "geometry": {"type": "MultiPolygon", "coordinates": [[[[72.17614089, 34.22834273], [72.17610139, 34.22834253], [72.17610116, 34.22837406], [72.17614066, 34.22837426], [72.17614089, 34.22834273]]]]}, "properties": {"id": "8J6J65HG+8CX9", "height": 4.267672538757324, "hmax": 0.0, "ratio": 0.0, "vulnClass": "none"}}, {"type": "Feature", "geometry": {"type": "MultiPolygon", "coordinates": [[[[72.17594357, 34.22893781], [72.1759604, 34.22869109], [72.17592577, 34.22868946], [72.17591572, 34.22883677], [72.17587656, 34.22883493], [72.17587475, 34.22886148], [72.1758243, 34.22885911], [72.17581933, 34.22893196], [72.17594357, 34.22893781]]]]}, "properties": {"id": "8J6J65HG+G9JX", "height": 2.743634223937988, "hmax": 0.0, "ratio": 0.0, "vulnClass": "none"}}, {"type": "Feature", "geometry": {"type": "MultiPolygon", "coordinates": [[[[72.17632277, 34.22855011], [72.17626854, 34.22854886], [72.17626749, 34.22858039], [72.17632171, 34.22858164], [72.17632277, 34.22855011]]]]}, "properties": {"id": "8J6J65HG+CGFM", "height": 2.601405143737793, "hmax": 0.0, "ratio": 0.0, "vulnClass": "none"}}, {"type": "Feature", "geometry": {"type": "MultiPolygon", "coordinates": [[[[72.17654914, 34.22858115], [72.17649451, 34.22857529], [72.17648855, 34.22861361], [72.17654318, 34.22861948], [72.17654914, 34.22858115]]]]}, "properties": {"id": "8J6J65HG+CJJW", "height": 2.761087894439697, "hmax": 0.0, "ratio": 0.0, "vulnClass": "none"}}, {"type": "Feature", "geometry": {"type": "MultiPolygon", "coordinates": [[[[72.17652182, 34.22875669], [72.17646719, 34.22875083], [72.1764523, 34.22884653], [72.17650693, 34.2288524], [72.17652182, 34.22875669]]]]}, "properties": {"id": "8J6J65HG+GHH4", "height": 3.017036914825439, "hmax": 0.0, "ratio": 0.0, "vulnClass": "none"}}, {"type": "Feature", "geometry": {"type": "MultiPolygon", "coordinates": [[[[72.17639806, 34.22866015], [72.17636981, 34.22865712], [72.17635707, 34.22873901], [72.17642793, 34.22874661], [72.17643306, 34.22871369], [72.17639044, 34.22870911], [72.17639806, 34.22866015]]]]}, "properties": {"id": "8J6J65HG+FHJF", "height": 4.30209493637085, "hmax": 0.0, "ratio": 0.0, "vulnClass": "none"}}, {"type": "Feature", "geometry": {"type": "MultiPolygon", "coordinates": [[[[72.17638532, 34.22874204], [72.17635707, 34.22873901], [72.17634217, 34.22883471], [72.1764523, 34.22884653], [72.17646297, 34.22877794], [72.1763811, 34.22876915], [72.17638532, 34.22874204]]]]}, "properties": {"id": "8J6J65HG+GHC5", "height": 4.746751308441162, "hmax": 0.0, "ratio": 0.0, "vulnClass": "none"}}, {"type": "Feature", "geometry": {"type": "MultiPolygon", "coordinates": [[[[72.17655576, 34.22885764], [72.1764523, 34.22884653], [72.17644057, 34.22892193], [72.17654403, 34.22893304], [72.17655576, 34.22885764]]]]}, "properties": {"id": "8J6J65HG+HH5H", "height": 3.012085914611816, "hmax": 0.0, "ratio": 0.0, "vulnClass": "none"}}, {"type": "Feature", "geometry": {"type": "MultiPolygon", "coordinates": [[[[72.17667492, 34.22899197], [72.17659351, 34.22898554], [72.17658212, 34.22908509], [72.17666353, 34.22909152], [72.17667492, 34.22899197]]]]}, "properties": {"id": "8J6J65HG+JM6C", "height": 2.552461862564087, "hmax": 0.0, "ratio": 0.0, "vulnClass": "none"}}, {"type": "Feature", "geometry": {"type": "MultiPolygon", "coordinates": [[[[72.17606696, 34.22889605], [72.1760343, 34.22889411], [72.17603136, 34.22892821], [72.17606402, 34.22893015], [72.17606696, 34.22889605]]]]}, "properties": {"id": "8J6J65HG+HC7G", "height": 2.740259408950806, "hmax": 0.0, "ratio": 0.0, "vulnClass": "none"}}, {"type": "Feature", "geometry": {"type": "MultiPolygon", "coordinates": [[[[72.17635392, 34.22887211], [72.17626451, 34.22886606], [72.17623316, 34.22918546], [72.17632257, 34.22919152], [72.17635392, 34.22887211]]]]}, "properties": {"id": "8J6J65HG+JG73", "height": 3.378841400146484, "hmax": 0.0, "ratio": 0.0, "vulnClass": "none"}}, {"type": "Feature", "geometry": {"type": "MultiPolygon", "coordinates": [[[[72.17623964, 34.22898995], [72.17624945, 34.22887601], [72.17622141, 34.22887434], [72.17621159, 34.22898828], [72.17623964, 34.22898995]]]]}, "properties": {"id": "8J6J65HG+HFH7", "height": 2.667561054229736, "hmax": 0.0, "ratio": 0.0, "vulnClass": "none"}}, {"type": "Feature", "geometry": {"type": "MultiPolygon", "coordinates": [[[[72.17625282, 34.22883696], [72.17619611, 34.22883359], [72.17619275, 34.22887263], [72.17624945, 34.22887601], [72.17625282, 34.22883696]]]]}, "properties": {"id": "8J6J65HG+GFX2", "height": 3.449672222137451, "hmax": 0.0, "ratio": 0.0, "vulnClass": "none"}}, {"type": "Feature", "geometry": {"type": "MultiPolygon", "coordinates": [[[[72.17617378, 34.22883845], [72.17607368, 34.22883148], [72.17606874, 34.2288804], [72.17616885, 34.22888737], [72.17617378, 34.22883845]]]]}, "properties": {"id": "8J6J65HG+GCX9", "height": 3.449672222137451, "hmax": 0.0, "ratio": 0.0, "vulnClass": "none"}}, {"type": "Feature", "geometry": {"type": "MultiPolygon", "coordinates": [[[[72.17607394, 34.22882856], [72.17595141, 34.2288228], [72.17594627, 34.2288981], [72.17606881, 34.22890387], [72.17607394, 34.22882856]]]]}, "properties": {"id": "8J6J65HG+GCRF", "height": 2.95074200630188, "hmax": 0.0, "ratio": 0.0, "vulnClass": "none"}}, {"type": "Feature", "geometry": {"type": "MultiPolygon", "coordinates": [[[[72.17598521, 34.22892546], [72.17594657, 34.22892316], [72.17594233, 34.22897228], [72.17615895, 34.22898515], [72.17616209, 34.22894869], [72.17598412, 34.22893811], [72.17598521, 34.22892546]]]]}, "properties": {"id": "8J6J65HG+HCM8", "height": 2.743634223937988, "hmax": 0.0, "ratio": 0.0, "vulnClass": "none"}}, {"type": "Feature", "geometry": {"type": "MultiPolygon", "coordinates": [[[[72.1760182, 34.22897679], [72.17594233, 34.22897228], [72.17593633, 34.22904198], [72.17597498, 34.22904427], [72.17597786, 34.22901085], [72.17601508, 34.22901306], [72.1760182, 34.22897679]]]]}, "properties": {"id": "8J6J65HG+J952", "height": 2.491010665893555, "hmax": 0.0, "ratio": 0.0, "vulnClass": "none"}}, {"type": "Feature", "geometry": {"type": "MultiPolygon", "coordinates": [[[[72.176702, 34.22935381], [72.17662655, 34.22935413], [72.17662683, 34.22940072], [72.17670228, 34.2294004], [72.176702, 34.22935381]]]]}, "properties": {"id": "8J6J65HG+QM33", "height": 2.790763378143311, "hmax": 0.0, "ratio": 0.0, "vulnClass": "none"}}, {"type": "Feature", "geometry": {"type": "MultiPolygon", "coordinates": [[[[72.17684297, 34.22925093], [72.17685563, 34.22910867], [72.17679947, 34.22910522], [72.17679561, 34.22914857], [72.1766928, 34.22914226], [72.17669077, 34.22916507], [72.17656221, 34.22915718], [72.17655544, 34.22923329], [72.17684297, 34.22925093]]]]}, "properties": {"id": "8J6J65HG+MMHJ", "height": 2.568848371505737, "hmax": 0.0, "ratio": 0.0, "vulnClass": "none"}}, {"type": "Feature", "geometry": {"type": "MultiPolygon", "coordinates": [[[[72.17684811, 34.22903036], [72.17666297, 34.22901479], [72.17665351, 34.22909247], [72.17683864, 34.22910804], [72.17684811, 34.22903036]]]]}, "properties": {"id": "8J6J65HG+JPCC", "height": 2.562360286712646, "hmax": 0.0, "ratio": 0.0, "vulnClass": "none"}}, {"type": "Feature", "geometry": {"type": "MultiPolygon", "coordinates": [[[[72.1768786, 34.22878], [72.1768222, 34.2287752], [72.1767917, 34.2290256], [72.1768481, 34.2290304], [72.1768786, 34.22878]]]]}, "properties": {"id": "8J6J65HG+HP84", "height": 2.907011985778809, "hmax": 0.0, "ratio": 0.0, "vulnClass": "none"}}, {"type": "Feature", "geometry": {"type": "MultiPolygon", "coordinates": [[[[72.17806353, 34.22862668], [72.177969, 34.22862002], [72.17796182, 34.22869034], [72.17805635, 34.228697], [72.17806353, 34.22862668]]]]}, "properties": {"id": "8J6J65HH+F667", "height": 2.848108291625977, "hmax": 0.0, "ratio": 0.0, "vulnClass": "none"}}, {"type": "Feature", "geometry": {"type": "MultiPolygon", "coordinates": [[[[72.17827643, 34.22864109], [72.17818266, 34.22863466], [72.17816954, 34.22876664], [72.17821625, 34.22876984], [72.17821981, 34.22873407], [72.17826687, 34.22873729], [72.17827643, 34.22864109]]]]}, "properties": {"id": "8J6J65HH+F7HR", "height": 3.010585308074951, "hmax": 0.0, "ratio": 0.0, "vulnClass": "none"}}, {"type": "Feature", "geometry": {"type": "MultiPolygon", "coordinates": [[[[72.17805635, 34.228697], [72.17801072, 34.22869378], [72.17800445, 34.22875519], [72.17805008, 34.2287584], [72.17805635, 34.228697]]]]}, "properties": {"id": "8J6J65HH+F6R5", "height": 2.848108291625977, "hmax": 0.0, "ratio": 0.0, "vulnClass": "none"}}, {"type": "Feature", "geometry": {"type": "MultiPolygon", "coordinates": [[[[72.17816756, 34.22871215], [72.17806284, 34.22870463], [72.17805688, 34.22876191], [72.1781616, 34.22876944], [72.17816756, 34.22871215]]]]}, "properties": {"id": "8J6J65HH+F6XG", "height": 3.010585308074951, "hmax": 0.0, "ratio": 0.0, "vulnClass": "none"}}, {"type": "Feature", "geometry": {"type": "MultiPolygon", "coordinates": [[[[72.1781181, 34.22891838], [72.17805745, 34.22891746], [72.17805592, 34.22898668], [72.17817917, 34.22898855], [72.17818005, 34.22894868], [72.17811746, 34.22894773], [72.1781181, 34.22891838]]]]}, "properties": {"id": "8J6J65HH+H6Q8", "height": 2.492745876312256, "hmax": 0.0, "ratio": 0.0, "vulnClass": "none"}}, {"type": "Feature", "geometry": {"type": "MultiPolygon", "coordinates": [[[[72.17840076, 34.22892806], [72.17820542, 34.22891194], [72.17820027, 34.22895498], [72.17839561, 34.2289711], [72.17840076, 34.22892806]]]]}, "properties": {"id": "8J6J65HH+H8FP", "height": 3.126464605331421, "hmax": 0.0, "ratio": 0.0, "vulnClass": "none"}}, {"type": "Feature", "geometry": {"type": "MultiPolygon", "coordinates": [[[[72.17824159, 34.22886357], [72.17820753, 34.22886109], [72.17820224, 34.22891113], [72.1782363, 34.22891361], [72.17824159, 34.22886357]]]]}, "properties": {"id": "8J6J65HH+H75C", "height": 2.726865530014038, "hmax": 0.0, "ratio": 0.0, "vulnClass": "none"}}, {"type": "Feature", "geometry": {"type": "MultiPolygon", "coordinates": [[[[72.17808819, 34.22878801], [72.17805504, 34.22878926], [72.17806113, 34.22890117], [72.17817823, 34.22889678], [72.17817343, 34.22880868], [72.17808949, 34.22881183], [72.17808819, 34.22878801]]]]}, "properties": {"id": "8J6J65HH+G6X4", "height": 3.105808734893799, "hmax": 0.0, "ratio": 0.0, "vulnClass": "none"}}, {"type": "Feature", "geometry": {"type": "MultiPolygon", "coordinates": [[[[72.178464, 34.22879345], [72.17843198, 34.22879225], [72.17842952, 34.22883729], [72.17846154, 34.22883849], [72.178464, 34.22879345]]]]}, "properties": {"id": "8J6J65HH+G9GM", "height": 2.745642185211182, "hmax": 0.0, "ratio": 0.0, "vulnClass": "none"}}, {"type": "Feature", "geometry": {"type": "MultiPolygon", "coordinates": [[[[72.17846997, 34.22884738], [72.17841099, 34.22884251], [72.17840242, 34.22891418], [72.1785761, 34.22892852], [72.17858289, 34.22887176], [72.17846818, 34.22886229], [72.17846997, 34.22884738]]]]}, "properties": {"id": "8J6J65HH+H95G", "height": 2.967025995254517, "hmax": 0.0, "ratio": 0.0, "vulnClass": "none"}}, {"type": "Feature", "geometry": {"type": "MultiPolygon", "coordinates": [[[[72.17837769, 34.22909278], [72.17838727, 34.22900219], [72.17835, 34.22899947], [72.17834043, 34.22909006], [72.17837769, 34.22909278]]]]}, "properties": {"id": "8J6J65HH+J89W", "height": 2.796757221221924, "hmax": 0.0, "ratio": 0.0, "vulnClass": "none"}}, {"type": "Feature", "geometry": {"type": "MultiPolygon", "coordinates": [[[[72.17836539, 34.2289805], [72.17831234, 34.22896084], [72.17829277, 34.22899726], [72.17834582, 34.22901692], [72.17836539, 34.2289805]]]]}, "properties": {"id": "8J6J65HH+H8WG", "height": 2.544980525970459, "hmax": 0.0, "ratio": 0.0, "vulnClass": "none"}}, {"type": "Feature", "geometry": {"type": "MultiPolygon", "coordinates": [[[[72.17856795, 34.22899662], [72.17839427, 34.22898229], [72.17838945, 34.22902259], [72.17856313, 34.22903693], [72.17856795, 34.22899662]]]]}, "properties": {"id": "8J6J65HH+J957", "height": 3.073743104934692, "hmax": 0.0, "ratio": 0.0, "vulnClass": "none"}}, {"type": "Feature", "geometry": {"type": "MultiPolygon", "coordinates": [[[[72.17860143, 34.22890552], [72.17857262, 34.22890293], [72.17856772, 34.22894051], [72.17859653, 34.2289431], [72.17860143, 34.22890552]]]]}, "properties": {"id": "8J6J65HH+HC8W", "height": 3.118573665618896, "hmax": 0.0, "ratio": 0.0, "vulnClass": "none"}}, {"type": "Feature", "geometry": {"type": "MultiPolygon", "coordinates": [[[[72.17859897, 34.22894804], [72.17857394, 34.22894604], [72.17856956, 34.22898379], [72.17859459, 34.22898579], [72.17859897, 34.22894804]]]]}, "properties": {"id": "8J6J65HH+HCPP", "height": 3.224770307540894, "hmax": 0.0, "ratio": 0.0, "vulnClass": "none"}}, {"type": "Feature", "geometry": {"type": "MultiPolygon", "coordinates": [[[[72.17874864, 34.22891877], [72.178715, 34.22891574], [72.17869737, 34.22905093], [72.17878252, 34.2290586], [72.17879165, 34.22898859], [72.17874014, 34.22898395], [72.17874864, 34.22891877]]]]}, "properties": {"id": "8J6J65HH+JF54", "height": 2.979911804199219, "hmax": 0.0, "ratio": 0.0, "vulnClass": "none"}}, {"type": "Feature", "geometry": {"type": "MultiPolygon", "coordinates": [[[[72.1786866, 34.22888414], [72.17860711, 34.22887778], [72.1786026, 34.2289167], [72.17879971, 34.22893246], [72.17880972, 34.22884617], [72.1786921, 34.22883676], [72.1786866, 34.22888414]]]]}, "properties": {"id": "8J6J65HH+HF5C", "height": 3.168442726135254, "hmax": 0.0, "ratio": 0.0, "vulnClass": "none"}}, {"type": "Feature", "geometry": {"type": "MultiPolygon", "coordinates": [[[[72.1786262, 34.22879698], [72.17859367, 34.22879623], [72.17859261, 34.22882776], [72.17862515, 34.22882851], [72.1786262, 34.22879698]]]]}, "properties": {"id": "8J6J65HH+GCHG", "height": 3.054931402206421, "hmax": 0.0, "ratio": 0.0, "vulnClass": "none"}}, {"type": "Feature", "geometry": {"type": "MultiPolygon", "coordinates": [[[[72.17864611, 34.22870858], [72.1786019, 34.22870502], [72.17859245, 34.22878601], [72.17863667, 34.22878957], [72.17864611, 34.22870858]]]]}, "properties": {"id": "8J6J65HH+FCXX", "height": 2.831537246704102, "hmax": 0.0, "ratio": 0.0, "vulnClass": "none"}}, {"type": "Feature", "geometry": {"type": "MultiPolygon", "coordinates": [[[[72.17832293, 34.22860313], [72.17831887, 34.228644], [72.17838714, 34.22864868], [72.1783912, 34.22860781], [72.17851936, 34.2286166], [72.17852298, 34.22858013], [72.17837332, 34.22856987], [72.17836969, 34.22860634], [72.17832293, 34.22860313]]]]}, "properties": {"id": "8J6J65HH+C9V3", "height": 3.105473041534424, "hmax": 0.0, "ratio": 0.0, "vulnClass": "none"}}, {"type": "Feature", "geometry": {"type": "MultiPolygon", "coordinates": [[[[72.17835073, 34.22855801], [72.17834971, 34.22856825], [72.17839483, 34.22857134], [72.17839584, 34.2285611], [72.17835073, 34.22855801]]]]}, "properties": {"id": "8J6J65HH+C8HH", "height": 2.517122268676758, "hmax": 0.0, "ratio": 0.0, "vulnClass": "none"}}, {"type": "Feature", "geometry": {"type": "MultiPolygon", "coordinates": [[[[72.17885331, 34.2285397], [72.17872296, 34.22853034], [72.17871741, 34.22858361], [72.17884777, 34.22859297], [72.17885331, 34.2285397]]]]}, "properties": {"id": "8J6J65HH+CGFC", "height": 3.075109004974365, "hmax": 0.0, "ratio": 0.0, "vulnClass": "none"}}, {"type": "Feature", "geometry": {"type": "MultiPolygon", "coordinates": [[[[72.17867211, 34.22946608], [72.17863941, 34.22946379], [72.17863415, 34.22951567], [72.17866685, 34.22951795], [72.17867211, 34.22946608]]]]}, "properties": {"id": "8J6J65HH+QFRQ", "height": 5.173704147338867, "hmax": 0.0, "ratio": 0.0, "vulnClass": "none"}}, {"type": "Feature", "geometry": {"type": "MultiPolygon", "coordinates": [[[[72.17868058, 34.22938262], [72.17857941, 34.22937553], [72.1785751, 34.22941796], [72.17867628, 34.22942504], [72.17868058, 34.22938262]]]]}, "properties": {"id": "8J6J65HH+QF62", "height": 5.038664817810059, "hmax": 0.0, "ratio": 0.0, "vulnClass": "none"}}, {"type": "Feature", "geometry": {"type": "MultiPolygon", "coordinates": [[[[72.1783376, 34.2294142], [72.1782681, 34.2294097], [72.1782455, 34.2296514], [72.178315, 34.2296559], [72.1783376, 34.2294142]]]]}, "properties": {"id": "8J6J65HH+R877", "height": 3.237321376800537, "hmax": 0.0, "ratio": 0.0, "vulnClass": "none"}}, {"type": "Feature", "geometry": {"type": "MultiPolygon", "coordinates": [[[[72.17840299, 34.22942185], [72.17836052, 34.22942404], [72.17836251, 34.22945062], [72.17840498, 34.22944843], [72.17840299, 34.22942185]]]]}, "properties": {"id": "8J6J65HH+Q9CC", "height": 3.233344793319702, "hmax": 0.0, "ratio": 0.0, "vulnClass": "none"}}, {"type": "Feature", "geometry": {"type": "MultiPolygon", "coordinates": [[[[72.17854256, 34.22941568], [72.17842997, 34.22940779], [72.17842054, 34.22950071], [72.17863415, 34.22951567], [72.17863941, 34.22946379], [72.17853839, 34.22945672], [72.17854256, 34.22941568]]]]}, "properties": {"id": "8J6J65HH+QCJP", "height": 5.173704147338867, "hmax": 0.0, "ratio": 0.0, "vulnClass": "none"}}, {"type": "Feature", "geometry": {"type": "MultiPolygon", "coordinates": [[[[72.1783226, 34.22925769], [72.17828973, 34.22925535], [72.17828609, 34.2292905], [72.17831896, 34.22929285], [72.1783226, 34.22925769]]]]}, "properties": {"id": "8J6J65HH+P83W", "height": 2.467625379562378, "hmax": 0.0, "ratio": 0.0, "vulnClass": "none"}}, {"type": "Feature", "geometry": {"type": "MultiPolygon", "coordinates": [[[[72.178568, 34.2294247], [72.1785736, 34.2293745], [72.1785416, 34.229372], [72.1785066, 34.2293693], [72.178501, 34.2294196], [72.178568, 34.2294247]]]]}, "properties": {"id": "8J6J65HH+QC3R", "height": 4.130136489868164, "hmax": 0.0, "ratio": 0.0, "vulnClass": "none"}}, {"type": "Feature", "geometry": {"type": "MultiPolygon", "coordinates": [[[[72.17863439, 34.22931538], [72.1785791, 34.22931143], [72.17857619, 34.22933949], [72.17863149, 34.22934344], [72.17863439, 34.22931538]]]]}, "properties": {"id": "8J6J65HH+PCQ3", "height": 2.869609832763672, "hmax": 0.0, "ratio": 0.0, "vulnClass": "none"}}, {"type": "Feature", "geometry": {"type": "MultiPolygon", "coordinates": [[[[72.17870177, 34.22901714], [72.1785882, 34.22900692], [72.17858379, 34.22904071], [72.17869737, 34.22905093], [72.17870177, 34.22901714]]]]}, "properties": {"id": "8J6J65HH+JF64", "height": 3.050723552703857, "hmax": 0.0, "ratio": 0.0, "vulnClass": "none"}}, {"type": "Feature", "geometry": {"type": "MultiPolygon", "coordinates": [[[[72.17858379, 34.22904071], [72.17853045, 34.22903591], [72.17851574, 34.22914863], [72.17856908, 34.22915343], [72.17858379, 34.22904071]]]]}, "properties": {"id": "8J6J65HH+JCMP", "height": 2.832345247268677, "hmax": 0.0, "ratio": 0.0, "vulnClass": "none"}}, {"type": "Feature", "geometry": {"type": "MultiPolygon", "coordinates": [[[[72.17853045, 34.22903591], [72.17846408, 34.22902993], [72.17845505, 34.22909915], [72.17852142, 34.22910513], [72.17853045, 34.22903591]]]]}, "properties": {"id": "8J6J65HH+J9HQ", "height": 2.832345247268677, "hmax": 0.0, "ratio": 0.0, "vulnClass": "none"}}, {"type": "Feature", "geometry": {"type": "MultiPolygon", "coordinates": [[[[72.17846061, 34.22903254], [72.17838636, 34.2290266], [72.17837693, 34.22910792], [72.17845118, 34.22911386], [72.17846061, 34.22903254]]]]}, "properties": {"id": "8J6J65HH+J9FV", "height": 2.793935298919678, "hmax": 0.0, "ratio": 0.0, "vulnClass": "none"}}, {"type": "Feature", "geometry": {"type": "MultiPolygon", "coordinates": [[[[72.17847711, 34.22918028], [72.17840895, 34.22917483], [72.17840264, 34.22922922], [72.1784708, 34.22923467], [72.17847711, 34.22918028]]]]}, "properties": {"id": "8J6J65HH+M9P2", "height": 2.738481283187866, "hmax": 0.0, "ratio": 0.0, "vulnClass": "none"}}, {"type": "Feature", "geometry": {"type": "MultiPolygon", "coordinates": [[[[72.17849937, 34.22923259], [72.17840888, 34.22922599], [72.17840108, 34.2292998], [72.17849157, 34.2293064], [72.17849937, 34.22923259]]]]}, "properties": {"id": "8J6J65HH+P94M", "height": 2.672533273696899, "hmax": 0.0, "ratio": 0.0, "vulnClass": "none"}}, {"type": "Feature", "geometry": {"type": "MultiPolygon", "coordinates": [[[[72.17840888, 34.22922599], [72.17836396, 34.22922272], [72.17835616, 34.22929653], [72.17840108, 34.2292998], [72.17840888, 34.22922599]]]]}, "properties": {"id": "8J6J65HH+P92C", "height": 2.853563785552979, "hmax": 0.0, "ratio": 0.0, "vulnClass": "none"}}, {"type": "Feature", "geometry": {"type": "MultiPolygon", "coordinates": [[[[72.17836121, 34.22924353], [72.1783212, 34.22924033], [72.17831391, 34.2293032], [72.17835392, 34.2293064], [72.17836121, 34.22924353]]]]}, "properties": {"id": "8J6J65HH+P84X", "height": 2.721158504486084, "hmax": 0.0, "ratio": 0.0, "vulnClass": "none"}}, {"type": "Feature", "geometry": {"type": "MultiPolygon", "coordinates": [[[[72.17822579, 34.22914702], [72.17817768, 34.22914351], [72.178163, 34.22928245], [72.17828538, 34.22929137], [72.17828924, 34.22925483], [72.17821496, 34.22924942], [72.17822579, 34.22914702]]]]}, "properties": {"id": "8J6J65HH+M7W8", "height": 3.431084156036377, "hmax": 0.0, "ratio": 0.0, "vulnClass": "none"}}, {"type": "Feature", "geometry": {"type": "MultiPolygon", "coordinates": [[[[72.178236, 34.2290503], [72.1781879, 34.2290468], [72.1781777, 34.2291435], [72.1783708, 34.2291576], [72.1783777, 34.2290928], [72.1783404, 34.2290901], [72.1783378, 34.2291149], [72.17823, 34.229107], [72.178236, 34.2290503]]]]}, "properties": {"id": "8J6J65HH+J8RP", "height": 3.882651090621948, "hmax": 0.0, "ratio": 0.0, "vulnClass": "none"}}, {"type": "Feature", "geometry": {"type": "MultiPolygon", "coordinates": [[[[72.17834749, 34.22969324], [72.17822294, 34.22968376], [72.17820475, 34.22984874], [72.17832931, 34.22985821], [72.17834749, 34.22969324]]]]}, "properties": {"id": "8J6J65HH+W82X", "height": 2.610147714614868, "hmax": 0.0, "ratio": 0.0, "vulnClass": "none"}}, {"type": "Feature", "geometry": {"type": "MultiPolygon", "coordinates": [[[[72.17801293, 34.22963592], [72.17796274, 34.22963211], [72.17794107, 34.22982868], [72.17820475, 34.22984874], [72.17821464, 34.22975904], [72.17800115, 34.2297428], [72.17801293, 34.22963592]]]]}, "properties": {"id": "8J6J65HH+W63X", "height": 2.858609914779663, "hmax": 0.0, "ratio": 0.0, "vulnClass": "none"}}, {"type": "Feature", "geometry": {"type": "MultiPolygon", "coordinates": [[[[72.1755744, 34.2291632], [72.1755773, 34.2291167], [72.1753661, 34.2291076], [72.1753632, 34.229154], [72.1755744, 34.2291632]]]]}, "properties": {"id": "8J6J65HG+M55C", "height": 2.819260597229004, "hmax": 0.0, "ratio": 0.0, "vulnClass": "none"}}, {"type": "Feature", "geometry": {"type": "MultiPolygon", "coordinates": [[[[72.17582476, 34.22893042], [72.17582043, 34.2288847], [72.1757349, 34.22888965], [72.1757388, 34.22893603], [72.17582476, 34.22893042]]]]}, "properties": {"id": "8J6J65HG+H86H", "height": 3.049469470977783, "hmax": 0.0, "ratio": 0.0, "vulnClass": "none"}}, {"type": "Feature", "geometry": {"type": "MultiPolygon", "coordinates": [[[[72.1757439, 34.2288459], [72.1757048, 34.2288436], [72.1756941, 34.2289672], [72.1757332, 34.2289695], [72.1757439, 34.2288459]]]]}, "properties": {"id": "8J6J65HG+H796", "height": 3.333922624588013, "hmax": 0.0, "ratio": 0.0, "vulnClass": "none"}}, {"type": "Feature", "geometry": {"type": "MultiPolygon", "coordinates": [[[[72.17574452, 34.22885398], [72.17575049, 34.22876654], [72.175565, 34.2287578], [72.17555646, 34.22888282], [72.17564933, 34.22888719], [72.1756519, 34.22884961], [72.17574452, 34.22885398]]]]}, "properties": {"id": "8J6J65HG+G7CP", "height": 3.333922624588013, "hmax": 0.0, "ratio": 0.0, "vulnClass": "none"}}, {"type": "Feature", "geometry": {"type": "MultiPolygon", "coordinates": [[[[72.1755373, 34.2285631], [72.1752827, 34.2285539], [72.17528, 34.2286057], [72.1753017, 34.2286064], [72.1752965, 34.2287052], [72.1755294, 34.2287136], [72.1755373, 34.2285631]]]]}, "properties": {"id": "8J6J65HG+F536", "height": 3.654183149337769, "hmax": 0.0, "ratio": 0.0, "vulnClass": "none"}}, {"type": "Feature", "geometry": {"type": "MultiPolygon", "coordinates": [[[[72.17942252, 34.23205751], [72.17936771, 34.23204755], [72.17933757, 34.23216198], [72.17953406, 34.23219768], [72.17955273, 34.23212678], [72.17941106, 34.23210104], [72.17942252, 34.23205751]]]]}, "properties": {"id": "8J6J65JH+VQ39", "height": 2.639213800430298, "hmax": 0.0, "ratio": 0.0, "vulnClass": "none"}}, {"type": "Feature", "geometry": {"type": "MultiPolygon", "coordinates": [[[[72.18091194, 34.230744], [72.18063998, 34.23070745], [72.18062495, 34.23078459], [72.18110257, 34.23084878], [72.1811092, 34.23081476], [72.18090354, 34.23078712], [72.18091194, 34.230744]]]]}, "properties": {"id": "8J6J65JJ+8883", "height": 3.083560228347778, "hmax": 0.0, "ratio": 0.0, "vulnClass": "none"}}, {"type": "Feature", "geometry": {"type": "MultiPolygon", "coordinates": [[[[72.18071153, 34.23098009], [72.18060379, 34.2309629], [72.18059566, 34.23099806], [72.1807034, 34.23101525], [72.18071153, 34.23098009]]]]}, "properties": {"id": "8J6J65JJ+97RH", "height": 9.54851245880127, "hmax": 0.0, "ratio": 0.0, "vulnClass": "none"}}, {"type": "Feature", "geometry": {"type": "MultiPolygon", "coordinates": [[[[72.18083024, 34.23107612], [72.18079923, 34.23107315], [72.18079495, 34.23110399], [72.18082595, 34.23110696], [72.18083024, 34.23107612]]]]}, "properties": {"id": "8J6J65JJ+C8PJ", "height": 2.560225963592529, "hmax": 0.0, "ratio": 0.0, "vulnClass": "none"}}, {"type": "Feature", "geometry": {"type": "MultiPolygon", "coordinates": [[[[72.18134616, 34.2311586], [72.18137265, 34.23098413], [72.1812447, 34.23097072], [72.18123302, 34.23104762], [72.18111172, 34.23103491], [72.18108853, 34.2311876], [72.18114557, 34.23119357], [72.18115394, 34.23113846], [72.18134616, 34.2311586]]]]}, "properties": {"id": "8J6J65JJ+CFQ8", "height": 7.51566743850708, "hmax": 0.0, "ratio": 0.0, "vulnClass": "none"}}, {"type": "Feature", "geometry": {"type": "MultiPolygon", "coordinates": [[[[72.18105876, 34.23111454], [72.18088742, 34.23108834], [72.18087181, 34.23115875], [72.18104316, 34.23118495], [72.18105876, 34.23111454]]]]}, "properties": {"id": "8J6J65JJ+F94H", "height": 3.023579359054565, "hmax": 0.0, "ratio": 0.0, "vulnClass": "none"}}, {"type": "Feature", "geometry": {"type": "MultiPolygon", "coordinates": [[[[72.1811819, 34.2312994], [72.1811059, 34.23127818], [72.18104695, 34.23142381], [72.18130644, 34.23149628], [72.18133426, 34.23142758], [72.18115076, 34.23137633], [72.1811819, 34.2312994]]]]}, "properties": {"id": "8J6J65JJ+HF74", "height": 4.833859443664551, "hmax": 0.0, "ratio": 0.0, "vulnClass": "none"}}, {"type": "Feature", "geometry": {"type": "MultiPolygon", "coordinates": [[[[72.18139865, 34.2312545], [72.18137211, 34.2312532], [72.18136961, 34.23128829], [72.18139615, 34.23128959], [72.18139865, 34.2312545]]]]}, "properties": {"id": "8J6J65JJ+GH2V", "height": 2.93996524810791, "hmax": 0.0, "ratio": 0.0, "vulnClass": "none"}}, {"type": "Feature", "geometry": {"type": "MultiPolygon", "coordinates": [[[[72.1813355, 34.2314267], [72.1813077, 34.2314968], [72.1815368, 34.2315595], [72.1815646, 34.2314894], [72.1813355, 34.2314267]]]]}, "properties": {"id": "8J6J65JJ+HHVQ", "height": 4.833859443664551, "hmax": 0.0, "ratio": 0.0, "vulnClass": "none"}}, {"type": "Feature", "geometry": {"type": "MultiPolygon", "coordinates": [[[[72.18152242, 34.23117081], [72.18138276, 34.23115877], [72.18137999, 34.23118091], [72.18151965, 34.23119295], [72.18152242, 34.23117081]]]]}, "properties": {"id": "8J6J65JJ+FHG3", "height": 2.752509117126465, "hmax": 0.0, "ratio": 0.0, "vulnClass": "none"}}, {"type": "Feature", "geometry": {"type": "MultiPolygon", "coordinates": [[[[72.18159368, 34.23127738], [72.18162211, 34.23104987], [72.18159097, 34.23104719], [72.18158409, 34.23110224], [72.18144227, 34.23109001], [72.18143313, 34.23116311], [72.18152242, 34.23117081], [72.18151, 34.23127016], [72.18159368, 34.23127738]]]]}, "properties": {"id": "8J6J65JJ+FJ7F", "height": 4.543521404266357, "hmax": 0.0, "ratio": 0.0, "vulnClass": "none"}}, {"type": "Feature", "geometry": {"type": "MultiPolygon", "coordinates": [[[[72.18162883, 34.23099609], [72.18159769, 34.2309934], [72.18159358, 34.23102628], [72.18162473, 34.23102896], [72.18162883, 34.23099609]]]]}, "properties": {"id": "8J6J65JJ+CJ5G", "height": 4.355002403259277, "hmax": 0.0, "ratio": 0.0, "vulnClass": "none"}}, {"type": "Feature", "geometry": {"type": "MultiPolygon", "coordinates": [[[[72.18163907, 34.23091415], [72.1815554, 34.23090693], [72.18154684, 34.23097541], [72.18163052, 34.23098262], [72.18163907, 34.23091415]]]]}, "properties": {"id": "8J6J65JJ+9JGQ", "height": 3.574068546295166, "hmax": 0.0, "ratio": 0.0, "vulnClass": "none"}}, {"type": "Feature", "geometry": {"type": "MultiPolygon", "coordinates": [[[[72.18148299, 34.23076008], [72.18143312, 34.23075578], [72.18141574, 34.23089489], [72.18146561, 34.23089919], [72.18147168, 34.23085063], [72.18144633, 34.23084845], [72.18145214, 34.23080192], [72.18147749, 34.23080411], [72.18148299, 34.23076008]]]]}, "properties": {"id": "8J6J65JJ+8HP3", "height": 4.947770595550537, "hmax": 0.0, "ratio": 0.0, "vulnClass": "none"}}, {"type": "Feature", "geometry": {"type": "MultiPolygon", "coordinates": [[[[72.18120908, 34.23078855], [72.181159, 34.23078422], [72.18115485, 34.23081733], [72.18120493, 34.23082166], [72.18120908, 34.23078855]]]]}, "properties": {"id": "8J6J65JJ+8FF5", "height": 3.455080509185791, "hmax": 0.0, "ratio": 0.0, "vulnClass": "none"}}, {"type": "Feature", "geometry": {"type": "MultiPolygon", "coordinates": [[[[72.18139128, 34.2308857], [72.18130902, 34.23087663], [72.18130305, 34.23091395], [72.18138532, 34.23092302], [72.18139128, 34.2308857]]]]}, "properties": {"id": "8J6J65JJ+9G5R", "height": 2.648642778396606, "hmax": 0.0, "ratio": 0.0, "vulnClass": "none"}}, {"type": "Feature", "geometry": {"type": "MultiPolygon", "coordinates": [[[[72.18138225, 34.23091808], [72.18135278, 34.23091568], [72.18134719, 34.23096285], [72.18137666, 34.23096526], [72.18138225, 34.23091808]]]]}, "properties": {"id": "8J6J65JJ+9GHP", "height": 5.821578502655029, "hmax": 0.0, "ratio": 0.0, "vulnClass": "none"}}, {"type": "Feature", "geometry": {"type": "MultiPolygon", "coordinates": [[[[72.18106826, 34.23099974], [72.18071977, 34.23094405], [72.18070329, 34.2310152], [72.18105178, 34.23107088], [72.18106826, 34.23099974]]]]}, "properties": {"id": "8J6J65JJ+C927", "height": 9.69620132446289, "hmax": 0.0, "ratio": 0.0, "vulnClass": "none"}}, {"type": "Feature", "geometry": {"type": "MultiPolygon", "coordinates": [[[[72.1812035, 34.23084093], [72.18114281, 34.23083528], [72.18113459, 34.23089619], [72.18128242, 34.23090996], [72.18129064, 34.23084904], [72.18129941, 34.23084986], [72.18130303, 34.23082302], [72.18120712, 34.23081409], [72.1812035, 34.23084093]]]]}, "properties": {"id": "8J6J65JJ+8FXC", "height": 3.060667037963867, "hmax": 0.0, "ratio": 0.0, "vulnClass": "none"}}, {"type": "Feature", "geometry": {"type": "MultiPolygon", "coordinates": [[[[72.18112587, 34.23067183], [72.18108071, 34.2306671], [72.18107614, 34.23069717], [72.1811213, 34.23070191], [72.18112587, 34.23067183]]]]}, "properties": {"id": "8J6J65JJ+7CH6", "height": 4.593558788299561, "hmax": 0.0, "ratio": 0.0, "vulnClass": "none"}}, {"type": "Feature", "geometry": {"type": "MultiPolygon", "coordinates": [[[[72.18097954, 34.23067751], [72.18093127, 34.23067393], [72.18092731, 34.23071072], [72.18097558, 34.2307143], [72.18097954, 34.23067751]]]]}, "properties": {"id": "8J6J65JJ+79GP", "height": 2.964476585388184, "hmax": 0.0, "ratio": 0.0, "vulnClass": "none"}}, {"type": "Feature", "geometry": {"type": "MultiPolygon", "coordinates": [[[[72.18101318, 34.23052498], [72.18086295, 34.23050483], [72.18083777, 34.23063437], [72.18098799, 34.23065452], [72.18099465, 34.23062028], [72.18093835, 34.23061273], [72.18095018, 34.23055188], [72.18100648, 34.23055943], [72.18101318, 34.23052498]]]]}, "properties": {"id": "8J6J65JJ+69M3", "height": 4.711434364318848, "hmax": 0.0, "ratio": 0.0, "vulnClass": "none"}}, {"type": "Feature", "geometry": {"type": "MultiPolygon", "coordinates": [[[[72.18144129, 34.23054522], [72.1812109, 34.23051495], [72.18119738, 34.23058593], [72.18142777, 34.2306162], [72.18144129, 34.23054522]]]]}, "properties": {"id": "8J6J65JJ+6GGJ", "height": 3.739331245422363, "hmax": 0.0, "ratio": 0.0, "vulnClass": "none"}}, {"type": "Feature", "geometry": {"type": "MultiPolygon", "coordinates": [[[[72.18124146, 34.23064979], [72.18118346, 34.23064429], [72.18117782, 34.23068533], [72.18123582, 34.23069083], [72.18124146, 34.23064979]]]]}, "properties": {"id": "8J6J65JJ+7F8P", "height": 4.904930114746094, "hmax": 0.0, "ratio": 0.0, "vulnClass": "none"}}, {"type": "Feature", "geometry": {"type": "MultiPolygon", "coordinates": [[[[72.18142558, 34.23063704], [72.18139808, 34.23063444], [72.18139398, 34.23066425], [72.18135501, 34.23066055], [72.18134938, 34.23070159], [72.18141584, 34.23070789], [72.18142558, 34.23063704]]]]}, "properties": {"id": "8J6J65JJ+7HC4", "height": 3.423783302307129, "hmax": 0.0, "ratio": 0.0, "vulnClass": "none"}}, {"type": "Feature", "geometry": {"type": "MultiPolygon", "coordinates": [[[[72.18149596, 34.2306534], [72.18145563, 34.23065051], [72.18145148, 34.23069047], [72.18149181, 34.23069336], [72.18149596, 34.2306534]]]]}, "properties": {"id": "8J6J65JJ+7H9R", "height": 3.178091049194336, "hmax": 0.0, "ratio": 0.0, "vulnClass": "none"}}, {"type": "Feature", "geometry": {"type": "MultiPolygon", "coordinates": [[[[72.18190569, 34.23157892], [72.18174955, 34.23155375], [72.18173177, 34.23162987], [72.18186354, 34.23165112], [72.18185947, 34.23166852], [72.18188384, 34.23167245], [72.18190569, 34.23157892]]]]}, "properties": {"id": "8J6J65JJ+JPW7", "height": 2.696733713150024, "hmax": 0.0, "ratio": 0.0, "vulnClass": "none"}}, {"type": "Feature", "geometry": {"type": "MultiPolygon", "coordinates": [[[[72.1810109, 34.23167974], [72.18087083, 34.23165153], [72.18085905, 34.23169187], [72.18099912, 34.23172008], [72.1810109, 34.23167974]]]]}, "properties": {"id": "8J6J65JJ+M9FH", "height": 3.045745849609375, "hmax": 0.0, "ratio": 0.0, "vulnClass": "none"}}, {"type": "Feature", "geometry": {"type": "MultiPolygon", "coordinates": [[[[72.1823148, 34.2297282], [72.1822673, 34.2297224], [72.1822595, 34.2297666], [72.1824053, 34.2297844], [72.1824149, 34.2297304], [72.1823652, 34.2297244], [72.1823165, 34.2297184], [72.1823148, 34.2297282]]]]}, "properties": {"id": "8J6J65HJ+WW45", "height": 2.461285591125488, "hmax": 0.0, "ratio": 0.0, "vulnClass": "none"}}, {"type": "Feature", "geometry": {"type": "MultiPolygon", "coordinates": [[[[72.1821495, 34.22966373], [72.1820646, 34.22965367], [72.18204465, 34.22976981], [72.18221113, 34.22978954], [72.18221586, 34.22976204], [72.18213427, 34.22975237], [72.1821495, 34.22966373]]]]}, "properties": {"id": "8J6J65HJ+VRX4", "height": 2.819351196289062, "hmax": 0.0, "ratio": 0.0, "vulnClass": "none"}}, {"type": "Feature", "geometry": {"type": "MultiPolygon", "coordinates": [[[[72.18217466, 34.22951067], [72.18208918, 34.22950101], [72.1820631, 34.22966026], [72.18214857, 34.22966992], [72.18217466, 34.22951067]]]]}, "properties": {"id": "8J6J65HJ+RRQH", "height": 2.920131683349609, "hmax": 0.0, "ratio": 0.0, "vulnClass": "none"}}, {"type": "Feature", "geometry": {"type": "MultiPolygon", "coordinates": [[[[72.18187088, 34.22958784], [72.18181152, 34.22958183], [72.18180634, 34.22961715], [72.18186569, 34.22962316], [72.18187088, 34.22958784]]]]}, "properties": {"id": "8J6J65HJ+RPW5", "height": 3.637855052947998, "hmax": 0.0, "ratio": 0.0, "vulnClass": "none"}}, {"type": "Feature", "geometry": {"type": "MultiPolygon", "coordinates": [[[[72.18203612, 34.22950778], [72.18188247, 34.22949289], [72.18187137, 34.22957197], [72.18202502, 34.22958685], [72.18203612, 34.22950778]]]]}, "properties": {"id": "8J6J65HJ+RQ8G", "height": 2.979768037796021, "hmax": 0.0, "ratio": 0.0, "vulnClass": "none"}}, {"type": "Feature", "geometry": {"type": "MultiPolygon", "coordinates": [[[[72.18181352, 34.22956826], [72.18165129, 34.22955183], [72.18164411, 34.22960072], [72.18180634, 34.22961715], [72.18181352, 34.22956826]]]]}, "properties": {"id": "8J6J65HJ+RMQ7", "height": 4.177655696868896, "hmax": 0.0, "ratio": 0.0, "vulnClass": "none"}}, {"type": "Feature", "geometry": {"type": "MultiPolygon", "coordinates": [[[[72.18183921, 34.22978332], [72.18175744, 34.22977602], [72.18175082, 34.22982722], [72.18183258, 34.22983452], [72.18183921, 34.22978332]]]]}, "properties": {"id": "8J6J65HJ+WPF7", "height": 5.007376670837402, "hmax": 0.0, "ratio": 0.0, "vulnClass": "none"}}, {"type": "Feature", "geometry": {"type": "MultiPolygon", "coordinates": [[[[72.18216413, 34.22978364], [72.1820463, 34.22976645], [72.18203821, 34.22980471], [72.18215603, 34.2298219], [72.18216413, 34.22978364]]]]}, "properties": {"id": "8J6J65HJ+WR9J", "height": 2.695865392684937, "hmax": 0.0, "ratio": 0.0, "vulnClass": "none"}}, {"type": "Feature", "geometry": {"type": "MultiPolygon", "coordinates": [[[[72.18209383, 34.22991141], [72.18201633, 34.22990399], [72.18199862, 34.23003173], [72.18207612, 34.23003914], [72.18209383, 34.22991141]]]]}, "properties": {"id": "8J6J65HJ+XRMV", "height": 3.863913536071777, "hmax": 0.0, "ratio": 0.0, "vulnClass": "none"}}, {"type": "Feature", "geometry": {"type": "MultiPolygon", "coordinates": [[[[72.18177977, 34.23019578], [72.18180741, 34.22994795], [72.18176766, 34.2299449], [72.18176423, 34.2299756], [72.18169496, 34.22997027], [72.18168813, 34.2300315], [72.1817574, 34.23003683], [72.18174002, 34.23019272], [72.18177977, 34.23019578]]]]}, "properties": {"id": "8J6J65JJ+2PC3", "height": 5.831729412078857, "hmax": 0.0, "ratio": 0.0, "vulnClass": "none"}}, {"type": "Feature", "geometry": {"type": "MultiPolygon", "coordinates": [[[[72.18216831, 34.23002957], [72.18212599, 34.23002622], [72.1821226, 34.2300558], [72.18216492, 34.23005915], [72.18216831, 34.23002957]]]]}, "properties": {"id": "8J6J65JJ+2V6P", "height": 6.519535541534424, "hmax": 0.0, "ratio": 0.0, "vulnClass": "none"}}, {"type": "Feature", "geometry": {"type": "MultiPolygon", "coordinates": [[[[72.18256383, 34.23031579], [72.18252894, 34.23031252], [72.18251797, 34.23039327], [72.18262544, 34.23040334], [72.18262976, 34.23037157], [72.18260068, 34.23036884], [72.1826042, 34.23034289], [72.1825607, 34.23033881], [72.18256383, 34.23031579]]]]}, "properties": {"id": "8J6J65JM+42WJ", "height": 2.915862560272217, "hmax": 0.0, "ratio": 0.0, "vulnClass": "none"}}, {"type": "Feature", "geometry": {"type": "MultiPolygon", "coordinates": [[[[72.18253179, 34.23030147], [72.18248168, 34.23029595], [72.18246777, 34.23038307], [72.18251788, 34.23038859], [72.18253179, 34.23030147]]]]}, "properties": {"id": "8J6J65JJ+4XQQ", "height": 3.115367889404297, "hmax": 0.0, "ratio": 0.0, "vulnClass": "none"}}, {"type": "Feature", "geometry": {"type": "MultiPolygon", "coordinates": [[[[72.18172238, 34.23047163], [72.18164944, 34.23046461], [72.18163732, 34.23055155], [72.18171026, 34.23055856], [72.18172238, 34.23047163]]]]}, "properties": {"id": "8J6J65JJ+6M3H", "height": 7.101905822753906, "hmax": 0.0, "ratio": 0.0, "vulnClass": "none"}}, {"type": "Feature", "geometry": {"type": "MultiPolygon", "coordinates": [[[[72.18134972, 34.23032888], [72.18123235, 34.23031931], [72.18122362, 34.23039311], [72.181341, 34.23040268], [72.18134972, 34.23032888]]]]}, "properties": {"id": "8J6J65JJ+4GVC", "height": 2.832380056381226, "hmax": 0.0, "ratio": 0.0, "vulnClass": "none"}}, {"type": "Feature", "geometry": {"type": "MultiPolygon", "coordinates": [[[[72.18120853, 34.23023689], [72.18116766, 34.23023341], [72.18116424, 34.23026106], [72.18120511, 34.23026454], [72.18120853, 34.23023689]]]]}, "properties": {"id": "8J6J65JJ+3FVX", "height": 3.888158082962036, "hmax": 0.0, "ratio": 0.0, "vulnClass": "none"}}, {"type": "Feature", "geometry": {"type": "MultiPolygon", "coordinates": [[[[72.18135953, 34.23024591], [72.18124215, 34.23023634], [72.18123235, 34.23031931], [72.18134972, 34.23032888], [72.18135953, 34.23024591]]]]}, "properties": {"id": "8J6J65JJ+4G77", "height": 3.79494571685791, "hmax": 0.0, "ratio": 0.0, "vulnClass": "none"}}, {"type": "Feature", "geometry": {"type": "MultiPolygon", "coordinates": [[[[72.18147529, 34.23028468], [72.18135609, 34.23027497], [72.18134531, 34.23036621], [72.18146451, 34.23037593], [72.18147529, 34.23028468]]]]}, "properties": {"id": "8J6J65JJ+4HM2", "height": 3.468987464904785, "hmax": 0.0, "ratio": 0.0, "vulnClass": "none"}}, {"type": "Feature", "geometry": {"type": "MultiPolygon", "coordinates": [[[[72.18177209, 34.23021172], [72.18152241, 34.23018511], [72.18150958, 34.23026814], [72.18175926, 34.23029475], [72.18177209, 34.23021172]]]]}, "properties": {"id": "8J6J65JJ+3MRG", "height": 4.387393951416016, "hmax": 0.0, "ratio": 0.0, "vulnClass": "none"}}, {"type": "Feature", "geometry": {"type": "MultiPolygon", "coordinates": [[[[72.18143123, 34.23005753], [72.18134882, 34.23005096], [72.18134459, 34.23008754], [72.181427, 34.23009411], [72.18143123, 34.23005753]]]]}, "properties": {"id": "8J6J65JJ+2HCV", "height": 3.624319076538086, "hmax": 0.0, "ratio": 0.0, "vulnClass": "none"}}, {"type": "Feature", "geometry": {"type": "MultiPolygon", "coordinates": [[[[72.18117168, 34.22998248], [72.18116857, 34.23001389], [72.18123806, 34.23001864], [72.18124118, 34.22998723], [72.18117168, 34.22998248]]]]}, "properties": {"id": "8J6J65JJ+2F44", "height": 5.970019340515137, "hmax": 0.0, "ratio": 0.0, "vulnClass": "none"}}, {"type": "Feature", "geometry": {"type": "MultiPolygon", "coordinates": [[[[72.18122942, 34.23008835], [72.18117865, 34.23008504], [72.18116897, 34.23018745], [72.18121975, 34.23019076], [72.18122942, 34.23008835]]]]}, "properties": {"id": "8J6J65JJ+3F4F", "height": 5.360433578491211, "hmax": 0.0, "ratio": 0.0, "vulnClass": "none"}}, {"type": "Feature", "geometry": {"type": "MultiPolygon", "coordinates": [[[[72.18148406, 34.23021047], [72.18136486, 34.23020075], [72.18135609, 34.23027497], [72.18147529, 34.23028468], [72.18148406, 34.23021047]]]]}, "properties": {"id": "8J6J65JJ+3HVM", "height": 5.109763145446777, "hmax": 0.0, "ratio": 0.0, "vulnClass": "none"}}, {"type": "Feature", "geometry": {"type": "MultiPolygon", "coordinates": [[[[72.18100209, 34.23022036], [72.18095946, 34.23022229], [72.18096151, 34.23025337], [72.18100414, 34.23025143], [72.18100209, 34.23022036]]]]}, "properties": {"id": "8J6J65JJ+39XF", "height": 3.144557952880859, "hmax": 0.0, "ratio": 0.0, "vulnClass": "none"}}, {"type": "Feature", "geometry": {"type": "MultiPolygon", "coordinates": [[[[72.18096692, 34.23021361], [72.18097061, 34.23017452], [72.18092543, 34.23017158], [72.18092174, 34.23021067], [72.18096692, 34.23021361]]]]}, "properties": {"id": "8J6J65JJ+39GM", "height": 3.029727220535278, "hmax": 0.0, "ratio": 0.0, "vulnClass": "none"}}, {"type": "Feature", "geometry": {"type": "MultiPolygon", "coordinates": [[[[72.18105348, 34.23013913], [72.1809706, 34.23013341], [72.18096163, 34.23022316], [72.18110194, 34.23023283], [72.18110546, 34.23019761], [72.18104803, 34.23019366], [72.18105348, 34.23013913]]]]}, "properties": {"id": "8J6J65JJ+3CCG", "height": 4.077365875244141, "hmax": 0.0, "ratio": 0.0, "vulnClass": "none"}}, {"type": "Feature", "geometry": {"type": "MultiPolygon", "coordinates": [[[[72.18117408, 34.23013342], [72.18111157, 34.23012934], [72.18110908, 34.23015564], [72.18117159, 34.23015972], [72.18117408, 34.23013342]]]]}, "properties": {"id": "8J6J65JJ+3F2P", "height": 3.969440698623657, "hmax": 0.0, "ratio": 0.0, "vulnClass": "none"}}, {"type": "Feature", "geometry": {"type": "MultiPolygon", "coordinates": [[[[72.1812336, 34.2300422], [72.1811434, 34.230036], [72.1811379, 34.230091], [72.1812281, 34.2300972], [72.1812336, 34.2300422]]]]}, "properties": {"id": "8J6J65JJ+2FFQ", "height": 5.483080863952637, "hmax": 0.0, "ratio": 0.0, "vulnClass": "none"}}, {"type": "Feature", "geometry": {"type": "MultiPolygon", "coordinates": [[[[72.18108989, 34.23003248], [72.18098468, 34.23002562], [72.18098029, 34.23007211], [72.18105565, 34.23007703], [72.18105743, 34.2300582], [72.18108727, 34.23006015], [72.18108989, 34.23003248]]]]}, "properties": {"id": "8J6J65JJ+2CC5", "height": 4.365408897399902, "hmax": 0.0, "ratio": 0.0, "vulnClass": "none"}}, {"type": "Feature", "geometry": {"type": "MultiPolygon", "coordinates": [[[[72.18098029, 34.23007211], [72.18093511, 34.23006917], [72.18092805, 34.23014384], [72.18097323, 34.23014679], [72.18098029, 34.23007211]]]]}, "properties": {"id": "8J6J65JJ+29W8", "height": 3.158224105834961, "hmax": 0.0, "ratio": 0.0, "vulnClass": "none"}}, {"type": "Feature", "geometry": {"type": "MultiPolygon", "coordinates": [[[[72.18111614, 34.23008097], [72.18098029, 34.23007211], [72.18097572, 34.23012049], [72.18108092, 34.23012735], [72.18108328, 34.23010237], [72.18111393, 34.23010437], [72.18111614, 34.23008097]]]]}, "properties": {"id": "8J6J65JJ+2CMV", "height": 4.301121234893799, "hmax": 0.0, "ratio": 0.0, "vulnClass": "none"}}, {"type": "Feature", "geometry": {"type": "MultiPolygon", "coordinates": [[[[72.18095668, 34.23007767], [72.18091884, 34.23007506], [72.1809176, 34.23008751], [72.18095544, 34.23009011], [72.18095668, 34.23007767]]]]}, "properties": {"id": "8J6J65JJ+29M9", "height": 2.576000928878784, "hmax": 0.0, "ratio": 0.0, "vulnClass": "none"}}, {"type": "Feature", "geometry": {"type": "MultiPolygon", "coordinates": [[[[72.18089097, 34.23007067], [72.18086032, 34.23006535], [72.18085093, 34.23010265], [72.18088158, 34.23010797], [72.18089097, 34.23007067]]]]}, "properties": {"id": "8J6J65JJ+28QH", "height": 2.519845724105835, "hmax": 0.0, "ratio": 0.0, "vulnClass": "none"}}, {"type": "Feature", "geometry": {"type": "MultiPolygon", "coordinates": [[[[72.18096321, 34.23002422], [72.18089461, 34.23001975], [72.18089199, 34.23004742], [72.1809606, 34.23005189], [72.18096321, 34.23002422]]]]}, "properties": {"id": "8J6J65JJ+297G", "height": 2.622257947921753, "hmax": 0.0, "ratio": 0.0, "vulnClass": "none"}}, {"type": "Feature", "geometry": {"type": "MultiPolygon", "coordinates": [[[[72.18080241, 34.23001424], [72.18075683, 34.23000991], [72.18075052, 34.23005579], [72.1807961, 34.23006011], [72.18080241, 34.23001424]]]]}, "properties": {"id": "8J6J65JJ+286H", "height": 2.602957248687744, "hmax": 0.0, "ratio": 0.0, "vulnClass": "none"}}, {"type": "Feature", "geometry": {"type": "MultiPolygon", "coordinates": [[[[72.18083642, 34.2303323], [72.18070668, 34.23031636], [72.18069329, 34.23039155], [72.18082303, 34.23040749], [72.18083642, 34.2303323]]]]}, "properties": {"id": "8J6J65JJ+48RF", "height": 2.670867919921875, "hmax": 0.0, "ratio": 0.0, "vulnClass": "none"}}, {"type": "Feature", "geometry": {"type": "MultiPolygon", "coordinates": [[[[72.18089209, 34.23034647], [72.18082502, 34.23034266], [72.18081877, 34.2304188], [72.18088583, 34.2304226], [72.18089209, 34.23034647]]]]}, "properties": {"id": "8J6J65JJ+5857", "height": 2.700269222259521, "hmax": 0.0, "ratio": 0.0, "vulnClass": "none"}}, {"type": "Feature", "geometry": {"type": "MultiPolygon", "coordinates": [[[[72.18099638, 34.23032484], [72.18109208, 34.23033144], [72.18110194, 34.23023283], [72.18100623, 34.23022623], [72.18099638, 34.23032484]]]]}, "properties": {"id": "8J6J65JJ+4C74", "height": 4.094404220581055, "hmax": 0.0, "ratio": 0.0, "vulnClass": "none"}}, {"type": "Feature", "geometry": {"type": "MultiPolygon", "coordinates": [[[[72.1810868, 34.23035185], [72.18103305, 34.23034781], [72.18102286, 34.23044132], [72.1810766, 34.23044536], [72.1810868, 34.23035185]]]]}, "properties": {"id": "8J6J65JJ+5C3X", "height": 3.78105640411377, "hmax": 0.0, "ratio": 0.0, "vulnClass": "none"}}, {"type": "Feature", "geometry": {"type": "MultiPolygon", "coordinates": [[[[72.18097311, 34.23035516], [72.18088947, 34.23034864], [72.180881, 34.23042365], [72.18096464, 34.23043017], [72.18097311, 34.23035516]]]]}, "properties": {"id": "8J6J65JJ+593G", "height": 2.700269222259521, "hmax": 0.0, "ratio": 0.0, "vulnClass": "none"}}, {"type": "Feature", "geometry": {"type": "MultiPolygon", "coordinates": [[[[72.18119447, 34.22951174], [72.18106024, 34.22949574], [72.18105338, 34.2295354], [72.18118761, 34.22955141], [72.18119447, 34.22951174]]]]}, "properties": {"id": "8J6J65HJ+RC5X", "height": 2.883461952209473, "hmax": 0.0, "ratio": 0.0, "vulnClass": "none"}}, {"type": "Feature", "geometry": {"type": "MultiPolygon", "coordinates": [[[[72.18082314, 34.22986351], [72.18077756, 34.22985918], [72.18076562, 34.22994594], [72.18081121, 34.22995027], [72.18082314, 34.22986351]]]]}, "properties": {"id": "8J6J65HJ+X873", "height": 4.447522163391113, "hmax": 0.0, "ratio": 0.0, "vulnClass": "none"}}, {"type": "Feature", "geometry": {"type": "MultiPolygon", "coordinates": [[[[72.18081121, 34.22995027], [72.18076562, 34.22994594], [72.18075683, 34.23000991], [72.18080241, 34.23001424], [72.18081121, 34.22995027]]]]}, "properties": {"id": "8J6J65HJ+X8V6", "height": 2.705534219741821, "hmax": 0.0, "ratio": 0.0, "vulnClass": "none"}}, {"type": "Feature", "geometry": {"type": "MultiPolygon", "coordinates": [[[[72.18092147, 34.22986927], [72.18086479, 34.22986643], [72.18086245, 34.22989867], [72.18091913, 34.22990151], [72.18092147, 34.22986927]]]]}, "properties": {"id": "8J6J65HJ+X928", "height": 5.711576461791992, "hmax": 0.0, "ratio": 0.0, "vulnClass": "none"}}, {"type": "Feature", "geometry": {"type": "MultiPolygon", "coordinates": [[[[72.1810279, 34.2298815], [72.1810041, 34.229995], [72.1810746, 34.2300052], [72.1810826, 34.229967], [72.1810507, 34.2299624], [72.1810551, 34.2299414], [72.181087, 34.2299461], [72.1810984, 34.2298917], [72.1810279, 34.2298815]]]]}, "properties": {"id": "8J6J65HJ+XCFP", "height": 4.618852138519287, "hmax": 0.0, "ratio": 0.0, "vulnClass": "none"}}, {"type": "Feature", "geometry": {"type": "MultiPolygon", "coordinates": [[[[72.18101459, 34.2298798], [72.18098041, 34.2298777], [72.18097394, 34.22995057], [72.18100811, 34.22995266], [72.18101459, 34.2298798]]]]}, "properties": {"id": "8J6J65HJ+X99Q", "height": 4.579162120819092, "hmax": 0.0, "ratio": 0.0, "vulnClass": "none"}}, {"type": "Feature", "geometry": {"type": "MultiPolygon", "coordinates": [[[[72.18100648, 34.22997102], [72.18097231, 34.22996893], [72.18096896, 34.23000657], [72.18100314, 34.23000866], [72.18100648, 34.22997102]]]]}, "properties": {"id": "8J6J65HJ+X9XG", "height": 4.426493167877197, "hmax": 0.0, "ratio": 0.0, "vulnClass": "none"}}, {"type": "Feature", "geometry": {"type": "MultiPolygon", "coordinates": [[[[72.1811844, 34.2298902], [72.18109213, 34.22988455], [72.18108572, 34.22995675], [72.18117799, 34.2299624], [72.1811844, 34.2298902]]]]}, "properties": {"id": "8J6J65HJ+XF6V", "height": 4.92386531829834, "hmax": 0.0, "ratio": 0.0, "vulnClass": "none"}}, {"type": "Feature", "geometry": {"type": "MultiPolygon", "coordinates": [[[[72.18136082, 34.2298112], [72.18131939, 34.22980721], [72.18131344, 34.22984993], [72.18135486, 34.22985391], [72.18136082, 34.2298112]]]]}, "properties": {"id": "8J6J65HJ+WGP9", "height": 4.689785003662109, "hmax": 0.0, "ratio": 0.0, "vulnClass": "none"}}, {"type": "Feature", "geometry": {"type": "MultiPolygon", "coordinates": [[[[72.18146976, 34.22980964], [72.18138487, 34.22980233], [72.18137921, 34.22984777], [72.1814641, 34.22985507], [72.18146976, 34.22980964]]]]}, "properties": {"id": "8J6J65HJ+WHM4", "height": 3.485781669616699, "hmax": 0.0, "ratio": 0.0, "vulnClass": "none"}}, {"type": "Feature", "geometry": {"type": "MultiPolygon", "coordinates": [[[[72.18124829, 34.22992634], [72.18121697, 34.22992389], [72.18121324, 34.22995683], [72.18124456, 34.22995928], [72.18124829, 34.22992634]]]]}, "properties": {"id": "8J6J65HJ+XFHM", "height": 5.699288368225098, "hmax": 0.0, "ratio": 0.0, "vulnClass": "none"}}, {"type": "Feature", "geometry": {"type": "MultiPolygon", "coordinates": [[[[72.18141296, 34.2298911], [72.18129789, 34.2298816], [72.18128622, 34.22997912], [72.18140129, 34.22998862], [72.18141296, 34.2298911]]]]}, "properties": {"id": "8J6J65HJ+XGHC", "height": 4.470025062561035, "hmax": 0.0, "ratio": 0.0, "vulnClass": "none"}}, {"type": "Feature", "geometry": {"type": "MultiPolygon", "coordinates": [[[[72.18153962, 34.22987088], [72.18140741, 34.22985951], [72.18140033, 34.2299163], [72.18149793, 34.22992469], [72.18150143, 34.22989658], [72.18153605, 34.22989956], [72.18153962, 34.22987088]]]]}, "properties": {"id": "8J6J65HJ+XH4Q", "height": 2.632270336151123, "hmax": 0.0, "ratio": 0.0, "vulnClass": "none"}}, {"type": "Feature", "geometry": {"type": "MultiPolygon", "coordinates": [[[[72.1815616, 34.22996], [72.1815548, 34.2300212], [72.1816881, 34.2300315], [72.181695, 34.2299703], [72.1815616, 34.22996]]]]}, "properties": {"id": "8J6J65HJ+XJXX", "height": 4.681886196136475, "hmax": 0.0, "ratio": 0.0, "vulnClass": "none"}}, {"type": "Feature", "geometry": {"type": "MultiPolygon", "coordinates": [[[[72.18174183, 34.22982642], [72.18158365, 34.2298123], [72.18157053, 34.2299137], [72.18172871, 34.22992782], [72.18174183, 34.22982642]]]]}, "properties": {"id": "8J6J65HJ+WMRX", "height": 4.846251010894775, "hmax": 0.0, "ratio": 0.0, "vulnClass": "none"}}, {"type": "Feature", "geometry": {"type": "MultiPolygon", "coordinates": [[[[72.18165802, 34.22976714], [72.18159028, 34.22976109], [72.18158365, 34.2298123], [72.1816514, 34.22981835], [72.18165802, 34.22976714]]]]}, "properties": {"id": "8J6J65HJ+WJ9H", "height": 5.625536441802979, "hmax": 0.0, "ratio": 0.0, "vulnClass": "none"}}, {"type": "Feature", "geometry": {"type": "MultiPolygon", "coordinates": [[[[72.18184918, 34.22973446], [72.18186419, 34.2296353], [72.18176118, 34.22962454], [72.181753, 34.22967855], [72.18172457, 34.22967558], [72.18172951, 34.22964296], [72.18162137, 34.22963166], [72.1816096, 34.22970945], [72.18184918, 34.22973446]]]]}, "properties": {"id": "8J6J65HJ+VMH5", "height": 5.111695766448975, "hmax": 0.0, "ratio": 0.0, "vulnClass": "none"}}, {"type": "Feature", "geometry": {"type": "MultiPolygon", "coordinates": [[[[72.18163995, 34.22946131], [72.18163435, 34.22949949], [72.18188019, 34.22952439], [72.1818858, 34.22948621], [72.18163995, 34.22946131]]]]}, "properties": {"id": "8J6J65HJ+QPRM", "height": 3.71893835067749, "hmax": 0.0, "ratio": 0.0, "vulnClass": "none"}}, {"type": "Feature", "geometry": {"type": "MultiPolygon", "coordinates": [[[[72.18132731, 34.2294967], [72.1811997, 34.22948148], [72.18118761, 34.22955141], [72.18131522, 34.22956662], [72.18132731, 34.2294967]]]]}, "properties": {"id": "8J6J65HJ+RG2R", "height": 2.4442298412323, "hmax": 0.0, "ratio": 0.0, "vulnClass": "none"}}, {"type": "Feature", "geometry": {"type": "MultiPolygon", "coordinates": [[[[72.18134011, 34.22942339], [72.18121175, 34.22940909], [72.18120448, 34.22945409], [72.18133284, 34.22946839], [72.18134011, 34.22942339]]]]}, "properties": {"id": "8J6J65HJ+QGCG", "height": 3.35025429725647, "hmax": 0.0, "ratio": 0.0, "vulnClass": "none"}}, {"type": "Feature", "geometry": {"type": "MultiPolygon", "coordinates": [[[[72.181573, 34.2290625], [72.1815542, 34.2291702], [72.181694, 34.2291871], [72.1817128, 34.2290794], [72.181573, 34.2290625]]]]}, "properties": {"id": "8J6J65HJ+JMRV", "height": 5.590016841888428, "hmax": 0.0, "ratio": 0.0, "vulnClass": "none"}}, {"type": "Feature", "geometry": {"type": "MultiPolygon", "coordinates": [[[[72.18111943, 34.22923071], [72.18115114, 34.22910942], [72.18110514, 34.22910112], [72.18109725, 34.22913128], [72.18105617, 34.22912388], [72.18103235, 34.229215], [72.18111943, 34.22923071]]]]}, "properties": {"id": "8J6J65HJ+MC8Q", "height": 3.038304805755615, "hmax": 0.0, "ratio": 0.0, "vulnClass": "none"}}, {"type": "Feature", "geometry": {"type": "MultiPolygon", "coordinates": [[[[72.18098957, 34.22906749], [72.18093869, 34.22905985], [72.18091016, 34.2291909], [72.18103539, 34.22920971], [72.18104254, 34.22917686], [72.18099645, 34.22916994], [72.1810105, 34.22910542], [72.18098223, 34.22910117], [72.18098957, 34.22906749]]]]}, "properties": {"id": "8J6J65HJ+M94Q", "height": 3.325952053070068, "hmax": 0.0, "ratio": 0.0, "vulnClass": "none"}}, {"type": "Feature", "geometry": {"type": "MultiPolygon", "coordinates": [[[[72.18090638, 34.22909444], [72.18083124, 34.22908481], [72.18082326, 34.22912778], [72.1808984, 34.22913741], [72.18090638, 34.22909444]]]]}, "properties": {"id": "8J6J65HJ+J8XG", "height": 3.869796752929688, "hmax": 0.0, "ratio": 0.0, "vulnClass": "none"}}, {"type": "Feature", "geometry": {"type": "MultiPolygon", "coordinates": [[[[72.18076686, 34.22907192], [72.18069718, 34.22906413], [72.18068783, 34.22912185], [72.18075751, 34.22912963], [72.18076686, 34.22907192]]]]}, "properties": {"id": "8J6J65HJ+J7QV", "height": 3.719161033630371, "hmax": 0.0, "ratio": 0.0, "vulnClass": "none"}}, {"type": "Feature", "geometry": {"type": "MultiPolygon", "coordinates": [[[[72.18089283, 34.22915416], [72.18079121, 34.22914475], [72.18078509, 34.22919035], [72.18088672, 34.22919975], [72.18089283, 34.22915416]]]]}, "properties": {"id": "8J6J65HJ+M88X", "height": 3.978661060333252, "hmax": 0.0, "ratio": 0.0, "vulnClass": "none"}}, {"type": "Feature", "geometry": {"type": "MultiPolygon", "coordinates": [[[[72.18078893, 34.22928509], [72.18068654, 34.22927704], [72.18068036, 34.22933123], [72.18078275, 34.22933929], [72.18078893, 34.22928509]]]]}, "properties": {"id": "8J6J65HJ+P7H8", "height": 3.219705104827881, "hmax": 0.0, "ratio": 0.0, "vulnClass": "none"}}, {"type": "Feature", "geometry": {"type": "MultiPolygon", "coordinates": [[[[72.18110515, 34.22929412], [72.18104483, 34.22928814], [72.18103991, 34.22932243], [72.18110022, 34.22932841], [72.18110515, 34.22929412]]]]}, "properties": {"id": "8J6J65HJ+PCG7", "height": 3.374940872192383, "hmax": 0.0, "ratio": 0.0, "vulnClass": "none"}}, {"type": "Feature", "geometry": {"type": "MultiPolygon", "coordinates": [[[[72.18123445, 34.22935259], [72.18114838, 34.22934126], [72.18114229, 34.22937315], [72.18122836, 34.22938449], [72.18123445, 34.22935259]]]]}, "properties": {"id": "8J6J65HJ+PFWC", "height": 3.779642820358276, "hmax": 0.0, "ratio": 0.0, "vulnClass": "none"}}, {"type": "Feature", "geometry": {"type": "MultiPolygon", "coordinates": [[[[72.18113835, 34.22939443], [72.1810878, 34.22938582], [72.18107937, 34.22941995], [72.18112991, 34.22942857], [72.18113835, 34.22939443]]]]}, "properties": {"id": "8J6J65HJ+QC97", "height": 3.178298950195312, "hmax": 0.0, "ratio": 0.0, "vulnClass": "none"}}, {"type": "Feature", "geometry": {"type": "MultiPolygon", "coordinates": [[[[72.18082931, 34.22947453], [72.18065777, 34.22945861], [72.18065226, 34.22949957], [72.1808238, 34.22951549], [72.18082931, 34.22947453]]]]}, "properties": {"id": "8J6J65HJ+Q7XG", "height": 2.489060640335083, "hmax": 0.0, "ratio": 0.0, "vulnClass": "none"}}, {"type": "Feature", "geometry": {"type": "MultiPolygon", "coordinates": [[[[72.18065149, 34.22949513], [72.18065987, 34.22943166], [72.18060039, 34.22942624], [72.180597, 34.22945194], [72.18050221, 34.22944331], [72.18049722, 34.22948108], [72.18065149, 34.22949513]]]]}, "properties": {"id": "8J6J65HJ+Q6PH", "height": 2.800355672836304, "hmax": 0.0, "ratio": 0.0, "vulnClass": "none"}}, {"type": "Feature", "geometry": {"type": "MultiPolygon", "coordinates": [[[[72.18064503, 34.22932332], [72.18061435, 34.22932052], [72.18060901, 34.22936097], [72.18063969, 34.22936377], [72.18064503, 34.22932332]]]]}, "properties": {"id": "8J6J65HJ+P7JJ", "height": 2.531236171722412, "hmax": 0.0, "ratio": 0.0, "vulnClass": "none"}}, {"type": "Feature", "geometry": {"type": "MultiPolygon", "coordinates": [[[[72.18067127, 34.22942237], [72.1806918, 34.22928275], [72.18065085, 34.22927859], [72.18063032, 34.22941822], [72.18067127, 34.22942237]]]]}, "properties": {"id": "8J6J65HJ+P7V2", "height": 2.632319211959839, "hmax": 0.0, "ratio": 0.0, "vulnClass": "none"}}, {"type": "Feature", "geometry": {"type": "MultiPolygon", "coordinates": [[[[72.18057651, 34.22927105], [72.18054065, 34.22926741], [72.18053834, 34.22928311], [72.1805742, 34.22928675], [72.18057651, 34.22927105]]]]}, "properties": {"id": "8J6J65HJ+P675", "height": 2.578469514846802, "hmax": 0.0, "ratio": 0.0, "vulnClass": "none"}}, {"type": "Feature", "geometry": {"type": "MultiPolygon", "coordinates": [[[[72.18060901, 34.22936097], [72.1806121, 34.22933759], [72.18051731, 34.22932895], [72.18050706, 34.22940653], [72.1805235, 34.22940803], [72.18053065, 34.22935384], [72.18060901, 34.22936097]]]]}, "properties": {"id": "8J6J65HJ+P6V8", "height": 3.031947135925293, "hmax": 0.0, "ratio": 0.0, "vulnClass": "none"}}, {"type": "Feature", "geometry": {"type": "MultiPolygon", "coordinates": [[[[72.18050221, 34.22944331], [72.18035534, 34.22942993], [72.18035036, 34.2294677], [72.18049722, 34.22948108], [72.18050221, 34.22944331]]]]}, "properties": {"id": "8J6J65HJ+Q5M8", "height": 2.830450296401978, "hmax": 0.0, "ratio": 0.0, "vulnClass": "none"}}, {"type": "Feature", "geometry": {"type": "MultiPolygon", "coordinates": [[[[72.18036478, 34.22914885], [72.18012095, 34.22913387], [72.1801166, 34.2291827], [72.18036043, 34.22919767], [72.18036478, 34.22914885]]]]}, "properties": {"id": "8J6J65HJ+M39P", "height": 3.777506828308105, "hmax": 0.0, "ratio": 0.0, "vulnClass": "none"}}, {"type": "Feature", "geometry": {"type": "MultiPolygon", "coordinates": [[[[72.18029347, 34.22904984], [72.18022748, 34.2290452], [72.18022017, 34.22911704], [72.18024276, 34.22911863], [72.18024541, 34.22909264], [72.18028881, 34.22909569], [72.18029347, 34.22904984]]]]}, "properties": {"id": "8J6J65HJ+J4J2", "height": 3.165290832519531, "hmax": 0.0, "ratio": 0.0, "vulnClass": "none"}}, {"type": "Feature", "geometry": {"type": "MultiPolygon", "coordinates": [[[[72.18039662, 34.22915761], [72.18040474, 34.22909782], [72.18036475, 34.22909407], [72.18035664, 34.22915387], [72.18039662, 34.22915761]]]]}, "properties": {"id": "8J6J65HJ+M522", "height": 4.157441139221191, "hmax": 0.0, "ratio": 0.0, "vulnClass": "none"}}, {"type": "Feature", "geometry": {"type": "MultiPolygon", "coordinates": [[[[72.18051827, 34.22935841], [72.18053513, 34.22922492], [72.18049304, 34.22922125], [72.18048668, 34.22927165], [72.1804442, 34.22926795], [72.18043947, 34.2293054], [72.180371, 34.22929943], [72.18036523, 34.22934508], [72.18051827, 34.22935841]]]]}, "properties": {"id": "8J6J65HJ+P5G9", "height": 2.957866668701172, "hmax": 0.0, "ratio": 0.0, "vulnClass": "none"}}, {"type": "Feature", "geometry": {"type": "MultiPolygon", "coordinates": [[[[72.18053025, 34.22914106], [72.18043139, 34.2291318], [72.18042252, 34.22919709], [72.18052138, 34.22920635], [72.18053025, 34.22914106]]]]}, "properties": {"id": "8J6J65HJ+M59J", "height": 3.870551586151123, "hmax": 0.0, "ratio": 0.0, "vulnClass": "none"}}, {"type": "Feature", "geometry": {"type": "MultiPolygon", "coordinates": [[[[72.1807227, 34.22920451], [72.18063275, 34.22919607], [72.18062687, 34.22923928], [72.18071682, 34.22924773], [72.1807227, 34.22920451]]]]}, "properties": {"id": "8J6J65HJ+M7MW", "height": 3.602421760559082, "hmax": 0.0, "ratio": 0.0, "vulnClass": "none"}}, {"type": "Feature", "geometry": {"type": "MultiPolygon", "coordinates": [[[[72.18064474, 34.22909909], [72.18056656, 34.22909116], [72.18054611, 34.22923022], [72.18062429, 34.22923815], [72.18064474, 34.22909909]]]]}, "properties": {"id": "8J6J65HJ+M69C", "height": 4.221649646759033, "hmax": 0.0, "ratio": 0.0, "vulnClass": "none"}}, {"type": "Feature", "geometry": {"type": "MultiPolygon", "coordinates": [[[[72.1805428, 34.2290579], [72.1804553, 34.2290511], [72.1804495, 34.229103], [72.180537, 34.2291098], [72.1805428, 34.2290579]]]]}, "properties": {"id": "8J6J65HJ+J5Q9", "height": 3.788016796112061, "hmax": 0.0, "ratio": 0.0, "vulnClass": "none"}}, {"type": "Feature", "geometry": {"type": "MultiPolygon", "coordinates": [[[[72.18068296, 34.22906016], [72.18057276, 34.22904899], [72.18056656, 34.22909116], [72.18067676, 34.22910234], [72.18068296, 34.22906016]]]]}, "properties": {"id": "8J6J65HJ+J6Q5", "height": 4.408389091491699, "hmax": 0.0, "ratio": 0.0, "vulnClass": "none"}}, {"type": "Feature", "geometry": {"type": "MultiPolygon", "coordinates": [[[[72.18052475, 34.22897095], [72.18047632, 34.22896572], [72.18046784, 34.22901993], [72.18051627, 34.22902516], [72.18052475, 34.22897095]]]]}, "properties": {"id": "8J6J65HJ+H5XX", "height": 3.906688213348389, "hmax": 0.0, "ratio": 0.0, "vulnClass": "none"}}, {"type": "Feature", "geometry": {"type": "MultiPolygon", "coordinates": [[[[72.18051994, 34.22892509], [72.18048423, 34.22892175], [72.18047887, 34.22896117], [72.18051459, 34.22896452], [72.18051994, 34.22892509]]]]}, "properties": {"id": "8J6J65HJ+H5HQ", "height": 3.932243824005127, "hmax": 0.0, "ratio": 0.0, "vulnClass": "none"}}, {"type": "Feature", "geometry": {"type": "MultiPolygon", "coordinates": [[[[72.18085732, 34.22894908], [72.18058931, 34.22892392], [72.18058323, 34.2289686], [72.18085124, 34.22899376], [72.18085732, 34.22894908]]]]}, "properties": {"id": "8J6J65HJ+H7Q6", "height": 3.940436840057373, "hmax": 0.0, "ratio": 0.0, "vulnClass": "none"}}, {"type": "Feature", "geometry": {"type": "MultiPolygon", "coordinates": [[[[72.18035889, 34.22891026], [72.18030467, 34.22890902], [72.18030381, 34.22893476], [72.18035803, 34.228936], [72.18035889, 34.22891026]]]]}, "properties": {"id": "8J6J65HJ+H48W", "height": 4.074481964111328, "hmax": 0.0, "ratio": 0.0, "vulnClass": "none"}}, {"type": "Feature", "geometry": {"type": "MultiPolygon", "coordinates": [[[[72.18044258, 34.22894354], [72.18044636, 34.22891015], [72.18039454, 34.2289061], [72.18039076, 34.22893949], [72.18044258, 34.22894354]]]]}, "properties": {"id": "8J6J65HJ+H57V", "height": 4.276819229125977, "hmax": 0.0, "ratio": 0.0, "vulnClass": "none"}}, {"type": "Feature", "geometry": {"type": "MultiPolygon", "coordinates": [[[[72.18042252, 34.22919709], [72.18045707, 34.22894262], [72.18042621, 34.22893973], [72.18039166, 34.2291942], [72.18042252, 34.22919709]]]]}, "properties": {"id": "8J6J65HJ+J5FP", "height": 4.230597972869873, "hmax": 0.0, "ratio": 0.0, "vulnClass": "none"}}, {"type": "Feature", "geometry": {"type": "MultiPolygon", "coordinates": [[[[72.18004075, 34.22887839], [72.18002741, 34.22903022], [72.18041803, 34.2290539], [72.18042168, 34.22901238], [72.18030576, 34.22900535], [72.18030904, 34.22896806], [72.18014445, 34.22895808], [72.18015087, 34.22888507], [72.18004075, 34.22887839]]]]}, "properties": {"id": "8J6J65HJ+H3V8", "height": 4.389361381530762, "hmax": 0.0, "ratio": 0.0, "vulnClass": "none"}}, {"type": "Feature", "geometry": {"type": "MultiPolygon", "coordinates": [[[[72.1803325, 34.22874905], [72.18035454, 34.22858795], [72.18025905, 34.22857894], [72.18024815, 34.2286586], [72.18006805, 34.2286416], [72.18005691, 34.22872304], [72.1803325, 34.22874905]]]]}, "properties": {"id": "8J6J65HJ+F3H2", "height": 3.539966106414795, "hmax": 0.0, "ratio": 0.0, "vulnClass": "none"}}, {"type": "Feature", "geometry": {"type": "MultiPolygon", "coordinates": [[[[72.18026195, 34.2285577], [72.18010624, 34.22854301], [72.18009244, 34.22864391], [72.18024815, 34.2286586], [72.18026195, 34.2285577]]]]}, "properties": {"id": "8J6J65HJ+C3V4", "height": 2.926934480667114, "hmax": 0.0, "ratio": 0.0, "vulnClass": "none"}}, {"type": "Feature", "geometry": {"type": "MultiPolygon", "coordinates": [[[[72.18053466, 34.22867512], [72.18039789, 34.22866566], [72.18039073, 34.22873706], [72.1805275, 34.22874653], [72.18053466, 34.22867512]]]]}, "properties": {"id": "8J6J65HJ+F5P9", "height": 3.652852058410645, "hmax": 0.0, "ratio": 0.0, "vulnClass": "none"}}, {"type": "Feature", "geometry": {"type": "MultiPolygon", "coordinates": [[[[72.18061378, 34.22869573], [72.18053315, 34.22869016], [72.1805275, 34.22874653], [72.18060812, 34.2287521], [72.18061378, 34.22869573]]]]}, "properties": {"id": "8J6J65HJ+F6PV", "height": 4.674495220184326, "hmax": 0.0, "ratio": 0.0, "vulnClass": "none"}}, {"type": "Feature", "geometry": {"type": "MultiPolygon", "coordinates": [[[[72.1806948, 34.22870298], [72.18066903, 34.22870076], [72.1806602, 34.22877159], [72.1808737, 34.22878995], [72.18087607, 34.22877092], [72.18095363, 34.22877759], [72.18096402, 34.2286942], [72.18069874, 34.22867139], [72.1806948, 34.22870298]]]]}, "properties": {"id": "8J6J65HJ+F8V9", "height": 4.82581615447998, "hmax": 0.0, "ratio": 0.0, "vulnClass": "none"}}, {"type": "Feature", "geometry": {"type": "MultiPolygon", "coordinates": [[[[72.18061886, 34.22864504], [72.18055436, 34.22864058], [72.18054927, 34.22869127], [72.18061378, 34.22869573], [72.18061886, 34.22864504]]]]}, "properties": {"id": "8J6J65HJ+F68P", "height": 5.452576637268066, "hmax": 0.0, "ratio": 0.0, "vulnClass": "none"}}, {"type": "Feature", "geometry": {"type": "MultiPolygon", "coordinates": [[[[72.18070405, 34.22860497], [72.18063063, 34.22860566], [72.18063105, 34.22863677], [72.18070447, 34.22863608], [72.18070405, 34.22860497]]]]}, "properties": {"id": "8J6J65HJ+C7VV", "height": 5.452576637268066, "hmax": 0.0, "ratio": 0.0, "vulnClass": "none"}}, {"type": "Feature", "geometry": {"type": "MultiPolygon", "coordinates": [[[[72.18062338, 34.22859994], [72.18055888, 34.22859548], [72.18055645, 34.2286197], [72.18062095, 34.22862416], [72.18062338, 34.22859994]]]]}, "properties": {"id": "8J6J65HJ+C6W9", "height": 5.377691745758057, "hmax": 0.0, "ratio": 0.0, "vulnClass": "none"}}, {"type": "Feature", "geometry": {"type": "MultiPolygon", "coordinates": [[[[72.18054033, 34.22861859], [72.18050671, 34.22861626], [72.18050107, 34.22867252], [72.18053469, 34.22867485], [72.18054033, 34.22861859]]]]}, "properties": {"id": "8J6J65HJ+F62W", "height": 4.120297431945801, "hmax": 0.0, "ratio": 0.0, "vulnClass": "none"}}, {"type": "Feature", "geometry": {"type": "MultiPolygon", "coordinates": [[[[72.1807132, 34.22852821], [72.18060017, 34.22852039], [72.18059241, 34.2285978], [72.18070544, 34.22860562], [72.1807132, 34.22852821]]]]}, "properties": {"id": "8J6J65HJ+C7CH", "height": 5.968709468841553, "hmax": 0.0, "ratio": 0.0, "vulnClass": "none"}}, {"type": "Feature", "geometry": {"type": "MultiPolygon", "coordinates": [[[[72.18070898, 34.22854696], [72.18070297, 34.22859495], [72.18085996, 34.22860852], [72.18086597, 34.22856053], [72.18070898, 34.22854696]]]]}, "properties": {"id": "8J6J65HJ+C8M2", "height": 4.772541046142578, "hmax": 0.0, "ratio": 0.0, "vulnClass": "none"}}, {"type": "Feature", "geometry": {"type": "MultiPolygon", "coordinates": [[[[72.18092511, 34.22893277], [72.18094242, 34.22881222], [72.18091126, 34.22880913], [72.1808991, 34.22889384], [72.18067205, 34.22887136], [72.18066691, 34.2289072], [72.18092511, 34.22893277]]]]}, "properties": {"id": "8J6J65HJ+H84M", "height": 3.731327056884766, "hmax": 0.0, "ratio": 0.0, "vulnClass": "none"}}, {"type": "Feature", "geometry": {"type": "MultiPolygon", "coordinates": [[[[72.18092675, 34.22895788], [72.18085332, 34.22895134], [72.18084788, 34.22899354], [72.18092131, 34.22900008], [72.18092675, 34.22895788]]]]}, "properties": {"id": "8J6J65HJ+H9R3", "height": 3.621382474899292, "hmax": 0.0, "ratio": 0.0, "vulnClass": "none"}}, {"type": "Feature", "geometry": {"type": "MultiPolygon", "coordinates": [[[[72.18164829, 34.22900427], [72.18159431, 34.22900055], [72.1815909, 34.22903478], [72.18164488, 34.22903849], [72.18164829, 34.22900427]]]]}, "properties": {"id": "8J6J65HJ+JJ5Q", "height": 4.526973724365234, "hmax": 0.0, "ratio": 0.0, "vulnClass": "none"}}, {"type": "Feature", "geometry": {"type": "MultiPolygon", "coordinates": [[[[72.18170726, 34.22887957], [72.1816251, 34.22887182], [72.18161886, 34.22891745], [72.18170103, 34.2289252], [72.18170726, 34.22887957]]]]}, "properties": {"id": "8J6J65HJ+HM3R", "height": 3.418945789337158, "hmax": 0.0, "ratio": 0.0, "vulnClass": "none"}}, {"type": "Feature", "geometry": {"type": "MultiPolygon", "coordinates": [[[[72.18202521, 34.22870035], [72.18194113, 34.22869414], [72.18192479, 34.22884667], [72.18200888, 34.22885288], [72.18202521, 34.22870035]]]]}, "properties": {"id": "8J6J65HJ+GQ5R", "height": 4.117804527282715, "hmax": 0.0, "ratio": 0.0, "vulnClass": "none"}}, {"type": "Feature", "geometry": {"type": "MultiPolygon", "coordinates": [[[[72.18252387, 34.22870964], [72.18240983, 34.22869651], [72.18238135, 34.22886714], [72.18249539, 34.22888027], [72.18252387, 34.22870964]]]]}, "properties": {"id": "8J6J65HJ+GX8F", "height": 3.757966041564941, "hmax": 0.0, "ratio": 0.0, "vulnClass": "none"}}, {"type": "Feature", "geometry": {"type": "MultiPolygon", "coordinates": [[[[72.18209331, 34.22899918], [72.18205418, 34.22899515], [72.1820331, 34.22913623], [72.18207223, 34.22914026], [72.18209331, 34.22899918]]]]}, "properties": {"id": "8J6J65HJ+JRGJ", "height": 3.686177015304565, "hmax": 0.0, "ratio": 0.0, "vulnClass": "none"}}, {"type": "Feature", "geometry": {"type": "MultiPolygon", "coordinates": [[[[72.18214728, 34.22887631], [72.18205287, 34.22886698], [72.18203476, 34.22899338], [72.18212918, 34.22900271], [72.18214728, 34.22887631]]]]}, "properties": {"id": "8J6J65HJ+HRG9", "height": 3.931863784790039, "hmax": 0.0, "ratio": 0.0, "vulnClass": "none"}}, {"type": "Feature", "geometry": {"type": "MultiPolygon", "coordinates": [[[[72.18207542, 34.22884282], [72.18207169, 34.22886884], [72.18214728, 34.22887631], [72.18215101, 34.22885029], [72.18207542, 34.22884282]]]]}, "properties": {"id": "8J6J65HJ+GRX8", "height": 3.73231029510498, "hmax": 0.0, "ratio": 0.0, "vulnClass": "none"}}, {"type": "Feature", "geometry": {"type": "MultiPolygon", "coordinates": [[[[72.1820961, 34.22882079], [72.18201297, 34.22881465], [72.18200888, 34.22885288], [72.18209201, 34.22885902], [72.1820961, 34.22882079]]]]}, "properties": {"id": "8J6J65HJ+GRMG", "height": 4.117804527282715, "hmax": 0.0, "ratio": 0.0, "vulnClass": "none"}}, {"type": "Feature", "geometry": {"type": "MultiPolygon", "coordinates": [[[[72.18176754, 34.22894283], [72.18172953, 34.22893887], [72.18172482, 34.22897003], [72.18176284, 34.22897399], [72.18176754, 34.22894283]]]]}, "properties": {"id": "8J6J65HJ+HMQ9", "height": 3.887444257736206, "hmax": 0.0, "ratio": 0.0, "vulnClass": "none"}}, {"type": "Feature", "geometry": {"type": "MultiPolygon", "coordinates": [[[[72.18188647, 34.22894268], [72.18178642, 34.22893325], [72.18177572, 34.22901156], [72.18187577, 34.22902099], [72.18188647, 34.22894268]]]]}, "properties": {"id": "8J6J65HJ+HPW4", "height": 4.217363834381104, "hmax": 0.0, "ratio": 0.0, "vulnClass": "none"}}, {"type": "Feature", "geometry": {"type": "MultiPolygon", "coordinates": [[[[72.18185774, 34.22911815], [72.18171405, 34.22910333], [72.18170361, 34.22917318], [72.18184731, 34.229188], [72.18185774, 34.22911815]]]]}, "properties": {"id": "8J6J65HJ+MP2X", "height": 2.655408382415771, "hmax": 0.0, "ratio": 0.0, "vulnClass": "none"}}, {"type": "Feature", "geometry": {"type": "MultiPolygon", "coordinates": [[[[72.1820331, 34.22913623], [72.18185774, 34.22911815], [72.18184731, 34.229188], [72.18202266, 34.22920608], [72.1820331, 34.22913623]]]]}, "properties": {"id": "8J6J65HJ+MQ8C", "height": 2.498254776000977, "hmax": 0.0, "ratio": 0.0, "vulnClass": "none"}}, {"type": "Feature", "geometry": {"type": "MultiPolygon", "coordinates": [[[[72.18217404, 34.22915882], [72.18203191, 34.22914417], [72.18202266, 34.22920608], [72.18216478, 34.22922073], [72.18217404, 34.22915882]]]]}, "properties": {"id": "8J6J65HJ+MRH6", "height": 3.950969934463501, "hmax": 0.0, "ratio": 0.0, "vulnClass": "none"}}, {"type": "Feature", "geometry": {"type": "MultiPolygon", "coordinates": [[[[72.18175309, 34.22920244], [72.18167809, 34.22919625], [72.18165663, 34.2293756], [72.18173163, 34.22938179], [72.18175309, 34.22920244]]]]}, "properties": {"id": "8J6J65HJ+PM8G", "height": 4.259447574615479, "hmax": 0.0, "ratio": 0.0, "vulnClass": "none"}}, {"type": "Feature", "geometry": {"type": "MultiPolygon", "coordinates": [[[[72.18184804, 34.22921141], [72.1817542, 34.22920317], [72.18175009, 34.22923549], [72.18184393, 34.22924373], [72.18184804, 34.22921141]]]]}, "properties": {"id": "8J6J65HJ+MPMW", "height": 3.239989757537842, "hmax": 0.0, "ratio": 0.0, "vulnClass": "none"}}, {"type": "Feature", "geometry": {"type": "MultiPolygon", "coordinates": [[[[72.1819313, 34.229267], [72.1818674, 34.2292599], [72.1818453, 34.2293971], [72.1819093, 34.2294042], [72.1819313, 34.229267]]]]}, "properties": {"id": "8J6J65HJ+PQJ7", "height": 3.546553134918213, "hmax": 0.0, "ratio": 0.0, "vulnClass": "none"}}, {"type": "Feature", "geometry": {"type": "MultiPolygon", "coordinates": [[[[72.1816972, 34.22937895], [72.18165663, 34.2293756], [72.18165026, 34.22942891], [72.18169083, 34.22943226], [72.1816972, 34.22937895]]]]}, "properties": {"id": "8J6J65HJ+QM74", "height": 3.310385227203369, "hmax": 0.0, "ratio": 0.0, "vulnClass": "none"}}, {"type": "Feature", "geometry": {"type": "MultiPolygon", "coordinates": [[[[72.18226803, 34.22947992], [72.18210452, 34.22946045], [72.18209702, 34.22950391], [72.18226053, 34.22952339], [72.18226803, 34.22947992]]]]}, "properties": {"id": "8J6J65HJ+QVVQ", "height": 3.980822563171387, "hmax": 0.0, "ratio": 0.0, "vulnClass": "none"}}, {"type": "Feature", "geometry": {"type": "MultiPolygon", "coordinates": [[[[72.18221088, 34.22927446], [72.18212912, 34.22926441], [72.18210747, 34.22938583], [72.18215731, 34.22939196], [72.18217188, 34.22931027], [72.18220379, 34.2293142], [72.18221088, 34.22927446]]]]}, "properties": {"id": "8J6J65HJ+PVCX", "height": 5.036673545837402, "hmax": 0.0, "ratio": 0.0, "vulnClass": "none"}}, {"type": "Feature", "geometry": {"type": "MultiPolygon", "coordinates": [[[[72.18228195, 34.22932006], [72.1822572, 34.2293176], [72.18225278, 34.22934824], [72.18227754, 34.2293507], [72.18228195, 34.22932006]]]]}, "properties": {"id": "8J6J65HJ+PWJ8", "height": 2.986918687820435, "hmax": 0.0, "ratio": 0.0, "vulnClass": "none"}}, {"type": "Feature", "geometry": {"type": "MultiPolygon", "coordinates": [[[[72.1822873, 34.22916245], [72.18217567, 34.22915142], [72.18216585, 34.22921997], [72.18227748, 34.229231], [72.1822873, 34.22916245]]]]}, "properties": {"id": "8J6J65HJ+MVHM", "height": 3.950969934463501, "hmax": 0.0, "ratio": 0.0, "vulnClass": "none"}}, {"type": "Feature", "geometry": {"type": "MultiPolygon", "coordinates": [[[[72.18246768, 34.22904633], [72.18235364, 34.2290332], [72.1823452, 34.22908381], [72.18245923, 34.22909693], [72.18246768, 34.22904633]]]]}, "properties": {"id": "8J6J65HJ+JXFJ", "height": 3.155561923980713, "hmax": 0.0, "ratio": 0.0, "vulnClass": "none"}}, {"type": "Feature", "geometry": {"type": "MultiPolygon", "coordinates": [[[[72.18259948, 34.22803171], [72.18251386, 34.22802379], [72.18249644, 34.22815375], [72.18258205, 34.22816167], [72.18259948, 34.22803171]]]]}, "properties": {"id": "8J6J65HM+62MP", "height": 3.056020736694336, "hmax": 0.0, "ratio": 0.0, "vulnClass": "none"}}, {"type": "Feature", "geometry": {"type": "MultiPolygon", "coordinates": [[[[72.18252447, 34.22797824], [72.18245157, 34.22796145], [72.18242883, 34.2280289], [72.18250168, 34.22804585], [72.18252447, 34.22797824]]]]}, "properties": {"id": "8J6J65HJ+6X53", "height": 2.602546691894531, "hmax": 0.0, "ratio": 0.0, "vulnClass": "none"}}, {"type": "Feature", "geometry": {"type": "MultiPolygon", "coordinates": [[[[72.1823431, 34.22799007], [72.1823437, 34.22797205], [72.18229304, 34.22797089], [72.18229162, 34.22801337], [72.18231282, 34.22801386], [72.1823431, 34.22799007]]]]}, "properties": {"id": "8J6J65HJ+5WWJ", "height": 3.059304714202881, "hmax": 0.0, "ratio": 0.0, "vulnClass": "none"}}, {"type": "Feature", "geometry": {"type": "MultiPolygon", "coordinates": [[[[72.18233284, 34.22802686], [72.18230207, 34.22802535], [72.18229848, 34.22807588], [72.18232925, 34.22807738], [72.18233284, 34.22802686]]]]}, "properties": {"id": "8J6J65HJ+6WG2", "height": 3.488959312438965, "hmax": 0.0, "ratio": 0.0, "vulnClass": "none"}}, {"type": "Feature", "geometry": {"type": "MultiPolygon", "coordinates": [[[[72.18225586, 34.22799397], [72.18215361, 34.2279889], [72.18215126, 34.22802153], [72.18225351, 34.22802661], [72.18225586, 34.22799397]]]]}, "properties": {"id": "8J6J65HJ+6V48", "height": 3.826020240783691, "hmax": 0.0, "ratio": 0.0, "vulnClass": "none"}}, {"type": "Feature", "geometry": {"type": "MultiPolygon", "coordinates": [[[[72.18245157, 34.22796145], [72.1823782, 34.22794455], [72.18236867, 34.22797307], [72.18244196, 34.22798995], [72.18245157, 34.22796145]]]]}, "properties": {"id": "8J6J65HJ+5XMJ", "height": 2.595490455627441, "hmax": 0.0, "ratio": 0.0, "vulnClass": "none"}}, {"type": "Feature", "geometry": {"type": "MultiPolygon", "coordinates": [[[[72.18236545, 34.22788307], [72.18231458, 34.22787981], [72.18230656, 34.22796618], [72.18235743, 34.22796944], [72.18236545, 34.22788307]]]]}, "properties": {"id": "8J6J65HJ+5W8X", "height": 2.657241344451904, "hmax": 0.0, "ratio": 0.0, "vulnClass": "none"}}, {"type": "Feature", "geometry": {"type": "MultiPolygon", "coordinates": [[[[72.18209605, 34.22786097], [72.1820928, 34.22777829], [72.18200194, 34.22778075], [72.18200518, 34.22786343], [72.18209605, 34.22786097]]]]}, "properties": {"id": "8J6J65HJ+4RFW", "height": 3.194103002548218, "hmax": 0.0, "ratio": 0.0, "vulnClass": "none"}}, {"type": "Feature", "geometry": {"type": "MultiPolygon", "coordinates": [[[[72.18175728, 34.22776805], [72.18170816, 34.22776548], [72.18170152, 34.22785308], [72.18175064, 34.22785565], [72.18175728, 34.22776805]]]]}, "properties": {"id": "8J6J65HJ+4MHF", "height": 3.845792293548584, "hmax": 0.0, "ratio": 0.0, "vulnClass": "none"}}, {"type": "Feature", "geometry": {"type": "MultiPolygon", "coordinates": [[[[72.1817436, 34.227858], [72.1817007, 34.2278566], [72.181696, 34.2279568], [72.1817659, 34.2279591], [72.1817681, 34.2279118], [72.1817411, 34.227911], [72.1817436, 34.227858]]]]}, "properties": {"id": "8J6J65HJ+5M9F", "height": 3.774477481842041, "hmax": 0.0, "ratio": 0.0, "vulnClass": "none"}}, {"type": "Feature", "geometry": {"type": "MultiPolygon", "coordinates": [[[[72.18191638, 34.22801445], [72.18192345, 34.22786383], [72.18187367, 34.22786222], [72.18186897, 34.22796243], [72.18182308, 34.22796094], [72.18182071, 34.22801135], [72.18191638, 34.22801445]]]]}, "properties": {"id": "8J6J65HJ+5QCV", "height": 4.76385498046875, "hmax": 0.0, "ratio": 0.0, "vulnClass": "none"}}, {"type": "Feature", "geometry": {"type": "MultiPolygon", "coordinates": [[[[72.18185319, 34.22786156], [72.18182778, 34.22786073], [72.18182529, 34.22791368], [72.18185071, 34.2279145], [72.18185319, 34.22786156]]]]}, "properties": {"id": "8J6J65HJ+5P4H", "height": 4.444372653961182, "hmax": 0.0, "ratio": 0.0, "vulnClass": "none"}}, {"type": "Feature", "geometry": {"type": "MultiPolygon", "coordinates": [[[[72.18192537, 34.22782283], [72.18187559, 34.22782122], [72.18187367, 34.22786222], [72.18192345, 34.22786383], [72.18192537, 34.22782283]]]]}, "properties": {"id": "8J6J65HJ+4QJQ", "height": 4.075068473815918, "hmax": 0.0, "ratio": 0.0, "vulnClass": "none"}}, {"type": "Feature", "geometry": {"type": "MultiPolygon", "coordinates": [[[[72.18210647, 34.22786881], [72.18203148, 34.22786531], [72.18202905, 34.2279012], [72.18210404, 34.22790469], [72.18210647, 34.22786881]]]]}, "properties": {"id": "8J6J65HJ+5R4C", "height": 2.525391578674316, "hmax": 0.0, "ratio": 0.0, "vulnClass": "none"}}, {"type": "Feature", "geometry": {"type": "MultiPolygon", "coordinates": [[[[72.1821147, 34.2278601], [72.1821108, 34.227903], [72.1822653, 34.2279129], [72.1822693, 34.22787], [72.1821147, 34.2278601]]]]}, "properties": {"id": "8J6J65HJ+5V4C", "height": 2.976613283157349, "hmax": 0.0, "ratio": 0.0, "vulnClass": "none"}}, {"type": "Feature", "geometry": {"type": "MultiPolygon", "coordinates": [[[[72.18215634, 34.22790713], [72.18210404, 34.22790469], [72.18210162, 34.22794053], [72.18215391, 34.22794297], [72.18215634, 34.22790713]]]]}, "properties": {"id": "8J6J65HJ+5V6R", "height": 3.43713641166687, "hmax": 0.0, "ratio": 0.0, "vulnClass": "none"}}, {"type": "Feature", "geometry": {"type": "MultiPolygon", "coordinates": [[[[72.18210404, 34.22790469], [72.18202905, 34.2279012], [72.18202663, 34.22793704], [72.18210162, 34.22794053], [72.18210404, 34.22790469]]]]}, "properties": {"id": "8J6J65HJ+5R8R", "height": 2.726011514663696, "hmax": 0.0, "ratio": 0.0, "vulnClass": "none"}}, {"type": "Feature", "geometry": {"type": "MultiPolygon", "coordinates": [[[[72.18201067, 34.22793629], [72.18201552, 34.22786457], [72.18198704, 34.22786324], [72.18198219, 34.22793496], [72.18201067, 34.22793629]]]]}, "properties": {"id": "8J6J65HJ+5Q5X", "height": 2.622777462005615, "hmax": 0.0, "ratio": 0.0, "vulnClass": "none"}}, {"type": "Feature", "geometry": {"type": "MultiPolygon", "coordinates": [[[[72.18202663, 34.22793704], [72.18198219, 34.22793496], [72.18197907, 34.22798116], [72.18202351, 34.22798323], [72.18202663, 34.22793704]]]]}, "properties": {"id": "8J6J65HJ+5RJ6", "height": 2.971015453338623, "hmax": 0.0, "ratio": 0.0, "vulnClass": "none"}}, {"type": "Feature", "geometry": {"type": "MultiPolygon", "coordinates": [[[[72.18215391, 34.22794297], [72.18210162, 34.22794053], [72.18209603, 34.22802333], [72.18214832, 34.22802577], [72.18215391, 34.22794297]]]]}, "properties": {"id": "8J6J65HJ+5RX9", "height": 3.826020240783691, "hmax": 0.0, "ratio": 0.0, "vulnClass": "none"}}, {"type": "Feature", "geometry": {"type": "MultiPolygon", "coordinates": [[[[72.18205773, 34.22793849], [72.18202663, 34.22793704], [72.18202351, 34.22798323], [72.1820546, 34.22798468], [72.18205773, 34.22793849]]]]}, "properties": {"id": "8J6J65HJ+5RMF", "height": 3.052430152893066, "hmax": 0.0, "ratio": 0.0, "vulnClass": "none"}}, {"type": "Feature", "geometry": {"type": "MultiPolygon", "coordinates": [[[[72.18217833, 34.22802717], [72.18209603, 34.22802333], [72.18208551, 34.22817887], [72.18216781, 34.22818271], [72.18217833, 34.22802717]]]]}, "properties": {"id": "8J6J65HJ+6VR2", "height": 3.875089645385742, "hmax": 0.0, "ratio": 0.0, "vulnClass": "none"}}, {"type": "Feature", "geometry": {"type": "MultiPolygon", "coordinates": [[[[72.18210083, 34.22802444], [72.18203968, 34.22802066], [72.18203624, 34.228059], [72.18209739, 34.22806279], [72.18210083, 34.22802444]]]]}, "properties": {"id": "8J6J65HJ+6R8J", "height": 3.636162757873535, "hmax": 0.0, "ratio": 0.0, "vulnClass": "none"}}, {"type": "Feature", "geometry": {"type": "MultiPolygon", "coordinates": [[[[72.18202602, 34.22802137], [72.18199651, 34.22801931], [72.1819935, 34.22804899], [72.18202301, 34.22805105], [72.18202602, 34.22802137]]]]}, "properties": {"id": "8J6J65HJ+6R6F", "height": 2.6479332447052, "hmax": 0.0, "ratio": 0.0, "vulnClass": "none"}}, {"type": "Feature", "geometry": {"type": "MultiPolygon", "coordinates": [[[[72.18176585, 34.22795909], [72.18169605, 34.22795683], [72.18169368, 34.22800724], [72.18176349, 34.2280095], [72.18176585, 34.22795909]]]]}, "properties": {"id": "8J6J65HJ+5MX7", "height": 3.826175212860107, "hmax": 0.0, "ratio": 0.0, "vulnClass": "none"}}, {"type": "Feature", "geometry": {"type": "MultiPolygon", "coordinates": [[[[72.18197648, 34.22805296], [72.18197819, 34.22801645], [72.18169368, 34.22800724], [72.18169197, 34.22804375], [72.18197648, 34.22805296]]]]}, "properties": {"id": "8J6J65HJ+6P88", "height": 4.702742576599121, "hmax": 0.0, "ratio": 0.0, "vulnClass": "none"}}, {"type": "Feature", "geometry": {"type": "MultiPolygon", "coordinates": [[[[72.18186155, 34.22804562], [72.18182646, 34.22804415], [72.18182365, 34.22809033], [72.18185873, 34.2280918], [72.18186155, 34.22804562]]]]}, "properties": {"id": "8J6J65HJ+6PGQ", "height": 4.676177978515625, "hmax": 0.0, "ratio": 0.0, "vulnClass": "none"}}, {"type": "Feature", "geometry": {"type": "MultiPolygon", "coordinates": [[[[72.18186219, 34.22811294], [72.18182127, 34.22810764], [72.18181567, 34.22813746], [72.18185659, 34.22814276], [72.18186219, 34.22811294]]]]}, "properties": {"id": "8J6J65HJ+7P45", "height": 4.486804962158203, "hmax": 0.0, "ratio": 0.0, "vulnClass": "none"}}, {"type": "Feature", "geometry": {"type": "MultiPolygon", "coordinates": [[[[72.18192104, 34.22816922], [72.18191815, 34.22813628], [72.1818565, 34.22814001], [72.18185938, 34.22817294], [72.18192104, 34.22816922]]]]}, "properties": {"id": "8J6J65HJ+7Q63", "height": 4.284027576446533, "hmax": 0.0, "ratio": 0.0, "vulnClass": "none"}}, {"type": "Feature", "geometry": {"type": "MultiPolygon", "coordinates": [[[[72.18180706, 34.22812433], [72.18168926, 34.22811829], [72.18168571, 34.22816604], [72.1818035, 34.22817208], [72.18180706, 34.22812433]]]]}, "properties": {"id": "8J6J65HJ+7M5X", "height": 4.399540424346924, "hmax": 0.0, "ratio": 0.0, "vulnClass": "none"}}, {"type": "Feature", "geometry": {"type": "MultiPolygon", "coordinates": [[[[72.18196453, 34.22810728], [72.18191587, 34.22811022], [72.18192104, 34.22816922], [72.1819697, 34.22816628], [72.18196453, 34.22810728]]]]}, "properties": {"id": "8J6J65HJ+7Q4C", "height": 3.220947027206421, "hmax": 0.0, "ratio": 0.0, "vulnClass": "none"}}, {"type": "Feature", "geometry": {"type": "MultiPolygon", "coordinates": [[[[72.18205553, 34.22809461], [72.18200015, 34.22809203], [72.18199456, 34.22817463], [72.18204995, 34.22817721], [72.18205553, 34.22809461]]]]}, "properties": {"id": "8J6J65HJ+7R29", "height": 3.193459510803223, "hmax": 0.0, "ratio": 0.0, "vulnClass": "none"}}, {"type": "Feature", "geometry": {"type": "MultiPolygon", "coordinates": [[[[72.18222934, 34.22803477], [72.18217762, 34.22803221], [72.18217264, 34.22810135], [72.18222437, 34.22810392], [72.18222934, 34.22803477]]]]}, "properties": {"id": "8J6J65HJ+6VGM", "height": 3.537185430526733, "hmax": 0.0, "ratio": 0.0, "vulnClass": "none"}}, {"type": "Feature", "geometry": {"type": "MultiPolygon", "coordinates": [[[[72.18227977, 34.22805547], [72.18225221, 34.2280537], [72.18224747, 34.22810464], [72.18227503, 34.22810641], [72.18227977, 34.22805547]]]]}, "properties": {"id": "8J6J65HJ+6WJ7", "height": 2.998785018920898, "hmax": 0.0, "ratio": 0.0, "vulnClass": "none"}}, {"type": "Feature", "geometry": {"type": "MultiPolygon", "coordinates": [[[[72.18222437, 34.22810392], [72.18217264, 34.22810135], [72.18216979, 34.22814097], [72.18222152, 34.22814353], [72.18222437, 34.22810392]]]]}, "properties": {"id": "8J6J65HJ+6VWV", "height": 3.580632925033569, "hmax": 0.0, "ratio": 0.0, "vulnClass": "none"}}, {"type": "Feature", "geometry": {"type": "MultiPolygon", "coordinates": [[[[72.18226481, 34.22815268], [72.18216449, 34.22814842], [72.18216159, 34.2281954], [72.18226191, 34.22819966], [72.18226481, 34.22815268]]]]}, "properties": {"id": "8J6J65HJ+7V8X", "height": 3.84860372543335, "hmax": 0.0, "ratio": 0.0, "vulnClass": "none"}}, {"type": "Feature", "geometry": {"type": "MultiPolygon", "coordinates": [[[[72.18236073, 34.22814823], [72.18228935, 34.2281497], [72.18229214, 34.22824281], [72.18236352, 34.22824133], [72.18236073, 34.22814823]]]]}, "properties": {"id": "8J6J65HJ+7WGV", "height": 3.767607927322388, "hmax": 0.0, "ratio": 0.0, "vulnClass": "none"}}, {"type": "Feature", "geometry": {"type": "MultiPolygon", "coordinates": [[[[72.18236938, 34.22811815], [72.1823265, 34.22811605], [72.18232389, 34.22815287], [72.18236676, 34.22815497], [72.18236938, 34.22811815]]]]}, "properties": {"id": "8J6J65HJ+7W5C", "height": 3.790297746658325, "hmax": 0.0, "ratio": 0.0, "vulnClass": "none"}}, {"type": "Feature", "geometry": {"type": "MultiPolygon", "coordinates": [[[[72.18232925, 34.22807738], [72.18229848, 34.22807588], [72.18229574, 34.22811454], [72.1823265, 34.22811605], [72.18232925, 34.22807738]]]]}, "properties": {"id": "8J6J65HJ+6WMX", "height": 3.503564357757568, "hmax": 0.0, "ratio": 0.0, "vulnClass": "none"}}, {"type": "Feature", "geometry": {"type": "MultiPolygon", "coordinates": [[[[72.18263268, 34.22813411], [72.18258454, 34.22812981], [72.18257805, 34.22817988], [72.18262619, 34.22818418], [72.18263268, 34.22813411]]]]}, "properties": {"id": "8J6J65HM+7297", "height": 3.103757381439209, "hmax": 0.0, "ratio": 0.0, "vulnClass": "none"}}, {"type": "Feature", "geometry": {"type": "MultiPolygon", "coordinates": [[[[72.1824882, 34.2281416], [72.1824057, 34.2281473], [72.1824106, 34.2281953], [72.1824931, 34.2281896], [72.1824882, 34.2281416]]]]}, "properties": {"id": "8J6J65HJ+7X8M", "height": 4.069272518157959, "hmax": 0.0, "ratio": 0.0, "vulnClass": "none"}}, {"type": "Feature", "geometry": {"type": "MultiPolygon", "coordinates": [[[[72.18248633, 34.22824538], [72.1824901, 34.2281923], [72.18240479, 34.22818812], [72.18240102, 34.2282412], [72.18248633, 34.22824538]]]]}, "properties": {"id": "8J6J65HJ+7XPM", "height": 4.116696357727051, "hmax": 0.0, "ratio": 0.0, "vulnClass": "none"}}, {"type": "Feature", "geometry": {"type": "MultiPolygon", "coordinates": [[[[72.18257283, 34.22821083], [72.18251366, 34.22821191], [72.18251459, 34.22824723], [72.18257376, 34.22824616], [72.18257283, 34.22821083]]]]}, "properties": {"id": "8J6J65HM+72V3", "height": 4.1737961769104, "hmax": 0.0, "ratio": 0.0, "vulnClass": "none"}}, {"type": "Feature", "geometry": {"type": "MultiPolygon", "coordinates": [[[[72.18240701, 34.22815694], [72.18236676, 34.22815497], [72.18236455, 34.22818615], [72.18240479, 34.22818812], [72.18240701, 34.22815694]]]]}, "properties": {"id": "8J6J65HJ+7X6V", "height": 4.207014083862305, "hmax": 0.0, "ratio": 0.0, "vulnClass": "none"}}, {"type": "Feature", "geometry": {"type": "MultiPolygon", "coordinates": [[[[72.18255543, 34.22851529], [72.18244311, 34.22850663], [72.18243698, 34.22856145], [72.18254931, 34.22857011], [72.18255543, 34.22851529]]]]}, "properties": {"id": "8J6J65HJ+CX9H", "height": 3.914750576019287, "hmax": 0.0, "ratio": 0.0, "vulnClass": "none"}}, {"type": "Feature", "geometry": {"type": "MultiPolygon", "coordinates": [[[[72.18204434, 34.22848948], [72.18199166, 34.22848445], [72.18197883, 34.22857717], [72.18203151, 34.2285822], [72.18204434, 34.22848948]]]]}, "properties": {"id": "8J6J65HJ+CR67", "height": 3.8253493309021, "hmax": 0.0, "ratio": 0.0, "vulnClass": "none"}}, {"type": "Feature", "geometry": {"type": "MultiPolygon", "coordinates": [[[[72.18222828, 34.22847427], [72.18199614, 34.22845211], [72.18199166, 34.22848445], [72.18222381, 34.22850661], [72.18222828, 34.22847427]]]]}, "properties": {"id": "8J6J65HJ+9RX4", "height": 3.849016666412354, "hmax": 0.0, "ratio": 0.0, "vulnClass": "none"}}, {"type": "Feature", "geometry": {"type": "MultiPolygon", "coordinates": [[[[72.1816446, 34.22845663], [72.18156396, 34.22845194], [72.18155959, 34.22850384], [72.18164023, 34.22850853], [72.1816446, 34.22845663]]]]}, "properties": {"id": "8J6J65HJ+9JX7", "height": 4.835832595825195, "hmax": 0.0, "ratio": 0.0, "vulnClass": "none"}}, {"type": "Feature", "geometry": {"type": "MultiPolygon", "coordinates": [[[[72.1812932, 34.22841003], [72.18124875, 34.22840472], [72.18124077, 34.22845087], [72.18128522, 34.22845618], [72.1812932, 34.22841003]]]]}, "properties": {"id": "8J6J65HJ+9GC8", "height": 3.057127475738525, "hmax": 0.0, "ratio": 0.0, "vulnClass": "none"}}, {"type": "Feature", "geometry": {"type": "MultiPolygon", "coordinates": [[[[72.18164303, 34.22816275], [72.1815785, 34.22815922], [72.18157538, 34.22819848], [72.18163992, 34.22820201], [72.18164303, 34.22816275]]]]}, "properties": {"id": "8J6J65HJ+7JH7", "height": 3.549416542053223, "hmax": 0.0, "ratio": 0.0, "vulnClass": "none"}}, {"type": "Feature", "geometry": {"type": "MultiPolygon", "coordinates": [[[[72.18164303, 34.22816275], [72.18164753, 34.228106], [72.18161479, 34.22810421], [72.18161353, 34.22812017], [72.18145612, 34.22811156], [72.18145288, 34.22815235], [72.18164303, 34.22816275]]]]}, "properties": {"id": "8J6J65HJ+7J3G", "height": 3.81819486618042, "hmax": 0.0, "ratio": 0.0, "vulnClass": "none"}}, {"type": "Feature", "geometry": {"type": "MultiPolygon", "coordinates": [[[[72.18145185, 34.22811526], [72.18134784, 34.22810792], [72.18134249, 34.22816025], [72.1814465, 34.22816759], [72.18145185, 34.22811526]]]]}, "properties": {"id": "8J6J65HJ+7H2G", "height": 4.354166984558105, "hmax": 0.0, "ratio": 0.0, "vulnClass": "none"}}, {"type": "Feature", "geometry": {"type": "MultiPolygon", "coordinates": [[[[72.18145612, 34.22811156], [72.18145941, 34.22807003], [72.18132163, 34.22806249], [72.18131834, 34.22810402], [72.18145612, 34.22811156]]]]}, "properties": {"id": "8J6J65HJ+6HJF", "height": 4.544223785400391, "hmax": 0.0, "ratio": 0.0, "vulnClass": "none"}}, {"type": "Feature", "geometry": {"type": "MultiPolygon", "coordinates": [[[[72.1813196, 34.22808805], [72.18128145, 34.22808597], [72.18127695, 34.22814272], [72.1813151, 34.22814481], [72.1813196, 34.22808805]]]]}, "properties": {"id": "8J6J65HJ+6GVP", "height": 3.868216991424561, "hmax": 0.0, "ratio": 0.0, "vulnClass": "none"}}, {"type": "Feature", "geometry": {"type": "MultiPolygon", "coordinates": [[[[72.18134823, 34.22814713], [72.18127696, 34.22814374], [72.18127377, 34.22818993], [72.18134504, 34.22819332], [72.18134823, 34.22814713]]]]}, "properties": {"id": "8J6J65HJ+7G7Q", "height": 4.310338973999023, "hmax": 0.0, "ratio": 0.0, "vulnClass": "none"}}, {"type": "Feature", "geometry": {"type": "MultiPolygon", "coordinates": [[[[72.18101701, 34.22841469], [72.1809244, 34.22841052], [72.18092146, 34.2284555], [72.18101407, 34.22845967], [72.18101701, 34.22841469]]]]}, "properties": {"id": "8J6J65HJ+99HC", "height": 5.528741836547852, "hmax": 0.0, "ratio": 0.0, "vulnClass": "none"}}, {"type": "Feature", "geometry": {"type": "MultiPolygon", "coordinates": [[[[72.181309, 34.22846606], [72.18102429, 34.22844266], [72.18099726, 34.22866949], [72.18105458, 34.2286742], [72.18105292, 34.22868809], [72.18128032, 34.22870678], [72.181309, 34.22846606]]]]}, "properties": {"id": "8J6J65HJ+CFCX", "height": 4.939186096191406, "hmax": 0.0, "ratio": 0.0, "vulnClass": "none"}}, {"type": "Feature", "geometry": {"type": "MultiPolygon", "coordinates": [[[[72.18089992, 34.2284707], [72.18082943, 34.22846908], [72.18082854, 34.22849578], [72.18089903, 34.2284974], [72.18089992, 34.2284707]]]]}, "properties": {"id": "8J6J65HJ+98X8", "height": 5.466028690338135, "hmax": 0.0, "ratio": 0.0, "vulnClass": "none"}}, {"type": "Feature", "geometry": {"type": "MultiPolygon", "coordinates": [[[[72.18087134, 34.22840136], [72.18082208, 34.22839915], [72.1808187, 34.22845088], [72.18089215, 34.22845418], [72.18089437, 34.2284202], [72.18087018, 34.22841912], [72.18087134, 34.22840136]]]]}, "properties": {"id": "8J6J65HJ+98H3", "height": 5.466028690338135, "hmax": 0.0, "ratio": 0.0, "vulnClass": "none"}}, {"type": "Feature", "geometry": {"type": "MultiPolygon", "coordinates": [[[[72.18081888, 34.22844978], [72.18077001, 34.228447], [72.18076425, 34.22851687], [72.18081312, 34.22851965], [72.18081888, 34.22844978]]]]}, "properties": {"id": "8J6J65HJ+98V7", "height": 4.31086540222168, "hmax": 0.0, "ratio": 0.0, "vulnClass": "none"}}, {"type": "Feature", "geometry": {"type": "MultiPolygon", "coordinates": [[[[72.18053453, 34.2284611], [72.18047909, 34.22845657], [72.18046385, 34.22858523], [72.18056293, 34.22859332], [72.18056811, 34.22854958], [72.18052448, 34.22854602], [72.18053453, 34.2284611]]]]}, "properties": {"id": "8J6J65HJ+C667", "height": 5.87253475189209, "hmax": 0.0, "ratio": 0.0, "vulnClass": "none"}}, {"type": "Feature", "geometry": {"type": "MultiPolygon", "coordinates": [[[[72.18072, 34.22846041], [72.1807262, 34.22839855], [72.18066371, 34.22839422], [72.1806627, 34.22840429], [72.18057863, 34.22839848], [72.18057344, 34.22845027], [72.18072, 34.22846041]]]]}, "properties": {"id": "8J6J65HJ+97C5", "height": 6.996467590332031, "hmax": 0.0, "ratio": 0.0, "vulnClass": "none"}}, {"type": "Feature", "geometry": {"type": "MultiPolygon", "coordinates": [[[[72.1804852, 34.228392], [72.18048, 34.2284438], [72.1805734, 34.2284503], [72.1805786, 34.2283985], [72.1804852, 34.228392]]]]}, "properties": {"id": "8J6J65HJ+966X", "height": 6.996467590332031, "hmax": 0.0, "ratio": 0.0, "vulnClass": "none"}}, {"type": "Feature", "geometry": {"type": "MultiPolygon", "coordinates": [[[[72.1803664, 34.22837366], [72.18023642, 34.22836467], [72.18023022, 34.22842653], [72.1803602, 34.22843552], [72.1803664, 34.22837366]]]]}, "properties": {"id": "8J6J65HJ+9474", "height": 2.930907726287842, "hmax": 0.0, "ratio": 0.0, "vulnClass": "none"}}, {"type": "Feature", "geometry": {"type": "MultiPolygon", "coordinates": [[[[72.18038138, 34.22843699], [72.18027582, 34.22842968], [72.18027336, 34.22845423], [72.18032186, 34.22845758], [72.18030976, 34.22857825], [72.18036682, 34.22858219], [72.18038138, 34.22843699]]]]}, "properties": {"id": "8J6J65HJ+94WX", "height": 3.604583024978638, "hmax": 0.0, "ratio": 0.0, "vulnClass": "none"}}, {"type": "Feature", "geometry": {"type": "MultiPolygon", "coordinates": [[[[72.18044723, 34.22807572], [72.18041535, 34.22807379], [72.18041319, 34.22809831], [72.18044508, 34.22810025], [72.18044723, 34.22807572]]]]}, "properties": {"id": "8J6J65HJ+65MH", "height": 3.665261268615723, "hmax": 0.0, "ratio": 0.0, "vulnClass": "none"}}, {"type": "Feature", "geometry": {"type": "MultiPolygon", "coordinates": [[[[72.18068226, 34.228107], [72.18062058, 34.22810231], [72.18061718, 34.22813312], [72.18067886, 34.22813781], [72.18068226, 34.228107]]]]}, "properties": {"id": "8J6J65HJ+67RX", "height": 3.562779664993286, "hmax": 0.0, "ratio": 0.0, "vulnClass": "none"}}, {"type": "Feature", "geometry": {"type": "MultiPolygon", "coordinates": [[[[72.18050337, 34.22809339], [72.1804642, 34.22809041], [72.1804608, 34.22812122], [72.18049997, 34.2281242], [72.18050337, 34.22809339]]]]}, "properties": {"id": "8J6J65HJ+65X7", "height": 4.693488121032715, "hmax": 0.0, "ratio": 0.0, "vulnClass": "none"}}, {"type": "Feature", "geometry": {"type": "MultiPolygon", "coordinates": [[[[72.18058068, 34.22809953], [72.18049504, 34.22809128], [72.18049042, 34.22812433], [72.18057607, 34.22813259], [72.18058068, 34.22809953]]]]}, "properties": {"id": "8J6J65HJ+66VC", "height": 4.693488121032715, "hmax": 0.0, "ratio": 0.0, "vulnClass": "none"}}, {"type": "Feature", "geometry": {"type": "MultiPolygon", "coordinates": [[[[72.18066309, 34.2280363], [72.18062031, 34.2280332], [72.18061291, 34.22810364], [72.18073481, 34.22811247], [72.18073944, 34.22806843], [72.18066032, 34.2280627], [72.18066309, 34.2280363]]]]}, "properties": {"id": "8J6J65HJ+67M3", "height": 3.681704044342041, "hmax": 0.0, "ratio": 0.0, "vulnClass": "none"}}, {"type": "Feature", "geometry": {"type": "MultiPolygon", "coordinates": [[[[72.18073967, 34.22800021], [72.1807511, 34.22791834], [72.18068862, 34.22791232], [72.18068541, 34.22793531], [72.18063401, 34.22793035], [72.18062579, 34.22798924], [72.18073967, 34.22800021]]]]}, "properties": {"id": "8J6J65HJ+57P6", "height": 4.456398963928223, "hmax": 0.0, "ratio": 0.0, "vulnClass": "none"}}, {"type": "Feature", "geometry": {"type": "MultiPolygon", "coordinates": [[[[72.18070379, 34.22780369], [72.18065239, 34.22779874], [72.18063722, 34.22790737], [72.18068862, 34.22791232], [72.18070379, 34.22780369]]]]}, "properties": {"id": "8J6J65HJ+47V7", "height": 3.898717403411865, "hmax": 0.0, "ratio": 0.0, "vulnClass": "none"}}, {"type": "Feature", "geometry": {"type": "MultiPolygon", "coordinates": [[[[72.18058517, 34.22782748], [72.18053258, 34.22782242], [72.18052226, 34.22789629], [72.18063722, 34.22790737], [72.18064212, 34.22787229], [72.18057975, 34.22786628], [72.18058517, 34.22782748]]]]}, "properties": {"id": "8J6J65HJ+46WV", "height": 3.417691707611084, "hmax": 0.0, "ratio": 0.0, "vulnClass": "none"}}, {"type": "Feature", "geometry": {"type": "MultiPolygon", "coordinates": [[[[72.18057486, 34.22790136], [72.18052226, 34.22789629], [72.18049504, 34.22809128], [72.18060999, 34.22810235], [72.18061599, 34.2280594], [72.18055363, 34.22805339], [72.18057486, 34.22790136]]]]}, "properties": {"id": "8J6J65HJ+663F", "height": 5.147335529327393, "hmax": 0.0, "ratio": 0.0, "vulnClass": "none"}}, {"type": "Feature", "geometry": {"type": "MultiPolygon", "coordinates": [[[[72.1803785, 34.22800299], [72.18013407, 34.22798125], [72.18012105, 34.22808229], [72.18036547, 34.22810403], [72.1803785, 34.22800299]]]]}, "properties": {"id": "8J6J65HJ+639Q", "height": 5.920956611633301, "hmax": 0.0, "ratio": 0.0, "vulnClass": "none"}}, {"type": "Feature", "geometry": {"type": "MultiPolygon", "coordinates": [[[[72.1802408, 34.2277975], [72.1801656, 34.2277925], [72.1801476, 34.2279777], [72.1802229, 34.2279827], [72.1802408, 34.2277975]]]]}, "properties": {"id": "8J6J65HJ+534C", "height": 3.949879169464111, "hmax": 0.0, "ratio": 0.0, "vulnClass": "none"}}, {"type": "Feature", "geometry": {"type": "MultiPolygon", "coordinates": [[[[72.18067238, 34.22771832], [72.18055358, 34.22771058], [72.18054592, 34.2277917], [72.18066471, 34.22779944], [72.18067238, 34.22771832]]]]}, "properties": {"id": "8J6J65HJ+4657", "height": 4.330414772033691, "hmax": 0.0, "ratio": 0.0, "vulnClass": "none"}}, {"type": "Feature", "geometry": {"type": "MultiPolygon", "coordinates": [[[[72.18062572, 34.22764235], [72.18058905, 34.22763853], [72.18058391, 34.2276725], [72.18062058, 34.22767632], [72.18062572, 34.22764235]]]]}, "properties": {"id": "8J6J65HJ+3697", "height": 3.059340476989746, "hmax": 0.0, "ratio": 0.0, "vulnClass": "none"}}, {"type": "Feature", "geometry": {"type": "MultiPolygon", "coordinates": [[[[72.18049504, 34.22809128], [72.18055951, 34.22762958], [72.18050473, 34.2276243], [72.18044026, 34.228086], [72.18049504, 34.22809128]]]]}, "properties": {"id": "8J6J65HJ+45X9", "height": 4.978314876556396, "hmax": 0.0, "ratio": 0.0, "vulnClass": "none"}}, {"type": "Feature", "geometry": {"type": "MultiPolygon", "coordinates": [[[[72.18080607, 34.22765912], [72.18068096, 34.22764969], [72.18067573, 34.2276976], [72.18080084, 34.22770703], [72.18080607, 34.22765912]]]]}, "properties": {"id": "8J6J65HJ+37H4", "height": 3.957455396652222, "hmax": 0.0, "ratio": 0.0, "vulnClass": "none"}}, {"type": "Feature", "geometry": {"type": "MultiPolygon", "coordinates": [[[[72.18093543, 34.22762003], [72.18081838, 34.22761033], [72.18081257, 34.22765871], [72.18092961, 34.22766842], [72.18093543, 34.22762003]]]]}, "properties": {"id": "8J6J65HJ+385H", "height": 4.516569137573242, "hmax": 0.0, "ratio": 0.0, "vulnClass": "none"}}, {"type": "Feature", "geometry": {"type": "MultiPolygon", "coordinates": [[[[72.18109206, 34.22757061], [72.18106005, 34.22756812], [72.18105305, 34.22763015], [72.18108506, 34.22763264], [72.18109206, 34.22757061]]]]}, "properties": {"id": "8J6J65HJ+2CW3", "height": 3.779271602630615, "hmax": 0.0, "ratio": 0.0, "vulnClass": "none"}}, {"type": "Feature", "geometry": {"type": "MultiPolygon", "coordinates": [[[[72.18108672, 34.22762938], [72.18105395, 34.22762704], [72.18104414, 34.22772191], [72.18107691, 34.22772424], [72.18108672, 34.22762938]]]]}, "properties": {"id": "8J6J65HJ+3CG2", "height": 3.924521207809448, "hmax": 0.0, "ratio": 0.0, "vulnClass": "none"}}, {"type": "Feature", "geometry": {"type": "MultiPolygon", "coordinates": [[[[72.18116985, 34.22760998], [72.18109989, 34.22760453], [72.18109426, 34.22765443], [72.18116422, 34.22765989], [72.18116985, 34.22760998]]]]}, "properties": {"id": "8J6J65HJ+3F26", "height": 4.221678256988525, "hmax": 0.0, "ratio": 0.0, "vulnClass": "none"}}, {"type": "Feature", "geometry": {"type": "MultiPolygon", "coordinates": [[[[72.18124428, 34.22771339], [72.18124957, 34.22766654], [72.18111144, 34.22765577], [72.18109532, 34.22779845], [72.18116236, 34.22780367], [72.18117319, 34.22770785], [72.18124428, 34.22771339]]]]}, "properties": {"id": "8J6J65HJ+3FJQ", "height": 3.953624248504639, "hmax": 0.0, "ratio": 0.0, "vulnClass": "none"}}, {"type": "Feature", "geometry": {"type": "MultiPolygon", "coordinates": [[[[72.18102268, 34.22762779], [72.1809414, 34.22762147], [72.18093605, 34.22766895], [72.18101732, 34.22767527], [72.18102268, 34.22762779]]]]}, "properties": {"id": "8J6J65HJ+395V", "height": 4.521246910095215, "hmax": 0.0, "ratio": 0.0, "vulnClass": "none"}}, {"type": "Feature", "geometry": {"type": "MultiPolygon", "coordinates": [[[[72.18107691, 34.22772424], [72.18104414, 34.22772191], [72.18103594, 34.22780126], [72.18106871, 34.2278036], [72.18107691, 34.22772424]]]]}, "properties": {"id": "8J6J65HJ+4C3H", "height": 3.542830944061279, "hmax": 0.0, "ratio": 0.0, "vulnClass": "none"}}, {"type": "Feature", "geometry": {"type": "MultiPolygon", "coordinates": [[[[72.1810124, 34.22771891], [72.18101732, 34.22767527], [72.18089715, 34.22766593], [72.18088329, 34.22778888], [72.18092218, 34.22779191], [72.18092789, 34.22774129], [72.18096019, 34.2277438], [72.18096343, 34.2277151], [72.1810124, 34.22771891]]]]}, "properties": {"id": "8J6J65HJ+39PJ", "height": 4.208961963653564, "hmax": 0.0, "ratio": 0.0, "vulnClass": "none"}}, {"type": "Feature", "geometry": {"type": "MultiPolygon", "coordinates": [[[[72.18086471, 34.22768015], [72.18081351, 34.22767595], [72.18080414, 34.22775474], [72.18085534, 34.22775894], [72.18086471, 34.22768015]]]]}, "properties": {"id": "8J6J65HJ+38PP", "height": 3.560615062713623, "hmax": 0.0, "ratio": 0.0, "vulnClass": "none"}}, {"type": "Feature", "geometry": {"type": "MultiPolygon", "coordinates": [[[[72.180994, 34.22779847], [72.18077297, 34.22778166], [72.18076836, 34.22782344], [72.18098939, 34.22784026], [72.180994, 34.22779847]]]]}, "properties": {"id": "8J6J65HJ+49CC", "height": 4.594075679779053, "hmax": 0.0, "ratio": 0.0, "vulnClass": "none"}}, {"type": "Feature", "geometry": {"type": "MultiPolygon", "coordinates": [[[[72.18076894, 34.22777343], [72.18071108, 34.22777552], [72.18071264, 34.22780522], [72.1807705, 34.22780312], [72.18076894, 34.22777343]]]]}, "properties": {"id": "8J6J65HJ+479G", "height": 3.960397958755493, "hmax": 0.0, "ratio": 0.0, "vulnClass": "none"}}, {"type": "Feature", "geometry": {"type": "MultiPolygon", "coordinates": [[[[72.18075873, 34.22782291], [72.18073162, 34.22782229], [72.18073042, 34.22785832], [72.18075753, 34.22785894], [72.18075873, 34.22782291]]]]}, "properties": {"id": "8J6J65HJ+47QQ", "height": 3.850437164306641, "hmax": 0.0, "ratio": 0.0, "vulnClass": "none"}}, {"type": "Feature", "geometry": {"type": "MultiPolygon", "coordinates": [[[[72.1810493, 34.2280595], [72.1810702, 34.2278679], [72.1810328, 34.2278651], [72.1810239, 34.2279462], [72.1807768, 34.2279275], [72.1807647, 34.228038], [72.1808264, 34.2280427], [72.1808164, 34.2281344], [72.1809807, 34.2281467], [72.1809907, 34.2280551], [72.1810493, 34.2280595]], [[72.1809907, 34.2280551], [72.1808677, 34.2280458], [72.1808704, 34.2280212], [72.1809934, 34.2280304], [72.1809907, 34.2280551]]]]}, "properties": {"id": "8J6J65HJ+693M", "height": 5.153215885162354, "hmax": 0.0, "ratio": 0.0, "vulnClass": "none"}}, {"type": "Feature", "geometry": {"type": "MultiPolygon", "coordinates": [[[[72.18090891, 34.2279097], [72.18087001, 34.22790667], [72.18086626, 34.22793986], [72.18090516, 34.22794288], [72.18090891, 34.2279097]]]]}, "properties": {"id": "8J6J65HJ+596V", "height": 3.013071775436401, "hmax": 0.0, "ratio": 0.0, "vulnClass": "none"}}, {"type": "Feature", "geometry": {"type": "MultiPolygon", "coordinates": [[[[72.18118018, 34.22799566], [72.18107398, 34.22798739], [72.18105532, 34.22815261], [72.18123695, 34.22816676], [72.18124438, 34.22810102], [72.18116895, 34.22809514], [72.18118018, 34.22799566]]]]}, "properties": {"id": "8J6J65HJ+6FJF", "height": 7.044344902038574, "hmax": 0.0, "ratio": 0.0, "vulnClass": "none"}}, {"type": "Feature", "geometry": {"type": "MultiPolygon", "coordinates": [[[[72.18118564, 34.22792329], [72.18109443, 34.22791612], [72.18108735, 34.22797828], [72.18117856, 34.22798545], [72.18118564, 34.22792329]]]]}, "properties": {"id": "8J6J65HJ+5FJ3", "height": 4.031055927276611, "hmax": 0.0, "ratio": 0.0, "vulnClass": "none"}}, {"type": "Feature", "geometry": {"type": "MultiPolygon", "coordinates": [[[[72.18106585, 34.22780308], [72.18100346, 34.22779823], [72.18099556, 34.22786827], [72.18105795, 34.22787312], [72.18106585, 34.22780308]]]]}, "properties": {"id": "8J6J65HJ+4CJH", "height": 3.912898540496826, "hmax": 0.0, "ratio": 0.0, "vulnClass": "none"}}, {"type": "Feature", "geometry": {"type": "MultiPolygon", "coordinates": [[[[72.18128529, 34.2278223], [72.18115151, 34.22781178], [72.18114679, 34.22785321], [72.18128057, 34.22786373], [72.18128529, 34.2278223]]]]}, "properties": {"id": "8J6J65HJ+4FPH", "height": 4.975311279296875, "hmax": 0.0, "ratio": 0.0, "vulnClass": "none"}}, {"type": "Feature", "geometry": {"type": "MultiPolygon", "coordinates": [[[[72.18115151, 34.22781178], [72.18110673, 34.22780826], [72.18109605, 34.22790194], [72.18118726, 34.22790911], [72.18119095, 34.22787672], [72.18122881, 34.2278797], [72.18122512, 34.22791209], [72.18127461, 34.22791598], [72.18128057, 34.22786373], [72.18114679, 34.22785321], [72.18115151, 34.22781178]]]]}, "properties": {"id": "8J6J65HJ+4FVW", "height": 4.975311279296875, "hmax": 0.0, "ratio": 0.0, "vulnClass": "none"}}, {"type": "Feature", "geometry": {"type": "MultiPolygon", "coordinates": [[[[72.18146962, 34.22783842], [72.18137279, 34.22783233], [72.18136889, 34.22787497], [72.18146573, 34.22788107], [72.18146962, 34.22783842]]]]}, "properties": {"id": "8J6J65HJ+4HV7", "height": 3.533809661865234, "hmax": 0.0, "ratio": 0.0, "vulnClass": "none"}}, {"type": "Feature", "geometry": {"type": "MultiPolygon", "coordinates": [[[[72.18132116, 34.22786692], [72.18128057, 34.22786373], [72.18127016, 34.22795504], [72.18131075, 34.22795823], [72.18132116, 34.22786692]]]]}, "properties": {"id": "8J6J65HJ+5G7F", "height": 4.728236198425293, "hmax": 0.0, "ratio": 0.0, "vulnClass": "none"}}, {"type": "Feature", "geometry": {"type": "MultiPolygon", "coordinates": [[[[72.18126278, 34.22792353], [72.18122193, 34.22791406], [72.18121035, 34.22794854], [72.18125119, 34.22795801], [72.18126278, 34.22792353]]]]}, "properties": {"id": "8J6J65HJ+5FHG", "height": 4.374465942382812, "hmax": 0.0, "ratio": 0.0, "vulnClass": "none"}}, {"type": "Feature", "geometry": {"type": "MultiPolygon", "coordinates": [[[[72.18136118, 34.22801224], [72.18136028, 34.22797354], [72.18128444, 34.22797475], [72.18128534, 34.22801345], [72.18136118, 34.22801224]]]]}, "properties": {"id": "8J6J65HJ+5GWM", "height": 4.576687812805176, "hmax": 0.0, "ratio": 0.0, "vulnClass": "none"}}, {"type": "Feature", "geometry": {"type": "MultiPolygon", "coordinates": [[[[72.18135392, 34.22806425], [72.18135841, 34.22800755], [72.18132613, 34.22800578], [72.18132163, 34.22806249], [72.18135392, 34.22806425]]]]}, "properties": {"id": "8J6J65HJ+6G8H", "height": 4.576687812805176, "hmax": 0.0, "ratio": 0.0, "vulnClass": "none"}}, {"type": "Feature", "geometry": {"type": "MultiPolygon", "coordinates": [[[[72.18165982, 34.22795107], [72.18149375, 34.22794199], [72.18149023, 34.22798645], [72.18155959, 34.22799024], [72.18155736, 34.22801844], [72.18165406, 34.22802373], [72.18165982, 34.22795107]]]]}, "properties": {"id": "8J6J65HJ+5JW4", "height": 4.957072257995605, "hmax": 0.0, "ratio": 0.0, "vulnClass": "none"}}, {"type": "Feature", "geometry": {"type": "MultiPolygon", "coordinates": [[[[72.18153608, 34.22798896], [72.18146614, 34.22798513], [72.18145612, 34.22811156], [72.18154957, 34.22811667], [72.18155736, 34.22801844], [72.18153384, 34.22801715], [72.18153608, 34.22798896]]]]}, "properties": {"id": "8J6J65HJ+6JC2", "height": 4.796529293060303, "hmax": 0.0, "ratio": 0.0, "vulnClass": "none"}}, {"type": "Feature", "geometry": {"type": "MultiPolygon", "coordinates": [[[[72.18164753, 34.228106], [72.18165406, 34.22802373], [72.18162132, 34.22802194], [72.18161479, 34.22810421], [72.18164753, 34.228106]]]]}, "properties": {"id": "8J6J65HJ+6MCF", "height": 3.586624622344971, "hmax": 0.0, "ratio": 0.0, "vulnClass": "none"}}, {"type": "Feature", "geometry": {"type": "MultiPolygon", "coordinates": [[[[72.18154182, 34.22788225], [72.18146753, 34.22787719], [72.18146492, 34.22790368], [72.18153921, 34.22790874], [72.18154182, 34.22788225]]]]}, "properties": {"id": "8J6J65HJ+5J2J", "height": 4.455955982208252, "hmax": 0.0, "ratio": 0.0, "vulnClass": "none"}}, {"type": "Feature", "geometry": {"type": "MultiPolygon", "coordinates": [[[[72.181548, 34.2278196], [72.1814858, 34.2278154], [72.1814796, 34.227878], [72.1815418, 34.2278822], [72.181548, 34.2278196]]]]}, "properties": {"id": "8J6J65HJ+4JJV", "height": 4.127667427062988, "hmax": 0.0, "ratio": 0.0, "vulnClass": "none"}}, {"type": "Feature", "geometry": {"type": "MultiPolygon", "coordinates": [[[[72.18162044, 34.22780045], [72.1815487, 34.22779594], [72.18154532, 34.22783294], [72.18161707, 34.22783746], [72.18162044, 34.22780045]]]]}, "properties": {"id": "8J6J65HJ+4JGP", "height": 4.490593910217285, "hmax": 0.0, "ratio": 0.0, "vulnClass": "none"}}, {"type": "Feature", "geometry": {"type": "MultiPolygon", "coordinates": [[[[72.18157901, 34.22783506], [72.18154532, 34.22783294], [72.1815405, 34.22788578], [72.18157419, 34.2278879], [72.18157901, 34.22783506]]]]}, "properties": {"id": "8J6J65HJ+4JVH", "height": 4.202678203582764, "hmax": 0.0, "ratio": 0.0, "vulnClass": "none"}}, {"type": "Feature", "geometry": {"type": "MultiPolygon", "coordinates": [[[[72.18165746, 34.22780234], [72.18161342, 34.22780014], [72.18161106, 34.22783287], [72.1816551, 34.22783507], [72.18165746, 34.22780234]]]]}, "properties": {"id": "8J6J65HJ+4MCM", "height": 4.490593910217285, "hmax": 0.0, "ratio": 0.0, "vulnClass": "none"}}, {"type": "Feature", "geometry": {"type": "MultiPolygon", "coordinates": [[[[72.18166017, 34.22776493], [72.18161613, 34.22776273], [72.18161342, 34.22780014], [72.18165746, 34.22780234], [72.18166017, 34.22776493]]]]}, "properties": {"id": "8J6J65HJ+4M67", "height": 4.532865524291992, "hmax": 0.0, "ratio": 0.0, "vulnClass": "none"}}, {"type": "Feature", "geometry": {"type": "MultiPolygon", "coordinates": [[[[72.18158979, 34.22776355], [72.18154047, 34.22775484], [72.18153013, 34.22779527], [72.18157945, 34.22780398], [72.18158979, 34.22776355]]]]}, "properties": {"id": "8J6J65HJ+4J75", "height": 4.648804187774658, "hmax": 0.0, "ratio": 0.0, "vulnClass": "none"}}, {"type": "Feature", "geometry": {"type": "MultiPolygon", "coordinates": [[[[72.18145965, 34.22771021], [72.18140939, 34.22770638], [72.18140634, 34.22773403], [72.1814566, 34.22773786], [72.18145965, 34.22771021]]]]}, "properties": {"id": "8J6J65HJ+3HMX", "height": 3.470552444458008, "hmax": 0.0, "ratio": 0.0, "vulnClass": "none"}}, {"type": "Feature", "geometry": {"type": "MultiPolygon", "coordinates": [[[[72.18135295, 34.22772186], [72.1812616, 34.22771474], [72.18125515, 34.22777187], [72.18134649, 34.22777899], [72.18135295, 34.22772186]]]]}, "properties": {"id": "8J6J65HJ+3GVW", "height": 3.092700004577637, "hmax": 0.0, "ratio": 0.0, "vulnClass": "none"}}, {"type": "Feature", "geometry": {"type": "MultiPolygon", "coordinates": [[[[72.18141347, 34.22766947], [72.18132676, 34.22766286], [72.18132268, 34.22769978], [72.18140939, 34.22770638], [72.18141347, 34.22766947]]]]}, "properties": {"id": "8J6J65HJ+3GH9", "height": 4.305586814880371, "hmax": 0.0, "ratio": 0.0, "vulnClass": "none"}}, {"type": "Feature", "geometry": {"type": "MultiPolygon", "coordinates": [[[[72.18140939, 34.22770638], [72.1813844, 34.22770448], [72.18138046, 34.22774013], [72.18140545, 34.22774203], [72.18140939, 34.22770638]]]]}, "properties": {"id": "8J6J65HJ+3HJW", "height": 3.118448495864868, "hmax": 0.0, "ratio": 0.0, "vulnClass": "none"}}, {"type": "Feature", "geometry": {"type": "MultiPolygon", "coordinates": [[[[72.18130561, 34.22758174], [72.1812804, 34.22757982], [72.18127169, 34.22765867], [72.18132676, 34.22766286], [72.1813336, 34.22760093], [72.18130374, 34.22759866], [72.18130561, 34.22758174]]]]}, "properties": {"id": "8J6J65HJ+3G34", "height": 5.658431053161621, "hmax": 0.0, "ratio": 0.0, "vulnClass": "none"}}, {"type": "Feature", "geometry": {"type": "MultiPolygon", "coordinates": [[[[72.18141267, 34.22766252], [72.18140712, 34.22759775], [72.18133934, 34.22760176], [72.18134489, 34.22766653], [72.18141267, 34.22766252]]]]}, "properties": {"id": "8J6J65HJ+3H26", "height": 5.71863842010498, "hmax": 0.0, "ratio": 0.0, "vulnClass": "none"}}, {"type": "Feature", "geometry": {"type": "MultiPolygon", "coordinates": [[[[72.18155454, 34.2275691], [72.18150423, 34.22756583], [72.18150119, 34.22759804], [72.1815515, 34.22760131], [72.18155454, 34.2275691]]]]}, "properties": {"id": "8J6J65HJ+2JJ9", "height": 4.780690670013428, "hmax": 0.0, "ratio": 0.0, "vulnClass": "none"}}, {"type": "Feature", "geometry": {"type": "MultiPolygon", "coordinates": [[[[72.18164971, 34.22772738], [72.18166734, 34.22757134], [72.18161615, 34.22756735], [72.18160446, 34.22767085], [72.18149304, 34.22766217], [72.18148711, 34.22771471], [72.18164971, 34.22772738]]]]}, "properties": {"id": "8J6J65HJ+3J9J", "height": 4.649677753448486, "hmax": 0.0, "ratio": 0.0, "vulnClass": "none"}}, {"type": "Feature", "geometry": {"type": "MultiPolygon", "coordinates": [[[[72.18159948, 34.22757328], [72.18155464, 34.22756986], [72.18155126, 34.22760046], [72.1815961, 34.22760388], [72.18159948, 34.22757328]]]]}, "properties": {"id": "8J6J65HJ+2JPF", "height": 4.491610050201416, "hmax": 0.0, "ratio": 0.0, "vulnClass": "none"}}, {"type": "Feature", "geometry": {"type": "MultiPolygon", "coordinates": [[[[72.18130788, 34.22751763], [72.18128766, 34.22751582], [72.18128262, 34.22755476], [72.18130284, 34.22755657], [72.18130788, 34.22751763]]]]}, "properties": {"id": "8J6J65HJ+2G7F", "height": 5.492637634277344, "hmax": 0.0, "ratio": 0.0, "vulnClass": "none"}}, {"type": "Feature", "geometry": {"type": "MultiPolygon", "coordinates": [[[[72.18136445, 34.22747592], [72.18128924, 34.22747005], [72.18128404, 34.22751605], [72.18135926, 34.22752191], [72.18136445, 34.22747592]]]]}, "properties": {"id": "8J6J65GJ+XGWV", "height": 5.957690238952637, "hmax": 0.0, "ratio": 0.0, "vulnClass": "none"}}, {"type": "Feature", "geometry": {"type": "MultiPolygon", "coordinates": [[[[72.18138934, 34.22739963], [72.18129799, 34.22739251], [72.18129373, 34.22743032], [72.18138507, 34.22743743], [72.18138934, 34.22739963]]]]}, "properties": {"id": "8J6J65GJ+XG8H", "height": 4.397926330566406, "hmax": 0.0, "ratio": 0.0, "vulnClass": "none"}}, {"type": "Feature", "geometry": {"type": "MultiPolygon", "coordinates": [[[[72.18134539, 34.2273962], [72.18135118, 34.22734499], [72.18117021, 34.22733089], [72.18116685, 34.22736068], [72.18125115, 34.22736725], [72.18124874, 34.22738867], [72.18134539, 34.2273962]]]]}, "properties": {"id": "8J6J65GJ+WGRG", "height": 4.578499794006348, "hmax": 0.0, "ratio": 0.0, "vulnClass": "none"}}, {"type": "Feature", "geometry": {"type": "MultiPolygon", "coordinates": [[[[72.18156161, 34.22731268], [72.18149296, 34.22730816], [72.18148892, 34.22735042], [72.18155758, 34.22735494], [72.18156161, 34.22731268]]]]}, "properties": {"id": "8J6J65GJ+WJJ9", "height": 4.799427032470703, "hmax": 0.0, "ratio": 0.0, "vulnClass": "none"}}, {"type": "Feature", "geometry": {"type": "MultiPolygon", "coordinates": [[[[72.18150728, 34.22736148], [72.18144833, 34.22735689], [72.18140861, 34.2277086], [72.18148711, 34.22771471], [72.18150473, 34.22755867], [72.1814886, 34.22755741], [72.18149144, 34.22753221], [72.18157427, 34.22753866], [72.18158395, 34.22745293], [72.18149771, 34.22744621], [72.18150728, 34.22736148]]]]}, "properties": {"id": "8J6J65HJ+2H97", "height": 5.154876708984375, "hmax": 0.0, "ratio": 0.0, "vulnClass": "none"}}, {"type": "Feature", "geometry": {"type": "MultiPolygon", "coordinates": [[[[72.18162052, 34.22738282], [72.1815658, 34.22737865], [72.18156121, 34.22742017], [72.18161593, 34.22742434], [72.18162052, 34.22738282]]]]}, "properties": {"id": "8J6J65GJ+XJ85", "height": 3.520256280899048, "hmax": 0.0, "ratio": 0.0, "vulnClass": "none"}}, {"type": "Feature", "geometry": {"type": "MultiPolygon", "coordinates": [[[[72.1815658, 34.22737865], [72.181523, 34.22737539], [72.18151966, 34.22740559], [72.18156246, 34.22740885], [72.1815658, 34.22737865]]]]}, "properties": {"id": "8J6J65GJ+XJ3M", "height": 3.924605369567871, "hmax": 0.0, "ratio": 0.0, "vulnClass": "none"}}, {"type": "Feature", "geometry": {"type": "MultiPolygon", "coordinates": [[[[72.18165539, 34.22726022], [72.18160988, 34.22725723], [72.18160028, 34.22735776], [72.1816458, 34.22736075], [72.18165539, 34.22726022]]]]}, "properties": {"id": "8J6J65GJ+WMC6", "height": 3.989823818206787, "hmax": 0.0, "ratio": 0.0, "vulnClass": "none"}}, {"type": "Feature", "geometry": {"type": "MultiPolygon", "coordinates": [[[[72.18166324, 34.22717798], [72.18161773, 34.22717498], [72.18160988, 34.22725723], [72.18165539, 34.22726022], [72.18166324, 34.22717798]]]]}, "properties": {"id": "8J6J65GJ+VMJM", "height": 4.214095592498779, "hmax": 0.0, "ratio": 0.0, "vulnClass": "none"}}, {"type": "Feature", "geometry": {"type": "MultiPolygon", "coordinates": [[[[72.18167558, 34.22706885], [72.18159809, 34.22706309], [72.1815942, 34.22709912], [72.1816717, 34.22710489], [72.18167558, 34.22706885]]]]}, "properties": {"id": "8J6J65GJ+RMJ7", "height": 3.129124164581299, "hmax": 0.0, "ratio": 0.0, "vulnClass": "none"}}, {"type": "Feature", "geometry": {"type": "MultiPolygon", "coordinates": [[[[72.18148673, 34.22707334], [72.18146375, 34.22707157], [72.18146085, 34.2270975], [72.18148383, 34.22709928], [72.18148673, 34.22707334]]]]}, "properties": {"id": "8J6J65GJ+RHQC", "height": 4.148396968841553, "hmax": 0.0, "ratio": 0.0, "vulnClass": "none"}}, {"type": "Feature", "geometry": {"type": "MultiPolygon", "coordinates": [[[[72.18146844, 34.22714157], [72.1814662, 34.227165], [72.18157502, 34.22717217], [72.18157726, 34.22714873], [72.18146844, 34.22714157]]]]}, "properties": {"id": "8J6J65GJ+VJ68", "height": 4.103116035461426, "hmax": 0.0, "ratio": 0.0, "vulnClass": "none"}}, {"type": "Feature", "geometry": {"type": "MultiPolygon", "coordinates": [[[[72.18147009, 34.22712432], [72.18137846, 34.22711828], [72.18137, 34.22720691], [72.18140656, 34.22720932], [72.18141114, 34.22716138], [72.1814662, 34.227165], [72.18147009, 34.22712432]]]]}, "properties": {"id": "8J6J65GJ+VH76", "height": 4.268621921539307, "hmax": 0.0, "ratio": 0.0, "vulnClass": "none"}}, {"type": "Feature", "geometry": {"type": "MultiPolygon", "coordinates": [[[[72.1813722, 34.227184], [72.1813785, 34.2271183], [72.1811876, 34.2271057], [72.1811813, 34.2271714], [72.1813722, 34.227184]]]]}, "properties": {"id": "8J6J65GJ+VG2Q", "height": 4.657403945922852, "hmax": 0.0, "ratio": 0.0, "vulnClass": "none"}}, {"type": "Feature", "geometry": {"type": "MultiPolygon", "coordinates": [[[[72.18140656, 34.22720932], [72.18137, 34.22720691], [72.18135713, 34.22734174], [72.18148892, 34.22735042], [72.18149296, 34.22730816], [72.18139773, 34.22730188], [72.18140656, 34.22720932]]]]}, "properties": {"id": "8J6J65GJ+WH7R", "height": 5.967018604278564, "hmax": 0.0, "ratio": 0.0, "vulnClass": "none"}}, {"type": "Feature", "geometry": {"type": "MultiPolygon", "coordinates": [[[[72.1812196, 34.2272637], [72.18104726, 34.22725235], [72.18104347, 34.22729213], [72.1812158, 34.22730348], [72.1812196, 34.2272637]]]]}, "properties": {"id": "8J6J65GJ+WF62", "height": 4.269754886627197, "hmax": 0.0, "ratio": 0.0, "vulnClass": "none"}}, {"type": "Feature", "geometry": {"type": "MultiPolygon", "coordinates": [[[[72.18115293, 34.22716952], [72.18105578, 34.22716312], [72.18104726, 34.22725235], [72.18114441, 34.22725874], [72.18115293, 34.22716952]]]]}, "properties": {"id": "8J6J65GJ+VCQC", "height": 4.820210456848145, "hmax": 0.0, "ratio": 0.0, "vulnClass": "none"}}, {"type": "Feature", "geometry": {"type": "MultiPolygon", "coordinates": [[[[72.18081175, 34.22720952], [72.18078577, 34.22720785], [72.18078088, 34.22726042], [72.18080685, 34.22726208], [72.18081175, 34.22720952]]]]}, "properties": {"id": "8J6J65GJ+V8V7", "height": 3.212275505065918, "hmax": 0.0, "ratio": 0.0, "vulnClass": "none"}}, {"type": "Feature", "geometry": {"type": "MultiPolygon", "coordinates": [[[[72.1810051, 34.22721716], [72.18085151, 34.22720875], [72.18084529, 34.22728715], [72.18099887, 34.22729557], [72.1810051, 34.22721716]]]]}, "properties": {"id": "8J6J65GJ+W934", "height": 4.909815788269043, "hmax": 0.0, "ratio": 0.0, "vulnClass": "none"}}, {"type": "Feature", "geometry": {"type": "MultiPolygon", "coordinates": [[[[72.18085153, 34.22721206], [72.18081205, 34.22720962], [72.18080439, 34.22729514], [72.18084388, 34.22729757], [72.18085153, 34.22721206]]]]}, "properties": {"id": "8J6J65GJ+W843", "height": 4.15191650390625, "hmax": 0.0, "ratio": 0.0, "vulnClass": "none"}}, {"type": "Feature", "geometry": {"type": "MultiPolygon", "coordinates": [[[[72.18084252, 34.22733433], [72.18072225, 34.22732169], [72.18071139, 34.2273929], [72.18083166, 34.22740554], [72.18084252, 34.22733433]]]]}, "properties": {"id": "8J6J65GJ+W8RH", "height": 3.909295797348022, "hmax": 0.0, "ratio": 0.0, "vulnClass": "none"}}, {"type": "Feature", "geometry": {"type": "MultiPolygon", "coordinates": [[[[72.1807387, 34.22741176], [72.18071023, 34.22740942], [72.18069737, 34.22751753], [72.18080753, 34.22752656], [72.18081439, 34.22746889], [72.18078746, 34.22746669], [72.18078573, 34.22748124], [72.18073097, 34.22747675], [72.1807387, 34.22741176]]]]}, "properties": {"id": "8J6J65GJ+X7X9", "height": 3.650164365768433, "hmax": 0.0, "ratio": 0.0, "vulnClass": "none"}}, {"type": "Feature", "geometry": {"type": "MultiPolygon", "coordinates": [[[[72.18096033, 34.22731164], [72.18087312, 34.2273049], [72.18086614, 34.22736716], [72.18095336, 34.2273739], [72.18096033, 34.22731164]]]]}, "properties": {"id": "8J6J65GJ+W9MC", "height": 4.781632900238037, "hmax": 0.0, "ratio": 0.0, "vulnClass": "none"}}, {"type": "Feature", "geometry": {"type": "MultiPolygon", "coordinates": [[[[72.18100517, 34.22734488], [72.18097286, 34.22734237], [72.18097008, 34.22736704], [72.18100238, 34.22736955], [72.18100517, 34.22734488]]]]}, "properties": {"id": "8J6J65GJ+W9X8", "height": 4.002037525177002, "hmax": 0.0, "ratio": 0.0, "vulnClass": "none"}}, {"type": "Feature", "geometry": {"type": "MultiPolygon", "coordinates": [[[[72.18105414, 34.22734869], [72.18100517, 34.22734488], [72.18099822, 34.22740646], [72.1810472, 34.22741027], [72.18105414, 34.22734869]]]]}, "properties": {"id": "8J6J65GJ+XC25", "height": 3.930605888366699, "hmax": 0.0, "ratio": 0.0, "vulnClass": "none"}}, {"type": "Feature", "geometry": {"type": "MultiPolygon", "coordinates": [[[[72.1811827, 34.227362], [72.18111477, 34.22735569], [72.18110817, 34.22740466], [72.1811761, 34.22741097], [72.1811827, 34.227362]]]]}, "properties": {"id": "8J6J65GJ+XF28", "height": 4.138578414916992, "hmax": 0.0, "ratio": 0.0, "vulnClass": "none"}}, {"type": "Feature", "geometry": {"type": "MultiPolygon", "coordinates": [[[[72.18099822, 34.22740646], [72.18096592, 34.22740394], [72.18095809, 34.22747341], [72.18099039, 34.22747592], [72.18099822, 34.22740646]]]]}, "properties": {"id": "8J6J65GJ+X9HF", "height": 4.530276775360107, "hmax": 0.0, "ratio": 0.0, "vulnClass": "none"}}, {"type": "Feature", "geometry": {"type": "MultiPolygon", "coordinates": [[[[72.18099039, 34.22747592], [72.18091919, 34.22747039], [72.18091418, 34.22751482], [72.18098538, 34.22752036], [72.18099039, 34.22747592]]]]}, "properties": {"id": "8J6J65GJ+X9WV", "height": 4.590499877929688, "hmax": 0.0, "ratio": 0.0, "vulnClass": "none"}}, {"type": "Feature", "geometry": {"type": "MultiPolygon", "coordinates": [[[[72.18099039, 34.22747592], [72.18098538, 34.22752036], [72.18109675, 34.22752902], [72.18110175, 34.22748459], [72.18099039, 34.22747592]]]]}, "properties": {"id": "8J6J65HJ+2C33", "height": 4.279612064361572, "hmax": 0.0, "ratio": 0.0, "vulnClass": "none"}}, {"type": "Feature", "geometry": {"type": "MultiPolygon", "coordinates": [[[[72.18118175, 34.22746211], [72.18110105, 34.22746263], [72.18110138, 34.22749782], [72.18118208, 34.2274973], [72.18118175, 34.22746211]]]]}, "properties": {"id": "8J6J65GJ+XFR4", "height": 4.002596378326416, "hmax": 0.0, "ratio": 0.0, "vulnClass": "none"}}, {"type": "Feature", "geometry": {"type": "MultiPolygon", "coordinates": [[[[72.18115044, 34.22750168], [72.18110027, 34.22749778], [72.18109675, 34.22752902], [72.18114692, 34.22753293], [72.18115044, 34.22750168]]]]}, "properties": {"id": "8J6J65HJ+2C5Q", "height": 4.1665940284729, "hmax": 0.0, "ratio": 0.0, "vulnClass": "none"}}, {"type": "Feature", "geometry": {"type": "MultiPolygon", "coordinates": [[[[72.18109675, 34.22752902], [72.18103436, 34.22752417], [72.18102967, 34.22756576], [72.18109206, 34.22757061], [72.18109675, 34.22752902]]]]}, "properties": {"id": "8J6J65HJ+2C8R", "height": 3.779271602630615, "hmax": 0.0, "ratio": 0.0, "vulnClass": "none"}}, {"type": "Feature", "geometry": {"type": "MultiPolygon", "coordinates": [[[[72.18098538, 34.22752036], [72.18088664, 34.22751268], [72.18088399, 34.22753616], [72.18095043, 34.22754133], [72.1809414, 34.22762147], [72.1809737, 34.22762398], [72.18098538, 34.22752036]]]]}, "properties": {"id": "8J6J65HJ+29G7", "height": 4.40233039855957, "hmax": 0.0, "ratio": 0.0, "vulnClass": "none"}}, {"type": "Feature", "geometry": {"type": "MultiPolygon", "coordinates": [[[[72.18088184, 34.22751112], [72.18082626, 34.22750716], [72.18082163, 34.22755186], [72.18087722, 34.22755583], [72.18088184, 34.22751112]]]]}, "properties": {"id": "8J6J65HJ+2897", "height": 3.725313901901245, "hmax": 0.0, "ratio": 0.0, "vulnClass": "none"}}, {"type": "Feature", "geometry": {"type": "MultiPolygon", "coordinates": [[[[72.18091919, 34.22747039], [72.18084078, 34.22746429], [72.18083577, 34.22750872], [72.18091418, 34.22751482], [72.18091919, 34.22747039]]]]}, "properties": {"id": "8J6J65GJ+X9RC", "height": 4.590499877929688, "hmax": 0.0, "ratio": 0.0, "vulnClass": "none"}}, {"type": "Feature", "geometry": {"type": "MultiPolygon", "coordinates": [[[[72.1806121, 34.22763465], [72.1806252, 34.22754084], [72.18057261, 34.22753577], [72.18055951, 34.22762958], [72.1806121, 34.22763465]]]]}, "properties": {"id": "8J6J65HJ+26PH", "height": 3.05787205696106, "hmax": 0.0, "ratio": 0.0, "vulnClass": "none"}}, {"type": "Feature", "geometry": {"type": "MultiPolygon", "coordinates": [[[[72.18069812, 34.2274712], [72.18058317, 34.22746012], [72.18057436, 34.22752318], [72.18062696, 34.22752824], [72.18063048, 34.22750304], [72.18069284, 34.22750905], [72.18069812, 34.2274712]]]]}, "properties": {"id": "8J6J65GJ+X7RJ", "height": 3.650164365768433, "hmax": 0.0, "ratio": 0.0, "vulnClass": "none"}}, {"type": "Feature", "geometry": {"type": "MultiPolygon", "coordinates": [[[[72.18068579, 34.22718663], [72.18063214, 34.22718259], [72.18061429, 34.22734602], [72.18072526, 34.22735438], [72.18073032, 34.22730799], [72.18067301, 34.22730367], [72.18068579, 34.22718663]]]]}, "properties": {"id": "8J6J65GJ+W776", "height": 3.047276973724365, "hmax": 0.0, "ratio": 0.0, "vulnClass": "none"}}, {"type": "Feature", "geometry": {"type": "MultiPolygon", "coordinates": [[[[72.18069622, 34.22710737], [72.18065423, 34.22710286], [72.18064115, 34.22718682], [72.18068314, 34.22719133], [72.18069622, 34.22710737]]]]}, "properties": {"id": "8J6J65GJ+V73V", "height": 3.885905265808105, "hmax": 0.0, "ratio": 0.0, "vulnClass": "none"}}, {"type": "Feature", "geometry": {"type": "MultiPolygon", "coordinates": [[[[72.18045283, 34.22668423], [72.18044815, 34.22661286], [72.18021229, 34.22662352], [72.18021697, 34.2266949], [72.18045283, 34.22668423]]]]}, "properties": {"id": "8J6J65GJ+M484", "height": 3.380511045455933, "hmax": 0.0, "ratio": 0.0, "vulnClass": "none"}}, {"type": "Feature", "geometry": {"type": "MultiPolygon", "coordinates": [[[[72.1807106, 34.2265969], [72.1804869, 34.2266062], [72.1804916, 34.2266853], [72.1807153, 34.226676], [72.1807106, 34.2265969]]]]}, "properties": {"id": "8J6J65GJ+M65J", "height": 3.787907838821411, "hmax": 0.0, "ratio": 0.0, "vulnClass": "none"}}, {"type": "Feature", "geometry": {"type": "MultiPolygon", "coordinates": [[[[72.1808394, 34.2265936], [72.1808411, 34.2266707], [72.1810217, 34.2266679], [72.18102, 34.2265908], [72.1808394, 34.2265936]]]]}, "properties": {"id": "8J6J65GJ+M939", "height": 4.718167304992676, "hmax": 0.0, "ratio": 0.0, "vulnClass": "none"}}, {"type": "Feature", "geometry": {"type": "MultiPolygon", "coordinates": [[[[72.18136836, 34.22666769], [72.18136513, 34.22658755], [72.1810187, 34.22659718], [72.18102193, 34.22667732], [72.18136836, 34.22666769]]]]}, "properties": {"id": "8J6J65GJ+MF46", "height": 4.633554458618164, "hmax": 0.0, "ratio": 0.0, "vulnClass": "none"}}, {"type": "Feature", "geometry": {"type": "MultiPolygon", "coordinates": [[[[72.18102194, 34.22669764], [72.18097536, 34.22669657], [72.18097462, 34.22671864], [72.18102121, 34.22671971], [72.18102194, 34.22669764]]]]}, "properties": {"id": "8J6J65GJ+M9Q9", "height": 4.634614944458008, "hmax": 0.0, "ratio": 0.0, "vulnClass": "none"}}, {"type": "Feature", "geometry": {"type": "MultiPolygon", "coordinates": [[[[72.1811279, 34.2266956], [72.1810898, 34.2266947], [72.181083, 34.2268793], [72.1811621, 34.2268813], [72.1811672, 34.2267437], [72.1811261, 34.2267427], [72.1811279, 34.2266956]]]]}, "properties": {"id": "8J6J65GJ+PC9X", "height": 4.428853988647461, "hmax": 0.0, "ratio": 0.0, "vulnClass": "none"}}, {"type": "Feature", "geometry": {"type": "MultiPolygon", "coordinates": [[[[72.1809513, 34.22670614], [72.18089418, 34.22670275], [72.1808888, 34.22676533], [72.18094592, 34.22676872], [72.1809513, 34.22670614]]]]}, "properties": {"id": "8J6J65GJ+M9VF", "height": 4.724295139312744, "hmax": 0.0, "ratio": 0.0, "vulnClass": "none"}}, {"type": "Feature", "geometry": {"type": "MultiPolygon", "coordinates": [[[[72.1808705, 34.2269786], [72.18078112, 34.2269737], [72.18077689, 34.22702689], [72.18086627, 34.2270318], [72.1808705, 34.2269786]]]]}, "properties": {"id": "8J6J65GJ+R843", "height": 3.854403972625732, "hmax": 0.0, "ratio": 0.0, "vulnClass": "none"}}, {"type": "Feature", "geometry": {"type": "MultiPolygon", "coordinates": [[[[72.1810233, 34.22698699], [72.18102649, 34.22694687], [72.18087369, 34.22693848], [72.1808522, 34.22720866], [72.18090415, 34.22721151], [72.18092244, 34.22698145], [72.1810233, 34.22698699]]]]}, "properties": {"id": "8J6J65GJ+R9F2", "height": 5.075978755950928, "hmax": 0.0, "ratio": 0.0, "vulnClass": "none"}}, {"type": "Feature", "geometry": {"type": "MultiPolygon", "coordinates": [[[[72.18107663, 34.22694432], [72.18105582, 34.22716327], [72.18118819, 34.22717194], [72.18119442, 34.22710644], [72.18110647, 34.22710068], [72.18111364, 34.22702527], [72.18136423, 34.2270417], [72.18136818, 34.22700007], [72.18127067, 34.22699368], [72.18127413, 34.22695727], [72.18107663, 34.22694432]]]]}, "properties": {"id": "8J6J65GJ+RF7M", "height": 4.771782398223877, "hmax": 0.0, "ratio": 0.0, "vulnClass": "none"}}, {"type": "Feature", "geometry": {"type": "MultiPolygon", "coordinates": [[[[72.1812188, 34.22684977], [72.18118314, 34.22684743], [72.18117333, 34.22695066], [72.18120899, 34.226953], [72.1812188, 34.22684977]]]]}, "properties": {"id": "8J6J65GJ+QF83", "height": 4.204621315002441, "hmax": 0.0, "ratio": 0.0, "vulnClass": "none"}}, {"type": "Feature", "geometry": {"type": "MultiPolygon", "coordinates": [[[[72.18134435, 34.226858], [72.18134813, 34.22681826], [72.18128771, 34.2268143], [72.18128394, 34.22685404], [72.18134435, 34.226858]]]]}, "properties": {"id": "8J6J65GJ+PGPC", "height": 3.864319324493408, "hmax": 0.0, "ratio": 0.0, "vulnClass": "none"}}, {"type": "Feature", "geometry": {"type": "MultiPolygon", "coordinates": [[[[72.18135453, 34.2268654], [72.18129001, 34.2268606], [72.1812853, 34.22690427], [72.18134982, 34.22690907], [72.18135453, 34.2268654]]]]}, "properties": {"id": "8J6J65GJ+QG46", "height": 3.62848424911499, "hmax": 0.0, "ratio": 0.0, "vulnClass": "none"}}, {"type": "Feature", "geometry": {"type": "MultiPolygon", "coordinates": [[[[72.18147518, 34.22687459], [72.18138002, 34.22686915], [72.18136921, 34.2269995], [72.1814979, 34.22700686], [72.18150078, 34.2269722], [72.18146724, 34.22697028], [72.18147518, 34.22687459]]]]}, "properties": {"id": "8J6J65GJ+QHFP", "height": 4.122128486633301, "hmax": 0.0, "ratio": 0.0, "vulnClass": "none"}}, {"type": "Feature", "geometry": {"type": "MultiPolygon", "coordinates": [[[[72.18137164, 34.22696366], [72.18127413, 34.22695727], [72.18127067, 34.22699368], [72.18136818, 34.22700007], [72.18137164, 34.22696366]]]]}, "properties": {"id": "8J6J65GJ+QGW3", "height": 3.715724229812622, "hmax": 0.0, "ratio": 0.0, "vulnClass": "none"}}, {"type": "Feature", "geometry": {"type": "MultiPolygon", "coordinates": [[[[72.1814262, 34.22700363], [72.18136819, 34.22699981], [72.18136053, 34.22708015], [72.18141853, 34.22708397], [72.1814262, 34.22700363]]]]}, "properties": {"id": "8J6J65GJ+RH6P", "height": 4.191638946533203, "hmax": 0.0, "ratio": 0.0, "vulnClass": "none"}}, {"type": "Feature", "geometry": {"type": "MultiPolygon", "coordinates": [[[[72.18159728, 34.22687643], [72.18154117, 34.22687203], [72.1815304, 34.22696695], [72.18149697, 34.22696434], [72.18149282, 34.22700095], [72.18166461, 34.2270144], [72.18166876, 34.22697779], [72.1815865, 34.22697135], [72.18159728, 34.22687643]]]]}, "properties": {"id": "8J6J65GJ+QJP7", "height": 6.282121658325195, "hmax": 0.0, "ratio": 0.0, "vulnClass": "none"}}, {"type": "Feature", "geometry": {"type": "MultiPolygon", "coordinates": [[[[72.1816887, 34.22680209], [72.18155034, 34.22679125], [72.18154117, 34.22687203], [72.18171304, 34.22688549], [72.18171894, 34.22683349], [72.18168544, 34.22683087], [72.1816887, 34.22680209]]]]}, "properties": {"id": "8J6J65GJ+PMJC", "height": 6.315844058990479, "hmax": 0.0, "ratio": 0.0, "vulnClass": "none"}}, {"type": "Feature", "geometry": {"type": "MultiPolygon", "coordinates": [[[[72.18135258, 34.22677144], [72.1813269, 34.22676976], [72.18132245, 34.22681658], [72.18134813, 34.22681826], [72.18135258, 34.22677144]]]]}, "properties": {"id": "8J6J65GJ+PG8Q", "height": 3.702975273132324, "hmax": 0.0, "ratio": 0.0, "vulnClass": "none"}}, {"type": "Feature", "geometry": {"type": "MultiPolygon", "coordinates": [[[[72.18122493, 34.22678523], [72.18118927, 34.22678289], [72.18118314, 34.22684743], [72.18128394, 34.22685404], [72.18128771, 34.2268143], [72.18122258, 34.22681003], [72.18122493, 34.22678523]]]]}, "properties": {"id": "8J6J65GJ+PFHV", "height": 4.428853988647461, "hmax": 0.0, "ratio": 0.0, "vulnClass": "none"}}, {"type": "Feature", "geometry": {"type": "MultiPolygon", "coordinates": [[[[72.18123327, 34.22669861], [72.1811936, 34.22669643], [72.18118965, 34.22674593], [72.18122932, 34.22674811], [72.18123327, 34.22669861]]]]}, "properties": {"id": "8J6J65GJ+MFPX", "height": 4.703768253326416, "hmax": 0.0, "ratio": 0.0, "vulnClass": "none"}}, {"type": "Feature", "geometry": {"type": "MultiPolygon", "coordinates": [[[[72.18131094, 34.22669561], [72.18126896, 34.22669387], [72.18126657, 34.22673385], [72.18130855, 34.22673559], [72.18131094, 34.22669561]]]]}, "properties": {"id": "8J6J65GJ+MGMC", "height": 4.328639030456543, "hmax": 0.0, "ratio": 0.0, "vulnClass": "none"}}, {"type": "Feature", "geometry": {"type": "MultiPolygon", "coordinates": [[[[72.18157648, 34.2266709], [72.18154164, 34.22666908], [72.18153883, 34.22670634], [72.18157367, 34.22670815], [72.18157648, 34.2266709]]]]}, "properties": {"id": "8J6J65GJ+MJFH", "height": 4.142622947692871, "hmax": 0.0, "ratio": 0.0, "vulnClass": "none"}}, {"type": "Feature", "geometry": {"type": "MultiPolygon", "coordinates": [[[[72.18171894, 34.22683349], [72.18173905, 34.22665632], [72.18168121, 34.22665179], [72.18166437, 34.22680018], [72.1816887, 34.22680209], [72.18168544, 34.22683087], [72.18171894, 34.22683349]]]]}, "properties": {"id": "8J6J65GJ+MMWF", "height": 5.434144020080566, "hmax": 0.0, "ratio": 0.0, "vulnClass": "none"}}, {"type": "Feature", "geometry": {"type": "MultiPolygon", "coordinates": [[[[72.18230645, 34.22662926], [72.18227354, 34.22663206], [72.18228644, 34.22673697], [72.18239563, 34.2267277], [72.18238778, 34.22666392], [72.1823115, 34.22667039], [72.18230645, 34.22662926]]]]}, "properties": {"id": "8J6J65GJ+MWGP", "height": 3.793771743774414, "hmax": 0.0, "ratio": 0.0, "vulnClass": "none"}}, {"type": "Feature", "geometry": {"type": "MultiPolygon", "coordinates": [[[[72.18253332, 34.22670297], [72.18253039, 34.22666971], [72.18248814, 34.22667228], [72.18249107, 34.22670554], [72.18253332, 34.22670297]]]]}, "properties": {"id": "8J6J65GM+M2CF", "height": 2.848903894424438, "hmax": 0.0, "ratio": 0.0, "vulnClass": "none"}}, {"type": "Feature", "geometry": {"type": "MultiPolygon", "coordinates": [[[[72.18263808, 34.22463765], [72.18262699, 34.22460543], [72.18258021, 34.22461653], [72.1825913, 34.22464876], [72.18263808, 34.22463765]]]]}, "properties": {"id": "8J6J65FM+V253", "height": 4.052646636962891, "hmax": 0.0, "ratio": 0.0, "vulnClass": "none"}}, {"type": "Feature", "geometry": {"type": "MultiPolygon", "coordinates": [[[[72.1826044, 34.22450023], [72.18254773, 34.22450853], [72.18257054, 34.22461601], [72.18262721, 34.22460771], [72.1826044, 34.22450023]]]]}, "properties": {"id": "8J6J65FM+R2G9", "height": 4.788013935089111, "hmax": 0.0, "ratio": 0.0, "vulnClass": "none"}}, {"type": "Feature", "geometry": {"type": "MultiPolygon", "coordinates": [[[[72.1825865, 34.2244116], [72.1825619, 34.224369], [72.1825181, 34.2243865], [72.1825428, 34.2244291], [72.1825865, 34.2244116]]]]}, "properties": {"id": "8J6J65FM+Q23W", "height": 5.06408166885376, "hmax": 0.0, "ratio": 0.0, "vulnClass": "none"}}, {"type": "Feature", "geometry": {"type": "MultiPolygon", "coordinates": [[[[72.18253421, 34.22443371], [72.18251408, 34.22438041], [72.18243212, 34.22440178], [72.18245226, 34.22445507], [72.18253421, 34.22443371]]]]}, "properties": {"id": "8J6J65FJ+QX9M", "height": 5.324566841125488, "hmax": 0.0, "ratio": 0.0, "vulnClass": "none"}}, {"type": "Feature", "geometry": {"type": "MultiPolygon", "coordinates": [[[[72.18232078, 34.224414], [72.18230582, 34.22437662], [72.18226459, 34.22438801], [72.18227956, 34.22442539], [72.18232078, 34.224414]]]]}, "properties": {"id": "8J6J65FJ+QW73", "height": 5.162611961364746, "hmax": 0.0, "ratio": 0.0, "vulnClass": "none"}}, {"type": "Feature", "geometry": {"type": "MultiPolygon", "coordinates": [[[[72.18239201, 34.22446133], [72.18237321, 34.22442199], [72.18229483, 34.22444784], [72.18231363, 34.22448718], [72.18239201, 34.22446133]]]]}, "properties": {"id": "8J6J65FJ+QWP5", "height": 4.86268138885498, "hmax": 0.0, "ratio": 0.0, "vulnClass": "none"}}, {"type": "Feature", "geometry": {"type": "MultiPolygon", "coordinates": [[[[72.18228157, 34.22445064], [72.18217851, 34.22449102], [72.18221958, 34.22456334], [72.18226497, 34.22454556], [72.1822986, 34.22460477], [72.18235627, 34.22458217], [72.18228157, 34.22445064]]]]}, "properties": {"id": "8J6J65FJ+RW2W", "height": 5.178234100341797, "hmax": 0.0, "ratio": 0.0, "vulnClass": "none"}}, {"type": "Feature", "geometry": {"type": "MultiPolygon", "coordinates": [[[[72.18250659, 34.22464011], [72.18249952, 34.22454214], [72.18234603, 34.22454978], [72.18235465, 34.22466922], [72.18243547, 34.22466519], [72.18243392, 34.22464373], [72.18250659, 34.22464011]]]]}, "properties": {"id": "8J6J65FJ+RXV4", "height": 6.131746768951416, "hmax": 0.0, "ratio": 0.0, "vulnClass": "none"}}, {"type": "Feature", "geometry": {"type": "MultiPolygon", "coordinates": [[[[72.18206454, 34.22460267], [72.1820446, 34.2245679], [72.18189103, 34.22462865], [72.18191096, 34.22466342], [72.18206454, 34.22460267]]]]}, "properties": {"id": "8J6J65FJ+RQXM", "height": 3.73384428024292, "hmax": 0.0, "ratio": 0.0, "vulnClass": "none"}}, {"type": "Feature", "geometry": {"type": "MultiPolygon", "coordinates": [[[[72.18174345, 34.22459028], [72.18171201, 34.2245857], [72.18170504, 34.22461872], [72.18173649, 34.22462329], [72.18174345, 34.22459028]]]]}, "properties": {"id": "8J6J65FJ+RMX2", "height": 3.045461177825928, "hmax": 0.0, "ratio": 0.0, "vulnClass": "none"}}, {"type": "Feature", "geometry": {"type": "MultiPolygon", "coordinates": [[[[72.18196727, 34.22449623], [72.18194511, 34.224453], [72.1817058, 34.22453765], [72.18176016, 34.22464239], [72.18185123, 34.22460978], [72.18181943, 34.22454852], [72.18196727, 34.22449623]]]]}, "properties": {"id": "8J6J65FJ+RP8J", "height": 3.651713609695435, "hmax": 0.0, "ratio": 0.0, "vulnClass": "none"}}, {"type": "Feature", "geometry": {"type": "MultiPolygon", "coordinates": [[[[72.1821635, 34.22440258], [72.1821181, 34.22441358], [72.18213921, 34.22447371], [72.18225446, 34.22444579], [72.1822427, 34.22441228], [72.18217285, 34.2244292], [72.1821635, 34.22440258]]]]}, "properties": {"id": "8J6J65FJ+QVFH", "height": 5.397548675537109, "hmax": 0.0, "ratio": 0.0, "vulnClass": "none"}}, {"type": "Feature", "geometry": {"type": "MultiPolygon", "coordinates": [[[[72.18210905, 34.22434676], [72.18208425, 34.22431415], [72.18201615, 34.22435035], [72.18204118, 34.22438284], [72.18210905, 34.22434676]]]]}, "properties": {"id": "8J6J65FJ+PRPR", "height": 3.249372720718384, "hmax": 0.0, "ratio": 0.0, "vulnClass": "none"}}, {"type": "Feature", "geometry": {"type": "MultiPolygon", "coordinates": [[[[72.18202084, 34.22422511], [72.18195239, 34.22412991], [72.18188241, 34.22416463], [72.18195087, 34.22425983], [72.18202084, 34.22422511]]]]}, "properties": {"id": "8J6J65FJ+MQGM", "height": 3.545633554458618, "hmax": 0.0, "ratio": 0.0, "vulnClass": "none"}}, {"type": "Feature", "geometry": {"type": "MultiPolygon", "coordinates": [[[[72.18208371, 34.22431254], [72.18202084, 34.22422511], [72.18195087, 34.22425983], [72.18201374, 34.22434725], [72.18208371, 34.22431254]]]]}, "properties": {"id": "8J6J65FJ+PR6G", "height": 3.554006338119507, "hmax": 0.0, "ratio": 0.0, "vulnClass": "none"}}, {"type": "Feature", "geometry": {"type": "MultiPolygon", "coordinates": [[[[72.18224976, 34.22427196], [72.18222496, 34.22423935], [72.18208425, 34.22431415], [72.18210905, 34.22434676], [72.18224976, 34.22427196]]]]}, "properties": {"id": "8J6J65FJ+PV7M", "height": 4.414819717407227, "hmax": 0.0, "ratio": 0.0, "vulnClass": "none"}}, {"type": "Feature", "geometry": {"type": "MultiPolygon", "coordinates": [[[[72.1821776, 34.2242129], [72.18216799, 34.22417952], [72.18212497, 34.22418807], [72.18213458, 34.22422145], [72.1821776, 34.2242129]]]]}, "properties": {"id": "8J6J65FJ+MVJ5", "height": 3.980199098587036, "hmax": 0.0, "ratio": 0.0, "vulnClass": "none"}}, {"type": "Feature", "geometry": {"type": "MultiPolygon", "coordinates": [[[[72.18241077, 34.22417925], [72.18237239, 34.22420558], [72.18240843, 34.22424183], [72.18244681, 34.2242155], [72.18241077, 34.22417925]]]]}, "properties": {"id": "8J6J65FJ+MXMC", "height": 6.466367244720459, "hmax": 0.0, "ratio": 0.0, "vulnClass": "none"}}, {"type": "Feature", "geometry": {"type": "MultiPolygon", "coordinates": [[[[72.18227437, 34.2243541], [72.18223819, 34.22429232], [72.18216161, 34.22432327], [72.18219779, 34.22438505], [72.18227437, 34.2243541]]]]}, "properties": {"id": "8J6J65FJ+PVPH", "height": 5.376032829284668, "hmax": 0.0, "ratio": 0.0, "vulnClass": "none"}}, {"type": "Feature", "geometry": {"type": "MultiPolygon", "coordinates": [[[[72.18216516, 34.22433132], [72.18214037, 34.22432951], [72.18213763, 34.22435545], [72.18216241, 34.22435726], [72.18216516, 34.22433132]]]]}, "properties": {"id": "8J6J65FJ+PVJQ", "height": 4.568844795227051, "hmax": 0.0, "ratio": 0.0, "vulnClass": "none"}}, {"type": "Feature", "geometry": {"type": "MultiPolygon", "coordinates": [[[[72.18236906, 34.2243922], [72.18232336, 34.2243228], [72.1822799, 34.22434255], [72.1823256, 34.22441195], [72.18236906, 34.2243922]]]]}, "properties": {"id": "8J6J65FJ+PWWM", "height": 4.571444988250732, "hmax": 0.0, "ratio": 0.0, "vulnClass": "none"}}, {"type": "Feature", "geometry": {"type": "MultiPolygon", "coordinates": [[[[72.18278199, 34.22440853], [72.18272741, 34.22431954], [72.18269405, 34.22433365], [72.18271171, 34.22436245], [72.18244344, 34.22447598], [72.18240367, 34.22441114], [72.18237059, 34.22442514], [72.18244728, 34.22455017], [72.18278199, 34.22440853]]]]}, "properties": {"id": "8J6J65FM+Q2GP", "height": 4.651966094970703, "hmax": 0.0, "ratio": 0.0, "vulnClass": "none"}}, {"type": "Feature", "geometry": {"type": "MultiPolygon", "coordinates": [[[[72.18242831, 34.22427117], [72.18239724, 34.22428392], [72.18244757, 34.22436859], [72.18247864, 34.22435585], [72.18242831, 34.22427117]]]]}, "properties": {"id": "8J6J65FJ+PXGJ", "height": 8.386253356933594, "hmax": 0.0, "ratio": 0.0, "vulnClass": "none"}}, {"type": "Feature", "geometry": {"type": "MultiPolygon", "coordinates": [[[[72.18247834, 34.22421473], [72.18243494, 34.22423173], [72.18250871, 34.22436164], [72.18271331, 34.22428147], [72.18268155, 34.22422553], [72.18252034, 34.2242887], [72.18247834, 34.22421473]]]]}, "properties": {"id": "8J6J65FM+P28C", "height": 7.81401252746582, "hmax": 0.0, "ratio": 0.0, "vulnClass": "none"}}, {"type": "Feature", "geometry": {"type": "MultiPolygon", "coordinates": [[[[72.18260036, 34.22404255], [72.18255895, 34.2239571], [72.18251049, 34.2239733], [72.18255191, 34.22405875], [72.18260036, 34.22404255]]]]}, "properties": {"id": "8J6J65FM+J239", "height": 3.195935726165771, "hmax": 0.0, "ratio": 0.0, "vulnClass": "none"}}, {"type": "Feature", "geometry": {"type": "MultiPolygon", "coordinates": [[[[72.18236402, 34.22410685], [72.18232984, 34.22404666], [72.18221122, 34.22409314], [72.18224541, 34.22415333], [72.18236402, 34.22410685]]]]}, "properties": {"id": "8J6J65FJ+JWMR", "height": 2.830828666687012, "hmax": 0.0, "ratio": 0.0, "vulnClass": "none"}}, {"type": "Feature", "geometry": {"type": "MultiPolygon", "coordinates": [[[[72.18257699, 34.22409457], [72.18254393, 34.22403636], [72.1823201, 34.22412406], [72.18235316, 34.22418228], [72.18257699, 34.22409457]]]]}, "properties": {"id": "8J6J65FJ+JXW7", "height": 3.842631340026855, "hmax": 0.0, "ratio": 0.0, "vulnClass": "none"}}, {"type": "Feature", "geometry": {"type": "MultiPolygon", "coordinates": [[[[72.18215757, 34.22417845], [72.18208357, 34.22407804], [72.18203612, 34.22410217], [72.18211011, 34.22420258], [72.18215757, 34.22417845]]]]}, "properties": {"id": "8J6J65FJ+MR5J", "height": 3.980199098587036, "hmax": 0.0, "ratio": 0.0, "vulnClass": "none"}}, {"type": "Feature", "geometry": {"type": "MultiPolygon", "coordinates": [[[[72.18224325, 34.22413487], [72.18216926, 34.22403447], [72.18208357, 34.22407804], [72.18215757, 34.22417845], [72.18224325, 34.22413487]]]]}, "properties": {"id": "8J6J65FJ+JVV6", "height": 3.967564105987549, "hmax": 0.0, "ratio": 0.0, "vulnClass": "none"}}, {"type": "Feature", "geometry": {"type": "MultiPolygon", "coordinates": [[[[72.18202221, 34.22399951], [72.18196534, 34.22402773], [72.18201608, 34.2240983], [72.18207296, 34.22407009], [72.18202221, 34.22399951]]]]}, "properties": {"id": "8J6J65FJ+JR6W", "height": 3.782838821411133, "hmax": 0.0, "ratio": 0.0, "vulnClass": "none"}}, {"type": "Feature", "geometry": {"type": "MultiPolygon", "coordinates": [[[[72.18198613, 34.22405665], [72.18196534, 34.22402773], [72.18190164, 34.22405934], [72.18192243, 34.22408825], [72.18198613, 34.22405665]]]]}, "properties": {"id": "8J6J65FJ+JQG6", "height": 2.454476356506348, "hmax": 0.0, "ratio": 0.0, "vulnClass": "none"}}, {"type": "Feature", "geometry": {"type": "MultiPolygon", "coordinates": [[[[72.18188833, 34.22406594], [72.18184022, 34.22399904], [72.18181108, 34.2240135], [72.18183792, 34.22405081], [72.18178998, 34.22407459], [72.18181126, 34.22410418], [72.18188833, 34.22406594]]]]}, "properties": {"id": "8J6J65FJ+JPG9", "height": 2.439627408981323, "hmax": 0.0, "ratio": 0.0, "vulnClass": "none"}}, {"type": "Feature", "geometry": {"type": "MultiPolygon", "coordinates": [[[[72.18185047, 34.22400188], [72.1818301, 34.22396709], [72.18173525, 34.22400542], [72.18175563, 34.22404021], [72.18185047, 34.22400188]]]]}, "properties": {"id": "8J6J65FJ+JP33", "height": 3.06546950340271, "hmax": 0.0, "ratio": 0.0, "vulnClass": "none"}}, {"type": "Feature", "geometry": {"type": "MultiPolygon", "coordinates": [[[[72.18169927, 34.22398776], [72.18182358, 34.22393793], [72.18180208, 34.22390094], [72.18171649, 34.22393525], [72.18170341, 34.22391273], [72.18166469, 34.22392825], [72.18169927, 34.22398776]]]]}, "properties": {"id": "8J6J65FJ+HMHP", "height": 3.665072202682495, "hmax": 0.0, "ratio": 0.0, "vulnClass": "none"}}, {"type": "Feature", "geometry": {"type": "MultiPolygon", "coordinates": [[[[72.18212846, 34.22398431], [72.18203495, 34.22387895], [72.18196988, 34.2239188], [72.18206339, 34.22402415], [72.18212846, 34.22398431]]]]}, "properties": {"id": "8J6J65FJ+HRM4", "height": 3.15463399887085, "hmax": 0.0, "ratio": 0.0, "vulnClass": "none"}}, {"type": "Feature", "geometry": {"type": "MultiPolygon", "coordinates": [[[[72.18201384, 34.22400878], [72.1819962, 34.22397572], [72.18195176, 34.22399208], [72.1819694, 34.22402514], [72.18201384, 34.22400878]]]]}, "properties": {"id": "8J6J65FJ+JQ53", "height": 2.685440301895142, "hmax": 0.0, "ratio": 0.0, "vulnClass": "none"}}, {"type": "Feature", "geometry": {"type": "MultiPolygon", "coordinates": [[[[72.18207431, 34.22377973], [72.18204845, 34.22376069], [72.18202753, 34.22378028], [72.18205339, 34.22379933], [72.18207431, 34.22377973]]]]}, "properties": {"id": "8J6J65FJ+GR78", "height": 2.668503761291504, "hmax": 0.0, "ratio": 0.0, "vulnClass": "none"}}, {"type": "Feature", "geometry": {"type": "MultiPolygon", "coordinates": [[[[72.18210868, 34.22384377], [72.18209892, 34.22380835], [72.1820137, 34.22382455], [72.18202346, 34.22385997], [72.18210868, 34.22384377]]]]}, "properties": {"id": "8J6J65FJ+GRM9", "height": 3.049125909805298, "hmax": 0.0, "ratio": 0.0, "vulnClass": "none"}}, {"type": "Feature", "geometry": {"type": "MultiPolygon", "coordinates": [[[[72.18190668, 34.22390461], [72.18188518, 34.22386762], [72.18180208, 34.22390094], [72.18182358, 34.22393793], [72.18190668, 34.22390461]]]]}, "properties": {"id": "8J6J65FJ+HP93", "height": 3.309877634048462, "hmax": 0.0, "ratio": 0.0, "vulnClass": "none"}}, {"type": "Feature", "geometry": {"type": "MultiPolygon", "coordinates": [[[[72.18177723, 34.2238652], [72.18175209, 34.22382331], [72.18169076, 34.22384871], [72.1817159, 34.22389059], [72.18177723, 34.2238652]]]]}, "properties": {"id": "8J6J65FJ+GMX7", "height": 3.109454870223999, "hmax": 0.0, "ratio": 0.0, "vulnClass": "none"}}, {"type": "Feature", "geometry": {"type": "MultiPolygon", "coordinates": [[[[72.18184692, 34.22380176], [72.18182716, 34.22376776], [72.18174406, 34.22380108], [72.18176381, 34.22383508], [72.18184692, 34.22380176]]]]}, "properties": {"id": "8J6J65FJ+GPF3", "height": 3.441229820251465, "hmax": 0.0, "ratio": 0.0, "vulnClass": "none"}}, {"type": "Feature", "geometry": {"type": "MultiPolygon", "coordinates": [[[[72.18183537, 34.22373615], [72.18182759, 34.22370401], [72.18178701, 34.22371079], [72.18179478, 34.22374293], [72.18183537, 34.22373615]]]]}, "properties": {"id": "8J6J65FJ+FPMX", "height": 3.049520254135132, "hmax": 0.0, "ratio": 0.0, "vulnClass": "none"}}, {"type": "Feature", "geometry": {"type": "MultiPolygon", "coordinates": [[[[72.18186227, 34.22372485], [72.18181358, 34.22374438], [72.18190668, 34.22390461], [72.18195538, 34.22388509], [72.18186227, 34.22372485]]]]}, "properties": {"id": "8J6J65FJ+GQCF", "height": 3.441229820251465, "hmax": 0.0, "ratio": 0.0, "vulnClass": "none"}}, {"type": "Feature", "geometry": {"type": "MultiPolygon", "coordinates": [[[[72.18174539, 34.2237674], [72.18173873, 34.22374199], [72.18166243, 34.22375578], [72.18166909, 34.22378119], [72.18174539, 34.2237674]]]]}, "properties": {"id": "8J6J65FJ+GM4G", "height": 2.483499050140381, "hmax": 0.0, "ratio": 0.0, "vulnClass": "none"}}, {"type": "Feature", "geometry": {"type": "MultiPolygon", "coordinates": [[[[72.18177588, 34.22372117], [72.18174432, 34.22369696], [72.18171782, 34.22372079], [72.18174939, 34.223745], [72.18177588, 34.22372117]]]]}, "properties": {"id": "8J6J65FJ+FMQX", "height": 2.614293098449707, "hmax": 0.0, "ratio": 0.0, "vulnClass": "none"}}, {"type": "Feature", "geometry": {"type": "MultiPolygon", "coordinates": [[[[72.18181142, 34.22377407], [72.18178211, 34.22372363], [72.18174157, 34.22373988], [72.18177088, 34.22379033], [72.18181142, 34.22377407]]]]}, "properties": {"id": "8J6J65FJ+GP29", "height": 3.20838737487793, "hmax": 0.0, "ratio": 0.0, "vulnClass": "none"}}, {"type": "Feature", "geometry": {"type": "MultiPolygon", "coordinates": [[[[72.18175022, 34.22370315], [72.18174337, 34.22368706], [72.18169579, 34.22370103], [72.18170265, 34.22371713], [72.18175022, 34.22370315]]]]}, "properties": {"id": "8J6J65FJ+FMQ2", "height": 2.487027168273926, "hmax": 0.0, "ratio": 0.0, "vulnClass": "none"}}, {"type": "Feature", "geometry": {"type": "MultiPolygon", "coordinates": [[[[72.18172795, 34.22368291], [72.18172482, 34.22366075], [72.1816885, 34.22366429], [72.18169163, 34.22368645], [72.18172795, 34.22368291]]]]}, "properties": {"id": "8J6J65FJ+FM8W", "height": 2.545345067977905, "hmax": 0.0, "ratio": 0.0, "vulnClass": "none"}}, {"type": "Feature", "geometry": {"type": "MultiPolygon", "coordinates": [[[[72.18213345, 34.22372389], [72.1821229, 34.22370225], [72.18205992, 34.22372344], [72.18207047, 34.22374508], [72.18213345, 34.22372389]]]]}, "properties": {"id": "8J6J65FJ+FRQR", "height": 3.48671293258667, "hmax": 0.0, "ratio": 0.0, "vulnClass": "none"}}, {"type": "Feature", "geometry": {"type": "MultiPolygon", "coordinates": [[[[72.18211007, 34.22373292], [72.18207179, 34.22374583], [72.18210041, 34.22380441], [72.18216202, 34.22378364], [72.18214896, 34.22375692], [72.18212563, 34.22376478], [72.18211007, 34.22373292]]]]}, "properties": {"id": "8J6J65FJ+GR5P", "height": 3.570046424865723, "hmax": 0.0, "ratio": 0.0, "vulnClass": "none"}}, {"type": "Feature", "geometry": {"type": "MultiPolygon", "coordinates": [[[[72.18230835, 34.22378217], [72.18229158, 34.22374425], [72.18209844, 34.22380319], [72.18211522, 34.22384111], [72.18230835, 34.22378217]]]]}, "properties": {"id": "8J6J65FJ+GV8P", "height": 3.570046424865723, "hmax": 0.0, "ratio": 0.0, "vulnClass": "none"}}, {"type": "Feature", "geometry": {"type": "MultiPolygon", "coordinates": [[[[72.18235556, 34.22376092], [72.1825003, 34.22369727], [72.18247726, 34.22366113], [72.18233253, 34.22372478], [72.18235556, 34.22376092]]]]}, "properties": {"id": "8J6J65FJ+FXMF", "height": 3.124888896942139, "hmax": 0.0, "ratio": 0.0, "vulnClass": "none"}}, {"type": "Feature", "geometry": {"type": "MultiPolygon", "coordinates": [[[[72.18232128, 34.2236969], [72.18227938, 34.223711], [72.18230899, 34.22377174], [72.1823509, 34.22375765], [72.18232128, 34.2236969]]]]}, "properties": {"id": "8J6J65FJ+FWW6", "height": 2.529394626617432, "hmax": 0.0, "ratio": 0.0, "vulnClass": "none"}}, {"type": "Feature", "geometry": {"type": "MultiPolygon", "coordinates": [[[[72.18254362, 34.22387317], [72.18244112, 34.22372339], [72.18235494, 34.22376408], [72.18245745, 34.22391386], [72.18254362, 34.22387317]]]]}, "properties": {"id": "8J6J65FJ+GXGM", "height": 2.656093120574951, "hmax": 0.0, "ratio": 0.0, "vulnClass": "none"}}, {"type": "Feature", "geometry": {"type": "MultiPolygon", "coordinates": [[[[72.18224759, 34.22387022], [72.18222517, 34.22382742], [72.1821762, 34.22384512], [72.18219862, 34.22388792], [72.18224759, 34.22387022]]]]}, "properties": {"id": "8J6J65FJ+GVW9", "height": 3.003707885742188, "hmax": 0.0, "ratio": 0.0, "vulnClass": "none"}}, {"type": "Feature", "geometry": {"type": "MultiPolygon", "coordinates": [[[[72.18194876, 34.22310015], [72.18190574, 34.22302946], [72.18170777, 34.22311259], [72.18175079, 34.22318328], [72.18194876, 34.22310015]]]]}, "properties": {"id": "8J6J65FJ+6PW8", "height": 2.888613224029541, "hmax": 0.0, "ratio": 0.0, "vulnClass": "none"}}, {"type": "Feature", "geometry": {"type": "MultiPolygon", "coordinates": [[[[72.18188706, 34.22318871], [72.18191989, 34.22315971], [72.18185445, 34.22315467], [72.18185096, 34.22318593], [72.18188706, 34.22318871]]]]}, "properties": {"id": "8J6J65FJ+7Q6R", "height": 2.649617910385132, "hmax": 0.0, "ratio": 0.0, "vulnClass": "none"}}, {"type": "Feature", "geometry": {"type": "MultiPolygon", "coordinates": [[[[72.18195787, 34.22326472], [72.18193455, 34.2232235], [72.18185876, 34.22325307], [72.18188208, 34.22329429], [72.18195787, 34.22326472]]]]}, "properties": {"id": "8J6J65FJ+8Q36", "height": 2.756622552871704, "hmax": 0.0, "ratio": 0.0, "vulnClass": "none"}}, {"type": "Feature", "geometry": {"type": "MultiPolygon", "coordinates": [[[[72.18170802, 34.22335679], [72.18187699, 34.22329329], [72.18183864, 34.22322287], [72.18164621, 34.22329518], [72.18166268, 34.22332543], [72.18168614, 34.22331662], [72.18170802, 34.22335679]]]]}, "properties": {"id": "8J6J65FJ+8P6P", "height": 2.963777303695679, "hmax": 0.0, "ratio": 0.0, "vulnClass": "none"}}, {"type": "Feature", "geometry": {"type": "MultiPolygon", "coordinates": [[[[72.18186828, 34.22331916], [72.18183578, 34.22330082], [72.18181524, 34.22332594], [72.18184774, 34.22334427], [72.18186828, 34.22331916]]]]}, "properties": {"id": "8J6J65FJ+8PGX", "height": 2.675651550292969, "hmax": 0.0, "ratio": 0.0, "vulnClass": "none"}}, {"type": "Feature", "geometry": {"type": "MultiPolygon", "coordinates": [[[[72.18218634, 34.22352061], [72.18218845, 34.22350067], [72.18215721, 34.22349839], [72.1821551, 34.22351833], [72.18218634, 34.22352061]]]]}, "properties": {"id": "8J6J65FJ+CV37", "height": 2.769598960876465, "hmax": 0.0, "ratio": 0.0, "vulnClass": "none"}}, {"type": "Feature", "geometry": {"type": "MultiPolygon", "coordinates": [[[[72.18254518, 34.22352522], [72.18250493, 34.22345917], [72.18231052, 34.22354091], [72.18228228, 34.22349456], [72.18223553, 34.22351422], [72.18230402, 34.22362662], [72.18254518, 34.22352522]]]]}, "properties": {"id": "8J6J65FJ+CX6M", "height": 3.162956714630127, "hmax": 0.0, "ratio": 0.0, "vulnClass": "none"}}, {"type": "Feature", "geometry": {"type": "MultiPolygon", "coordinates": [[[[72.18263025, 34.22363782], [72.18259213, 34.22357439], [72.18247829, 34.2236216], [72.18251641, 34.22368503], [72.18263025, 34.22363782]]]]}, "properties": {"id": "8J6J65FM+F234", "height": 2.937382698059082, "hmax": 0.0, "ratio": 0.0, "vulnClass": "none"}}, {"type": "Feature", "geometry": {"type": "MultiPolygon", "coordinates": [[[[72.18232085, 34.22365613], [72.18248568, 34.22358977], [72.18246746, 34.22355853], [72.18230262, 34.22362489], [72.18232085, 34.22365613]]]]}, "properties": {"id": "8J6J65FJ+CXR8", "height": 3.143873929977417, "hmax": 0.0, "ratio": 0.0, "vulnClass": "none"}}, {"type": "Feature", "geometry": {"type": "MultiPolygon", "coordinates": [[[[72.18224858, 34.22359596], [72.18222053, 34.22353922], [72.18217017, 34.2235564], [72.18219823, 34.22361314], [72.18224858, 34.22359596]]]]}, "properties": {"id": "8J6J65FJ+CVP4", "height": 3.211113452911377, "hmax": 0.0, "ratio": 0.0, "vulnClass": "none"}}, {"type": "Feature", "geometry": {"type": "MultiPolygon", "coordinates": [[[[72.18217172, 34.2235639], [72.18214541, 34.22356137], [72.1821423, 34.22358378], [72.1821686, 34.2235863], [72.18217172, 34.2235639]]]]}, "properties": {"id": "8J6J65FJ+CVFR", "height": 3.248546123504639, "hmax": 0.0, "ratio": 0.0, "vulnClass": "none"}}, {"type": "Feature", "geometry": {"type": "MultiPolygon", "coordinates": [[[[72.18208833, 34.22358623], [72.18205387, 34.22359353], [72.18207115, 34.22364977], [72.1821056, 34.22364246], [72.18208833, 34.22358623]]]]}, "properties": {"id": "8J6J65FJ+CRWP", "height": 3.267922401428223, "hmax": 0.0, "ratio": 0.0, "vulnClass": "none"}}, {"type": "Feature", "geometry": {"type": "MultiPolygon", "coordinates": [[[[72.18209926, 34.22370409], [72.18204493, 34.22359577], [72.18200144, 34.22361082], [72.18205578, 34.22371914], [72.18209926, 34.22370409]]]]}, "properties": {"id": "8J6J65FJ+FR78", "height": 3.330719947814941, "hmax": 0.0, "ratio": 0.0, "vulnClass": "none"}}, {"type": "Feature", "geometry": {"type": "MultiPolygon", "coordinates": [[[[72.18208399, 34.22352045], [72.18206913, 34.22349165], [72.18202742, 34.22350649], [72.18204228, 34.22353529], [72.18208399, 34.22352045]]]]}, "properties": {"id": "8J6J65FJ+CR3H", "height": 2.901646375656128, "hmax": 0.0, "ratio": 0.0, "vulnClass": "none"}}, {"type": "Feature", "geometry": {"type": "MultiPolygon", "coordinates": [[[[72.18206913, 34.22349165], [72.18204266, 34.22344032], [72.18200095, 34.22345517], [72.18202742, 34.22350649], [72.18206913, 34.22349165]]]]}, "properties": {"id": "8J6J65FJ+9RMR", "height": 2.589211463928223, "hmax": 0.0, "ratio": 0.0, "vulnClass": "none"}}, {"type": "Feature", "geometry": {"type": "MultiPolygon", "coordinates": [[[[72.1819025, 34.2234839], [72.1817779, 34.2235218], [72.1818102, 34.2235952], [72.1819348, 34.2235574], [72.1819025, 34.2234839]]]]}, "properties": {"id": "8J6J65FJ+CP9F", "height": 3.500651121139526, "hmax": 0.0, "ratio": 0.0, "vulnClass": "none"}}, {"type": "Feature", "geometry": {"type": "MultiPolygon", "coordinates": [[[[72.18182872, 34.223501], [72.18178389, 34.22342174], [72.18173697, 34.22344005], [72.1817818, 34.22351931], [72.18182872, 34.223501]]]]}, "properties": {"id": "8J6J65FJ+9PMR", "height": 2.709358215332031, "hmax": 0.0, "ratio": 0.0, "vulnClass": "none"}}, {"type": "Feature", "geometry": {"type": "MultiPolygon", "coordinates": [[[[72.18181022, 34.22359515], [72.18175906, 34.22347901], [72.18170276, 34.22349607], [72.18175379, 34.22361225], [72.18181022, 34.22359515]]]]}, "properties": {"id": "8J6J65FJ+CP6R", "height": 3.173405885696411, "hmax": 0.0, "ratio": 0.0, "vulnClass": "none"}}, {"type": "Feature", "geometry": {"type": "MultiPolygon", "coordinates": [[[[72.18193476, 34.22363082], [72.18192048, 34.22359729], [72.18186174, 34.22361455], [72.18187602, 34.22364808], [72.18193476, 34.22363082]]]]}, "properties": {"id": "8J6J65FJ+CQRW", "height": 3.414453506469727, "hmax": 0.0, "ratio": 0.0, "vulnClass": "none"}}, {"type": "Feature", "geometry": {"type": "MultiPolygon", "coordinates": [[[[72.18184956, 34.22365585], [72.18183528, 34.22362232], [72.18172909, 34.22365352], [72.18174337, 34.22368706], [72.18184956, 34.22365585]]]]}, "properties": {"id": "8J6J65FJ+FP73", "height": 3.501840114593506, "hmax": 0.0, "ratio": 0.0, "vulnClass": "none"}}, {"type": "Feature", "geometry": {"type": "MultiPolygon", "coordinates": [[[[72.18163426, 34.22367185], [72.18160712, 34.22362238], [72.18152572, 34.2236532], [72.18155286, 34.22370267], [72.18163426, 34.22367185]]]]}, "properties": {"id": "8J6J65FJ+FJ8G", "height": 2.620213508605957, "hmax": 0.0, "ratio": 0.0, "vulnClass": "none"}}, {"type": "Feature", "geometry": {"type": "MultiPolygon", "coordinates": [[[[72.18165502, 34.22363622], [72.18160373, 34.22354203], [72.18156741, 34.22355568], [72.18161871, 34.22364987], [72.18165502, 34.22363622]]]]}, "properties": {"id": "8J6J65FJ+CJQW", "height": 2.575947999954224, "hmax": 0.0, "ratio": 0.0, "vulnClass": "none"}}, {"type": "Feature", "geometry": {"type": "MultiPolygon", "coordinates": [[[[72.18153759, 34.22368035], [72.18147991, 34.22357444], [72.18138875, 34.2236087], [72.18144643, 34.22371461], [72.18153759, 34.22368035]]]]}, "properties": {"id": "8J6J65FJ+FH4Q", "height": 2.657641172409058, "hmax": 0.0, "ratio": 0.0, "vulnClass": "none"}}, {"type": "Feature", "geometry": {"type": "MultiPolygon", "coordinates": [[[[72.18076309, 34.22349254], [72.18073416, 34.22349431], [72.18073716, 34.22352807], [72.18076609, 34.2235263], [72.18076309, 34.22349254]]]]}, "properties": {"id": "8J6J65FJ+C82C", "height": 3.536827564239502, "hmax": 0.0, "ratio": 0.0, "vulnClass": "none"}}, {"type": "Feature", "geometry": {"type": "MultiPolygon", "coordinates": [[[[72.18085585, 34.22336077], [72.18084952, 34.22332628], [72.18078102, 34.22333495], [72.18078734, 34.22336944], [72.18085585, 34.22336077]]]]}, "properties": {"id": "8J6J65FJ+88PR", "height": 3.72105884552002, "hmax": 0.0, "ratio": 0.0, "vulnClass": "none"}}, {"type": "Feature", "geometry": {"type": "MultiPolygon", "coordinates": [[[[72.1807791, 34.22333258], [72.18094376, 34.22329847], [72.18092072, 34.22322174], [72.18075607, 34.22325585], [72.1807791, 34.22333258]]]]}, "properties": {"id": "8J6J65FJ+8892", "height": 3.866879224777222, "hmax": 0.0, "ratio": 0.0, "vulnClass": "none"}}, {"type": "Feature", "geometry": {"type": "MultiPolygon", "coordinates": [[[[72.18134885, 34.22308982], [72.18132002, 34.22303515], [72.18124157, 34.22306369], [72.18127041, 34.22311836], [72.18134885, 34.22308982]]]]}, "properties": {"id": "8J6J65FJ+6GM3", "height": 3.387192249298096, "hmax": 0.0, "ratio": 0.0, "vulnClass": "none"}}, {"type": "Feature", "geometry": {"type": "MultiPolygon", "coordinates": [[[[72.18127901, 34.2229474], [72.18124005, 34.22296095], [72.18126001, 34.22300056], [72.18129898, 34.22298701], [72.18127901, 34.2229474]]]]}, "properties": {"id": "8J6J65FJ+5GJW", "height": 3.493758201599121, "hmax": 0.0, "ratio": 0.0, "vulnClass": "none"}}, {"type": "Feature", "geometry": {"type": "MultiPolygon", "coordinates": [[[[72.18132408, 34.22293172], [72.18127901, 34.2229474], [72.18133968, 34.22306777], [72.18144676, 34.22303053], [72.18140606, 34.22294977], [72.18134405, 34.22297133], [72.18132408, 34.22293172]]]]}, "properties": {"id": "8J6J65FJ+6G54", "height": 3.207714557647705, "hmax": 0.0, "ratio": 0.0, "vulnClass": "none"}}, {"type": "Feature", "geometry": {"type": "MultiPolygon", "coordinates": [[[[72.18145089, 34.2229406], [72.18141636, 34.22295002], [72.18144548, 34.22302365], [72.18148, 34.22301422], [72.18145089, 34.2229406]]]]}, "properties": {"id": "8J6J65FJ+5HW7", "height": 3.152060031890869, "hmax": 0.0, "ratio": 0.0, "vulnClass": "none"}}, {"type": "Feature", "geometry": {"type": "MultiPolygon", "coordinates": [[[[72.18154682, 34.22299849], [72.18153866, 34.22297221], [72.18149193, 34.22298222], [72.18150009, 34.2230085], [72.18154682, 34.22299849]]]]}, "properties": {"id": "8J6J65FJ+5JRP", "height": 2.545331478118896, "hmax": 0.0, "ratio": 0.0, "vulnClass": "none"}}, {"type": "Feature", "geometry": {"type": "MultiPolygon", "coordinates": [[[[72.18164141, 34.22296448], [72.18161926, 34.22288898], [72.18153603, 34.22290583], [72.18155818, 34.22298133], [72.18164141, 34.22296448]]]]}, "properties": {"id": "8J6J65FJ+5JGH", "height": 2.579886436462402, "hmax": 0.0, "ratio": 0.0, "vulnClass": "none"}}, {"type": "Feature", "geometry": {"type": "MultiPolygon", "coordinates": [[[[72.18153102, 34.2229003], [72.18152133, 34.22282648], [72.18140143, 34.22283733], [72.18141112, 34.22291116], [72.18153102, 34.2229003]]]]}, "properties": {"id": "8J6J65FJ+4HWQ", "height": 2.913633823394775, "hmax": 0.0, "ratio": 0.0, "vulnClass": "none"}}, {"type": "Feature", "geometry": {"type": "MultiPolygon", "coordinates": [[[[72.1813241, 34.2229317], [72.1812779, 34.2228402], [72.1811939, 34.2228694], [72.1812401, 34.2229609], [72.1813241, 34.2229317]]]]}, "properties": {"id": "8J6J65FJ+5G63", "height": 3.112813949584961, "hmax": 0.0, "ratio": 0.0, "vulnClass": "none"}}, {"type": "Feature", "geometry": {"type": "MultiPolygon", "coordinates": [[[[72.18097019, 34.22288632], [72.18091104, 34.22289129], [72.18091424, 34.22291757], [72.18097339, 34.2229126], [72.18097019, 34.22288632]]]]}, "properties": {"id": "8J6J65FJ+5982", "height": 2.7837233543396, "hmax": 0.0, "ratio": 0.0, "vulnClass": "none"}}, {"type": "Feature", "geometry": {"type": "MultiPolygon", "coordinates": [[[[72.18089417, 34.2230882], [72.18122294, 34.22296822], [72.18118736, 34.22290096], [72.18091159, 34.2230016], [72.18089758, 34.2229751], [72.18084458, 34.22299445], [72.18089417, 34.2230882]]]]}, "properties": {"id": "8J6J65FJ+5CRQ", "height": 4.21477222442627, "hmax": 0.0, "ratio": 0.0, "vulnClass": "none"}}, {"type": "Feature", "geometry": {"type": "MultiPolygon", "coordinates": [[[[72.18115336, 34.22303765], [72.18126001, 34.22300056], [72.18124005, 34.22296095], [72.18113339, 34.22299804], [72.18115336, 34.22303765]]]]}, "properties": {"id": "8J6J65FJ+5FWV", "height": 3.543498516082764, "hmax": 0.0, "ratio": 0.0, "vulnClass": "none"}}, {"type": "Feature", "geometry": {"type": "MultiPolygon", "coordinates": [[[[72.1811353, 34.22300528], [72.18109577, 34.22301449], [72.18110767, 34.22304971], [72.1811472, 34.2230405], [72.1811353, 34.22300528]]]]}, "properties": {"id": "8J6J65FJ+6C95", "height": 3.640241622924805, "hmax": 0.0, "ratio": 0.0, "vulnClass": "none"}}, {"type": "Feature", "geometry": {"type": "MultiPolygon", "coordinates": [[[[72.18119406, 34.22311841], [72.18117105, 34.22307275], [72.18111168, 34.2230934], [72.18113469, 34.22313906], [72.18119406, 34.22311841]]]]}, "properties": {"id": "8J6J65FJ+6FR9", "height": 3.830987691879272, "hmax": 0.0, "ratio": 0.0, "vulnClass": "none"}}, {"type": "Feature", "geometry": {"type": "MultiPolygon", "coordinates": [[[[72.18113101, 34.2231314], [72.18111091, 34.22309156], [72.18102327, 34.22312206], [72.18104336, 34.2231619], [72.18113101, 34.2231314]]]]}, "properties": {"id": "8J6J65FJ+7C43", "height": 4.216512680053711, "hmax": 0.0, "ratio": 0.0, "vulnClass": "none"}}, {"type": "Feature", "geometry": {"type": "MultiPolygon", "coordinates": [[[[72.18057032, 34.22320706], [72.18053725, 34.22305958], [72.18045294, 34.22307263], [72.18048601, 34.2232201], [72.18057032, 34.22320706]]]]}, "properties": {"id": "8J6J65FJ+762F", "height": 5.435795783996582, "hmax": 0.0, "ratio": 0.0, "vulnClass": "none"}}, {"type": "Feature", "geometry": {"type": "MultiPolygon", "coordinates": [[[[72.18059809, 34.22305017], [72.18058134, 34.22297548], [72.18046138, 34.22299404], [72.18047813, 34.22306873], [72.18059809, 34.22305017]]]]}, "properties": {"id": "8J6J65FJ+662X", "height": 2.83620023727417, "hmax": 0.0, "ratio": 0.0, "vulnClass": "none"}}, {"type": "Feature", "geometry": {"type": "MultiPolygon", "coordinates": [[[[72.18026738, 34.22286127], [72.18025631, 34.22273286], [72.1800275, 34.22274647], [72.18003857, 34.22287488], [72.18026738, 34.22286127]]]]}, "properties": {"id": "8J6J65FJ+43C4", "height": 3.079809904098511, "hmax": 0.0, "ratio": 0.0, "vulnClass": "none"}}, {"type": "Feature", "geometry": {"type": "MultiPolygon", "coordinates": [[[[72.18014839, 34.22311448], [72.18009963, 34.22312173], [72.18010793, 34.22316025], [72.18015669, 34.223153], [72.18014839, 34.22311448]]]]}, "properties": {"id": "8J6J65FJ+732C", "height": 2.541670322418213, "hmax": 0.0, "ratio": 0.0, "vulnClass": "none"}}, {"type": "Feature", "geometry": {"type": "MultiPolygon", "coordinates": [[[[72.18003983, 34.22317912], [72.17999491, 34.2230383], [72.17988767, 34.2230619], [72.17993259, 34.22320272], [72.18003983, 34.22317912]]]]}, "properties": {"id": "8J6J65FH+6XWX", "height": 3.002100467681885, "hmax": 0.0, "ratio": 0.0, "vulnClass": "none"}}, {"type": "Feature", "geometry": {"type": "MultiPolygon", "coordinates": [[[[72.17984618, 34.22312198], [72.17980375, 34.22313132], [72.17983348, 34.22322453], [72.17987591, 34.22321519], [72.17984618, 34.22312198]]]]}, "properties": {"id": "8J6J65FH+7W8X", "height": 2.581816911697388, "hmax": 0.0, "ratio": 0.0, "vulnClass": "none"}}, {"type": "Feature", "geometry": {"type": "MultiPolygon", "coordinates": [[[[72.17993259, 34.22320272], [72.17991929, 34.22316104], [72.17986261, 34.22317351], [72.17987591, 34.22321519], [72.17993259, 34.22320272]]]]}, "properties": {"id": "8J6J65FH+7XCG", "height": 2.752509593963623, "hmax": 0.0, "ratio": 0.0, "vulnClass": "none"}}, {"type": "Feature", "geometry": {"type": "MultiPolygon", "coordinates": [[[[72.18063116, 34.22319764], [72.18062409, 34.22316612], [72.18056325, 34.22317553], [72.18057032, 34.22320706], [72.18063116, 34.22319764]]]]}, "properties": {"id": "8J6J65FJ+76HC", "height": 4.853441715240479, "hmax": 0.0, "ratio": 0.0, "vulnClass": "none"}}, {"type": "Feature", "geometry": {"type": "MultiPolygon", "coordinates": [[[[72.18056235, 34.22323792], [72.18052514, 34.22324168], [72.1805354, 34.22331166], [72.1805726, 34.2233079], [72.18056235, 34.22323792]]]]}, "properties": {"id": "8J6J65FJ+863W", "height": 5.216995239257812, "hmax": 0.0, "ratio": 0.0, "vulnClass": "none"}}, {"type": "Feature", "geometry": {"type": "MultiPolygon", "coordinates": [[[[72.18073653, 34.22338445], [72.18072882, 34.22334128], [72.1805997, 34.22335719], [72.18060741, 34.22340036], [72.18073653, 34.22338445]]]]}, "properties": {"id": "8J6J65FJ+87VV", "height": 4.141293048858643, "hmax": 0.0, "ratio": 0.0, "vulnClass": "none"}}, {"type": "Feature", "geometry": {"type": "MultiPolygon", "coordinates": [[[[72.18060741, 34.22340036], [72.1805997, 34.22335719], [72.18036544, 34.22338605], [72.18037315, 34.22342922], [72.18049748, 34.2234139], [72.18051071, 34.22348801], [72.18055375, 34.2234827], [72.18054052, 34.2234086], [72.18060741, 34.22340036]]]]}, "properties": {"id": "8J6J65FJ+9599", "height": 3.554863929748535, "hmax": 0.0, "ratio": 0.0, "vulnClass": "none"}}, {"type": "Feature", "geometry": {"type": "MultiPolygon", "coordinates": [[[[72.18081254, 34.2236939], [72.18080658, 34.22364726], [72.18075801, 34.22365154], [72.18075343, 34.22361566], [72.18060694, 34.22362856], [72.18062299, 34.22375431], [72.18076949, 34.22374141], [72.18076397, 34.22369818], [72.18081254, 34.2236939]]]]}, "properties": {"id": "8J6J65FJ+F7G7", "height": 5.426430702209473, "hmax": 0.0, "ratio": 0.0, "vulnClass": "none"}}, {"type": "Feature", "geometry": {"type": "MultiPolygon", "coordinates": [[[[72.18078248, 34.22361157], [72.18076663, 34.22353045], [72.18040816, 34.22357876], [72.180424, 34.22365988], [72.18078248, 34.22361157]]]]}, "properties": {"id": "8J6J65FJ+C6QR", "height": 3.873983383178711, "hmax": 0.0, "ratio": 0.0, "vulnClass": "none"}}, {"type": "Feature", "geometry": {"type": "MultiPolygon", "coordinates": [[[[72.18059484, 34.22368027], [72.18058836, 34.22363525], [72.18043515, 34.22365046], [72.18044163, 34.22369549], [72.18059484, 34.22368027]]]]}, "properties": {"id": "8J6J65FJ+F66M", "height": 3.667984008789062, "hmax": 0.0, "ratio": 0.0, "vulnClass": "none"}}, {"type": "Feature", "geometry": {"type": "MultiPolygon", "coordinates": [[[[72.18086699, 34.22391411], [72.18086151, 34.22387566], [72.18069983, 34.22389156], [72.18070531, 34.22393001], [72.18086699, 34.22391411]]]]}, "properties": {"id": "8J6J65FJ+H872", "height": 2.742473363876343, "hmax": 0.0, "ratio": 0.0, "vulnClass": "none"}}, {"type": "Feature", "geometry": {"type": "MultiPolygon", "coordinates": [[[[72.18084547, 34.22380261], [72.18080558, 34.22380728], [72.18081723, 34.22387598], [72.18085712, 34.22387131], [72.18084547, 34.22380261]]]]}, "properties": {"id": "8J6J65FJ+G8PG", "height": 2.711420297622681, "hmax": 0.0, "ratio": 0.0, "vulnClass": "none"}}, {"type": "Feature", "geometry": {"type": "MultiPolygon", "coordinates": [[[[72.18169556, 34.22370129], [72.18168124, 34.22366754], [72.18155741, 34.22370379], [72.18157172, 34.22373754], [72.18169556, 34.22370129]]]]}, "properties": {"id": "8J6J65FJ+FMJ2", "height": 2.683153629302979, "hmax": 0.0, "ratio": 0.0, "vulnClass": "none"}}, {"type": "Feature", "geometry": {"type": "MultiPolygon", "coordinates": [[[[72.18164517, 34.22379315], [72.18162297, 34.22374083], [72.18157862, 34.22375381], [72.18160082, 34.22380613], [72.18164517, 34.22379315]]]]}, "properties": {"id": "8J6J65FJ+GJ5W", "height": 2.51504921913147, "hmax": 0.0, "ratio": 0.0, "vulnClass": "none"}}, {"type": "Feature", "geometry": {"type": "MultiPolygon", "coordinates": [[[[72.18138198, 34.2238621], [72.18130668, 34.22387398], [72.18132659, 34.22396109], [72.18150302, 34.22393326], [72.18149209, 34.22388547], [72.18139096, 34.22390142], [72.18138198, 34.2238621]]]]}, "properties": {"id": "8J6J65FJ+HH6G", "height": 3.176709651947021, "hmax": 0.0, "ratio": 0.0, "vulnClass": "none"}}, {"type": "Feature", "geometry": {"type": "MultiPolygon", "coordinates": [[[[72.18143044, 34.22379961], [72.18139622, 34.22380192], [72.18139914, 34.22383176], [72.18143336, 34.22382945], [72.18143044, 34.22379961]]]]}, "properties": {"id": "8J6J65FJ+GHFM", "height": 2.644721508026123, "hmax": 0.0, "ratio": 0.0, "vulnClass": "none"}}, {"type": "Feature", "geometry": {"type": "MultiPolygon", "coordinates": [[[[72.18131104, 34.22389306], [72.18130668, 34.22387398], [72.1812082, 34.22388952], [72.18121256, 34.2239086], [72.18131104, 34.22389306]]]]}, "properties": {"id": "8J6J65FJ+HG2M", "height": 2.745148897171021, "hmax": 0.0, "ratio": 0.0, "vulnClass": "none"}}, {"type": "Feature", "geometry": {"type": "MultiPolygon", "coordinates": [[[[72.18140021, 34.22405691], [72.18137329, 34.22395912], [72.18129998, 34.22397305], [72.1813269, 34.22407083], [72.18140021, 34.22405691]]]]}, "properties": {"id": "8J6J65FJ+JG5C", "height": 2.994900703430176, "hmax": 0.0, "ratio": 0.0, "vulnClass": "none"}}, {"type": "Feature", "geometry": {"type": "MultiPolygon", "coordinates": [[[[72.18152519, 34.22392139], [72.18144943, 34.22393759], [72.18145778, 34.22396452], [72.18149826, 34.22395587], [72.1815099, 34.22399346], [72.18156846, 34.22398094], [72.18155682, 34.22394335], [72.18153354, 34.22394833], [72.18152519, 34.22392139]]]]}, "properties": {"id": "8J6J65FJ+HJJ7", "height": 3.728804349899292, "hmax": 0.0, "ratio": 0.0, "vulnClass": "none"}}, {"type": "Feature", "geometry": {"type": "MultiPolygon", "coordinates": [[[[72.1816549, 34.22406669], [72.18164241, 34.22401208], [72.1815726, 34.22402309], [72.18158509, 34.2240777], [72.1816549, 34.22406669]]]]}, "properties": {"id": "8J6J65FJ+JJ9P", "height": 3.098331212997437, "hmax": 0.0, "ratio": 0.0, "vulnClass": "none"}}, {"type": "Feature", "geometry": {"type": "MultiPolygon", "coordinates": [[[[72.18157891, 34.22405067], [72.18153157, 34.22405814], [72.18154109, 34.22409979], [72.18158843, 34.22409233], [72.18157891, 34.22405067]]]]}, "properties": {"id": "8J6J65FJ+JJM5", "height": 2.89752459526062, "hmax": 0.0, "ratio": 0.0, "vulnClass": "none"}}, {"type": "Feature", "geometry": {"type": "MultiPolygon", "coordinates": [[[[72.18158809, 34.22416401], [72.18170702, 34.22413308], [72.18168625, 34.22407799], [72.18156733, 34.22410892], [72.18158809, 34.22416401]]]]}, "properties": {"id": "8J6J65FJ+JMRV", "height": 3.171990394592285, "hmax": 0.0, "ratio": 0.0, "vulnClass": "none"}}, {"type": "Feature", "geometry": {"type": "MultiPolygon", "coordinates": [[[[72.18163062, 34.22431062], [72.18156354, 34.22411922], [72.18153548, 34.224126], [72.18158865, 34.22427773], [72.1814797, 34.22430407], [72.18149361, 34.22434375], [72.18163062, 34.22431062]]]]}, "properties": {"id": "8J6J65FJ+PJ46", "height": 4.673538208007812, "hmax": 0.0, "ratio": 0.0, "vulnClass": "none"}}, {"type": "Feature", "geometry": {"type": "MultiPolygon", "coordinates": [[[[72.18154377, 34.22410029], [72.18152529, 34.22403315], [72.1813269, 34.22407083], [72.18134538, 34.22413797], [72.18154377, 34.22410029]]]]}, "properties": {"id": "8J6J65FJ+JHMH", "height": 3.21014142036438, "hmax": 0.0, "ratio": 0.0, "vulnClass": "none"}}, {"type": "Feature", "geometry": {"type": "MultiPolygon", "coordinates": [[[[72.18118406, 34.22418953], [72.18116717, 34.22411562], [72.18097928, 34.22414526], [72.18099618, 34.22421917], [72.18118406, 34.22418953]]]]}, "properties": {"id": "8J6J65FJ+MC8P", "height": 4.916231632232666, "hmax": 0.0, "ratio": 0.0, "vulnClass": "none"}}, {"type": "Feature", "geometry": {"type": "MultiPolygon", "coordinates": [[[[72.18100615, 34.22408567], [72.18096707, 34.22409183], [72.18097928, 34.22414526], [72.18101836, 34.22413909], [72.18100615, 34.22408567]]]]}, "properties": {"id": "8J6J65FJ+J9XQ", "height": 3.820575952529907, "hmax": 0.0, "ratio": 0.0, "vulnClass": "none"}}, {"type": "Feature", "geometry": {"type": "MultiPolygon", "coordinates": [[[[72.18123029, 34.22398584], [72.18121265, 34.22388603], [72.18111963, 34.22389737], [72.18113727, 34.22399718], [72.18123029, 34.22398584]]]]}, "properties": {"id": "8J6J65FJ+HFFP", "height": 2.729837417602539, "hmax": 0.0, "ratio": 0.0, "vulnClass": "none"}}, {"type": "Feature", "geometry": {"type": "MultiPolygon", "coordinates": [[[[72.18114116, 34.22401829], [72.18112262, 34.22394273], [72.18093242, 34.22397493], [72.18095096, 34.22405049], [72.18114116, 34.22401829]]]]}, "properties": {"id": "8J6J65FJ+HCVR", "height": 4.223592758178711, "hmax": 0.0, "ratio": 0.0, "vulnClass": "none"}}, {"type": "Feature", "geometry": {"type": "MultiPolygon", "coordinates": [[[[72.18072684, 34.22433981], [72.18067748, 34.22434074], [72.18068083, 34.22446379], [72.18073019, 34.22446287], [72.18072684, 34.22433981]]]]}, "properties": {"id": "8J6J65FJ+Q784", "height": 4.540210723876953, "hmax": 0.0, "ratio": 0.0, "vulnClass": "none"}}, {"type": "Feature", "geometry": {"type": "MultiPolygon", "coordinates": [[[[72.1807991, 34.2243265], [72.180753, 34.2243281], [72.1807562, 34.2243908], [72.1808023, 34.2243892], [72.1807991, 34.2243265]]]]}, "properties": {"id": "8J6J65FJ+P8R9", "height": 4.06570291519165, "hmax": 0.0, "ratio": 0.0, "vulnClass": "none"}}, {"type": "Feature", "geometry": {"type": "MultiPolygon", "coordinates": [[[[72.18087748, 34.22431605], [72.18084116, 34.22431841], [72.18085156, 34.22442877], [72.18088788, 34.22442641], [72.18087748, 34.22431605]]]]}, "properties": {"id": "8J6J65FJ+P8XW", "height": 6.492104530334473, "hmax": 0.0, "ratio": 0.0, "vulnClass": "none"}}, {"type": "Feature", "geometry": {"type": "MultiPolygon", "coordinates": [[[[72.180976, 34.2243747], [72.1809789, 34.2243207], [72.1808919, 34.2243175], [72.180889, 34.2243714], [72.180976, 34.2243747]]]]}, "properties": {"id": "8J6J65FJ+P9MX", "height": 5.982662200927734, "hmax": 0.0, "ratio": 0.0, "vulnClass": "none"}}, {"type": "Feature", "geometry": {"type": "MultiPolygon", "coordinates": [[[[72.1812351, 34.22439303], [72.1812128, 34.22431202], [72.18103071, 34.2243466], [72.18103559, 34.22436432], [72.18101014, 34.22436915], [72.18102756, 34.22443245], [72.1812351, 34.22439303]]]]}, "properties": {"id": "8J6J65FJ+PCXX", "height": 5.641075134277344, "hmax": 0.0, "ratio": 0.0, "vulnClass": "none"}}, {"type": "Feature", "geometry": {"type": "MultiPolygon", "coordinates": [[[[72.18118464, 34.22420886], [72.18115058, 34.22420808], [72.18114913, 34.22425142], [72.18118319, 34.2242522], [72.18118464, 34.22420886]]]]}, "properties": {"id": "8J6J65FJ+MFV7", "height": 3.590234756469727, "hmax": 0.0, "ratio": 0.0, "vulnClass": "none"}}, {"type": "Feature", "geometry": {"type": "MultiPolygon", "coordinates": [[[[72.18106215, 34.2242358], [72.18101226, 34.2242403], [72.1810253, 34.22433996], [72.18107519, 34.22433546], [72.18106215, 34.2242358]]]]}, "properties": {"id": "8J6J65FJ+PC7F", "height": 4.997505187988281, "hmax": 0.0, "ratio": 0.0, "vulnClass": "none"}}, {"type": "Feature", "geometry": {"type": "MultiPolygon", "coordinates": [[[[72.18132778, 34.22421975], [72.18130726, 34.22414521], [72.18117386, 34.22417055], [72.18122416, 34.22435327], [72.18135756, 34.22432793], [72.1813462, 34.22428668], [72.18130622, 34.22429428], [72.1812878, 34.22422734], [72.18132778, 34.22421975]]]]}, "properties": {"id": "8J6J65FJ+MGRV", "height": 5.598066329956055, "hmax": 0.0, "ratio": 0.0, "vulnClass": "none"}}, {"type": "Feature", "geometry": {"type": "MultiPolygon", "coordinates": [[[[72.18145543, 34.22418342], [72.18144734, 34.224148], [72.18137203, 34.22415988], [72.18138013, 34.2241953], [72.18145543, 34.22418342]]]]}, "properties": {"id": "8J6J65FJ+MH7R", "height": 4.340035915374756, "hmax": 0.0, "ratio": 0.0, "vulnClass": "none"}}, {"type": "Feature", "geometry": {"type": "MultiPolygon", "coordinates": [[[[72.18182601, 34.2242886], [72.18179585, 34.22416253], [72.18159819, 34.22419516], [72.18162835, 34.22432124], [72.18182601, 34.2242886]]]]}, "properties": {"id": "8J6J65FJ+MMWQ", "height": 4.629296779632568, "hmax": 0.0, "ratio": 0.0, "vulnClass": "none"}}, {"type": "Feature", "geometry": {"type": "MultiPolygon", "coordinates": [[[[72.18173456, 34.22435377], [72.18172686, 34.2243219], [72.18158776, 34.22434512], [72.18159547, 34.22437698], [72.18173456, 34.22435377]]]]}, "properties": {"id": "8J6J65FJ+PMMR", "height": 4.023877143859863, "hmax": 0.0, "ratio": 0.0, "vulnClass": "none"}}, {"type": "Feature", "geometry": {"type": "MultiPolygon", "coordinates": [[[[72.18149112, 34.22433951], [72.18148365, 34.22430687], [72.18140835, 34.22431875], [72.18141581, 34.22435139], [72.18149112, 34.22433951]]]]}, "properties": {"id": "8J6J65FJ+PHP3", "height": 4.312138557434082, "hmax": 0.0, "ratio": 0.0, "vulnClass": "none"}}, {"type": "Feature", "geometry": {"type": "MultiPolygon", "coordinates": [[[[72.18141581, 34.22435139], [72.18140835, 34.22431875], [72.18122038, 34.2243484], [72.18122784, 34.22438103], [72.18141581, 34.22435139]]]]}, "properties": {"id": "8J6J65FJ+PGPR", "height": 5.402970314025879, "hmax": 0.0, "ratio": 0.0, "vulnClass": "none"}}, {"type": "Feature", "geometry": {"type": "MultiPolygon", "coordinates": [[[[72.18144087, 34.22453501], [72.18142826, 34.22445616], [72.18125386, 34.2244754], [72.18126647, 34.22455425], [72.18144087, 34.22453501]]]]}, "properties": {"id": "8J6J65FJ+RG56", "height": 5.501901626586914, "hmax": 0.0, "ratio": 0.0, "vulnClass": "none"}}, {"type": "Feature", "geometry": {"type": "MultiPolygon", "coordinates": [[[[72.18158397, 34.22450159], [72.1815713, 34.22446014], [72.18152182, 34.22447058], [72.18150506, 34.22441573], [72.18140934, 34.22443591], [72.18143877, 34.22453221], [72.18158397, 34.22450159]]]]}, "properties": {"id": "8J6J65FJ+QHX4", "height": 4.202621459960938, "hmax": 0.0, "ratio": 0.0, "vulnClass": "none"}}, {"type": "Feature", "geometry": {"type": "MultiPolygon", "coordinates": [[[[72.18164783, 34.22436774], [72.18160692, 34.22438315], [72.18163824, 34.22444054], [72.18167915, 34.22442513], [72.18164783, 34.22436774]]]]}, "properties": {"id": "8J6J65FJ+QM64", "height": 3.450618505477905, "hmax": 0.0, "ratio": 0.0, "vulnClass": "none"}}, {"type": "Feature", "geometry": {"type": "MultiPolygon", "coordinates": [[[[72.1815509, 34.22456131], [72.18169187, 34.22452373], [72.18167538, 34.22448107], [72.18153442, 34.22451865], [72.1815509, 34.22456131]]]]}, "properties": {"id": "8J6J65FJ+RJ5W", "height": 3.989285469055176, "hmax": 0.0, "ratio": 0.0, "vulnClass": "none"}}, {"type": "Feature", "geometry": {"type": "MultiPolygon", "coordinates": [[[[72.18157273, 34.22465265], [72.18153573, 34.22451824], [72.18143487, 34.22453739], [72.18147187, 34.2246718], [72.18157273, 34.22465265]]]]}, "properties": {"id": "8J6J65FJ+RJJR", "height": 4.553496360778809, "hmax": 0.0, "ratio": 0.0, "vulnClass": "none"}}, {"type": "Feature", "geometry": {"type": "MultiPolygon", "coordinates": [[[[72.1812664, 34.22466306], [72.18126249, 34.22458651], [72.18101254, 34.22459532], [72.18101645, 34.22467187], [72.1812664, 34.22466306]]]]}, "properties": {"id": "8J6J65FJ+VF23", "height": 4.905874252319336, "hmax": 0.0, "ratio": 0.0, "vulnClass": "none"}}, {"type": "Feature", "geometry": {"type": "MultiPolygon", "coordinates": [[[[72.18104131, 34.2245253], [72.18100853, 34.22452661], [72.18101136, 34.22457547], [72.18104414, 34.22457415], [72.18104131, 34.2245253]]]]}, "properties": {"id": "8J6J65FJ+RCC5", "height": 5.522720336914062, "hmax": 0.0, "ratio": 0.0, "vulnClass": "none"}}, {"type": "Feature", "geometry": {"type": "MultiPolygon", "coordinates": [[[[72.18096129, 34.22441677], [72.18084676, 34.22442032], [72.18084825, 34.22445355], [72.18088647, 34.22445237], [72.18088859, 34.22449964], [72.18096491, 34.22449727], [72.18096129, 34.22441677]]]]}, "properties": {"id": "8J6J65FJ+Q9M3", "height": 7.473903656005859, "hmax": 0.0, "ratio": 0.0, "vulnClass": "none"}}, {"type": "Feature", "geometry": {"type": "MultiPolygon", "coordinates": [[[[72.1808451, 34.22441984], [72.18075783, 34.22442288], [72.18075958, 34.22445766], [72.18080565, 34.22445606], [72.18080817, 34.22450596], [72.18088878, 34.22450315], [72.18088626, 34.22445325], [72.18084685, 34.22445462], [72.1808451, 34.22441984]]]]}, "properties": {"id": "8J6J65FJ+Q8PF", "height": 7.473903656005859, "hmax": 0.0, "ratio": 0.0, "vulnClass": "none"}}, {"type": "Feature", "geometry": {"type": "MultiPolygon", "coordinates": [[[[72.18080227, 34.22438924], [72.18075621, 34.22439084], [72.18075783, 34.22442288], [72.18080389, 34.22442127], [72.18080227, 34.22438924]]]]}, "properties": {"id": "8J6J65FJ+Q869", "height": 5.568454265594482, "hmax": 0.0, "ratio": 0.0, "vulnClass": "none"}}, {"type": "Feature", "geometry": {"type": "MultiPolygon", "coordinates": [[[[72.18089281, 34.22458292], [72.18088878, 34.22450315], [72.18080817, 34.22450596], [72.18081219, 34.22458573], [72.18089281, 34.22458292]]]]}, "properties": {"id": "8J6J65FJ+R89J", "height": 7.108640670776367, "hmax": 0.0, "ratio": 0.0, "vulnClass": "none"}}, {"type": "Feature", "geometry": {"type": "MultiPolygon", "coordinates": [[[[72.1808534, 34.2245843], [72.18080263, 34.22458606], [72.18080351, 34.22460353], [72.18085428, 34.22460176], [72.1808534, 34.2245843]]]]}, "properties": {"id": "8J6J65FJ+R8PP", "height": 4.784688472747803, "hmax": 0.0, "ratio": 0.0, "vulnClass": "none"}}, {"type": "Feature", "geometry": {"type": "MultiPolygon", "coordinates": [[[[72.18080257, 34.22455701], [72.18072725, 34.22456191], [72.18073009, 34.22459201], [72.18080541, 34.22458712], [72.18080257, 34.22455701]]]]}, "properties": {"id": "8J6J65FJ+R8CW", "height": 4.222980499267578, "hmax": 0.0, "ratio": 0.0, "vulnClass": "none"}}, {"type": "Feature", "geometry": {"type": "MultiPolygon", "coordinates": [[[[72.18071178, 34.22459664], [72.18066959, 34.22460115], [72.18067341, 34.22462578], [72.18071559, 34.22462127], [72.18071178, 34.22459664]]]]}, "properties": {"id": "8J6J65FJ+R7WC", "height": 4.972574234008789, "hmax": 0.0, "ratio": 0.0, "vulnClass": "none"}}, {"type": "Feature", "geometry": {"type": "MultiPolygon", "coordinates": [[[[72.18065741, 34.22455961], [72.18058022, 34.2245623], [72.18058269, 34.22461122], [72.18065988, 34.22460853], [72.18065741, 34.22455961]]]]}, "properties": {"id": "8J6J65FJ+R6QH", "height": 4.961549282073975, "hmax": 0.0, "ratio": 0.0, "vulnClass": "none"}}, {"type": "Feature", "geometry": {"type": "MultiPolygon", "coordinates": [[[[72.18073009, 34.22459201], [72.18072612, 34.22454994], [72.18065947, 34.22455427], [72.18066343, 34.22459635], [72.18073009, 34.22459201]]]]}, "properties": {"id": "8J6J65FJ+R7GR", "height": 4.572634220123291, "hmax": 0.0, "ratio": 0.0, "vulnClass": "none"}}, {"type": "Feature", "geometry": {"type": "MultiPolygon", "coordinates": [[[[72.1805473, 34.22458183], [72.18050871, 34.22458094], [72.18050755, 34.22461546], [72.18054615, 34.22461635], [72.1805473, 34.22458183]]]]}, "properties": {"id": "8J6J65FJ+R6JX", "height": 4.051492691040039, "hmax": 0.0, "ratio": 0.0, "vulnClass": "none"}}, {"type": "Feature", "geometry": {"type": "MultiPolygon", "coordinates": [[[[72.18057064, 34.22446424], [72.18049176, 34.22446699], [72.18049671, 34.22456521], [72.1805756, 34.22456246], [72.18057064, 34.22446424]]]]}, "properties": {"id": "8J6J65FJ+R63C", "height": 4.668010711669922, "hmax": 0.0, "ratio": 0.0, "vulnClass": "none"}}, {"type": "Feature", "geometry": {"type": "MultiPolygon", "coordinates": [[[[72.18066807, 34.22441934], [72.18061723, 34.22441817], [72.1806159, 34.22445816], [72.18066673, 34.22445933], [72.18066807, 34.22441934]]]]}, "properties": {"id": "8J6J65FJ+Q7CG", "height": 5.141167163848877, "hmax": 0.0, "ratio": 0.0, "vulnClass": "none"}}, {"type": "Feature", "geometry": {"type": "MultiPolygon", "coordinates": [[[[72.18056611, 34.22428279], [72.18048261, 34.2242857], [72.18049043, 34.22444081], [72.18057394, 34.2244379], [72.18056611, 34.22428279]]]]}, "properties": {"id": "8J6J65FJ+P6RH", "height": 4.81563138961792, "hmax": 0.0, "ratio": 0.0, "vulnClass": "none"}}, {"type": "Feature", "geometry": {"type": "MultiPolygon", "coordinates": [[[[72.1807085, 34.2242136], [72.1805869, 34.2242095], [72.1805831, 34.2242842], [72.1807048, 34.2242884], [72.1807085, 34.2242136]]]]}, "properties": {"id": "8J6J65FJ+M7RW", "height": 4.206292152404785, "hmax": 0.0, "ratio": 0.0, "vulnClass": "none"}}, {"type": "Feature", "geometry": {"type": "MultiPolygon", "coordinates": [[[[72.18063339, 34.22480324], [72.18061662, 34.22465764], [72.18051696, 34.22466557], [72.18053374, 34.22481116], [72.18063339, 34.22480324]]]]}, "properties": {"id": "8J6J65FJ+V6W7", "height": 5.66564416885376, "hmax": 0.0, "ratio": 0.0, "vulnClass": "none"}}, {"type": "Feature", "geometry": {"type": "MultiPolygon", "coordinates": [[[[72.18055229, 34.22461873], [72.18051194, 34.22462194], [72.18051696, 34.22466557], [72.18055732, 34.22466236], [72.18055229, 34.22461873]]]]}, "properties": {"id": "8J6J65FJ+V63J", "height": 4.263387680053711, "hmax": 0.0, "ratio": 0.0, "vulnClass": "none"}}, {"type": "Feature", "geometry": {"type": "MultiPolygon", "coordinates": [[[[72.18069943, 34.22482952], [72.18069199, 34.22476167], [72.18066313, 34.22476386], [72.18067057, 34.2248317], [72.18069943, 34.22482952]]]]}, "properties": {"id": "8J6J65FJ+W77X", "height": 5.158124923706055, "hmax": 0.0, "ratio": 0.0, "vulnClass": "none"}}, {"type": "Feature", "geometry": {"type": "MultiPolygon", "coordinates": [[[[72.18062954, 34.22481955], [72.1805888, 34.22481704], [72.18058488, 34.22486079], [72.18062562, 34.2248633], [72.18062954, 34.22481955]]]]}, "properties": {"id": "8J6J65FJ+W6QM", "height": 4.77207612991333, "hmax": 0.0, "ratio": 0.0, "vulnClass": "none"}}, {"type": "Feature", "geometry": {"type": "MultiPolygon", "coordinates": [[[[72.18058411, 34.22481156], [72.18053148, 34.22481618], [72.18054672, 34.22493597], [72.18059935, 34.22493135], [72.18058411, 34.22481156]]]]}, "properties": {"id": "8J6J65FJ+W6WR", "height": 4.43280553817749, "hmax": 0.0, "ratio": 0.0, "vulnClass": "none"}}, {"type": "Feature", "geometry": {"type": "MultiPolygon", "coordinates": [[[[72.18066084, 34.22490919], [72.18064792, 34.22490837], [72.18064232, 34.2249691], [72.18065523, 34.22496993], [72.18066084, 34.22490919]]]]}, "properties": {"id": "8J6J65FJ+X7CH", "height": 4.691438674926758, "hmax": 0.0, "ratio": 0.0, "vulnClass": "none"}}, {"type": "Feature", "geometry": {"type": "MultiPolygon", "coordinates": [[[[72.18064698, 34.22489831], [72.18059445, 34.22490252], [72.18059782, 34.22493154], [72.18065035, 34.22492734], [72.18064698, 34.22489831]]]]}, "properties": {"id": "8J6J65FJ+X69H", "height": 4.56911039352417, "hmax": 0.0, "ratio": 0.0, "vulnClass": "none"}}, {"type": "Feature", "geometry": {"type": "MultiPolygon", "coordinates": [[[[72.1806011, 34.22495979], [72.18059782, 34.22493154], [72.18054417, 34.22493583], [72.18055375, 34.22501853], [72.18062739, 34.22501263], [72.18062107, 34.22495819], [72.1806011, 34.22495979]]]]}, "properties": {"id": "8J6J65FJ+X6W4", "height": 4.818910598754883, "hmax": 0.0, "ratio": 0.0, "vulnClass": "none"}}, {"type": "Feature", "geometry": {"type": "MultiPolygon", "coordinates": [[[[72.18055186, 34.22495923], [72.18046135, 34.22496011], [72.18046187, 34.2249972], [72.18055238, 34.22499633], [72.18055186, 34.22495923]]]]}, "properties": {"id": "8J6J65FJ+X6R2", "height": 4.307346820831299, "hmax": 0.0, "ratio": 0.0, "vulnClass": "none"}}, {"type": "Feature", "geometry": {"type": "MultiPolygon", "coordinates": [[[[72.18067181, 34.22511242], [72.18065993, 34.22501003], [72.18055375, 34.22501853], [72.18056563, 34.22512092], [72.18067181, 34.22511242]]]]}, "properties": {"id": "8J6J65GJ+26HP", "height": 5.695822238922119, "hmax": 0.0, "ratio": 0.0, "vulnClass": "none"}}, {"type": "Feature", "geometry": {"type": "MultiPolygon", "coordinates": [[[[72.18045297, 34.22502281], [72.1804145, 34.22502036], [72.18040244, 34.22515114], [72.18056695, 34.22516161], [72.18057399, 34.22508531], [72.18044795, 34.22507729], [72.18045297, 34.22502281]]]]}, "properties": {"id": "8J6J65GJ+25X7", "height": 5.004088401794434, "hmax": 0.0, "ratio": 0.0, "vulnClass": "none"}}, {"type": "Feature", "geometry": {"type": "MultiPolygon", "coordinates": [[[[72.17989604, 34.22528989], [72.17982859, 34.22528177], [72.17980671, 34.22540717], [72.17987416, 34.22541529], [72.17989604, 34.22528989]]]]}, "properties": {"id": "8J6J65GH+4WQR", "height": 2.899162292480469, "hmax": 0.0, "ratio": 0.0, "vulnClass": "none"}}, {"type": "Feature", "geometry": {"type": "MultiPolygon", "coordinates": [[[[72.17984011, 34.22543067], [72.17969464, 34.22541316], [72.17968805, 34.22545092], [72.17983353, 34.22546843], [72.17984011, 34.22543067]]]]}, "properties": {"id": "8J6J65GH+5WCM", "height": 2.598813533782959, "hmax": 0.0, "ratio": 0.0, "vulnClass": "none"}}, {"type": "Feature", "geometry": {"type": "MultiPolygon", "coordinates": [[[[72.18018375, 34.22569853], [72.18016941, 34.22551276], [72.18012622, 34.22551506], [72.18013422, 34.22561884], [72.18003865, 34.22562393], [72.18004165, 34.2256628], [72.18009915, 34.22565974], [72.18010248, 34.22570286], [72.18018375, 34.22569853]]]]}, "properties": {"id": "8J6J65GJ+7322", "height": 2.846678733825684, "hmax": 0.0, "ratio": 0.0, "vulnClass": "none"}}, {"type": "Feature", "geometry": {"type": "MultiPolygon", "coordinates": [[[[72.18039709, 34.22535541], [72.18031147, 34.22534676], [72.18029837, 34.22543633], [72.18038399, 34.22544497], [72.18039709, 34.22535541]]]]}, "properties": {"id": "8J6J65GJ+545R", "height": 2.600048065185547, "hmax": 0.0, "ratio": 0.0, "vulnClass": "none"}}, {"type": "Feature", "geometry": {"type": "MultiPolygon", "coordinates": [[[[72.1805528, 34.22538801], [72.18043492, 34.22536901], [72.18041887, 34.22544034], [72.18053675, 34.22545934], [72.1805528, 34.22538801]]]]}, "properties": {"id": "8J6J65GJ+559G", "height": 4.747116565704346, "hmax": 0.0, "ratio": 0.0, "vulnClass": "none"}}, {"type": "Feature", "geometry": {"type": "MultiPolygon", "coordinates": [[[[72.18041495, 34.22543502], [72.18041767, 34.2254056], [72.1803792, 34.22540315], [72.18037648, 34.22543258], [72.18041495, 34.22543502]]]]}, "properties": {"id": "8J6J65GJ+556P", "height": 3.045182466506958, "hmax": 0.0, "ratio": 0.0, "vulnClass": "none"}}, {"type": "Feature", "geometry": {"type": "MultiPolygon", "coordinates": [[[[72.18034685, 34.22557251], [72.18022337, 34.22556503], [72.18021684, 34.22563942], [72.18034032, 34.2256469], [72.18034685, 34.22557251]]]]}, "properties": {"id": "8J6J65GJ+64V6", "height": 2.86443042755127, "hmax": 0.0, "ratio": 0.0, "vulnClass": "none"}}, {"type": "Feature", "geometry": {"type": "MultiPolygon", "coordinates": [[[[72.18055456, 34.22549118], [72.1803636, 34.22547206], [72.18035719, 34.22551626], [72.18054815, 34.22553538], [72.18055456, 34.22549118]]]]}, "properties": {"id": "8J6J65GJ+6544", "height": 4.840764045715332, "hmax": 0.0, "ratio": 0.0, "vulnClass": "none"}}, {"type": "Feature", "geometry": {"type": "MultiPolygon", "coordinates": [[[[72.18056163, 34.22555939], [72.18048443, 34.22555203], [72.18047756, 34.22560174], [72.18055475, 34.22560911], [72.18056163, 34.22555939]]]]}, "properties": {"id": "8J6J65GJ+66J8", "height": 4.563072204589844, "hmax": 0.0, "ratio": 0.0, "vulnClass": "none"}}, {"type": "Feature", "geometry": {"type": "MultiPolygon", "coordinates": [[[[72.18063645, 34.22557084], [72.18056197, 34.22556528], [72.18054775, 34.22569661], [72.18062223, 34.22570218], [72.18062663, 34.22566158], [72.18067259, 34.22566501], [72.18067539, 34.22563915], [72.18062943, 34.22563571], [72.18063645, 34.22557084]]]]}, "properties": {"id": "8J6J65GJ+765C", "height": 4.047834396362305, "hmax": 0.0, "ratio": 0.0, "vulnClass": "none"}}, {"type": "Feature", "geometry": {"type": "MultiPolygon", "coordinates": [[[[72.18056733, 34.22551579], [72.18056197, 34.22556528], [72.18059811, 34.22556798], [72.18059923, 34.22555771], [72.18070713, 34.22556577], [72.18071137, 34.22552655], [72.18056733, 34.22551579]]]]}, "properties": {"id": "8J6J65GJ+676M", "height": 4.05498218536377, "hmax": 0.0, "ratio": 0.0, "vulnClass": "none"}}, {"type": "Feature", "geometry": {"type": "MultiPolygon", "coordinates": [[[[72.18066618, 34.22543092], [72.18061364, 34.22543308], [72.18061552, 34.22547696], [72.18066807, 34.22547481], [72.18066618, 34.22543092]]]]}, "properties": {"id": "8J6J65GJ+57J4", "height": 4.051233291625977, "hmax": 0.0, "ratio": 0.0, "vulnClass": "none"}}, {"type": "Feature", "geometry": {"type": "MultiPolygon", "coordinates": [[[[72.18061571, 34.22539486], [72.18055453, 34.22538868], [72.18054196, 34.22547462], [72.18060314, 34.2254808], [72.18061571, 34.22539486]]]]}, "properties": {"id": "8J6J65GJ+56G8", "height": 4.362236976623535, "hmax": 0.0, "ratio": 0.0, "vulnClass": "none"}}, {"type": "Feature", "geometry": {"type": "MultiPolygon", "coordinates": [[[[72.18066366, 34.22537232], [72.18061109, 34.22537388], [72.18061282, 34.22541416], [72.18066539, 34.2254126], [72.18066366, 34.22537232]]]]}, "properties": {"id": "8J6J65GJ+572M", "height": 4.13361644744873, "hmax": 0.0, "ratio": 0.0, "vulnClass": "none"}}, {"type": "Feature", "geometry": {"type": "MultiPolygon", "coordinates": [[[[72.1806472, 34.22529099], [72.18060126, 34.22529232], [72.1806033, 34.22534102], [72.18064923, 34.22533951], [72.1806472, 34.22529099]]]]}, "properties": {"id": "8J6J65GJ+47CJ", "height": 5.016375541687012, "hmax": 0.0, "ratio": 0.0, "vulnClass": "none"}}, {"type": "Feature", "geometry": {"type": "MultiPolygon", "coordinates": [[[[72.18069379, 34.22524871], [72.18052448, 34.22524115], [72.1805197, 34.22532853], [72.18060133, 34.22533218], [72.18060466, 34.22528071], [72.18069146, 34.22528459], [72.18069379, 34.22524871]]]]}, "properties": {"id": "8J6J65GJ+4685", "height": 5.136318206787109, "hmax": 0.0, "ratio": 0.0, "vulnClass": "none"}}, {"type": "Feature", "geometry": {"type": "MultiPolygon", "coordinates": [[[[72.18051486, 34.22524099], [72.18047642, 34.22523854], [72.18047303, 34.22527527], [72.18042994, 34.22527253], [72.18042452, 34.22533126], [72.18050606, 34.22533645], [72.18051486, 34.22524099]]]]}, "properties": {"id": "8J6J65GJ+459J", "height": 5.026793956756592, "hmax": 0.0, "ratio": 0.0, "vulnClass": "none"}}, {"type": "Feature", "geometry": {"type": "MultiPolygon", "coordinates": [[[[72.1804006, 34.22515168], [72.18039447, 34.22522947], [72.18051846, 34.22523621], [72.18052099, 34.2252042], [72.18057138, 34.22520695], [72.18057499, 34.22516116], [72.1804006, 34.22515168]]]]}, "properties": {"id": "8J6J65GJ+35HM", "height": 5.06333589553833, "hmax": 0.0, "ratio": 0.0, "vulnClass": "none"}}, {"type": "Feature", "geometry": {"type": "MultiPolygon", "coordinates": [[[[72.18071784, 34.22511651], [72.18067415, 34.22511781], [72.18067648, 34.22517188], [72.18072018, 34.22517058], [72.18071784, 34.22511651]]]]}, "properties": {"id": "8J6J65GJ+374M", "height": 5.277379512786865, "hmax": 0.0, "ratio": 0.0, "vulnClass": "none"}}, {"type": "Feature", "geometry": {"type": "MultiPolygon", "coordinates": [[[[72.18073366, 34.22520758], [72.18068252, 34.22520433], [72.18067947, 34.22523741], [72.18073061, 34.22524066], [72.18073366, 34.22520758]]]]}, "properties": {"id": "8J6J65GJ+37PW", "height": 3.95335865020752, "hmax": 0.0, "ratio": 0.0, "vulnClass": "none"}}, {"type": "Feature", "geometry": {"type": "MultiPolygon", "coordinates": [[[[72.18084853, 34.22520187], [72.18080784, 34.22519928], [72.18080359, 34.22524531], [72.18084428, 34.2252479], [72.18084853, 34.22520187]]]]}, "properties": {"id": "8J6J65GJ+38PV", "height": 4.853497505187988, "hmax": 0.0, "ratio": 0.0, "vulnClass": "none"}}, {"type": "Feature", "geometry": {"type": "MultiPolygon", "coordinates": [[[[72.1810205, 34.2251156], [72.18099339, 34.22511797], [72.18100026, 34.22517219], [72.18102738, 34.22516982], [72.1810205, 34.2251156]]]]}, "properties": {"id": "8J6J65GJ+3C2M", "height": 4.274702072143555, "hmax": 0.0, "ratio": 0.0, "vulnClass": "none"}}, {"type": "Feature", "geometry": {"type": "MultiPolygon", "coordinates": [[[[72.18123833, 34.22522078], [72.18123541, 34.22514039], [72.18111453, 34.22514342], [72.18111745, 34.22522381], [72.18123833, 34.22522078]]]]}, "properties": {"id": "8J6J65GJ+3FF8", "height": 6.058324337005615, "hmax": 0.0, "ratio": 0.0, "vulnClass": "none"}}, {"type": "Feature", "geometry": {"type": "MultiPolygon", "coordinates": [[[[72.18109045, 34.22522771], [72.18108417, 34.22519006], [72.18091438, 34.2252096], [72.18092586, 34.2252784], [72.18099717, 34.22527019], [72.18099198, 34.22523905], [72.18109045, 34.22522771]]]]}, "properties": {"id": "8J6J65GJ+39X4", "height": 5.431270122528076, "hmax": 0.0, "ratio": 0.0, "vulnClass": "none"}}, {"type": "Feature", "geometry": {"type": "MultiPolygon", "coordinates": [[[[72.18123319, 34.22528716], [72.1812315, 34.22525115], [72.18114417, 34.22525454], [72.18114629, 34.22529069], [72.18123319, 34.22528716]]]]}, "properties": {"id": "8J6J65GJ+4F4R", "height": 5.911079406738281, "hmax": 0.0, "ratio": 0.0, "vulnClass": "none"}}, {"type": "Feature", "geometry": {"type": "MultiPolygon", "coordinates": [[[[72.18110025, 34.22534543], [72.18109592, 34.22529606], [72.18100729, 34.22530142], [72.18101161, 34.22535079], [72.18110025, 34.22534543]]]]}, "properties": {"id": "8J6J65GJ+4CFW", "height": 4.710700035095215, "hmax": 0.0, "ratio": 0.0, "vulnClass": "none"}}, {"type": "Feature", "geometry": {"type": "MultiPolygon", "coordinates": [[[[72.18098233, 34.22532195], [72.1809225, 34.22532458], [72.18092379, 34.22534476], [72.18098361, 34.22534213], [72.18098233, 34.22532195]]]]}, "properties": {"id": "8J6J65GJ+49P7", "height": 4.899402141571045, "hmax": 0.0, "ratio": 0.0, "vulnClass": "none"}}, {"type": "Feature", "geometry": {"type": "MultiPolygon", "coordinates": [[[[72.18092563, 34.22530136], [72.18081218, 34.22529612], [72.18080818, 34.22535585], [72.18092163, 34.22536109], [72.18092563, 34.22530136]]]]}, "properties": {"id": "8J6J65GJ+48Q4", "height": 5.408049583435059, "hmax": 0.0, "ratio": 0.0, "vulnClass": "none"}}, {"type": "Feature", "geometry": {"type": "MultiPolygon", "coordinates": [[[[72.18091627, 34.22528027], [72.18092051, 34.22524834], [72.18086893, 34.22524361], [72.18086473, 34.22527523], [72.18091627, 34.22528027]]]]}, "properties": {"id": "8J6J65GJ+492G", "height": 5.431270122528076, "hmax": 0.0, "ratio": 0.0, "vulnClass": "none"}}, {"type": "Feature", "geometry": {"type": "MultiPolygon", "coordinates": [[[[72.1808534, 34.22524754], [72.18080366, 34.22525153], [72.18080647, 34.22527568], [72.18085621, 34.22527169], [72.1808534, 34.22524754]]]]}, "properties": {"id": "8J6J65GJ+484G", "height": 5.127298355102539, "hmax": 0.0, "ratio": 0.0, "vulnClass": "none"}}, {"type": "Feature", "geometry": {"type": "MultiPolygon", "coordinates": [[[[72.18080757, 34.2252429], [72.18070231, 34.2252485], [72.18070863, 34.22533038], [72.18081391, 34.22532511], [72.18080757, 34.2252429]]]]}, "properties": {"id": "8J6J65GJ+486F", "height": 5.408049583435059, "hmax": 0.0, "ratio": 0.0, "vulnClass": "none"}}, {"type": "Feature", "geometry": {"type": "MultiPolygon", "coordinates": [[[[72.18074388, 34.22534998], [72.18071538, 34.2253491], [72.18071275, 34.22540811], [72.18074125, 34.22540899], [72.18074388, 34.22534998]]]]}, "properties": {"id": "8J6J65GJ+5753", "height": 3.778094053268433, "hmax": 0.0, "ratio": 0.0, "vulnClass": "none"}}, {"type": "Feature", "geometry": {"type": "MultiPolygon", "coordinates": [[[[72.18102781, 34.22549624], [72.1810365, 34.2253664], [72.18098312, 34.22536393], [72.18097706, 34.22545444], [72.18071275, 34.22544223], [72.18071011, 34.22548157], [72.18102781, 34.22549624]]]]}, "properties": {"id": "8J6J65GJ+59M2", "height": 4.172391891479492, "hmax": 0.0, "ratio": 0.0, "vulnClass": "none"}}, {"type": "Feature", "geometry": {"type": "MultiPolygon", "coordinates": [[[[72.1808586, 34.22535889], [72.18083419, 34.22535733], [72.18083258, 34.2253748], [72.18085699, 34.22537635], [72.1808586, 34.22535889]]]]}, "properties": {"id": "8J6J65GJ+48XJ", "height": 4.325918197631836, "hmax": 0.0, "ratio": 0.0, "vulnClass": "none"}}, {"type": "Feature", "geometry": {"type": "MultiPolygon", "coordinates": [[[[72.18085829, 34.22553753], [72.18071137, 34.22552655], [72.18070713, 34.22556577], [72.18080578, 34.22557313], [72.18079973, 34.22562896], [72.180848, 34.22563257], [72.18085829, 34.22553753]]]]}, "properties": {"id": "8J6J65GJ+68FM", "height": 4.055377960205078, "hmax": 0.0, "ratio": 0.0, "vulnClass": "none"}}, {"type": "Feature", "geometry": {"type": "MultiPolygon", "coordinates": [[[[72.18099398, 34.22554727], [72.1808563, 34.22553774], [72.18085196, 34.22558099], [72.18098964, 34.22559052], [72.18099398, 34.22554727]]]]}, "properties": {"id": "8J6J65GJ+69FG", "height": 4.510135650634766, "hmax": 0.0, "ratio": 0.0, "vulnClass": "none"}}, {"type": "Feature", "geometry": {"type": "MultiPolygon", "coordinates": [[[[72.18111018, 34.22556169], [72.18099458, 34.22555219], [72.18098845, 34.22560365], [72.18110405, 34.22561315], [72.18111018, 34.22556169]]]]}, "properties": {"id": "8J6J65GJ+6CM8", "height": 4.452013969421387, "hmax": 0.0, "ratio": 0.0, "vulnClass": "none"}}, {"type": "Feature", "geometry": {"type": "MultiPolygon", "coordinates": [[[[72.18122582, 34.22556331], [72.18111, 34.2255553], [72.18110566, 34.22559855], [72.18122148, 34.22560656], [72.18122582, 34.22556331]]]]}, "properties": {"id": "8J6J65GJ+6FM7", "height": 3.020227909088135, "hmax": 0.0, "ratio": 0.0, "vulnClass": "none"}}, {"type": "Feature", "geometry": {"type": "MultiPolygon", "coordinates": [[[[72.18135643, 34.22535766], [72.18131306, 34.22535667], [72.181312, 34.22538819], [72.18135538, 34.22538919], [72.18135643, 34.22535766]]]]}, "properties": {"id": "8J6J65GJ+4GWW", "height": 3.259616374969482, "hmax": 0.0, "ratio": 0.0, "vulnClass": "none"}}, {"type": "Feature", "geometry": {"type": "MultiPolygon", "coordinates": [[[[72.18146638, 34.225462], [72.18119048, 34.22544973], [72.18118595, 34.22551991], [72.18146185, 34.22553218], [72.18146638, 34.225462]]]]}, "properties": {"id": "8J6J65GJ+5GWM", "height": 5.971643447875977, "hmax": 0.0, "ratio": 0.0, "vulnClass": "none"}}, {"type": "Feature", "geometry": {"type": "MultiPolygon", "coordinates": [[[[72.18150144, 34.22567765], [72.18151012, 34.22554238], [72.18145628, 34.22554], [72.18145082, 34.2256251], [72.18133165, 34.22561982], [72.18132974, 34.22564966], [72.18136622, 34.22565128], [72.18136492, 34.22567161], [72.18150144, 34.22567765]]]]}, "properties": {"id": "8J6J65GJ+6HWR", "height": 4.143102645874023, "hmax": 0.0, "ratio": 0.0, "vulnClass": "none"}}, {"type": "Feature", "geometry": {"type": "MultiPolygon", "coordinates": [[[[72.18151012, 34.22554238], [72.18151317, 34.22549494], [72.18145933, 34.22549256], [72.18145628, 34.22554], [72.18151012, 34.22554238]]]]}, "properties": {"id": "8J6J65GJ+6H5P", "height": 4.550879001617432, "hmax": 0.0, "ratio": 0.0, "vulnClass": "none"}}, {"type": "Feature", "geometry": {"type": "MultiPolygon", "coordinates": [[[[72.18172965, 34.22531299], [72.18171303, 34.22526961], [72.18154132, 34.22531501], [72.18155794, 34.22535839], [72.18172965, 34.22531299]]]]}, "properties": {"id": "8J6J65GJ+4MCF", "height": 3.413567304611206, "hmax": 0.0, "ratio": 0.0, "vulnClass": "none"}}, {"type": "Feature", "geometry": {"type": "MultiPolygon", "coordinates": [[[[72.18137663, 34.22514947], [72.18124156, 34.2251509], [72.18124264, 34.22522099], [72.18137771, 34.22521956], [72.18137663, 34.22514947]]]]}, "properties": {"id": "8J6J65GJ+3GFH", "height": 5.453248977661133, "hmax": 0.0, "ratio": 0.0, "vulnClass": "none"}}, {"type": "Feature", "geometry": {"type": "MultiPolygon", "coordinates": [[[[72.18160923, 34.22518818], [72.18160037, 34.22514182], [72.18156691, 34.22514623], [72.18156252, 34.22512329], [72.18136606, 34.2251492], [72.18137931, 34.2252185], [72.18160923, 34.22518818]]]]}, "properties": {"id": "8J6J65GJ+3H9V", "height": 4.022826194763184, "hmax": 0.0, "ratio": 0.0, "vulnClass": "none"}}, {"type": "Feature", "geometry": {"type": "MultiPolygon", "coordinates": [[[[72.18157505, 34.22525779], [72.18156792, 34.22521901], [72.1814716, 34.22523123], [72.18147873, 34.22527001], [72.18157505, 34.22525779]]]]}, "properties": {"id": "8J6J65GJ+3JRP", "height": 3.579365968704224, "hmax": 0.0, "ratio": 0.0, "vulnClass": "none"}}, {"type": "Feature", "geometry": {"type": "MultiPolygon", "coordinates": [[[[72.18139586, 34.22489055], [72.18136312, 34.22489423], [72.18136757, 34.22492156], [72.1814003, 34.22491789], [72.18139586, 34.22489055]]]]}, "properties": {"id": "8J6J65FJ+XH66", "height": 2.740681171417236, "hmax": 0.0, "ratio": 0.0, "vulnClass": "none"}}, {"type": "Feature", "geometry": {"type": "MultiPolygon", "coordinates": [[[[72.18136007, 34.2248917], [72.18131634, 34.22489658], [72.18132552, 34.22495336], [72.18136924, 34.22494849], [72.18136007, 34.2248917]]]]}, "properties": {"id": "8J6J65FJ+XG8X", "height": 4.51422119140625, "hmax": 0.0, "ratio": 0.0, "vulnClass": "none"}}, {"type": "Feature", "geometry": {"type": "MultiPolygon", "coordinates": [[[[72.18128231, 34.22510175], [72.18135516, 34.22509214], [72.18134934, 34.22506171], [72.18127649, 34.22507131], [72.18128231, 34.22510175]]]]}, "properties": {"id": "8J6J65GJ+2GP6", "height": 3.497279644012451, "hmax": 0.0, "ratio": 0.0, "vulnClass": "none"}}, {"type": "Feature", "geometry": {"type": "MultiPolygon", "coordinates": [[[[72.18139774, 34.22505532], [72.18134934, 34.22506171], [72.18136606, 34.2251492], [72.18141446, 34.22514281], [72.18139774, 34.22505532]]]]}, "properties": {"id": "8J6J65GJ+2HR2", "height": 2.928251266479492, "hmax": 0.0, "ratio": 0.0, "vulnClass": "none"}}, {"type": "Feature", "geometry": {"type": "MultiPolygon", "coordinates": [[[[72.18134934, 34.22506171], [72.18133743, 34.2249994], [72.18109144, 34.22503184], [72.18110335, 34.22509414], [72.18134934, 34.22506171]]]]}, "properties": {"id": "8J6J65GJ+2F9R", "height": 5.041604042053223, "hmax": 0.0, "ratio": 0.0, "vulnClass": "none"}}, {"type": "Feature", "geometry": {"type": "MultiPolygon", "coordinates": [[[[72.18103872, 34.22507041], [72.18103196, 34.22499914], [72.18098535, 34.22500219], [72.18099211, 34.22507346], [72.18103872, 34.22507041]]]]}, "properties": {"id": "8J6J65GJ+2C6F", "height": 5.345918655395508, "hmax": 0.0, "ratio": 0.0, "vulnClass": "none"}}, {"type": "Feature", "geometry": {"type": "MultiPolygon", "coordinates": [[[[72.18105125, 34.22510999], [72.18104879, 34.22508568], [72.18094583, 34.22509289], [72.18094829, 34.22511719], [72.18105125, 34.22510999]]]]}, "properties": {"id": "8J6J65GJ+29X5", "height": 4.731323719024658, "hmax": 0.0, "ratio": 0.0, "vulnClass": "none"}}, {"type": "Feature", "geometry": {"type": "MultiPolygon", "coordinates": [[[[72.18079913, 34.22511197], [72.18079325, 34.22505729], [72.18074886, 34.22506059], [72.18075474, 34.22511526], [72.18079913, 34.22511197]]]]}, "properties": {"id": "8J6J65GJ+28JH", "height": 4.770418167114258, "hmax": 0.0, "ratio": 0.0, "vulnClass": "none"}}, {"type": "Feature", "geometry": {"type": "MultiPolygon", "coordinates": [[[[72.18078729, 34.22500193], [72.1807429, 34.22500523], [72.18074886, 34.22506059], [72.18079325, 34.22505729], [72.18078729, 34.22500193]]]]}, "properties": {"id": "8J6J65GJ+2868", "height": 4.480243682861328, "hmax": 0.0, "ratio": 0.0, "vulnClass": "none"}}, {"type": "Feature", "geometry": {"type": "MultiPolygon", "coordinates": [[[[72.18090936, 34.22510041], [72.18089949, 34.22501321], [72.18079529, 34.22502135], [72.18080516, 34.22510854], [72.18090936, 34.22510041]]]]}, "properties": {"id": "8J6J65GJ+28HF", "height": 5.194408893585205, "hmax": 0.0, "ratio": 0.0, "vulnClass": "none"}}, {"type": "Feature", "geometry": {"type": "MultiPolygon", "coordinates": [[[[72.18098535, 34.22500219], [72.1809819, 34.22496578], [72.18089666, 34.22497136], [72.18090011, 34.22500776], [72.18098535, 34.22500219]]]]}, "properties": {"id": "8J6J65FJ+X9WC", "height": 5.205551147460938, "hmax": 0.0, "ratio": 0.0, "vulnClass": "none"}}, {"type": "Feature", "geometry": {"type": "MultiPolygon", "coordinates": [[[[72.18084909, 34.22493995], [72.18078655, 34.22494495], [72.18079515, 34.22501914], [72.1808577, 34.22501414], [72.18084909, 34.22493995]]]]}, "properties": {"id": "8J6J65FJ+X8W3", "height": 5.186977386474609, "hmax": 0.0, "ratio": 0.0, "vulnClass": "none"}}, {"type": "Feature", "geometry": {"type": "MultiPolygon", "coordinates": [[[[72.18093675, 34.22487868], [72.18089924, 34.22488204], [72.18090581, 34.22493271], [72.18094332, 34.22492935], [72.18093675, 34.22487868]]]]}, "properties": {"id": "8J6J65FJ+X977", "height": 5.395231246948242, "hmax": 0.0, "ratio": 0.0, "vulnClass": "none"}}, {"type": "Feature", "geometry": {"type": "MultiPolygon", "coordinates": [[[[72.18102398, 34.22491496], [72.18097737, 34.22491801], [72.18098535, 34.22500219], [72.18103196, 34.22499914], [72.18102398, 34.22491496]]]]}, "properties": {"id": "8J6J65FJ+XCJ6", "height": 5.410099029541016, "hmax": 0.0, "ratio": 0.0, "vulnClass": "none"}}, {"type": "Feature", "geometry": {"type": "MultiPolygon", "coordinates": [[[[72.18112302, 34.22492063], [72.18107149, 34.22492742], [72.18109144, 34.22503184], [72.18114298, 34.22502504], [72.18112302, 34.22492063]]]]}, "properties": {"id": "8J6J65FJ+XCX3", "height": 5.034624099731445, "hmax": 0.0, "ratio": 0.0, "vulnClass": "none"}}, {"type": "Feature", "geometry": {"type": "MultiPolygon", "coordinates": [[[[72.18131748, 34.22489498], [72.1813035, 34.22482183], [72.18110904, 34.22484747], [72.18111607, 34.22488426], [72.18106454, 34.22489105], [72.18107149, 34.22492742], [72.18131748, 34.22489498]]]]}, "properties": {"id": "8J6J65FJ+XF43", "height": 6.764901161193848, "hmax": 0.0, "ratio": 0.0, "vulnClass": "none"}}, {"type": "Feature", "geometry": {"type": "MultiPolygon", "coordinates": [[[[72.18111523, 34.22480394], [72.18108958, 34.22480164], [72.18108559, 34.22483232], [72.18111123, 34.22483462], [72.18111523, 34.22480394]]]]}, "properties": {"id": "8J6J65FJ+WCHJ", "height": 3.727993488311768, "hmax": 0.0, "ratio": 0.0, "vulnClass": "none"}}, {"type": "Feature", "geometry": {"type": "MultiPolygon", "coordinates": [[[[72.181004, 34.22483761], [72.18095456, 34.22484473], [72.18096927, 34.22491525], [72.18101871, 34.22490814], [72.181004, 34.22483761]]]]}, "properties": {"id": "8J6J65FJ+X954", "height": 5.238498210906982, "hmax": 0.0, "ratio": 0.0, "vulnClass": "none"}}, {"type": "Feature", "geometry": {"type": "MultiPolygon", "coordinates": [[[[72.18091076, 34.2248475], [72.18087254, 34.22484662], [72.18087183, 34.22486774], [72.18091006, 34.22486862], [72.18091076, 34.2248475]]]]}, "properties": {"id": "8J6J65FJ+W9R8", "height": 5.216152191162109, "hmax": 0.0, "ratio": 0.0, "vulnClass": "none"}}, {"type": "Feature", "geometry": {"type": "MultiPolygon", "coordinates": [[[[72.18082918, 34.22484683], [72.18078658, 34.22485092], [72.18079778, 34.22493146], [72.18086307, 34.22492519], [72.18085573, 34.2248724], [72.18083304, 34.22487457], [72.18082918, 34.22484683]]]]}, "properties": {"id": "8J6J65FJ+X84M", "height": 4.887590408325195, "hmax": 0.0, "ratio": 0.0, "vulnClass": "none"}}, {"type": "Feature", "geometry": {"type": "MultiPolygon", "coordinates": [[[[72.1807799, 34.22488768], [72.18077134, 34.22481382], [72.18071257, 34.22481852], [72.18072114, 34.22489238], [72.1807799, 34.22488768]]]]}, "properties": {"id": "8J6J65FJ+W7X5", "height": 4.265240669250488, "hmax": 0.0, "ratio": 0.0, "vulnClass": "none"}}, {"type": "Feature", "geometry": {"type": "MultiPolygon", "coordinates": [[[[72.18101042, 34.22483605], [72.18100005, 34.22474972], [72.18095755, 34.22475324], [72.18096283, 34.22479729], [72.18076074, 34.22481403], [72.18076582, 34.22485632], [72.18101042, 34.22483605]]]]}, "properties": {"id": "8J6J65FJ+W9CQ", "height": 4.693122863769531, "hmax": 0.0, "ratio": 0.0, "vulnClass": "none"}}, {"type": "Feature", "geometry": {"type": "MultiPolygon", "coordinates": [[[[72.18081263, 34.22470512], [72.18078675, 34.22470452], [72.18078555, 34.22474056], [72.18081143, 34.22474115], [72.18081263, 34.22470512]]]]}, "properties": {"id": "8J6J65FJ+V8MW", "height": 3.890890121459961, "hmax": 0.0, "ratio": 0.0, "vulnClass": "none"}}, {"type": "Feature", "geometry": {"type": "MultiPolygon", "coordinates": [[[[72.18073531, 34.22471686], [72.1806887, 34.22471579], [72.18068735, 34.22475632], [72.18073396, 34.2247574], [72.18073531, 34.22471686]]]]}, "properties": {"id": "8J6J65FJ+V7WH", "height": 5.549942016601562, "hmax": 0.0, "ratio": 0.0, "vulnClass": "none"}}, {"type": "Feature", "geometry": {"type": "MultiPolygon", "coordinates": [[[[72.18098879, 34.22468981], [72.1809835, 34.22464819], [72.18069932, 34.22467313], [72.18070461, 34.22471475], [72.18098879, 34.22468981]]]]}, "properties": {"id": "8J6J65FJ+V8H6", "height": 5.549942016601562, "hmax": 0.0, "ratio": 0.0, "vulnClass": "none"}}, {"type": "Feature", "geometry": {"type": "MultiPolygon", "coordinates": [[[[72.18096165, 34.22474148], [72.18095727, 34.22472015], [72.18090851, 34.22472707], [72.18091289, 34.2247484], [72.18096165, 34.22474148]]]]}, "properties": {"id": "8J6J65FJ+V9V9", "height": 3.783595561981201, "hmax": 0.0, "ratio": 0.0, "vulnClass": "none"}}, {"type": "Feature", "geometry": {"type": "MultiPolygon", "coordinates": [[[[72.18113907, 34.22472752], [72.18103904, 34.22472302], [72.18103569, 34.22477445], [72.1810833, 34.22477659], [72.18108494, 34.22475132], [72.18113737, 34.22475368], [72.18113907, 34.22472752]]]]}, "properties": {"id": "8J6J65FJ+VCWW", "height": 3.857806205749512, "hmax": 0.0, "ratio": 0.0, "vulnClass": "none"}}, {"type": "Feature", "geometry": {"type": "MultiPolygon", "coordinates": [[[[72.18127282, 34.22471706], [72.18127047, 34.22465783], [72.18118333, 34.22466021], [72.18118569, 34.22471945], [72.18127282, 34.22471706]]]]}, "properties": {"id": "8J6J65FJ+VFHF", "height": 4.386178016662598, "hmax": 0.0, "ratio": 0.0, "vulnClass": "none"}}, {"type": "Feature", "geometry": {"type": "MultiPolygon", "coordinates": [[[[72.18155329, 34.22475856], [72.18152075, 34.22465206], [72.18147814, 34.22466104], [72.18152471, 34.2248134], [72.18160337, 34.22479682], [72.18158935, 34.22475096], [72.18155329, 34.22475856]]]]}, "properties": {"id": "8J6J65FJ+VJVJ", "height": 4.275657176971436, "hmax": 0.0, "ratio": 0.0, "vulnClass": "none"}}, {"type": "Feature", "geometry": {"type": "MultiPolygon", "coordinates": [[[[72.18176801, 34.22468451], [72.18171923, 34.22469341], [72.18172751, 34.22472472], [72.18177629, 34.22471582], [72.18176801, 34.22468451]]]]}, "properties": {"id": "8J6J65FJ+VMQ5", "height": 2.94849967956543, "hmax": 0.0, "ratio": 0.0, "vulnClass": "none"}}, {"type": "Feature", "geometry": {"type": "MultiPolygon", "coordinates": [[[[72.18208724, 34.22484464], [72.18197281, 34.22466279], [72.18192102, 34.22468528], [72.1819581, 34.22474422], [72.18193104, 34.22475597], [72.1819596, 34.22480137], [72.181806, 34.22486806], [72.18185478, 34.22494557], [72.18208724, 34.22484464]]]]}, "properties": {"id": "8J6J65FJ+WQGW", "height": 5.649327754974365, "hmax": 0.0, "ratio": 0.0, "vulnClass": "none"}}, {"type": "Feature", "geometry": {"type": "MultiPolygon", "coordinates": [[[[72.18191096, 34.22466342], [72.18189103, 34.22462865], [72.18179427, 34.22466693], [72.1818142, 34.2247017], [72.18191096, 34.22466342]]]]}, "properties": {"id": "8J6J65FJ+VP9M", "height": 3.73384428024292, "hmax": 0.0, "ratio": 0.0, "vulnClass": "none"}}, {"type": "Feature", "geometry": {"type": "MultiPolygon", "coordinates": [[[[72.18208626, 34.22484497], [72.18229743, 34.22475344], [72.18225431, 34.22468481], [72.18204314, 34.22477634], [72.18208626, 34.22484497]]]]}, "properties": {"id": "8J6J65FJ+WV3F", "height": 5.639187812805176, "hmax": 0.0, "ratio": 0.0, "vulnClass": "none"}}, {"type": "Feature", "geometry": {"type": "MultiPolygon", "coordinates": [[[[72.18237146, 34.22488367], [72.18240356, 34.22487043], [72.18236869, 34.22481205], [72.18210966, 34.22491882], [72.18213552, 34.22496211], [72.18236244, 34.22486858], [72.18237146, 34.22488367]]]]}, "properties": {"id": "8J6J65FJ+XW2C", "height": 3.223643779754639, "hmax": 0.0, "ratio": 0.0, "vulnClass": "none"}}, {"type": "Feature", "geometry": {"type": "MultiPolygon", "coordinates": [[[[72.18181877, 34.22480471], [72.18178169, 34.22474577], [72.18174035, 34.22476372], [72.181806, 34.22486806], [72.18184734, 34.22485011], [72.18183089, 34.22482397], [72.18186112, 34.22481085], [72.181849, 34.22479159], [72.18181877, 34.22480471]]]]}, "properties": {"id": "8J6J65FJ+WPF8", "height": 3.886914253234863, "hmax": 0.0, "ratio": 0.0, "vulnClass": "none"}}, {"type": "Feature", "geometry": {"type": "MultiPolygon", "coordinates": [[[[72.18178096, 34.22497721], [72.18175903, 34.22498217], [72.1817692, 34.22501319], [72.18179113, 34.22500823], [72.18178096, 34.22497721]]]]}, "properties": {"id": "8J6J65FJ+XPRX", "height": 3.333396911621094, "hmax": 0.0, "ratio": 0.0, "vulnClass": "none"}}, {"type": "Feature", "geometry": {"type": "MultiPolygon", "coordinates": [[[[72.18210762, 34.22492447], [72.18209805, 34.22490062], [72.1820622, 34.22491055], [72.18207177, 34.2249344], [72.18210762, 34.22492447]]]]}, "properties": {"id": "8J6J65FJ+XR8P", "height": 3.691757678985596, "hmax": 0.0, "ratio": 0.0, "vulnClass": "none"}}, {"type": "Feature", "geometry": {"type": "MultiPolygon", "coordinates": [[[[72.18250483, 34.22494606], [72.18246579, 34.22495647], [72.18248197, 34.22499832], [72.182521, 34.22498791], [72.18250483, 34.22494606]]]]}, "properties": {"id": "8J6J65FJ+XXQX", "height": 3.340678215026855, "hmax": 0.0, "ratio": 0.0, "vulnClass": "none"}}, {"type": "Feature", "geometry": {"type": "MultiPolygon", "coordinates": [[[[72.18266535, 34.22491134], [72.18258738, 34.22481226], [72.18252282, 34.22484732], [72.18260079, 34.2249464], [72.18266535, 34.22491134]]]]}, "properties": {"id": "8J6J65FM+X252", "height": 2.544628620147705, "hmax": 0.0, "ratio": 0.0, "vulnClass": "none"}}, {"type": "Feature", "geometry": {"type": "MultiPolygon", "coordinates": [[[[72.18215796, 34.22466341], [72.18213241, 34.22467889], [72.18217474, 34.22472708], [72.18220029, 34.22471159], [72.18215796, 34.22466341]]]]}, "properties": {"id": "8J6J65FJ+VVFV", "height": 3.584936857223511, "hmax": 0.0, "ratio": 0.0, "vulnClass": "none"}}, {"type": "Feature", "geometry": {"type": "MultiPolygon", "coordinates": [[[[72.18258358, 34.22465], [72.18257236, 34.22462024], [72.18243677, 34.2246555], [72.18244799, 34.22468526], [72.18258358, 34.22465]]]]}, "properties": {"id": "8J6J65FM+V263", "height": 6.131746768951416, "hmax": 0.0, "ratio": 0.0, "vulnClass": "none"}}, {"type": "Feature", "geometry": {"type": "MultiPolygon", "coordinates": [[[[72.18256906, 34.22479165], [72.1825136, 34.22469185], [72.18242476, 34.22472591], [72.18248022, 34.22482571], [72.18256906, 34.22479165]]]]}, "properties": {"id": "8J6J65FJ+WX59", "height": 3.954511165618896, "hmax": 0.0, "ratio": 0.0, "vulnClass": "none"}}, {"type": "Feature", "geometry": {"type": "MultiPolygon", "coordinates": [[[[72.18252098, 34.22529827], [72.18270308, 34.2252587], [72.18267807, 34.22517929], [72.18249596, 34.22521887], [72.18252098, 34.22529827]]]]}, "properties": {"id": "8J6J65GM+32XC", "height": 3.52705192565918, "hmax": 0.0, "ratio": 0.0, "vulnClass": "none"}}, {"type": "Feature", "geometry": {"type": "MultiPolygon", "coordinates": [[[[72.18246051, 34.22515499], [72.18243435, 34.22515249], [72.18243137, 34.22517406], [72.18245754, 34.22517655], [72.18246051, 34.22515499]]]]}, "properties": {"id": "8J6J65GJ+3X8F", "height": 2.827317237854004, "hmax": 0.0, "ratio": 0.0, "vulnClass": "none"}}, {"type": "Feature", "geometry": {"type": "MultiPolygon", "coordinates": [[[[72.18248267, 34.2251746], [72.18244019, 34.22518137], [72.18244974, 34.22522268], [72.18249221, 34.22521591], [72.18248267, 34.2251746]]]]}, "properties": {"id": "8J6J65GJ+3XGX", "height": 2.913257122039795, "hmax": 0.0, "ratio": 0.0, "vulnClass": "none"}}, {"type": "Feature", "geometry": {"type": "MultiPolygon", "coordinates": [[[[72.1822804, 34.22520253], [72.18227345, 34.2251603], [72.18220061, 34.22516858], [72.18220757, 34.22521081], [72.1822804, 34.22520253]]]]}, "properties": {"id": "8J6J65GJ+3VHG", "height": 2.548558473587036, "hmax": 0.0, "ratio": 0.0, "vulnClass": "none"}}, {"type": "Feature", "geometry": {"type": "MultiPolygon", "coordinates": [[[[72.18238299, 34.2253398], [72.18237176, 34.22530247], [72.18222578, 34.22533279], [72.18223701, 34.22537012], [72.18238299, 34.2253398]]]]}, "properties": {"id": "8J6J65GJ+4WMG", "height": 2.521659374237061, "hmax": 0.0, "ratio": 0.0, "vulnClass": "none"}}, {"type": "Feature", "geometry": {"type": "MultiPolygon", "coordinates": [[[[72.18177836, 34.22529108], [72.18175744, 34.22523379], [72.18171537, 34.22524438], [72.18173629, 34.22530167], [72.18177836, 34.22529108]]]]}, "properties": {"id": "8J6J65GJ+4M5Q", "height": 2.683324813842773, "hmax": 0.0, "ratio": 0.0, "vulnClass": "none"}}, {"type": "Feature", "geometry": {"type": "MultiPolygon", "coordinates": [[[[72.18182929, 34.22602768], [72.18178454, 34.22602554], [72.18177527, 34.22615917], [72.18192336, 34.22616626], [72.18192966, 34.22607552], [72.18182632, 34.22607057], [72.18182929, 34.22602768]]]]}, "properties": {"id": "8J6J65GJ+CPX6", "height": 4.958887577056885, "hmax": 0.0, "ratio": 0.0, "vulnClass": "none"}}, {"type": "Feature", "geometry": {"type": "MultiPolygon", "coordinates": [[[[72.18205062, 34.22602931], [72.18196419, 34.22603359], [72.18196811, 34.22608827], [72.18205454, 34.226084], [72.18205062, 34.22602931]]]]}, "properties": {"id": "8J6J65GJ+CRC7", "height": 3.221656322479248, "hmax": 0.0, "ratio": 0.0, "vulnClass": "none"}}, {"type": "Feature", "geometry": {"type": "MultiPolygon", "coordinates": [[[[72.18208436, 34.22604012], [72.18204884, 34.22604447], [72.18205266, 34.22606594], [72.18208818, 34.22606159], [72.18208436, 34.22604012]]]]}, "properties": {"id": "8J6J65GJ+CRG2", "height": 2.872328519821167, "hmax": 0.0, "ratio": 0.0, "vulnClass": "none"}}, {"type": "Feature", "geometry": {"type": "MultiPolygon", "coordinates": [[[[72.182144, 34.22602348], [72.18212004, 34.22602293], [72.18211838, 34.22607258], [72.18214235, 34.22607314], [72.182144, 34.22602348]]]]}, "properties": {"id": "8J6J65GJ+CV6R", "height": 2.885187149047852, "hmax": 0.0, "ratio": 0.0, "vulnClass": "none"}}, {"type": "Feature", "geometry": {"type": "MultiPolygon", "coordinates": [[[[72.18221736, 34.22601951], [72.18214502, 34.22602357], [72.18214782, 34.22605797], [72.18217387, 34.22605651], [72.182184, 34.22618101], [72.18223029, 34.22617841], [72.18221736, 34.22601951]]]]}, "properties": {"id": "8J6J65GJ+CVPM", "height": 3.476942539215088, "hmax": 0.0, "ratio": 0.0, "vulnClass": "none"}}, {"type": "Feature", "geometry": {"type": "MultiPolygon", "coordinates": [[[[72.18232173, 34.22611766], [72.18231611, 34.22604852], [72.18222016, 34.22605391], [72.18222578, 34.22612305], [72.18232173, 34.22611766]]]]}, "properties": {"id": "8J6J65GJ+CWJG", "height": 3.462203979492188, "hmax": 0.0, "ratio": 0.0, "vulnClass": "none"}}, {"type": "Feature", "geometry": {"type": "MultiPolygon", "coordinates": [[[[72.18242742, 34.22616528], [72.182399, 34.22615861], [72.18238902, 34.22618794], [72.18241744, 34.22619461], [72.18242742, 34.22616528]]]]}, "properties": {"id": "8J6J65GJ+FXF2", "height": 2.677250385284424, "hmax": 0.0, "ratio": 0.0, "vulnClass": "none"}}, {"type": "Feature", "geometry": {"type": "MultiPolygon", "coordinates": [[[[72.18234309, 34.2263503], [72.18232612, 34.22613212], [72.18222102, 34.22613776], [72.18223799, 34.22635594], [72.18234309, 34.2263503]]]]}, "properties": {"id": "8J6J65GJ+FWVJ", "height": 3.822315216064453, "hmax": 0.0, "ratio": 0.0, "vulnClass": "none"}}, {"type": "Feature", "geometry": {"type": "MultiPolygon", "coordinates": [[[[72.18249055, 34.22642018], [72.18247031, 34.22619654], [72.18235889, 34.22620349], [72.18237205, 34.22634884], [72.18223985, 34.2263571], [72.18224694, 34.22643539], [72.18249055, 34.22642018]]]]}, "properties": {"id": "8J6J65GJ+GXJG", "height": 4.210811614990234, "hmax": 0.0, "ratio": 0.0, "vulnClass": "none"}}, {"type": "Feature", "geometry": {"type": "MultiPolygon", "coordinates": [[[[72.18218066, 34.22614254], [72.18199704, 34.2261535], [72.18200402, 34.22623423], [72.18218764, 34.22622327], [72.18218066, 34.22614254]]]]}, "properties": {"id": "8J6J65GJ+FRGH", "height": 3.591004371643066, "hmax": 0.0, "ratio": 0.0, "vulnClass": "none"}}, {"type": "Feature", "geometry": {"type": "MultiPolygon", "coordinates": [[[[72.18200031, 34.22619136], [72.18193045, 34.22619553], [72.18193416, 34.2262384], [72.18200402, 34.22623423], [72.18200031, 34.22619136]]]]}, "properties": {"id": "8J6J65GJ+FQPH", "height": 3.085691690444946, "hmax": 0.0, "ratio": 0.0, "vulnClass": "none"}}, {"type": "Feature", "geometry": {"type": "MultiPolygon", "coordinates": [[[[72.1817627, 34.22636328], [72.18169255, 34.22636131], [72.18168962, 34.22643337], [72.18175977, 34.22643534], [72.1817627, 34.22636328]]]]}, "properties": {"id": "8J6J65GJ+HM5R", "height": 6.701104640960693, "hmax": 0.0, "ratio": 0.0, "vulnClass": "none"}}, {"type": "Feature", "geometry": {"type": "MultiPolygon", "coordinates": [[[[72.18158053, 34.22633526], [72.1815404, 34.22633584], [72.18154102, 34.2263654], [72.18158114, 34.22636482], [72.18158053, 34.22633526]]]]}, "properties": {"id": "8J6J65GJ+GJV5", "height": 4.026360034942627, "hmax": 0.0, "ratio": 0.0, "vulnClass": "none"}}, {"type": "Feature", "geometry": {"type": "MultiPolygon", "coordinates": [[[[72.18142477, 34.22644808], [72.18137216, 34.22644801], [72.18137177, 34.22666182], [72.18146293, 34.22666194], [72.18146314, 34.22655245], [72.18142457, 34.2265524], [72.18142477, 34.22644808]]]]}, "properties": {"id": "8J6J65GJ+JHFJ", "height": 3.509335517883301, "hmax": 0.0, "ratio": 0.0, "vulnClass": "none"}}, {"type": "Feature", "geometry": {"type": "MultiPolygon", "coordinates": [[[[72.18087255, 34.22647408], [72.18083668, 34.22647464], [72.18083901, 34.22657782], [72.18087488, 34.22657727], [72.18087255, 34.22647408]]]]}, "properties": {"id": "8J6J65GJ+J893", "height": 5.424015045166016, "hmax": 0.0, "ratio": 0.0, "vulnClass": "none"}}, {"type": "Feature", "geometry": {"type": "MultiPolygon", "coordinates": [[[[72.18111221, 34.2262308], [72.18105701, 34.22622702], [72.18105106, 34.2262869], [72.18110626, 34.22629068], [72.18111221, 34.2262308]]]]}, "properties": {"id": "8J6J65GJ+GC48", "height": 4.139801025390625, "hmax": 0.0, "ratio": 0.0, "vulnClass": "none"}}, {"type": "Feature", "geometry": {"type": "MultiPolygon", "coordinates": [[[[72.18083274, 34.22630006], [72.18076124, 34.22630118], [72.18076518, 34.22647575], [72.18089618, 34.22647371], [72.18089424, 34.2263875], [72.18083474, 34.22638842], [72.18083274, 34.22630006]]]]}, "properties": {"id": "8J6J65GJ+H882", "height": 5.902095794677734, "hmax": 0.0, "ratio": 0.0, "vulnClass": "none"}}, {"type": "Feature", "geometry": {"type": "MultiPolygon", "coordinates": [[[[72.18089251, 34.22617165], [72.18079367, 34.22616482], [72.18077977, 34.22630355], [72.18087861, 34.22631039], [72.18089251, 34.22617165]]]]}, "properties": {"id": "8J6J65GJ+F8WH", "height": 6.469819068908691, "hmax": 0.0, "ratio": 0.0, "vulnClass": "none"}}, {"type": "Feature", "geometry": {"type": "MultiPolygon", "coordinates": [[[[72.18106799, 34.22611307], [72.1809876, 34.22609661], [72.18096548, 34.22617117], [72.18104587, 34.22618763], [72.18106799, 34.22611307]]]]}, "properties": {"id": "8J6J65GJ+FC2P", "height": 4.229977130889893, "hmax": 0.0, "ratio": 0.0, "vulnClass": "none"}}, {"type": "Feature", "geometry": {"type": "MultiPolygon", "coordinates": [[[[72.18102955, 34.22618429], [72.18098585, 34.22617534], [72.18097671, 34.22620615], [72.18102041, 34.2262151], [72.18102955, 34.22618429]]]]}, "properties": {"id": "8J6J65GJ+FCCR", "height": 4.500017166137695, "hmax": 0.0, "ratio": 0.0, "vulnClass": "none"}}, {"type": "Feature", "geometry": {"type": "MultiPolygon", "coordinates": [[[[72.18120596, 34.2261532], [72.18106048, 34.22611745], [72.18103382, 34.22619229], [72.1811793, 34.22622805], [72.18120596, 34.2261532]]]]}, "properties": {"id": "8J6J65GJ+FC9X", "height": 4.088119506835938, "hmax": 0.0, "ratio": 0.0, "vulnClass": "none"}}, {"type": "Feature", "geometry": {"type": "MultiPolygon", "coordinates": [[[[72.18142455, 34.22611378], [72.18136118, 34.22610718], [72.18135637, 34.22613898], [72.18141975, 34.22614559], [72.18142455, 34.22611378]]]]}, "properties": {"id": "8J6J65GJ+FH23", "height": 4.145065784454346, "hmax": 0.0, "ratio": 0.0, "vulnClass": "none"}}, {"type": "Feature", "geometry": {"type": "MultiPolygon", "coordinates": [[[[72.18148951, 34.22623451], [72.18148515, 34.22620995], [72.18141637, 34.22621837], [72.18142073, 34.22624293], [72.18148951, 34.22623451]]]]}, "properties": {"id": "8J6J65GJ+FHW3", "height": 2.539572715759277, "hmax": 0.0, "ratio": 0.0, "vulnClass": "none"}}, {"type": "Feature", "geometry": {"type": "MultiPolygon", "coordinates": [[[[72.18173922, 34.22623139], [72.18173947, 34.22620291], [72.18155127, 34.22620174], [72.18155102, 34.22623022], [72.18173922, 34.22623139]]]]}, "properties": {"id": "8J6J65GJ+FMJP", "height": 6.630618095397949, "hmax": 0.0, "ratio": 0.0, "vulnClass": "none"}}, {"type": "Feature", "geometry": {"type": "MultiPolygon", "coordinates": [[[[72.18133903, 34.22603276], [72.18124595, 34.22602315], [72.18123417, 34.22610189], [72.18132725, 34.2261115], [72.18133903, 34.22603276]]]]}, "properties": {"id": "8J6J65GJ+CGFJ", "height": 2.775480270385742, "hmax": 0.0, "ratio": 0.0, "vulnClass": "none"}}, {"type": "Feature", "geometry": {"type": "MultiPolygon", "coordinates": [[[[72.181318, 34.2256815], [72.18126358, 34.22567913], [72.18125195, 34.22586306], [72.18135871, 34.22586772], [72.18136641, 34.22574599], [72.18131406, 34.22574371], [72.181318, 34.2256815]]]]}, "properties": {"id": "8J6J65GJ+8G7H", "height": 5.433042049407959, "hmax": 0.0, "ratio": 0.0, "vulnClass": "none"}}, {"type": "Feature", "geometry": {"type": "MultiPolygon", "coordinates": [[[[72.18125129, 34.22580112], [72.18121397, 34.2257992], [72.18120993, 34.22585346], [72.18124726, 34.22585537], [72.18125129, 34.22580112]]]]}, "properties": {"id": "8J6J65GJ+8FQ3", "height": 4.834243774414062, "hmax": 0.0, "ratio": 0.0, "vulnClass": "none"}}, {"type": "Feature", "geometry": {"type": "MultiPolygon", "coordinates": [[[[72.18113992, 34.225765], [72.18103938, 34.22573672], [72.18099516, 34.22584517], [72.18109571, 34.22587345], [72.18113992, 34.225765]]]]}, "properties": {"id": "8J6J65GJ+8CG6", "height": 6.36756706237793, "hmax": 0.0, "ratio": 0.0, "vulnClass": "none"}}, {"type": "Feature", "geometry": {"type": "MultiPolygon", "coordinates": [[[[72.1810687, 34.225634], [72.18098815, 34.22562627], [72.18097284, 34.22573637], [72.18105338, 34.2257441], [72.1810687, 34.225634]]]]}, "properties": {"id": "8J6J65GJ+7CCG", "height": 3.652157306671143, "hmax": 0.0, "ratio": 0.0, "vulnClass": "none"}}, {"type": "Feature", "geometry": {"type": "MultiPolygon", "coordinates": [[[[72.18098215, 34.2256694], [72.18083629, 34.22565539], [72.18082697, 34.22572237], [72.18097284, 34.22573637], [72.18098215, 34.2256694]]]]}, "properties": {"id": "8J6J65GJ+79CX", "height": 3.708801984786987, "hmax": 0.0, "ratio": 0.0, "vulnClass": "none"}}, {"type": "Feature", "geometry": {"type": "MultiPolygon", "coordinates": [[[[72.18084121, 34.22563206], [72.18070108, 34.22562159], [72.1806918, 34.22570737], [72.18083192, 34.22571784], [72.18084121, 34.22563206]]]]}, "properties": {"id": "8J6J65GJ+786P", "height": 3.916800737380981, "hmax": 0.0, "ratio": 0.0, "vulnClass": "none"}}, {"type": "Feature", "geometry": {"type": "MultiPolygon", "coordinates": [[[[72.18083872, 34.22571835], [72.18073859, 34.22571087], [72.18073504, 34.22574364], [72.18083517, 34.22575112], [72.18083872, 34.22571835]]]]}, "properties": {"id": "8J6J65GJ+78V6", "height": 3.491071462631226, "hmax": 0.0, "ratio": 0.0, "vulnClass": "none"}}, {"type": "Feature", "geometry": {"type": "MultiPolygon", "coordinates": [[[[72.18081427, 34.22588257], [72.18070075, 34.2258733], [72.18069601, 34.22591337], [72.18080953, 34.22592263], [72.18081427, 34.22588257]]]]}, "properties": {"id": "8J6J65GJ+982R", "height": 4.129376411437988, "hmax": 0.0, "ratio": 0.0, "vulnClass": "none"}}, {"type": "Feature", "geometry": {"type": "MultiPolygon", "coordinates": [[[[72.18090396, 34.22594847], [72.18082421, 34.22594146], [72.18081888, 34.22598334], [72.18089862, 34.22599035], [72.18090396, 34.22594847]]]]}, "properties": {"id": "8J6J65GJ+98QP", "height": 4.280486106872559, "hmax": 0.0, "ratio": 0.0, "vulnClass": "none"}}, {"type": "Feature", "geometry": {"type": "MultiPolygon", "coordinates": [[[[72.18112025, 34.22586464], [72.18108283, 34.22586896], [72.18108716, 34.22589485], [72.18112459, 34.22589053], [72.18112025, 34.22586464]]]]}, "properties": {"id": "8J6J65GJ+9C53", "height": 6.36756706237793, "hmax": 0.0, "ratio": 0.0, "vulnClass": "none"}}, {"type": "Feature", "geometry": {"type": "MultiPolygon", "coordinates": [[[[72.18126019, 34.22594755], [72.18112531, 34.22591994], [72.1810914, 34.2260342], [72.18118515, 34.2260534], [72.18120955, 34.22597117], [72.18125069, 34.22597959], [72.18126019, 34.22594755]]]]}, "properties": {"id": "8J6J65GJ+9FV6", "height": 5.42759895324707, "hmax": 0.0, "ratio": 0.0, "vulnClass": "none"}}, {"type": "Feature", "geometry": {"type": "MultiPolygon", "coordinates": [[[[72.18112091, 34.22594702], [72.18104883, 34.22593618], [72.18103848, 34.22598367], [72.18111056, 34.22599451], [72.18112091, 34.22594702]]]]}, "properties": {"id": "8J6J65GJ+9CPP", "height": 4.721750736236572, "hmax": 0.0, "ratio": 0.0, "vulnClass": "none"}}, {"type": "Feature", "geometry": {"type": "MultiPolygon", "coordinates": [[[[72.18099111, 34.22602902], [72.1810231, 34.22595997], [72.18099147, 34.22594987], [72.18095949, 34.22601891], [72.18099111, 34.22602902]]]]}, "properties": {"id": "8J6J65GJ+99XG", "height": 4.013283729553223, "hmax": 0.0, "ratio": 0.0, "vulnClass": "none"}}, {"type": "Feature", "geometry": {"type": "MultiPolygon", "coordinates": [[[[72.18113335, 34.22604279], [72.1810914, 34.2260342], [72.18106799, 34.22611307], [72.18110994, 34.22612166], [72.18113335, 34.22604279]]]]}, "properties": {"id": "8J6J65GJ+CCQ2", "height": 4.098330497741699, "hmax": 0.0, "ratio": 0.0, "vulnClass": "none"}}, {"type": "Feature", "geometry": {"type": "MultiPolygon", "coordinates": [[[[72.18094799, 34.22612205], [72.18095497, 34.22606702], [72.18093002, 34.22606483], [72.18092304, 34.22611987], [72.18094799, 34.22612205]]]]}, "properties": {"id": "8J6J65GJ+C9PJ", "height": 3.851110935211182, "hmax": 0.0, "ratio": 0.0, "vulnClass": "none"}}, {"type": "Feature", "geometry": {"type": "MultiPolygon", "coordinates": [[[[72.18092566, 34.22607891], [72.18084602, 34.22607203], [72.18083821, 34.22613438], [72.18094403, 34.22614353], [72.18094686, 34.22612095], [72.18092068, 34.22611869], [72.18092566, 34.22607891]]]]}, "properties": {"id": "8J6J65GJ+C9R7", "height": 3.622713804244995, "hmax": 0.0, "ratio": 0.0, "vulnClass": "none"}}, {"type": "Feature", "geometry": {"type": "MultiPolygon", "coordinates": [[[[72.18086781, 34.22604958], [72.18083228, 34.22604646], [72.18082765, 34.2260829], [72.18086318, 34.22608601], [72.18086781, 34.22604958]]]]}, "properties": {"id": "8J6J65GJ+C8HJ", "height": 3.209781646728516, "hmax": 0.0, "ratio": 0.0, "vulnClass": "none"}}, {"type": "Feature", "geometry": {"type": "MultiPolygon", "coordinates": [[[[72.18085703, 34.22598419], [72.18082395, 34.22598133], [72.18081495, 34.22605319], [72.18084803, 34.22605605], [72.18085703, 34.22598419]]]]}, "properties": {"id": "8J6J65GJ+C84Q", "height": 3.364651918411255, "hmax": 0.0, "ratio": 0.0, "vulnClass": "none"}}, {"type": "Feature", "geometry": {"type": "MultiPolygon", "coordinates": [[[[72.18059603, 34.22605042], [72.18059803, 34.22603444], [72.1805496, 34.22603025], [72.18053979, 34.22610859], [72.18060089, 34.22611387], [72.18060372, 34.22609129], [72.18063744, 34.22609421], [72.18064242, 34.22605443], [72.18059603, 34.22605042]]]]}, "properties": {"id": "8J6J65GJ+C6GW", "height": 4.834074020385742, "hmax": 0.0, "ratio": 0.0, "vulnClass": "none"}}, {"type": "Feature", "geometry": {"type": "MultiPolygon", "coordinates": [[[[72.18044195, 34.22605053], [72.1802994, 34.22605091], [72.18029965, 34.22611396], [72.18044219, 34.22611358], [72.18044195, 34.22605053]]]]}, "properties": {"id": "8J6J65GJ+C4Q9", "height": 3.570294857025146, "hmax": 0.0, "ratio": 0.0, "vulnClass": "none"}}, {"type": "Feature", "geometry": {"type": "MultiPolygon", "coordinates": [[[[72.18032959, 34.22604248], [72.18029001, 34.22585819], [72.18024843, 34.22586435], [72.18028801, 34.22604864], [72.18032959, 34.22604248]]]]}, "properties": {"id": "8J6J65GJ+94M2", "height": 2.832267045974731, "hmax": 0.0, "ratio": 0.0, "vulnClass": "none"}}, {"type": "Feature", "geometry": {"type": "MultiPolygon", "coordinates": [[[[72.1804477, 34.22590285], [72.18044649, 34.22587139], [72.18039959, 34.22587263], [72.18040079, 34.22590409], [72.1804477, 34.22590285]]]]}, "properties": {"id": "8J6J65GJ+953G", "height": 3.690279006958008, "hmax": 0.0, "ratio": 0.0, "vulnClass": "none"}}, {"type": "Feature", "geometry": {"type": "MultiPolygon", "coordinates": [[[[72.18061434, 34.22593425], [72.18047319, 34.22592076], [72.18046072, 34.2260108], [72.18060186, 34.22602429], [72.18061434, 34.22593425]]]]}, "properties": {"id": "8J6J65GJ+96MR", "height": 4.892784595489502, "hmax": 0.0, "ratio": 0.0, "vulnClass": "none"}}, {"type": "Feature", "geometry": {"type": "MultiPolygon", "coordinates": [[[[72.18074167, 34.22593654], [72.18066134, 34.22592824], [72.18063363, 34.22611328], [72.1807938, 34.22612982], [72.18080418, 34.22606046], [72.18072435, 34.22605221], [72.18074167, 34.22593654]]]]}, "properties": {"id": "8J6J65GJ+C78P", "height": 4.413647174835205, "hmax": 0.0, "ratio": 0.0, "vulnClass": "none"}}, {"type": "Feature", "geometry": {"type": "MultiPolygon", "coordinates": [[[[72.18059614, 34.22578668], [72.18054858, 34.22578209], [72.18053278, 34.22589511], [72.18066166, 34.22590754], [72.18066699, 34.22586936], [72.18058568, 34.22586151], [72.18059614, 34.22578668]]]]}, "properties": {"id": "8J6J65GJ+86W9", "height": 4.643280506134033, "hmax": 0.0, "ratio": 0.0, "vulnClass": "none"}}, {"type": "Feature", "geometry": {"type": "MultiPolygon", "coordinates": [[[[72.18054079, 34.22589635], [72.18053816, 34.22572369], [72.18046264, 34.22572448], [72.18046527, 34.22589714], [72.18054079, 34.22589635]]]]}, "properties": {"id": "8J6J65GJ+86CC", "height": 4.643280506134033, "hmax": 0.0, "ratio": 0.0, "vulnClass": "none"}}, {"type": "Feature", "geometry": {"type": "MultiPolygon", "coordinates": [[[[72.18038571, 34.22570551], [72.18031927, 34.22570148], [72.18031538, 34.22574587], [72.18038182, 34.2257499], [72.18038571, 34.22570551]]]]}, "properties": {"id": "8J6J65GJ+74X2", "height": 3.625350475311279, "hmax": 0.0, "ratio": 0.0, "vulnClass": "none"}}, {"type": "Feature", "geometry": {"type": "MultiPolygon", "coordinates": [[[[72.18034532, 34.22565128], [72.18034547, 34.22569058], [72.1805423, 34.22569004], [72.18054214, 34.22565074], [72.18034532, 34.22565128]]]]}, "properties": {"id": "8J6J65GJ+758R", "height": 4.317844390869141, "hmax": 0.0, "ratio": 0.0, "vulnClass": "none"}}, {"type": "Feature", "geometry": {"type": "MultiPolygon", "coordinates": [[[[72.1803372, 34.22568236], [72.18034032, 34.2256469], [72.18021684, 34.22563942], [72.18020712, 34.22575008], [72.18027306, 34.22575407], [72.18027966, 34.22567888], [72.1803372, 34.22568236]]]]}, "properties": {"id": "8J6J65GJ+74CF", "height": 3.187642335891724, "hmax": 0.0, "ratio": 0.0, "vulnClass": "none"}}, {"type": "Feature", "geometry": {"type": "MultiPolygon", "coordinates": [[[[72.18030891, 34.22581949], [72.18031444, 34.22575658], [72.18024002, 34.22575207], [72.18023449, 34.22581499], [72.18030891, 34.22581949]]]]}, "properties": {"id": "8J6J65GJ+846H", "height": 3.559651613235474, "hmax": 0.0, "ratio": 0.0, "vulnClass": "none"}}, {"type": "Feature", "geometry": {"type": "MultiPolygon", "coordinates": [[[[72.18041508, 34.22575191], [72.18033154, 34.22574685], [72.18032508, 34.22582047], [72.18043191, 34.22582695], [72.1804352, 34.22578943], [72.18041191, 34.22578801], [72.18041508, 34.22575191]]]]}, "properties": {"id": "8J6J65GJ+856C", "height": 3.625350475311279, "hmax": 0.0, "ratio": 0.0, "vulnClass": "none"}}, {"type": "Feature", "geometry": {"type": "MultiPolygon", "coordinates": [[[[72.1804594, 34.2258286], [72.1802345, 34.225815], [72.1802312, 34.2258528], [72.1804561, 34.2258664], [72.1804594, 34.2258286]]]]}, "properties": {"id": "8J6J65GJ+84QJ", "height": 3.672492980957031, "hmax": 0.0, "ratio": 0.0, "vulnClass": "none"}}, {"type": "Feature", "geometry": {"type": "MultiPolygon", "coordinates": [[[[72.17993679, 34.22573423], [72.17994098, 34.22568875], [72.17991014, 34.22568679], [72.17990595, 34.22573228], [72.17993679, 34.22573423]]]]}, "properties": {"id": "8J6J65GH+7XMG", "height": 2.65421724319458, "hmax": 0.0, "ratio": 0.0, "vulnClass": "none"}}, {"type": "Feature", "geometry": {"type": "MultiPolygon", "coordinates": [[[[72.1800494, 34.22561081], [72.17993328, 34.22559973], [72.17992564, 34.22565495], [72.17994999, 34.22565727], [72.17994553, 34.22568958], [72.18003729, 34.22569834], [72.1800494, 34.22561081]]]]}, "properties": {"id": "8J6J65GH+7X5W", "height": 2.995831966400146, "hmax": 0.0, "ratio": 0.0, "vulnClass": "none"}}, {"type": "Feature", "geometry": {"type": "MultiPolygon", "coordinates": [[[[72.17980546, 34.22564873], [72.17980258, 34.22567996], [72.17994098, 34.22568875], [72.17994385, 34.22565752], [72.17980546, 34.22564873]]]]}, "properties": {"id": "8J6J65GH+7W9Q", "height": 2.65421724319458, "hmax": 0.0, "ratio": 0.0, "vulnClass": "none"}}, {"type": "Feature", "geometry": {"type": "MultiPolygon", "coordinates": [[[[72.17985279, 34.22579968], [72.17986209, 34.22569866], [72.17983602, 34.22569701], [72.1798332, 34.22572765], [72.17979839, 34.22572544], [72.17979191, 34.22579581], [72.17985279, 34.22579968]]]]}, "properties": {"id": "8J6J65GH+8W44", "height": 2.470671415328979, "hmax": 0.0, "ratio": 0.0, "vulnClass": "none"}}, {"type": "Feature", "geometry": {"type": "MultiPolygon", "coordinates": [[[[72.18007187, 34.22574281], [72.17993679, 34.22573423], [72.17993031, 34.2258046], [72.18006539, 34.22581318], [72.18007187, 34.22574281]]]]}, "properties": {"id": "8J6J65GJ+822R", "height": 2.71861743927002, "hmax": 0.0, "ratio": 0.0, "vulnClass": "none"}}, {"type": "Feature", "geometry": {"type": "MultiPolygon", "coordinates": [[[[72.17988247, 34.22576534], [72.17985611, 34.22576366], [72.17985279, 34.22579968], [72.17987915, 34.22580135], [72.17988247, 34.22576534]]]]}, "properties": {"id": "8J6J65GH+8W99", "height": 2.680446624755859, "hmax": 0.0, "ratio": 0.0, "vulnClass": "none"}}, {"type": "Feature", "geometry": {"type": "MultiPolygon", "coordinates": [[[[72.18059134, 34.22613231], [72.18054333, 34.22612795], [72.18053037, 34.22622663], [72.18057837, 34.22623098], [72.18059134, 34.22613231]]]]}, "properties": {"id": "8J6J65GJ+F6F5", "height": 4.377952575683594, "hmax": 0.0, "ratio": 0.0, "vulnClass": "none"}}, {"type": "Feature", "geometry": {"type": "MultiPolygon", "coordinates": [[[[72.18053942, 34.2261006], [72.1804852, 34.22609935], [72.18048415, 34.22613088], [72.18053837, 34.22613212], [72.18053942, 34.2261006]]]]}, "properties": {"id": "8J6J65GJ+C6RM", "height": 3.663808822631836, "hmax": 0.0, "ratio": 0.0, "vulnClass": "none"}}, {"type": "Feature", "geometry": {"type": "MultiPolygon", "coordinates": [[[[72.18071648, 34.22612386], [72.18063461, 34.22611678], [72.18063106, 34.22614514], [72.18071293, 34.22615222], [72.18071648, 34.22612386]]]]}, "properties": {"id": "8J6J65GJ+F738", "height": 4.413647174835205, "hmax": 0.0, "ratio": 0.0, "vulnClass": "none"}}, {"type": "Feature", "geometry": {"type": "MultiPolygon", "coordinates": [[[[72.18063461, 34.22611678], [72.18060089, 34.22611387], [72.18058955, 34.22620434], [72.18062327, 34.22620726], [72.18063461, 34.22611678]]]]}, "properties": {"id": "8J6J65GJ+F69G", "height": 4.596259117126465, "hmax": 0.0, "ratio": 0.0, "vulnClass": "none"}}, {"type": "Feature", "geometry": {"type": "MultiPolygon", "coordinates": [[[[72.18066664, 34.22629087], [72.18067165, 34.22625089], [72.18061839, 34.22624628], [72.18062327, 34.22620726], [72.18058955, 34.22620434], [72.18058466, 34.22624337], [72.18050905, 34.22623683], [72.18050404, 34.22627681], [72.18066664, 34.22629087]]]]}, "properties": {"id": "8J6J65GJ+G649", "height": 4.645443916320801, "hmax": 0.0, "ratio": 0.0, "vulnClass": "none"}}, {"type": "Feature", "geometry": {"type": "MultiPolygon", "coordinates": [[[[72.18064662, 34.22630353], [72.18053602, 34.22630862], [72.18054161, 34.22639246], [72.18065221, 34.22638737], [72.18064662, 34.22630353]]]]}, "properties": {"id": "8J6J65GJ+G6QR", "height": 4.199695587158203, "hmax": 0.0, "ratio": 0.0, "vulnClass": "none"}}, {"type": "Feature", "geometry": {"type": "MultiPolygon", "coordinates": [[[[72.18054388, 34.22641775], [72.18052473, 34.2263011], [72.18048185, 34.22630596], [72.18049001, 34.22635562], [72.18043831, 34.22636148], [72.18044931, 34.22642846], [72.18054388, 34.22641775]]]]}, "properties": {"id": "8J6J65GJ+G5XX", "height": 4.349852561950684, "hmax": 0.0, "ratio": 0.0, "vulnClass": "none"}}, {"type": "Feature", "geometry": {"type": "MultiPolygon", "coordinates": [[[[72.18050819, 34.22621377], [72.18035755, 34.22621072], [72.18035561, 34.22627687], [72.18050625, 34.22627992], [72.18050819, 34.22621377]]]]}, "properties": {"id": "8J6J65GJ+F5VX", "height": 4.645443916320801, "hmax": 0.0, "ratio": 0.0, "vulnClass": "none"}}, {"type": "Feature", "geometry": {"type": "MultiPolygon", "coordinates": [[[[72.18034853, 34.22623046], [72.18021433, 34.22624732], [72.18022713, 34.22631763], [72.18033402, 34.2263042], [72.18032915, 34.22627743], [72.18035646, 34.226274], [72.18034853, 34.22623046]]]]}, "properties": {"id": "8J6J65GJ+G43R", "height": 2.862493991851807, "hmax": 0.0, "ratio": 0.0, "vulnClass": "none"}}, {"type": "Feature", "geometry": {"type": "MultiPolygon", "coordinates": [[[[72.18034466, 34.22630885], [72.18023365, 34.22632054], [72.18024389, 34.22638795], [72.18035495, 34.22637625], [72.18034466, 34.22630885]]]]}, "properties": {"id": "8J6J65GJ+G4MV", "height": 2.990844249725342, "hmax": 0.0, "ratio": 0.0, "vulnClass": "none"}}, {"type": "Feature", "geometry": {"type": "MultiPolygon", "coordinates": [[[[72.18030623, 34.22640463], [72.18024923, 34.22641245], [72.18026613, 34.22649752], [72.18032314, 34.2264897], [72.18030623, 34.22640463]]]]}, "properties": {"id": "8J6J65GJ+H4M2", "height": 2.869715690612793, "hmax": 0.0, "ratio": 0.0, "vulnClass": "none"}}, {"type": "Feature", "geometry": {"type": "MultiPolygon", "coordinates": [[[[72.18043831, 34.22636148], [72.18038516, 34.2263675], [72.18039616, 34.22643449], [72.18044931, 34.22642846], [72.18043831, 34.22636148]]]]}, "properties": {"id": "8J6J65GJ+H53V", "height": 4.2971510887146, "hmax": 0.0, "ratio": 0.0, "vulnClass": "none"}}, {"type": "Feature", "geometry": {"type": "MultiPolygon", "coordinates": [[[[72.18048883, 34.22634283], [72.18046625, 34.22634231], [72.18046549, 34.22636482], [72.18048808, 34.22636534], [72.18048883, 34.22634283]]]]}, "properties": {"id": "8J6J65GJ+G5X3", "height": 4.349852561950684, "hmax": 0.0, "ratio": 0.0, "vulnClass": "none"}}, {"type": "Feature", "geometry": {"type": "MultiPolygon", "coordinates": [[[[72.18074474, 34.22653414], [72.18074106, 34.22648411], [72.18053544, 34.22649452], [72.18053911, 34.22654456], [72.18074474, 34.22653414]]]]}, "properties": {"id": "8J6J65GJ+J72F", "height": 4.264851570129395, "hmax": 0.0, "ratio": 0.0, "vulnClass": "none"}}, {"type": "Feature", "geometry": {"type": "MultiPolygon", "coordinates": [[[[72.17943886, 34.22648036], [72.17932078, 34.22647525], [72.17931823, 34.22651594], [72.17937079, 34.22651821], [72.17936847, 34.22655521], [72.17943399, 34.22655805], [72.17943886, 34.22648036]]]]}, "properties": {"id": "8J6J65GH+JQ2F", "height": 3.032956600189209, "hmax": 0.0, "ratio": 0.0, "vulnClass": "none"}}, {"type": "Feature", "geometry": {"type": "MultiPolygon", "coordinates": [[[[72.17931893, 34.22645969], [72.17929528, 34.22645482], [72.17928557, 34.22648737], [72.17930922, 34.22649223], [72.17931893, 34.22645969]]]]}, "properties": {"id": "8J6J65GH+HPMW", "height": 2.570452213287354, "hmax": 0.0, "ratio": 0.0, "vulnClass": "none"}}, {"type": "Feature", "geometry": {"type": "MultiPolygon", "coordinates": [[[[72.17915308, 34.22640738], [72.17901033, 34.22640316], [72.17900688, 34.22648353], [72.17914963, 34.22648776], [72.17915308, 34.22640738]]]]}, "properties": {"id": "8J6J65GH+HJGW", "height": 2.522691011428833, "hmax": 0.0, "ratio": 0.0, "vulnClass": "none"}}, {"type": "Feature", "geometry": {"type": "MultiPolygon", "coordinates": [[[[72.17905853, 34.22655807], [72.1790075, 34.22655692], [72.17900427, 34.22665527], [72.17905531, 34.22665643], [72.17905853, 34.22655807]]]]}, "properties": {"id": "8J6J65GH+JJV6", "height": 2.733031749725342, "hmax": 0.0, "ratio": 0.0, "vulnClass": "none"}}, {"type": "Feature", "geometry": {"type": "MultiPolygon", "coordinates": [[[[72.17957726, 34.22566379], [72.179579, 34.22561166], [72.17949224, 34.22560966], [72.17949051, 34.22566179], [72.17957726, 34.22566379]]]]}, "properties": {"id": "8J6J65GH+7R3C", "height": 2.57236385345459, "hmax": 0.0, "ratio": 0.0, "vulnClass": "none"}}, {"type": "Feature", "geometry": {"type": "MultiPolygon", "coordinates": [[[[72.17964424, 34.22563558], [72.17959209, 34.22563066], [72.17957223, 34.22577577], [72.17971166, 34.22578893], [72.17972265, 34.22570865], [72.17963537, 34.22570041], [72.17964424, 34.22563558]]]]}, "properties": {"id": "8J6J65GH+7VJV", "height": 2.725103616714478, "hmax": 0.0, "ratio": 0.0, "vulnClass": "none"}}, {"type": "Feature", "geometry": {"type": "MultiPolygon", "coordinates": [[[[72.17911518, 34.22524097], [72.17905913, 34.22523638], [72.17905517, 34.22526972], [72.17911122, 34.22527431], [72.17911518, 34.22524097]]]]}, "properties": {"id": "8J6J65GH+4J48", "height": 2.868124485015869, "hmax": 0.0, "ratio": 0.0, "vulnClass": "none"}}, {"type": "Feature", "geometry": {"type": "MultiPolygon", "coordinates": [[[[72.17982859, 34.22528177], [72.17969443, 34.22526563], [72.17967256, 34.22539102], [72.17980671, 34.22540717], [72.17982859, 34.22528177]]]]}, "properties": {"id": "8J6J65GH+4WJC", "height": 2.90213680267334, "hmax": 0.0, "ratio": 0.0, "vulnClass": "none"}}, {"type": "Feature", "geometry": {"type": "MultiPolygon", "coordinates": [[[[72.17916726, 34.22491285], [72.17906646, 34.22489868], [72.179037, 34.22504328], [72.17921689, 34.22506857], [72.17922616, 34.22502304], [72.17914708, 34.22501193], [72.17916726, 34.22491285]]]]}, "properties": {"id": "8J6J65FH+XJXQ", "height": 2.512446403503418, "hmax": 0.0, "ratio": 0.0, "vulnClass": "none"}}, {"type": "Feature", "geometry": {"type": "MultiPolygon", "coordinates": [[[[72.17913738, 34.22486753], [72.17907461, 34.22485871], [72.17906646, 34.22489868], [72.17912923, 34.22490751], [72.17913738, 34.22486753]]]]}, "properties": {"id": "8J6J65FH+XJ57", "height": 2.512446403503418, "hmax": 0.0, "ratio": 0.0, "vulnClass": "none"}}, {"type": "Feature", "geometry": {"type": "MultiPolygon", "coordinates": [[[[72.17591166, 34.22632913], [72.17585191, 34.22632188], [72.17584245, 34.22637569], [72.17590219, 34.22638294], [72.17591166, 34.22632913]]]]}, "properties": {"id": "8J6J65GG+G9R2", "height": 2.580636024475098, "hmax": 0.0, "ratio": 0.0, "vulnClass": "none"}}, {"type": "Feature", "geometry": {"type": "MultiPolygon", "coordinates": [[[[72.17528338, 34.22630739], [72.1752251, 34.22630908], [72.1752264, 34.22634], [72.17528468, 34.22633831], [72.17528338, 34.22630739]]]]}, "properties": {"id": "8J6J65GG+G4CR", "height": 3.104384899139404, "hmax": 0.0, "ratio": 0.0, "vulnClass": "none"}}, {"type": "Feature", "geometry": {"type": "MultiPolygon", "coordinates": [[[[72.17509739, 34.22629654], [72.17506704, 34.22629483], [72.175055, 34.22644273], [72.17575744, 34.22648219], [72.1757632, 34.22641142], [72.17509111, 34.22637367], [72.17509739, 34.22629654]]]]}, "properties": {"id": "8J6J65GG+H56W", "height": 3.189733028411865, "hmax": 0.0, "ratio": 0.0, "vulnClass": "none"}}, {"type": "Feature", "geometry": {"type": "MultiPolygon", "coordinates": [[[[72.17470836, 34.22649324], [72.17460647, 34.22649034], [72.1746046, 34.22653574], [72.17465839, 34.22653727], [72.17465729, 34.22656395], [72.17470539, 34.22656532], [72.17470836, 34.22649324]]]]}, "properties": {"id": "8J6J65GF+JV3R", "height": 3.704869747161865, "hmax": 0.0, "ratio": 0.0, "vulnClass": "none"}}, {"type": "Feature", "geometry": {"type": "MultiPolygon", "coordinates": [[[[72.17379566, 34.226227], [72.17373778, 34.22623089], [72.17376428, 34.22650264], [72.17386118, 34.22649612], [72.17385618, 34.22644484], [72.17399633, 34.22643542], [72.17399261, 34.22639725], [72.17381343, 34.2264093], [72.17379566, 34.226227]]]]}, "properties": {"id": "8J6J65GF+HG4C", "height": 2.577531337738037, "hmax": 0.0, "ratio": 0.0, "vulnClass": "none"}}, {"type": "Feature", "geometry": {"type": "MultiPolygon", "coordinates": [[[[72.17443219, 34.22373669], [72.1741291, 34.22372967], [72.17412664, 34.22380319], [72.17442972, 34.22381021], [72.17443219, 34.22373669]]]]}, "properties": {"id": "8J6J65FF+GP2Q", "height": 2.544785261154175, "hmax": 0.0, "ratio": 0.0, "vulnClass": "none"}}, {"type": "Feature", "geometry": {"type": "MultiPolygon", "coordinates": [[[[72.17755959, 34.22352694], [72.1775127, 34.22352398], [72.17749913, 34.22367242], [72.17765047, 34.22368197], [72.17765846, 34.22359462], [72.17762664, 34.22359261], [72.17762101, 34.22365424], [72.17754837, 34.22364966], [72.177554, 34.22358803], [72.17759525, 34.22359063], [72.17759893, 34.22355046], [72.17755767, 34.22354786], [72.17755959, 34.22352694]]]]}, "properties": {"id": "8J6J65FH+C2WC", "height": 2.718561410903931, "hmax": 0.0, "ratio": 0.0, "vulnClass": "none"}}, {"type": "Feature", "geometry": {"type": "MultiPolygon", "coordinates": [[[[72.1774262, 34.22460539], [72.17743174, 34.22453791], [72.17722008, 34.22452592], [72.17720142, 34.22475332], [72.17730571, 34.22475923], [72.17731883, 34.22459931], [72.1774262, 34.22460539]]]]}, "properties": {"id": "8J6J65FG+VW33", "height": 3.175865650177002, "hmax": 0.0, "ratio": 0.0, "vulnClass": "none"}}, {"type": "Feature", "geometry": {"type": "MultiPolygon", "coordinates": [[[[72.17776303, 34.22379601], [72.17751832, 34.2237684], [72.17750114, 34.22387344], [72.17774586, 34.22390105], [72.17776303, 34.22379601]]]]}, "properties": {"id": "8J6J65FH+G3J6", "height": 2.600916385650635, "hmax": 0.0, "ratio": 0.0, "vulnClass": "none"}}, {"type": "Feature", "geometry": {"type": "MultiPolygon", "coordinates": [[[[72.17963709, 34.22166231], [72.17958133, 34.22167717], [72.17961489, 34.22176408], [72.17967065, 34.22174923], [72.17963709, 34.22166231]]]]}, "properties": {"id": "8J6J65CH+MVJC", "height": 4.656123638153076, "hmax": 0.0, "ratio": 0.0, "vulnClass": "none"}}, {"type": "Feature", "geometry": {"type": "MultiPolygon", "coordinates": [[[[72.18092572, 34.22150371], [72.18090802, 34.22146719], [72.18072512, 34.22152837], [72.18074282, 34.22156489], [72.18092572, 34.22150371]]]]}, "properties": {"id": "8J6J65CJ+J84M", "height": 2.826998472213745, "hmax": 0.0, "ratio": 0.0, "vulnClass": "none"}}, {"type": "Feature", "geometry": {"type": "MultiPolygon", "coordinates": [[[[72.18081764, 34.2216109], [72.18080652, 34.22157905], [72.18076745, 34.22158847], [72.18077857, 34.22162031], [72.18081764, 34.2216109]]]]}, "properties": {"id": "8J6J65CJ+J8MV", "height": 3.84309196472168, "hmax": 0.0, "ratio": 0.0, "vulnClass": "none"}}, {"type": "Feature", "geometry": {"type": "MultiPolygon", "coordinates": [[[[72.18080703, 34.22165761], [72.18076795, 34.22167133], [72.18084928, 34.22183112], [72.18103094, 34.22176732], [72.18101339, 34.22173283], [72.1808708, 34.2217829], [72.18080703, 34.22165761]]]]}, "properties": {"id": "8J6J65CJ+P926", "height": 4.3691725730896, "hmax": 0.0, "ratio": 0.0, "vulnClass": "none"}}, {"type": "Feature", "geometry": {"type": "MultiPolygon", "coordinates": [[[[72.18084923, 34.22183097], [72.18077049, 34.22167578], [72.18060785, 34.22173272], [72.1806866, 34.22188791], [72.18084923, 34.22183097]]]]}, "properties": {"id": "8J6J65CJ+P797", "height": 4.552027225494385, "hmax": 0.0, "ratio": 0.0, "vulnClass": "none"}}, {"type": "Feature", "geometry": {"type": "MultiPolygon", "coordinates": [[[[72.18066653, 34.22158725], [72.18061951, 34.22154854], [72.18056172, 34.22159697], [72.18060874, 34.22163568], [72.18066653, 34.22158725]]]]}, "properties": {"id": "8J6J65CJ+J6QP", "height": 2.511956214904785, "hmax": 0.0, "ratio": 0.0, "vulnClass": "none"}}, {"type": "Feature", "geometry": {"type": "MultiPolygon", "coordinates": [[[[72.17986315, 34.22166359], [72.1798361, 34.22166484], [72.17983813, 34.22169524], [72.17986518, 34.221694], [72.17986315, 34.22166359]]]]}, "properties": {"id": "8J6J65CH+MWH2", "height": 3.276555061340332, "hmax": 0.0, "ratio": 0.0, "vulnClass": "none"}}, {"type": "Feature", "geometry": {"type": "MultiPolygon", "coordinates": [[[[72.17991619, 34.22160551], [72.17986832, 34.22160925], [72.17987142, 34.22163663], [72.17991932, 34.22163317], [72.17991619, 34.22160551]]]]}, "properties": {"id": "8J6J65CH+JXRW", "height": 3.482986927032471, "hmax": 0.0, "ratio": 0.0, "vulnClass": "none"}}, {"type": "Feature", "geometry": {"type": "MultiPolygon", "coordinates": [[[[72.17985873, 34.22165475], [72.17984738, 34.22161534], [72.17981023, 34.22162273], [72.17982158, 34.22166213], [72.17985873, 34.22165475]]]]}, "properties": {"id": "8J6J65CH+MW4G", "height": 3.877403736114502, "hmax": 0.0, "ratio": 0.0, "vulnClass": "none"}}, {"type": "Feature", "geometry": {"type": "MultiPolygon", "coordinates": [[[[72.18058549, 34.22208448], [72.18055808, 34.22205004], [72.18045463, 34.22210685], [72.18048204, 34.2221413], [72.18058549, 34.22208448]]]]}, "properties": {"id": "8J6J65CJ+R6JW", "height": 3.388803958892822, "hmax": 0.0, "ratio": 0.0, "vulnClass": "none"}}, {"type": "Feature", "geometry": {"type": "MultiPolygon", "coordinates": [[[[72.18055178, 34.22221589], [72.18064511, 34.22218775], [72.18062936, 34.22215171], [72.18053603, 34.22217985], [72.18055178, 34.22221589]]]]}, "properties": {"id": "8J6J65CJ+V6G9", "height": 4.626118659973145, "hmax": 0.0, "ratio": 0.0, "vulnClass": "none"}}, {"type": "Feature", "geometry": {"type": "MultiPolygon", "coordinates": [[[[72.18060936, 34.22256213], [72.1805565, 34.22257915], [72.18060552, 34.2226842], [72.18065838, 34.22266718], [72.18060936, 34.22256213]]]]}, "properties": {"id": "8J6J65FJ+26XV", "height": 2.607054948806763, "hmax": 0.0, "ratio": 0.0, "vulnClass": "none"}}, {"type": "Feature", "geometry": {"type": "MultiPolygon", "coordinates": [[[[72.18071327, 34.22247311], [72.18069471, 34.22243513], [72.18051416, 34.22249602], [72.18053272, 34.222534], [72.18071327, 34.22247311]]]]}, "properties": {"id": "8J6J65CJ+X6X8", "height": 3.192730665206909, "hmax": 0.0, "ratio": 0.0, "vulnClass": "none"}}, {"type": "Feature", "geometry": {"type": "MultiPolygon", "coordinates": [[[[72.18057093, 34.22236759], [72.18052295, 34.22226148], [72.18041699, 34.22229455], [72.18046497, 34.22240065], [72.18057093, 34.22236759]]]]}, "properties": {"id": "8J6J65CJ+W5Q9", "height": 3.621695041656494, "hmax": 0.0, "ratio": 0.0, "vulnClass": "none"}}, {"type": "Feature", "geometry": {"type": "MultiPolygon", "coordinates": [[[[72.18116694, 34.2224169], [72.18111973, 34.22231644], [72.18105664, 34.2223369], [72.18106825, 34.22236163], [72.18110724, 34.22234899], [72.18112421, 34.22238509], [72.18108564, 34.22239759], [72.18110426, 34.22243723], [72.18116694, 34.2224169]]]]}, "properties": {"id": "8J6J65CJ+XC54", "height": 3.768800258636475, "hmax": 0.0, "ratio": 0.0, "vulnClass": "none"}}, {"type": "Feature", "geometry": {"type": "MultiPolygon", "coordinates": [[[[72.1810012, 34.222425], [72.1810198, 34.2224646], [72.1811043, 34.2224372], [72.1810957, 34.222419], [72.1810652, 34.2224289], [72.1810551, 34.2224075], [72.1810012, 34.222425]]]]}, "properties": {"id": "8J6J65CJ+XCFG", "height": 3.302294731140137, "hmax": 0.0, "ratio": 0.0, "vulnClass": "none"}}, {"type": "Feature", "geometry": {"type": "MultiPolygon", "coordinates": [[[[72.18078084, 34.22245096], [72.18076291, 34.22241394], [72.18069917, 34.22243524], [72.1807171, 34.22247226], [72.18078084, 34.22245096]]]]}, "properties": {"id": "8J6J65CJ+X7HP", "height": 2.602215766906738, "hmax": 0.0, "ratio": 0.0, "vulnClass": "none"}}]}