{"type": "FeatureCollection", "features": [{"type": "Feature", "geometry": {"type": "MultiPolygon", "coordinates": [[[[71.75905814, 34.41304337], [71.75888559, 34.41305184], [71.75889136, 34.41313262], [71.75906391, 34.41312415], [71.75905814, 34.41304337]]]]}, "properties": {"id": "8J6HCQ75+6HQC", "height": 2.450135469436646, "hmax": 0.0, "ratio": 0.0, "vulnClass": "none"}}, {"type": "Feature", "geometry": {"type": "MultiPolygon", "coordinates": [[[[71.75858667, 34.41288299], [71.75848759, 34.41287322], [71.7584557, 34.41309529], [71.75871827, 34.41312118], [71.75872987, 34.4130404], [71.75856638, 34.41302428], [71.75858667, 34.41288299]]]]}, "properties": {"id": "8J6HCQ75+6C4R", "height": 3.139361381530762, "hmax": 0.0, "ratio": 0.0, "vulnClass": "none"}}, {"type": "Feature", "geometry": {"type": "MultiPolygon", "coordinates": [[[[71.75884618, 34.4133654], [71.75883611, 34.41326191], [71.7587968, 34.41326454], [71.75879927, 34.41328991], [71.75867952, 34.41329792], [71.75868712, 34.41337603], [71.75884618, 34.4133654]]]]}, "properties": {"id": "8J6HCQ75+8GJ4", "height": 2.845978975296021, "hmax": 0.0, "ratio": 0.0, "vulnClass": "none"}}, {"type": "Feature", "geometry": {"type": "MultiPolygon", "coordinates": [[[[71.75563793, 34.41269597], [71.7554289, 34.41259415], [71.75537972, 34.41266351], [71.75558874, 34.41276533], [71.75563793, 34.41269597]]]]}, "properties": {"id": "8J6HCQ74+36C3", "height": 4.021060466766357, "hmax": 0.0, "ratio": 0.0, "vulnClass": "none"}}, {"type": "Feature", "geometry": {"type": "MultiPolygon", "coordinates": [[[[71.7532478, 34.41325956], [71.7531543, 34.41322384], [71.75303271, 34.41344249], [71.7531262, 34.4134782], [71.7532478, 34.41325956]]]]}, "properties": {"id": "8J6HCQ73+87R3", "height": 3.714417457580566, "hmax": 0.0, "ratio": 0.0, "vulnClass": "none"}}, {"type": "Feature", "geometry": {"type": "MultiPolygon", "coordinates": [[[[71.75331622, 34.41358124], [71.75324916, 34.41355578], [71.75321876, 34.41361079], [71.75328581, 34.41363625], [71.75331622, 34.41358124]]]]}, "properties": {"id": "8J6HCQ73+C8JW", "height": 3.156402349472046, "hmax": 0.0, "ratio": 0.0, "vulnClass": "none"}}, {"type": "Feature", "geometry": {"type": "MultiPolygon", "coordinates": [[[[71.75335114, 34.41351939], [71.75327991, 34.413499], [71.75326658, 34.41353098], [71.75333781, 34.41355137], [71.75335114, 34.41351939]]]]}, "properties": {"id": "8J6HCQ73+C875", "height": 2.846877813339233, "hmax": 0.0, "ratio": 0.0, "vulnClass": "none"}}, {"type": "Feature", "geometry": {"type": "MultiPolygon", "coordinates": [[[[71.75328581, 34.41363625], [71.75315315, 34.41358588], [71.75312896, 34.41362964], [71.75326162, 34.41368001], [71.75328581, 34.41363625]]]]}, "properties": {"id": "8J6HCQ73+F748", "height": 4.2214035987854, "hmax": 0.0, "ratio": 0.0, "vulnClass": "none"}}, {"type": "Feature", "geometry": {"type": "MultiPolygon", "coordinates": [[[[71.7526468, 34.41745222], [71.75258344, 34.41744266], [71.75256742, 34.41751551], [71.75263078, 34.41752508], [71.7526468, 34.41745222]]]]}, "properties": {"id": "8J6HCQ83+X2X7", "height": 3.570355892181396, "hmax": 0.0, "ratio": 0.0, "vulnClass": "none"}}, {"type": "Feature", "geometry": {"type": "MultiPolygon", "coordinates": [[[[71.75304022, 34.41611431], [71.75298731, 34.41610642], [71.75296324, 34.41621733], [71.75301614, 34.41622521], [71.75304022, 34.41611431]]]]}, "properties": {"id": "8J6HCQ83+F66J", "height": 3.174716234207153, "hmax": 0.0, "ratio": 0.0, "vulnClass": "none"}}, {"type": "Feature", "geometry": {"type": "MultiPolygon", "coordinates": [[[[71.753029, 34.41627453], [71.75303004, 34.4162427], [71.75300411, 34.41624212], [71.75300307, 34.41627395], [71.753029, 34.41627453]]]]}, "properties": {"id": "8J6HCQ83+G628", "height": 3.237856388092041, "hmax": 0.0, "ratio": 0.0, "vulnClass": "none"}}, {"type": "Feature", "geometry": {"type": "MultiPolygon", "coordinates": [[[[71.75309206, 34.4162435], [71.7530414, 34.41624031], [71.75303797, 34.41627785], [71.75308863, 34.41628103], [71.75309206, 34.4162435]]]]}, "properties": {"id": "8J6HCQ83+G64C", "height": 3.237856388092041, "hmax": 0.0, "ratio": 0.0, "vulnClass": "none"}}, {"type": "Feature", "geometry": {"type": "MultiPolygon", "coordinates": [[[[71.75314637, 34.41627062], [71.75310219, 34.41626775], [71.75309966, 34.41629455], [71.75314384, 34.41629742], [71.75314637, 34.41627062]]]]}, "properties": {"id": "8J6HCQ83+G699", "height": 2.586276054382324, "hmax": 0.0, "ratio": 0.0, "vulnClass": "none"}}, {"type": "Feature", "geometry": {"type": "MultiPolygon", "coordinates": [[[[71.75668013, 34.42135315], [71.75664375, 34.42134701], [71.75663434, 34.42138527], [71.75667071, 34.42139142], [71.75668013, 34.42135315]]]]}, "properties": {"id": "8J6HCQC4+GMVJ", "height": 2.481288433074951, "hmax": 0.0, "ratio": 0.0, "vulnClass": "none"}}, {"type": "Feature", "geometry": {"type": "MultiPolygon", "coordinates": [[[[71.7564055, 34.42166818], [71.75624378, 34.42162627], [71.75621696, 34.42169737], [71.75637868, 34.42173927], [71.7564055, 34.42166818]]]]}, "properties": {"id": "8J6HCQC4+MGF9", "height": 3.965079069137573, "hmax": 0.0, "ratio": 0.0, "vulnClass": "none"}}, {"type": "Feature", "geometry": {"type": "MultiPolygon", "coordinates": [[[[71.7565115, 34.42168499], [71.75640009, 34.42165629], [71.75637335, 34.42172758], [71.75648476, 34.42175628], [71.7565115, 34.42168499]]]]}, "properties": {"id": "8J6HCQC4+MHP6", "height": 2.946624279022217, "hmax": 0.0, "ratio": 0.0, "vulnClass": "none"}}, {"type": "Feature", "geometry": {"type": "MultiPolygon", "coordinates": [[[[71.7570121, 34.42159919], [71.75696291, 34.42157028], [71.75689911, 34.42164481], [71.75694831, 34.42167373], [71.7570121, 34.42159919]]]]}, "properties": {"id": "8J6HCQC4+JQWW", "height": 2.691280841827393, "hmax": 0.0, "ratio": 0.0, "vulnClass": "none"}}, {"type": "Feature", "geometry": {"type": "MultiPolygon", "coordinates": [[[[71.75766189, 34.42147606], [71.75757388, 34.4214213], [71.75742657, 34.42158389], [71.75751458, 34.42163865], [71.75766189, 34.42147606]]]]}, "properties": {"id": "8J6HCQC5+J273", "height": 4.960493564605713, "hmax": 0.0, "ratio": 0.0, "vulnClass": "none"}}, {"type": "Feature", "geometry": {"type": "MultiPolygon", "coordinates": [[[[71.75477538, 34.41827268], [71.7547266, 34.41826343], [71.75470716, 34.41833381], [71.75488972, 34.41836844], [71.75490136, 34.41832629], [71.75476759, 34.41830092], [71.75477538, 34.41827268]]]]}, "properties": {"id": "8J6HCQ93+8WFV", "height": 2.607161283493042, "hmax": 0.0, "ratio": 0.0, "vulnClass": "none"}}, {"type": "Feature", "geometry": {"type": "MultiPolygon", "coordinates": [[[[71.75500005, 34.41834362], [71.75494352, 34.41833321], [71.75493207, 34.41837589], [71.7549886, 34.41838631], [71.75500005, 34.41834362]]]]}, "properties": {"id": "8J6HCQ93+8XW9", "height": 2.462372303009033, "hmax": 0.0, "ratio": 0.0, "vulnClass": "none"}}, {"type": "Feature", "geometry": {"type": "MultiPolygon", "coordinates": [[[[71.75494352, 34.41833321], [71.75490083, 34.41832535], [71.75488938, 34.41836803], [71.75493207, 34.41837589], [71.75494352, 34.41833321]]]]}, "properties": {"id": "8J6HCQ93+8XV3", "height": 2.607161283493042, "hmax": 0.0, "ratio": 0.0, "vulnClass": "none"}}, {"type": "Feature", "geometry": {"type": "MultiPolygon", "coordinates": [[[[71.75893114, 34.42132798], [71.75889439, 34.42121898], [71.75885442, 34.42122824], [71.75886521, 34.42126023], [71.75873897, 34.42128946], [71.75876494, 34.42136646], [71.75893114, 34.42132798]]]]}, "properties": {"id": "8J6HCQC5+GGG5", "height": 3.241370439529419, "hmax": 0.0, "ratio": 0.0, "vulnClass": "none"}}, {"type": "Feature", "geometry": {"type": "MultiPolygon", "coordinates": [[[[71.75875964, 34.42133591], [71.75870356, 34.42134911], [71.75871757, 34.42138998], [71.75877365, 34.42137677], [71.75875964, 34.42133591]]]]}, "properties": {"id": "8J6HCQC5+GFXG", "height": 4.244534969329834, "hmax": 0.0, "ratio": 0.0, "vulnClass": "none"}}, {"type": "Feature", "geometry": {"type": "MultiPolygon", "coordinates": [[[[71.75878696, 34.42156992], [71.75876046, 34.42156731], [71.75875654, 34.42159457], [71.75878304, 34.42159718], [71.75878696, 34.42156992]]]]}, "properties": {"id": "8J6HCQC5+JGJ8", "height": 3.473395347595215, "hmax": 0.0, "ratio": 0.0, "vulnClass": "none"}}, {"type": "Feature", "geometry": {"type": "MultiPolygon", "coordinates": [[[[71.75867287, 34.4216223], [71.7585014, 34.42162522], [71.7585034, 34.4217055], [71.75867487, 34.42170258], [71.75867287, 34.4216223]]]]}, "properties": {"id": "8J6HCQC5+MC8H", "height": 3.250799179077148, "hmax": 0.0, "ratio": 0.0, "vulnClass": "none"}}, {"type": "Feature", "geometry": {"type": "MultiPolygon", "coordinates": [[[[71.76093567, 34.42198511], [71.76074331, 34.42183739], [71.76067578, 34.42189777], [71.76086814, 34.4220455], [71.76093567, 34.42198511]]]]}, "properties": {"id": "8J6HCQC6+Q8FQ", "height": 2.52211856842041, "hmax": 0.0, "ratio": 0.0, "vulnClass": "none"}}, {"type": "Feature", "geometry": {"type": "MultiPolygon", "coordinates": [[[[71.76251576, 34.41986169], [71.76226112, 34.41977823], [71.76222715, 34.41984939], [71.76248179, 34.41993286], [71.76251576, 34.41986169]]]]}, "properties": {"id": "8J6HCQ96+WWX9", "height": 2.509886741638184, "hmax": 0.0, "ratio": 0.0, "vulnClass": "none"}}, {"type": "Feature", "geometry": {"type": "MultiPolygon", "coordinates": [[[[71.76241364, 34.4199035], [71.76235756, 34.41990098], [71.76235104, 34.42000055], [71.76240712, 34.42000306], [71.76241364, 34.4199035]]]]}, "properties": {"id": "8J6HCQ96+XXJ2", "height": 2.44614577293396, "hmax": 0.0, "ratio": 0.0, "vulnClass": "none"}}, {"type": "Feature", "geometry": {"type": "MultiPolygon", "coordinates": [[[[71.75835499, 34.41741895], [71.75821662, 34.41738813], [71.75820384, 34.41742755], [71.7583422, 34.41745837], [71.75835499, 34.41741895]]]]}, "properties": {"id": "8J6HCQ85+X86X", "height": 2.543865442276001, "hmax": 0.0, "ratio": 0.0, "vulnClass": "none"}}, {"type": "Feature", "geometry": {"type": "MultiPolygon", "coordinates": [[[[71.75869783, 34.41530652], [71.75865773, 34.41530689], [71.75865949, 34.41543748], [71.75890851, 34.41543517], [71.75890737, 34.41535122], [71.75869846, 34.41535316], [71.75869783, 34.41530652]]]]}, "properties": {"id": "8J6HCQ85+5G2H", "height": 2.544178009033203, "hmax": 0.0, "ratio": 0.0, "vulnClass": "none"}}, {"type": "Feature", "geometry": {"type": "MultiPolygon", "coordinates": [[[[71.75814814, 34.41505527], [71.75787767, 34.4150339], [71.75786841, 34.41511445], [71.75813887, 34.41513582], [71.75814814, 34.41505527]]]]}, "properties": {"id": "8J6HCQ85+26J7", "height": 2.968087196350098, "hmax": 0.0, "ratio": 0.0, "vulnClass": "none"}}, {"type": "Feature", "geometry": {"type": "MultiPolygon", "coordinates": [[[[71.75880892, 34.41414577], [71.75872103, 34.41414685], [71.7587223, 34.41421788], [71.75881019, 34.4142168], [71.75880892, 34.41414577]]]]}, "properties": {"id": "8J6HCQ75+MGC7", "height": 2.770259857177734, "hmax": 0.0, "ratio": 0.0, "vulnClass": "none"}}, {"type": "Feature", "geometry": {"type": "MultiPolygon", "coordinates": [[[[71.75875743, 34.41408618], [71.75871678, 34.41408627], [71.758717, 34.41415412], [71.75875765, 34.41415403], [71.75875743, 34.41408618]]]]}, "properties": {"id": "8J6HCQ75+JFXW", "height": 2.54426383972168, "hmax": 0.0, "ratio": 0.0, "vulnClass": "none"}}, {"type": "Feature", "geometry": {"type": "MultiPolygon", "coordinates": [[[[71.75903458, 34.41421405], [71.75903331, 34.41414302], [71.75880892, 34.41414577], [71.75881019, 34.4142168], [71.75903458, 34.41421405]]]]}, "properties": {"id": "8J6HCQ75+MHF3", "height": 2.824803590774536, "hmax": 0.0, "ratio": 0.0, "vulnClass": "none"}}, {"type": "Feature", "geometry": {"type": "MultiPolygon", "coordinates": [[[[71.76261937, 34.42224588], [71.76260827, 34.42215667], [71.7624308, 34.42217183], [71.76243582, 34.42221223], [71.76238726, 34.42221638], [71.76238223, 34.42217598], [71.76232222, 34.42218111], [71.76233332, 34.42227033], [71.76261937, 34.42224588]]]]}, "properties": {"id": "8J6HCQC6+VXQJ", "height": 2.523279666900635, "hmax": 0.0, "ratio": 0.0, "vulnClass": "none"}}, {"type": "Feature", "geometry": {"type": "MultiPolygon", "coordinates": [[[[71.75816086, 34.42233425], [71.75809345, 34.42222562], [71.7580413, 34.42224784], [71.75810871, 34.42235647], [71.75816086, 34.42233425]]]]}, "properties": {"id": "8J6HCQC5+W69J", "height": 2.532870292663574, "hmax": 0.0, "ratio": 0.0, "vulnClass": "none"}}, {"type": "Feature", "geometry": {"type": "MultiPolygon", "coordinates": [[[[71.75916271, 34.42423281], [71.75911256, 34.42422101], [71.75909712, 34.42426606], [71.75914727, 34.42427787], [71.75916271, 34.42423281]]]]}, "properties": {"id": "8J6HCQF5+MMRR", "height": 3.81917405128479, "hmax": 0.0, "ratio": 0.0, "vulnClass": "none"}}, {"type": "Feature", "geometry": {"type": "MultiPolygon", "coordinates": [[[[71.75624617, 34.42490855], [71.75620234, 34.4248635], [71.75615639, 34.4248942], [71.75620022, 34.42493925], [71.75624617, 34.42490855]]]]}, "properties": {"id": "8J6HCQF4+XF83", "height": 3.283980369567871, "hmax": 0.0, "ratio": 0.0, "vulnClass": "none"}}, {"type": "Feature", "geometry": {"type": "MultiPolygon", "coordinates": [[[[71.7561943, 34.42492593], [71.75596323, 34.42483839], [71.75592476, 34.42490813], [71.75615582, 34.42499567], [71.7561943, 34.42492593]]]]}, "properties": {"id": "8J6HCQF4+XC7Q", "height": 3.160553932189941, "hmax": 0.0, "ratio": 0.0, "vulnClass": "none"}}, {"type": "Feature", "geometry": {"type": "MultiPolygon", "coordinates": [[[[71.75639373, 34.42562996], [71.75644042, 34.42553739], [71.7563825, 34.42551733], [71.75633581, 34.42560991], [71.75639373, 34.42562996]]]]}, "properties": {"id": "8J6HCQG4+6HCV", "height": 2.92526912689209, "hmax": 0.0, "ratio": 0.0, "vulnClass": "none"}}, {"type": "Feature", "geometry": {"type": "MultiPolygon", "coordinates": [[[[71.7567629, 34.42530778], [71.75672513, 34.42531854], [71.75674478, 34.42536589], [71.75678255, 34.42535512], [71.7567629, 34.42530778]]]]}, "properties": {"id": "8J6HCQG4+4PJC", "height": 3.092217445373535, "hmax": 0.0, "ratio": 0.0, "vulnClass": "none"}}, {"type": "Feature", "geometry": {"type": "MultiPolygon", "coordinates": [[[[71.75679097, 34.42535526], [71.7567538, 34.42536897], [71.75678133, 34.42542024], [71.7568185, 34.42540653], [71.75679097, 34.42535526]]]]}, "properties": {"id": "8J6HCQG4+5P3C", "height": 3.360376358032227, "hmax": 0.0, "ratio": 0.0, "vulnClass": "none"}}, {"type": "Feature", "geometry": {"type": "MultiPolygon", "coordinates": [[[[71.75637487, 34.42579012], [71.75626914, 34.42574784], [71.75624428, 34.42579051], [71.75635002, 34.4258328], [71.75637487, 34.42579012]]]]}, "properties": {"id": "8J6HCQG4+8G7Q", "height": 3.258087396621704, "hmax": 0.0, "ratio": 0.0, "vulnClass": "none"}}, {"type": "Feature", "geometry": {"type": "MultiPolygon", "coordinates": [[[[71.75553609, 34.42574682], [71.75552638, 34.42571703], [71.75546491, 34.42573079], [71.75547462, 34.42576058], [71.75553609, 34.42574682]]]]}, "properties": {"id": "8J6HCQG4+76RC", "height": 3.978930950164795, "hmax": 0.0, "ratio": 0.0, "vulnClass": "none"}}, {"type": "Feature", "geometry": {"type": "MultiPolygon", "coordinates": [[[[71.75539856, 34.42566541], [71.75537852, 34.42566546], [71.75537879, 34.42573901], [71.75542499, 34.42573889], [71.75542479, 34.42568202], [71.75539863, 34.42568208], [71.75539856, 34.42566541]]]]}, "properties": {"id": "8J6HCQG4+75J9", "height": 6.536393165588379, "hmax": 0.0, "ratio": 0.0, "vulnClass": "none"}}, {"type": "Feature", "geometry": {"type": "MultiPolygon", "coordinates": [[[[71.75565184, 34.42572092], [71.75571066, 34.42560166], [71.7556472, 34.42561586], [71.75566198, 34.42566122], [71.75563335, 34.42566763], [71.75562519, 34.42564258], [71.75551048, 34.42566825], [71.75553609, 34.42574682], [71.75565184, 34.42572092]]]]}, "properties": {"id": "8J6HCQG4+76H7", "height": 4.560525417327881, "hmax": 0.0, "ratio": 0.0, "vulnClass": "none"}}, {"type": "Feature", "geometry": {"type": "MultiPolygon", "coordinates": [[[[71.75568969, 34.42552955], [71.7556175, 34.42552542], [71.75561679, 34.42553398], [71.75568897, 34.42553811], [71.75568969, 34.42552955]]]]}, "properties": {"id": "8J6HCQG4+6769", "height": 2.444133043289185, "hmax": 0.0, "ratio": 0.0, "vulnClass": "none"}}, {"type": "Feature", "geometry": {"type": "MultiPolygon", "coordinates": [[[[71.75576346, 34.42540375], [71.75572118, 34.4253963], [71.75571171, 34.42543316], [71.75575399, 34.42544062], [71.75576346, 34.42540375]]]]}, "properties": {"id": "8J6HCQG4+579P", "height": 3.251818895339966, "hmax": 0.0, "ratio": 0.0, "vulnClass": "none"}}, {"type": "Feature", "geometry": {"type": "MultiPolygon", "coordinates": [[[[71.75560189, 34.42537249], [71.75555356, 34.42536251], [71.75554379, 34.42539499], [71.75559212, 34.42540497], [71.75560189, 34.42537249]]]]}, "properties": {"id": "8J6HCQG4+5647", "height": 3.045663833618164, "hmax": 0.0, "ratio": 0.0, "vulnClass": "none"}}, {"type": "Feature", "geometry": {"type": "MultiPolygon", "coordinates": [[[[71.75543909, 34.42532373], [71.75538781, 34.42531653], [71.75538309, 34.42533964], [71.75543436, 34.42534684], [71.75543909, 34.42532373]]]]}, "properties": {"id": "8J6HCQG4+45M6", "height": 3.607720613479614, "hmax": 0.0, "ratio": 0.0, "vulnClass": "none"}}, {"type": "Feature", "geometry": {"type": "MultiPolygon", "coordinates": [[[[71.75548495, 34.42537961], [71.75544929, 34.42537225], [71.75544232, 34.42539543], [71.75547798, 34.42540279], [71.75548495, 34.42537961]]]]}, "properties": {"id": "8J6HCQG4+554H", "height": 3.431248426437378, "hmax": 0.0, "ratio": 0.0, "vulnClass": "none"}}, {"type": "Feature", "geometry": {"type": "MultiPolygon", "coordinates": [[[[71.75550214, 34.42547733], [71.75542773, 34.42547308], [71.75542358, 34.42552293], [71.75549798, 34.42552719], [71.75550214, 34.42547733]]]]}, "properties": {"id": "8J6HCQG4+6545", "height": 4.110156059265137, "hmax": 0.0, "ratio": 0.0, "vulnClass": "none"}}, {"type": "Feature", "geometry": {"type": "MultiPolygon", "coordinates": [[[[71.75562095, 34.42548413], [71.75550214, 34.42547733], [71.7554987, 34.42551862], [71.7556175, 34.42552542], [71.75562095, 34.42548413]]]]}, "properties": {"id": "8J6HCQG4+6635", "height": 4.110156059265137, "hmax": 0.0, "ratio": 0.0, "vulnClass": "none"}}, {"type": "Feature", "geometry": {"type": "MultiPolygon", "coordinates": [[[[71.75539033, 34.4254546], [71.75530654, 34.42543159], [71.75529296, 34.42546554], [71.75537675, 34.42548855], [71.75539033, 34.4254546]]]]}, "properties": {"id": "8J6HCQG4+54PH", "height": 3.362958431243896, "hmax": 0.0, "ratio": 0.0, "vulnClass": "none"}}, {"type": "Feature", "geometry": {"type": "MultiPolygon", "coordinates": [[[[71.75506674, 34.4254433], [71.75505786, 34.42536758], [71.75501206, 34.42537127], [71.75501465, 34.4253933], [71.75492734, 34.42540034], [71.75493364, 34.42545402], [71.75506674, 34.4254433]]]]}, "properties": {"id": "8J6HCQG4+526J", "height": 4.191427707672119, "hmax": 0.0, "ratio": 0.0, "vulnClass": "none"}}, {"type": "Feature", "geometry": {"type": "MultiPolygon", "coordinates": [[[[71.75518122, 34.42542969], [71.75505159, 34.42542816], [71.75505093, 34.4254665], [71.75518056, 34.42546803], [71.75518122, 34.42542969]]]]}, "properties": {"id": "8J6HCQG4+52HW", "height": 4.125811100006104, "hmax": 0.0, "ratio": 0.0, "vulnClass": "none"}}, {"type": "Feature", "geometry": {"type": "MultiPolygon", "coordinates": [[[[71.75536506, 34.42568389], [71.75530946, 34.42569105], [71.7553211, 34.42575306], [71.7553767, 34.4257459], [71.75536506, 34.42568389]]]]}, "properties": {"id": "8J6HCQG4+74PQ", "height": 6.500800132751465, "hmax": 0.0, "ratio": 0.0, "vulnClass": "none"}}, {"type": "Feature", "geometry": {"type": "MultiPolygon", "coordinates": [[[[71.75505976, 34.42572927], [71.75505852, 34.42569163], [71.75499209, 34.42569313], [71.75499333, 34.42573076], [71.75505976, 34.42572927]]]]}, "properties": {"id": "8J6HCQG4+72JH", "height": 2.882847309112549, "hmax": 0.0, "ratio": 0.0, "vulnClass": "none"}}, {"type": "Feature", "geometry": {"type": "MultiPolygon", "coordinates": [[[[71.755036, 34.42573291], [71.75492395, 34.42573899], [71.75492677, 34.42577467], [71.75503882, 34.4257686], [71.755036, 34.42573291]]]]}, "properties": {"id": "8J6HCQG3+8X53", "height": 2.470264196395874, "hmax": 0.0, "ratio": 0.0, "vulnClass": "none"}}, {"type": "Feature", "geometry": {"type": "MultiPolygon", "coordinates": [[[[71.75490732, 34.42575242], [71.75485771, 34.4257462], [71.75483746, 34.42585701], [71.75491906, 34.42586725], [71.75492283, 34.42584662], [71.75489083, 34.4258426], [71.75490732, 34.42575242]]]]}, "properties": {"id": "8J6HCQG3+8XCC", "height": 3.732547760009766, "hmax": 0.0, "ratio": 0.0, "vulnClass": "none"}}, {"type": "Feature", "geometry": {"type": "MultiPolygon", "coordinates": [[[[71.75472686, 34.42581702], [71.75471953, 34.42572794], [71.75466578, 34.42573097], [71.7546731, 34.42582006], [71.75472686, 34.42581702]]]]}, "properties": {"id": "8J6HCQG3+8V4V", "height": 3.515675783157349, "hmax": 0.0, "ratio": 0.0, "vulnClass": "none"}}, {"type": "Feature", "geometry": {"type": "MultiPolygon", "coordinates": [[[[71.75471672, 34.42569376], [71.75466294, 34.42569645], [71.75466578, 34.42573097], [71.75471953, 34.42572794], [71.75471672, 34.42569376]]]]}, "properties": {"id": "8J6HCQG3+7VPC", "height": 3.240032196044922, "hmax": 0.0, "ratio": 0.0, "vulnClass": "none"}}, {"type": "Feature", "geometry": {"type": "MultiPolygon", "coordinates": [[[[71.75475437, 34.42567677], [71.75472188, 34.42567604], [71.75472095, 34.42570471], [71.75475344, 34.42570543], [71.75475437, 34.42567677]]]]}, "properties": {"id": "8J6HCQG3+7VHP", "height": 4.114856719970703, "hmax": 0.0, "ratio": 0.0, "vulnClass": "none"}}, {"type": "Feature", "geometry": {"type": "MultiPolygon", "coordinates": [[[[71.75490797, 34.42566424], [71.75486681, 34.42566772], [71.75487601, 34.42574242], [71.75499008, 34.42573277], [71.75498485, 34.42569032], [71.75491194, 34.42569648], [71.75490797, 34.42566424]]]]}, "properties": {"id": "8J6HCQG3+7XM7", "height": 3.564919233322144, "hmax": 0.0, "ratio": 0.0, "vulnClass": "none"}}, {"type": "Feature", "geometry": {"type": "MultiPolygon", "coordinates": [[[[71.75487003, 34.42571075], [71.754874, 34.4256083], [71.75478498, 34.42560593], [71.75478101, 34.42570838], [71.75487003, 34.42571075]]]]}, "properties": {"id": "8J6HCQG3+7W87", "height": 5.105029106140137, "hmax": 0.0, "ratio": 0.0, "vulnClass": "none"}}, {"type": "Feature", "geometry": {"type": "MultiPolygon", "coordinates": [[[[71.75473821, 34.42567187], [71.75472781, 34.42561823], [71.75469017, 34.42562324], [71.75470057, 34.42567688], [71.75473821, 34.42567187]]]]}, "properties": {"id": "8J6HCQG3+7V4X", "height": 4.335862636566162, "hmax": 0.0, "ratio": 0.0, "vulnClass": "none"}}, {"type": "Feature", "geometry": {"type": "MultiPolygon", "coordinates": [[[[71.75465142, 34.4255439], [71.7545919, 34.42554452], [71.7545928, 34.42560404], [71.7546801, 34.42560313], [71.75467968, 34.42557574], [71.7546519, 34.42557603], [71.75465142, 34.4255439]]]]}, "properties": {"id": "8J6HCQG3+6VJ2", "height": 2.932989835739136, "hmax": 0.0, "ratio": 0.0, "vulnClass": "none"}}, {"type": "Feature", "geometry": {"type": "MultiPolygon", "coordinates": [[[[71.7539575, 34.425727], [71.7539578, 34.4257754], [71.7540798, 34.4257749], [71.7540795, 34.4257265], [71.7539575, 34.425727]]]]}, "properties": {"id": "8J6HCQG3+8J24", "height": 5.21593713760376, "hmax": 0.0, "ratio": 0.0, "vulnClass": "none"}}, {"type": "Feature", "geometry": {"type": "MultiPolygon", "coordinates": [[[[71.75405204, 34.42567176], [71.75403248, 34.42567176], [71.75403249, 34.42570714], [71.75405205, 34.42570713], [71.75405204, 34.42567176]]]]}, "properties": {"id": "8J6HCQG3+7JFF", "height": 5.162978649139404, "hmax": 0.0, "ratio": 0.0, "vulnClass": "none"}}, {"type": "Feature", "geometry": {"type": "MultiPolygon", "coordinates": [[[[71.75411168, 34.42564044], [71.75405307, 34.42564593], [71.75406363, 34.42572336], [71.75412224, 34.42571787], [71.75411168, 34.42564044]]]]}, "properties": {"id": "8J6HCQG3+7JG9", "height": 4.504230499267578, "hmax": 0.0, "ratio": 0.0, "vulnClass": "none"}}, {"type": "Feature", "geometry": {"type": "MultiPolygon", "coordinates": [[[[71.75404145, 34.4256418], [71.7539989, 34.42564969], [71.75400737, 34.42568105], [71.75404993, 34.42567315], [71.75404145, 34.4256418]]]]}, "properties": {"id": "8J6HCQG3+7J6H", "height": 5.504747867584229, "hmax": 0.0, "ratio": 0.0, "vulnClass": "none"}}, {"type": "Feature", "geometry": {"type": "MultiPolygon", "coordinates": [[[[71.75422274, 34.42563732], [71.75422248, 34.4255957], [71.75402006, 34.42559658], [71.75402032, 34.4256382], [71.75422274, 34.42563732]]]]}, "properties": {"id": "8J6HCQG3+6JXQ", "height": 5.248133659362793, "hmax": 0.0, "ratio": 0.0, "vulnClass": "none"}}, {"type": "Feature", "geometry": {"type": "MultiPolygon", "coordinates": [[[[71.75402006, 34.42559658], [71.75395666, 34.42559686], [71.75395692, 34.42563848], [71.75402032, 34.4256382], [71.75402006, 34.42559658]]]]}, "properties": {"id": "8J6HCQG3+6HXP", "height": 5.504747867584229, "hmax": 0.0, "ratio": 0.0, "vulnClass": "none"}}, {"type": "Feature", "geometry": {"type": "MultiPolygon", "coordinates": [[[[71.75452084, 34.42557718], [71.75438481, 34.42553273], [71.75436626, 34.42557171], [71.75450228, 34.42561616], [71.75452084, 34.42557718]]]]}, "properties": {"id": "8J6HCQG3+6QGR", "height": 4.85149097442627, "hmax": 0.0, "ratio": 0.0, "vulnClass": "none"}}, {"type": "Feature", "geometry": {"type": "MultiPolygon", "coordinates": [[[[71.75426263, 34.42542852], [71.75420573, 34.42542808], [71.75420482, 34.42550844], [71.75426173, 34.42550888], [71.75426263, 34.42542852]]]]}, "properties": {"id": "8J6HCQG3+5MQM", "height": 3.321507692337036, "hmax": 0.0, "ratio": 0.0, "vulnClass": "none"}}, {"type": "Feature", "geometry": {"type": "MultiPolygon", "coordinates": [[[[71.75401894, 34.42541968], [71.75395554, 34.42541996], [71.75395666, 34.42559686], [71.75402006, 34.42559658], [71.75401894, 34.42541968]]]]}, "properties": {"id": "8J6HCQG3+6H58", "height": 5.969912528991699, "hmax": 0.0, "ratio": 0.0, "vulnClass": "none"}}, {"type": "Feature", "geometry": {"type": "MultiPolygon", "coordinates": [[[[71.75405041, 34.42542688], [71.75405002, 34.42546117], [71.75420534, 34.42546237], [71.75420573, 34.42542808], [71.75405041, 34.42542688]]]]}, "properties": {"id": "8J6HCQG3+5MCJ", "height": 4.059365749359131, "hmax": 0.0, "ratio": 0.0, "vulnClass": "none"}}, {"type": "Feature", "geometry": {"type": "MultiPolygon", "coordinates": [[[[71.75414785, 34.42529882], [71.75406211, 34.42529538], [71.7540597, 34.42533651], [71.75414544, 34.42533995], [71.75414785, 34.42529882]]]]}, "properties": {"id": "8J6HCQG3+4JHM", "height": 4.996961116790771, "hmax": 0.001, "ratio": 0.0, "vulnClass": "none"}}, {"type": "Feature", "geometry": {"type": "MultiPolygon", "coordinates": [[[[71.7546016, 34.42535493], [71.75434452, 34.42530854], [71.75432329, 34.42538935], [71.75458036, 34.42543574], [71.7546016, 34.42535493]]]]}, "properties": {"id": "8J6HCQG3+4QWX", "height": 6.020181655883789, "hmax": 0.0, "ratio": 0.0, "vulnClass": "none"}}, {"type": "Feature", "geometry": {"type": "MultiPolygon", "coordinates": [[[[71.75487745, 34.42545855], [71.75486856, 34.42538284], [71.75481098, 34.42538748], [71.75481357, 34.42540951], [71.7546101, 34.42542591], [71.754621, 34.42551872], [71.75482446, 34.42550232], [71.75481987, 34.4254632], [71.75487745, 34.42545855]]]]}, "properties": {"id": "8J6HCQG3+5VQ8", "height": 4.926167011260986, "hmax": 0.0, "ratio": 0.0, "vulnClass": "none"}}, {"type": "Feature", "geometry": {"type": "MultiPolygon", "coordinates": [[[[71.75484514, 34.42554199], [71.75477009, 34.42554063], [71.75476885, 34.42558725], [71.75497797, 34.42559106], [71.75498024, 34.42550544], [71.75484617, 34.425503], [71.75484514, 34.42554199]]]]}, "properties": {"id": "8J6HCQG3+6XC3", "height": 4.786423206329346, "hmax": 0.0, "ratio": 0.0, "vulnClass": "none"}}, {"type": "Feature", "geometry": {"type": "MultiPolygon", "coordinates": [[[[71.75474349, 34.425311], [71.75467995, 34.42531584], [71.7546854, 34.4253649], [71.75474893, 34.42536005], [71.75474349, 34.425311]]]]}, "properties": {"id": "8J6HCQG3+4VPH", "height": 4.634670257568359, "hmax": 0.0, "ratio": 0.0, "vulnClass": "none"}}, {"type": "Feature", "geometry": {"type": "MultiPolygon", "coordinates": [[[[71.75495121, 34.42530397], [71.75480258, 34.42531595], [71.75480885, 34.42536932], [71.75486643, 34.42536468], [71.75487115, 34.42540487], [71.75496219, 34.42539753], [71.75495121, 34.42530397]]]]}, "properties": {"id": "8J6HCQG3+4XR4", "height": 3.803775310516357, "hmax": 0.0, "ratio": 0.0, "vulnClass": "none"}}, {"type": "Feature", "geometry": {"type": "MultiPolygon", "coordinates": [[[[71.75487591, 34.42519145], [71.75482667, 34.42518737], [71.75482148, 34.42523041], [71.75487072, 34.42523449], [71.75487591, 34.42519145]]]]}, "properties": {"id": "8J6HCQG3+3WQC", "height": 4.544488906860352, "hmax": 0.0, "ratio": 0.0, "vulnClass": "none"}}, {"type": "Feature", "geometry": {"type": "MultiPolygon", "coordinates": [[[[71.75461323, 34.42510996], [71.75454447, 34.42506048], [71.75449429, 34.42510837], [71.75453054, 34.42513445], [71.75450915, 34.42515487], [71.75454166, 34.42517826], [71.75461323, 34.42510996]]]]}, "properties": {"id": "8J6HCQG3+2RVP", "height": 3.644920587539673, "hmax": 0.0, "ratio": 0.0, "vulnClass": "none"}}, {"type": "Feature", "geometry": {"type": "MultiPolygon", "coordinates": [[[[71.75464825, 34.42521653], [71.75461422, 34.42520917], [71.7546026, 34.42524609], [71.75463663, 34.42525345], [71.75464825, 34.42521653]]]]}, "properties": {"id": "8J6HCQG3+3VR6", "height": 6.127523422241211, "hmax": 0.0, "ratio": 0.0, "vulnClass": "none"}}, {"type": "Feature", "geometry": {"type": "MultiPolygon", "coordinates": [[[[71.75421466, 34.42529891], [71.75422156, 34.42520086], [71.75418739, 34.4251992], [71.75418049, 34.42529726], [71.75421466, 34.42529891]]]]}, "properties": {"id": "8J6HCQG3+3MWV", "height": 4.54457950592041, "hmax": 0.0, "ratio": 0.0, "vulnClass": "none"}}, {"type": "Feature", "geometry": {"type": "MultiPolygon", "coordinates": [[[[71.75404166, 34.42518908], [71.75399557, 34.42518745], [71.75398797, 34.42533476], [71.75405982, 34.42533731], [71.75406197, 34.42529555], [71.75403621, 34.42529463], [71.75404166, 34.42518908]]]]}, "properties": {"id": "8J6HCQG3+4J2P", "height": 4.996961116790771, "hmax": 0.001, "ratio": 0.0, "vulnClass": "none"}}, {"type": "Feature", "geometry": {"type": "MultiPolygon", "coordinates": [[[[71.75404407, 34.42514224], [71.75395847, 34.42513921], [71.75395605, 34.42518605], [71.75404166, 34.42518908], [71.75404407, 34.42514224]]]]}, "properties": {"id": "8J6HCQG3+3J6C", "height": 3.686349391937256, "hmax": 0.001, "ratio": 0.0, "vulnClass": "none"}}, {"type": "Feature", "geometry": {"type": "MultiPolygon", "coordinates": [[[[71.75429665, 34.42522198], [71.75433773, 34.4251011], [71.75428351, 34.42508845], [71.75424242, 34.42520933], [71.75429665, 34.42522198]]]]}, "properties": {"id": "8J6HCQG3+3P77", "height": 4.589561939239502, "hmax": 0.0, "ratio": 0.0, "vulnClass": "none"}}, {"type": "Feature", "geometry": {"type": "MultiPolygon", "coordinates": [[[[71.75422153, 34.42520116], [71.75422727, 34.42511844], [71.75416073, 34.42511527], [71.75415499, 34.42519799], [71.75422153, 34.42520116]]]]}, "properties": {"id": "8J6HCQG3+3M86", "height": 5.193390369415283, "hmax": 0.0, "ratio": 0.0, "vulnClass": "none"}}, {"type": "Feature", "geometry": {"type": "MultiPolygon", "coordinates": [[[[71.75447053, 34.42502614], [71.75438046, 34.42499508], [71.75436091, 34.42503401], [71.75445098, 34.42506507], [71.75447053, 34.42502614]]]]}, "properties": {"id": "8J6HCQG3+2Q77", "height": 4.066076278686523, "hmax": 0.0, "ratio": 0.0, "vulnClass": "none"}}, {"type": "Feature", "geometry": {"type": "MultiPolygon", "coordinates": [[[[71.75434119, 34.42509093], [71.75437433, 34.42499341], [71.7543201, 34.42498076], [71.75428696, 34.42507828], [71.75434119, 34.42509093]]]]}, "properties": {"id": "8J6HCQG3+2P8G", "height": 5.289092063903809, "hmax": 0.0, "ratio": 0.0, "vulnClass": "none"}}, {"type": "Feature", "geometry": {"type": "MultiPolygon", "coordinates": [[[[71.75431421, 34.4249981], [71.7542229, 34.42497679], [71.75419565, 34.42505697], [71.75423803, 34.42506686], [71.75422076, 34.42511768], [71.75426969, 34.4251291], [71.75431421, 34.4249981]]]]}, "properties": {"id": "8J6HCQG3+2P6R", "height": 6.870439529418945, "hmax": 0.0, "ratio": 0.0, "vulnClass": "none"}}, {"type": "Feature", "geometry": {"type": "MultiPolygon", "coordinates": [[[[71.75416369, 34.42495402], [71.75406969, 34.42494628], [71.754049, 34.4251186], [71.754143, 34.42512634], [71.75416369, 34.42495402]]]]}, "properties": {"id": "8J6HCQG3+2J9F", "height": 4.948378562927246, "hmax": 0.001, "ratio": 0.0, "vulnClass": "none"}}, {"type": "Feature", "geometry": {"type": "MultiPolygon", "coordinates": [[[[71.7544541, 34.42489947], [71.75442093, 34.42486361], [71.75438131, 34.42488877], [71.75441447, 34.42492463], [71.7544541, 34.42489947]]]]}, "properties": {"id": "8J6HCQF3+XQ3M", "height": 3.752539873123169, "hmax": 0.0, "ratio": 0.0, "vulnClass": "none"}}, {"type": "Feature", "geometry": {"type": "MultiPolygon", "coordinates": [[[[71.7545655, 34.4248381], [71.75450896, 34.42483484], [71.75450459, 34.42488692], [71.75456113, 34.42489017], [71.7545655, 34.4248381]]]]}, "properties": {"id": "8J6HCQF3+WRVC", "height": 3.018977880477905, "hmax": 0.0, "ratio": 0.0, "vulnClass": "none"}}, {"type": "Feature", "geometry": {"type": "MultiPolygon", "coordinates": [[[[71.75472085, 34.42482516], [71.75462497, 34.42481807], [71.75462047, 34.42485984], [71.75468365, 34.42486451], [71.75468102, 34.42488889], [71.75471373, 34.42489131], [71.75472085, 34.42482516]]]]}, "properties": {"id": "8J6HCQF3+WVMW", "height": 4.222919464111328, "hmax": 0.0, "ratio": 0.0, "vulnClass": "none"}}, {"type": "Feature", "geometry": {"type": "MultiPolygon", "coordinates": [[[[71.75449187, 34.42494553], [71.75445992, 34.4249869], [71.75465138, 34.42508842], [71.75468333, 34.42504705], [71.75449187, 34.42494553]]]]}, "properties": {"id": "8J6HCQG3+2R4M", "height": 4.990524291992188, "hmax": 0.0, "ratio": 0.0, "vulnClass": "none"}}, {"type": "Feature", "geometry": {"type": "MultiPolygon", "coordinates": [[[[71.75450083, 34.4250632], [71.75449598, 34.42504017], [71.75446817, 34.4250442], [71.75447302, 34.42506722], [71.75450083, 34.4250632]]]]}, "properties": {"id": "8J6HCQG3+2QH4", "height": 3.263279438018799, "hmax": 0.0, "ratio": 0.0, "vulnClass": "none"}}, {"type": "Feature", "geometry": {"type": "MultiPolygon", "coordinates": [[[[71.75483762, 34.42497081], [71.75477922, 34.42495995], [71.75475092, 34.4250645], [71.75480932, 34.42507535], [71.75483762, 34.42497081]]]]}, "properties": {"id": "8J6HCQG3+2W3M", "height": 4.84981107711792, "hmax": 0.0, "ratio": 0.0, "vulnClass": "none"}}, {"type": "Feature", "geometry": {"type": "MultiPolygon", "coordinates": [[[[71.75471611, 34.42498763], [71.75468736, 34.42498482], [71.75468254, 34.42501868], [71.75471129, 34.42502149], [71.75471611, 34.42498763]]]]}, "properties": {"id": "8J6HCQG3+2V43", "height": 4.092430114746094, "hmax": 0.0, "ratio": 0.0, "vulnClass": "none"}}, {"type": "Feature", "geometry": {"type": "MultiPolygon", "coordinates": [[[[71.75498711, 34.42492289], [71.7548658, 34.4248999], [71.7548458, 34.42497238], [71.75496711, 34.42499537], [71.75498711, 34.42492289]]]]}, "properties": {"id": "8J6HCQF3+XXFV", "height": 4.936954498291016, "hmax": 0.0, "ratio": 0.0, "vulnClass": "none"}}, {"type": "Feature", "geometry": {"type": "MultiPolygon", "coordinates": [[[[71.75484865, 34.42493008], [71.75479025, 34.42491923], [71.75477922, 34.42495995], [71.75483762, 34.42497081], [71.75484865, 34.42493008]]]]}, "properties": {"id": "8J6HCQF3+XWGR", "height": 5.146063804626465, "hmax": 0.0, "ratio": 0.0, "vulnClass": "none"}}, {"type": "Feature", "geometry": {"type": "MultiPolygon", "coordinates": [[[[71.7547387, 34.42495764], [71.75476635, 34.4248689], [71.75473948, 34.42486315], [71.75472615, 34.42490594], [71.7547022, 34.42490081], [71.75468788, 34.42494676], [71.7547387, 34.42495764]]]]}, "properties": {"id": "8J6HCQF3+XV9M", "height": 5.460396289825439, "hmax": 0.0, "ratio": 0.0, "vulnClass": "none"}}, {"type": "Feature", "geometry": {"type": "MultiPolygon", "coordinates": [[[[71.75489679, 34.42482687], [71.75484239, 34.42481115], [71.75479861, 34.42491519], [71.75485301, 34.42493091], [71.75489679, 34.42482687]]]]}, "properties": {"id": "8J6HCQF3+WWXR", "height": 4.999012470245361, "hmax": 0.0, "ratio": 0.0, "vulnClass": "none"}}, {"type": "Feature", "geometry": {"type": "MultiPolygon", "coordinates": [[[[71.75516451, 34.42487954], [71.75509175, 34.42488118], [71.75509277, 34.42491241], [71.75516553, 34.42491077], [71.75516451, 34.42487954]]]]}, "properties": {"id": "8J6HCQF4+X32R", "height": 4.007616996765137, "hmax": 0.0, "ratio": 0.0, "vulnClass": "none"}}, {"type": "Feature", "geometry": {"type": "MultiPolygon", "coordinates": [[[[71.75543154, 34.42484577], [71.75537393, 34.42484206], [71.75537, 34.4248839], [71.75542762, 34.42488761], [71.75543154, 34.42484577]]]]}, "properties": {"id": "8J6HCQF4+W5RH", "height": 3.791438102722168, "hmax": 0.0, "ratio": 0.0, "vulnClass": "none"}}, {"type": "Feature", "geometry": {"type": "MultiPolygon", "coordinates": [[[[71.75531186, 34.42488015], [71.75527296, 34.42487764], [71.75526881, 34.42492183], [71.75530772, 34.42492434], [71.75531186, 34.42488015]]]]}, "properties": {"id": "8J6HCQF4+X473", "height": 4.271039009094238, "hmax": 0.0, "ratio": 0.0, "vulnClass": "none"}}, {"type": "Feature", "geometry": {"type": "MultiPolygon", "coordinates": [[[[71.75527128, 34.42486884], [71.75519892, 34.42487368], [71.75520412, 34.42492705], [71.75527648, 34.42492221], [71.75527128, 34.42486884]]]]}, "properties": {"id": "8J6HCQF4+X35W", "height": 4.271039009094238, "hmax": 0.0, "ratio": 0.0, "vulnClass": "none"}}, {"type": "Feature", "geometry": {"type": "MultiPolygon", "coordinates": [[[[71.75537849, 34.42500138], [71.75534648, 34.42500119], [71.75534621, 34.42503125], [71.75537822, 34.42503145], [71.75537849, 34.42500138]]]]}, "properties": {"id": "8J6HCQG4+245P", "height": 4.875056266784668, "hmax": 0.0, "ratio": 0.0, "vulnClass": "none"}}, {"type": "Feature", "geometry": {"type": "MultiPolygon", "coordinates": [[[[71.75512455, 34.42502053], [71.75503454, 34.42501952], [71.75503353, 34.42508076], [71.75512354, 34.42508178], [71.75512455, 34.42502053]]]]}, "properties": {"id": "8J6HCQG4+22G4", "height": 3.240869998931885, "hmax": 0.0, "ratio": 0.0, "vulnClass": "none"}}, {"type": "Feature", "geometry": {"type": "MultiPolygon", "coordinates": [[[[71.75507603, 34.42495952], [71.75502485, 34.42495874], [71.75502387, 34.42500344], [71.75507505, 34.42500421], [71.75507603, 34.42495952]]]]}, "properties": {"id": "8J6HCQF4+X2V8", "height": 4.822659015655518, "hmax": 0.0, "ratio": 0.0, "vulnClass": "none"}}, {"type": "Feature", "geometry": {"type": "MultiPolygon", "coordinates": [[[[71.7553794, 34.425263], [71.75536617, 34.4253088], [71.75565392, 34.4253659], [71.75566716, 34.42532011], [71.7553794, 34.425263]]]]}, "properties": {"id": "8J6HCQG4+46CG", "height": 3.848007917404175, "hmax": 0.0, "ratio": 0.0, "vulnClass": "none"}}, {"type": "Feature", "geometry": {"type": "MultiPolygon", "coordinates": [[[[71.75521772, 34.42505964], [71.75516663, 34.42505246], [71.75515189, 34.42512445], [71.75526265, 34.42514002], [71.75527141, 34.4250972], [71.75521175, 34.42508881], [71.75521772, 34.42505964]]]]}, "properties": {"id": "8J6HCQG4+23W4", "height": 4.831430912017822, "hmax": 0.0, "ratio": 0.0, "vulnClass": "none"}}, {"type": "Feature", "geometry": {"type": "MultiPolygon", "coordinates": [[[[71.75547763, 34.42508845], [71.75540947, 34.42507042], [71.75539071, 34.42511909], [71.75545887, 34.42513712], [71.75547763, 34.42508845]]]]}, "properties": {"id": "8J6HCQG4+25V5", "height": 4.019503593444824, "hmax": 0.0, "ratio": 0.0, "vulnClass": "none"}}, {"type": "Feature", "geometry": {"type": "MultiPolygon", "coordinates": [[[[71.7556833, 34.42512499], [71.75562671, 34.42510863], [71.7556075, 34.42515425], [71.7556641, 34.42517061], [71.7556833, 34.42512499]]]]}, "properties": {"id": "8J6HCQG4+372G", "height": 2.803261280059814, "hmax": 0.0, "ratio": 0.0, "vulnClass": "none"}}, {"type": "Feature", "geometry": {"type": "MultiPolygon", "coordinates": [[[[71.75562671, 34.42510863], [71.75554882, 34.42508612], [71.75552961, 34.42513173], [71.7556075, 34.42515425], [71.75562671, 34.42510863]]]]}, "properties": {"id": "8J6HCQG4+26WW", "height": 3.382508277893066, "hmax": 0.0, "ratio": 0.0, "vulnClass": "none"}}, {"type": "Feature", "geometry": {"type": "MultiPolygon", "coordinates": [[[[71.75581031, 34.42527716], [71.75574186, 34.42525839], [71.75572795, 34.42529323], [71.7557964, 34.42531199], [71.75581031, 34.42527716]]]]}, "properties": {"id": "8J6HCQG4+486G", "height": 2.739192724227905, "hmax": 0.0, "ratio": 0.0, "vulnClass": "none"}}, {"type": "Feature", "geometry": {"type": "MultiPolygon", "coordinates": [[[[71.75574339, 34.42516118], [71.75568677, 34.42514229], [71.75566712, 34.42518272], [71.75572374, 34.42520161], [71.75574339, 34.42516118]]]]}, "properties": {"id": "8J6HCQG4+378W", "height": 2.547375440597534, "hmax": 0.0, "ratio": 0.0, "vulnClass": "none"}}, {"type": "Feature", "geometry": {"type": "MultiPolygon", "coordinates": [[[[71.75576422, 34.42511831], [71.7557076, 34.42509942], [71.75568677, 34.42514229], [71.75586608, 34.42520212], [71.75590123, 34.42512978], [71.75577854, 34.42508884], [71.75576422, 34.42511831]]]]}, "properties": {"id": "8J6HCQG4+383P", "height": 2.606431484222412, "hmax": 0.0, "ratio": 0.0, "vulnClass": "none"}}, {"type": "Feature", "geometry": {"type": "MultiPolygon", "coordinates": [[[[71.75601574, 34.42504035], [71.75588081, 34.42496681], [71.75584676, 34.42500971], [71.75598168, 34.42508325], [71.75601574, 34.42504035]]]]}, "properties": {"id": "8J6HCQG4+2975", "height": 2.701392412185669, "hmax": 0.0, "ratio": 0.0, "vulnClass": "none"}}, {"type": "Feature", "geometry": {"type": "MultiPolygon", "coordinates": [[[[71.75568186, 34.42499793], [71.75564795, 34.42499151], [71.75563837, 34.42502628], [71.75567228, 34.4250327], [71.75568186, 34.42499793]]]]}, "properties": {"id": "8J6HCQG4+273C", "height": 2.841040849685669, "hmax": 0.0, "ratio": 0.0, "vulnClass": "none"}}, {"type": "Feature", "geometry": {"type": "MultiPolygon", "coordinates": [[[[71.75573346, 34.4250462], [71.75568572, 34.42503027], [71.75567418, 34.42505402], [71.75572192, 34.42506995], [71.75573346, 34.4250462]]]]}, "properties": {"id": "8J6HCQG4+27G4", "height": 2.679266452789307, "hmax": 0.0, "ratio": 0.0, "vulnClass": "none"}}, {"type": "Feature", "geometry": {"type": "MultiPolygon", "coordinates": [[[[71.755709, 34.42506395], [71.75565241, 34.42504759], [71.75562671, 34.42510863], [71.7556833, 34.42512499], [71.755709, 34.42506395]]]]}, "properties": {"id": "8J6HCQG4+27MF", "height": 2.836360931396484, "hmax": 0.0, "ratio": 0.0, "vulnClass": "none"}}, {"type": "Feature", "geometry": {"type": "MultiPolygon", "coordinates": [[[[71.75564414, 34.42506723], [71.75543629, 34.42500715], [71.75541887, 34.42504855], [71.75562671, 34.42510863], [71.75564414, 34.42506723]]]]}, "properties": {"id": "8J6HCQG4+26F6", "height": 4.478680610656738, "hmax": 0.0, "ratio": 0.0, "vulnClass": "none"}}, {"type": "Feature", "geometry": {"type": "MultiPolygon", "coordinates": [[[[71.75549107, 34.42501694], [71.75553288, 34.42485889], [71.7554813, 34.42484953], [71.75543949, 34.42500757], [71.75549107, 34.42501694]]]]}, "properties": {"id": "8J6HCQF4+X5H8", "height": 4.503863334655762, "hmax": 0.0, "ratio": 0.0, "vulnClass": "none"}}, {"type": "Feature", "geometry": {"type": "MultiPolygon", "coordinates": [[[[71.75559126, 34.42487493], [71.7555517, 34.42486284], [71.75553676, 34.42489642], [71.75557631, 34.42490851], [71.75559126, 34.42487493]]]]}, "properties": {"id": "8J6HCQF4+X64C", "height": 3.424607992172241, "hmax": 0.0, "ratio": 0.0, "vulnClass": "none"}}, {"type": "Feature", "geometry": {"type": "MultiPolygon", "coordinates": [[[[71.75573985, 34.42493377], [71.75568324, 34.42491829], [71.75567188, 34.42494681], [71.75572849, 34.4249623], [71.75573985, 34.42493377]]]]}, "properties": {"id": "8J6HCQF4+X7GP", "height": 2.754586219787598, "hmax": 0.0, "ratio": 0.0, "vulnClass": "none"}}, {"type": "Feature", "geometry": {"type": "MultiPolygon", "coordinates": [[[[71.75579929, 34.42472933], [71.75575944, 34.42471588], [71.75570412, 34.42482838], [71.75591849, 34.42490076], [71.75594107, 34.42485484], [71.75576655, 34.42479591], [71.75579929, 34.42472933]]]]}, "properties": {"id": "8J6HCQF4+W8FX", "height": 2.508728981018066, "hmax": 0.0, "ratio": 0.0, "vulnClass": "none"}}, {"type": "Feature", "geometry": {"type": "MultiPolygon", "coordinates": [[[[71.75569264, 34.42469531], [71.75564457, 34.42469938], [71.75564839, 34.42473034], [71.75569646, 34.42472627], [71.75569264, 34.42469531]]]]}, "properties": {"id": "8J6HCQF4+V7MF", "height": 2.855440378189087, "hmax": 0.0, "ratio": 0.0, "vulnClass": "none"}}, {"type": "Feature", "geometry": {"type": "MultiPolygon", "coordinates": [[[[71.75571974, 34.42479039], [71.75568902, 34.42478382], [71.75568043, 34.42481139], [71.75571115, 34.42481796], [71.75571974, 34.42479039]]]]}, "properties": {"id": "8J6HCQF4+W7G3", "height": 2.588139533996582, "hmax": 0.0, "ratio": 0.0, "vulnClass": "none"}}, {"type": "Feature", "geometry": {"type": "MultiPolygon", "coordinates": [[[[71.75570412, 34.42482838], [71.7555155, 34.42476469], [71.75549218, 34.42481212], [71.7556808, 34.42487581], [71.75570412, 34.42482838]]]]}, "properties": {"id": "8J6HCQF4+W6HR", "height": 3.211252450942993, "hmax": 0.0, "ratio": 0.0, "vulnClass": "none"}}, {"type": "Feature", "geometry": {"type": "MultiPolygon", "coordinates": [[[[71.75554985, 34.42460384], [71.75550547, 34.42460255], [71.75550298, 34.4246616], [71.75554736, 34.42466289], [71.75554985, 34.42460384]]]]}, "properties": {"id": "8J6HCQF4+V629", "height": 4.328932285308838, "hmax": 0.0, "ratio": 0.0, "vulnClass": "none"}}, {"type": "Feature", "geometry": {"type": "MultiPolygon", "coordinates": [[[[71.7555581, 34.42446939], [71.75551126, 34.42446764], [71.75550805, 34.42452689], [71.75555488, 34.42452863], [71.7555581, 34.42446939]]]]}, "properties": {"id": "8J6HCQF4+Q6VR", "height": 3.644360065460205, "hmax": 0.0, "ratio": 0.0, "vulnClass": "none"}}, {"type": "Feature", "geometry": {"type": "MultiPolygon", "coordinates": [[[[71.7555498, 34.4246038], [71.7555531, 34.4245262], [71.7555087, 34.4245249], [71.7555074, 34.4245567], [71.7555055, 34.4246026], [71.7555498, 34.4246038]]]]}, "properties": {"id": "8J6HCQF4+R6CH", "height": 4.326770305633545, "hmax": 0.0, "ratio": 0.0, "vulnClass": "none"}}, {"type": "Feature", "geometry": {"type": "MultiPolygon", "coordinates": [[[[71.75510743, 34.4244107], [71.7550622, 34.42440921], [71.75506013, 34.42445243], [71.75510536, 34.42445392], [71.75510743, 34.4244107]]]]}, "properties": {"id": "8J6HCQF4+Q2G8", "height": 3.96461009979248, "hmax": 0.0, "ratio": 0.0, "vulnClass": "none"}}, {"type": "Feature", "geometry": {"type": "MultiPolygon", "coordinates": [[[[71.75508038, 34.42451738], [71.75504233, 34.42451735], [71.7550423, 34.4245511], [71.75508035, 34.42455113], [71.75508038, 34.42451738]]]]}, "properties": {"id": "8J6HCQF4+R279", "height": 2.596364498138428, "hmax": 0.0, "ratio": 0.0, "vulnClass": "none"}}, {"type": "Feature", "geometry": {"type": "MultiPolygon", "coordinates": [[[[71.75526387, 34.42466961], [71.75521229, 34.42466921], [71.7552111, 34.42477627], [71.75526268, 34.42477667], [71.75526387, 34.42466961]]]]}, "properties": {"id": "8J6HCQF4+V3QW", "height": 6.43295955657959, "hmax": 0.0, "ratio": 0.0, "vulnClass": "none"}}, {"type": "Feature", "geometry": {"type": "MultiPolygon", "coordinates": [[[[71.75521281, 34.4246227], [71.75516492, 34.42462233], [71.7551644, 34.42466884], [71.75521229, 34.42466921], [71.75521281, 34.4246227]]]]}, "properties": {"id": "8J6HCQF4+V34R", "height": 4.12429666519165, "hmax": 0.0, "ratio": 0.0, "vulnClass": "none"}}, {"type": "Feature", "geometry": {"type": "MultiPolygon", "coordinates": [[[[71.75521155, 34.42473538], [71.75514057, 34.42473484], [71.75514012, 34.42477573], [71.7552111, 34.42477627], [71.75521155, 34.42473538]]]]}, "properties": {"id": "8J6HCQF4+W338", "height": 3.213497400283813, "hmax": 0.0, "ratio": 0.0, "vulnClass": "none"}}, {"type": "Feature", "geometry": {"type": "MultiPolygon", "coordinates": [[[[71.75490246, 34.42479055], [71.75485106, 34.42478729], [71.75484833, 34.42481672], [71.75489973, 34.42481999], [71.75490246, 34.42479055]]]]}, "properties": {"id": "8J6HCQF3+WXC2", "height": 4.426274299621582, "hmax": 0.0, "ratio": 0.0, "vulnClass": "none"}}, {"type": "Feature", "geometry": {"type": "MultiPolygon", "coordinates": [[[[71.75477391, 34.42476795], [71.75469467, 34.42476209], [71.75468814, 34.42482274], [71.75476738, 34.4248286], [71.75477391, 34.42476795]]]]}, "properties": {"id": "8J6HCQF3+WV9V", "height": 4.62232780456543, "hmax": 0.0, "ratio": 0.0, "vulnClass": "none"}}, {"type": "Feature", "geometry": {"type": "MultiPolygon", "coordinates": [[[[71.75489264, 34.42469994], [71.75484883, 34.42469711], [71.75484141, 34.42477619], [71.75510541, 34.42479321], [71.7551103, 34.42474108], [71.75489011, 34.42472689], [71.75489264, 34.42469994]]]]}, "properties": {"id": "8J6HCQF3+WX45", "height": 4.907963752746582, "hmax": 0.0, "ratio": 0.0, "vulnClass": "none"}}, {"type": "Feature", "geometry": {"type": "MultiPolygon", "coordinates": [[[[71.75450858, 34.42469093], [71.75439654, 34.42468841], [71.7543916, 34.42483945], [71.75450364, 34.42484196], [71.75450858, 34.42469093]]]]}, "properties": {"id": "8J6HCQF3+WQ4M", "height": 5.597503662109375, "hmax": 0.0, "ratio": 0.0, "vulnClass": "none"}}, {"type": "Feature", "geometry": {"type": "MultiPolygon", "coordinates": [[[[71.75434034, 34.42481317], [71.75425911, 34.42474072], [71.75421478, 34.42477484], [71.75429601, 34.42484729], [71.75434034, 34.42481317]]]]}, "properties": {"id": "8J6HCQF3+WP6Q", "height": 4.876091957092285, "hmax": 0.0, "ratio": 0.0, "vulnClass": "none"}}, {"type": "Feature", "geometry": {"type": "MultiPolygon", "coordinates": [[[[71.75404807, 34.42459133], [71.75399127, 34.42458677], [71.75397831, 34.42469751], [71.75403511, 34.42470208], [71.75404807, 34.42459133]]]]}, "properties": {"id": "8J6HCQF3+VJ2M", "height": 4.753191947937012, "hmax": 0.001, "ratio": 0.0, "vulnClass": "none"}}, {"type": "Feature", "geometry": {"type": "MultiPolygon", "coordinates": [[[[71.75430079, 34.4246466], [71.75420994, 34.42464865], [71.75421141, 34.42469341], [71.75430226, 34.42469136], [71.75430079, 34.4246466]]]]}, "properties": {"id": "8J6HCQF3+VP6R", "height": 4.626900196075439, "hmax": 0.0, "ratio": 0.0, "vulnClass": "none"}}, {"type": "Feature", "geometry": {"type": "MultiPolygon", "coordinates": [[[[71.75437279, 34.42456612], [71.75431936, 34.4245671], [71.75432267, 34.42469106], [71.7543761, 34.42469008], [71.75437279, 34.42456612]]]]}, "properties": {"id": "8J6HCQF3+VP52", "height": 5.293538093566895, "hmax": 0.0, "ratio": 0.0, "vulnClass": "none"}}, {"type": "Feature", "geometry": {"type": "MultiPolygon", "coordinates": [[[[71.75441481, 34.42448806], [71.75436619, 34.42448738], [71.75436475, 34.42455779], [71.75441337, 34.42455848], [71.75441481, 34.42448806]]]]}, "properties": {"id": "8J6HCQF3+RQ2V", "height": 5.293538093566895, "hmax": 0.0, "ratio": 0.0, "vulnClass": "none"}}, {"type": "Feature", "geometry": {"type": "MultiPolygon", "coordinates": [[[[71.75420593, 34.4244815], [71.75417843, 34.42447591], [71.75416949, 34.42450612], [71.75419699, 34.42451171], [71.75420593, 34.4244815]]]]}, "properties": {"id": "8J6HCQF3+QMWJ", "height": 5.272527694702148, "hmax": 0.001, "ratio": 0.0, "vulnClass": "none"}}, {"type": "Feature", "geometry": {"type": "MultiPolygon", "coordinates": [[[[71.75425305, 34.42448958], [71.7542073, 34.42448424], [71.7542005, 34.42452418], [71.75424625, 34.42452953], [71.75425305, 34.42448958]]]]}, "properties": {"id": "8J6HCQF3+RM57", "height": 5.272527694702148, "hmax": 0.0, "ratio": 0.0, "vulnClass": "none"}}, {"type": "Feature", "geometry": {"type": "MultiPolygon", "coordinates": [[[[71.75395664, 34.42454907], [71.75392565, 34.42454546], [71.75392142, 34.42457039], [71.75395241, 34.424574], [71.75395664, 34.42454907]]]]}, "properties": {"id": "8J6HCQF3+RHG6", "height": 3.041150093078613, "hmax": 0.001, "ratio": 0.0, "vulnClass": "none"}}, {"type": "Feature", "geometry": {"type": "MultiPolygon", "coordinates": [[[[71.75418361, 34.4245636], [71.75399763, 34.42448392], [71.75396841, 34.42453076], [71.75415439, 34.42461044], [71.75418361, 34.4245636]]]]}, "properties": {"id": "8J6HCQF3+RJ8V", "height": 4.311161041259766, "hmax": 0.001, "ratio": 0.0, "vulnClass": "none"}}, {"type": "Feature", "geometry": {"type": "MultiPolygon", "coordinates": [[[[71.75416756, 34.42442367], [71.75403495, 34.42440411], [71.75402589, 34.42444633], [71.7541585, 34.42446589], [71.75416756, 34.42442367]]]]}, "properties": {"id": "8J6HCQF3+QJHC", "height": 4.854022979736328, "hmax": 0.0, "ratio": 0.0, "vulnClass": "none"}}, {"type": "Feature", "geometry": {"type": "MultiPolygon", "coordinates": [[[[71.75424219, 34.4243675], [71.75416387, 34.42435806], [71.75415501, 34.42440856], [71.75423333, 34.424418], [71.75424219, 34.4243675]]]]}, "properties": {"id": "8J6HCQF3+QM4F", "height": 4.666645526885986, "hmax": 0.0, "ratio": 0.0, "vulnClass": "none"}}, {"type": "Feature", "geometry": {"type": "MultiPolygon", "coordinates": [[[[71.75423002, 34.42441931], [71.75415971, 34.424416], [71.75415684, 34.42445776], [71.75422716, 34.42446108], [71.75423002, 34.42441931]]]]}, "properties": {"id": "8J6HCQF3+QMGC", "height": 4.722688674926758, "hmax": 0.0, "ratio": 0.0, "vulnClass": "none"}}, {"type": "Feature", "geometry": {"type": "MultiPolygon", "coordinates": [[[[71.7547049, 34.42442184], [71.75468043, 34.42437724], [71.75463152, 34.42439567], [71.75465599, 34.42444026], [71.7547049, 34.42442184]]]]}, "properties": {"id": "8J6HCQF3+QV77", "height": 4.257046699523926, "hmax": 0.0, "ratio": 0.0, "vulnClass": "none"}}, {"type": "Feature", "geometry": {"type": "MultiPolygon", "coordinates": [[[[71.75476089, 34.42445602], [71.75472262, 34.42443871], [71.75470196, 34.42447008], [71.75474023, 34.42448739], [71.75476089, 34.42445602]]]]}, "properties": {"id": "8J6HCQF3+QVQF", "height": 2.957326412200928, "hmax": 0.0, "ratio": 0.0, "vulnClass": "none"}}, {"type": "Feature", "geometry": {"type": "MultiPolygon", "coordinates": [[[[71.754817, 34.42460628], [71.75481111, 34.42455987], [71.75467604, 34.42457164], [71.75468193, 34.42461806], [71.754817, 34.42460628]]]]}, "properties": {"id": "8J6HCQF3+RVQH", "height": 2.546126365661621, "hmax": 0.0, "ratio": 0.0, "vulnClass": "none"}}, {"type": "Feature", "geometry": {"type": "MultiPolygon", "coordinates": [[[[71.75503167, 34.42452972], [71.75503282, 34.42450592], [71.75486986, 34.42450053], [71.75486026, 34.4246998], [71.75491927, 34.42470175], [71.75492652, 34.42455139], [71.75500974, 34.42455414], [71.75501095, 34.42452903], [71.75503167, 34.42452972]]]]}, "properties": {"id": "8J6HCQF3+RXM7", "height": 4.907963752746582, "hmax": 0.0, "ratio": 0.0, "vulnClass": "none"}}, {"type": "Feature", "geometry": {"type": "MultiPolygon", "coordinates": [[[[71.75495794, 34.42440711], [71.75482455, 34.42440088], [71.75482152, 34.42444533], [71.75495492, 34.42445157], [71.75495794, 34.42440711]]]]}, "properties": {"id": "8J6HCQF3+QXC3", "height": 3.685006380081177, "hmax": 0.0, "ratio": 0.0, "vulnClass": "none"}}, {"type": "Feature", "geometry": {"type": "MultiPolygon", "coordinates": [[[[71.75450552, 34.42449813], [71.75458336, 34.42432219], [71.7544814, 34.42429121], [71.75440355, 34.42446715], [71.75450552, 34.42449813]]]]}, "properties": {"id": "8J6HCQF3+QQ5Q", "height": 4.342721939086914, "hmax": 0.0, "ratio": 0.0, "vulnClass": "none"}}, {"type": "Feature", "geometry": {"type": "MultiPolygon", "coordinates": [[[[71.75439539, 34.42425942], [71.75434886, 34.42425015], [71.75434099, 34.42427731], [71.75438751, 34.42428657], [71.75439539, 34.42425942]]]]}, "properties": {"id": "8J6HCQF3+PP5Q", "height": 2.681144714355469, "hmax": 0.0, "ratio": 0.0, "vulnClass": "none"}}, {"type": "Feature", "geometry": {"type": "MultiPolygon", "coordinates": [[[[71.75441698, 34.42422788], [71.75437106, 34.42421345], [71.75435601, 34.42424633], [71.75440193, 34.42426077], [71.75441698, 34.42422788]]]]}, "properties": {"id": "8J6HCQF3+MQRF", "height": 2.686749935150146, "hmax": 0.0, "ratio": 0.0, "vulnClass": "none"}}, {"type": "Feature", "geometry": {"type": "MultiPolygon", "coordinates": [[[[71.75411456, 34.42431862], [71.75397819, 34.42431577], [71.75397669, 34.42436497], [71.75411307, 34.42436782], [71.75411456, 34.42431862]]]]}, "properties": {"id": "8J6HCQF3+PJMM", "height": 3.048588037490845, "hmax": 0.0, "ratio": 0.0, "vulnClass": "none"}}, {"type": "Feature", "geometry": {"type": "MultiPolygon", "coordinates": [[[[71.75420199, 34.42424969], [71.7540531, 34.42424795], [71.75405223, 34.42429914], [71.75420112, 34.42430088], [71.75420199, 34.42424969]]]]}, "properties": {"id": "8J6HCQF3+PM2R", "height": 3.647292852401733, "hmax": 0.0, "ratio": 0.0, "vulnClass": "none"}}, {"type": "Feature", "geometry": {"type": "MultiPolygon", "coordinates": [[[[71.75410592, 34.42402832], [71.75404689, 34.42403177], [71.7540577, 34.42415878], [71.75411672, 34.42415534], [71.75410592, 34.42402832]]]]}, "properties": {"id": "8J6HCQF3+JJPP", "height": 2.528831958770752, "hmax": 0.0, "ratio": 0.0, "vulnClass": "none"}}, {"type": "Feature", "geometry": {"type": "MultiPolygon", "coordinates": [[[[71.75473901, 34.42395393], [71.75463378, 34.42393014], [71.75460929, 34.42400453], [71.75471453, 34.42402832], [71.75473901, 34.42395393]]]]}, "properties": {"id": "8J6HCQF3+HVV4", "height": 2.532357692718506, "hmax": 0.0, "ratio": 0.0, "vulnClass": "none"}}, {"type": "Feature", "geometry": {"type": "MultiPolygon", "coordinates": [[[[71.75463378, 34.42393014], [71.75445563, 34.42388987], [71.75443114, 34.42396426], [71.75460929, 34.42400453], [71.75463378, 34.42393014]]]]}, "properties": {"id": "8J6HCQF3+HRFR", "height": 3.317126989364624, "hmax": 0.0, "ratio": 0.0, "vulnClass": "none"}}, {"type": "Feature", "geometry": {"type": "MultiPolygon", "coordinates": [[[[71.7550482, 34.4238502], [71.7549393, 34.4238523], [71.7549479, 34.4241561], [71.7550568, 34.424154], [71.7550482, 34.4238502]]]]}, "properties": {"id": "8J6HCQF3+JX55", "height": 2.884956836700439, "hmax": 0.0, "ratio": 0.0, "vulnClass": "none"}}, {"type": "Feature", "geometry": {"type": "MultiPolygon", "coordinates": [[[[71.75606427, 34.42427594], [71.75601182, 34.42428523], [71.7560234, 34.42433015], [71.75607585, 34.42432086], [71.75606427, 34.42427594]]]]}, "properties": {"id": "8J6HCQF4+PCF3", "height": 2.902406454086304, "hmax": 0.0, "ratio": 0.0, "vulnClass": "none"}}, {"type": "Feature", "geometry": {"type": "MultiPolygon", "coordinates": [[[[71.75634659, 34.42474932], [71.75629849, 34.42466684], [71.75617785, 34.42471515], [71.75622595, 34.42479763], [71.75634659, 34.42474932]]]]}, "properties": {"id": "8J6HCQF4+VGR7", "height": 4.082546234130859, "hmax": 0.0, "ratio": 0.0, "vulnClass": "none"}}, {"type": "Feature", "geometry": {"type": "MultiPolygon", "coordinates": [[[[71.75602748, 34.4225819], [71.75592596, 34.42257974], [71.75591942, 34.42279031], [71.75602095, 34.42279247], [71.75602748, 34.4225819]]]]}, "properties": {"id": "8J6HCQF4+39HC", "height": 3.803296804428101, "hmax": 0.0, "ratio": 0.0, "vulnClass": "none"}}, {"type": "Feature", "geometry": {"type": "MultiPolygon", "coordinates": [[[[71.7560283, 34.42281504], [71.75592885, 34.4228131], [71.75592451, 34.42296631], [71.75602395, 34.42296825], [71.7560283, 34.42281504]]]]}, "properties": {"id": "8J6HCQF4+595J", "height": 3.622576236724854, "hmax": 0.0, "ratio": 0.0, "vulnClass": "none"}}, {"type": "Feature", "geometry": {"type": "MultiPolygon", "coordinates": [[[[71.75501168, 34.42346623], [71.75493831, 34.42347105], [71.75494595, 34.42355101], [71.75501932, 34.42354619], [71.75501168, 34.42346623]]]]}, "properties": {"id": "8J6HCQF3+CX57", "height": 2.635721921920776, "hmax": 0.0, "ratio": 0.0, "vulnClass": "none"}}, {"type": "Feature", "geometry": {"type": "MultiPolygon", "coordinates": [[[[71.75259936, 34.42278307], [71.75258542, 34.4226965], [71.75228217, 34.42273003], [71.75229611, 34.42281659], [71.75259936, 34.42278307]]]]}, "properties": {"id": "8J6HCQF2+4X46", "height": 2.469868183135986, "hmax": 0.0, "ratio": 0.0, "vulnClass": "none"}}, {"type": "Feature", "geometry": {"type": "MultiPolygon", "coordinates": [[[[71.75377563, 34.42408257], [71.75376201, 34.42404859], [71.75373553, 34.42405588], [71.75370626, 34.42410168], [71.75377563, 34.42408257]]]]}, "properties": {"id": "8J6HCQF3+JFQ5", "height": 2.588545799255371, "hmax": 0.0, "ratio": 0.0, "vulnClass": "none"}}, {"type": "Feature", "geometry": {"type": "MultiPolygon", "coordinates": [[[[71.75388076, 34.42427045], [71.75389368, 34.42403769], [71.75384267, 34.42403575], [71.75383211, 34.42422594], [71.75360143, 34.42421715], [71.75359677, 34.42430121], [71.7539173, 34.42431342], [71.75391961, 34.42427193], [71.75388076, 34.42427045]]]]}, "properties": {"id": "8J6HCQF3+MGV2", "height": 3.107279300689697, "hmax": 0.0, "ratio": 0.0, "vulnClass": "none"}}, {"type": "Feature", "geometry": {"type": "MultiPolygon", "coordinates": [[[[71.75372809, 34.4241335], [71.75367932, 34.42411564], [71.75365102, 34.42416869], [71.75369978, 34.42418655], [71.75372809, 34.4241335]]]]}, "properties": {"id": "8J6HCQF3+MF82", "height": 3.041038036346436, "hmax": 0.0, "ratio": 0.0, "vulnClass": "none"}}, {"type": "Feature", "geometry": {"type": "MultiPolygon", "coordinates": [[[[71.75341254, 34.42467866], [71.75346051, 34.42457432], [71.75334233, 34.42453702], [71.75324641, 34.42474566], [71.75331654, 34.4247678], [71.75336449, 34.42466349], [71.75341254, 34.42467866]]]]}, "properties": {"id": "8J6HCQF3+V85J", "height": 2.936445713043213, "hmax": 0.001, "ratio": 0.0, "vulnClass": "none"}}, {"type": "Feature", "geometry": {"type": "MultiPolygon", "coordinates": [[[[71.75363893, 34.42434674], [71.75360187, 34.42434598], [71.75360076, 34.42438338], [71.75363781, 34.42438414], [71.75363893, 34.42434674]]]]}, "properties": {"id": "8J6HCQF3+PCXQ", "height": 3.601485252380371, "hmax": 0.0, "ratio": 0.0, "vulnClass": "none"}}, {"type": "Feature", "geometry": {"type": "MultiPolygon", "coordinates": [[[[71.75395357, 34.42434961], [71.75387095, 34.42434272], [71.75386018, 34.42443133], [71.7539428, 34.42443823], [71.75395357, 34.42434961]]]]}, "properties": {"id": "8J6HCQF3+QH3J", "height": 4.803998947143555, "hmax": 0.0, "ratio": 0.0, "vulnClass": "none"}}, {"type": "Feature", "geometry": {"type": "MultiPolygon", "coordinates": [[[[71.75393577, 34.42443434], [71.75381045, 34.42442592], [71.75380546, 34.42447684], [71.75393079, 34.42448526], [71.75393577, 34.42443434]]]]}, "properties": {"id": "8J6HCQF3+QGQ9", "height": 5.014504432678223, "hmax": 0.0, "ratio": 0.0, "vulnClass": "none"}}, {"type": "Feature", "geometry": {"type": "MultiPolygon", "coordinates": [[[[71.75374474, 34.42444278], [71.75370126, 34.42444376], [71.75370215, 34.42447079], [71.75374563, 34.42446981], [71.75374474, 34.42444278]]]]}, "properties": {"id": "8J6HCQF3+QFQ6", "height": 3.100083827972412, "hmax": 0.001, "ratio": 0.0, "vulnClass": "none"}}, {"type": "Feature", "geometry": {"type": "MultiPolygon", "coordinates": [[[[71.75381129, 34.42447099], [71.75375068, 34.42446466], [71.75374105, 34.42452795], [71.75380167, 34.42453428], [71.75381129, 34.42447099]]]]}, "properties": {"id": "8J6HCQF3+QGRX", "height": 3.918149471282959, "hmax": 0.001, "ratio": 0.0, "vulnClass": "none"}}, {"type": "Feature", "geometry": {"type": "MultiPolygon", "coordinates": [[[[71.75388502, 34.42448218], [71.75380546, 34.42447684], [71.75379979, 34.42453487], [71.75387934, 34.42454021], [71.75388502, 34.42448218]]]]}, "properties": {"id": "8J6HCQF3+RG49", "height": 4.858965873718262, "hmax": 0.001, "ratio": 0.0, "vulnClass": "none"}}, {"type": "Feature", "geometry": {"type": "MultiPolygon", "coordinates": [[[[71.75385285, 34.42455854], [71.75384795, 34.42453813], [71.75381199, 34.42454406], [71.7538205, 34.4245795], [71.75385285, 34.42455854]]]]}, "properties": {"id": "8J6HCQF3+RGG8", "height": 4.021551132202148, "hmax": 0.001, "ratio": 0.0, "vulnClass": "none"}}, {"type": "Feature", "geometry": {"type": "MultiPolygon", "coordinates": [[[[71.75356616, 34.42463506], [71.75352146, 34.42464107], [71.75353332, 34.42470164], [71.75357803, 34.42469563], [71.75356616, 34.42463506]]]]}, "properties": {"id": "8J6HCQF3+VC7P", "height": 3.27898907661438, "hmax": 0.001, "ratio": 0.0, "vulnClass": "none"}}, {"type": "Feature", "geometry": {"type": "MultiPolygon", "coordinates": [[[[71.75374725, 34.42461171], [71.75360988, 34.42460365], [71.75360584, 34.42465091], [71.75374321, 34.42465898], [71.75374725, 34.42461171]]]]}, "properties": {"id": "8J6HCQF3+VF38", "height": 4.197360038757324, "hmax": 0.001, "ratio": 0.0, "vulnClass": "none"}}, {"type": "Feature", "geometry": {"type": "MultiPolygon", "coordinates": [[[[71.75388913, 34.42468129], [71.75380431, 34.42466506], [71.75378948, 34.42471825], [71.7538743, 34.42473449], [71.75388913, 34.42468129]]]]}, "properties": {"id": "8J6HCQF3+VGGX", "height": 4.841863632202148, "hmax": 0.001, "ratio": 0.0, "vulnClass": "none"}}, {"type": "Feature", "geometry": {"type": "MultiPolygon", "coordinates": [[[[71.75384154, 34.424758], [71.75378976, 34.42472569], [71.75372161, 34.4248007], [71.75377339, 34.42483301], [71.75384154, 34.424758]]]]}, "properties": {"id": "8J6HCQF3+WG72", "height": 5.689526081085205, "hmax": 0.001, "ratio": 0.0, "vulnClass": "none"}}, {"type": "Feature", "geometry": {"type": "MultiPolygon", "coordinates": [[[[71.75397831, 34.42469751], [71.75388308, 34.42468986], [71.75387718, 34.42474027], [71.75397241, 34.42474793], [71.75397831, 34.42469751]]]]}, "properties": {"id": "8J6HCQF3+VHMP", "height": 4.535613059997559, "hmax": 0.001, "ratio": 0.0, "vulnClass": "none"}}, {"type": "Feature", "geometry": {"type": "MultiPolygon", "coordinates": [[[[71.7538654, 34.4248406], [71.753861, 34.4248781], [71.7541124, 34.4248983], [71.7541285, 34.4247605], [71.7539246, 34.4247441], [71.7539129, 34.4248444], [71.7538654, 34.4248406]]]]}, "properties": {"id": "8J6HCQF3+WJCV", "height": 5.467576503753662, "hmax": 0.001, "ratio": 0.0, "vulnClass": "none"}}, {"type": "Feature", "geometry": {"type": "MultiPolygon", "coordinates": [[[[71.75350061, 34.4247994], [71.7534449, 34.42479568], [71.75343956, 34.42485059], [71.75349527, 34.42485431], [71.75350061, 34.4247994]]]]}, "properties": {"id": "8J6HCQF3+W9Q2", "height": 4.289220809936523, "hmax": 0.001, "ratio": 0.0, "vulnClass": "none"}}, {"type": "Feature", "geometry": {"type": "MultiPolygon", "coordinates": [[[[71.75328575, 34.42480141], [71.75323423, 34.42480019], [71.75323151, 34.42487908], [71.75328303, 34.42488029], [71.75328575, 34.42480141]]]]}, "properties": {"id": "8J6HCQF3+W8JM", "height": 3.268459320068359, "hmax": 0.001, "ratio": 0.0, "vulnClass": "none"}}, {"type": "Feature", "geometry": {"type": "MultiPolygon", "coordinates": [[[[71.7535124, 34.4250753], [71.7534976, 34.4250161], [71.7533737, 34.4250374], [71.7533885, 34.4250966], [71.7535124, 34.4250753]]]]}, "properties": {"id": "8J6HCQG3+29G6", "height": 4.56535530090332, "hmax": 0.001, "ratio": 0.0, "vulnClass": "none"}}, {"type": "Feature", "geometry": {"type": "MultiPolygon", "coordinates": [[[[71.7534897, 34.42499655], [71.75346841, 34.42495433], [71.75341295, 34.42497353], [71.75343424, 34.42501575], [71.7534897, 34.42499655]]]]}, "properties": {"id": "8J6HCQF3+X9WF", "height": 3.834847927093506, "hmax": 0.001, "ratio": 0.0, "vulnClass": "none"}}, {"type": "Feature", "geometry": {"type": "MultiPolygon", "coordinates": [[[[71.75326805, 34.42491558], [71.75322656, 34.4249136], [71.75322268, 34.42496928], [71.75326417, 34.42497127], [71.75326805, 34.42491558]]]]}, "properties": {"id": "8J6HCQF3+X7HQ", "height": 3.467910289764404, "hmax": 0.001, "ratio": 0.0, "vulnClass": "none"}}, {"type": "Feature", "geometry": {"type": "MultiPolygon", "coordinates": [[[[71.75342097, 34.42486134], [71.75333737, 34.42485936], [71.75333661, 34.42488156], [71.7534202, 34.42488354], [71.75342097, 34.42486134]]]]}, "properties": {"id": "8J6HCQF3+W9RR", "height": 2.613874197006226, "hmax": 0.001, "ratio": 0.0, "vulnClass": "none"}}, {"type": "Feature", "geometry": {"type": "MultiPolygon", "coordinates": [[[[71.75382954, 34.42488052], [71.75376812, 34.42486956], [71.75375408, 34.42492361], [71.75381549, 34.42493456], [71.75382954, 34.42488052]]]]}, "properties": {"id": "8J6HCQF3+XG73", "height": 5.525768280029297, "hmax": 0.001, "ratio": 0.0, "vulnClass": "none"}}, {"type": "Feature", "geometry": {"type": "MultiPolygon", "coordinates": [[[[71.75383048, 34.4249929], [71.75376814, 34.42498611], [71.75376216, 34.42502381], [71.7538245, 34.42503059], [71.75383048, 34.4249929]]]]}, "properties": {"id": "8J6HCQG3+2G37", "height": 3.605778217315674, "hmax": 0.001, "ratio": 0.0, "vulnClass": "none"}}, {"type": "Feature", "geometry": {"type": "MultiPolygon", "coordinates": [[[[71.7539348, 34.42498521], [71.75383507, 34.42498314], [71.75383409, 34.42501546], [71.75393382, 34.42501752], [71.7539348, 34.42498521]]]]}, "properties": {"id": "8J6HCQG3+2H23", "height": 3.61067795753479, "hmax": 0.001, "ratio": 0.0, "vulnClass": "none"}}, {"type": "Feature", "geometry": {"type": "MultiPolygon", "coordinates": [[[[71.75358663, 34.42500138], [71.75357376, 34.42495988], [71.75352005, 34.42497132], [71.75353292, 34.42501282], [71.75358663, 34.42500138]]]]}, "properties": {"id": "8J6HCQF3+XCVG", "height": 3.904358148574829, "hmax": 0.001, "ratio": 0.0, "vulnClass": "none"}}, {"type": "Feature", "geometry": {"type": "MultiPolygon", "coordinates": [[[[71.75351219, 34.42508689], [71.75345441, 34.42509581], [71.75346848, 34.4251584], [71.75352626, 34.42514948], [71.75351219, 34.42508689]]]]}, "properties": {"id": "8J6HCQG3+29XW", "height": 5.787727355957031, "hmax": 0.001, "ratio": 0.0, "vulnClass": "none"}}, {"type": "Feature", "geometry": {"type": "MultiPolygon", "coordinates": [[[[71.7535381, 34.4252252], [71.7535262, 34.4251578], [71.7534577, 34.4251661], [71.7534655, 34.4252101], [71.7534915, 34.4252069], [71.7534956, 34.4252303], [71.7535381, 34.4252252]]]]}, "properties": {"id": "8J6HCQG3+3CCJ", "height": 5.743787288665771, "hmax": 0.001, "ratio": 0.0, "vulnClass": "none"}}, {"type": "Feature", "geometry": {"type": "MultiPolygon", "coordinates": [[[[71.75368689, 34.42508101], [71.753647, 34.42508039], [71.7536461, 34.42512077], [71.75361749, 34.42512033], [71.75361622, 34.42517673], [71.75368471, 34.42517779], [71.75368689, 34.42508101]]]]}, "properties": {"id": "8J6HCQG3+3F29", "height": 4.574321269989014, "hmax": 0.001, "ratio": 0.0, "vulnClass": "none"}}, {"type": "Feature", "geometry": {"type": "MultiPolygon", "coordinates": [[[[71.7539286, 34.42505568], [71.75387231, 34.42505368], [71.75387063, 34.4250862], [71.75392693, 34.42508819], [71.7539286, 34.42505568]]]]}, "properties": {"id": "8J6HCQG3+2HCX", "height": 3.914080619812012, "hmax": 0.001, "ratio": 0.0, "vulnClass": "none"}}, {"type": "Feature", "geometry": {"type": "MultiPolygon", "coordinates": [[[[71.75395847, 34.42513921], [71.75374232, 34.42513155], [71.7537399, 34.4251784], [71.75395605, 34.42518605], [71.75395847, 34.42513921]]]]}, "properties": {"id": "8J6HCQG3+3G96", "height": 4.860447883605957, "hmax": 0.001, "ratio": 0.0, "vulnClass": "none"}}, {"type": "Feature", "geometry": {"type": "MultiPolygon", "coordinates": [[[[71.75376254, 34.42529081], [71.75371948, 34.42529072], [71.75371934, 34.42533525], [71.7537624, 34.42533534], [71.75376254, 34.42529081]]]]}, "properties": {"id": "8J6HCQG3+4FHG", "height": 4.649317741394043, "hmax": 0.001, "ratio": 0.0, "vulnClass": "none"}}, {"type": "Feature", "geometry": {"type": "MultiPolygon", "coordinates": [[[[71.75369857, 34.42531952], [71.75367978, 34.42521396], [71.75364593, 34.4252181], [71.7536563, 34.42527637], [71.75355659, 34.42528855], [71.753565, 34.42533584], [71.75369857, 34.42531952]]]]}, "properties": {"id": "8J6HCQG3+4F6M", "height": 4.753081798553467, "hmax": 0.001, "ratio": 0.0, "vulnClass": "none"}}, {"type": "Feature", "geometry": {"type": "MultiPolygon", "coordinates": [[[[71.75353708, 34.42519277], [71.75359467, 34.42519254], [71.75359456, 34.42517351], [71.75353697, 34.42517374], [71.75353708, 34.42519277]]]]}, "properties": {"id": "8J6HCQG3+3CG6", "height": 5.486882209777832, "hmax": 0.001, "ratio": 0.0, "vulnClass": "none"}}, {"type": "Feature", "geometry": {"type": "MultiPolygon", "coordinates": [[[[71.75356217, 34.42536849], [71.75355363, 34.42528809], [71.75341947, 34.42529788], [71.75342424, 34.42534282], [71.75347693, 34.42533897], [71.7534807, 34.42537443], [71.75356217, 34.42536849]]]]}, "properties": {"id": "8J6HCQG3+49Q5", "height": 3.878805160522461, "hmax": 0.0, "ratio": 0.0, "vulnClass": "none"}}, {"type": "Feature", "geometry": {"type": "MultiPolygon", "coordinates": [[[[71.75349216, 34.42521589], [71.75321026, 34.42521702], [71.75321071, 34.42529462], [71.75353767, 34.42529331], [71.75353739, 34.4252456], [71.75349234, 34.42524578], [71.75349216, 34.42521589]]]]}, "properties": {"id": "8J6HCQG3+4858", "height": 4.965648174285889, "hmax": 0.001, "ratio": 0.0, "vulnClass": "none"}}, {"type": "Feature", "geometry": {"type": "MultiPolygon", "coordinates": [[[[71.75323998, 34.42510151], [71.75323989, 34.42508506], [71.75320949, 34.42508518], [71.75321026, 34.42521702], [71.75327265, 34.42521677], [71.75327197, 34.42510138], [71.75323998, 34.42510151]]]]}, "properties": {"id": "8J6HCQG3+3794", "height": 3.706304550170898, "hmax": 0.001, "ratio": 0.0, "vulnClass": "none"}}, {"type": "Feature", "geometry": {"type": "MultiPolygon", "coordinates": [[[[71.753171, 34.42520537], [71.75311401, 34.42520385], [71.7531101, 34.42530461], [71.75316709, 34.42530612], [71.753171, 34.42520537]]]]}, "properties": {"id": "8J6HCQG3+4723", "height": 3.497603416442871, "hmax": 0.001, "ratio": 0.0, "vulnClass": "none"}}, {"type": "Feature", "geometry": {"type": "MultiPolygon", "coordinates": [[[[71.75305043, 34.42528034], [71.75305218, 34.42523737], [71.75299471, 34.42523576], [71.75299296, 34.42527873], [71.75305043, 34.42528034]]]]}, "properties": {"id": "8J6HCQG3+4628", "height": 4.05201244354248, "hmax": 0.0, "ratio": 0.0, "vulnClass": "none"}}, {"type": "Feature", "geometry": {"type": "MultiPolygon", "coordinates": [[[[71.75316656, 34.42530597], [71.7531101, 34.42530419], [71.75310872, 34.42533447], [71.75316518, 34.42533624], [71.75316656, 34.42530597]]]]}, "properties": {"id": "8J6HCQG3+47CV", "height": 2.628482103347778, "hmax": 0.001, "ratio": 0.0, "vulnClass": "none"}}, {"type": "Feature", "geometry": {"type": "MultiPolygon", "coordinates": [[[[71.75314648, 34.42538303], [71.75302271, 34.42537791], [71.75302036, 34.4254169], [71.75314413, 34.42542203], [71.75314648, 34.42538303]]]]}, "properties": {"id": "8J6HCQG3+564W", "height": 3.336975574493408, "hmax": 0.0, "ratio": 0.0, "vulnClass": "none"}}, {"type": "Feature", "geometry": {"type": "MultiPolygon", "coordinates": [[[[71.75297389, 34.42544048], [71.75293549, 34.4254393], [71.75293362, 34.42548126], [71.75297202, 34.42548243], [71.75297389, 34.42544048]]]]}, "properties": {"id": "8J6HCQG3+55PG", "height": 2.83958101272583, "hmax": 0.0, "ratio": 0.0, "vulnClass": "none"}}, {"type": "Feature", "geometry": {"type": "MultiPolygon", "coordinates": [[[[71.7529907, 34.42549123], [71.75294756, 34.42549108], [71.75294726, 34.4255504], [71.75299039, 34.42555055], [71.7529907, 34.42549123]]]]}, "properties": {"id": "8J6HCQG3+655R", "height": 4.300374031066895, "hmax": 0.0, "ratio": 0.0, "vulnClass": "none"}}, {"type": "Feature", "geometry": {"type": "MultiPolygon", "coordinates": [[[[71.75344167, 34.42548231], [71.75338905, 34.42548912], [71.75340184, 34.42555703], [71.75361928, 34.4255289], [71.75361157, 34.42548798], [71.75344675, 34.4255093], [71.75344167, 34.42548231]]]]}, "properties": {"id": "8J6HCQG3+695Q", "height": 4.845817565917969, "hmax": 0.0, "ratio": 0.0, "vulnClass": "none"}}, {"type": "Feature", "geometry": {"type": "MultiPolygon", "coordinates": [[[[71.75342987, 34.42543373], [71.75338274, 34.42543326], [71.75338202, 34.42548233], [71.75342915, 34.4254828], [71.75342987, 34.42543373]]]]}, "properties": {"id": "8J6HCQG3+59J9", "height": 4.005811214447021, "hmax": 0.0, "ratio": 0.0, "vulnClass": "none"}}, {"type": "Feature", "geometry": {"type": "MultiPolygon", "coordinates": [[[[71.75338066, 34.42537172], [71.75332528, 34.42536796], [71.75332093, 34.42541202], [71.75337632, 34.42541578], [71.75338066, 34.42537172]]]]}, "properties": {"id": "8J6HCQG3+585J", "height": 2.84882926940918, "hmax": 0.0, "ratio": 0.0, "vulnClass": "none"}}, {"type": "Feature", "geometry": {"type": "MultiPolygon", "coordinates": [[[[71.75325184, 34.42532239], [71.75319382, 34.42531919], [71.75318788, 34.42539313], [71.7532459, 34.42539633], [71.75325184, 34.42532239]]]]}, "properties": {"id": "8J6HCQG3+47X6", "height": 3.183457851409912, "hmax": 0.0, "ratio": 0.0, "vulnClass": "none"}}, {"type": "Feature", "geometry": {"type": "MultiPolygon", "coordinates": [[[[71.75345743, 34.42539198], [71.75344892, 34.42534994], [71.75337451, 34.42536028], [71.75338303, 34.42540233], [71.75345743, 34.42539198]]]]}, "properties": {"id": "8J6HCQG3+5933", "height": 3.194121837615967, "hmax": 0.0, "ratio": 0.0, "vulnClass": "none"}}, {"type": "Feature", "geometry": {"type": "MultiPolygon", "coordinates": [[[[71.75349783, 34.42541234], [71.75345433, 34.42541667], [71.75345799, 34.42544191], [71.75350149, 34.42543758], [71.75349783, 34.42541234]]]]}, "properties": {"id": "8J6HCQG3+59H3", "height": 3.811275243759155, "hmax": 0.0, "ratio": 0.0, "vulnClass": "none"}}, {"type": "Feature", "geometry": {"type": "MultiPolygon", "coordinates": [[[[71.75368962, 34.42544281], [71.75368163, 34.4253882], [71.75363852, 34.42539253], [71.75364651, 34.42544714], [71.75368962, 34.42544281]]]]}, "properties": {"id": "8J6HCQG3+5F7M", "height": 4.783948421478271, "hmax": 0.0, "ratio": 0.0, "vulnClass": "none"}}, {"type": "Feature", "geometry": {"type": "MultiPolygon", "coordinates": [[[[71.75385186, 34.42535713], [71.75381625, 34.42535576], [71.75381424, 34.42539186], [71.75384984, 34.42539322], [71.75385186, 34.42535713]]]]}, "properties": {"id": "8J6HCQG3+4GWW", "height": 4.502132415771484, "hmax": 0.0, "ratio": 0.0, "vulnClass": "none"}}, {"type": "Feature", "geometry": {"type": "MultiPolygon", "coordinates": [[[[71.7538614, 34.42539034], [71.75378597, 34.42539431], [71.75378794, 34.42541992], [71.75386336, 34.42541594], [71.7538614, 34.42539034]]]]}, "properties": {"id": "8J6HCQG3+5G87", "height": 4.375274181365967, "hmax": 0.0, "ratio": 0.0, "vulnClass": "none"}}, {"type": "Feature", "geometry": {"type": "MultiPolygon", "coordinates": [[[[71.75380013, 34.42541328], [71.75372855, 34.42541945], [71.75373514, 34.42547193], [71.75380672, 34.42546575], [71.75380013, 34.42541328]]]]}, "properties": {"id": "8J6HCQG3+5GCP", "height": 4.164268970489502, "hmax": 0.0, "ratio": 0.0, "vulnClass": "none"}}, {"type": "Feature", "geometry": {"type": "MultiPolygon", "coordinates": [[[[71.75381838, 34.42553261], [71.75395625, 34.42553201], [71.75395589, 34.42547505], [71.75391914, 34.42547521], [71.75391927, 34.42549471], [71.75379586, 34.42549525], [71.75379598, 34.4255142], [71.75381826, 34.42551411], [71.75381838, 34.42553261]]]]}, "properties": {"id": "8J6HCQG3+6H27", "height": 4.901505947113037, "hmax": 0.0, "ratio": 0.0, "vulnClass": "none"}}, {"type": "Feature", "geometry": {"type": "MultiPolygon", "coordinates": [[[[71.75368386, 34.42547581], [71.75361053, 34.42548623], [71.75361901, 34.42552717], [71.75369233, 34.42551674], [71.75368386, 34.42547581]]]]}, "properties": {"id": "8J6HCQG3+6F25", "height": 4.845817565917969, "hmax": 0.0, "ratio": 0.0, "vulnClass": "none"}}, {"type": "Feature", "geometry": {"type": "MultiPolygon", "coordinates": [[[[71.75373602, 34.42568589], [71.7537289, 34.42564309], [71.7534806, 34.42567146], [71.75348772, 34.42571427], [71.75373602, 34.42568589]]]]}, "properties": {"id": "8J6HCQG3+7CH3", "height": 4.44660472869873, "hmax": 0.0, "ratio": 0.0, "vulnClass": "none"}}, {"type": "Feature", "geometry": {"type": "MultiPolygon", "coordinates": [[[[71.75361034, 34.42560441], [71.7536059, 34.42557779], [71.75354977, 34.42558422], [71.75355421, 34.42561084], [71.75361034, 34.42560441]]]]}, "properties": {"id": "8J6HCQG3+6CPP", "height": 4.245971202850342, "hmax": 0.0, "ratio": 0.0, "vulnClass": "none"}}, {"type": "Feature", "geometry": {"type": "MultiPolygon", "coordinates": [[[[71.75382978, 34.42555072], [71.75375195, 34.42556022], [71.75376719, 34.42564593], [71.75384502, 34.42563643], [71.75382978, 34.42555072]]]]}, "properties": {"id": "8J6HCQG3+6GMW", "height": 3.932581424713135, "hmax": 0.0, "ratio": 0.0, "vulnClass": "none"}}, {"type": "Feature", "geometry": {"type": "MultiPolygon", "coordinates": [[[[71.75382315, 34.42567649], [71.75381844, 34.42563626], [71.75375796, 34.42564113], [71.75376267, 34.42568135], [71.75382315, 34.42567649]]]]}, "properties": {"id": "8J6HCQG3+7G77", "height": 3.501551389694214, "hmax": 0.0, "ratio": 0.0, "vulnClass": "none"}}, {"type": "Feature", "geometry": {"type": "MultiPolygon", "coordinates": [[[[71.7538215, 34.42577557], [71.75375595, 34.42576266], [71.75374391, 34.42580466], [71.75380946, 34.42581756], [71.7538215, 34.42577557]]]]}, "properties": {"id": "8J6HCQG3+8G7J", "height": 3.189197063446045, "hmax": 0.0, "ratio": 0.0, "vulnClass": "none"}}, {"type": "Feature", "geometry": {"type": "MultiPolygon", "coordinates": [[[[71.75338368, 34.42568599], [71.75324845, 34.42568336], [71.75324701, 34.4257307], [71.75338224, 34.42573352], [71.75338368, 34.42568599]]]]}, "properties": {"id": "8J6HCQG3+78P6", "height": 3.099291324615479, "hmax": 0.0, "ratio": 0.0, "vulnClass": "none"}}, {"type": "Feature", "geometry": {"type": "MultiPolygon", "coordinates": [[[[71.75349165, 34.42574761], [71.75346381, 34.42559986], [71.75341119, 34.42560667], [71.75343903, 34.42575442], [71.75349165, 34.42574761]]]]}, "properties": {"id": "8J6HCQG3+79G3", "height": 5.056460857391357, "hmax": 0.0, "ratio": 0.0, "vulnClass": "none"}}, {"type": "Feature", "geometry": {"type": "MultiPolygon", "coordinates": [[[[71.75345446, 34.42555022], [71.75340184, 34.42555703], [71.75341119, 34.42560667], [71.75346381, 34.42559986], [71.75345446, 34.42555022]]]]}, "properties": {"id": "8J6HCQG3+69M5", "height": 4.027502059936523, "hmax": 0.0, "ratio": 0.0, "vulnClass": "none"}}, {"type": "Feature", "geometry": {"type": "MultiPolygon", "coordinates": [[[[71.75329479, 34.4256312], [71.75321317, 34.42562956], [71.75321195, 34.42567136], [71.75329357, 34.425673], [71.75329479, 34.4256312]]]]}, "properties": {"id": "8J6HCQG3+7862", "height": 2.640320301055908, "hmax": 0.0, "ratio": 0.0, "vulnClass": "none"}}, {"type": "Feature", "geometry": {"type": "MultiPolygon", "coordinates": [[[[71.75321625, 34.42560293], [71.75315012, 34.42559808], [71.75314227, 34.42567147], [71.75320841, 34.42567633], [71.75321625, 34.42560293]]]]}, "properties": {"id": "8J6HCQG3+773G", "height": 3.933061838150024, "hmax": 0.0, "ratio": 0.0, "vulnClass": "none"}}, {"type": "Feature", "geometry": {"type": "MultiPolygon", "coordinates": [[[[71.75302223, 34.42560592], [71.7529538, 34.42560535], [71.75295331, 34.42564602], [71.75302173, 34.42564658], [71.75302223, 34.42560592]]]]}, "properties": {"id": "8J6HCQG3+7554", "height": 3.587275505065918, "hmax": 0.0, "ratio": 0.0, "vulnClass": "none"}}, {"type": "Feature", "geometry": {"type": "MultiPolygon", "coordinates": [[[[71.75310448, 34.42560903], [71.75302499, 34.4256087], [71.75302475, 34.42564832], [71.75310424, 34.42564865], [71.75310448, 34.42560903]]]]}, "properties": {"id": "8J6HCQG3+7642", "height": 3.587275505065918, "hmax": 0.0, "ratio": 0.0, "vulnClass": "none"}}, {"type": "Feature", "geometry": {"type": "MultiPolygon", "coordinates": [[[[71.75319331, 34.42568162], [71.75314978, 34.42567982], [71.75314849, 34.42570126], [71.75319201, 34.42570306], [71.75319331, 34.42568162]]]]}, "properties": {"id": "8J6HCQG3+77FM", "height": 2.666730880737305, "hmax": 0.0, "ratio": 0.0, "vulnClass": "none"}}, {"type": "Feature", "geometry": {"type": "MultiPolygon", "coordinates": [[[[71.75311202, 34.42582309], [71.75310035, 34.42577972], [71.75298382, 34.42580126], [71.7529955, 34.42584463], [71.75311202, 34.42582309]]]]}, "properties": {"id": "8J6HCQG3+86FG", "height": 3.459856510162354, "hmax": 0.0, "ratio": 0.0, "vulnClass": "none"}}, {"type": "Feature", "geometry": {"type": "MultiPolygon", "coordinates": [[[[71.75294377, 34.42566446], [71.75290954, 34.4256685], [71.75291692, 34.42571142], [71.75295115, 34.42570738], [71.75294377, 34.42566446]]]]}, "properties": {"id": "8J6HCQG3+75FH", "height": 3.666079044342041, "hmax": 0.0, "ratio": 0.0, "vulnClass": "none"}}, {"type": "Feature", "geometry": {"type": "MultiPolygon", "coordinates": [[[[71.75291753, 34.42575746], [71.75273218, 34.42575152], [71.75272954, 34.42580804], [71.7529149, 34.42581397], [71.75291753, 34.42575746]]]]}, "properties": {"id": "8J6HCQG3+8487", "height": 4.646650314331055, "hmax": 0.0, "ratio": 0.0, "vulnClass": "none"}}, {"type": "Feature", "geometry": {"type": "MultiPolygon", "coordinates": [[[[71.75272202, 34.42568005], [71.75267027, 34.42567748], [71.7526618, 34.42579452], [71.75271355, 34.42579709], [71.75272202, 34.42568005]]]]}, "properties": {"id": "8J6HCQG3+73WC", "height": 4.870790481567383, "hmax": 0.0, "ratio": 0.0, "vulnClass": "none"}}, {"type": "Feature", "geometry": {"type": "MultiPolygon", "coordinates": [[[[71.75278963, 34.42558043], [71.7526045, 34.42557451], [71.75260079, 34.42565408], [71.75278592, 34.42566001], [71.75278963, 34.42558043]]]]}, "properties": {"id": "8J6HCQG3+63WJ", "height": 7.89609956741333, "hmax": 0.0, "ratio": 0.0, "vulnClass": "none"}}, {"type": "Feature", "geometry": {"type": "MultiPolygon", "coordinates": [[[[71.75278592, 34.42566001], [71.75273652, 34.42565843], [71.75273218, 34.42575152], [71.75278158, 34.42575311], [71.75278592, 34.42566001]]]]}, "properties": {"id": "8J6HCQG3+74J7", "height": 4.778817653656006, "hmax": 0.0, "ratio": 0.0, "vulnClass": "none"}}, {"type": "Feature", "geometry": {"type": "MultiPolygon", "coordinates": [[[[71.75287331, 34.4256122], [71.75278119, 34.42561803], [71.75278547, 34.42566446], [71.75287759, 34.42565863], [71.75287331, 34.4256122]]]]}, "properties": {"id": "8J6HCQG3+744G", "height": 3.412818193435669, "hmax": 0.0, "ratio": 0.0, "vulnClass": "none"}}, {"type": "Feature", "geometry": {"type": "MultiPolygon", "coordinates": [[[[71.7529538, 34.42560535], [71.75288096, 34.42560475], [71.75288047, 34.42564541], [71.75295331, 34.42564602], [71.7529538, 34.42560535]]]]}, "properties": {"id": "8J6HCQG3+7533", "height": 3.224706172943115, "hmax": 0.0, "ratio": 0.0, "vulnClass": "none"}}, {"type": "Feature", "geometry": {"type": "MultiPolygon", "coordinates": [[[[71.75295466, 34.42553418], [71.75291119, 34.42553382], [71.7529107, 34.42557434], [71.75295417, 34.4255747], [71.75295466, 34.42553418]]]]}, "properties": {"id": "8J6HCQG3+65F5", "height": 3.995020866394043, "hmax": 0.0, "ratio": 0.0, "vulnClass": "none"}}, {"type": "Feature", "geometry": {"type": "MultiPolygon", "coordinates": [[[[71.75288628, 34.42542193], [71.75277723, 34.42541908], [71.75277566, 34.42546057], [71.7528847, 34.42546342], [71.75288628, 34.42542193]]]]}, "properties": {"id": "8J6HCQG3+54GP", "height": 3.955229997634888, "hmax": 0.0, "ratio": 0.0, "vulnClass": "none"}}, {"type": "Feature", "geometry": {"type": "MultiPolygon", "coordinates": [[[[71.75295407, 34.42538025], [71.75289402, 34.42537711], [71.75289081, 34.42541924], [71.75295086, 34.42542238], [71.75295407, 34.42538025]]]]}, "properties": {"id": "8J6HCQG3+553W", "height": 3.766283512115479, "hmax": 0.0, "ratio": 0.0, "vulnClass": "none"}}, {"type": "Feature", "geometry": {"type": "MultiPolygon", "coordinates": [[[[71.75287848, 34.42534098], [71.75279878, 34.42533825], [71.75279445, 34.42542516], [71.75283777, 34.42542664], [71.75283828, 34.4254164], [71.75287465, 34.42541765], [71.75287848, 34.42534098]]]]}, "properties": {"id": "8J6HCQG3+5448", "height": 3.93938684463501, "hmax": 0.0, "ratio": 0.0, "vulnClass": "none"}}, {"type": "Feature", "geometry": {"type": "MultiPolygon", "coordinates": [[[[71.75241265, 34.42580477], [71.75244283, 34.42573966], [71.75240946, 34.42572904], [71.75237928, 34.42579415], [71.75241265, 34.42580477]]]]}, "properties": {"id": "8J6HCQG2+8X3J", "height": 3.73764705657959, "hmax": 0.0, "ratio": 0.0, "vulnClass": "none"}}, {"type": "Feature", "geometry": {"type": "MultiPolygon", "coordinates": [[[[71.75248975, 34.42576941], [71.75244052, 34.42575209], [71.75241294, 34.42580593], [71.75246217, 34.42582324], [71.75248975, 34.42576941]]]]}, "properties": {"id": "8J6HCQG2+8X8F", "height": 3.73764705657959, "hmax": 0.0, "ratio": 0.0, "vulnClass": "none"}}, {"type": "Feature", "geometry": {"type": "MultiPolygon", "coordinates": [[[[71.7509499, 34.424868], [71.7508897, 34.4248674], [71.7508876, 34.4250225], [71.7508862, 34.4251291], [71.750989, 34.42513], [71.7509895, 34.4250906], [71.7509469, 34.4250902], [71.7509499, 34.424868]]]]}, "properties": {"id": "8J6HCQG2+2938", "height": 2.965711832046509, "hmax": 0.0, "ratio": 0.0, "vulnClass": "none"}}, {"type": "Feature", "geometry": {"type": "MultiPolygon", "coordinates": [[[[71.75155147, 34.42621059], [71.7514912, 34.42621043], [71.75149042, 34.42641285], [71.75155069, 34.42641301], [71.75155147, 34.42621059]]]]}, "properties": {"id": "8J6HCQG2+GJCG", "height": 3.46590518951416, "hmax": 0.0, "ratio": 0.0, "vulnClass": "none"}}, {"type": "Feature", "geometry": {"type": "MultiPolygon", "coordinates": [[[[71.75259253, 34.42681296], [71.75255977, 34.42681681], [71.75256555, 34.42685063], [71.75259831, 34.42684678], [71.75259253, 34.42681296]]]]}, "properties": {"id": "8J6HCQG3+P2P8", "height": 3.660928249359131, "hmax": 0.0, "ratio": 0.0, "vulnClass": "none"}}, {"type": "Feature", "geometry": {"type": "MultiPolygon", "coordinates": [[[[71.75265172, 34.4269557], [71.75262161, 34.42687135], [71.75244798, 34.4269139], [71.75247809, 34.42699825], [71.75265172, 34.4269557]]]]}, "properties": {"id": "8J6HCQG3+Q2F8", "height": 3.96981954574585, "hmax": 0.0, "ratio": 0.0, "vulnClass": "none"}}, {"type": "Feature", "geometry": {"type": "MultiPolygon", "coordinates": [[[[71.75381504, 34.42640293], [71.75378235, 34.42640286], [71.75378226, 34.42642922], [71.75381495, 34.4264293], [71.75381504, 34.42640293]]]]}, "properties": {"id": "8J6HCQG3+HG7P", "height": 3.256259918212891, "hmax": 0.0, "ratio": 0.0, "vulnClass": "none"}}, {"type": "Feature", "geometry": {"type": "MultiPolygon", "coordinates": [[[[71.75258505, 34.42652364], [71.75231489, 34.42651846], [71.75231222, 34.42661401], [71.75258238, 34.42661919], [71.75258505, 34.42652364]]]]}, "properties": {"id": "8J6HCQG2+JXGM", "height": 3.189894676208496, "hmax": 0.0, "ratio": 0.0, "vulnClass": "none"}}, {"type": "Feature", "geometry": {"type": "MultiPolygon", "coordinates": [[[[71.75272808, 34.42619871], [71.75271784, 34.42624392], [71.75296981, 34.42628311], [71.75298586, 34.42621226], [71.75277154, 34.42617893], [71.75276574, 34.42620457], [71.75272808, 34.42619871]]]]}, "properties": {"id": "8J6HCQG3+F4X7", "height": 3.235743999481201, "hmax": 0.0, "ratio": 0.0, "vulnClass": "none"}}, {"type": "Feature", "geometry": {"type": "MultiPolygon", "coordinates": [[[[71.75280411, 34.42603514], [71.75274855, 34.4260265], [71.75273905, 34.42606846], [71.75279461, 34.4260771], [71.75280411, 34.42603514]]]]}, "properties": {"id": "8J6HCQG3+C4C4", "height": 3.07158088684082, "hmax": 0.0, "ratio": 0.0, "vulnClass": "none"}}, {"type": "Feature", "geometry": {"type": "MultiPolygon", "coordinates": [[[[71.75275695, 34.42607124], [71.75273905, 34.42606846], [71.75272343, 34.42613741], [71.75274133, 34.4261402], [71.75272808, 34.42619871], [71.75276574, 34.42620457], [71.75277383, 34.42616883], [71.75283318, 34.42617806], [71.75285395, 34.42608633], [71.75279461, 34.4260771], [71.75278732, 34.42610927], [71.75274966, 34.42610341], [71.75275695, 34.42607124]]]]}, "properties": {"id": "8J6HCQG3+F436", "height": 3.839121580123901, "hmax": 0.0, "ratio": 0.0, "vulnClass": "none"}}, {"type": "Feature", "geometry": {"type": "MultiPolygon", "coordinates": [[[[71.75264156, 34.42613014], [71.75258756, 34.42611972], [71.75255938, 34.42622002], [71.75261337, 34.42623043], [71.75264156, 34.42613014]]]]}, "properties": {"id": "8J6HCQG3+F2H2", "height": 3.176182270050049, "hmax": 0.0, "ratio": 0.0, "vulnClass": "none"}}, {"type": "Feature", "geometry": {"type": "MultiPolygon", "coordinates": [[[[71.75236998, 34.42605652], [71.75231989, 34.42604297], [71.75229894, 34.42609616], [71.75234904, 34.42610971], [71.75236998, 34.42605652]]]]}, "properties": {"id": "8J6HCQG2+CWP4", "height": 4.472733020782471, "hmax": 0.0, "ratio": 0.0, "vulnClass": "none"}}, {"type": "Feature", "geometry": {"type": "MultiPolygon", "coordinates": [[[[71.75241856, 34.42612369], [71.75235454, 34.42609915], [71.75233251, 34.4261386], [71.75239653, 34.42616314], [71.75241856, 34.42612369]]]]}, "properties": {"id": "8J6HCQG2+FX26", "height": 3.305397510528564, "hmax": 0.0, "ratio": 0.0, "vulnClass": "none"}}, {"type": "Feature", "geometry": {"type": "MultiPolygon", "coordinates": [[[[71.75246907, 34.42595648], [71.75242145, 34.42595227], [71.7524182, 34.42597749], [71.75246582, 34.42598171], [71.75246907, 34.42595648]]]]}, "properties": {"id": "8J6HCQG2+9XPJ", "height": 3.434661388397217, "hmax": 0.0, "ratio": 0.0, "vulnClass": "none"}}, {"type": "Feature", "geometry": {"type": "MultiPolygon", "coordinates": [[[[71.75237081, 34.42605489], [71.75241393, 34.42595088], [71.75236036, 34.42593563], [71.75231724, 34.42603965], [71.75237081, 34.42605489]]]]}, "properties": {"id": "8J6HCQG2+9WXW", "height": 4.505558490753174, "hmax": 0.0, "ratio": 0.0, "vulnClass": "none"}}, {"type": "Feature", "geometry": {"type": "MultiPolygon", "coordinates": [[[[71.75246069, 34.42581969], [71.7524062, 34.42580457], [71.75237909, 34.42587163], [71.75243358, 34.42588676], [71.75246069, 34.42581969]]]]}, "properties": {"id": "8J6HCQG2+8XMV", "height": 2.986386775970459, "hmax": 0.0, "ratio": 0.0, "vulnClass": "none"}}, {"type": "Feature", "geometry": {"type": "MultiPolygon", "coordinates": [[[[71.75260076, 34.42580322], [71.75251075, 34.42579547], [71.75250605, 34.42583299], [71.75259606, 34.42584074], [71.75260076, 34.42580322]]]]}, "properties": {"id": "8J6HCQG3+82FP", "height": 3.262620449066162, "hmax": 0.0, "ratio": 0.0, "vulnClass": "none"}}, {"type": "Feature", "geometry": {"type": "MultiPolygon", "coordinates": [[[[71.75265573, 34.42581019], [71.75259045, 34.4258059], [71.75258662, 34.42584587], [71.75265191, 34.42585016], [71.75265573, 34.42581019]]]]}, "properties": {"id": "8J6HCQG3+82Q5", "height": 3.262620449066162, "hmax": 0.0, "ratio": 0.0, "vulnClass": "none"}}, {"type": "Feature", "geometry": {"type": "MultiPolygon", "coordinates": [[[[71.75266203, 34.42588279], [71.75260182, 34.425872], [71.75259503, 34.42589803], [71.75265524, 34.42590881], [71.75266203, 34.42588279]]]]}, "properties": {"id": "8J6HCQG3+932J", "height": 3.683396816253662, "hmax": 0.0, "ratio": 0.0, "vulnClass": "none"}}, {"type": "Feature", "geometry": {"type": "MultiPolygon", "coordinates": [[[[71.75274059, 34.42597216], [71.75270104, 34.42596372], [71.75269067, 34.42599711], [71.75273022, 34.42600555], [71.75274059, 34.42597216]]]]}, "properties": {"id": "8J6HCQG3+93W9", "height": 3.60619592666626, "hmax": 0.0, "ratio": 0.0, "vulnClass": "none"}}, {"type": "Feature", "geometry": {"type": "MultiPolygon", "coordinates": [[[[71.75281739, 34.4259715], [71.75276694, 34.42596975], [71.75276459, 34.42601632], [71.75281504, 34.42601807], [71.75281739, 34.4259715]]]]}, "properties": {"id": "8J6HCQG3+94VM", "height": 3.507375001907349, "hmax": 0.0, "ratio": 0.0, "vulnClass": "none"}}, {"type": "Feature", "geometry": {"type": "MultiPolygon", "coordinates": [[[[71.75291784, 34.42597891], [71.75284837, 34.42597797], [71.75284754, 34.42601981], [71.75291701, 34.42602076], [71.75291784, 34.42597891]]]]}, "properties": {"id": "8J6HCQG3+95RR", "height": 2.729252576828003, "hmax": 0.0, "ratio": 0.0, "vulnClass": "none"}}, {"type": "Feature", "geometry": {"type": "MultiPolygon", "coordinates": [[[[71.75292651, 34.42590049], [71.75277659, 34.42589528], [71.7527741, 34.42594466], [71.75292401, 34.42594987], [71.75292651, 34.42590049]]]]}, "properties": {"id": "8J6HCQG3+949R", "height": 4.310534954071045, "hmax": 0.0, "ratio": 0.0, "vulnClass": "none"}}, {"type": "Feature", "geometry": {"type": "MultiPolygon", "coordinates": [[[[71.75277929, 34.42587594], [71.75271319, 34.42586906], [71.75270372, 34.42593149], [71.75276982, 34.42593838], [71.75277929, 34.42587594]]]]}, "properties": {"id": "8J6HCQG3+9394", "height": 4.445460319519043, "hmax": 0.0, "ratio": 0.0, "vulnClass": "none"}}, {"type": "Feature", "geometry": {"type": "MultiPolygon", "coordinates": [[[[71.75302114, 34.42591788], [71.75298654, 34.42584333], [71.75293162, 34.42586083], [71.75296622, 34.42593538], [71.75302114, 34.42591788]]]]}, "properties": {"id": "8J6HCQG3+955C", "height": 3.310913562774658, "hmax": 0.0, "ratio": 0.0, "vulnClass": "none"}}, {"type": "Feature", "geometry": {"type": "MultiPolygon", "coordinates": [[[[71.75321035, 34.4259113], [71.753167, 34.42589756], [71.7531533, 34.42592721], [71.75319665, 34.42594096], [71.75321035, 34.4259113]]]]}, "properties": {"id": "8J6HCQG3+977Q", "height": 3.332887172698975, "hmax": 0.0, "ratio": 0.0, "vulnClass": "none"}}, {"type": "Feature", "geometry": {"type": "MultiPolygon", "coordinates": [[[[71.75348485, 34.42580942], [71.75339071, 34.4258216], [71.75339797, 34.42586014], [71.75349211, 34.42584797], [71.75348485, 34.42580942]]]]}, "properties": {"id": "8J6HCQG3+89P6", "height": 5.435718059539795, "hmax": 0.0, "ratio": 0.0, "vulnClass": "none"}}, {"type": "Feature", "geometry": {"type": "MultiPolygon", "coordinates": [[[[71.75335973, 34.42584654], [71.7533325, 34.42586375], [71.75336093, 34.42589463], [71.75338815, 34.42587742], [71.75335973, 34.42584654]]]]}, "properties": {"id": "8J6HCQG3+88XW", "height": 2.942705631256104, "hmax": 0.0, "ratio": 0.0, "vulnClass": "none"}}, {"type": "Feature", "geometry": {"type": "MultiPolygon", "coordinates": [[[[71.75339184, 34.42592319], [71.7533633, 34.4258936], [71.75329604, 34.42593816], [71.75335427, 34.4259985], [71.75339485, 34.42597162], [71.75336516, 34.42594086], [71.75339184, 34.42592319]]]]}, "properties": {"id": "8J6HCQG3+98HR", "height": 3.039982557296753, "hmax": 0.0, "ratio": 0.0, "vulnClass": "none"}}, {"type": "Feature", "geometry": {"type": "MultiPolygon", "coordinates": [[[[71.75340607, 34.42597952], [71.75336659, 34.42599398], [71.75339037, 34.42603855], [71.75342984, 34.42602409], [71.75340607, 34.42597952]]]]}, "properties": {"id": "8J6HCQG3+C928", "height": 2.83083701133728, "hmax": 0.0, "ratio": 0.0, "vulnClass": "none"}}, {"type": "Feature", "geometry": {"type": "MultiPolygon", "coordinates": [[[[71.75331654, 34.42600898], [71.75327657, 34.42597193], [71.7532405, 34.42599866], [71.75328047, 34.4260357], [71.75331654, 34.42600898]]]]}, "properties": {"id": "8J6HCQG3+C825", "height": 3.475203514099121, "hmax": 0.0, "ratio": 0.0, "vulnClass": "none"}}, {"type": "Feature", "geometry": {"type": "MultiPolygon", "coordinates": [[[[71.75306567, 34.4259964], [71.75301444, 34.42600695], [71.75304794, 34.42611861], [71.75309917, 34.42610805], [71.75306567, 34.4259964]]]]}, "properties": {"id": "8J6HCQG3+C6F9", "height": 3.868967294692993, "hmax": 0.0, "ratio": 0.0, "vulnClass": "none"}}, {"type": "Feature", "geometry": {"type": "MultiPolygon", "coordinates": [[[[71.75308988, 34.42612302], [71.75305568, 34.4261177], [71.75304839, 34.42614987], [71.75308259, 34.42615519], [71.75308988, 34.42612302]]]]}, "properties": {"id": "8J6HCQG3+F64C", "height": 3.500200271606445, "hmax": 0.0, "ratio": 0.0, "vulnClass": "none"}}, {"type": "Feature", "geometry": {"type": "MultiPolygon", "coordinates": [[[[71.7530478, 34.42612969], [71.75299059, 34.4261266], [71.75298614, 34.42618317], [71.75304335, 34.42618625], [71.7530478, 34.42612969]]]]}, "properties": {"id": "8J6HCQG3+F668", "height": 3.363881826400757, "hmax": 0.0, "ratio": 0.0, "vulnClass": "none"}}, {"type": "Feature", "geometry": {"type": "MultiPolygon", "coordinates": [[[[71.75304006, 34.42618666], [71.7529933, 34.42617939], [71.75298005, 34.4262379], [71.75302681, 34.42624517], [71.75304006, 34.42618666]]]]}, "properties": {"id": "8J6HCQG3+F6JF", "height": 2.711093902587891, "hmax": 0.0, "ratio": 0.0, "vulnClass": "none"}}, {"type": "Feature", "geometry": {"type": "MultiPolygon", "coordinates": [[[[71.75318933, 34.42626861], [71.75308787, 34.42628803], [71.75310369, 34.4263448], [71.75320515, 34.42632538], [71.75318933, 34.42626861]]]]}, "properties": {"id": "8J6HCQG3+G7C8", "height": 3.041350364685059, "hmax": 0.0, "ratio": 0.0, "vulnClass": "none"}}, {"type": "Feature", "geometry": {"type": "MultiPolygon", "coordinates": [[[[71.75320478, 34.42623583], [71.75317267, 34.42623633], [71.75317335, 34.42626603], [71.75320546, 34.42626553], [71.75320478, 34.42623583]]]]}, "properties": {"id": "8J6HCQG3+G742", "height": 3.231797218322754, "hmax": 0.0, "ratio": 0.0, "vulnClass": "none"}}, {"type": "Feature", "geometry": {"type": "MultiPolygon", "coordinates": [[[[71.75331693, 34.42617399], [71.75320341, 34.42617577], [71.75320546, 34.42626553], [71.75338844, 34.42626266], [71.7533871, 34.42620363], [71.75331763, 34.42620472], [71.75331693, 34.42617399]]]]}, "properties": {"id": "8J6HCQG3+F8MR", "height": 3.360743999481201, "hmax": 0.0, "ratio": 0.0, "vulnClass": "none"}}, {"type": "Feature", "geometry": {"type": "MultiPolygon", "coordinates": [[[[71.753495, 34.42607654], [71.75344493, 34.42608899], [71.75351173, 34.4262734], [71.7535618, 34.42626094], [71.753495, 34.42607654]]]]}, "properties": {"id": "8J6HCQG3+FC6R", "height": 3.864774942398071, "hmax": 0.0, "ratio": 0.0, "vulnClass": "none"}}, {"type": "Feature", "geometry": {"type": "MultiPolygon", "coordinates": [[[[71.75360564, 34.42629106], [71.75354757, 34.42625842], [71.7535183, 34.42629419], [71.75357636, 34.42632682], [71.75360564, 34.42629106]]]]}, "properties": {"id": "8J6HCQG3+GC7Q", "height": 3.145505905151367, "hmax": 0.0, "ratio": 0.0, "vulnClass": "none"}}, {"type": "Feature", "geometry": {"type": "MultiPolygon", "coordinates": [[[[71.7536757, 34.42626254], [71.75366406, 34.42621836], [71.75359999, 34.42622996], [71.75361163, 34.42627414], [71.7536757, 34.42626254]]]]}, "properties": {"id": "8J6HCQG3+FFRV", "height": 2.581441640853882, "hmax": 0.0, "ratio": 0.0, "vulnClass": "none"}}, {"type": "Feature", "geometry": {"type": "MultiPolygon", "coordinates": [[[[71.75382286, 34.42629101], [71.75378606, 34.42625555], [71.75372017, 34.4263025], [71.75375696, 34.42633796], [71.75382286, 34.42629101]]]]}, "properties": {"id": "8J6HCQG3+GG6W", "height": 3.296897888183594, "hmax": 0.0, "ratio": 0.0, "vulnClass": "none"}}, {"type": "Feature", "geometry": {"type": "MultiPolygon", "coordinates": [[[[71.75375975, 34.42592349], [71.75368578, 34.42592201], [71.75368465, 34.42596088], [71.75375861, 34.42596236], [71.75375975, 34.42592349]]]]}, "properties": {"id": "8J6HCQG3+9FHJ", "height": 2.777993202209473, "hmax": 0.0, "ratio": 0.0, "vulnClass": "none"}}, {"type": "Feature", "geometry": {"type": "MultiPolygon", "coordinates": [[[[71.75354004, 34.42602097], [71.75348026, 34.42603584], [71.753495, 34.42607654], [71.75355478, 34.42606167], [71.75354004, 34.42602097]]]]}, "properties": {"id": "8J6HCQG3+CC6W", "height": 3.370963573455811, "hmax": 0.0, "ratio": 0.0, "vulnClass": "none"}}, {"type": "Feature", "geometry": {"type": "MultiPolygon", "coordinates": [[[[71.75353367, 34.42599506], [71.75351593, 34.42595244], [71.75343829, 34.42597462], [71.75345603, 34.42601725], [71.75353367, 34.42599506]]]]}, "properties": {"id": "8J6HCQG3+99X8", "height": 4.076669692993164, "hmax": 0.0, "ratio": 0.0, "vulnClass": "none"}}, {"type": "Feature", "geometry": {"type": "MultiPolygon", "coordinates": [[[[71.75364296, 34.42597319], [71.75363283, 34.42592773], [71.75355053, 34.42594032], [71.75356066, 34.42598578], [71.75364296, 34.42597319]]]]}, "properties": {"id": "8J6HCQG3+9CQ6", "height": 3.513374805450439, "hmax": 0.0, "ratio": 0.0, "vulnClass": "none"}}, {"type": "Feature", "geometry": {"type": "MultiPolygon", "coordinates": [[[[71.75368383, 34.42587831], [71.75363608, 34.42587865], [71.75363702, 34.42596816], [71.75368477, 34.42596782], [71.75368383, 34.42587831]]]]}, "properties": {"id": "8J6HCQG3+9F7R", "height": 3.304947853088379, "hmax": 0.0, "ratio": 0.0, "vulnClass": "none"}}, {"type": "Feature", "geometry": {"type": "MultiPolygon", "coordinates": [[[[71.75387816, 34.42581893], [71.75383818, 34.42581324], [71.7538036, 34.42598004], [71.75390896, 34.42599503], [71.75391676, 34.42595739], [71.75385138, 34.42594808], [71.75387816, 34.42581893]]]]}, "properties": {"id": "8J6HCQG3+9G9J", "height": 3.871906042098999, "hmax": 0.0, "ratio": 0.0, "vulnClass": "none"}}, {"type": "Feature", "geometry": {"type": "MultiPolygon", "coordinates": [[[[71.75403997, 34.42580056], [71.75396124, 34.4258142], [71.75397019, 34.4258497], [71.75404893, 34.42583606], [71.75403997, 34.42580056]]]]}, "properties": {"id": "8J6HCQG3+8JJ2", "height": 4.411762237548828, "hmax": 0.0, "ratio": 0.0, "vulnClass": "none"}}, {"type": "Feature", "geometry": {"type": "MultiPolygon", "coordinates": [[[[71.7540583, 34.42589812], [71.75405011, 34.42584218], [71.75399612, 34.4258476], [71.7540043, 34.42590354], [71.7540583, 34.42589812]]]]}, "properties": {"id": "8J6HCQG3+8JRX", "height": 4.411762237548828, "hmax": 0.0, "ratio": 0.0, "vulnClass": "none"}}, {"type": "Feature", "geometry": {"type": "MultiPolygon", "coordinates": [[[[71.75406255, 34.4259637], [71.75406472, 34.42591854], [71.75397461, 34.42591557], [71.75397244, 34.42596073], [71.75406255, 34.4259637]]]]}, "properties": {"id": "8J6HCQG3+9JCG", "height": 3.942018032073975, "hmax": 0.0, "ratio": 0.0, "vulnClass": "none"}}, {"type": "Feature", "geometry": {"type": "MultiPolygon", "coordinates": [[[[71.75422905, 34.42596921], [71.75393245, 34.4259594], [71.75391984, 34.42622129], [71.75416972, 34.42622955], [71.75417188, 34.42618459], [71.75421861, 34.42618614], [71.75422905, 34.42596921]]]]}, "properties": {"id": "8J6HCQG3+CJPM", "height": 5.470523357391357, "hmax": 0.0, "ratio": 0.0, "vulnClass": "none"}}, {"type": "Feature", "geometry": {"type": "MultiPolygon", "coordinates": [[[[71.75467575, 34.42582738], [71.75457561, 34.42582514], [71.75457385, 34.42587913], [71.75467399, 34.42588137], [71.75467575, 34.42582738]]]]}, "properties": {"id": "8J6HCQG3+8RX5", "height": 3.7755446434021, "hmax": 0.0, "ratio": 0.0, "vulnClass": "none"}}, {"type": "Feature", "geometry": {"type": "MultiPolygon", "coordinates": [[[[71.75484001, 34.42584359], [71.75469483, 34.42583595], [71.75468872, 34.42591578], [71.7548339, 34.42592341], [71.75484001, 34.42584359]]]]}, "properties": {"id": "8J6HCQG3+9W23", "height": 3.139786005020142, "hmax": 0.0, "ratio": 0.0, "vulnClass": "none"}}, {"type": "Feature", "geometry": {"type": "MultiPolygon", "coordinates": [[[[71.75464006, 34.42595867], [71.75461999, 34.42591696], [71.75454896, 34.42594043], [71.75456903, 34.42598213], [71.75464006, 34.42595867]]]]}, "properties": {"id": "8J6HCQG3+9RHR", "height": 7.8550124168396, "hmax": 0.0, "ratio": 0.0, "vulnClass": "none"}}, {"type": "Feature", "geometry": {"type": "MultiPolygon", "coordinates": [[[[71.75468991, 34.42661014], [71.75463534, 34.42656697], [71.75460078, 34.42659697], [71.75465534, 34.42664014], [71.75468991, 34.42661014]]]]}, "properties": {"id": "8J6HCQG3+JVR4", "height": 2.875766754150391, "hmax": 0.0, "ratio": 0.0, "vulnClass": "none"}}, {"type": "Feature", "geometry": {"type": "MultiPolygon", "coordinates": [[[[71.75502596, 34.42645318], [71.75496359, 34.42645993], [71.75498809, 34.42661514], [71.75505045, 34.42660839], [71.75502596, 34.42645318]]]]}, "properties": {"id": "8J6HCQG4+J266", "height": 5.535968780517578, "hmax": 0.0, "ratio": 0.0, "vulnClass": "none"}}, {"type": "Feature", "geometry": {"type": "MultiPolygon", "coordinates": [[[[71.75709918, 34.42621173], [71.75711885, 34.42617982], [71.75703398, 34.42614389], [71.75694947, 34.42628096], [71.75699349, 34.42629959], [71.75705833, 34.42619443], [71.75709918, 34.42621173]]]]}, "properties": {"id": "8J6HCQG4+FRJQ", "height": 3.007662057876587, "hmax": 0.0, "ratio": 0.0, "vulnClass": "none"}}, {"type": "Feature", "geometry": {"type": "MultiPolygon", "coordinates": [[[[71.75696127, 34.42632167], [71.75690923, 34.4263119], [71.75689379, 34.42636841], [71.75694583, 34.42637817], [71.75696127, 34.42632167]]]]}, "properties": {"id": "8J6HCQG4+GQMW", "height": 2.92476749420166, "hmax": 0.0, "ratio": 0.0, "vulnClass": "none"}}, {"type": "Feature", "geometry": {"type": "MultiPolygon", "coordinates": [[[[71.74849834, 34.42364826], [71.74812062, 34.42352755], [71.7480999, 34.42357207], [71.74847762, 34.42369279], [71.74849834, 34.42364826]]]]}, "properties": {"id": "8J6HCPFX+C8VG", "height": 2.491977214813232, "hmax": 0.0, "ratio": 0.0, "vulnClass": "none"}}, {"type": "Feature", "geometry": {"type": "MultiPolygon", "coordinates": [[[[71.74841469, 34.42345767], [71.74839283, 34.42349634], [71.7486104, 34.42358082], [71.74863226, 34.42354216], [71.74841469, 34.42345767]]]]}, "properties": {"id": "8J6HCPFX+CC2M", "height": 2.72945499420166, "hmax": 0.0, "ratio": 0.0, "vulnClass": "none"}}, {"type": "Feature", "geometry": {"type": "MultiPolygon", "coordinates": [[[[71.74834114, 34.42370716], [71.74828582, 34.42369348], [71.7482681, 34.42374272], [71.74832341, 34.4237564], [71.74834114, 34.42370716]]]]}, "properties": {"id": "8J6HCPFX+F8MW", "height": 3.151745080947876, "hmax": 0.0, "ratio": 0.0, "vulnClass": "none"}}, {"type": "Feature", "geometry": {"type": "MultiPolygon", "coordinates": [[[[71.74826242, 34.42374226], [71.74823188, 34.42373689], [71.74822706, 34.42375566], [71.74825761, 34.42376104], [71.74826242, 34.42374226]]]]}, "properties": {"id": "8J6HCPFX+F7XX", "height": 2.749417781829834, "hmax": 0.0, "ratio": 0.0, "vulnClass": "none"}}, {"type": "Feature", "geometry": {"type": "MultiPolygon", "coordinates": [[[[71.75012511, 34.4198114], [71.74986073, 34.41974807], [71.74983148, 34.41983193], [71.75009586, 34.41989526], [71.75012511, 34.4198114]]]]}, "properties": {"id": "8J6HCP9X+WXHV", "height": 2.785143136978149, "hmax": 0.0, "ratio": 0.0, "vulnClass": "none"}}, {"type": "Feature", "geometry": {"type": "MultiPolygon", "coordinates": [[[[71.74990828, 34.41734867], [71.74967413, 34.41732114], [71.74966979, 34.4173465], [71.74962642, 34.4173414], [71.74959999, 34.41749576], [71.7498775, 34.4175284], [71.74990828, 34.41734867]]]]}, "properties": {"id": "8J6HCP8X+XW6R", "height": 4.074589729309082, "hmax": 0.0, "ratio": 0.0, "vulnClass": "none"}}, {"type": "Feature", "geometry": {"type": "MultiPolygon", "coordinates": [[[[71.74991644, 34.417301], [71.749887, 34.41729754], [71.74987884, 34.41734521], [71.74990828, 34.41734867], [71.74991644, 34.417301]]]]}, "properties": {"id": "8J6HCP8X+WXCW", "height": 2.621915817260742, "hmax": 0.0, "ratio": 0.0, "vulnClass": "none"}}, {"type": "Feature", "geometry": {"type": "MultiPolygon", "coordinates": [[[[71.7496737, 34.4172725], [71.7494483, 34.417246], [71.7494358, 34.417319], [71.7496612, 34.4173455], [71.7496737, 34.4172725]]]]}, "properties": {"id": "8J6HCP8X+WR7X", "height": 3.486506700515747, "hmax": 0.0, "ratio": 0.0, "vulnClass": "none"}}, {"type": "Feature", "geometry": {"type": "MultiPolygon", "coordinates": [[[[71.74954717, 34.41737787], [71.74945166, 34.41736826], [71.74943055, 34.41751228], [71.74951636, 34.41752092], [71.74952159, 34.41748523], [71.74953129, 34.41748621], [71.74954717, 34.41737787]]]]}, "properties": {"id": "8J6HCP8X+XQHP", "height": 2.736266851425171, "hmax": 0.0, "ratio": 0.0, "vulnClass": "none"}}, {"type": "Feature", "geometry": {"type": "MultiPolygon", "coordinates": [[[[71.74907174, 34.41409808], [71.74901732, 34.41409778], [71.74901698, 34.41414116], [71.7490714, 34.41414146], [71.74907174, 34.41409808]]]]}, "properties": {"id": "8J6HCP7X+JJVM", "height": 2.949325561523438, "hmax": 0.0, "ratio": 0.0, "vulnClass": "none"}}]}