{"type": "FeatureCollection", "features": [{"type": "Feature", "geometry": {"type": "MultiPolygon", "coordinates": [[[[72.03139669, 34.15606345], [72.03127522, 34.15605796], [72.03126782, 34.15617085], [72.03132975, 34.15617365], [72.03133325, 34.15612021], [72.0313928, 34.15612291], [72.03139669, 34.15606345]]]]}, "properties": {"id": "8J6J524J+CGW7", "height": 3.424981117248535, "hmax": 0.006, "ratio": 0.002, "vulnClass": "none"}}, {"type": "Feature", "geometry": {"type": "MultiPolygon", "coordinates": [[[[72.03235389, 34.1555547], [72.03210571, 34.15555685], [72.03210677, 34.15564061], [72.03235494, 34.15563845], [72.03235389, 34.1555547]]]]}, "properties": {"id": "8J6J524J+6VQV", "height": 8.666718482971191, "hmax": 0.006, "ratio": 0.001, "vulnClass": "none"}}, {"type": "Feature", "geometry": {"type": "MultiPolygon", "coordinates": [[[[72.03130442, 34.15537675], [72.03130574, 34.155339], [72.03125212, 34.1553377], [72.0312508, 34.15537546], [72.03130442, 34.15537675]]]]}, "properties": {"id": "8J6J524J+4GR9", "height": 3.112166404724121, "hmax": 0.007, "ratio": 0.002, "vulnClass": "none"}}, {"type": "Feature", "geometry": {"type": "MultiPolygon", "coordinates": [[[[72.0318799, 34.1553053], [72.03182127, 34.15530639], [72.0318245, 34.155426], [72.03188313, 34.1554249], [72.0318799, 34.1553053]]]]}, "properties": {"id": "8J6J524J+4PXM", "height": 2.647827863693237, "hmax": 0.006, "ratio": 0.002, "vulnClass": "none"}}, {"type": "Feature", "geometry": {"type": "MultiPolygon", "coordinates": [[[[72.0330902, 34.1553207], [72.0330956, 34.1553204], [72.0330945, 34.155306], [72.033114, 34.1553049], [72.0330988, 34.1551124], [72.0330793, 34.1551134], [72.0330788, 34.1551078], [72.0331001, 34.1551074], [72.0330967, 34.1550084], [72.0330245, 34.1550101], [72.033025, 34.1550231], [72.032671, 34.1550408], [72.0326696, 34.1550199], [72.032667, 34.15502], [72.032667, 34.1550187], [72.032635, 34.1550195], [72.0326351, 34.1550215], [72.0324705, 34.1550291], [72.0324703, 34.1550234], [72.032421, 34.1550246], [72.0324212, 34.1550314], [72.0324146, 34.1550317], [72.0324272, 34.1552215], [72.032371, 34.1552242], [72.0323688, 34.1551959], [72.0323428, 34.1551966], [72.0323394, 34.1551537], [72.0321049, 34.1551665], [72.0320112, 34.1551687], [72.0320113, 34.1551715], [72.0320029, 34.155172], [72.032003, 34.1551731], [72.0319395, 34.155176], [72.031962, 34.1555148], [72.0323714, 34.155496], [72.0323746, 34.1555444], [72.0324485, 34.1555411], [72.0324523, 34.1555978], [72.0324605, 34.1555974], [72.0324606, 34.1555987], [72.0326073, 34.1555907], [72.0331066, 34.1555678], [72.0331063, 34.1555636], [72.0331342, 34.155562], [72.0331256, 34.1554528], [72.0330996, 34.1554542], [72.0330902, 34.1553207]]]]}, "properties": {"id": "8J6J524M+42GQ", "height": 9.776787757873535, "hmax": 0.005, "ratio": 0.001, "vulnClass": "none"}}, {"type": "Feature", "geometry": {"type": "MultiPolygon", "coordinates": [[[[72.03188303, 34.15430009], [72.03196602, 34.1542137], [72.03191136, 34.15417741], [72.03182837, 34.1542638], [72.03188303, 34.15430009]]]]}, "properties": {"id": "8J6J523J+MQRG", "height": 3.023786544799805, "hmax": 0.003, "ratio": 0.001, "vulnClass": "none"}}, {"type": "Feature", "geometry": {"type": "MultiPolygon", "coordinates": [[[[72.03193496, 34.15410614], [72.03166277, 34.15392617], [72.03154742, 34.15404674], [72.03158729, 34.1540731], [72.03161168, 34.15404761], [72.03165743, 34.15407786], [72.03159593, 34.15414215], [72.03169715, 34.15420908], [72.03175866, 34.15414479], [72.03180656, 34.15417647], [72.03178217, 34.15420196], [72.03181961, 34.15422671], [72.03193496, 34.15410614]]]]}, "properties": {"id": "8J6J523J+JMQ8", "height": 3.43522047996521, "hmax": 0.003, "ratio": 0.001, "vulnClass": "none"}}, {"type": "Feature", "geometry": {"type": "MultiPolygon", "coordinates": [[[[72.03193636, 34.15395937], [72.03187917, 34.1539285], [72.0318393, 34.15397954], [72.03189649, 34.15401041], [72.03193636, 34.15395937]]]]}, "properties": {"id": "8J6J523J+HQJM", "height": 3.950214862823486, "hmax": 0.003, "ratio": 0.001, "vulnClass": "none"}}, {"type": "Feature", "geometry": {"type": "MultiPolygon", "coordinates": [[[[72.03225906, 34.15381905], [72.03205673, 34.15368199], [72.03198424, 34.15375594], [72.03212546, 34.1538516], [72.03215659, 34.15381984], [72.0320971, 34.15377954], [72.0321118, 34.15376455], [72.0322324, 34.15384625], [72.03225906, 34.15381905]]]]}, "properties": {"id": "8J6J523J+GR5V", "height": 3.72569751739502, "hmax": 0.002, "ratio": 0.001, "vulnClass": "none"}}, {"type": "Feature", "geometry": {"type": "MultiPolygon", "coordinates": [[[[72.0318873, 34.15361908], [72.0318514, 34.15359493], [72.03177989, 34.1536684], [72.03181579, 34.15369255], [72.0318873, 34.15361908]]]]}, "properties": {"id": "8J6J523J+FP4P", "height": 3.654611825942993, "hmax": 0.002, "ratio": 0.001, "vulnClass": "none"}}, {"type": "Feature", "geometry": {"type": "MultiPolygon", "coordinates": [[[[72.0318511, 34.15370854], [72.03178552, 34.15367088], [72.03174799, 34.15371605], [72.03181357, 34.15375371], [72.0318511, 34.15370854]]]]}, "properties": {"id": "8J6J523J+FPMG", "height": 4.480359077453613, "hmax": 0.002, "ratio": 0.0, "vulnClass": "none"}}, {"type": "Feature", "geometry": {"type": "MultiPolygon", "coordinates": [[[[72.03205707, 34.15402941], [72.03218916, 34.15388952], [72.03206465, 34.15380827], [72.03193256, 34.15394816], [72.03205707, 34.15402941]]]]}, "properties": {"id": "8J6J523J+HR7Q", "height": 4.573952198028564, "hmax": 0.003, "ratio": 0.001, "vulnClass": "none"}}, {"type": "Feature", "geometry": {"type": "MultiPolygon", "coordinates": [[[[72.03196875, 34.15384748], [72.0319025, 34.15380424], [72.03184508, 34.15386506], [72.03191132, 34.15390829], [72.03196875, 34.15384748]]]]}, "properties": {"id": "8J6J523J+GQV6", "height": 3.722768306732178, "hmax": 0.002, "ratio": 0.001, "vulnClass": "none"}}, {"type": "Feature", "geometry": {"type": "MultiPolygon", "coordinates": [[[[72.03188112, 34.15356299], [72.03168854, 34.15343253], [72.03164716, 34.15347475], [72.0316908, 34.15350431], [72.03165966, 34.15353607], [72.03157801, 34.15348076], [72.03148652, 34.1535741], [72.03156818, 34.15362941], [72.0315314, 34.15366694], [72.03148777, 34.15363738], [72.03146139, 34.15366429], [72.03162249, 34.15377342], [72.03180826, 34.15358388], [72.03183974, 34.1536052], [72.03188112, 34.15356299]]]]}, "properties": {"id": "8J6J523J+CMMR", "height": 6.893421173095703, "hmax": 0.002, "ratio": 0.0, "vulnClass": "none"}}, {"type": "Feature", "geometry": {"type": "MultiPolygon", "coordinates": [[[[72.03198307, 34.15335207], [72.03195328, 34.15335134], [72.03195208, 34.15338543], [72.03198187, 34.15338615], [72.03198307, 34.15335207]]]]}, "properties": {"id": "8J6J523J+8QWQ", "height": 2.923992872238159, "hmax": 0.002, "ratio": 0.001, "vulnClass": "none"}}, {"type": "Feature", "geometry": {"type": "MultiPolygon", "coordinates": [[[[72.03184273, 34.15305631], [72.03175649, 34.15306766], [72.03175894, 34.1530805], [72.03179936, 34.15307518], [72.03182045, 34.15318592], [72.03186626, 34.15317989], [72.03193516, 34.15354167], [72.03184893, 34.15355302], [72.03185966, 34.15360939], [72.03188682, 34.15360581], [72.03188172, 34.15357901], [72.03198014, 34.15356606], [72.03190053, 34.15314804], [72.03186118, 34.15315322], [72.03184273, 34.15305631]]]]}, "properties": {"id": "8J6J523J+8QJ4", "height": 5.070950984954834, "hmax": 0.002, "ratio": 0.0, "vulnClass": "none"}}, {"type": "Feature", "geometry": {"type": "MultiPolygon", "coordinates": [[[[72.0322466, 34.15267952], [72.03220187, 34.15266399], [72.03218874, 34.15269014], [72.03223347, 34.15270566], [72.0322466, 34.15267952]]]]}, "properties": {"id": "8J6J523J+3VG9", "height": 7.514119148254395, "hmax": 0.043, "ratio": 0.006, "vulnClass": "none"}}, {"type": "Feature", "geometry": {"type": "MultiPolygon", "coordinates": [[[[72.03192227, 34.15302041], [72.03220218, 34.15271912], [72.0321572, 34.15269023], [72.03187729, 34.15299153], [72.03192227, 34.15302041]]]]}, "properties": {"id": "8J6J523J+4RV7", "height": 5.994841575622559, "hmax": 0.04, "ratio": 0.007, "vulnClass": "none"}}, {"type": "Feature", "geometry": {"type": "MultiPolygon", "coordinates": [[[[72.03223804, 34.15252773], [72.03219591, 34.15251603], [72.03218303, 34.15254806], [72.03222517, 34.15255977], [72.03223804, 34.15252773]]]]}, "properties": {"id": "8J6J523J+2V8G", "height": 8.19810676574707, "hmax": 0.043, "ratio": 0.005, "vulnClass": "none"}}, {"type": "Feature", "geometry": {"type": "MultiPolygon", "coordinates": [[[[72.03254643, 34.15245174], [72.03242862, 34.1523735], [72.03231877, 34.15248782], [72.03227228, 34.15245694], [72.03223764, 34.152493], [72.03228413, 34.15252387], [72.03217647, 34.15263591], [72.03229429, 34.15271415], [72.03254643, 34.15245174]]]]}, "properties": {"id": "8J6J523J+2W9M", "height": 10.057342529296875, "hmax": 0.052, "ratio": 0.005, "vulnClass": "none"}}, {"type": "Feature", "geometry": {"type": "MultiPolygon", "coordinates": [[[[72.03255463, 34.1525973], [72.03252704, 34.15257817], [72.03246707, 34.15263797], [72.03249466, 34.15265709], [72.03255463, 34.1525973]]]]}, "properties": {"id": "8J6J523M+22RM", "height": 2.829341888427734, "hmax": 0.14, "ratio": 0.05, "vulnClass": "none"}}, {"type": "Feature", "geometry": {"type": "MultiPolygon", "coordinates": [[[[72.0326042, 34.1527325], [72.032522, 34.1526765], [72.032408, 34.152792], [72.0324712, 34.1528351], [72.0324228, 34.1528842], [72.0325448, 34.1529673], [72.0325932, 34.1529182], [72.0326648, 34.152967], [72.0326982, 34.1529331], [72.0326924, 34.1529292], [72.0327729, 34.1528475], [72.0326948, 34.1527943], [72.0326142, 34.1528759], [72.0325237, 34.1528142], [72.0326042, 34.1527325]]]]}, "properties": {"id": "8J6J523M+42PJ", "height": 6.90876579284668, "hmax": 0.134, "ratio": 0.019, "vulnClass": "none"}}, {"type": "Feature", "geometry": {"type": "MultiPolygon", "coordinates": [[[[72.03242414, 34.15277303], [72.03252238, 34.15267509], [72.03249496, 34.15265607], [72.03239672, 34.15275402], [72.03242414, 34.15277303]]]]}, "properties": {"id": "8J6J523J+3XPG", "height": 4.848249912261963, "hmax": 0.09, "ratio": 0.019, "vulnClass": "none"}}, {"type": "Feature", "geometry": {"type": "MultiPolygon", "coordinates": [[[[72.03242783, 34.15278306], [72.03236498, 34.15273948], [72.03233065, 34.1527737], [72.0323935, 34.15281728], [72.03242783, 34.15278306]]]]}, "properties": {"id": "8J6J523J+4X62", "height": 5.566828727722168, "hmax": 0.043, "ratio": 0.008, "vulnClass": "none"}}, {"type": "Feature", "geometry": {"type": "MultiPolygon", "coordinates": [[[[72.03164334, 34.15234459], [72.03171763, 34.15226926], [72.03167977, 34.15224346], [72.03160548, 34.15231879], [72.03164334, 34.15234459]]]]}, "properties": {"id": "8J6J522J+WM7J", "height": 4.645767211914062, "hmax": 0.043, "ratio": 0.009, "vulnClass": "none"}}, {"type": "Feature", "geometry": {"type": "MultiPolygon", "coordinates": [[[[72.0321106, 34.1526213], [72.0316945, 34.1523351], [72.0315897, 34.1524403], [72.0317369, 34.1525416], [72.0317155, 34.1525631], [72.0319844, 34.1527481], [72.0321106, 34.1526213]]]]}, "properties": {"id": "8J6J523J+2P9J", "height": 9.510486602783203, "hmax": 0.043, "ratio": 0.005, "vulnClass": "none"}}, {"type": "Feature", "geometry": {"type": "MultiPolygon", "coordinates": [[[[72.03164334, 34.15234459], [72.03157959, 34.15230113], [72.03147402, 34.15240817], [72.03153777, 34.15245162], [72.03164334, 34.15234459]]]]}, "properties": {"id": "8J6J522J+XJ35", "height": 8.041099548339844, "hmax": 0.043, "ratio": 0.005, "vulnClass": "none"}}, {"type": "Feature", "geometry": {"type": "MultiPolygon", "coordinates": [[[[72.03195918, 34.15221393], [72.03190917, 34.15218032], [72.03185244, 34.15223867], [72.03182172, 34.15221802], [72.03173629, 34.15230588], [72.03203742, 34.15250823], [72.0322401, 34.15229977], [72.03211432, 34.15221524], [72.03205379, 34.1522775], [72.03208565, 34.15229891], [72.03206547, 34.15231966], [72.03203361, 34.15229825], [72.03197753, 34.15235594], [72.03188292, 34.15229236], [72.03195918, 34.15221393]]]]}, "properties": {"id": "8J6J522J+WQQQ", "height": 4.365882873535156, "hmax": 0.043, "ratio": 0.01, "vulnClass": "none"}}, {"type": "Feature", "geometry": {"type": "MultiPolygon", "coordinates": [[[[72.03164453, 34.15178678], [72.03156385, 34.15174453], [72.03151711, 34.15180623], [72.03159779, 34.15184847], [72.03164453, 34.15178678]]]]}, "properties": {"id": "8J6J522J+PJ8W", "height": 4.066296100616455, "hmax": 0.015, "ratio": 0.004, "vulnClass": "none"}}, {"type": "Feature", "geometry": {"type": "MultiPolygon", "coordinates": [[[[72.03165516, 34.1519282], [72.0314601, 34.15180418], [72.03139421, 34.15187581], [72.03152532, 34.15195918], [72.03143673, 34.15205549], [72.03150066, 34.15209614], [72.03165516, 34.1519282]]]]}, "properties": {"id": "8J6J522J+QJCP", "height": 4.068079948425293, "hmax": 0.016, "ratio": 0.004, "vulnClass": "none"}}, {"type": "Feature", "geometry": {"type": "MultiPolygon", "coordinates": [[[[72.03152124, 34.15170582], [72.03149217, 34.15168538], [72.03143314, 34.15174341], [72.03151068, 34.15179793], [72.03156971, 34.1517399], [72.03153847, 34.15171794], [72.0315162, 34.15173983], [72.03149897, 34.15172771], [72.03152124, 34.15170582]]]]}, "properties": {"id": "8J6J522J+MHXQ", "height": 5.566338539123535, "hmax": 0.015, "ratio": 0.003, "vulnClass": "none"}}, {"type": "Feature", "geometry": {"type": "MultiPolygon", "coordinates": [[[[72.03144572, 34.15165273], [72.03141781, 34.1516331], [72.03135878, 34.15169113], [72.03143314, 34.15174341], [72.03146166, 34.15171537], [72.03141521, 34.15168271], [72.03144572, 34.15165273]]]]}, "properties": {"id": "8J6J522J+MHFJ", "height": 5.175472736358643, "hmax": 0.019, "ratio": 0.004, "vulnClass": "none"}}, {"type": "Feature", "geometry": {"type": "MultiPolygon", "coordinates": [[[[72.03140551, 34.15154544], [72.03134865, 34.15152605], [72.03132734, 34.15156925], [72.0313842, 34.15158864], [72.03140551, 34.15154544]]]]}, "properties": {"id": "8J6J522J+JGH8", "height": 5.82927131652832, "hmax": 0.023, "ratio": 0.004, "vulnClass": "none"}}, {"type": "Feature", "geometry": {"type": "MultiPolygon", "coordinates": [[[[72.03163173, 34.15147586], [72.03159426, 34.15147455], [72.03159153, 34.15152859], [72.03162901, 34.1515299], [72.03163173, 34.15147586]]]]}, "properties": {"id": "8J6J522J+JJ54", "height": 5.163008689880371, "hmax": 0.015, "ratio": 0.003, "vulnClass": "none"}}, {"type": "Feature", "geometry": {"type": "MultiPolygon", "coordinates": [[[[72.03223442, 34.1516083], [72.03208625, 34.15151186], [72.03197194, 34.15163326], [72.03212011, 34.15172969], [72.03223442, 34.1516083]]]]}, "properties": {"id": "8J6J522J+JRXV", "height": 4.978204727172852, "hmax": 0.015, "ratio": 0.003, "vulnClass": "none"}}, {"type": "Feature", "geometry": {"type": "MultiPolygon", "coordinates": [[[[72.03229106, 34.15150494], [72.03224052, 34.15147931], [72.0321807, 34.15156086], [72.03223124, 34.15158648], [72.03229106, 34.15150494]]]]}, "properties": {"id": "8J6J522J+JV98", "height": 4.470857620239258, "hmax": 0.015, "ratio": 0.003, "vulnClass": "none"}}, {"type": "Feature", "geometry": {"type": "MultiPolygon", "coordinates": [[[[72.0327347, 34.1518074], [72.0325513, 34.1516607], [72.0323623, 34.1518239], [72.0323838, 34.1518411], [72.0323597, 34.1518619], [72.0325065, 34.1519794], [72.0325306, 34.1519586], [72.0325457, 34.1519707], [72.0327347, 34.1518074]]]]}, "properties": {"id": "8J6J522M+P2FR", "height": 6.000633239746094, "hmax": 0.048, "ratio": 0.008, "vulnClass": "none"}}, {"type": "Feature", "geometry": {"type": "MultiPolygon", "coordinates": [[[[72.03257941, 34.15100871], [72.03253416, 34.1510088], [72.03253443, 34.15110946], [72.03257969, 34.15110938], [72.03257941, 34.15100871]]]]}, "properties": {"id": "8J6J522M+C2F9", "height": 5.351226806640625, "hmax": 0.006, "ratio": 0.001, "vulnClass": "none"}}, {"type": "Feature", "geometry": {"type": "MultiPolygon", "coordinates": [[[[72.03253083, 34.15100541], [72.03240098, 34.15100707], [72.03240181, 34.15105184], [72.03253165, 34.15105018], [72.03253083, 34.15100541]]]]}, "properties": {"id": "8J6J522J+CX85", "height": 4.857738018035889, "hmax": 0.003, "ratio": 0.001, "vulnClass": "none"}}, {"type": "Feature", "geometry": {"type": "MultiPolygon", "coordinates": [[[[72.03176938, 34.15094569], [72.0317682, 34.15089259], [72.03173174, 34.15089315], [72.03173291, 34.15094625], [72.03176938, 34.15094569]]]]}, "properties": {"id": "8J6J522J+9P6J", "height": 2.679569005966187, "hmax": 0.003, "ratio": 0.001, "vulnClass": "none"}}, {"type": "Feature", "geometry": {"type": "MultiPolygon", "coordinates": [[[[72.0320649, 34.15088803], [72.03190538, 34.15089048], [72.03190957, 34.15107901], [72.03206909, 34.15107656], [72.0320649, 34.15088803]]]]}, "properties": {"id": "8J6J522J+9QX8", "height": 5.394028663635254, "hmax": 0.003, "ratio": 0.001, "vulnClass": "none"}}, {"type": "Feature", "geometry": {"type": "MultiPolygon", "coordinates": [[[[72.03214915, 34.15105036], [72.03209765, 34.15104855], [72.03209547, 34.15109157], [72.03214696, 34.15109337], [72.03214915, 34.15105036]]]]}, "properties": {"id": "8J6J522J+CRHX", "height": 3.753489017486572, "hmax": 0.003, "ratio": 0.001, "vulnClass": "none"}}, {"type": "Feature", "geometry": {"type": "MultiPolygon", "coordinates": [[[[72.03206909, 34.15107656], [72.03202845, 34.15107718], [72.03203007, 34.15115004], [72.03207071, 34.15114942], [72.03206909, 34.15107656]]]]}, "properties": {"id": "8J6J522J+CRVG", "height": 2.445520401000977, "hmax": 0.003, "ratio": 0.001, "vulnClass": "none"}}, {"type": "Feature", "geometry": {"type": "MultiPolygon", "coordinates": [[[[72.03237411, 34.15107879], [72.03237224, 34.1510021], [72.03221247, 34.15100479], [72.03221508, 34.15111197], [72.03228132, 34.15111085], [72.03228057, 34.15108037], [72.03237411, 34.15107879]]]]}, "properties": {"id": "8J6J522J+CW7R", "height": 2.956469535827637, "hmax": 0.003, "ratio": 0.001, "vulnClass": "none"}}, {"type": "Feature", "geometry": {"type": "MultiPolygon", "coordinates": [[[[72.03190343, 34.15084842], [72.03172804, 34.15085258], [72.03172947, 34.15089432], [72.03190486, 34.15089016], [72.03190343, 34.15084842]]]]}, "properties": {"id": "8J6J522J+8PWR", "height": 4.160337924957275, "hmax": 0.003, "ratio": 0.001, "vulnClass": "none"}}, {"type": "Feature", "geometry": {"type": "MultiPolygon", "coordinates": [[[[72.0317308, 34.1508512], [72.0315704, 34.1508536], [72.0315725, 34.1509487], [72.0315796, 34.1509486], [72.0315826, 34.151084], [72.0316769, 34.1510826], [72.0316774, 34.1511082], [72.0317365, 34.1511073], [72.0317308, 34.1508512]]]]}, "properties": {"id": "8J6J522J+9MMR", "height": 4.525055885314941, "hmax": 0.003, "ratio": 0.001, "vulnClass": "none"}}, {"type": "Feature", "geometry": {"type": "MultiPolygon", "coordinates": [[[[72.03156814, 34.15085417], [72.03154185, 34.15085405], [72.03154167, 34.15088114], [72.03156796, 34.15088126], [72.03156814, 34.15085417]]]]}, "properties": {"id": "8J6J522J+8JVQ", "height": 3.236424207687378, "hmax": 0.003, "ratio": 0.001, "vulnClass": "none"}}, {"type": "Feature", "geometry": {"type": "MultiPolygon", "coordinates": [[[[72.03130757, 34.1507682], [72.03125239, 34.15076826], [72.03125253, 34.15085819], [72.0314134, 34.15085801], [72.03141334, 34.15082229], [72.03130766, 34.1508224], [72.03130757, 34.1507682]]]]}, "properties": {"id": "8J6J522J+8GGR", "height": 4.841276168823242, "hmax": 0.005, "ratio": 0.001, "vulnClass": "none"}}, {"type": "Feature", "geometry": {"type": "MultiPolygon", "coordinates": [[[[72.03134941, 34.15076816], [72.03130757, 34.1507682], [72.03130766, 34.1508224], [72.03134949, 34.15082236], [72.03134941, 34.15076816]]]]}, "properties": {"id": "8J6J522J+8G8W", "height": 3.810867786407471, "hmax": 0.005, "ratio": 0.001, "vulnClass": "none"}}, {"type": "Feature", "geometry": {"type": "MultiPolygon", "coordinates": [[[[72.03195129, 34.15080879], [72.03194906, 34.15068815], [72.03162872, 34.15069224], [72.03163095, 34.15081288], [72.03195129, 34.15080879]]]]}, "properties": {"id": "8J6J522J+8P33", "height": 4.605287075042725, "hmax": 0.003, "ratio": 0.001, "vulnClass": "none"}}, {"type": "Feature", "geometry": {"type": "MultiPolygon", "coordinates": [[[[72.03162656, 34.15062593], [72.03159509, 34.15062417], [72.03159239, 34.1506574], [72.03162386, 34.15065916], [72.03162656, 34.15062593]]]]}, "properties": {"id": "8J6J522J+7J5P", "height": 2.704904079437256, "hmax": 0.003, "ratio": 0.001, "vulnClass": "none"}}, {"type": "Feature", "geometry": {"type": "MultiPolygon", "coordinates": [[[[72.03148352, 34.1505742], [72.03141836, 34.15057627], [72.03142957, 34.15081994], [72.0315897, 34.15081485], [72.03158145, 34.15063532], [72.03148647, 34.15063833], [72.03148352, 34.1505742]]]]}, "properties": {"id": "8J6J522J+7HQH", "height": 4.981762886047363, "hmax": 0.003, "ratio": 0.001, "vulnClass": "none"}}, {"type": "Feature", "geometry": {"type": "MultiPolygon", "coordinates": [[[[72.03210267, 34.15078004], [72.03209526, 34.15061898], [72.0319327, 34.15062415], [72.03194011, 34.15078521], [72.03210267, 34.15078004]]]]}, "properties": {"id": "8J6J522J+7RJ4", "height": 3.963136434555054, "hmax": 0.003, "ratio": 0.001, "vulnClass": "none"}}, {"type": "Feature", "geometry": {"type": "MultiPolygon", "coordinates": [[[[72.0324941, 34.1505373], [72.0324963, 34.1506759], [72.0326964, 34.1506737], [72.0326942, 34.150535], [72.0324941, 34.1505373]]]]}, "properties": {"id": "8J6J522M+62X6", "height": 3.423458099365234, "hmax": 0.005, "ratio": 0.002, "vulnClass": "none"}}, {"type": "Feature", "geometry": {"type": "MultiPolygon", "coordinates": [[[[72.03238075, 34.15057249], [72.03233264, 34.15057585], [72.03233666, 34.15061566], [72.03238477, 34.1506123], [72.03238075, 34.15057249]]]]}, "properties": {"id": "8J6J522J+6WQM", "height": 2.947118759155273, "hmax": 0.003, "ratio": 0.001, "vulnClass": "none"}}, {"type": "Feature", "geometry": {"type": "MultiPolygon", "coordinates": [[[[72.0323326, 34.1505759], [72.032288, 34.150579], [72.0323108, 34.150805], [72.032477, 34.1507934], [72.0324581, 34.1506072], [72.0323367, 34.1506157], [72.0323326, 34.1505759]]]]}, "properties": {"id": "8J6J522J+7XJ2", "height": 3.813888549804688, "hmax": 0.003, "ratio": 0.001, "vulnClass": "none"}}, {"type": "Feature", "geometry": {"type": "MultiPolygon", "coordinates": [[[[72.03240055, 34.15084899], [72.03223666, 34.15084407], [72.03223011, 34.15099463], [72.032394, 34.15099956], [72.03240055, 34.15084899]]]]}, "properties": {"id": "8J6J522J+9W8R", "height": 2.891775369644165, "hmax": 0.003, "ratio": 0.001, "vulnClass": "none"}}, {"type": "Feature", "geometry": {"type": "MultiPolygon", "coordinates": [[[[72.0326437, 34.1500814], [72.0325089, 34.150079], [72.0325057, 34.150205], [72.0326405, 34.1502074], [72.0326437, 34.1500814]]]]}, "properties": {"id": "8J6J522M+324M", "height": 4.461758136749268, "hmax": 0.004, "ratio": 0.001, "vulnClass": "none"}}, {"type": "Feature", "geometry": {"type": "MultiPolygon", "coordinates": [[[[72.032629, 34.1499322], [72.0325074, 34.1499328], [72.0325084, 34.1500762], [72.0326189, 34.1500756], [72.0326186, 34.1500388], [72.0326298, 34.1500388], [72.032629, 34.1499322]]]]}, "properties": {"id": "8J6J522M+2242", "height": 4.337845325469971, "hmax": 0.004, "ratio": 0.001, "vulnClass": "none"}}, {"type": "Feature", "geometry": {"type": "MultiPolygon", "coordinates": [[[[72.03248777, 34.14999911], [72.03238241, 34.14999971], [72.03238356, 34.15014005], [72.03248892, 34.15013945], [72.03248777, 34.14999911]]]]}, "properties": {"id": "8J6J522J+2XFQ", "height": 4.894660949707031, "hmax": 0.004, "ratio": 0.001, "vulnClass": "none"}}, {"type": "Feature", "geometry": {"type": "MultiPolygon", "coordinates": [[[[72.03235387, 34.14997932], [72.03227849, 34.14997975], [72.03227872, 34.15000879], [72.03225179, 34.15000895], [72.03225287, 34.15014079], [72.03238356, 34.15014005], [72.03238323, 34.15009986], [72.03235486, 34.15010002], [72.03235387, 34.14997932]]]]}, "properties": {"id": "8J6J522J+2WFQ", "height": 4.114199638366699, "hmax": 0.004, "ratio": 0.001, "vulnClass": "none"}}, {"type": "Feature", "geometry": {"type": "MultiPolygon", "coordinates": [[[[72.03253234, 34.15026471], [72.03246426, 34.15026676], [72.03247148, 34.15043242], [72.03272493, 34.15042479], [72.03272132, 34.15034182], [72.03261804, 34.15034493], [72.03261327, 34.15023534], [72.03253117, 34.15023782], [72.03253234, 34.15026471]]]]}, "properties": {"id": "8J6J522M+42W3", "height": 4.660268783569336, "hmax": 0.004, "ratio": 0.001, "vulnClass": "none"}}, {"type": "Feature", "geometry": {"type": "MultiPolygon", "coordinates": [[[[72.03241825, 34.15017381], [72.0323714, 34.15017279], [72.03237006, 34.15021539], [72.03241692, 34.1502164], [72.03241825, 34.15017381]]]]}, "properties": {"id": "8J6J522J+3XCP", "height": 4.805951118469238, "hmax": 0.004, "ratio": 0.001, "vulnClass": "none"}}, {"type": "Feature", "geometry": {"type": "MultiPolygon", "coordinates": [[[[72.0319528, 34.1502009], [72.0317896, 34.1502046], [72.031795, 34.1503704], [72.031894, 34.1503682], [72.0318952, 34.1504066], [72.0319595, 34.1504051], [72.0319528, 34.1502009]]]]}, "properties": {"id": "8J6J522J+4Q6J", "height": 5.03838062286377, "hmax": 0.003, "ratio": 0.001, "vulnClass": "none"}}, {"type": "Feature", "geometry": {"type": "MultiPolygon", "coordinates": [[[[72.03158133, 34.15036916], [72.03141452, 34.15037305], [72.03141685, 34.15044185], [72.03158366, 34.15043796], [72.03158133, 34.15036916]]]]}, "properties": {"id": "8J6J522J+5H99", "height": 4.212528705596924, "hmax": 0.003, "ratio": 0.001, "vulnClass": "none"}}, {"type": "Feature", "geometry": {"type": "MultiPolygon", "coordinates": [[[[72.0314565, 34.150219], [72.0314054, 34.1502245], [72.0314277, 34.150367], [72.0315267, 34.1503563], [72.0315095, 34.1502461], [72.0314615, 34.1502513], [72.0314565, 34.150219]]]]}, "properties": {"id": "8J6J522J+4H8X", "height": 4.534281730651855, "hmax": 0.004, "ratio": 0.001, "vulnClass": "none"}}, {"type": "Feature", "geometry": {"type": "MultiPolygon", "coordinates": [[[[72.03159911, 34.15022468], [72.03151193, 34.15022492], [72.03151227, 34.15031202], [72.03153501, 34.15031196], [72.03153519, 34.15035678], [72.03159964, 34.1503566], [72.03159911, 34.15022468]]]]}, "properties": {"id": "8J6J522J+4J7H", "height": 3.436229705810547, "hmax": 0.003, "ratio": 0.001, "vulnClass": "none"}}, {"type": "Feature", "geometry": {"type": "MultiPolygon", "coordinates": [[[[72.031755, 34.1503544], [72.0317545, 34.1502243], [72.0316098, 34.1502247], [72.0316104, 34.1503548], [72.031755, 34.1503544]]]]}, "properties": {"id": "8J6J522J+4M7H", "height": 3.780040264129639, "hmax": 0.003, "ratio": 0.001, "vulnClass": "none"}}, {"type": "Feature", "geometry": {"type": "MultiPolygon", "coordinates": [[[[72.03160898, 34.15016232], [72.0316065, 34.15005168], [72.03150259, 34.15005328], [72.03150507, 34.15016393], [72.03160898, 34.15016232]]]]}, "properties": {"id": "8J6J522J+2JV9", "height": 2.47775673866272, "hmax": 0.004, "ratio": 0.002, "vulnClass": "none"}}, {"type": "Feature", "geometry": {"type": "MultiPolygon", "coordinates": [[[[72.03136225, 34.15018233], [72.03136153, 34.14999819], [72.03126005, 34.14999846], [72.03126077, 34.1501826], [72.03136225, 34.15018233]]]]}, "properties": {"id": "8J6J522J+2GMQ", "height": 4.340841293334961, "hmax": 0.006, "ratio": 0.001, "vulnClass": "none"}}, {"type": "Feature", "geometry": {"type": "MultiPolygon", "coordinates": [[[[72.03180011, 34.14998752], [72.03170573, 34.14999138], [72.03171567, 34.15015963], [72.03183386, 34.1501548], [72.03182657, 34.15003163], [72.03180278, 34.1500326], [72.03180011, 34.14998752]]]]}, "properties": {"id": "8J6J522J+2PJ4", "height": 2.574019193649292, "hmax": 0.004, "ratio": 0.002, "vulnClass": "none"}}, {"type": "Feature", "geometry": {"type": "MultiPolygon", "coordinates": [[[[72.0316944, 34.1497043], [72.0315031, 34.1497166], [72.0315171, 34.1498673], [72.0317085, 34.149855], [72.0317031, 34.149797], [72.0316944, 34.1497043]]]]}, "properties": {"id": "8J6J42XJ+WJ9F", "height": 4.279014587402344, "hmax": 0.004, "ratio": 0.001, "vulnClass": "none"}}, {"type": "Feature", "geometry": {"type": "MultiPolygon", "coordinates": [[[[72.03227469, 34.14955636], [72.03212471, 34.14956902], [72.03213002, 34.14961256], [72.03210775, 34.14961444], [72.0321174, 34.14969348], [72.03217942, 34.14968824], [72.03217662, 34.1496653], [72.03228686, 34.149656], [72.03228966, 34.14967894], [72.03234493, 34.14967428], [72.03233528, 34.14959524], [72.03228001, 34.1495999], [72.03227469, 34.14955636]]]]}, "properties": {"id": "8J6J42XJ+RVWX", "height": 5.398391246795654, "hmax": 0.004, "ratio": 0.001, "vulnClass": "none"}}, {"type": "Feature", "geometry": {"type": "MultiPolygon", "coordinates": [[[[72.03235558, 34.149789], [72.03234862, 34.14970142], [72.03222938, 34.14970797], [72.03223634, 34.14979555], [72.03235558, 34.149789]]]]}, "properties": {"id": "8J6J42XJ+VWVV", "height": 4.090277194976807, "hmax": 0.004, "ratio": 0.001, "vulnClass": "none"}}, {"type": "Feature", "geometry": {"type": "MultiPolygon", "coordinates": [[[[72.03234524, 34.14980947], [72.03223686, 34.14981325], [72.03224008, 34.14987707], [72.03234846, 34.14987329], [72.03234524, 34.14980947]]]]}, "properties": {"id": "8J6J42XJ+WWMM", "height": 3.363025903701782, "hmax": 0.004, "ratio": 0.001, "vulnClass": "none"}}, {"type": "Feature", "geometry": {"type": "MultiPolygon", "coordinates": [[[[72.0324519, 34.1490528], [72.0323958, 34.149055], [72.0323975, 34.1490842], [72.0322691, 34.1490894], [72.0322795, 34.1492681], [72.032464, 34.1492606], [72.0324519, 34.1490528]]]]}, "properties": {"id": "8J6J42XJ+MW9Q", "height": 3.368662357330322, "hmax": 0.005, "ratio": 0.002, "vulnClass": "none"}}, {"type": "Feature", "geometry": {"type": "MultiPolygon", "coordinates": [[[[72.032535, 34.1494513], [72.03253291, 34.14940167], [72.03239982, 34.14940555], [72.03240191, 34.14945518], [72.032535, 34.1494513]]]]}, "properties": {"id": "8J6J42XJ+QXG5", "height": 2.937632322311401, "hmax": 0.004, "ratio": 0.001, "vulnClass": "none"}}, {"type": "Feature", "geometry": {"type": "MultiPolygon", "coordinates": [[[[72.03219189, 34.14946051], [72.03219217, 34.14938927], [72.03210227, 34.14938902], [72.03210199, 34.14946027], [72.03219189, 34.14946051]]]]}, "properties": {"id": "8J6J42XJ+QV6W", "height": 4.775586128234863, "hmax": 0.004, "ratio": 0.001, "vulnClass": "none"}}, {"type": "Feature", "geometry": {"type": "MultiPolygon", "coordinates": [[[[72.03227862, 34.14933772], [72.0322246, 34.14933721], [72.03222321, 34.14943952], [72.03227724, 34.14944002], [72.03227862, 34.14933772]]]]}, "properties": {"id": "8J6J42XJ+QW2C", "height": 3.700685501098633, "hmax": 0.005, "ratio": 0.001, "vulnClass": "none"}}, {"type": "Feature", "geometry": {"type": "MultiPolygon", "coordinates": [[[[72.032378, 34.1492758], [72.0322255, 34.1492744], [72.0322248, 34.1493258], [72.0322788, 34.1493263], [72.0322776, 34.1494117], [72.0323762, 34.1494126], [72.032378, 34.1492758]]]]}, "properties": {"id": "8J6J42XJ+PWPC", "height": 3.675506114959717, "hmax": 0.005, "ratio": 0.001, "vulnClass": "none"}}, {"type": "Feature", "geometry": {"type": "MultiPolygon", "coordinates": [[[[72.0319931, 34.1492892], [72.0319391, 34.1492891], [72.0319386, 34.1494163], [72.0321022, 34.1494167], [72.0321022, 34.1493987], [72.0321255, 34.1493988], [72.0321255, 34.1493891], [72.0321922, 34.1493893], [72.0321926, 34.1492797], [72.0319931, 34.1492792], [72.0319931, 34.1492892]]]]}, "properties": {"id": "8J6J42XJ+PRMX", "height": 5.496406555175781, "hmax": 0.005, "ratio": 0.001, "vulnClass": "none"}}, {"type": "Feature", "geometry": {"type": "MultiPolygon", "coordinates": [[[[72.03158103, 34.14915493], [72.03140444, 34.14915601], [72.03140562, 34.14928768], [72.0315822, 34.14928659], [72.03158103, 34.14915493]]]]}, "properties": {"id": "8J6J42XJ+MHQX", "height": 5.057109832763672, "hmax": 0.007, "ratio": 0.001, "vulnClass": "none"}}, {"type": "Feature", "geometry": {"type": "MultiPolygon", "coordinates": [[[[72.0314295, 34.1490608], [72.0313803, 34.1490611], [72.0313809, 34.1491283], [72.0314042, 34.1491282], [72.0314044, 34.149156], [72.031581, 34.1491549], [72.0315808, 34.1491271], [72.0315504, 34.1491273], [72.0315498, 34.1490601], [72.0314774, 34.1490605], [72.0314776, 34.1490813], [72.0314297, 34.1490816], [72.0314295, 34.1490608]]]]}, "properties": {"id": "8J6J42XJ+JHXC", "height": 2.991540431976318, "hmax": 0.007, "ratio": 0.002, "vulnClass": "none"}}, {"type": "Feature", "geometry": {"type": "MultiPolygon", "coordinates": [[[[72.03210673, 34.14923499], [72.03209787, 34.14907152], [72.03193639, 34.14907757], [72.03194646, 34.14926336], [72.03201888, 34.14926064], [72.03201767, 34.14923832], [72.03210673, 34.14923499]]]]}, "properties": {"id": "8J6J42XJ+MR6G", "height": 4.720795154571533, "hmax": 0.005, "ratio": 0.001, "vulnClass": "none"}}, {"type": "Feature", "geometry": {"type": "MultiPolygon", "coordinates": [[[[72.03227772, 34.14924477], [72.03226884, 34.14906813], [72.03211961, 34.14907331], [72.03212848, 34.14924995], [72.03227772, 34.14924477]]]]}, "properties": {"id": "8J6J42XJ+MV87", "height": 4.423070907592773, "hmax": 0.005, "ratio": 0.001, "vulnClass": "none"}}, {"type": "Feature", "geometry": {"type": "MultiPolygon", "coordinates": [[[[72.03179838, 34.14890448], [72.03174881, 34.14890264], [72.0317474, 34.14892909], [72.03179697, 34.14893092], [72.03179838, 34.14890448]]]]}, "properties": {"id": "8J6J42XJ+HP6P", "height": 3.074730396270752, "hmax": 0.005, "ratio": 0.002, "vulnClass": "none"}}, {"type": "Feature", "geometry": {"type": "MultiPolygon", "coordinates": [[[[72.03140703, 34.14890653], [72.03137447, 34.14890675], [72.03137481, 34.14894212], [72.03140738, 34.1489419], [72.03140703, 34.14890653]]]]}, "properties": {"id": "8J6J42XJ+HH6W", "height": 3.410083532333374, "hmax": 0.008, "ratio": 0.002, "vulnClass": "none"}}, {"type": "Feature", "geometry": {"type": "MultiPolygon", "coordinates": [[[[72.03140332, 34.14884221], [72.03137817, 34.14884252], [72.03137857, 34.14886463], [72.03140371, 34.14886432], [72.03140332, 34.14884221]]]]}, "properties": {"id": "8J6J42XJ+GHR4", "height": 4.476661205291748, "hmax": 0.008, "ratio": 0.002, "vulnClass": "none"}}, {"type": "Feature", "geometry": {"type": "MultiPolygon", "coordinates": [[[[72.0317325, 34.14861961], [72.03173284, 34.14859873], [72.03167787, 34.14859813], [72.03167753, 34.148619], [72.0317325, 34.14861961]]]]}, "properties": {"id": "8J6J42XJ+CMW8", "height": 2.552579879760742, "hmax": 0.005, "ratio": 0.002, "vulnClass": "none"}}, {"type": "Feature", "geometry": {"type": "MultiPolygon", "coordinates": [[[[72.0316033, 34.14864397], [72.03156337, 34.14864579], [72.03156689, 34.14869907], [72.03160681, 34.14869725], [72.0316033, 34.14864397]]]]}, "properties": {"id": "8J6J42XJ+FJ8W", "height": 2.559643268585205, "hmax": 0.005, "ratio": 0.002, "vulnClass": "none"}}, {"type": "Feature", "geometry": {"type": "MultiPolygon", "coordinates": [[[[72.03148887, 34.14866341], [72.03140015, 34.1486645], [72.03140293, 34.14882036], [72.0314435, 34.14881986], [72.03144428, 34.14886382], [72.03158059, 34.14886214], [72.03157806, 34.14871985], [72.0315516, 34.14872018], [72.03155096, 34.14868433], [72.03148925, 34.14868509], [72.03148887, 34.14866341]]]]}, "properties": {"id": "8J6J42XJ+GH5P", "height": 5.323671817779541, "hmax": 0.007, "ratio": 0.001, "vulnClass": "none"}}, {"type": "Feature", "geometry": {"type": "MultiPolygon", "coordinates": [[[[72.03136339, 34.14858766], [72.03132041, 34.14858796], [72.03132099, 34.14864605], [72.03136397, 34.14864576], [72.03136339, 34.14858766]]]]}, "properties": {"id": "8J6J42XJ+CGWQ", "height": 3.98148250579834, "hmax": 0.008, "ratio": 0.002, "vulnClass": "none"}}, {"type": "Feature", "geometry": {"type": "MultiPolygon", "coordinates": [[[[72.03192801, 34.14880286], [72.03191849, 34.14864928], [72.03175872, 34.14865612], [72.03176823, 34.14880971], [72.03192801, 34.14880286]]]]}, "properties": {"id": "8J6J42XJ+FPW5", "height": 3.578570365905762, "hmax": 0.005, "ratio": 0.001, "vulnClass": "none"}}, {"type": "Feature", "geometry": {"type": "MultiPolygon", "coordinates": [[[[72.032096, 34.148419], [72.0319409, 34.1484197], [72.0319412, 34.1484632], [72.0319291, 34.1484632], [72.0319299, 34.1486087], [72.0319982, 34.1486084], [72.0319981, 34.1485901], [72.032097, 34.1485897], [72.032096, 34.148419]]]]}, "properties": {"id": "8J6J42XJ+CR27", "height": 5.017449855804443, "hmax": 0.005, "ratio": 0.001, "vulnClass": "none"}}, {"type": "Feature", "geometry": {"type": "MultiPolygon", "coordinates": [[[[72.03194118, 34.14846316], [72.03194092, 34.14841968], [72.03189582, 34.14841987], [72.03189608, 34.14846335], [72.03194118, 34.14846316]]]]}, "properties": {"id": "8J6J42XJ+9QFM", "height": 3.567104816436768, "hmax": 0.005, "ratio": 0.001, "vulnClass": "none"}}, {"type": "Feature", "geometry": {"type": "MultiPolygon", "coordinates": [[[[72.0317047, 34.1484346], [72.0316074, 34.1484335], [72.031607, 34.1484604], [72.031575, 34.1484601], [72.0315728, 34.148597], [72.0317328, 34.1485987], [72.031735, 34.1484619], [72.0317043, 34.1484615], [72.0317047, 34.1484346]]]]}, "properties": {"id": "8J6J42XJ+CM2X", "height": 3.840442180633545, "hmax": 0.005, "ratio": 0.001, "vulnClass": "none"}}, {"type": "Feature", "geometry": {"type": "MultiPolygon", "coordinates": [[[[72.03160696, 34.14846044], [72.03160739, 34.14843353], [72.03155349, 34.14843294], [72.03155263, 34.14848613], [72.0315746, 34.14848638], [72.03157502, 34.14846008], [72.03160696, 34.14846044]]]]}, "properties": {"id": "8J6J42XJ+9JP3", "height": 2.813446521759033, "hmax": 0.005, "ratio": 0.002, "vulnClass": "none"}}, {"type": "Feature", "geometry": {"type": "MultiPolygon", "coordinates": [[[[72.03194771, 34.14803876], [72.03188916, 34.14804511], [72.03189509, 34.14808291], [72.03195364, 34.14807657], [72.03194771, 34.14803876]]]]}, "properties": {"id": "8J6J42XJ+6QFF", "height": 3.213748455047607, "hmax": 0.005, "ratio": 0.002, "vulnClass": "none"}}, {"type": "Feature", "geometry": {"type": "MultiPolygon", "coordinates": [[[[72.03194183, 34.14817606], [72.03194826, 34.14808396], [72.03190715, 34.14808198], [72.03190562, 34.14810392], [72.03183739, 34.14810063], [72.0318325, 34.14817078], [72.03194183, 34.14817606]]]]}, "properties": {"id": "8J6J42XJ+7Q28", "height": 3.98113751411438, "hmax": 0.005, "ratio": 0.001, "vulnClass": "none"}}, {"type": "Feature", "geometry": {"type": "MultiPolygon", "coordinates": [[[[72.03221046, 34.14816982], [72.03220251, 34.14802057], [72.03198892, 34.14802844], [72.03199545, 34.14815096], [72.03214551, 34.14814544], [72.03214693, 34.14817216], [72.03221046, 34.14816982]]]]}, "properties": {"id": "8J6J42XJ+6RQM", "height": 3.825634956359863, "hmax": 0.005, "ratio": 0.001, "vulnClass": "none"}}, {"type": "Feature", "geometry": {"type": "MultiPolygon", "coordinates": [[[[72.0321896, 34.14788062], [72.03218822, 34.14777052], [72.03198289, 34.14777229], [72.03198426, 34.1478824], [72.0321896, 34.14788062]]]]}, "properties": {"id": "8J6J42XJ+4RP5", "height": 6.114165306091309, "hmax": 0.005, "ratio": 0.001, "vulnClass": "none"}}, {"type": "Feature", "geometry": {"type": "MultiPolygon", "coordinates": [[[[72.03198176, 34.14789401], [72.03189968, 34.14789704], [72.03190685, 34.14803146], [72.03198892, 34.14802844], [72.03198176, 34.14789401]]]]}, "properties": {"id": "8J6J42XJ+5QPC", "height": 4.906864643096924, "hmax": 0.005, "ratio": 0.001, "vulnClass": "none"}}, {"type": "Feature", "geometry": {"type": "MultiPolygon", "coordinates": [[[[72.0317414, 34.14807928], [72.03173123, 34.14790696], [72.03156286, 34.14791383], [72.03157303, 34.14808615], [72.03162388, 34.14808407], [72.03162543, 34.14811043], [72.03168815, 34.14810787], [72.0316866, 34.14808151], [72.0317414, 34.14807928]]]]}, "properties": {"id": "8J6J42XJ+6M25", "height": 3.06056809425354, "hmax": 0.005, "ratio": 0.002, "vulnClass": "none"}}, {"type": "Feature", "geometry": {"type": "MultiPolygon", "coordinates": [[[[72.0318424, 34.1478589], [72.0318353, 34.1477042], [72.0317363, 34.1477073], [72.0317434, 34.147862], [72.0318424, 34.1478589]]]]}, "properties": {"id": "8J6J42XJ+4P77", "height": 3.967923164367676, "hmax": 0.005, "ratio": 0.001, "vulnClass": "none"}}, {"type": "Feature", "geometry": {"type": "MultiPolygon", "coordinates": [[[[72.03259257, 34.14768843], [72.032564, 34.14769031], [72.03256853, 34.14773785], [72.03259709, 34.14773597], [72.03259257, 34.14768843]]]]}, "properties": {"id": "8J6J42XM+32PG", "height": 2.743086338043213, "hmax": 0.005, "ratio": 0.002, "vulnClass": "none"}}, {"type": "Feature", "geometry": {"type": "MultiPolygon", "coordinates": [[[[72.03262609, 34.14786895], [72.03258406, 34.14787425], [72.03259531, 34.1479359], [72.03263735, 34.14793059], [72.03262609, 34.14786895]]]]}, "properties": {"id": "8J6J42XM+5294", "height": 3.069804191589355, "hmax": 0.005, "ratio": 0.002, "vulnClass": "none"}}, {"type": "Feature", "geometry": {"type": "MultiPolygon", "coordinates": [[[[72.03265392, 34.14698787], [72.03255629, 34.14699042], [72.03255824, 34.147042], [72.03265588, 34.14703944], [72.03265392, 34.14698787]]]]}, "properties": {"id": "8J6J42WM+R25F", "height": 3.421777486801147, "hmax": 0.003, "ratio": 0.001, "vulnClass": "none"}}, {"type": "Feature", "geometry": {"type": "MultiPolygon", "coordinates": [[[[72.03205798, 34.14741122], [72.03190189, 34.14740895], [72.03190013, 34.14749298], [72.03205621, 34.14749525], [72.03205798, 34.14741122]]]]}, "properties": {"id": "8J6J42WJ+XQQ3", "height": 3.084313869476318, "hmax": 0.003, "ratio": 0.001, "vulnClass": "none"}}, {"type": "Feature", "geometry": {"type": "MultiPolygon", "coordinates": [[[[72.03189557, 34.14741045], [72.0318356, 34.14741347], [72.03184187, 34.14749971], [72.03190184, 34.1474967], [72.03189557, 34.14741045]]]]}, "properties": {"id": "8J6J42WJ+XPQ9", "height": 3.259585380554199, "hmax": 0.003, "ratio": 0.001, "vulnClass": "none"}}, {"type": "Feature", "geometry": {"type": "MultiPolygon", "coordinates": [[[[72.03180462, 34.14738258], [72.03171314, 34.14738373], [72.03171524, 34.14749896], [72.03180671, 34.14749781], [72.03180462, 34.14738258]]]]}, "properties": {"id": "8J6J42WJ+XPCM", "height": 3.027211666107178, "hmax": 0.003, "ratio": 0.001, "vulnClass": "none"}}, {"type": "Feature", "geometry": {"type": "MultiPolygon", "coordinates": [[[[72.0314623, 34.1473997], [72.031359, 34.1474019], [72.0313641, 34.147574], [72.0314675, 34.1475718], [72.0314623, 34.1473997]]]]}, "properties": {"id": "8J6J42WJ+XHVC", "height": 4.330957412719727, "hmax": 0.002, "ratio": 0.001, "vulnClass": "none"}}, {"type": "Feature", "geometry": {"type": "MultiPolygon", "coordinates": [[[[72.03159376, 34.14756573], [72.03158388, 34.14739191], [72.03148262, 34.14739589], [72.03149251, 34.14756971], [72.03159376, 34.14756573]]]]}, "properties": {"id": "8J6J42WJ+XJV6", "height": 3.8875732421875, "hmax": 0.002, "ratio": 0.001, "vulnClass": "none"}}, {"type": "Feature", "geometry": {"type": "MultiPolygon", "coordinates": [[[[72.03146156, 34.14729461], [72.03137686, 34.14729517], [72.03137737, 34.14734885], [72.03146208, 34.14734829], [72.03146156, 34.14729461]]]]}, "properties": {"id": "8J6J42WJ+WHFV", "height": 5.238152503967285, "hmax": 0.001, "ratio": 0.0, "vulnClass": "none"}}, {"type": "Feature", "geometry": {"type": "MultiPolygon", "coordinates": [[[[72.03170265, 34.14719248], [72.03157495, 34.14719333], [72.0315751, 34.14720946], [72.03160401, 34.14720927], [72.03160533, 34.14734734], [72.03170413, 34.14734668], [72.03170265, 34.14719248]]]]}, "properties": {"id": "8J6J42WJ+WM2Q", "height": 3.958617210388184, "hmax": 0.003, "ratio": 0.001, "vulnClass": "none"}}, {"type": "Feature", "geometry": {"type": "MultiPolygon", "coordinates": [[[[72.03159706, 34.14734741], [72.03159158, 34.14717314], [72.03148522, 34.14717545], [72.0314907, 34.14734972], [72.03159706, 34.14734741]]]]}, "properties": {"id": "8J6J42WJ+WJ3F", "height": 5.076419353485107, "hmax": 0.002, "ratio": 0.0, "vulnClass": "none"}}, {"type": "Feature", "geometry": {"type": "MultiPolygon", "coordinates": [[[[72.03149398, 34.14719387], [72.03137589, 34.14719465], [72.03137686, 34.14729517], [72.03146156, 34.14729461], [72.03146122, 34.14725886], [72.0314946, 34.14725864], [72.03149398, 34.14719387]]]]}, "properties": {"id": "8J6J42WJ+VHVQ", "height": 4.335770130157471, "hmax": 0.001, "ratio": 0.0, "vulnClass": "none"}}, {"type": "Feature", "geometry": {"type": "MultiPolygon", "coordinates": [[[[72.03137244, 34.14719053], [72.03127209, 34.14719363], [72.0312793, 34.14735456], [72.03137965, 34.14735145], [72.03137244, 34.14719053]]]]}, "properties": {"id": "8J6J42WJ+WG4V", "height": 4.343157291412354, "hmax": 0.001, "ratio": 0.0, "vulnClass": "none"}}, {"type": "Feature", "geometry": {"type": "MultiPolygon", "coordinates": [[[[72.03178248, 34.14700455], [72.03171675, 34.14700827], [72.03172027, 34.14705129], [72.03178601, 34.14704757], [72.03178248, 34.14700455]]]]}, "properties": {"id": "8J6J42WJ+RP62", "height": 4.28150749206543, "hmax": 0.003, "ratio": 0.001, "vulnClass": "none"}}, {"type": "Feature", "geometry": {"type": "MultiPolygon", "coordinates": [[[[72.03205332, 34.14721556], [72.03205075, 34.14713408], [72.03184306, 34.1471386], [72.03184453, 34.14718513], [72.03180934, 34.1471859], [72.03181044, 34.14722084], [72.03205332, 34.14721556]]]]}, "properties": {"id": "8J6J42WJ+VQG2", "height": 2.459204196929932, "hmax": 0.003, "ratio": 0.001, "vulnClass": "none"}}, {"type": "Feature", "geometry": {"type": "MultiPolygon", "coordinates": [[[[72.03199204, 34.14682924], [72.03180427, 34.14682019], [72.03179637, 34.14693349], [72.03183771, 34.14693548], [72.03183054, 34.14703839], [72.03196282, 34.14704477], [72.03196999, 34.14694185], [72.03198414, 34.14694254], [72.03199204, 34.14682924]]]]}, "properties": {"id": "8J6J42WJ+QQ6W", "height": 6.048017978668213, "hmax": 0.003, "ratio": 0.001, "vulnClass": "none"}}, {"type": "Feature", "geometry": {"type": "MultiPolygon", "coordinates": [[[[72.0319827, 34.14696317], [72.03196855, 34.14696249], [72.03196282, 34.14704477], [72.03201552, 34.14704731], [72.03201971, 34.1469872], [72.03198116, 34.14698534], [72.0319827, 34.14696317]]]]}, "properties": {"id": "8J6J42WJ+RQ5G", "height": 3.185873746871948, "hmax": 0.003, "ratio": 0.001, "vulnClass": "none"}}, {"type": "Feature", "geometry": {"type": "MultiPolygon", "coordinates": [[[[72.03166166, 34.14685612], [72.03156338, 34.14686262], [72.0315694, 34.1469255], [72.03166768, 34.146919], [72.03166166, 34.14685612]]]]}, "properties": {"id": "8J6J42WJ+QJ5P", "height": 3.609235286712646, "hmax": 0.003, "ratio": 0.001, "vulnClass": "none"}}, {"type": "Feature", "geometry": {"type": "MultiPolygon", "coordinates": [[[[72.03162233, 34.14693008], [72.03158752, 34.14692956], [72.03158591, 34.14700437], [72.03162072, 34.14700489], [72.03162233, 34.14693008]]]]}, "properties": {"id": "8J6J42WJ+QJQM", "height": 2.528740167617798, "hmax": 0.003, "ratio": 0.001, "vulnClass": "none"}}, {"type": "Feature", "geometry": {"type": "MultiPolygon", "coordinates": [[[[72.0314634, 34.1468635], [72.0313531, 34.1468627], [72.0313517, 34.1469819], [72.031462, 34.1469827], [72.0314634, 34.1468635]]]]}, "properties": {"id": "8J6J42WJ+QH7R", "height": 4.287530422210693, "hmax": 0.001, "ratio": 0.0, "vulnClass": "none"}}, {"type": "Feature", "geometry": {"type": "MultiPolygon", "coordinates": [[[[72.03176372, 34.14687191], [72.03176215, 34.14682469], [72.03168374, 34.14682648], [72.0316853, 34.14687371], [72.03176372, 34.14687191]]]]}, "properties": {"id": "8J6J42WJ+PMQR", "height": 3.795791625976562, "hmax": 0.003, "ratio": 0.001, "vulnClass": "none"}}, {"type": "Feature", "geometry": {"type": "MultiPolygon", "coordinates": [[[[72.0317593, 34.14667727], [72.03165724, 34.1466781], [72.03165879, 34.14681102], [72.03176085, 34.1468102], [72.0317593, 34.14667727]]]]}, "properties": {"id": "8J6J42WJ+MMWP", "height": 3.493411064147949, "hmax": 0.003, "ratio": 0.001, "vulnClass": "none"}}, {"type": "Feature", "geometry": {"type": "MultiPolygon", "coordinates": [[[[72.0314657, 34.1466759], [72.031375, 34.146676], [72.0313751, 34.1468104], [72.0316531, 34.1468102], [72.0316529, 34.1466952], [72.0314658, 34.1466954], [72.0314657, 34.1466759]]]]}, "properties": {"id": "8J6J42WJ+MJRV", "height": 4.848986625671387, "hmax": 0.002, "ratio": 0.0, "vulnClass": "none"}}, {"type": "Feature", "geometry": {"type": "MultiPolygon", "coordinates": [[[[72.03137234, 34.14682317], [72.03136937, 34.1467164], [72.03126574, 34.14671839], [72.03126871, 34.14682516], [72.03137234, 34.14682317]]]]}, "properties": {"id": "8J6J42WJ+PG4R", "height": 4.800283432006836, "hmax": 0.001, "ratio": 0.0, "vulnClass": "none"}}, {"type": "Feature", "geometry": {"type": "MultiPolygon", "coordinates": [[[[72.0317466, 34.1465909], [72.0317435, 34.1465032], [72.0316385, 34.1465057], [72.0316416, 34.1465934], [72.0317466, 34.1465909]]]]}, "properties": {"id": "8J6J42WJ+JM8R", "height": 3.129877090454102, "hmax": 0.004, "ratio": 0.001, "vulnClass": "none"}}, {"type": "Feature", "geometry": {"type": "MultiPolygon", "coordinates": [[[[72.0318974, 34.1466622], [72.0317555, 34.1466647], [72.0317596, 34.1468245], [72.0319616, 34.1468208], [72.0319579, 34.1466779], [72.0318978, 34.146679], [72.0318974, 34.1466622]]]]}, "properties": {"id": "8J6J42WJ+MPXV", "height": 3.493411064147949, "hmax": 0.003, "ratio": 0.001, "vulnClass": "none"}}, {"type": "Feature", "geometry": {"type": "MultiPolygon", "coordinates": [[[[72.0325934, 34.1467696], [72.0325916, 34.1466243], [72.0324897, 34.1466252], [72.0324916, 34.1467705], [72.0325934, 34.1467696]]]]}, "properties": {"id": "8J6J42WM+M2FV", "height": 5.843146324157715, "hmax": 0.003, "ratio": 0.001, "vulnClass": "none"}}, {"type": "Feature", "geometry": {"type": "MultiPolygon", "coordinates": [[[[72.03249054, 34.14668925], [72.03245202, 34.14668958], [72.03245303, 34.14677078], [72.03249155, 34.14677045], [72.03249054, 34.14668925]]]]}, "properties": {"id": "8J6J42WJ+MXX6", "height": 5.843146324157715, "hmax": 0.003, "ratio": 0.001, "vulnClass": "none"}}, {"type": "Feature", "geometry": {"type": "MultiPolygon", "coordinates": [[[[72.03260241, 34.14619682], [72.0324853, 34.1462004], [72.03249233, 34.1463592], [72.03260943, 34.14635562], [72.03260241, 34.14619682]]]]}, "properties": {"id": "8J6J42WM+G274", "height": 6.453856945037842, "hmax": 0.004, "ratio": 0.001, "vulnClass": "none"}}, {"type": "Feature", "geometry": {"type": "MultiPolygon", "coordinates": [[[[72.0325926, 34.1465406], [72.0325889, 34.1463992], [72.0324116, 34.1464024], [72.0324145, 34.1465152], [72.0324612, 34.1465144], [72.032462, 34.146543], [72.0325926, 34.1465406]]]]}, "properties": {"id": "8J6J42WM+H2JJ", "height": 3.669674158096313, "hmax": 0.004, "ratio": 0.001, "vulnClass": "none"}}, {"type": "Feature", "geometry": {"type": "MultiPolygon", "coordinates": [[[[72.03188541, 34.14650377], [72.03188262, 34.14641871], [72.03174436, 34.14642185], [72.03174499, 34.14644094], [72.03172039, 34.1464415], [72.03172256, 34.14650747], [72.03188541, 34.14650377]]]]}, "properties": {"id": "8J6J42WJ+HPMH", "height": 4.770442485809326, "hmax": 0.004, "ratio": 0.001, "vulnClass": "none"}}, {"type": "Feature", "geometry": {"type": "MultiPolygon", "coordinates": [[[[72.0315478, 34.1464285], [72.0315508, 34.1465767], [72.0316404, 34.1465754], [72.0316374, 34.1464273], [72.0315478, 34.1464285]]]]}, "properties": {"id": "8J6J42WJ+JJ52", "height": 2.832673072814941, "hmax": 0.003, "ratio": 0.001, "vulnClass": "none"}}, {"type": "Feature", "geometry": {"type": "MultiPolygon", "coordinates": [[[[72.03154783, 34.14642854], [72.03145056, 34.14642989], [72.03145391, 34.14659655], [72.03155118, 34.1465952], [72.03154783, 34.14642854]]]]}, "properties": {"id": "8J6J42WJ+JJ2C", "height": 4.230119705200195, "hmax": 0.002, "ratio": 0.001, "vulnClass": "none"}}, {"type": "Feature", "geometry": {"type": "MultiPolygon", "coordinates": [[[[72.03145392, 34.1464476], [72.03135356, 34.14644832], [72.03135494, 34.14658066], [72.0314553, 34.14657994], [72.03145392, 34.1464476]]]]}, "properties": {"id": "8J6J42WJ+JH2H", "height": 4.307946681976318, "hmax": 0.002, "ratio": 0.001, "vulnClass": "none"}}, {"type": "Feature", "geometry": {"type": "MultiPolygon", "coordinates": [[[[72.03188262, 34.14641871], [72.03187912, 34.14631236], [72.031675, 34.146317], [72.03167849, 34.14642335], [72.03188262, 34.14641871]]]]}, "properties": {"id": "8J6J42WJ+GPRQ", "height": 4.535504341125488, "hmax": 0.004, "ratio": 0.001, "vulnClass": "none"}}, {"type": "Feature", "geometry": {"type": "MultiPolygon", "coordinates": [[[[72.0318574, 34.1463101], [72.0318514, 34.1461938], [72.0316937, 34.1461994], [72.0316997, 34.1463157], [72.0318574, 34.1463101]]]]}, "properties": {"id": "8J6J42WJ+GP25", "height": 4.392700672149658, "hmax": 0.004, "ratio": 0.001, "vulnClass": "none"}}, {"type": "Feature", "geometry": {"type": "MultiPolygon", "coordinates": [[[[72.0315651, 34.1464078], [72.0315604, 34.1462346], [72.0313524, 34.1462385], [72.0313571, 34.1464117], [72.0315651, 34.1464078]]]]}, "properties": {"id": "8J6J42WJ+GHGW", "height": 5.192956447601318, "hmax": 0.002, "ratio": 0.0, "vulnClass": "none"}}, {"type": "Feature", "geometry": {"type": "MultiPolygon", "coordinates": [[[[72.03135124, 34.14622615], [72.0312958, 34.14622655], [72.03129643, 34.14628741], [72.03135188, 34.14628701], [72.03135124, 34.14622615]]]]}, "properties": {"id": "8J6J42WJ+GG47", "height": 2.560513734817505, "hmax": 0.002, "ratio": 0.001, "vulnClass": "none"}}, {"type": "Feature", "geometry": {"type": "MultiPolygon", "coordinates": [[[[72.03155035, 34.14603257], [72.03145063, 34.14603444], [72.0314533, 34.14613259], [72.03155301, 34.14613072], [72.03155035, 34.14603257]]]]}, "properties": {"id": "8J6J42WJ+CJJ6", "height": 5.340522289276123, "hmax": 0.002, "ratio": 0.0, "vulnClass": "none"}}, {"type": "Feature", "geometry": {"type": "MultiPolygon", "coordinates": [[[[72.0317816, 34.145998], [72.0316013, 34.1459979], [72.0316012, 34.1461081], [72.0317815, 34.1461082], [72.0317816, 34.145998]]]]}, "properties": {"id": "8J6J42WJ+CMG2", "height": 6.159806728363037, "hmax": 0.004, "ratio": 0.001, "vulnClass": "none"}}, {"type": "Feature", "geometry": {"type": "MultiPolygon", "coordinates": [[[[72.0317936, 34.1459938], [72.0317901, 34.1458873], [72.0316147, 34.1458914], [72.0316183, 34.1459978], [72.0317936, 34.1459938]]]]}, "properties": {"id": "8J6J42WJ+9MGP", "height": 3.80689263343811, "hmax": 0.004, "ratio": 0.001, "vulnClass": "none"}}, {"type": "Feature", "geometry": {"type": "MultiPolygon", "coordinates": [[[[72.03155035, 34.14603257], [72.0315469, 34.14590564], [72.03144719, 34.14590751], [72.03145063, 34.14603444], [72.03155035, 34.14603257]]]]}, "properties": {"id": "8J6J42WJ+9HQX", "height": 5.772866725921631, "hmax": 0.002, "ratio": 0.0, "vulnClass": "none"}}, {"type": "Feature", "geometry": {"type": "MultiPolygon", "coordinates": [[[[72.0317432, 34.1457624], [72.0316086, 34.1457665], [72.0316097, 34.1457903], [72.0315694, 34.1457915], [72.0315738, 34.1458907], [72.0317261, 34.145886], [72.0317248, 34.1458566], [72.0317474, 34.1458559], [72.0317432, 34.1457624]]]]}, "properties": {"id": "8J6J42WJ+8MM2", "height": 4.134471416473389, "hmax": 0.003, "ratio": 0.001, "vulnClass": "none"}}, {"type": "Feature", "geometry": {"type": "MultiPolygon", "coordinates": [[[[72.0315509, 34.1457444], [72.0314466, 34.1457454], [72.0314484, 34.1458714], [72.0315527, 34.1458704], [72.0315509, 34.1457444]]]]}, "properties": {"id": "8J6J42WJ+8HH9", "height": 5.211983203887939, "hmax": 0.002, "ratio": 0.0, "vulnClass": "none"}}, {"type": "Feature", "geometry": {"type": "MultiPolygon", "coordinates": [[[[72.03152979, 34.14556036], [72.03152828, 34.14551671], [72.03141763, 34.14551935], [72.03141856, 34.14554633], [72.03146915, 34.14554512], [72.03146973, 34.14556179], [72.03152979, 34.14556036]]]]}, "properties": {"id": "8J6J42WJ+6H9F", "height": 2.942906856536865, "hmax": 0.004, "ratio": 0.001, "vulnClass": "none"}}, {"type": "Feature", "geometry": {"type": "MultiPolygon", "coordinates": [[[[72.03146627, 34.14556045], [72.03141412, 34.14556057], [72.03141418, 34.14557791], [72.03146632, 34.1455778], [72.03146627, 34.14556045]]]]}, "properties": {"id": "8J6J42WJ+6HGJ", "height": 3.239173412322998, "hmax": 0.004, "ratio": 0.001, "vulnClass": "none"}}, {"type": "Feature", "geometry": {"type": "MultiPolygon", "coordinates": [[[[72.03257579, 34.14584195], [72.03256844, 34.14567321], [72.03246001, 34.14567648], [72.03246736, 34.14584522], [72.03257579, 34.14584195]]]]}, "properties": {"id": "8J6J42WM+8228", "height": 4.324002265930176, "hmax": 0.004, "ratio": 0.001, "vulnClass": "none"}}, {"type": "Feature", "geometry": {"type": "MultiPolygon", "coordinates": [[[[72.0323828, 34.14577143], [72.03227926, 34.14577628], [72.03228333, 34.1458364], [72.03238687, 34.14583155], [72.0323828, 34.14577143]]]]}, "properties": {"id": "8J6J42WJ+8WG4", "height": 2.539635419845581, "hmax": 0.004, "ratio": 0.002, "vulnClass": "none"}}, {"type": "Feature", "geometry": {"type": "MultiPolygon", "coordinates": [[[[72.03236538, 34.14586646], [72.03236199, 34.14584027], [72.03225766, 34.1458496], [72.03226105, 34.14587579], [72.03236538, 34.14586646]]]]}, "properties": {"id": "8J6J42WJ+8WV9", "height": 3.013636827468872, "hmax": 0.004, "ratio": 0.001, "vulnClass": "none"}}, {"type": "Feature", "geometry": {"type": "MultiPolygon", "coordinates": [[[[72.0324118, 34.1458986], [72.0323269, 34.1459011], [72.0323339, 34.1460642], [72.0324188, 34.1460617], [72.0324118, 34.1458986]]]]}, "properties": {"id": "8J6J42WJ+9WX9", "height": 2.787416934967041, "hmax": 0.004, "ratio": 0.001, "vulnClass": "none"}}, {"type": "Feature", "geometry": {"type": "MultiPolygon", "coordinates": [[[[72.03262578, 34.14586701], [72.03251994, 34.14586773], [72.03252137, 34.14601485], [72.03262721, 34.14601414], [72.03262578, 34.14586701]]]]}, "properties": {"id": "8J6J42WM+92GM", "height": 4.853323936462402, "hmax": 0.004, "ratio": 0.001, "vulnClass": "none"}}, {"type": "Feature", "geometry": {"type": "MultiPolygon", "coordinates": [[[[72.03255681, 34.14525996], [72.03248153, 34.14526128], [72.03248253, 34.14530088], [72.03255781, 34.14529957], [72.03255681, 34.14525996]]]]}, "properties": {"id": "8J6J42WM+4268", "height": 2.731040954589844, "hmax": 0.005, "ratio": 0.002, "vulnClass": "none"}}, {"type": "Feature", "geometry": {"type": "MultiPolygon", "coordinates": [[[[72.03256676, 34.14525979], [72.0325632, 34.14511935], [72.03239533, 34.14512229], [72.03239889, 34.14526273], [72.03256676, 34.14525979]]]]}, "properties": {"id": "8J6J42WJ+3XHM", "height": 3.39484167098999, "hmax": 0.005, "ratio": 0.002, "vulnClass": "none"}}, {"type": "Feature", "geometry": {"type": "MultiPolygon", "coordinates": [[[[72.03230265, 34.14510133], [72.032232, 34.14510044], [72.03222975, 34.1452247], [72.03225324, 34.14522499], [72.03225253, 34.14526406], [72.0322997, 34.14526465], [72.0323004, 34.14522558], [72.03234007, 34.14522608], [72.03233936, 34.14526514], [72.03240232, 34.14526593], [72.03240494, 34.1451214], [72.03230231, 34.14512011], [72.03230265, 34.14510133]]]]}, "properties": {"id": "8J6J42WJ+3WG6", "height": 3.258011341094971, "hmax": 0.005, "ratio": 0.002, "vulnClass": "none"}}, {"type": "Feature", "geometry": {"type": "MultiPolygon", "coordinates": [[[[72.03253381, 34.14532265], [72.03233837, 34.14532021], [72.0323351, 34.14550091], [72.03241123, 34.14550187], [72.03241084, 34.14552336], [72.032475, 34.14552416], [72.03247539, 34.14550267], [72.03253054, 34.14550336], [72.03253381, 34.14532265]]]]}, "properties": {"id": "8J6J42WJ+5X7Q", "height": 4.908121585845947, "hmax": 0.005, "ratio": 0.001, "vulnClass": "none"}}, {"type": "Feature", "geometry": {"type": "MultiPolygon", "coordinates": [[[[72.03264376, 34.14536842], [72.03253301, 34.14536704], [72.03253054, 34.14550336], [72.0326413, 34.14550474], [72.03264376, 34.14536842]]]]}, "properties": {"id": "8J6J42WM+52GH", "height": 5.14166259765625, "hmax": 0.005, "ratio": 0.001, "vulnClass": "none"}}, {"type": "Feature", "geometry": {"type": "MultiPolygon", "coordinates": [[[[72.03220327, 34.14536292], [72.03211048, 34.14536176], [72.03210845, 34.14547392], [72.03214278, 34.14547434], [72.03214196, 34.14552], [72.03222439, 34.14552103], [72.03222685, 34.14538546], [72.03220287, 34.14538516], [72.03220327, 34.14536292]]]]}, "properties": {"id": "8J6J42WJ+5VFF", "height": 4.209906578063965, "hmax": 0.005, "ratio": 0.001, "vulnClass": "none"}}, {"type": "Feature", "geometry": {"type": "MultiPolygon", "coordinates": [[[[72.03218222, 34.14533036], [72.0321137, 34.14533533], [72.0321164, 34.14536109], [72.03218493, 34.14535612], [72.03218222, 34.14533036]]]]}, "properties": {"id": "8J6J42WJ+4VJX", "height": 3.206596851348877, "hmax": 0.005, "ratio": 0.002, "vulnClass": "none"}}, {"type": "Feature", "geometry": {"type": "MultiPolygon", "coordinates": [[[[72.03233471, 34.14552241], [72.03233796, 34.14534294], [72.03229829, 34.14534245], [72.0322979, 34.1453641], [72.03220327, 34.14536292], [72.03220287, 34.14538516], [72.03222685, 34.14538546], [72.03222439, 34.14552103], [72.03233471, 34.14552241]]]]}, "properties": {"id": "8J6J42WJ+5WCH", "height": 4.908121585845947, "hmax": 0.005, "ratio": 0.001, "vulnClass": "none"}}, {"type": "Feature", "geometry": {"type": "MultiPolygon", "coordinates": [[[[72.03152323, 34.14537017], [72.03141258, 34.1453728], [72.03141763, 34.14551935], [72.03152828, 34.14551671], [72.03152323, 34.14537017]]]]}, "properties": {"id": "8J6J42WJ+5HHJ", "height": 4.516151428222656, "hmax": 0.004, "ratio": 0.001, "vulnClass": "none"}}, {"type": "Feature", "geometry": {"type": "MultiPolygon", "coordinates": [[[[72.03138992, 34.14537334], [72.03129852, 34.14537552], [72.03130508, 34.14556571], [72.03139648, 34.14556354], [72.03138992, 34.14537334]]]]}, "properties": {"id": "8J6J42WJ+5GQJ", "height": 4.926285743713379, "hmax": 0.004, "ratio": 0.001, "vulnClass": "none"}}, {"type": "Feature", "geometry": {"type": "MultiPolygon", "coordinates": [[[[72.03168095, 34.14533534], [72.03154481, 34.14533859], [72.03154893, 34.145458], [72.03165996, 34.14545536], [72.03165814, 34.14540261], [72.03168325, 34.14540201], [72.03168095, 34.14533534]]]]}, "properties": {"id": "8J6J42WJ+5J5P", "height": 3.316369533538818, "hmax": 0.004, "ratio": 0.001, "vulnClass": "none"}}, {"type": "Feature", "geometry": {"type": "MultiPolygon", "coordinates": [[[[72.03149755, 34.14520293], [72.03134187, 34.14520581], [72.03134591, 34.14535692], [72.03152328, 34.14535364], [72.03151981, 34.14522368], [72.03149811, 34.14522408], [72.03149755, 34.14520293]]]]}, "properties": {"id": "8J6J42WJ+4H79", "height": 6.03719425201416, "hmax": 0.004, "ratio": 0.001, "vulnClass": "none"}}, {"type": "Feature", "geometry": {"type": "MultiPolygon", "coordinates": [[[[72.03138055, 34.14515388], [72.03133671, 34.14515467], [72.0313379, 34.14520044], [72.03138175, 34.14519965], [72.03138055, 34.14515388]]]]}, "properties": {"id": "8J6J42WJ+3GH3", "height": 5.004339218139648, "hmax": 0.004, "ratio": 0.001, "vulnClass": "none"}}, {"type": "Feature", "geometry": {"type": "MultiPolygon", "coordinates": [[[[72.0315278, 34.14505512], [72.03137606, 34.14505314], [72.03137321, 34.14520398], [72.03152495, 34.14520596], [72.0315278, 34.14505512]]]]}, "properties": {"id": "8J6J42WJ+3H43", "height": 5.263007164001465, "hmax": 0.004, "ratio": 0.001, "vulnClass": "none"}}, {"type": "Feature", "geometry": {"type": "MultiPolygon", "coordinates": [[[[72.03220769, 34.14511893], [72.03208357, 34.14511738], [72.03207997, 34.14531698], [72.03222805, 34.14531883], [72.03222975, 34.1452247], [72.03214731, 34.14522367], [72.03214802, 34.14518475], [72.03220648, 34.14518548], [72.03220769, 34.14511893]]]]}, "properties": {"id": "8J6J42WJ+3VJW", "height": 3.877519607543945, "hmax": 0.005, "ratio": 0.001, "vulnClass": "none"}}, {"type": "Feature", "geometry": {"type": "MultiPolygon", "coordinates": [[[[72.03220717, 34.14505301], [72.03208135, 34.14505357], [72.03208175, 34.14511749], [72.03220758, 34.14511693], [72.03220717, 34.14505301]]]]}, "properties": {"id": "8J6J42WJ+2VJG", "height": 3.785826206207275, "hmax": 0.005, "ratio": 0.001, "vulnClass": "none"}}, {"type": "Feature", "geometry": {"type": "MultiPolygon", "coordinates": [[[[72.03225618, 34.14506247], [72.03220872, 34.14506188], [72.03220803, 34.14510014], [72.03225549, 34.14510074], [72.03225618, 34.14506247]]]]}, "properties": {"id": "8J6J42WJ+2VQ7", "height": 3.172718048095703, "hmax": 0.005, "ratio": 0.002, "vulnClass": "none"}}, {"type": "Feature", "geometry": {"type": "MultiPolygon", "coordinates": [[[[72.03205231, 34.1450187], [72.03199363, 34.14502018], [72.03199533, 34.14506711], [72.03205402, 34.14506563], [72.03205231, 34.1450187]]]]}, "properties": {"id": "8J6J42WJ+2R6Q", "height": 3.224124193191528, "hmax": 0.005, "ratio": 0.002, "vulnClass": "none"}}, {"type": "Feature", "geometry": {"type": "MultiPolygon", "coordinates": [[[[72.03154058, 34.14481025], [72.03153738, 34.14476614], [72.03149559, 34.14476824], [72.03149148, 34.14471168], [72.03132092, 34.14472024], [72.03132503, 34.14477679], [72.03129427, 34.14477834], [72.03129222, 34.14475004], [72.03126386, 34.14475147], [72.03127397, 34.14489084], [72.03133309, 34.14488787], [72.03133075, 34.14485563], [72.03150131, 34.14484708], [72.03149879, 34.14481234], [72.03154058, 34.14481025]]]]}, "properties": {"id": "8J6J42VJ+WH6P", "height": 3.338943481445312, "hmax": 0.005, "ratio": 0.002, "vulnClass": "none"}}, {"type": "Feature", "geometry": {"type": "MultiPolygon", "coordinates": [[[[72.032116, 34.14460506], [72.03195857, 34.14460785], [72.03195972, 34.14465277], [72.03203417, 34.14465145], [72.03203461, 34.14466858], [72.03196016, 34.1446699], [72.03196276, 34.14477121], [72.03203721, 34.14476989], [72.03203852, 34.14482132], [72.03212151, 34.14481984], [72.032116, 34.14460506]]]]}, "properties": {"id": "8J6J42VJ+VRM8", "height": 3.183694362640381, "hmax": 0.007, "ratio": 0.002, "vulnClass": "none"}}, {"type": "Feature", "geometry": {"type": "MultiPolygon", "coordinates": [[[[72.03230353, 34.14480088], [72.03229333, 34.14459951], [72.0321911, 34.14460309], [72.0321937, 34.14465427], [72.03214473, 34.14465599], [72.03215009, 34.14476182], [72.03219906, 34.14476011], [72.0322013, 34.14480446], [72.03230353, 34.14480088]]]]}, "properties": {"id": "8J6J42VJ+VVQ3", "height": 3.339564323425293, "hmax": 0.007, "ratio": 0.002, "vulnClass": "none"}}, {"type": "Feature", "geometry": {"type": "MultiPolygon", "coordinates": [[[[72.03209004, 34.14453872], [72.03206381, 34.14453593], [72.0320564, 34.14458422], [72.03208262, 34.14458701], [72.03209004, 34.14453872]]]]}, "properties": {"id": "8J6J42VJ+RRGF", "height": 2.578142166137695, "hmax": 0.007, "ratio": 0.003, "vulnClass": "none"}}, {"type": "Feature", "geometry": {"type": "MultiPolygon", "coordinates": [[[[72.0325475, 34.1446025], [72.0324789, 34.1446041], [72.0324832, 34.1447358], [72.0325087, 34.1447353], [72.0325095, 34.144762], [72.0326606, 34.1447587], [72.0326555, 34.1446001], [72.0325475, 34.1446025]]]]}, "properties": {"id": "8J6J42VM+V2G3", "height": 3.738924980163574, "hmax": 0.007, "ratio": 0.002, "vulnClass": "none"}}, {"type": "Feature", "geometry": {"type": "MultiPolygon", "coordinates": [[[[72.03263206, 34.14476561], [72.03249002, 34.14476932], [72.03249169, 34.14481355], [72.03263373, 34.14480985], [72.03263206, 34.14476561]]]]}, "properties": {"id": "8J6J42VM+W27H", "height": 3.135665416717529, "hmax": 0.007, "ratio": 0.002, "vulnClass": "none"}}, {"type": "Feature", "geometry": {"type": "MultiPolygon", "coordinates": [[[[72.03268323, 34.1442883], [72.0326784, 34.14414641], [72.03248978, 34.14415085], [72.03249461, 34.14429275], [72.03268323, 34.1442883]]]]}, "properties": {"id": "8J6J42VM+M2PQ", "height": 4.674063205718994, "hmax": 0.007, "ratio": 0.002, "vulnClass": "none"}}, {"type": "Feature", "geometry": {"type": "MultiPolygon", "coordinates": [[[[72.03248992, 34.14415124], [72.03243889, 34.14415232], [72.03244164, 34.14424222], [72.03249268, 34.14424114], [72.03248992, 34.14415124]]]]}, "properties": {"id": "8J6J42VJ+MXGX", "height": 3.827205657958984, "hmax": 0.007, "ratio": 0.002, "vulnClass": "none"}}, {"type": "Feature", "geometry": {"type": "MultiPolygon", "coordinates": [[[[72.03243896, 34.14415205], [72.03227109, 34.144156], [72.03227274, 34.14420441], [72.03244061, 34.14420046], [72.03243896, 34.14415205]]]]}, "properties": {"id": "8J6J42VJ+MWH3", "height": 2.762742519378662, "hmax": 0.007, "ratio": 0.003, "vulnClass": "none"}}, {"type": "Feature", "geometry": {"type": "MultiPolygon", "coordinates": [[[[72.03244323, 34.14429398], [72.03238574, 34.1442952], [72.03238689, 34.14433282], [72.03244438, 34.14433161], [72.03244323, 34.14429398]]]]}, "properties": {"id": "8J6J42VJ+PXFF", "height": 4.795406341552734, "hmax": 0.007, "ratio": 0.002, "vulnClass": "none"}}, {"type": "Feature", "geometry": {"type": "MultiPolygon", "coordinates": [[[[72.03226712, 34.1445715], [72.0322616, 34.14442238], [72.03220154, 34.14442392], [72.03220289, 34.1444602], [72.03209833, 34.14446288], [72.03210251, 34.14457572], [72.03226712, 34.1445715]]]]}, "properties": {"id": "8J6J42VJ+RV46", "height": 3.893424510955811, "hmax": 0.007, "ratio": 0.002, "vulnClass": "none"}}, {"type": "Feature", "geometry": {"type": "MultiPolygon", "coordinates": [[[[72.03209172, 34.14430142], [72.0320117, 34.14430312], [72.03201286, 34.14434074], [72.03209287, 34.14433905], [72.03209172, 34.14430142]]]]}, "properties": {"id": "8J6J42VJ+PRFW", "height": 3.147536277770996, "hmax": 0.007, "ratio": 0.002, "vulnClass": "none"}}, {"type": "Feature", "geometry": {"type": "MultiPolygon", "coordinates": [[[[72.0313038, 34.1444218], [72.031299, 34.1445186], [72.0315031, 34.1445256], [72.0315078, 34.1444288], [72.0314456, 34.1444267], [72.0313038, 34.1444218]]]]}, "properties": {"id": "8J6J42VJ+QHJX", "height": 4.72817325592041, "hmax": 0.005, "ratio": 0.001, "vulnClass": "none"}}, {"type": "Feature", "geometry": {"type": "MultiPolygon", "coordinates": [[[[72.03132519, 34.14434382], [72.03129446, 34.14434485], [72.03129746, 34.14440685], [72.03132819, 34.14440582], [72.03132519, 34.14434382]]]]}, "properties": {"id": "8J6J42VJ+QG35", "height": 4.742465972900391, "hmax": 0.005, "ratio": 0.001, "vulnClass": "none"}}, {"type": "Feature", "geometry": {"type": "MultiPolygon", "coordinates": [[[[72.03140554, 34.14440196], [72.03141117, 34.14431579], [72.03133484, 34.14431234], [72.03133058, 34.14439876], [72.03140554, 34.14440196]]]]}, "properties": {"id": "8J6J42VJ+PGX9", "height": 4.014983177185059, "hmax": 0.005, "ratio": 0.001, "vulnClass": "none"}}, {"type": "Feature", "geometry": {"type": "MultiPolygon", "coordinates": [[[[72.032093, 34.1443022], [72.0320852, 34.1440718], [72.0319399, 34.1440752], [72.0319446, 34.1442121], [72.0319671, 34.1442116], [72.0319703, 34.1443051], [72.032093, 34.1443022]]]]}, "properties": {"id": "8J6J42VJ+MRC8", "height": 4.269168853759766, "hmax": 0.007, "ratio": 0.002, "vulnClass": "none"}}, {"type": "Feature", "geometry": {"type": "MultiPolygon", "coordinates": [[[[72.0322744, 34.14424576], [72.03227165, 34.14415586], [72.03208738, 34.14415976], [72.03209013, 34.14424967], [72.0322744, 34.14424576]]]]}, "properties": {"id": "8J6J42VJ+MVM5", "height": 3.289639949798584, "hmax": 0.007, "ratio": 0.002, "vulnClass": "none"}}, {"type": "Feature", "geometry": {"type": "MultiPolygon", "coordinates": [[[[72.03136268, 34.1440408], [72.03129504, 34.1440461], [72.03130242, 34.14411119], [72.03137006, 34.14410588], [72.03136268, 34.1440408]]]]}, "properties": {"id": "8J6J42VJ+JGP4", "height": 3.169310569763184, "hmax": 0.005, "ratio": 0.002, "vulnClass": "none"}}, {"type": "Feature", "geometry": {"type": "MultiPolygon", "coordinates": [[[[72.03203737, 34.14358479], [72.03198214, 34.14358708], [72.03199124, 34.14373901], [72.03204648, 34.14373672], [72.03203737, 34.14358479]]]]}, "properties": {"id": "8J6J42VJ+FR6F", "height": 3.745583295822144, "hmax": 0.014, "ratio": 0.004, "vulnClass": "none"}}, {"type": "Feature", "geometry": {"type": "MultiPolygon", "coordinates": [[[[72.0321067, 34.14375605], [72.03204778, 34.14375849], [72.03205299, 34.14384536], [72.03203264, 34.1438462], [72.0320357, 34.14389715], [72.03211496, 34.14389387], [72.0321067, 34.14375605]]]]}, "properties": {"id": "8J6J42VJ+GRP7", "height": 4.747513294219971, "hmax": 0.014, "ratio": 0.003, "vulnClass": "none"}}, {"type": "Feature", "geometry": {"type": "MultiPolygon", "coordinates": [[[[72.03223262, 34.14372901], [72.0321054, 34.14373428], [72.03211496, 34.14389387], [72.03227375, 34.14388729], [72.03226549, 34.14374947], [72.03223392, 34.14375078], [72.03223262, 34.14372901]]]]}, "properties": {"id": "8J6J42VJ+GVGC", "height": 4.747513294219971, "hmax": 0.014, "ratio": 0.003, "vulnClass": "none"}}, {"type": "Feature", "geometry": {"type": "MultiPolygon", "coordinates": [[[[72.0322128, 34.14369074], [72.03220604, 34.14357781], [72.03203737, 34.14358479], [72.03204648, 34.14373672], [72.03223262, 34.14372901], [72.03223028, 34.14369001], [72.0322128, 34.14369074]]]]}, "properties": {"id": "8J6J42VJ+FV66", "height": 3.813694953918457, "hmax": 0.014, "ratio": 0.004, "vulnClass": "none"}}, {"type": "Feature", "geometry": {"type": "MultiPolygon", "coordinates": [[[[72.0323399, 34.1435984], [72.0322699, 34.1436001], [72.0322786, 34.1438615], [72.0323486, 34.1438599], [72.0323492, 34.1438769], [72.032506, 34.1438733], [72.0324999, 34.1436899], [72.0324744, 34.1436905], [72.0324713, 34.1435954], [72.0323953, 34.1435972], [72.0323947, 34.1435783], [72.0323393, 34.1435796], [72.0323399, 34.1435984]]]]}, "properties": {"id": "8J6J42VJ+FXRF", "height": 3.191757678985596, "hmax": 0.014, "ratio": 0.004, "vulnClass": "none"}}, {"type": "Feature", "geometry": {"type": "MultiPolygon", "coordinates": [[[[72.0325166, 34.1431093], [72.03241988, 34.1431122], [72.03242804, 34.14330035], [72.0326307, 34.14329427], [72.03262624, 34.14319168], [72.03252031, 34.14319486], [72.0325166, 34.1431093]]]]}, "properties": {"id": "8J6J42VM+72JM", "height": 3.797719955444336, "hmax": 0.014, "ratio": 0.004, "vulnClass": "none"}}, {"type": "Feature", "geometry": {"type": "MultiPolygon", "coordinates": [[[[72.0323922, 34.14311421], [72.032298, 34.14311726], [72.03230552, 34.14327788], [72.03239972, 34.14327483], [72.0323922, 34.14311421]]]]}, "properties": {"id": "8J6J42VJ+7WHR", "height": 2.759830236434937, "hmax": 0.014, "ratio": 0.005, "vulnClass": "none"}}, {"type": "Feature", "geometry": {"type": "MultiPolygon", "coordinates": [[[[72.03236581, 34.14335299], [72.03233695, 34.14335344], [72.03233836, 34.14341544], [72.03236721, 34.14341499], [72.03236581, 34.14335299]]]]}, "properties": {"id": "8J6J42VJ+9W57", "height": 4.016521453857422, "hmax": 0.014, "ratio": 0.003, "vulnClass": "none"}}, {"type": "Feature", "geometry": {"type": "MultiPolygon", "coordinates": [[[[72.0325888, 34.1433424], [72.0323941, 34.1433477], [72.0323997, 34.1434908], [72.0325943, 34.1434856], [72.0325888, 34.1433424]]]]}, "properties": {"id": "8J6J42VJ+9X9Q", "height": 5.120948314666748, "hmax": 0.014, "ratio": 0.003, "vulnClass": "none"}}, {"type": "Feature", "geometry": {"type": "MultiPolygon", "coordinates": [[[[72.0320685, 34.1433344], [72.0319718, 34.1433314], [72.0319679, 34.1434179], [72.0320647, 34.1434209], [72.0320685, 34.1433344]]]]}, "properties": {"id": "8J6J42VJ+9R24", "height": 2.787352085113525, "hmax": 0.014, "ratio": 0.005, "vulnClass": "none"}}, {"type": "Feature", "geometry": {"type": "MultiPolygon", "coordinates": [[[[72.03202676, 34.14312612], [72.0319686, 34.14312817], [72.03197768, 34.14330658], [72.03208848, 34.14330268], [72.03208078, 34.14315146], [72.03202814, 34.14315332], [72.03202676, 34.14312612]]]]}, "properties": {"id": "8J6J42VJ+7RJX", "height": 4.764575958251953, "hmax": 0.014, "ratio": 0.003, "vulnClass": "none"}}, {"type": "Feature", "geometry": {"type": "MultiPolygon", "coordinates": [[[[72.0319283, 34.1431296], [72.0318636, 34.1431319], [72.0318727, 34.1433103], [72.0319777, 34.1433066], [72.03197, 34.1431554], [72.0319297, 34.1431568], [72.0319283, 34.1431296]]]]}, "properties": {"id": "8J6J42VJ+7QMV", "height": 4.764575958251953, "hmax": 0.014, "ratio": 0.003, "vulnClass": "none"}}, {"type": "Feature", "geometry": {"type": "MultiPolygon", "coordinates": [[[[72.03186308, 34.1431482], [72.03174655, 34.14315235], [72.03175621, 34.14333997], [72.03187274, 34.14333582], [72.03186308, 34.1431482]]]]}, "properties": {"id": "8J6J42VJ+7PVQ", "height": 3.658879280090332, "hmax": 0.014, "ratio": 0.004, "vulnClass": "none"}}, {"type": "Feature", "geometry": {"type": "MultiPolygon", "coordinates": [[[[72.0320872, 34.1431666], [72.0320955, 34.1433279], [72.0322088, 34.1433239], [72.0322005, 34.1431626], [72.0320872, 34.1431666]]]]}, "properties": {"id": "8J6J42VJ+7VRW", "height": 3.570004940032959, "hmax": 0.014, "ratio": 0.004, "vulnClass": "none"}}, {"type": "Feature", "geometry": {"type": "MultiPolygon", "coordinates": [[[[72.03205481, 34.14301408], [72.03205302, 34.14297064], [72.0319871, 34.14297252], [72.03198889, 34.14301596], [72.03205481, 34.14301408]]]]}, "properties": {"id": "8J6J42VJ+5RRP", "height": 5.923325538635254, "hmax": 0.099, "ratio": 0.017, "vulnClass": "none"}}, {"type": "Feature", "geometry": {"type": "MultiPolygon", "coordinates": [[[[72.0322862, 34.14300748], [72.03228299, 34.14292966], [72.03218004, 34.14293259], [72.03218325, 34.14301041], [72.0322862, 34.14300748]]]]}, "properties": {"id": "8J6J42VJ+5VQV", "height": 3.384450912475586, "hmax": 0.099, "ratio": 0.029, "vulnClass": "none"}}, {"type": "Feature", "geometry": {"type": "MultiPolygon", "coordinates": [[[[72.0319645, 34.1428292], [72.0318574, 34.1428309], [72.0318593, 34.1429159], [72.0318617, 34.1430231], [72.0319385, 34.1430219], [72.031938, 34.1429973], [72.0319683, 34.1429968], [72.0319645, 34.1428292]]]]}, "properties": {"id": "8J6J42VJ+5Q7R", "height": 3.424629926681519, "hmax": 0.099, "ratio": 0.029, "vulnClass": "none"}}, {"type": "Feature", "geometry": {"type": "MultiPolygon", "coordinates": [[[[72.03197869, 34.14300608], [72.03194463, 34.14300433], [72.03194258, 34.14303194], [72.03197665, 34.14303368], [72.03197869, 34.14300608]]]]}, "properties": {"id": "8J6J42VJ+6Q4P", "height": 4.501347541809082, "hmax": 0.099, "ratio": 0.022, "vulnClass": "none"}}, {"type": "Feature", "geometry": {"type": "MultiPolygon", "coordinates": [[[[72.03217523, 34.14281583], [72.03198086, 34.14282137], [72.03198669, 34.14296263], [72.03212066, 34.14295881], [72.03212286, 34.14301214], [72.03218325, 34.14301041], [72.03217523, 34.14281583]]]]}, "properties": {"id": "8J6J42VJ+5R4X", "height": 5.953707695007324, "hmax": 0.099, "ratio": 0.017, "vulnClass": "none"}}, {"type": "Feature", "geometry": {"type": "MultiPolygon", "coordinates": [[[[72.03228299, 34.14292966], [72.03227773, 34.14280233], [72.03217479, 34.14280527], [72.03217908, 34.14290934], [72.0322121, 34.14290839], [72.03221306, 34.14293165], [72.03228299, 34.14292966]]]]}, "properties": {"id": "8J6J42VJ+4VXF", "height": 3.384450912475586, "hmax": 0.099, "ratio": 0.029, "vulnClass": "none"}}, {"type": "Feature", "geometry": {"type": "MultiPolygon", "coordinates": [[[[72.03224151, 34.14278189], [72.03223571, 34.1426413], [72.03203966, 34.14264689], [72.03204179, 34.14269836], [72.03200067, 34.14269953], [72.03200435, 34.14278865], [72.03224151, 34.14278189]]]]}, "properties": {"id": "8J6J42VJ+3VJJ", "height": 3.857282638549805, "hmax": 0.099, "ratio": 0.026, "vulnClass": "none"}}, {"type": "Feature", "geometry": {"type": "MultiPolygon", "coordinates": [[[[72.03250711, 34.14298167], [72.03249732, 34.14280124], [72.03239985, 34.1428049], [72.03240964, 34.14298532], [72.03250711, 34.14298167]]]]}, "properties": {"id": "8J6J42VJ+5X4P", "height": 3.905093669891357, "hmax": 0.099, "ratio": 0.025, "vulnClass": "none"}}, {"type": "Feature", "geometry": {"type": "MultiPolygon", "coordinates": [[[[72.0323884, 34.14291161], [72.03238478, 34.14284476], [72.03230394, 34.14284779], [72.03230757, 34.14291464], [72.0323884, 34.14291161]]]]}, "properties": {"id": "8J6J42VJ+5W52", "height": 3.566142082214355, "hmax": 0.099, "ratio": 0.028, "vulnClass": "none"}}, {"type": "Feature", "geometry": {"type": "MultiPolygon", "coordinates": [[[[72.0324056, 34.142911], [72.0323076, 34.1429146], [72.0323116, 34.142989], [72.0324096, 34.1429853], [72.0324056, 34.142911]]]]}, "properties": {"id": "8J6J42VJ+5WHV", "height": 4.539813041687012, "hmax": 0.099, "ratio": 0.022, "vulnClass": "none"}}, {"type": "Feature", "geometry": {"type": "MultiPolygon", "coordinates": [[[[72.0324837, 34.14299764], [72.03238012, 34.14300132], [72.03238194, 34.14303674], [72.03248552, 34.14303305], [72.0324837, 34.14299764]]]]}, "properties": {"id": "8J6J42VJ+6X3Q", "height": 4.249697208404541, "hmax": 0.099, "ratio": 0.023, "vulnClass": "none"}}, {"type": "Feature", "geometry": {"type": "MultiPolygon", "coordinates": [[[[72.01804061, 34.14383322], [72.0180325, 34.14378207], [72.01794642, 34.14379151], [72.01795453, 34.14384266], [72.01804061, 34.14383322]]]]}, "properties": {"id": "8J6J42V9+G5HH", "height": 3.562976837158203, "hmax": 1.43, "ratio": 0.401, "vulnClass": "moderate"}}, {"type": "Feature", "geometry": {"type": "MultiPolygon", "coordinates": [[[[72.01834611, 34.14379942], [72.01832283, 34.1436542], [72.01810067, 34.14367882], [72.01812395, 34.14382404], [72.01834611, 34.14379942]]]]}, "properties": {"id": "8J6J42V9+F7XC", "height": 2.715331077575684, "hmax": 1.43, "ratio": 0.527, "vulnClass": "moderate"}}, {"type": "Feature", "geometry": {"type": "MultiPolygon", "coordinates": [[[[72.01814313, 34.14387626], [72.01807382, 34.14388228], [72.01809161, 34.144024], [72.01816092, 34.14401799], [72.01814313, 34.14387626]]]]}, "properties": {"id": "8J6J42V9+H6Q5", "height": 3.744464874267578, "hmax": 1.43, "ratio": 0.382, "vulnClass": "moderate"}}, {"type": "Feature", "geometry": {"type": "MultiPolygon", "coordinates": [[[[72.01821808, 34.14418071], [72.01819927, 34.1440189], [72.01800663, 34.14403438], [72.01803229, 34.14425505], [72.01816959, 34.14424401], [72.01816275, 34.14418515], [72.01821808, 34.14418071]]]]}, "properties": {"id": "8J6J42V9+M657", "height": 2.573740005493164, "hmax": 1.43, "ratio": 0.556, "vulnClass": "moderate"}}, {"type": "Feature", "geometry": {"type": "MultiPolygon", "coordinates": [[[[72.01801581, 34.14413955], [72.01791843, 34.14414933], [72.01792455, 34.14419144], [72.01802193, 34.14418165], [72.01801581, 34.14413955]]]]}, "properties": {"id": "8J6J42V9+M59J", "height": 2.573740005493164, "hmax": 1.43, "ratio": 0.556, "vulnClass": "moderate"}}, {"type": "Feature", "geometry": {"type": "MultiPolygon", "coordinates": [[[[72.01848272, 34.14450346], [72.01848149, 34.14445916], [72.01839188, 34.14446088], [72.01839311, 34.14450518], [72.01848272, 34.14450346]]]]}, "properties": {"id": "8J6J42V9+Q9V9", "height": 3.039489269256592, "hmax": 1.43, "ratio": 0.47, "vulnClass": "moderate"}}, {"type": "Feature", "geometry": {"type": "MultiPolygon", "coordinates": [[[[72.01864818, 34.14456131], [72.01864526, 34.14445602], [72.01848149, 34.14445916], [72.01848349, 34.14453128], [72.01855413, 34.14452992], [72.01855505, 34.14456309], [72.01864818, 34.14456131]]]]}, "properties": {"id": "8J6J42V9+RC43", "height": 3.202221632003784, "hmax": 1.432, "ratio": 0.447, "vulnClass": "moderate"}}, {"type": "Feature", "geometry": {"type": "MultiPolygon", "coordinates": [[[[72.01875831, 34.14445385], [72.01875607, 34.14437294], [72.01838963, 34.14437997], [72.01839188, 34.14446088], [72.01875831, 34.14445385]]]]}, "properties": {"id": "8J6J42V9+QC8M", "height": 2.680075883865356, "hmax": 1.439, "ratio": 0.537, "vulnClass": "moderate"}}, {"type": "Feature", "geometry": {"type": "MultiPolygon", "coordinates": [[[[72.0193016, 34.1443523], [72.019307, 34.144277], [72.0192133, 34.1442724], [72.0192039, 34.144404], [72.0190265, 34.1443952], [72.0190197, 34.1444908], [72.0191021, 34.1444949], [72.0191045, 34.144461], [72.0191495, 34.1444632], [72.0191471, 34.1444971], [72.0191971, 34.1444995], [72.0191995, 34.1444656], [72.0192932, 34.1444702], [72.0192987, 34.1443939], [72.0193579, 34.1443968], [72.0193608, 34.1443552], [72.0193016, 34.1443523]]]]}, "properties": {"id": "8J6J42V9+QM83", "height": 2.547384977340698, "hmax": 1.464, "ratio": 0.575, "vulnClass": "moderate"}}, {"type": "Feature", "geometry": {"type": "MultiPolygon", "coordinates": [[[[72.01885289, 34.14460452], [72.01884747, 34.14440906], [72.01875712, 34.1444108], [72.01876254, 34.14460625], [72.01885289, 34.14460452]]]]}, "properties": {"id": "8J6J42V9+RG39", "height": 2.671471118927002, "hmax": 1.463, "ratio": 0.548, "vulnClass": "moderate"}}, {"type": "Feature", "geometry": {"type": "MultiPolygon", "coordinates": [[[[72.01954205, 34.14411554], [72.01943454, 34.14411927], [72.01943632, 34.14415485], [72.01954383, 34.14415113], [72.01954205, 34.14411554]]]]}, "properties": {"id": "8J6J42V9+MQ5G", "height": 2.648138761520386, "hmax": 1.464, "ratio": 0.553, "vulnClass": "moderate"}}, {"type": "Feature", "geometry": {"type": "MultiPolygon", "coordinates": [[[[72.01946379, 34.14387856], [72.01942096, 34.14388456], [72.0194338, 34.14394788], [72.01947663, 34.14394188], [72.01946379, 34.14387856]]]]}, "properties": {"id": "8J6J42V9+HQ8F", "height": 2.548181533813477, "hmax": 1.464, "ratio": 0.575, "vulnClass": "moderate"}}, {"type": "Feature", "geometry": {"type": "MultiPolygon", "coordinates": [[[[72.01963563, 34.14399531], [72.0195995, 34.14387364], [72.01951869, 34.14389023], [72.01955481, 34.14401189], [72.01963563, 34.14399531]]]]}, "properties": {"id": "8J6J42V9+HRGM", "height": 2.976966857910156, "hmax": 1.464, "ratio": 0.492, "vulnClass": "moderate"}}, {"type": "Feature", "geometry": {"type": "MultiPolygon", "coordinates": [[[[72.01959892, 34.14387379], [72.01958921, 34.14384223], [72.01950893, 34.14385931], [72.01951864, 34.14389086], [72.01959892, 34.14387379]]]]}, "properties": {"id": "8J6J42V9+GRVP", "height": 2.976966857910156, "hmax": 1.464, "ratio": 0.492, "vulnClass": "moderate"}}, {"type": "Feature", "geometry": {"type": "MultiPolygon", "coordinates": [[[[72.0193098, 34.1439113], [72.0193365, 34.1440901], [72.0195339, 34.1440697], [72.0195239, 34.1440029], [72.0194669, 34.1440087], [72.019474, 34.1440562], [72.0194198, 34.1440618], [72.019396, 34.1439024], [72.0193098, 34.1439113]]]]}, "properties": {"id": "8J6J42V9+JQ28", "height": 2.843584537506104, "hmax": 1.464, "ratio": 0.515, "vulnClass": "moderate"}}, {"type": "Feature", "geometry": {"type": "MultiPolygon", "coordinates": [[[[72.0191205, 34.14381734], [72.01901604, 34.14382793], [72.01902824, 34.14391114], [72.0191327, 34.14390055], [72.0191205, 34.14381734]]]]}, "properties": {"id": "8J6J42V9+GJWF", "height": 2.742453098297119, "hmax": 1.464, "ratio": 0.534, "vulnClass": "moderate"}}, {"type": "Feature", "geometry": {"type": "MultiPolygon", "coordinates": [[[[72.01918014, 34.1437474], [72.01911127, 34.14375439], [72.0191327, 34.14390055], [72.0192884, 34.14388477], [72.01927619, 34.14380156], [72.01918937, 34.14381036], [72.01918014, 34.1437474]]]]}, "properties": {"id": "8J6J42V9+GMP6", "height": 2.742453098297119, "hmax": 1.464, "ratio": 0.534, "vulnClass": "moderate"}}, {"type": "Feature", "geometry": {"type": "MultiPolygon", "coordinates": [[[[72.01957915, 34.14383308], [72.01954853, 34.14378478], [72.01949677, 34.14380747], [72.01952739, 34.14385577], [72.01957915, 34.14383308]]]]}, "properties": {"id": "8J6J42V9+GRFR", "height": 2.679888248443604, "hmax": 1.464, "ratio": 0.546, "vulnClass": "moderate"}}, {"type": "Feature", "geometry": {"type": "MultiPolygon", "coordinates": [[[[72.01918283, 34.14313832], [72.01908271, 34.14314704], [72.01909722, 34.14326236], [72.01929531, 34.14324512], [72.01929049, 34.14320688], [72.01924793, 34.14321059], [72.01924309, 34.14317211], [72.01918769, 34.14317693], [72.01918283, 34.14313832]]]]}, "properties": {"id": "8J6J42V9+7MM8", "height": 3.003264188766479, "hmax": 1.476, "ratio": 0.491, "vulnClass": "moderate"}}, {"type": "Feature", "geometry": {"type": "MultiPolygon", "coordinates": [[[[72.01802374, 34.14331113], [72.01797837, 34.1433164], [72.01800367, 34.14346722], [72.01808989, 34.14345722], [72.01808235, 34.14341229], [72.0180415, 34.14341703], [72.01802374, 34.14331113]]]]}, "properties": {"id": "8J6J42V9+962X", "height": 2.463295936584473, "hmax": 1.445, "ratio": 0.587, "vulnClass": "moderate"}}, {"type": "Feature", "geometry": {"type": "MultiPolygon", "coordinates": [[[[72.01807701, 34.14322898], [72.01806986, 34.14318636], [72.01787321, 34.14320917], [72.01789287, 34.14332631], [72.01797837, 34.1433164], [72.01796586, 34.14324187], [72.01807701, 34.14322898]]]]}, "properties": {"id": "8J6J42V9+75WW", "height": 3.163147449493408, "hmax": 1.445, "ratio": 0.457, "vulnClass": "moderate"}}, {"type": "Feature", "geometry": {"type": "MultiPolygon", "coordinates": [[[[72.01901386, 34.14315303], [72.01923823, 34.1431335], [72.019227, 34.14304433], [72.01900264, 34.14306386], [72.01901386, 34.14315303]]]]}, "properties": {"id": "8J6J42V9+6JQX", "height": 2.760117053985596, "hmax": 1.476, "ratio": 0.535, "vulnClass": "moderate"}}, {"type": "Feature", "geometry": {"type": "MultiPolygon", "coordinates": [[[[72.0196715, 34.1440664], [72.01966107, 34.14399938], [72.01956598, 34.1440096], [72.0195764, 34.14407663], [72.0196715, 34.1440664]]]]}, "properties": {"id": "8J6J42V9+JR9H", "height": 2.489749431610107, "hmax": 1.464, "ratio": 0.588, "vulnClass": "moderate"}}, {"type": "Feature", "geometry": {"type": "MultiPolygon", "coordinates": [[[[72.02166811, 34.14418936], [72.02160027, 34.14411598], [72.02143737, 34.1442201], [72.02150521, 34.14429348], [72.02166811, 34.14418936]]]]}, "properties": {"id": "8J6J42VC+MJM4", "height": 3.217443227767944, "hmax": 1.332, "ratio": 0.414, "vulnClass": "moderate"}}, {"type": "Feature", "geometry": {"type": "MultiPolygon", "coordinates": [[[[72.02153206, 34.14415958], [72.02146294, 34.14408481], [72.02136824, 34.14414534], [72.02143737, 34.1442201], [72.02153206, 34.14415958]]]]}, "properties": {"id": "8J6J42VC+MH83", "height": 3.329273700714111, "hmax": 1.332, "ratio": 0.4, "vulnClass": "moderate"}}, {"type": "Feature", "geometry": {"type": "MultiPolygon", "coordinates": [[[[72.02255502, 34.14392942], [72.0224869, 34.14385591], [72.02239301, 34.14391606], [72.02246113, 34.14398957], [72.02255502, 34.14392942]]]]}, "properties": {"id": "8J6J42VC+HX9R", "height": 2.566065788269043, "hmax": 1.358, "ratio": 0.529, "vulnClass": "moderate"}}, {"type": "Feature", "geometry": {"type": "MultiPolygon", "coordinates": [[[[72.02175829, 34.14437603], [72.02169141, 34.14430178], [72.02158418, 34.14436855], [72.02165105, 34.1444428], [72.02175829, 34.14437603]]]]}, "properties": {"id": "8J6J42VC+PMVV", "height": 2.972023963928223, "hmax": 1.332, "ratio": 0.448, "vulnClass": "moderate"}}, {"type": "Feature", "geometry": {"type": "MultiPolygon", "coordinates": [[[[72.02180429, 34.14446317], [72.02173748, 34.14438898], [72.02164599, 34.14444595], [72.0217128, 34.14452013], [72.02180429, 34.14446317]]]]}, "properties": {"id": "8J6J42VC+QMQ2", "height": 2.972023963928223, "hmax": 1.332, "ratio": 0.448, "vulnClass": "moderate"}}, {"type": "Feature", "geometry": {"type": "MultiPolygon", "coordinates": [[[[72.02193253, 34.14450628], [72.02186158, 34.1444275], [72.02171786, 34.14451698], [72.02178881, 34.14459576], [72.02193253, 34.14450628]]]]}, "properties": {"id": "8J6J42VC+RP4F", "height": 2.855846405029297, "hmax": 1.333, "ratio": 0.467, "vulnClass": "moderate"}}, {"type": "Feature", "geometry": {"type": "MultiPolygon", "coordinates": [[[[72.02232782, 34.144627], [72.02249778, 34.14452439], [72.02245721, 34.14447794], [72.02239078, 34.14451804], [72.02236289, 34.1444861], [72.02231272, 34.14451638], [72.02234061, 34.14454832], [72.02228725, 34.14458054], [72.02232782, 34.144627]]]]}, "properties": {"id": "8J6J42VC+RX6V", "height": 3.613431453704834, "hmax": 1.358, "ratio": 0.376, "vulnClass": "moderate"}}, {"type": "Feature", "geometry": {"type": "MultiPolygon", "coordinates": [[[[72.02248136, 34.14446336], [72.02245347, 34.14443141], [72.02238029, 34.14447559], [72.02240819, 34.14450753], [72.02248136, 34.14446336]]]]}, "properties": {"id": "8J6J42VC+QXMQ", "height": 2.856818199157715, "hmax": 1.358, "ratio": 0.475, "vulnClass": "moderate"}}, {"type": "Feature", "geometry": {"type": "MultiPolygon", "coordinates": [[[[72.02262105, 34.14436221], [72.02258392, 34.14432321], [72.02255474, 34.14434241], [72.0225277, 34.14431401], [72.02243632, 34.14437414], [72.02250049, 34.14444154], [72.02262105, 34.14436221]]]]}, "properties": {"id": "8J6J42VF+P2RX", "height": 2.505584001541138, "hmax": 1.358, "ratio": 0.542, "vulnClass": "moderate"}}, {"type": "Feature", "geometry": {"type": "MultiPolygon", "coordinates": [[[[72.02220495, 34.14433855], [72.02213556, 34.14426541], [72.0220247, 34.14433811], [72.02209409, 34.14441126], [72.02220495, 34.14433855]]]]}, "properties": {"id": "8J6J42VC+PRQG", "height": 4.10603141784668, "hmax": 1.358, "ratio": 0.331, "vulnClass": "moderate"}}, {"type": "Feature", "geometry": {"type": "MultiPolygon", "coordinates": [[[[72.02207248, 34.14426119], [72.0220445, 34.14422328], [72.02198514, 34.14425357], [72.02201312, 34.14429148], [72.02207248, 34.14426119]]]]}, "properties": {"id": "8J6J42VC+PR29", "height": 2.611259937286377, "hmax": 1.358, "ratio": 0.52, "vulnClass": "moderate"}}, {"type": "Feature", "geometry": {"type": "MultiPolygon", "coordinates": [[[[72.0223605, 34.1429051], [72.0222674, 34.142965], [72.0224123, 34.1431207], [72.0225054, 34.1430608], [72.0223605, 34.1429051]]]]}, "properties": {"id": "8J6J42VC+6X2F", "height": 2.853807926177979, "hmax": 1.633, "ratio": 0.572, "vulnClass": "moderate"}}, {"type": "Feature", "geometry": {"type": "MultiPolygon", "coordinates": [[[[72.02813892, 34.14269695], [72.02806187, 34.14269764], [72.02806414, 34.14287412], [72.02821163, 34.1428728], [72.02821039, 34.14277729], [72.02813997, 34.14277791], [72.02813892, 34.14269695]]]]}, "properties": {"id": "8J6J42VH+476R", "height": 4.276246070861816, "hmax": 0.724, "ratio": 0.169, "vulnClass": "low"}}, {"type": "Feature", "geometry": {"type": "MultiPolygon", "coordinates": [[[[72.02806962, 34.14270329], [72.02806692, 34.14262672], [72.02801256, 34.14262804], [72.02801525, 34.14270461], [72.02806962, 34.14270329]]]]}, "properties": {"id": "8J6J42VH+367M", "height": 5.294058799743652, "hmax": 0.724, "ratio": 0.137, "vulnClass": "low"}}, {"type": "Feature", "geometry": {"type": "MultiPolygon", "coordinates": [[[[72.02841114, 34.14265276], [72.02830985, 34.14265325], [72.02831107, 34.14282805], [72.02836586, 34.14282779], [72.02836605, 34.14285622], [72.02841255, 34.14285599], [72.02841114, 34.14265276]]]]}, "properties": {"id": "8J6J42VH+38XW", "height": 3.72491717338562, "hmax": 0.724, "ratio": 0.194, "vulnClass": "low"}}, {"type": "Feature", "geometry": {"type": "MultiPolygon", "coordinates": [[[[72.02828277, 34.14277664], [72.02828172, 34.14269568], [72.02813892, 34.14269695], [72.02813997, 34.14277791], [72.02828277, 34.14277664]]]]}, "properties": {"id": "8J6J42VH+37WG", "height": 3.473161697387695, "hmax": 0.724, "ratio": 0.209, "vulnClass": "low"}}, {"type": "Feature", "geometry": {"type": "MultiPolygon", "coordinates": [[[[72.02838209, 34.14317036], [72.02837856, 34.1430511], [72.02826784, 34.14305337], [72.02827137, 34.14317263], [72.02838209, 34.14317036]]]]}, "properties": {"id": "8J6J42VH+68WF", "height": 2.926053285598755, "hmax": 0.509, "ratio": 0.174, "vulnClass": "low"}}, {"type": "Feature", "geometry": {"type": "MultiPolygon", "coordinates": [[[[72.02825817, 34.14317245], [72.02825605, 34.14306537], [72.02807524, 34.14306785], [72.0280762, 34.14311606], [72.02812403, 34.14311541], [72.0281252, 34.14317427], [72.02825817, 34.14317245]]]]}, "properties": {"id": "8J6J42VH+67VP", "height": 2.926053285598755, "hmax": 0.509, "ratio": 0.174, "vulnClass": "low"}}, {"type": "Feature", "geometry": {"type": "MultiPolygon", "coordinates": [[[[72.02818978, 34.14353394], [72.02818747, 34.14343251], [72.02815548, 34.14343301], [72.02815606, 34.14345839], [72.02810496, 34.14345919], [72.0281058, 34.14349583], [72.02805338, 34.14349666], [72.02805428, 34.14353608], [72.02818978, 34.14353394]]]]}, "properties": {"id": "8J6J42VH+97RV", "height": 4.327591896057129, "hmax": 0.509, "ratio": 0.118, "vulnClass": "low"}}, {"type": "Feature", "geometry": {"type": "MultiPolygon", "coordinates": [[[[72.02818978, 34.14353394], [72.02805428, 34.14353608], [72.02805698, 34.14365446], [72.02819248, 34.14365232], [72.02818978, 34.14353394]]]]}, "properties": {"id": "8J6J42VH+C6QQ", "height": 4.493832588195801, "hmax": 0.509, "ratio": 0.113, "vulnClass": "low"}}, {"type": "Feature", "geometry": {"type": "MultiPolygon", "coordinates": [[[[72.02810683, 34.14330948], [72.02804885, 34.14330735], [72.02804639, 34.14335364], [72.02810438, 34.14335576], [72.02810683, 34.14330948]]]]}, "properties": {"id": "8J6J42VH+86P7", "height": 2.510882377624512, "hmax": 0.509, "ratio": 0.203, "vulnClass": "low"}}, {"type": "Feature", "geometry": {"type": "MultiPolygon", "coordinates": [[[[72.02812456, 34.14314205], [72.02807673, 34.1431427], [72.02807737, 34.14317493], [72.0281252, 34.14317427], [72.02812456, 34.14314205]]]]}, "properties": {"id": "8J6J42VH+7696", "height": 2.473707675933838, "hmax": 0.509, "ratio": 0.206, "vulnClass": "low"}}, {"type": "Feature", "geometry": {"type": "MultiPolygon", "coordinates": [[[[72.0282142, 34.14317305], [72.0281252, 34.14317427], [72.02812837, 34.14333419], [72.02821737, 34.14333297], [72.0282142, 34.14317305]]]]}, "properties": {"id": "8J6J42VH+8733", "height": 3.576472997665405, "hmax": 0.509, "ratio": 0.142, "vulnClass": "low"}}, {"type": "Feature", "geometry": {"type": "MultiPolygon", "coordinates": [[[[72.02837614, 34.14333079], [72.02837297, 34.14317087], [72.0282142, 34.14317305], [72.02821737, 34.14333297], [72.02837614, 34.14333079]]]]}, "properties": {"id": "8J6J42VH+8833", "height": 3.627624034881592, "hmax": 0.509, "ratio": 0.14, "vulnClass": "low"}}, {"type": "Feature", "geometry": {"type": "MultiPolygon", "coordinates": [[[[72.02853775, 34.14315664], [72.02839633, 34.14316496], [72.02840831, 34.14330562], [72.02864349, 34.14329178], [72.02863394, 34.14317961], [72.02854018, 34.14318513], [72.02853775, 34.14315664]]]]}, "properties": {"id": "8J6J42VH+7CR7", "height": 3.928430080413818, "hmax": 0.136, "ratio": 0.035, "vulnClass": "none"}}, {"type": "Feature", "geometry": {"type": "MultiPolygon", "coordinates": [[[[72.02902229, 34.14334058], [72.02901845, 34.1431819], [72.02878382, 34.14318583], [72.02878766, 34.14334451], [72.02902229, 34.14334058]]]]}, "properties": {"id": "8J6J42VH+8H2H", "height": 3.316714763641357, "hmax": 0.012, "ratio": 0.004, "vulnClass": "none"}}, {"type": "Feature", "geometry": {"type": "MultiPolygon", "coordinates": [[[[72.02877438, 34.14328054], [72.02872991, 34.14327886], [72.02872672, 34.14333736], [72.02877118, 34.14333903], [72.02877438, 34.14328054]]]]}, "properties": {"id": "8J6J42VH+8GC6", "height": 3.024836540222168, "hmax": 0.012, "ratio": 0.004, "vulnClass": "none"}}, {"type": "Feature", "geometry": {"type": "MultiPolygon", "coordinates": [[[[72.02871221, 34.14328293], [72.02865721, 34.1432868], [72.02866216, 34.1433355], [72.02871716, 34.14333164], [72.02871221, 34.14328293]]]]}, "properties": {"id": "8J6J42VH+8FF9", "height": 2.603561162948608, "hmax": 0.012, "ratio": 0.005, "vulnClass": "none"}}, {"type": "Feature", "geometry": {"type": "MultiPolygon", "coordinates": [[[[72.02864736, 34.14333732], [72.02864349, 34.14329178], [72.02858128, 34.14329544], [72.02858516, 34.14334098], [72.02864736, 34.14333732]]]]}, "properties": {"id": "8J6J42VH+8CHP", "height": 2.788433790206909, "hmax": 0.012, "ratio": 0.004, "vulnClass": "none"}}, {"type": "Feature", "geometry": {"type": "MultiPolygon", "coordinates": [[[[72.02849226, 34.14342814], [72.02839612, 34.14343139], [72.0284026, 34.14356399], [72.02849875, 34.14356074], [72.02849226, 34.14342814]]]]}, "properties": {"id": "8J6J42VH+99WV", "height": 3.438680648803711, "hmax": 0.257, "ratio": 0.075, "vulnClass": "low"}}, {"type": "Feature", "geometry": {"type": "MultiPolygon", "coordinates": [[[[72.0287894, 34.1435159], [72.0287914, 34.1435677], [72.0288893, 34.143565], [72.0288872, 34.1435132], [72.0287894, 34.1435159]]]]}, "properties": {"id": "8J6J42VH+CG8Q", "height": 2.756848335266113, "hmax": 0.012, "ratio": 0.004, "vulnClass": "none"}}, {"type": "Feature", "geometry": {"type": "MultiPolygon", "coordinates": [[[[72.02878557, 34.14341957], [72.02869604, 34.14342201], [72.02870188, 34.14357012], [72.02879142, 34.14356768], [72.02878557, 34.14341957]]]]}, "properties": {"id": "8J6J42VH+9FXQ", "height": 2.957348823547363, "hmax": 0.012, "ratio": 0.004, "vulnClass": "none"}}, {"type": "Feature", "geometry": {"type": "MultiPolygon", "coordinates": [[[[72.02870136, 34.14355687], [72.02869604, 34.14342201], [72.02859273, 34.14342483], [72.02859805, 34.14355969], [72.02870136, 34.14355687]]]]}, "properties": {"id": "8J6J42VH+9FRP", "height": 3.75932765007019, "hmax": 0.012, "ratio": 0.003, "vulnClass": "none"}}, {"type": "Feature", "geometry": {"type": "MultiPolygon", "coordinates": [[[[72.0292604, 34.1435491], [72.029258, 34.143458], [72.0292225, 34.1434587], [72.0292218, 34.1434317], [72.0290333, 34.1434352], [72.0290347, 34.1434879], [72.0289813, 34.1434889], [72.028983, 34.1435543], [72.0292604, 34.1435491]]]]}, "properties": {"id": "8J6J42VH+9MRR", "height": 3.776029586791992, "hmax": 0.012, "ratio": 0.003, "vulnClass": "none"}}, {"type": "Feature", "geometry": {"type": "MultiPolygon", "coordinates": [[[[72.0289833, 34.14356244], [72.02897746, 34.14341433], [72.02888342, 34.1434169], [72.02888926, 34.14356501], [72.0289833, 34.14356244]]]]}, "properties": {"id": "8J6J42VH+9HVH", "height": 3.776029586791992, "hmax": 0.012, "ratio": 0.003, "vulnClass": "none"}}, {"type": "Feature", "geometry": {"type": "MultiPolygon", "coordinates": [[[[72.02922851, 34.14325515], [72.02904092, 34.14325744], [72.02904179, 34.1433071], [72.02922939, 34.14330481], [72.02922851, 34.14325515]]]]}, "properties": {"id": "8J6J42VH+8M67", "height": 3.726260662078857, "hmax": 0.012, "ratio": 0.003, "vulnClass": "none"}}, {"type": "Feature", "geometry": {"type": "MultiPolygon", "coordinates": [[[[72.02922776, 34.14325815], [72.02922476, 34.14315968], [72.02901131, 34.14316417], [72.02901431, 34.14326265], [72.02922776, 34.14325815]]]]}, "properties": {"id": "8J6J42VH+7JQH", "height": 4.218130588531494, "hmax": 0.012, "ratio": 0.003, "vulnClass": "none"}}, {"type": "Feature", "geometry": {"type": "MultiPolygon", "coordinates": [[[[72.02932265, 34.14316024], [72.02925633, 34.14316105], [72.02925759, 34.14323227], [72.0293239, 34.14323146], [72.02932265, 34.14316024]]]]}, "properties": {"id": "8J6J42VH+7PFV", "height": 2.770623445510864, "hmax": 0.012, "ratio": 0.004, "vulnClass": "none"}}, {"type": "Feature", "geometry": {"type": "MultiPolygon", "coordinates": [[[[72.02934494, 34.14306775], [72.0293378, 34.14300746], [72.02923856, 34.14301559], [72.0292457, 34.14307588], [72.02934494, 34.14306775]]]]}, "properties": {"id": "8J6J42VH+6P7M", "height": 2.754911422729492, "hmax": 0.012, "ratio": 0.004, "vulnClass": "none"}}, {"type": "Feature", "geometry": {"type": "MultiPolygon", "coordinates": [[[[72.02925205, 34.14312953], [72.02923856, 34.14301559], [72.02913531, 34.14302405], [72.02914881, 34.14313798], [72.02925205, 34.14312953]]]]}, "properties": {"id": "8J6J42VH+6MP2", "height": 4.914660930633545, "hmax": 0.012, "ratio": 0.002, "vulnClass": "none"}}, {"type": "Feature", "geometry": {"type": "MultiPolygon", "coordinates": [[[[72.02921575, 34.14297155], [72.02913525, 34.14297553], [72.02913853, 34.14302143], [72.02921903, 34.14301745], [72.02921575, 34.14297155]]]]}, "properties": {"id": "8J6J42VH+5MVW", "height": 3.073912382125854, "hmax": 0.116, "ratio": 0.038, "vulnClass": "none"}}, {"type": "Feature", "geometry": {"type": "MultiPolygon", "coordinates": [[[[72.0292889, 34.1428245], [72.0292352, 34.1428265], [72.02923699, 34.14285956], [72.02929069, 34.14285756], [72.0292889, 34.1428245]]]]}, "properties": {"id": "8J6J42VH+4PJM", "height": 4.780796051025391, "hmax": 0.183, "ratio": 0.038, "vulnClass": "none"}}, {"type": "Feature", "geometry": {"type": "MultiPolygon", "coordinates": [[[[72.02858569, 34.14305422], [72.02847776, 34.1430618], [72.02848738, 34.14315645], [72.02859531, 34.14314887], [72.02858569, 34.14305422]]]]}, "properties": {"id": "8J6J42VH+6CV6", "height": 2.838320970535278, "hmax": 0.012, "ratio": 0.004, "vulnClass": "none"}}, {"type": "Feature", "geometry": {"type": "MultiPolygon", "coordinates": [[[[72.02848987, 34.14315651], [72.02847263, 34.1429748], [72.02836198, 34.14298206], [72.02837922, 34.14316377], [72.02848987, 34.14315651]]]]}, "properties": {"id": "8J6J42VH+69FP", "height": 3.218934059143066, "hmax": 0.427, "ratio": 0.133, "vulnClass": "low"}}, {"type": "Feature", "geometry": {"type": "MultiPolygon", "coordinates": [[[[72.02873345, 34.14285038], [72.028733, 34.14277904], [72.02862824, 34.1427795], [72.0286286, 34.14283579], [72.02869162, 34.14283551], [72.02869171, 34.14285057], [72.02873345, 34.14285038]]]]}, "properties": {"id": "8J6J42VH+4FFH", "height": 3.563988924026489, "hmax": 0.183, "ratio": 0.051, "vulnClass": "low"}}, {"type": "Feature", "geometry": {"type": "MultiPolygon", "coordinates": [[[[72.02862824, 34.1427795], [72.02852026, 34.14277998], [72.02852072, 34.14285133], [72.0286287, 34.14285085], [72.02862824, 34.1427795]]]]}, "properties": {"id": "8J6J42VH+4CGM", "height": 4.357008457183838, "hmax": 0.183, "ratio": 0.042, "vulnClass": "none"}}, {"type": "Feature", "geometry": {"type": "MultiPolygon", "coordinates": [[[[72.0286274, 34.14264981], [72.02851943, 34.14265029], [72.02852026, 34.14277998], [72.02862824, 34.1427795], [72.0286274, 34.14264981]]]]}, "properties": {"id": "8J6J42VH+3CPF", "height": 5.938357353210449, "hmax": 0.183, "ratio": 0.031, "vulnClass": "none"}}, {"type": "Feature", "geometry": {"type": "MultiPolygon", "coordinates": [[[[72.02873216, 34.14264935], [72.0286274, 34.14264981], [72.02862824, 34.1427795], [72.028733, 34.14277904], [72.02873216, 34.14264935]]]]}, "properties": {"id": "8J6J42VH+3FMH", "height": 3.624695301055908, "hmax": 0.183, "ratio": 0.05, "vulnClass": "low"}}, {"type": "Feature", "geometry": {"type": "MultiPolygon", "coordinates": [[[[72.028962, 34.1426615], [72.0288552, 34.1426564], [72.0288426, 34.1428381], [72.0288958, 34.1428407], [72.0288965, 34.1428304], [72.0289501, 34.142833], [72.028962, 34.1426615]]]]}, "properties": {"id": "8J6J42VH+3HRX", "height": 3.775973796844482, "hmax": 0.183, "ratio": 0.048, "vulnClass": "none"}}, {"type": "Feature", "geometry": {"type": "MultiPolygon", "coordinates": [[[[72.02926088, 34.14279552], [72.02921867, 34.14279298], [72.02921536, 34.14283112], [72.02925757, 34.14283367], [72.02926088, 34.14279552]]]]}, "properties": {"id": "8J6J42VH+4MHG", "height": 4.089794158935547, "hmax": 0.183, "ratio": 0.045, "vulnClass": "none"}}, {"type": "Feature", "geometry": {"type": "MultiPolygon", "coordinates": [[[[72.0292791, 34.1426436], [72.0291855, 34.1426471], [72.0291931, 34.1427864], [72.0292867, 34.1427829], [72.0292889, 34.1428245], [72.0293919, 34.1428207], [72.0293831, 34.1426589], [72.0292802, 34.1426628], [72.0292791, 34.1426436]]]]}, "properties": {"id": "8J6J42VH+3PV3", "height": 4.780796051025391, "hmax": 0.183, "ratio": 0.038, "vulnClass": "none"}}, {"type": "Feature", "geometry": {"type": "MultiPolygon", "coordinates": [[[[72.02961029, 34.1426453], [72.02950439, 34.14264922], [72.02951291, 34.14280865], [72.02961882, 34.14280474], [72.02961029, 34.1426453]]]]}, "properties": {"id": "8J6J42VH+3RV5", "height": 4.40743350982666, "hmax": 0.147, "ratio": 0.033, "vulnClass": "none"}}, {"type": "Feature", "geometry": {"type": "MultiPolygon", "coordinates": [[[[72.02970333, 34.14264186], [72.02961029, 34.1426453], [72.02961739, 34.142778], [72.02965717, 34.14277652], [72.0296586, 34.14280327], [72.02971185, 34.1428013], [72.02970333, 34.14264186]]]]}, "properties": {"id": "8J6J42VH+3VMJ", "height": 4.378251075744629, "hmax": 0.116, "ratio": 0.026, "vulnClass": "none"}}, {"type": "Feature", "geometry": {"type": "MultiPolygon", "coordinates": [[[[72.0299038, 34.1427283], [72.0297469, 34.1427323], [72.0297509, 34.1428412], [72.0299078, 34.1428372], [72.0299038, 34.1427283]]]]}, "properties": {"id": "8J6J42VH+4W87", "height": 4.761363983154297, "hmax": 0.116, "ratio": 0.024, "vulnClass": "none"}}, {"type": "Feature", "geometry": {"type": "MultiPolygon", "coordinates": [[[[72.0297534, 34.14304734], [72.02975457, 34.14302646], [72.02970193, 34.14302441], [72.02970076, 34.14304529], [72.0297534, 34.14304734]]]]}, "properties": {"id": "8J6J42VH+6V9F", "height": 4.088160037994385, "hmax": 0.003, "ratio": 0.001, "vulnClass": "none"}}, {"type": "Feature", "geometry": {"type": "MultiPolygon", "coordinates": [[[[72.0299006, 34.1431504], [72.0299073, 34.1430324], [72.0298282, 34.1430293], [72.0297587, 34.1430266], [72.029752, 34.1431446], [72.0299006, 34.1431504]]]]}, "properties": {"id": "8J6J42VH+6WPG", "height": 4.75136661529541, "hmax": 0.003, "ratio": 0.001, "vulnClass": "none"}}, {"type": "Feature", "geometry": {"type": "MultiPolygon", "coordinates": [[[[72.0298899, 34.1429919], [72.0298926, 34.1429209], [72.0298568, 34.1429199], [72.0296745, 34.1429153], [72.0296704, 34.1430247], [72.0298528, 34.1430294], [72.0298542, 34.142991], [72.0298899, 34.1429919]]]]}, "properties": {"id": "8J6J42VH+5WJX", "height": 3.745231628417969, "hmax": 0.105, "ratio": 0.028, "vulnClass": "none"}}, {"type": "Feature", "geometry": {"type": "MultiPolygon", "coordinates": [[[[72.02966816, 34.14292641], [72.02955739, 34.14293004], [72.02956142, 34.14301513], [72.02967219, 34.1430115], [72.02966816, 34.14292641]]]]}, "properties": {"id": "8J6J42VH+5RQW", "height": 2.559283018112183, "hmax": 0.114, "ratio": 0.045, "vulnClass": "none"}}, {"type": "Feature", "geometry": {"type": "MultiPolygon", "coordinates": [[[[72.03031398, 34.14273138], [72.0302629, 34.14272964], [72.03026, 34.14278858], [72.03031107, 34.14279032], [72.03031398, 34.14273138]]]]}, "properties": {"id": "8J6J42VJ+4436", "height": 5.6684250831604, "hmax": 0.116, "ratio": 0.02, "vulnClass": "none"}}, {"type": "Feature", "geometry": {"type": "MultiPolygon", "coordinates": [[[[72.03019098, 34.14283115], [72.03018682, 34.14273036], [72.03007086, 34.14273366], [72.03007501, 34.14283445], [72.03019098, 34.14283115]]]]}, "properties": {"id": "8J6J42VJ+4366", "height": 3.727283000946045, "hmax": 0.116, "ratio": 0.031, "vulnClass": "none"}}, {"type": "Feature", "geometry": {"type": "MultiPolygon", "coordinates": [[[[72.03022918, 34.14271365], [72.03022485, 34.14261794], [72.03003115, 34.14262399], [72.03003547, 34.1427197], [72.03022918, 34.14271365]]]]}, "properties": {"id": "8J6J42VJ+336J", "height": 4.861823081970215, "hmax": 0.116, "ratio": 0.024, "vulnClass": "none"}}, {"type": "Feature", "geometry": {"type": "MultiPolygon", "coordinates": [[[[72.03047141, 34.14271802], [72.03046749, 34.14261082], [72.03037055, 34.14261327], [72.03037167, 34.14264411], [72.03034591, 34.14264477], [72.03034478, 34.14261393], [72.03025459, 34.14261621], [72.03025851, 34.1427234], [72.03047141, 34.14271802]]]]}, "properties": {"id": "8J6J42VJ+349P", "height": 5.611189842224121, "hmax": 0.116, "ratio": 0.021, "vulnClass": "none"}}, {"type": "Feature", "geometry": {"type": "MultiPolygon", "coordinates": [[[[72.0304209, 34.1427312], [72.03032139, 34.14273403], [72.03032319, 34.14277761], [72.03042269, 34.14277478], [72.0304209, 34.1427312]]]]}, "properties": {"id": "8J6J42VJ+4455", "height": 4.707067489624023, "hmax": 0.116, "ratio": 0.025, "vulnClass": "none"}}, {"type": "Feature", "geometry": {"type": "MultiPolygon", "coordinates": [[[[72.03047202, 34.14273479], [72.0304238, 34.14273601], [72.03042555, 34.14278381], [72.03047377, 34.14278259], [72.03047202, 34.14273479]]]]}, "properties": {"id": "8J6J42VJ+4547", "height": 3.038107872009277, "hmax": 0.116, "ratio": 0.038, "vulnClass": "none"}}, {"type": "Feature", "geometry": {"type": "MultiPolygon", "coordinates": [[[[72.03079784, 34.14263334], [72.03068827, 34.14263611], [72.03069422, 34.14279882], [72.03080379, 34.14279605], [72.03079784, 34.14263334]]]]}, "properties": {"id": "8J6J42VJ+37QQ", "height": 3.98347020149231, "hmax": 0.112, "ratio": 0.028, "vulnClass": "none"}}, {"type": "Feature", "geometry": {"type": "MultiPolygon", "coordinates": [[[[72.03090449, 34.14259978], [72.03079672, 34.1426025], [72.030803, 34.14277427], [72.03085622, 34.14277292], [72.03085702, 34.14279471], [72.03091157, 34.14279333], [72.03090449, 34.14259978]]]]}, "properties": {"id": "8J6J42VJ+38HM", "height": 2.723414421081543, "hmax": 0.112, "ratio": 0.041, "vulnClass": "none"}}, {"type": "Feature", "geometry": {"type": "MultiPolygon", "coordinates": [[[[72.03027035, 34.14334515], [72.03029373, 34.14319927], [72.03023405, 34.14319266], [72.03021066, 34.14333853], [72.03027035, 34.14334515]]]]}, "properties": {"id": "8J6J42VJ+842J", "height": 4.570172786712646, "hmax": 0.003, "ratio": 0.001, "vulnClass": "none"}}, {"type": "Feature", "geometry": {"type": "MultiPolygon", "coordinates": [[[[72.03036609, 34.14320729], [72.03029373, 34.14319927], [72.03026926, 34.14335193], [72.03034163, 34.14335994], [72.03036609, 34.14320729]]]]}, "properties": {"id": "8J6J42VJ+8482", "height": 3.982385158538818, "hmax": 0.003, "ratio": 0.001, "vulnClass": "none"}}, {"type": "Feature", "geometry": {"type": "MultiPolygon", "coordinates": [[[[72.0302413, 34.1431494], [72.0302359, 34.1431859], [72.0303655, 34.1431991], [72.0303709, 34.1431627], [72.0302413, 34.1431494]]]]}, "properties": {"id": "8J6J42VJ+747W", "height": 2.512401103973389, "hmax": 0.003, "ratio": 0.001, "vulnClass": "none"}}, {"type": "Feature", "geometry": {"type": "MultiPolygon", "coordinates": [[[[72.03052522, 34.14306824], [72.03023255, 34.14307061], [72.03023344, 34.14314689], [72.03052612, 34.14314452], [72.03052522, 34.14306824]]]]}, "properties": {"id": "8J6J42VJ+65R6", "height": 4.386756896972656, "hmax": 0.003, "ratio": 0.001, "vulnClass": "none"}}, {"type": "Feature", "geometry": {"type": "MultiPolygon", "coordinates": [[[[72.03023614, 34.14317962], [72.0301168, 34.1431664], [72.03008867, 34.14334188], [72.03020801, 34.1433551], [72.03023614, 34.14317962]]]]}, "properties": {"id": "8J6J42VJ+833C", "height": 4.736082077026367, "hmax": 0.003, "ratio": 0.001, "vulnClass": "none"}}, {"type": "Feature", "geometry": {"type": "MultiPolygon", "coordinates": [[[[72.02975207, 34.14307091], [72.02969943, 34.14306885], [72.02969528, 34.14314238], [72.02974792, 34.14314443], [72.02975207, 34.14307091]]]]}, "properties": {"id": "8J6J42VH+6VX6", "height": 4.75136661529541, "hmax": 0.003, "ratio": 0.001, "vulnClass": "none"}}, {"type": "Feature", "geometry": {"type": "MultiPolygon", "coordinates": [[[[72.02964615, 34.14311251], [72.02956659, 34.14310943], [72.02956427, 34.14315084], [72.02964382, 34.14315392], [72.02964615, 34.14311251]]]]}, "properties": {"id": "8J6J42VH+7R57", "height": 3.459734916687012, "hmax": 0.003, "ratio": 0.001, "vulnClass": "none"}}, {"type": "Feature", "geometry": {"type": "MultiPolygon", "coordinates": [[[[72.02992485, 34.14317534], [72.0296454, 34.14317542], [72.02964545, 34.14329736], [72.0299249, 34.14329727], [72.02992485, 34.14317534]]]]}, "properties": {"id": "8J6J42VH+7WVC", "height": 5.092113018035889, "hmax": 0.003, "ratio": 0.001, "vulnClass": "none"}}, {"type": "Feature", "geometry": {"type": "MultiPolygon", "coordinates": [[[[72.02964382, 34.14315392], [72.02946979, 34.14314717], [72.02946186, 34.14328859], [72.02963589, 34.14329534], [72.02964382, 34.14315392]]]]}, "properties": {"id": "8J6J42VH+7RMW", "height": 4.414740085601807, "hmax": 0.007, "ratio": 0.002, "vulnClass": "none"}}, {"type": "Feature", "geometry": {"type": "MultiPolygon", "coordinates": [[[[72.02954041, 34.1435531], [72.02953888, 34.14342419], [72.02949954, 34.14342451], [72.02949986, 34.14345164], [72.02939296, 34.14345251], [72.02939264, 34.14342538], [72.02935189, 34.14342572], [72.02935341, 34.14355463], [72.02954041, 34.1435531]]]]}, "properties": {"id": "8J6J42VH+9QWV", "height": 3.161492824554443, "hmax": 0.012, "ratio": 0.004, "vulnClass": "none"}}, {"type": "Feature", "geometry": {"type": "MultiPolygon", "coordinates": [[[[72.02985936, 34.14341372], [72.0297597, 34.14341787], [72.02976795, 34.14355487], [72.02986762, 34.14355072], [72.02985936, 34.14341372]]]]}, "properties": {"id": "8J6J42VH+9WW6", "height": 3.146785020828247, "hmax": 0.003, "ratio": 0.001, "vulnClass": "none"}}, {"type": "Feature", "geometry": {"type": "MultiPolygon", "coordinates": [[[[72.02976709, 34.14354057], [72.02976191, 34.14345455], [72.02965854, 34.14345886], [72.02966372, 34.14354488], [72.02976709, 34.14354057]]]]}, "properties": {"id": "8J6J42VH+9VWX", "height": 3.330538988113403, "hmax": 0.003, "ratio": 0.001, "vulnClass": "none"}}, {"type": "Feature", "geometry": {"type": "MultiPolygon", "coordinates": [[[[72.02948272, 34.14358537], [72.02937658, 34.14358734], [72.02937875, 34.1436681], [72.02948489, 34.14366613], [72.02948272, 34.14358537]]]]}, "properties": {"id": "8J6J42VH+FQ35", "height": 2.956825733184814, "hmax": 0.012, "ratio": 0.004, "vulnClass": "none"}}, {"type": "Feature", "geometry": {"type": "MultiPolygon", "coordinates": [[[[72.02948267, 34.14367987], [72.02938556, 34.14366647], [72.02937622, 34.14371326], [72.02947333, 34.14372666], [72.02948267, 34.14367987]]]]}, "properties": {"id": "8J6J42VH+FQFW", "height": 2.956825733184814, "hmax": 0.012, "ratio": 0.004, "vulnClass": "none"}}, {"type": "Feature", "geometry": {"type": "MultiPolygon", "coordinates": [[[[72.02957858, 34.14358359], [72.02948272, 34.14358537], [72.02948646, 34.14372461], [72.02958232, 34.14372283], [72.02957858, 34.14358359]]]]}, "properties": {"id": "8J6J42VH+FR72", "height": 3.184537172317505, "hmax": 0.007, "ratio": 0.002, "vulnClass": "none"}}, {"type": "Feature", "geometry": {"type": "MultiPolygon", "coordinates": [[[[72.02967137, 34.14358187], [72.02957858, 34.14358359], [72.02958232, 34.14372283], [72.02962576, 34.14372202], [72.0296262, 34.1437385], [72.02967555, 34.14373759], [72.02967137, 34.14358187]]]]}, "properties": {"id": "8J6J42VH+FV66", "height": 3.182754516601562, "hmax": 0.003, "ratio": 0.001, "vulnClass": "none"}}, {"type": "Feature", "geometry": {"type": "MultiPolygon", "coordinates": [[[[72.029864, 34.1435855], [72.0296716, 34.1435891], [72.0296746, 34.143703], [72.0297199, 34.1437021], [72.0297204, 34.1437203], [72.0298266, 34.1437183], [72.0298261, 34.1437002], [72.0298671, 34.1436994], [72.029864, 34.1435855]]]]}, "properties": {"id": "8J6J42VH+FW2W", "height": 2.940260171890259, "hmax": 0.003, "ratio": 0.001, "vulnClass": "none"}}, {"type": "Feature", "geometry": {"type": "MultiPolygon", "coordinates": [[[[72.0295889, 34.1439551], [72.02958438, 34.14381485], [72.02952618, 34.14381614], [72.02952706, 34.14384354], [72.02947911, 34.14384461], [72.02948274, 34.14395746], [72.0295889, 34.1439551]]]]}, "properties": {"id": "8J6J42VH+HR3J", "height": 3.382347106933594, "hmax": 0.006, "ratio": 0.002, "vulnClass": "none"}}, {"type": "Feature", "geometry": {"type": "MultiPolygon", "coordinates": [[[[72.02962894, 34.14410691], [72.02962644, 34.14402914], [72.02945438, 34.14403297], [72.02946062, 34.14422681], [72.02957357, 34.1442243], [72.02956983, 34.14410823], [72.02962894, 34.14410691]]]]}, "properties": {"id": "8J6J42VH+JRRQ", "height": 3.870893239974976, "hmax": 0.007, "ratio": 0.002, "vulnClass": "none"}}, {"type": "Feature", "geometry": {"type": "MultiPolygon", "coordinates": [[[[72.02980433, 34.14400979], [72.02964848, 34.14401279], [72.02965376, 34.14420285], [72.02980962, 34.14419985], [72.02980433, 34.14400979]]]]}, "properties": {"id": "8J6J42VH+JVX7", "height": 3.671898365020752, "hmax": 0.002, "ratio": 0.001, "vulnClass": "none"}}, {"type": "Feature", "geometry": {"type": "MultiPolygon", "coordinates": [[[[72.02976635, 34.14396379], [72.02970511, 34.14396497], [72.02970622, 34.14400435], [72.02976746, 34.14400316], [72.02976635, 34.14396379]]]]}, "properties": {"id": "8J6J42VH+HVX8", "height": 3.204150199890137, "hmax": 0.002, "ratio": 0.001, "vulnClass": "none"}}, {"type": "Feature", "geometry": {"type": "MultiPolygon", "coordinates": [[[[72.0296835, 34.14395299], [72.02967987, 34.14384014], [72.02958527, 34.14384225], [72.0295889, 34.1439551], [72.0296835, 34.14395299]]]]}, "properties": {"id": "8J6J42VH+HV2V", "height": 3.299225807189941, "hmax": 0.002, "ratio": 0.001, "vulnClass": "none"}}, {"type": "Feature", "geometry": {"type": "MultiPolygon", "coordinates": [[[[72.02977423, 34.14383804], [72.02967987, 34.14384014], [72.0296835, 34.14395299], [72.02977786, 34.14395089], [72.02977423, 34.14383804]]]]}, "properties": {"id": "8J6J42VH+HV5V", "height": 3.414107799530029, "hmax": 0.002, "ratio": 0.001, "vulnClass": "none"}}, {"type": "Feature", "geometry": {"type": "MultiPolygon", "coordinates": [[[[72.02987266, 34.14383585], [72.02977423, 34.14383804], [72.02977786, 34.14395089], [72.0298763, 34.1439487], [72.02987266, 34.14383585]]]]}, "properties": {"id": "8J6J42VH+HW4M", "height": 3.620862007141113, "hmax": 0.002, "ratio": 0.001, "vulnClass": "none"}}, {"type": "Feature", "geometry": {"type": "MultiPolygon", "coordinates": [[[[72.02996832, 34.14401027], [72.02980757, 34.14401029], [72.0298076, 34.1442005], [72.02996835, 34.14420048], [72.02996832, 34.14401027]]]]}, "properties": {"id": "8J6J42VH+JXR7", "height": 3.671898365020752, "hmax": 0.002, "ratio": 0.001, "vulnClass": "none"}}, {"type": "Feature", "geometry": {"type": "MultiPolygon", "coordinates": [[[[72.02996831, 34.14398524], [72.02988205, 34.14398525], [72.02988205, 34.14401028], [72.02996832, 34.14401027], [72.02996831, 34.14398524]]]]}, "properties": {"id": "8J6J42VH+HXVW", "height": 4.152427196502686, "hmax": 0.002, "ratio": 0.001, "vulnClass": "none"}}, {"type": "Feature", "geometry": {"type": "MultiPolygon", "coordinates": [[[[72.03024305, 34.14399568], [72.03007522, 34.14399909], [72.03007954, 34.14414637], [72.03010482, 34.14414586], [72.03010581, 34.14417931], [72.03017064, 34.144178], [72.03017119, 34.14419674], [72.0302489, 34.14419516], [72.03024305, 34.14399568]]]]}, "properties": {"id": "8J6J42VJ+J3MM", "height": 4.325450420379639, "hmax": 0.002, "ratio": 0.001, "vulnClass": "none"}}, {"type": "Feature", "geometry": {"type": "MultiPolygon", "coordinates": [[[[72.03041905, 34.14417296], [72.03041374, 34.14399222], [72.03024305, 34.14399568], [72.03024835, 34.14417642], [72.03034514, 34.14417446], [72.03034569, 34.1441932], [72.03040051, 34.14419208], [72.03039996, 34.14417334], [72.03041905, 34.14417296]]]]}, "properties": {"id": "8J6J42VJ+J4PG", "height": 3.090175151824951, "hmax": 0.002, "ratio": 0.001, "vulnClass": "none"}}, {"type": "Feature", "geometry": {"type": "MultiPolygon", "coordinates": [[[[72.0304252, 34.1439416], [72.0304205, 34.1438311], [72.0301155, 34.1438399], [72.0301184, 34.1439089], [72.0300687, 34.1439104], [72.0300705, 34.1439519], [72.0304252, 34.1439416]]]]}, "properties": {"id": "8J6J42VJ+H42M", "height": 3.319711685180664, "hmax": 0.003, "ratio": 0.001, "vulnClass": "none"}}, {"type": "Feature", "geometry": {"type": "MultiPolygon", "coordinates": [[[[72.03112, 34.1438152], [72.03108129, 34.14381413], [72.03107695, 34.14392287], [72.0311388, 34.14392458], [72.03113803, 34.14394395], [72.03130798, 34.14394864], [72.03131463, 34.14378192], [72.03112154, 34.14377659], [72.03112, 34.1438152]]]]}, "properties": {"id": "8J6J42VJ+GFWF", "height": 3.268383026123047, "hmax": 0.005, "ratio": 0.002, "vulnClass": "none"}}, {"type": "Feature", "geometry": {"type": "MultiPolygon", "coordinates": [[[[72.03103212, 34.1439528], [72.03103142, 34.14386592], [72.03089307, 34.14386669], [72.03089377, 34.14395357], [72.03103212, 34.1439528]]]]}, "properties": {"id": "8J6J42VJ+H989", "height": 3.244656801223755, "hmax": 0.005, "ratio": 0.002, "vulnClass": "none"}}, {"type": "Feature", "geometry": {"type": "MultiPolygon", "coordinates": [[[[72.03127555, 34.14395066], [72.03108279, 34.14394478], [72.03107637, 34.14409006], [72.03129095, 34.14409662], [72.03129561, 34.14399126], [72.03127379, 34.14399059], [72.03127555, 34.14395066]]]]}, "properties": {"id": "8J6J42VJ+JF3X", "height": 4.492699146270752, "hmax": 0.005, "ratio": 0.001, "vulnClass": "none"}}, {"type": "Feature", "geometry": {"type": "MultiPolygon", "coordinates": [[[[72.03067839, 34.14397578], [72.03058597, 34.1439777], [72.03059158, 34.14416405], [72.03063152, 34.14416322], [72.03063182, 34.14417299], [72.03076011, 34.14417032], [72.03075565, 34.14402223], [72.03067984, 34.14402381], [72.03067839, 34.14397578]]]]}, "properties": {"id": "8J6J42VJ+J7M7", "height": 4.503751754760742, "hmax": 0.005, "ratio": 0.001, "vulnClass": "none"}}, {"type": "Feature", "geometry": {"type": "MultiPolygon", "coordinates": [[[[72.0308926, 34.1438063], [72.0307606, 34.1438071], [72.0307618, 34.1439543], [72.0308938, 34.1439536], [72.0308926, 34.1438063]]]]}, "properties": {"id": "8J6J42VJ+H847", "height": 4.198973655700684, "hmax": 0.005, "ratio": 0.001, "vulnClass": "none"}}, {"type": "Feature", "geometry": {"type": "MultiPolygon", "coordinates": [[[[72.0307152, 34.1439546], [72.0307141, 34.1438073], [72.0304909, 34.1438086], [72.030492, 34.1439558], [72.0305831, 34.1439553], [72.0305828, 34.1439236], [72.0306226, 34.1439234], [72.0306229, 34.1439551], [72.0307152, 34.1439546]]]]}, "properties": {"id": "8J6J42VJ+H653", "height": 4.386116504669189, "hmax": 0.004, "ratio": 0.001, "vulnClass": "none"}}, {"type": "Feature", "geometry": {"type": "MultiPolygon", "coordinates": [[[[72.0305905, 34.1441208], [72.0305874, 34.1439774], [72.0304156, 34.14398], [72.0304205, 34.1441987], [72.0305922, 34.1441961], [72.0305909, 34.1441393], [72.0305462, 34.1441399], [72.0305458, 34.1441215], [72.0305905, 34.1441208]]]]}, "properties": {"id": "8J6J42VJ+J6JC", "height": 4.358963489532471, "hmax": 0.002, "ratio": 0.001, "vulnClass": "none"}}, {"type": "Feature", "geometry": {"type": "MultiPolygon", "coordinates": [[[[72.03122325, 34.14440934], [72.03122162, 34.14437576], [72.03115729, 34.14437792], [72.03115892, 34.14441149], [72.03122325, 34.14440934]]]]}, "properties": {"id": "8J6J42VJ+QF4J", "height": 4.263704299926758, "hmax": 0.005, "ratio": 0.001, "vulnClass": "none"}}, {"type": "Feature", "geometry": {"type": "MultiPolygon", "coordinates": [[[[72.03128047, 34.1445702], [72.0312726, 34.14440768], [72.03109765, 34.14441354], [72.03110341, 34.1445323], [72.03114189, 34.14453101], [72.03114401, 34.14457477], [72.03128047, 34.1445702]]]]}, "properties": {"id": "8J6J42VJ+QFWC", "height": 4.955831527709961, "hmax": 0.005, "ratio": 0.001, "vulnClass": "none"}}, {"type": "Feature", "geometry": {"type": "MultiPolygon", "coordinates": [[[[72.03108153, 34.14446936], [72.03107885, 34.14441417], [72.03095662, 34.14441827], [72.03095929, 34.14447345], [72.03108153, 34.14446936]]]]}, "properties": {"id": "8J6J42VJ+QCCP", "height": 2.76374626159668, "hmax": 0.005, "ratio": 0.002, "vulnClass": "none"}}, {"type": "Feature", "geometry": {"type": "MultiPolygon", "coordinates": [[[[72.03110553, 34.14457606], [72.03110033, 34.14446873], [72.03092537, 34.14447459], [72.03093057, 34.14458192], [72.03110553, 34.14457606]]]]}, "properties": {"id": "8J6J42VJ+RC63", "height": 3.219095230102539, "hmax": 0.005, "ratio": 0.002, "vulnClass": "none"}}, {"type": "Feature", "geometry": {"type": "MultiPolygon", "coordinates": [[[[72.0306195, 34.1444081], [72.0305668, 34.144411], [72.0305803, 34.1445834], [72.0306571, 34.1445792], [72.0306561, 34.1445665], [72.0307007, 34.1445641], [72.0306986, 34.1445363], [72.0307482, 34.1445336], [72.0307395, 34.1444218], [72.0306211, 34.1444282], [72.0306195, 34.1444081]]]]}, "properties": {"id": "8J6J42VJ+Q7RQ", "height": 4.006614208221436, "hmax": 0.005, "ratio": 0.001, "vulnClass": "none"}}, {"type": "Feature", "geometry": {"type": "MultiPolygon", "coordinates": [[[[72.0303381, 34.144383], [72.0302089, 34.14439], [72.0302155, 34.1444744], [72.0302255, 34.1446025], [72.0304047, 34.1445929], [72.0303912, 34.1444205], [72.0303413, 34.1444232], [72.0303381, 34.144383]]]]}, "properties": {"id": "8J6J42VJ+Q4VW", "height": 4.445052146911621, "hmax": 0.002, "ratio": 0.0, "vulnClass": "none"}}, {"type": "Feature", "geometry": {"type": "MultiPolygon", "coordinates": [[[[72.02963268, 34.14422298], [72.02962894, 34.14410691], [72.02956983, 34.14410823], [72.02957357, 34.1442243], [72.02963268, 34.14422298]]]]}, "properties": {"id": "8J6J42VH+MR9J", "height": 3.46998119354248, "hmax": 0.002, "ratio": 0.001, "vulnClass": "none"}}, {"type": "Feature", "geometry": {"type": "MultiPolygon", "coordinates": [[[[72.02951267, 34.14424634], [72.02943991, 34.14424797], [72.02944122, 34.14428849], [72.02951398, 34.14428686], [72.02951267, 34.14424634]]]]}, "properties": {"id": "8J6J42VH+PQ5M", "height": 3.84130597114563, "hmax": 0.013, "ratio": 0.003, "vulnClass": "none"}}, {"type": "Feature", "geometry": {"type": "MultiPolygon", "coordinates": [[[[72.02952456, 34.14450794], [72.02952383, 34.14440711], [72.02938155, 34.14440783], [72.02938203, 34.14447384], [72.02930647, 34.14447422], [72.02930753, 34.14461999], [72.02947183, 34.14461916], [72.02947102, 34.14450821], [72.02952456, 34.14450794]]]]}, "properties": {"id": "8J6J42VH+RQ3J", "height": 3.793922424316406, "hmax": 0.014, "ratio": 0.004, "vulnClass": "none"}}, {"type": "Feature", "geometry": {"type": "MultiPolygon", "coordinates": [[[[72.0296443, 34.14444], [72.0296464, 34.1445708], [72.0298242, 34.1445689], [72.029822, 34.144438], [72.0296443, 34.14444]]]]}, "properties": {"id": "8J6J42VH+RV53", "height": 3.212812423706055, "hmax": 0.002, "ratio": 0.001, "vulnClass": "none"}}, {"type": "Feature", "geometry": {"type": "MultiPolygon", "coordinates": [[[[72.02964676, 34.14459257], [72.02964528, 34.14450075], [72.02955563, 34.14450175], [72.02955711, 34.14459357], [72.02964676, 34.14459257]]]]}, "properties": {"id": "8J6J42VH+RR9R", "height": 2.988843202590942, "hmax": 0.002, "ratio": 0.001, "vulnClass": "none"}}, {"type": "Feature", "geometry": {"type": "MultiPolygon", "coordinates": [[[[72.0293062, 34.1444352], [72.0291404, 34.1444361], [72.0291414, 34.1445779], [72.0293072, 34.1445771], [72.0293062, 34.1444352]]]]}, "properties": {"id": "8J6J42VH+RM56", "height": 3.819014549255371, "hmax": 0.015, "ratio": 0.004, "vulnClass": "none"}}, {"type": "Feature", "geometry": {"type": "MultiPolygon", "coordinates": [[[[72.02934265, 34.14439847], [72.02930609, 34.14439465], [72.02929518, 34.14446691], [72.02933173, 34.14447072], [72.02934265, 34.14439847]]]]}, "properties": {"id": "8J6J42VH+QPG6", "height": 3.050706148147583, "hmax": 0.015, "ratio": 0.005, "vulnClass": "none"}}, {"type": "Feature", "geometry": {"type": "MultiPolygon", "coordinates": [[[[72.0289168, 34.14441092], [72.02882459, 34.14440814], [72.02882172, 34.14447378], [72.02877569, 34.14447239], [72.02877196, 34.14455775], [72.02886385, 34.14456053], [72.02886086, 34.14462909], [72.0289447, 34.14463162], [72.02895142, 34.1444777], [72.02891393, 34.14447656], [72.0289168, 34.14441092]]]]}, "properties": {"id": "8J6J42VH+RG5Q", "height": 3.895177841186523, "hmax": 0.015, "ratio": 0.004, "vulnClass": "none"}}, {"type": "Feature", "geometry": {"type": "MultiPolygon", "coordinates": [[[[72.02862048, 34.14430445], [72.02861896, 34.14424621], [72.02857657, 34.14424698], [72.02857809, 34.14430522], [72.02862048, 34.14430445]]]]}, "properties": {"id": "8J6J42VH+PC92", "height": 2.650377511978149, "hmax": 0.015, "ratio": 0.006, "vulnClass": "none"}}, {"type": "Feature", "geometry": {"type": "MultiPolygon", "coordinates": [[[[72.0284682, 34.1442473], [72.0284164, 34.1442448], [72.0284137, 34.1442841], [72.0284655, 34.1442866], [72.0284682, 34.1442473]]]]}, "properties": {"id": "8J6J42VH+P94J", "height": 2.655705690383911, "hmax": 0.054, "ratio": 0.02, "vulnClass": "none"}}, {"type": "Feature", "geometry": {"type": "MultiPolygon", "coordinates": [[[[72.02848373, 34.14422421], [72.02857601, 34.14423061], [72.028581, 34.14418094], [72.0285464, 34.14417853], [72.02854868, 34.14415579], [72.02843171, 34.14414767], [72.02842755, 34.14418913], [72.02848661, 34.14419323], [72.02848373, 34.14422421]]]]}, "properties": {"id": "8J6J42VH+MCCF", "height": 4.762414455413818, "hmax": 0.015, "ratio": 0.003, "vulnClass": "none"}}, {"type": "Feature", "geometry": {"type": "MultiPolygon", "coordinates": [[[[72.02862715, 34.14413965], [72.02858965, 34.14414054], [72.02859272, 34.14423016], [72.02863022, 34.14422927], [72.02862715, 34.14413965]]]]}, "properties": {"id": "8J6J42VH+MCH8", "height": 3.178869247436523, "hmax": 0.015, "ratio": 0.005, "vulnClass": "none"}}, {"type": "Feature", "geometry": {"type": "MultiPolygon", "coordinates": [[[[72.0288998, 34.14415169], [72.02874345, 34.14415382], [72.0287464, 34.14430296], [72.02890275, 34.14430082], [72.0288998, 34.14415169]]]]}, "properties": {"id": "8J6J42VH+MGW3", "height": 3.528591632843018, "hmax": 0.015, "ratio": 0.004, "vulnClass": "none"}}, {"type": "Feature", "geometry": {"type": "MultiPolygon", "coordinates": [[[[72.02916056, 34.1442542], [72.02909337, 34.1442557], [72.02909468, 34.14429622], [72.02916187, 34.14429472], [72.02916056, 34.1442542]]]]}, "properties": {"id": "8J6J42VH+PM62", "height": 3.215309143066406, "hmax": 0.015, "ratio": 0.005, "vulnClass": "none"}}, {"type": "Feature", "geometry": {"type": "MultiPolygon", "coordinates": [[[[72.02943642, 34.14404662], [72.02927816, 34.14404812], [72.02928044, 34.14421466], [72.0294387, 34.14421316], [72.02943642, 34.14404662]]]]}, "properties": {"id": "8J6J42VH+MP57", "height": 3.32383394241333, "hmax": 0.015, "ratio": 0.005, "vulnClass": "none"}}, {"type": "Feature", "geometry": {"type": "MultiPolygon", "coordinates": [[[[72.02928032, 34.1442375], [72.02927831, 34.14400835], [72.02910764, 34.14400938], [72.02910965, 34.14423853], [72.02928032, 34.1442375]]]]}, "properties": {"id": "8J6J42VH+JMWR", "height": 3.345212459564209, "hmax": 0.015, "ratio": 0.005, "vulnClass": "none"}}, {"type": "Feature", "geometry": {"type": "MultiPolygon", "coordinates": [[[[72.02895999, 34.1438526], [72.02890368, 34.1438539], [72.02890749, 34.14396808], [72.02899747, 34.14396601], [72.02899444, 34.14387526], [72.02896077, 34.14387603], [72.02895999, 34.1438526]]]]}, "properties": {"id": "8J6J42VH+HH8F", "height": 2.449277639389038, "hmax": 0.014, "ratio": 0.006, "vulnClass": "none"}}, {"type": "Feature", "geometry": {"type": "MultiPolygon", "coordinates": [[[[72.02928461, 34.14395863], [72.0292816, 34.14386896], [72.02919089, 34.14387107], [72.02919391, 34.14396074], [72.02928461, 34.14395863]]]]}, "properties": {"id": "8J6J42VH+HM9G", "height": 2.56384539604187, "hmax": 0.014, "ratio": 0.006, "vulnClass": "none"}}, {"type": "Feature", "geometry": {"type": "MultiPolygon", "coordinates": [[[[72.02938032, 34.14372658], [72.02937582, 34.14355907], [72.02934858, 34.14355958], [72.02934953, 34.14359508], [72.02928742, 34.14359623], [72.02929096, 34.14372823], [72.02938032, 34.14372658]]]]}, "properties": {"id": "8J6J42VH+FP89", "height": 2.869472980499268, "hmax": 0.012, "ratio": 0.004, "vulnClass": "none"}}, {"type": "Feature", "geometry": {"type": "MultiPolygon", "coordinates": [[[[72.02926075, 34.14356121], [72.0292253, 34.14356187], [72.02922606, 34.14359013], [72.02926151, 34.14358947], [72.02926075, 34.14356121]]]]}, "properties": {"id": "8J6J42VH+CMQ5", "height": 3.255743980407715, "hmax": 0.012, "ratio": 0.004, "vulnClass": "none"}}, {"type": "Feature", "geometry": {"type": "MultiPolygon", "coordinates": [[[[72.02928916, 34.14359218], [72.02919569, 34.14358683], [72.02918394, 34.14372859], [72.02927747, 34.14373323], [72.02928916, 34.14359218]]]]}, "properties": {"id": "8J6J42VH+FM9G", "height": 3.265661716461182, "hmax": 0.012, "ratio": 0.004, "vulnClass": "none"}}, {"type": "Feature", "geometry": {"type": "MultiPolygon", "coordinates": [[[[72.0291738, 34.14356282], [72.02907735, 34.14356461], [72.02907811, 34.14359288], [72.02917456, 34.14359109], [72.0291738, 34.14356282]]]]}, "properties": {"id": "8J6J42VH+CMJ2", "height": 2.928596258163452, "hmax": 0.012, "ratio": 0.004, "vulnClass": "none"}}, {"type": "Feature", "geometry": {"type": "MultiPolygon", "coordinates": [[[[72.0291783, 34.14373032], [72.02917476, 34.14359832], [72.02907831, 34.14360011], [72.02908229, 34.1437486], [72.02911972, 34.1437479], [72.02911927, 34.14373142], [72.0291783, 34.14373032]]]]}, "properties": {"id": "8J6J42VH+FM6J", "height": 2.92790412902832, "hmax": 0.012, "ratio": 0.004, "vulnClass": "none"}}, {"type": "Feature", "geometry": {"type": "MultiPolygon", "coordinates": [[[[72.02907831, 34.14360011], [72.02898428, 34.14360185], [72.02898782, 34.14373386], [72.02908185, 34.14373211], [72.02907831, 34.14360011]]]]}, "properties": {"id": "8J6J42VH+FJ7J", "height": 3.923453330993652, "hmax": 0.012, "ratio": 0.003, "vulnClass": "none"}}, {"type": "Feature", "geometry": {"type": "MultiPolygon", "coordinates": [[[[72.02889043, 34.14359464], [72.02870305, 34.14359975], [72.02870673, 34.14369311], [72.02876129, 34.14369162], [72.02876319, 34.14373973], [72.02879817, 34.14373878], [72.02879627, 34.14369067], [72.02885783, 34.14368899], [72.02885899, 34.14371848], [72.02889528, 34.14371749], [72.02889673, 34.1437543], [72.02893739, 34.14375319], [72.02893667, 34.143735], [72.02899005, 34.14373355], [72.02898616, 34.14363479], [72.02889211, 34.14363736], [72.02889043, 34.14359464]]]]}, "properties": {"id": "8J6J42VH+FG9J", "height": 4.175075054168701, "hmax": 0.012, "ratio": 0.003, "vulnClass": "none"}}, {"type": "Feature", "geometry": {"type": "MultiPolygon", "coordinates": [[[[72.02870305, 34.14359975], [72.02859975, 34.14360257], [72.02860296, 34.1436841], [72.02865659, 34.14368264], [72.02865705, 34.14369446], [72.02870673, 34.14369311], [72.02870305, 34.14359975]]]]}, "properties": {"id": "8J6J42VH+FF2Q", "height": 3.872591972351074, "hmax": 0.012, "ratio": 0.003, "vulnClass": "none"}}, {"type": "Feature", "geometry": {"type": "MultiPolygon", "coordinates": [[[[72.02850817, 34.14372804], [72.02850333, 34.1436052], [72.02840285, 34.14360794], [72.0284077, 34.14373078], [72.02850817, 34.14372804]]]]}, "properties": {"id": "8J6J42VH+F98P", "height": 2.638308525085449, "hmax": 0.188, "ratio": 0.071, "vulnClass": "low"}}, {"type": "Feature", "geometry": {"type": "MultiPolygon", "coordinates": [[[[72.0289302, 34.1441244], [72.0289412, 34.1440041], [72.0287777, 34.1439938], [72.0287666, 34.144114], [72.0289302, 34.1441244]]]]}, "properties": {"id": "8J6J42VH+JGH7", "height": 3.479162693023682, "hmax": 0.015, "ratio": 0.004, "vulnClass": "none"}}, {"type": "Feature", "geometry": {"type": "MultiPolygon", "coordinates": [[[[72.02875911, 34.14412054], [72.02875557, 34.14401736], [72.02858557, 34.14402139], [72.0285891, 34.14412457], [72.02875911, 34.14412054]]]]}, "properties": {"id": "8J6J42VH+JFFW", "height": 3.178869247436523, "hmax": 0.015, "ratio": 0.005, "vulnClass": "none"}}, {"type": "Feature", "geometry": {"type": "MultiPolygon", "coordinates": [[[[72.02857424, 34.14414377], [72.02856998, 34.14402339], [72.02839948, 34.14402756], [72.02840374, 34.14414794], [72.02857424, 34.14414377]]]]}, "properties": {"id": "8J6J42VH+J9QG", "height": 4.762414455413818, "hmax": 0.075, "ratio": 0.016, "vulnClass": "none"}}, {"type": "Feature", "geometry": {"type": "MultiPolygon", "coordinates": [[[[72.02838171, 34.14399672], [72.02828757, 34.14400958], [72.02830093, 34.14407718], [72.02839507, 34.14406432], [72.02838171, 34.14399672]]]]}, "properties": {"id": "8J6J42VH+J88H", "height": 3.001263618469238, "hmax": 0.433, "ratio": 0.144, "vulnClass": "low"}}, {"type": "Feature", "geometry": {"type": "MultiPolygon", "coordinates": [[[[72.02829148, 34.14402944], [72.02815866, 34.1440325], [72.02816018, 34.14407821], [72.02820175, 34.14407725], [72.02820419, 34.14415044], [72.02839715, 34.14414599], [72.02839471, 34.1440728], [72.028293, 34.14407515], [72.02829148, 34.14402944]]]]}, "properties": {"id": "8J6J42VH+J8JQ", "height": 4.492141246795654, "hmax": 0.433, "ratio": 0.096, "vulnClass": "low"}}, {"type": "Feature", "geometry": {"type": "MultiPolygon", "coordinates": [[[[72.0282861, 34.1438681], [72.0282848, 34.1438303], [72.028101, 34.1438345], [72.0281068, 34.1440064], [72.0281577, 34.1440052], [72.0281571, 34.1439854], [72.0281987, 34.1439844], [72.0281993, 34.1440042], [72.0282611, 34.1440028], [72.0282566, 34.1438688], [72.0282861, 34.1438681]]]]}, "properties": {"id": "8J6J42VH+H77H", "height": 4.224101543426514, "hmax": 0.456, "ratio": 0.108, "vulnClass": "low"}}, {"type": "Feature", "geometry": {"type": "MultiPolygon", "coordinates": [[[[72.02840285, 34.14360794], [72.02829928, 34.14361076], [72.02830413, 34.14373361], [72.02837229, 34.14373175], [72.02837302, 34.14375037], [72.02840843, 34.14374941], [72.02840285, 34.14360794]]]]}, "properties": {"id": "8J6J42VH+F89V", "height": 2.638308525085449, "hmax": 0.509, "ratio": 0.193, "vulnClass": "low"}}, {"type": "Feature", "geometry": {"type": "MultiPolygon", "coordinates": [[[[72.02816049, 34.14365282], [72.02805698, 34.14365446], [72.02805945, 34.14376247], [72.02816296, 34.14376084], [72.02816049, 34.14365282]]]]}, "properties": {"id": "8J6J42VH+F6Q8", "height": 4.008501052856445, "hmax": 0.509, "ratio": 0.127, "vulnClass": "low"}}, {"type": "Feature", "geometry": {"type": "MultiPolygon", "coordinates": [[[[72.02776825, 34.14408801], [72.02771851, 34.14409051], [72.02772069, 34.14412053], [72.02777043, 34.14411802], [72.02776825, 34.14408801]]]]}, "properties": {"id": "8J6J42VH+J3X5", "height": 3.426044940948486, "hmax": 0.433, "ratio": 0.126, "vulnClass": "low"}}, {"type": "Feature", "geometry": {"type": "MultiPolygon", "coordinates": [[[[72.02808874, 34.14407476], [72.02804683, 34.14407543], [72.02804812, 34.14413052], [72.02809003, 34.14412984], [72.02808874, 34.14407476]]]]}, "properties": {"id": "8J6J42VH+J6W2", "height": 2.92052435874939, "hmax": 0.433, "ratio": 0.148, "vulnClass": "low"}}, {"type": "Feature", "geometry": {"type": "MultiPolygon", "coordinates": [[[[72.0284022, 34.1442884], [72.0283973, 34.1441451], [72.028164, 34.1441506], [72.0281663, 34.1442174], [72.0282548, 34.1442153], [72.0282574, 34.1442918], [72.0284022, 34.1442884]]]]}, "properties": {"id": "8J6J42VH+M8MG", "height": 4.404143333435059, "hmax": 0.433, "ratio": 0.098, "vulnClass": "low"}}, {"type": "Feature", "geometry": {"type": "MultiPolygon", "coordinates": [[[[72.02836776, 34.14451943], [72.02812902, 34.14452382], [72.02813232, 34.14464745], [72.02824439, 34.14464539], [72.02824499, 34.1446681], [72.02838957, 34.14466544], [72.02838773, 34.14459631], [72.02836981, 34.14459664], [72.02836776, 34.14451943]]]]}, "properties": {"id": "8J6J42VH+R8JM", "height": 6.238080024719238, "hmax": 0.433, "ratio": 0.069, "vulnClass": "low"}}, {"type": "Feature", "geometry": {"type": "MultiPolygon", "coordinates": [[[[72.02625775, 34.14440952], [72.02611765, 34.14440398], [72.02611399, 34.14446793], [72.02625409, 34.14447346], [72.02625775, 34.14440952]]]]}, "properties": {"id": "8J6J42VG+QFFH", "height": 3.508773326873779, "hmax": 0.98, "ratio": 0.279, "vulnClass": "low"}}, {"type": "Feature", "geometry": {"type": "MultiPolygon", "coordinates": [[[[72.02557669, 34.14450335], [72.02544033, 34.14450372], [72.02544141, 34.1447721], [72.02557776, 34.14477172], [72.02557669, 34.14450335]]]]}, "properties": {"id": "8J6J42VG+V62F", "height": 4.602957725524902, "hmax": 0.997, "ratio": 0.217, "vulnClass": "low"}}, {"type": "Feature", "geometry": {"type": "MultiPolygon", "coordinates": [[[[72.0269213, 34.14436214], [72.0269181, 34.14422349], [72.02629453, 34.14423342], [72.02629772, 34.14437207], [72.0269213, 34.14436214]]]]}, "properties": {"id": "8J6J42VG+PJ9V", "height": 4.241615295410156, "hmax": 0.772, "ratio": 0.182, "vulnClass": "low"}}, {"type": "Feature", "geometry": {"type": "MultiPolygon", "coordinates": [[[[72.02579743, 34.14384333], [72.02566819, 34.14383166], [72.02565357, 34.14394363], [72.0257828, 34.1439553], [72.02579743, 34.14384333]]]]}, "properties": {"id": "8J6J42VG+H75J", "height": 2.947601795196533, "hmax": 0.997, "ratio": 0.338, "vulnClass": "moderate"}}, {"type": "Feature", "geometry": {"type": "MultiPolygon", "coordinates": [[[[72.02598928, 34.14373553], [72.02583661, 34.14373183], [72.02583076, 34.14389845], [72.02598344, 34.14390215], [72.02598928, 34.14373553]]]]}, "properties": {"id": "8J6J42VG+G9FJ", "height": 2.733158588409424, "hmax": 1.024, "ratio": 0.375, "vulnClass": "moderate"}}, {"type": "Feature", "geometry": {"type": "MultiPolygon", "coordinates": [[[[72.02510064, 34.14369596], [72.02506815, 34.14369517], [72.02506704, 34.14372669], [72.02509954, 34.14372748], [72.02510064, 34.14369596]]]]}, "properties": {"id": "8J6J42VG+F2PG", "height": 4.499154090881348, "hmax": 1.242, "ratio": 0.276, "vulnClass": "low"}}, {"type": "Feature", "geometry": {"type": "MultiPolygon", "coordinates": [[[[72.0254952, 34.1439467], [72.0255027, 34.1438397], [72.025277, 34.1438287], [72.0252695, 34.1439356], [72.0254952, 34.1439467]]]]}, "properties": {"id": "8J6J42VG+H52F", "height": 3.599729299545288, "hmax": 0.997, "ratio": 0.277, "vulnClass": "low"}}, {"type": "Feature", "geometry": {"type": "MultiPolygon", "coordinates": [[[[72.02515887, 34.14393583], [72.02512021, 34.14393321], [72.02511571, 34.14397897], [72.02515437, 34.14398159], [72.02515887, 34.14393583]]]]}, "properties": {"id": "8J6J42VG+H3J7", "height": 2.451135158538818, "hmax": 1.314, "ratio": 0.536, "vulnClass": "moderate"}}, {"type": "Feature", "geometry": {"type": "MultiPolygon", "coordinates": [[[[72.0249056, 34.1438144], [72.0248917, 34.1439379], [72.0249754, 34.1439444], [72.0249777, 34.1439237], [72.0251197, 34.1439347], [72.025128, 34.1438612], [72.0250992, 34.143859], [72.0251025, 34.1438297], [72.0249056, 34.1438144]]]]}, "properties": {"id": "8J6J42VG+H222", "height": 2.878772974014282, "hmax": 1.314, "ratio": 0.456, "vulnClass": "moderate"}}, {"type": "Feature", "geometry": {"type": "MultiPolygon", "coordinates": [[[[72.024862, 34.1444082], [72.0248591, 34.144235], [72.0246266, 34.1442377], [72.0246309, 34.1444907], [72.0248333, 34.1444883], [72.0248338, 34.1445168], [72.0248961, 34.1445161], [72.0248953, 34.1444673], [72.0249636, 34.1444665], [72.0249626, 34.1444071], [72.024862, 34.1444082]]]]}, "properties": {"id": "8J6J42VF+PWRV", "height": 5.973892688751221, "hmax": 1.314, "ratio": 0.22, "vulnClass": "low"}}, {"type": "Feature", "geometry": {"type": "MultiPolygon", "coordinates": [[[[72.02537742, 34.14429352], [72.02514835, 34.14418454], [72.02485349, 34.14461302], [72.02513846, 34.14474859], [72.02517974, 34.14468861], [72.02512383, 34.14466201], [72.02510456, 34.14469002], [72.0250855, 34.14468096], [72.0251385, 34.14460395], [72.02515755, 34.14461301], [72.02518458, 34.14457374], [72.02516552, 34.14456468], [72.02518227, 34.14454035], [72.02520132, 34.14454941], [72.02537742, 34.14429352]]]]}, "properties": {"id": "8J6J42VG+Q2Q8", "height": 5.150166511535645, "hmax": 1.207, "ratio": 0.234, "vulnClass": "low"}}, {"type": "Feature", "geometry": {"type": "MultiPolygon", "coordinates": [[[[72.02464049, 34.14443547], [72.0246118, 34.14439233], [72.02451212, 34.14443817], [72.02454082, 34.14448131], [72.02464049, 34.14443547]]]]}, "properties": {"id": "8J6J42VF+QRGF", "height": 4.856717109680176, "hmax": 1.314, "ratio": 0.271, "vulnClass": "low"}}, {"type": "Feature", "geometry": {"type": "MultiPolygon", "coordinates": [[[[72.0247218, 34.14455334], [72.02462436, 34.1445599], [72.02462927, 34.14461026], [72.02486447, 34.14459443], [72.02485956, 34.14454407], [72.02478063, 34.14454938], [72.02477563, 34.14449798], [72.02471679, 34.14450194], [72.0247218, 34.14455334]]]]}, "properties": {"id": "8J6J42VF+RVHQ", "height": 4.395950794219971, "hmax": 1.314, "ratio": 0.299, "vulnClass": "low"}}, {"type": "Feature", "geometry": {"type": "MultiPolygon", "coordinates": [[[[72.02432493, 34.14419595], [72.02410504, 34.14431394], [72.02429867, 34.14456338], [72.02433486, 34.14454396], [72.02435343, 34.14456787], [72.02431723, 34.1445873], [72.02438014, 34.14466834], [72.02431984, 34.1447007], [72.02435463, 34.14474553], [72.0244031, 34.14471953], [72.02441614, 34.14473633], [72.02436768, 34.14476234], [72.02443133, 34.14484434], [72.02445883, 34.14482958], [72.02447999, 34.14485684], [72.02459298, 34.14479621], [72.02469949, 34.14493342], [72.02494791, 34.14480011], [72.02499352, 34.14485887], [72.02515034, 34.14477472], [72.0251333, 34.14475277], [72.02507226, 34.14478552], [72.02491602, 34.14458424], [72.02483469, 34.14462789], [72.02485585, 34.14465515], [72.02479012, 34.14469042], [72.02475459, 34.14464465], [72.02469715, 34.14467547], [72.02432493, 34.14419595]]]]}, "properties": {"id": "8J6J42VF+RRV9", "height": 6.643654346466064, "hmax": 1.31, "ratio": 0.197, "vulnClass": "low"}}, {"type": "Feature", "geometry": {"type": "MultiPolygon", "coordinates": [[[[72.02362673, 34.14477327], [72.02355401, 34.14461111], [72.02345519, 34.14464175], [72.02352791, 34.1448039], [72.02362673, 34.14477327]]]]}, "properties": {"id": "8J6J42VF+VCM7", "height": 4.874181747436523, "hmax": 1.327, "ratio": 0.272, "vulnClass": "low"}}, {"type": "Feature", "geometry": {"type": "MultiPolygon", "coordinates": [[[[72.02373773, 34.14473772], [72.02367228, 34.14459875], [72.02355873, 34.14463572], [72.02362417, 34.14477469], [72.02373773, 34.14473772]]]]}, "properties": {"id": "8J6J42VF+VFCG", "height": 3.696489810943604, "hmax": 1.349, "ratio": 0.365, "vulnClass": "moderate"}}, {"type": "Feature", "geometry": {"type": "MultiPolygon", "coordinates": [[[[72.02428928, 34.14475789], [72.02425796, 34.1447682], [72.02428189, 34.14481845], [72.02425192, 34.14482832], [72.02459122, 34.14554073], [72.02465251, 34.14552055], [72.02428928, 34.14475789]]]]}, "properties": {"id": "8J6J42WF+3Q8F", "height": 4.54543399810791, "hmax": 1.305, "ratio": 0.287, "vulnClass": "low"}}, {"type": "Feature", "geometry": {"type": "MultiPolygon", "coordinates": [[[[72.02539989, 34.14480681], [72.02515501, 34.14480583], [72.02515385, 34.14500635], [72.02539872, 34.14500734], [72.02539989, 34.14480681]]]]}, "properties": {"id": "8J6J42VG+X469", "height": 4.536605834960938, "hmax": 0.995, "ratio": 0.219, "vulnClass": "low"}}, {"type": "Feature", "geometry": {"type": "MultiPolygon", "coordinates": [[[[72.02447468, 34.14495486], [72.02446065, 34.14491698], [72.02441608, 34.14492839], [72.0244301, 34.14496627], [72.02447468, 34.14495486]]]]}, "properties": {"id": "8J6J42VF+XQGM", "height": 4.099674701690674, "hmax": 1.305, "ratio": 0.318, "vulnClass": "moderate"}}, {"type": "Feature", "geometry": {"type": "MultiPolygon", "coordinates": [[[[72.02543077, 34.14513687], [72.02543141, 34.14503697], [72.02531301, 34.14503645], [72.02531237, 34.14513635], [72.02543077, 34.14513687]]]]}, "properties": {"id": "8J6J42WG+24QH", "height": 3.971600532531738, "hmax": 0.995, "ratio": 0.251, "vulnClass": "low"}}, {"type": "Feature", "geometry": {"type": "MultiPolygon", "coordinates": [[[[72.02383735, 34.14570192], [72.02377054, 34.14556524], [72.02371808, 34.14558296], [72.02370897, 34.14556434], [72.02366231, 34.14558011], [72.02367141, 34.14559873], [72.02356715, 34.14563396], [72.02363396, 34.14577064], [72.02383735, 34.14570192]]]]}, "properties": {"id": "8J6J42WF+7F8M", "height": 4.19301700592041, "hmax": 1.033, "ratio": 0.246, "vulnClass": "low"}}, {"type": "Feature", "geometry": {"type": "MultiPolygon", "coordinates": [[[[72.024206, 34.1456559], [72.0241717, 34.1455993], [72.0240504, 34.1456501], [72.0241268, 34.1457764], [72.0242003, 34.1457456], [72.0241582, 34.1456759], [72.024206, 34.1456559]]]]}, "properties": {"id": "8J6J42WF+7MC7", "height": 3.690494537353516, "hmax": 1.185, "ratio": 0.321, "vulnClass": "moderate"}}, {"type": "Feature", "geometry": {"type": "MultiPolygon", "coordinates": [[[[72.02409395, 34.1457555], [72.02403983, 34.14565324], [72.02394473, 34.14568803], [72.02404028, 34.14586857], [72.02408168, 34.14585343], [72.02406579, 34.14582341], [72.02409442, 34.14581293], [72.02406888, 34.14576468], [72.02409395, 34.1457555]]]]}, "properties": {"id": "8J6J42WF+8J25", "height": 3.628048896789551, "hmax": 1.109, "ratio": 0.306, "vulnClass": "moderate"}}, {"type": "Feature", "geometry": {"type": "MultiPolygon", "coordinates": [[[[72.02431701, 34.14591607], [72.02428032, 34.14585544], [72.02414653, 34.14591141], [72.02418323, 34.14597204], [72.02431701, 34.14591607]]]]}, "properties": {"id": "8J6J42WF+9M9F", "height": 3.864071369171143, "hmax": 1.185, "ratio": 0.307, "vulnClass": "moderate"}}, {"type": "Feature", "geometry": {"type": "MultiPolygon", "coordinates": [[[[72.024348, 34.14594625], [72.02432543, 34.14590746], [72.02412858, 34.14598663], [72.02415115, 34.14602542], [72.024348, 34.14594625]]]]}, "properties": {"id": "8J6J42WF+9MQP", "height": 3.965489387512207, "hmax": 1.185, "ratio": 0.299, "vulnClass": "low"}}, {"type": "Feature", "geometry": {"type": "MultiPolygon", "coordinates": [[[[72.02370947, 34.14576897], [72.02360846, 34.14580883], [72.02369412, 34.14595888], [72.02379512, 34.14591902], [72.02370947, 34.14576897]]]]}, "properties": {"id": "8J6J42WF+8FWF", "height": 2.842605352401733, "hmax": 1.031, "ratio": 0.363, "vulnClass": "moderate"}}, {"type": "Feature", "geometry": {"type": "MultiPolygon", "coordinates": [[[[72.02358598, 34.14580184], [72.02356226, 34.14576298], [72.02351323, 34.14578367], [72.02353694, 34.14582253], [72.02358598, 34.14580184]]]]}, "properties": {"id": "8J6J42WF+8C7P", "height": 3.307328701019287, "hmax": 1.031, "ratio": 0.312, "vulnClass": "moderate"}}, {"type": "Feature", "geometry": {"type": "MultiPolygon", "coordinates": [[[[72.0238068, 34.1462346], [72.0237286, 34.1460827], [72.0236123, 34.146124], [72.0236991, 34.1462928], [72.0237332, 34.1462807], [72.0237246, 34.1462639], [72.0238068, 34.1462346]]]]}, "properties": {"id": "8J6J42WF+FFG8", "height": 4.118814468383789, "hmax": 1.031, "ratio": 0.25, "vulnClass": "low"}}, {"type": "Feature", "geometry": {"type": "MultiPolygon", "coordinates": [[[[72.02398509, 34.14616453], [72.02389939, 34.14600663], [72.02380175, 34.14604326], [72.02388745, 34.14620116], [72.02398509, 34.14616453]]]]}, "properties": {"id": "8J6J42WF+CHR4", "height": 3.934891700744629, "hmax": 1.031, "ratio": 0.262, "vulnClass": "low"}}, {"type": "Feature", "geometry": {"type": "MultiPolygon", "coordinates": [[[[72.02390564, 34.14639582], [72.023826, 34.14624968], [72.02372923, 34.14628614], [72.0238209, 34.14645435], [72.02387554, 34.14643377], [72.02386351, 34.14641169], [72.02390564, 34.14639582]]]]}, "properties": {"id": "8J6J42WF+GGPR", "height": 3.670951843261719, "hmax": 1.031, "ratio": 0.281, "vulnClass": "low"}}, {"type": "Feature", "geometry": {"type": "MultiPolygon", "coordinates": [[[[72.02541299, 34.1455374], [72.0253734, 34.14552869], [72.02536361, 34.14555948], [72.0254032, 34.14556818], [72.02541299, 34.1455374]]]]}, "properties": {"id": "8J6J42WG+656V", "height": 3.144496440887451, "hmax": 0.995, "ratio": 0.316, "vulnClass": "moderate"}}, {"type": "Feature", "geometry": {"type": "MultiPolygon", "coordinates": [[[[72.02565199, 34.14563868], [72.02550407, 34.1456384], [72.02550383, 34.14572417], [72.02558112, 34.14572432], [72.02558096, 34.14577844], [72.02550368, 34.14577829], [72.02550317, 34.1459589], [72.025701, 34.14595928], [72.0257015, 34.14577867], [72.0256516, 34.14577857], [72.02565199, 34.14563868]]]]}, "properties": {"id": "8J6J42WG+86HC", "height": 3.818442821502686, "hmax": 0.934, "ratio": 0.245, "vulnClass": "low"}}, {"type": "Feature", "geometry": {"type": "MultiPolygon", "coordinates": [[[[72.02621245, 34.14558623], [72.026116, 34.14558613], [72.02611552, 34.14590283], [72.02621197, 34.14590293], [72.02621245, 34.14558623]]]]}, "properties": {"id": "8J6J42WG+7FVJ", "height": 2.847438335418701, "hmax": 0.958, "ratio": 0.336, "vulnClass": "moderate"}}, {"type": "Feature", "geometry": {"type": "MultiPolygon", "coordinates": [[[[72.0265748, 34.1458348], [72.0262461, 34.1458314], [72.0262456, 34.1458638], [72.0262448, 34.1459178], [72.0265735, 34.1459213], [72.0265748, 34.1458348]]]]}, "properties": {"id": "8J6J42WG+9H32", "height": 3.079068899154663, "hmax": 1.072, "ratio": 0.348, "vulnClass": "moderate"}}, {"type": "Feature", "geometry": {"type": "MultiPolygon", "coordinates": [[[[72.02618175, 34.14642539], [72.02611728, 34.14642334], [72.02611454, 34.14648262], [72.02623854, 34.14648657], [72.0262405, 34.14644403], [72.02618097, 34.14644213], [72.02618175, 34.14642539]]]]}, "properties": {"id": "8J6J42WG+HFM8", "height": 5.236510276794434, "hmax": 0.996, "ratio": 0.19, "vulnClass": "low"}}, {"type": "Feature", "geometry": {"type": "MultiPolygon", "coordinates": [[[[72.0262238, 34.1462365], [72.0261362, 34.1462362], [72.0261353, 34.1464247], [72.0263448, 34.1464254], [72.0263446, 34.1464814], [72.0264028, 34.1464815], [72.0264031, 34.1464089], [72.0264354, 34.146409], [72.0264355, 34.1463857], [72.0264032, 34.1463856], [72.0264039, 34.146237], [72.0263457, 34.1462368], [72.0263455, 34.1462635], [72.0262237, 34.1462631], [72.0262238, 34.1462365]]]]}, "properties": {"id": "8J6J42WG+GGJQ", "height": 5.343597412109375, "hmax": 1.05, "ratio": 0.196, "vulnClass": "low"}}, {"type": "Feature", "geometry": {"type": "MultiPolygon", "coordinates": [[[[72.0265714, 34.14636195], [72.02657196, 34.14623754], [72.02643617, 34.14623712], [72.02643507, 34.14648164], [72.02647844, 34.14648177], [72.02647859, 34.14644765], [72.02657101, 34.14644794], [72.02657119, 34.14640939], [72.02654609, 34.14640931], [72.0265463, 34.14636187], [72.0265714, 34.14636195]]]]}, "properties": {"id": "8J6J42WG+GHQX", "height": 6.025801181793213, "hmax": 1.072, "ratio": 0.178, "vulnClass": "low"}}, {"type": "Feature", "geometry": {"type": "MultiPolygon", "coordinates": [[[[72.0266702, 34.1462775], [72.0265718, 34.1462772], [72.026571, 34.1464479], [72.0267041, 34.1464484], [72.0267047, 34.1463052], [72.0266701, 34.1463051], [72.0266702, 34.1462775]]]]}, "properties": {"id": "8J6J42WG+GMRM", "height": 5.784445762634277, "hmax": 1.072, "ratio": 0.185, "vulnClass": "low"}}, {"type": "Feature", "geometry": {"type": "MultiPolygon", "coordinates": [[[[72.02663402, 34.14645426], [72.02663052, 34.14647871], [72.02667689, 34.1464833], [72.02668039, 34.14645885], [72.02663402, 34.14645426]]]]}, "properties": {"id": "8J6J42WG+HMJQ", "height": 3.40072774887085, "hmax": 1.072, "ratio": 0.315, "vulnClass": "moderate"}}, {"type": "Feature", "geometry": {"type": "MultiPolygon", "coordinates": [[[[72.02695114, 34.1463412], [72.02682871, 34.14634253], [72.02683095, 34.14648467], [72.02695338, 34.14648333], [72.02695237, 34.14641875], [72.02688104, 34.14641953], [72.02688043, 34.14638052], [72.02693345, 34.14637994], [72.02693376, 34.14639971], [72.02695206, 34.14639951], [72.02695114, 34.1463412]]]]}, "properties": {"id": "8J6J42WG+HQ6F", "height": 3.695667266845703, "hmax": 1.072, "ratio": 0.29, "vulnClass": "low"}}, {"type": "Feature", "geometry": {"type": "MultiPolygon", "coordinates": [[[[72.02704401, 34.1463391], [72.02698187, 34.14633856], [72.02698009, 34.14647941], [72.02706311, 34.14648013], [72.02706429, 34.14638672], [72.02704342, 34.14638654], [72.02704401, 34.1463391]]]]}, "properties": {"id": "8J6J42WG+HR6G", "height": 2.97386622428894, "hmax": 1.072, "ratio": 0.36, "vulnClass": "moderate"}}, {"type": "Feature", "geometry": {"type": "MultiPolygon", "coordinates": [[[[72.02717832, 34.14630749], [72.0269695, 34.14630567], [72.02696909, 34.14633845], [72.0271779, 34.14634027], [72.02717832, 34.14630749]]]]}, "properties": {"id": "8J6J42WG+GRGV", "height": 2.657443523406982, "hmax": 1.072, "ratio": 0.403, "vulnClass": "moderate"}}, {"type": "Feature", "geometry": {"type": "MultiPolygon", "coordinates": [[[[72.02706311, 34.14648013], [72.02698009, 34.14647941], [72.02697872, 34.14658744], [72.02708703, 34.14658839], [72.02708767, 34.14653772], [72.02706238, 34.1465375], [72.02706311, 34.14648013]]]]}, "properties": {"id": "8J6J42WG+JR6H", "height": 2.6850266456604, "hmax": 1.151, "ratio": 0.429, "vulnClass": "moderate"}}, {"type": "Feature", "geometry": {"type": "MultiPolygon", "coordinates": [[[[72.02608116, 34.14529225], [72.02604441, 34.14529233], [72.0260448, 34.14541391], [72.02608155, 34.14541383], [72.02608116, 34.14529225]]]]}, "properties": {"id": "8J6J42WG+4CW2", "height": 3.486592054367065, "hmax": 0.995, "ratio": 0.285, "vulnClass": "low"}}, {"type": "Feature", "geometry": {"type": "MultiPolygon", "coordinates": [[[[72.02564612, 34.14545796], [72.02550538, 34.14540121], [72.02543137, 34.14552809], [72.02557211, 34.14558484], [72.0255984, 34.14553976], [72.0256199, 34.14554843], [72.02563554, 34.14552162], [72.02561404, 34.14551295], [72.02564612, 34.14545796]]]]}, "properties": {"id": "8J6J42WG+56VM", "height": 4.118550300598145, "hmax": 0.995, "ratio": 0.242, "vulnClass": "low"}}, {"type": "Feature", "geometry": {"type": "MultiPolygon", "coordinates": [[[[72.02567888, 34.14521815], [72.02563177, 34.14522123], [72.02563421, 34.14524702], [72.02568132, 34.14524394], [72.02567888, 34.14521815]]]]}, "properties": {"id": "8J6J42WG+37V6", "height": 2.705846548080444, "hmax": 0.995, "ratio": 0.368, "vulnClass": "moderate"}}, {"type": "Feature", "geometry": {"type": "MultiPolygon", "coordinates": [[[[72.02557263, 34.14503914], [72.02542303, 34.14503897], [72.02542271, 34.14523764], [72.02557231, 34.14523781], [72.02557263, 34.14503914]]]]}, "properties": {"id": "8J6J42WG+355H", "height": 4.573447227478027, "hmax": 0.995, "ratio": 0.218, "vulnClass": "low"}}, {"type": "Feature", "geometry": {"type": "MultiPolygon", "coordinates": [[[[72.02642332, 34.14479598], [72.02635452, 34.14479351], [72.02634599, 34.14495767], [72.02646092, 34.1449618], [72.0264653, 34.14487745], [72.02641918, 34.14487579], [72.02642332, 34.14479598]]]]}, "properties": {"id": "8J6J42VG+XH2H", "height": 3.888065814971924, "hmax": 0.916, "ratio": 0.236, "vulnClass": "low"}}, {"type": "Feature", "geometry": {"type": "MultiPolygon", "coordinates": [[[[72.02635452, 34.14479351], [72.02628222, 34.14479091], [72.02628118, 34.14481101], [72.02635347, 34.14481361], [72.02635452, 34.14479351]]]]}, "properties": {"id": "8J6J42VG+WGG2", "height": 3.902420282363892, "hmax": 0.916, "ratio": 0.235, "vulnClass": "low"}}, {"type": "Feature", "geometry": {"type": "MultiPolygon", "coordinates": [[[[72.02628222, 34.14479091], [72.02620742, 34.14478823], [72.0261989, 34.14495239], [72.02634599, 34.14495767], [72.02634971, 34.14488618], [72.02627741, 34.14488358], [72.02628222, 34.14479091]]]]}, "properties": {"id": "8J6J42VG+XG2F", "height": 4.217098236083984, "hmax": 0.936, "ratio": 0.222, "vulnClass": "low"}}, {"type": "Feature", "geometry": {"type": "MultiPolygon", "coordinates": [[[[72.02574414, 34.14520608], [72.02574457, 34.14500293], [72.02560061, 34.14500272], [72.02560018, 34.14520587], [72.02574414, 34.14520608]]]]}, "properties": {"id": "8J6J42WG+27V4", "height": 3.923834085464478, "hmax": 0.995, "ratio": 0.254, "vulnClass": "low"}}, {"type": "Feature", "geometry": {"type": "MultiPolygon", "coordinates": [[[[72.02554235, 34.14502299], [72.02554197, 34.14482281], [72.02543558, 34.14482294], [72.02543596, 34.14502313], [72.02554235, 34.14502299]]]]}, "properties": {"id": "8J6J42VG+X59W", "height": 4.034139156341553, "hmax": 0.995, "ratio": 0.247, "vulnClass": "low"}}, {"type": "Feature", "geometry": {"type": "MultiPolygon", "coordinates": [[[[72.02543558, 34.14482294], [72.02539693, 34.14482299], [72.0253973, 34.14502318], [72.02543596, 34.14502313], [72.02543558, 34.14482294]]]]}, "properties": {"id": "8J6J42VG+X57V", "height": 3.364300727844238, "hmax": 0.995, "ratio": 0.296, "vulnClass": "low"}}, {"type": "Feature", "geometry": {"type": "MultiPolygon", "coordinates": [[[[72.02556158, 34.14482278], [72.02556151, 34.14478978], [72.02539686, 34.14479], [72.02539693, 34.14482299], [72.02556158, 34.14482278]]]]}, "properties": {"id": "8J6J42VG+W5H7", "height": 4.578496932983398, "hmax": 0.995, "ratio": 0.217, "vulnClass": "low"}}, {"type": "Feature", "geometry": {"type": "MultiPolygon", "coordinates": [[[[72.0257224, 34.1448333], [72.0255987, 34.1448339], [72.0255997, 34.1449714], [72.0257234, 34.1449707], [72.0257224, 34.1448333]]]]}, "properties": {"id": "8J6J42VG+X772", "height": 4.30450963973999, "hmax": 0.995, "ratio": 0.231, "vulnClass": "low"}}, {"type": "Feature", "geometry": {"type": "MultiPolygon", "coordinates": [[[[72.02567616, 34.14457058], [72.02560471, 34.14457014], [72.02560264, 34.1448046], [72.02574553, 34.14480548], [72.0257476, 34.14457102], [72.02569899, 34.14457072], [72.02569914, 34.14455306], [72.02567632, 34.14455292], [72.02567616, 34.14457058]]]]}, "properties": {"id": "8J6J42VG+V7FG", "height": 4.983898162841797, "hmax": 0.996, "ratio": 0.2, "vulnClass": "low"}}, {"type": "Feature", "geometry": {"type": "MultiPolygon", "coordinates": [[[[72.02630109, 34.14468013], [72.02624406, 34.14467926], [72.0262423, 34.14475885], [72.0263376, 34.1447603], [72.02633853, 34.14471785], [72.02630027, 34.14471727], [72.02630109, 34.14468013]]]]}, "properties": {"id": "8J6J42VG+VGMR", "height": 2.971296072006226, "hmax": 0.828, "ratio": 0.279, "vulnClass": "low"}}, {"type": "Feature", "geometry": {"type": "MultiPolygon", "coordinates": [[[[72.02647632, 34.14470669], [72.02636357, 34.14470638], [72.0263633, 34.14477336], [72.02647605, 34.14477367], [72.02647632, 34.14470669]]]]}, "properties": {"id": "8J6J42VG+VHVM", "height": 3.422633409500122, "hmax": 0.849, "ratio": 0.248, "vulnClass": "low"}}, {"type": "Feature", "geometry": {"type": "MultiPolygon", "coordinates": [[[[72.02672566, 34.14460671], [72.02659055, 34.14460465], [72.02658704, 34.1447641], [72.02667228, 34.1447654], [72.02667552, 34.14461805], [72.0267254, 34.14461881], [72.02672566, 34.14460671]]]]}, "properties": {"id": "8J6J42VG+VMC7", "height": 4.541796207427979, "hmax": 0.791, "ratio": 0.174, "vulnClass": "low"}}, {"type": "Feature", "geometry": {"type": "MultiPolygon", "coordinates": [[[[72.0271061, 34.1446395], [72.0271097, 34.1445792], [72.0270952, 34.1445786], [72.0270932, 34.1446124], [72.0268535, 34.1446025], [72.0268436, 34.1447672], [72.0271318, 34.1447792], [72.0271402, 34.1446409], [72.0271061, 34.1446395]]]]}, "properties": {"id": "8J6J42VG+VQHP", "height": 4.888955116271973, "hmax": 0.791, "ratio": 0.162, "vulnClass": "low"}}, {"type": "Feature", "geometry": {"type": "MultiPolygon", "coordinates": [[[[72.02656825, 34.14469101], [72.02651288, 34.14469118], [72.02651323, 34.14477189], [72.02656861, 34.14477172], [72.02656825, 34.14469101]]]]}, "properties": {"id": "8J6J42VG+VJV7", "height": 4.541796207427979, "hmax": 0.828, "ratio": 0.182, "vulnClass": "low"}}, {"type": "Feature", "geometry": {"type": "MultiPolygon", "coordinates": [[[[72.0264597, 34.1449555], [72.0270794, 34.1449622], [72.0270805, 34.1448919], [72.0269754, 34.1448907], [72.0269768, 34.1447998], [72.0269159, 34.1447992], [72.0269145, 34.1448901], [72.0264608, 34.1448851], [72.0264597, 34.1449555]]]]}, "properties": {"id": "8J6J42VG+XP7F", "height": 2.665382862091064, "hmax": 0.916, "ratio": 0.344, "vulnClass": "moderate"}}, {"type": "Feature", "geometry": {"type": "MultiPolygon", "coordinates": [[[[72.02653042, 34.14480202], [72.0264622, 34.14480101], [72.02646042, 34.1448844], [72.02652864, 34.14488541], [72.02653042, 34.14480202]]]]}, "properties": {"id": "8J6J42VG+WHQQ", "height": 3.183362007141113, "hmax": 0.916, "ratio": 0.288, "vulnClass": "low"}}, {"type": "Feature", "geometry": {"type": "MultiPolygon", "coordinates": [[[[72.0265645, 34.14480105], [72.02652988, 34.1447998], [72.02652761, 34.14484345], [72.02656223, 34.1448447], [72.0265645, 34.14480105]]]]}, "properties": {"id": "8J6J42VG+WJFV", "height": 4.272934913635254, "hmax": 0.916, "ratio": 0.214, "vulnClass": "low"}}, {"type": "Feature", "geometry": {"type": "MultiPolygon", "coordinates": [[[[72.02671758, 34.14480478], [72.02661521, 34.14480327], [72.02661343, 34.14488666], [72.0267158, 34.14488818], [72.02671758, 34.14480478]]]]}, "properties": {"id": "8J6J42VG+WMMV", "height": 4.029333591461182, "hmax": 0.916, "ratio": 0.227, "vulnClass": "low"}}, {"type": "Feature", "geometry": {"type": "MultiPolygon", "coordinates": [[[[72.02689637, 34.14480809], [72.02684763, 34.14480929], [72.02684875, 34.14484081], [72.02689749, 34.14483961], [72.02689637, 34.14480809]]]]}, "properties": {"id": "8J6J42VG+WPHX", "height": 2.738401174545288, "hmax": 0.916, "ratio": 0.335, "vulnClass": "moderate"}}, {"type": "Feature", "geometry": {"type": "MultiPolygon", "coordinates": [[[[72.02708285, 34.14479582], [72.02702468, 34.14479373], [72.02702344, 34.14481752], [72.02708162, 34.1448196], [72.02708285, 34.14479582]]]]}, "properties": {"id": "8J6J42VG+WRF8", "height": 2.536522388458252, "hmax": 0.916, "ratio": 0.361, "vulnClass": "moderate"}}, {"type": "Feature", "geometry": {"type": "MultiPolygon", "coordinates": [[[[72.02819473, 34.14466911], [72.02810723, 34.14466874], [72.0281069, 34.14472379], [72.02813263, 34.1447239], [72.02813248, 34.1447476], [72.02819425, 34.14474786], [72.02819473, 34.14466911]]]]}, "properties": {"id": "8J6J42VH+V7J9", "height": 4.147919654846191, "hmax": 0.433, "ratio": 0.104, "vulnClass": "low"}}, {"type": "Feature", "geometry": {"type": "MultiPolygon", "coordinates": [[[[72.02835237, 34.14467132], [72.02819928, 34.14467104], [72.02819914, 34.14472528], [72.02822051, 34.14472532], [72.02822035, 34.14478274], [72.02838284, 34.14478304], [72.02838293, 34.14474826], [72.02835216, 34.1447482], [72.02835237, 34.14467132]]]]}, "properties": {"id": "8J6J42VH+V8V2", "height": 3.975923299789429, "hmax": 0.433, "ratio": 0.109, "vulnClass": "low"}}, {"type": "Feature", "geometry": {"type": "MultiPolygon", "coordinates": [[[[72.0283941, 34.1449402], [72.0283905, 34.1448028], [72.0281696, 34.1448069], [72.0281733, 34.1449442], [72.0282034, 34.1449437], [72.0283941, 34.1449402]]]]}, "properties": {"id": "8J6J42VH+W8VR", "height": 2.990094184875488, "hmax": 0.609, "ratio": 0.204, "vulnClass": "low"}}, {"type": "Feature", "geometry": {"type": "MultiPolygon", "coordinates": [[[[72.0284239, 34.1454131], [72.0284194, 34.1452775], [72.0282487, 34.1452815], [72.0282532, 34.145417], [72.0284239, 34.1454131]]]]}, "properties": {"id": "8J6J42WH+48PX", "height": 2.958488941192627, "hmax": 0.496, "ratio": 0.168, "vulnClass": "low"}}, {"type": "Feature", "geometry": {"type": "MultiPolygon", "coordinates": [[[[72.02826293, 34.14518192], [72.02822599, 34.14518424], [72.02822883, 34.14521552], [72.02826577, 34.1452132], [72.02826293, 34.14518192]]]]}, "properties": {"id": "8J6J42WH+37HX", "height": 2.45348048210144, "hmax": 0.609, "ratio": 0.248, "vulnClass": "low"}}, {"type": "Feature", "geometry": {"type": "MultiPolygon", "coordinates": [[[[72.0288107, 34.14537601], [72.02880452, 34.14516811], [72.02869134, 34.14517044], [72.02869248, 34.14520866], [72.02863454, 34.14520985], [72.02863959, 34.14537953], [72.0288107, 34.14537601]]]]}, "properties": {"id": "8J6J42WH+4F92", "height": 4.360813617706299, "hmax": 0.121, "ratio": 0.028, "vulnClass": "none"}}, {"type": "Feature", "geometry": {"type": "MultiPolygon", "coordinates": [[[[72.0286295, 34.1453863], [72.0286298, 34.1452124], [72.0284776, 34.1452122], [72.0284773, 34.1453861], [72.0286295, 34.1453863]]]]}, "properties": {"id": "8J6J42WH+4C7W", "height": 4.360813617706299, "hmax": 0.121, "ratio": 0.028, "vulnClass": "none"}}, {"type": "Feature", "geometry": {"type": "MultiPolygon", "coordinates": [[[[72.02854972, 34.14543221], [72.02843644, 34.14543343], [72.02843812, 34.14554097], [72.02855141, 34.14553975], [72.02854972, 34.14543221]]]]}, "properties": {"id": "8J6J42WH+59XH", "height": 2.603922367095947, "hmax": 0.121, "ratio": 0.047, "vulnClass": "none"}}, {"type": "Feature", "geometry": {"type": "MultiPolygon", "coordinates": [[[[72.02843644, 34.14543343], [72.02833396, 34.14543454], [72.02833636, 34.14558779], [72.02843884, 34.14558668], [72.02843644, 34.14543343]]]]}, "properties": {"id": "8J6J42WH+692F", "height": 3.342256784439087, "hmax": 0.316, "ratio": 0.094, "vulnClass": "low"}}, {"type": "Feature", "geometry": {"type": "MultiPolygon", "coordinates": [[[[72.02865519, 34.1454075], [72.02854935, 34.14540865], [72.02855141, 34.14553975], [72.02865724, 34.1455386], [72.02865519, 34.1454075]]]]}, "properties": {"id": "8J6J42WH+5CQV", "height": 3.534844636917114, "hmax": 0.121, "ratio": 0.034, "vulnClass": "none"}}, {"type": "Feature", "geometry": {"type": "MultiPolygon", "coordinates": [[[[72.02877354, 34.14554664], [72.02877171, 34.1454298], [72.02865556, 34.14543106], [72.02865739, 34.14554789], [72.02877354, 34.14554664]]]]}, "properties": {"id": "8J6J42WH+5FWH", "height": 2.578888416290283, "hmax": 0.121, "ratio": 0.047, "vulnClass": "none"}}, {"type": "Feature", "geometry": {"type": "MultiPolygon", "coordinates": [[[[72.02897883, 34.14542133], [72.02887699, 34.14542156], [72.02887739, 34.14554273], [72.02885308, 34.14554279], [72.02885324, 34.14558968], [72.02897938, 34.14558939], [72.02897883, 34.14542133]]]]}, "properties": {"id": "8J6J42WH+6H38", "height": 2.958530426025391, "hmax": 0.121, "ratio": 0.041, "vulnClass": "none"}}, {"type": "Feature", "geometry": {"type": "MultiPolygon", "coordinates": [[[[72.02907258, 34.14542112], [72.02897883, 34.14542133], [72.02897923, 34.1455425], [72.02907298, 34.14554229], [72.02907258, 34.14542112]]]]}, "properties": {"id": "8J6J42WH+5JR9", "height": 3.035998344421387, "hmax": 0.121, "ratio": 0.04, "vulnClass": "none"}}, {"type": "Feature", "geometry": {"type": "MultiPolygon", "coordinates": [[[[72.0291905, 34.14541317], [72.02908869, 34.14541557], [72.02909433, 34.1455804], [72.02915609, 34.14557894], [72.02915681, 34.14560015], [72.02919687, 34.14559921], [72.02919285, 34.14548189], [72.0291528, 34.14548284], [72.02915165, 34.14544924], [72.0291917, 34.14544829], [72.0291905, 34.14541317]]]]}, "properties": {"id": "8J6J42WH+6M24", "height": 4.226438522338867, "hmax": 0.121, "ratio": 0.029, "vulnClass": "none"}}, {"type": "Feature", "geometry": {"type": "MultiPolygon", "coordinates": [[[[72.02950804, 34.14540343], [72.02928604, 34.14541978], [72.02930576, 34.14560494], [72.02950117, 34.14559055], [72.02949378, 34.14552122], [72.02952038, 34.14551927], [72.02950804, 34.14540343]]]]}, "properties": {"id": "8J6J42WH+6Q25", "height": 4.664135932922363, "hmax": 0.094, "ratio": 0.02, "vulnClass": "none"}}, {"type": "Feature", "geometry": {"type": "MultiPolygon", "coordinates": [[[[72.02931791, 34.14530924], [72.02931304, 34.14516285], [72.02916024, 34.14516636], [72.02916512, 34.14531275], [72.02931791, 34.14530924]]]]}, "properties": {"id": "8J6J42WH+3MXG", "height": 3.601468801498413, "hmax": 0.121, "ratio": 0.034, "vulnClass": "none"}}, {"type": "Feature", "geometry": {"type": "MultiPolygon", "coordinates": [[[[72.02895997, 34.14490676], [72.0288571, 34.14490843], [72.02885811, 34.14495119], [72.02896098, 34.14494952], [72.02895997, 34.14490676]]]]}, "properties": {"id": "8J6J42VH+XHF2", "height": 2.646986484527588, "hmax": 0.121, "ratio": 0.046, "vulnClass": "none"}}, {"type": "Feature", "geometry": {"type": "MultiPolygon", "coordinates": [[[[72.02882979, 34.14492372], [72.02876577, 34.14492326], [72.02876551, 34.14494809], [72.02882953, 34.14494856], [72.02882979, 34.14492372]]]]}, "properties": {"id": "8J6J42VH+XGFG", "height": 2.6029052734375, "hmax": 0.121, "ratio": 0.047, "vulnClass": "none"}}, {"type": "Feature", "geometry": {"type": "MultiPolygon", "coordinates": [[[[72.02843771, 34.14467147], [72.02835237, 34.14467132], [72.02835216, 34.1447482], [72.02843751, 34.14474836], [72.02843771, 34.14467147]]]]}, "properties": {"id": "8J6J42VH+V9J8", "height": 5.852761745452881, "hmax": 0.27, "ratio": 0.046, "vulnClass": "none"}}, {"type": "Feature", "geometry": {"type": "MultiPolygon", "coordinates": [[[[72.02859118, 34.14460008], [72.02845575, 34.14460225], [72.02845629, 34.14462529], [72.02859171, 34.14462312], [72.02859118, 34.14460008]]]]}, "properties": {"id": "8J6J42VH+RCRH", "height": 4.988253593444824, "hmax": 0.015, "ratio": 0.003, "vulnClass": "none"}}, {"type": "Feature", "geometry": {"type": "MultiPolygon", "coordinates": [[[[72.02876851, 34.14460077], [72.02862695, 34.14460215], [72.02862753, 34.14464369], [72.02876909, 34.14464231], [72.02876851, 34.14460077]]]]}, "properties": {"id": "8J6J42VH+RFWV", "height": 2.644440412521362, "hmax": 0.015, "ratio": 0.006, "vulnClass": "none"}}, {"type": "Feature", "geometry": {"type": "MultiPolygon", "coordinates": [[[[72.02883432, 34.14460013], [72.02876851, 34.14460077], [72.02876909, 34.14464231], [72.02883491, 34.14464167], [72.02883432, 34.14460013]]]]}, "properties": {"id": "8J6J42VH+RGVW", "height": 3.133477210998535, "hmax": 0.015, "ratio": 0.005, "vulnClass": "none"}}, {"type": "Feature", "geometry": {"type": "MultiPolygon", "coordinates": [[[[72.02918699, 34.1445836], [72.02912089, 34.14457843], [72.02911513, 34.14462936], [72.02918123, 34.14463453], [72.02918699, 34.1445836]]]]}, "properties": {"id": "8J6J42VH+RMR9", "height": 3.536599397659302, "hmax": 0.015, "ratio": 0.004, "vulnClass": "none"}}, {"type": "Feature", "geometry": {"type": "MultiPolygon", "coordinates": [[[[72.02983301, 34.14465241], [72.02966712, 34.14465374], [72.02966902, 34.14481747], [72.02972694, 34.14481701], [72.02972721, 34.14484065], [72.02983519, 34.14483978], [72.02983301, 34.14465241]]]]}, "properties": {"id": "8J6J42VH+VWRJ", "height": 5.701941013336182, "hmax": 0.002, "ratio": 0.0, "vulnClass": "none"}}, {"type": "Feature", "geometry": {"type": "MultiPolygon", "coordinates": [[[[72.02967761, 34.14489052], [72.02962997, 34.14489637], [72.02963587, 34.14492959], [72.02968351, 34.14492374], [72.02967761, 34.14489052]]]]}, "properties": {"id": "8J6J42VH+XV7C", "height": 4.33355188369751, "hmax": 0.003, "ratio": 0.001, "vulnClass": "none"}}, {"type": "Feature", "geometry": {"type": "MultiPolygon", "coordinates": [[[[72.02969799, 34.14488143], [72.02969664, 34.14484229], [72.02963929, 34.14484365], [72.02964064, 34.14488279], [72.02969799, 34.14488143]]]]}, "properties": {"id": "8J6J42VH+WVVF", "height": 6.067246913909912, "hmax": 0.003, "ratio": 0.001, "vulnClass": "none"}}, {"type": "Feature", "geometry": {"type": "MultiPolygon", "coordinates": [[[[72.0302156, 34.1446835], [72.0300563, 34.1446845], [72.0300577, 34.1448527], [72.030217, 34.1448517], [72.0302156, 34.1446835]]]]}, "properties": {"id": "8J6J42VJ+W32M", "height": 5.257076263427734, "hmax": 0.002, "ratio": 0.0, "vulnClass": "none"}}, {"type": "Feature", "geometry": {"type": "MultiPolygon", "coordinates": [[[[72.03057677, 34.14463169], [72.03040854, 34.14463446], [72.03041261, 34.14480529], [72.03043995, 34.14480484], [72.03044042, 34.14482474], [72.03051589, 34.1448235], [72.03051603, 34.14482931], [72.03058145, 34.14482823], [72.03057677, 34.14463169]]]]}, "properties": {"id": "8J6J42VJ+V5X5", "height": 5.183791160583496, "hmax": 0.002, "ratio": 0.0, "vulnClass": "none"}}, {"type": "Feature", "geometry": {"type": "MultiPolygon", "coordinates": [[[[72.0309205, 34.144626], [72.0307484, 34.1446289], [72.0307529, 34.1448196], [72.0309251, 34.1448168], [72.0309205, 34.144626]]]]}, "properties": {"id": "8J6J42VJ+V8PX", "height": 5.69910717010498, "hmax": 0.005, "ratio": 0.001, "vulnClass": "none"}}, {"type": "Feature", "geometry": {"type": "MultiPolygon", "coordinates": [[[[72.03074808, 34.14461616], [72.03057647, 34.14461899], [72.03058132, 34.14482242], [72.03075293, 34.14481959], [72.03074808, 34.14461616]]]]}, "properties": {"id": "8J6J42VJ+V7MM", "height": 5.354116916656494, "hmax": 0.005, "ratio": 0.001, "vulnClass": "none"}}, {"type": "Feature", "geometry": {"type": "MultiPolygon", "coordinates": [[[[72.030729, 34.1445945], [72.0307301, 34.1445732], [72.0306618, 34.1445706], [72.0306606, 34.1445919], [72.030729, 34.1445945]]]]}, "properties": {"id": "8J6J42VJ+R7P7", "height": 3.022973537445068, "hmax": 0.005, "ratio": 0.002, "vulnClass": "none"}}, {"type": "Feature", "geometry": {"type": "MultiPolygon", "coordinates": [[[[72.03090138, 34.14486654], [72.03090012, 34.14482084], [72.03083942, 34.14482201], [72.03084068, 34.1448677], [72.03090138, 34.14486654]]]]}, "properties": {"id": "8J6J42VJ+W8QQ", "height": 3.947035074234009, "hmax": 0.004, "ratio": 0.001, "vulnClass": "none"}}, {"type": "Feature", "geometry": {"type": "MultiPolygon", "coordinates": [[[[72.03113895, 34.14481492], [72.03107807, 34.14481446], [72.03107722, 34.14489313], [72.03113809, 34.14489358], [72.03113895, 34.14481492]]]]}, "properties": {"id": "8J6J42VJ+WCX3", "height": 3.238012552261353, "hmax": 0.004, "ratio": 0.001, "vulnClass": "none"}}, {"type": "Feature", "geometry": {"type": "MultiPolygon", "coordinates": [[[[72.03125229, 34.14480696], [72.031161, 34.14480428], [72.03115743, 34.14488824], [72.03124872, 34.14489092], [72.03125229, 34.14480696]]]]}, "properties": {"id": "8J6J42VJ+WFPW", "height": 3.059165477752686, "hmax": 0.004, "ratio": 0.001, "vulnClass": "none"}}, {"type": "Feature", "geometry": {"type": "MultiPolygon", "coordinates": [[[[72.03072927, 34.14486983], [72.03069279, 34.14487053], [72.03069384, 34.14490855], [72.03073032, 34.14490785], [72.03072927, 34.14486983]]]]}, "properties": {"id": "8J6J42VJ+X74H", "height": 2.549895763397217, "hmax": 0.004, "ratio": 0.002, "vulnClass": "none"}}, {"type": "Feature", "geometry": {"type": "MultiPolygon", "coordinates": [[[[72.03062425, 34.14484628], [72.03055638, 34.14484758], [72.03055708, 34.14487313], [72.03062496, 34.14487183], [72.03062425, 34.14484628]]]]}, "properties": {"id": "8J6J42VJ+W6W9", "height": 3.197828531265259, "hmax": 0.004, "ratio": 0.001, "vulnClass": "none"}}, {"type": "Feature", "geometry": {"type": "MultiPolygon", "coordinates": [[[[72.03043488, 34.14486948], [72.03038675, 34.14487096], [72.03038834, 34.14490659], [72.03043646, 34.14490512], [72.03043488, 34.14486948]]]]}, "properties": {"id": "8J6J42VJ+X53C", "height": 3.230012893676758, "hmax": 0.003, "ratio": 0.001, "vulnClass": "none"}}, {"type": "Feature", "geometry": {"type": "MultiPolygon", "coordinates": [[[[72.03058065, 34.1453535], [72.03057315, 34.14519045], [72.03039402, 34.14519614], [72.03040151, 34.14535919], [72.03058065, 34.1453535]]]]}, "properties": {"id": "8J6J42WJ+455W", "height": 4.195512294769287, "hmax": 0.003, "ratio": 0.001, "vulnClass": "none"}}, {"type": "Feature", "geometry": {"type": "MultiPolygon", "coordinates": [[[[72.03072949, 34.14516563], [72.0306015, 34.14516794], [72.0306064, 34.14535562], [72.03080594, 34.14535202], [72.03080223, 34.14521011], [72.03073068, 34.1452114], [72.03072949, 34.14516563]]]]}, "properties": {"id": "8J6J42WJ+474M", "height": 4.371334075927734, "hmax": 0.004, "ratio": 0.001, "vulnClass": "none"}}, {"type": "Feature", "geometry": {"type": "MultiPolygon", "coordinates": [[[[72.03079456, 34.14516327], [72.03072859, 34.14516462], [72.03072931, 34.1451889], [72.03074872, 34.1451885], [72.03074938, 34.14521089], [72.03079594, 34.14520994], [72.03079456, 34.14516327]]]]}, "properties": {"id": "8J6J42WJ+38CG", "height": 2.95136547088623, "hmax": 0.004, "ratio": 0.001, "vulnClass": "none"}}, {"type": "Feature", "geometry": {"type": "MultiPolygon", "coordinates": [[[[72.03078113, 34.14510737], [72.03072799, 34.14510832], [72.03072949, 34.14516563], [72.03078262, 34.14516468], [72.03078113, 34.14510737]]]]}, "properties": {"id": "8J6J42WJ+382C", "height": 2.527421474456787, "hmax": 0.004, "ratio": 0.002, "vulnClass": "none"}}, {"type": "Feature", "geometry": {"type": "MultiPolygon", "coordinates": [[[[72.03059144, 34.14511254], [72.03052733, 34.14511662], [72.03053219, 34.14516955], [72.03059631, 34.14516547], [72.03059144, 34.14511254]]]]}, "properties": {"id": "8J6J42WJ+363Q", "height": 2.627322196960449, "hmax": 0.003, "ratio": 0.001, "vulnClass": "none"}}, {"type": "Feature", "geometry": {"type": "MultiPolygon", "coordinates": [[[[72.03116079, 34.14503172], [72.03109377, 34.14503293], [72.03109459, 34.14506412], [72.0311616, 34.14506291], [72.03116079, 34.14503172]]]]}, "properties": {"id": "8J6J42WJ+2F6R", "height": 2.704863786697388, "hmax": 0.004, "ratio": 0.002, "vulnClass": "none"}}, {"type": "Feature", "geometry": {"type": "MultiPolygon", "coordinates": [[[[72.03118799, 34.14507688], [72.03115254, 34.14507475], [72.03114968, 34.14510775], [72.03118512, 34.14510987], [72.03118799, 34.14507688]]]]}, "properties": {"id": "8J6J42WJ+2FMM", "height": 3.180834770202637, "hmax": 0.004, "ratio": 0.001, "vulnClass": "none"}}, {"type": "Feature", "geometry": {"type": "MultiPolygon", "coordinates": [[[[72.03116336, 34.14513031], [72.03116259, 34.14510048], [72.03109557, 34.14510169], [72.03109635, 34.14513152], [72.03116336, 34.14513031]]]]}, "properties": {"id": "8J6J42WJ+2FRJ", "height": 3.180834770202637, "hmax": 0.004, "ratio": 0.001, "vulnClass": "none"}}, {"type": "Feature", "geometry": {"type": "MultiPolygon", "coordinates": [[[[72.0311755, 34.1453164], [72.0311752, 34.1452162], [72.0311538, 34.1452162], [72.0311537, 34.1451804], [72.0311227, 34.1451805], [72.0311226, 34.14516], [72.0309958, 34.1451602], [72.0309959, 34.1451807], [72.0308395, 34.1451811], [72.0308396, 34.1452169], [72.0308747, 34.1452168], [72.0308748, 34.145246], [72.030908, 34.1452459], [72.0309081, 34.1452651], [72.0308398, 34.1452652], [72.0308397, 34.145246], [72.0308214, 34.1452461], [72.0308217, 34.1453171], [72.0309963, 34.1453168], [72.0309964, 34.1453304], [72.0310866, 34.1453302], [72.0310867, 34.1453551], [72.0311543, 34.145355], [72.0311542, 34.1453164], [72.0311755, 34.1453164]]]]}, "properties": {"id": "8J6J42WJ+4C24", "height": 2.967741012573242, "hmax": 0.004, "ratio": 0.001, "vulnClass": "none"}}, {"type": "Feature", "geometry": {"type": "MultiPolygon", "coordinates": [[[[72.0308488, 34.14536101], [72.03078305, 34.1453628], [72.03078398, 34.14538639], [72.03084973, 34.1453846], [72.0308488, 34.14536101]]]]}, "properties": {"id": "8J6J42WJ+48WR", "height": 3.280265808105469, "hmax": 0.004, "ratio": 0.001, "vulnClass": "none"}}, {"type": "Feature", "geometry": {"type": "MultiPolygon", "coordinates": [[[[72.0310829, 34.1453807], [72.0309864, 34.145383], [72.030993, 34.1455731], [72.0310895, 34.1455708], [72.0310829, 34.1453807]]]]}, "properties": {"id": "8J6J42WJ+5CV2", "height": 3.619385242462158, "hmax": 0.004, "ratio": 0.001, "vulnClass": "none"}}, {"type": "Feature", "geometry": {"type": "MultiPolygon", "coordinates": [[[[72.03098511, 34.14531482], [72.03090659, 34.14531696], [72.0309092, 34.14538298], [72.03098771, 34.14538084], [72.03098511, 34.14531482]]]]}, "properties": {"id": "8J6J42WJ+49PV", "height": 3.237700462341309, "hmax": 0.004, "ratio": 0.001, "vulnClass": "none"}}, {"type": "Feature", "geometry": {"type": "MultiPolygon", "coordinates": [[[[72.03132806, 34.14532973], [72.03117557, 34.14533006], [72.03117571, 34.14537594], [72.0313282, 34.14537561], [72.03132806, 34.14532973]]]]}, "properties": {"id": "8J6J42WJ+4GR2", "height": 5.126692771911621, "hmax": 0.004, "ratio": 0.001, "vulnClass": "none"}}, {"type": "Feature", "geometry": {"type": "MultiPolygon", "coordinates": [[[[72.03119675, 34.14541911], [72.03108686, 34.14541934], [72.03108715, 34.14551298], [72.03119705, 34.14551275], [72.03119725, 34.14557838], [72.03129755, 34.14557816], [72.03129705, 34.14541889], [72.03126128, 34.14541897], [72.03126115, 34.14537576], [72.03119662, 34.14537589], [72.03119675, 34.14541911]]]]}, "properties": {"id": "8J6J42WJ+5FW4", "height": 3.064206600189209, "hmax": 0.004, "ratio": 0.001, "vulnClass": "none"}}, {"type": "Feature", "geometry": {"type": "MultiPolygon", "coordinates": [[[[72.03098901, 34.14540041], [72.03087528, 34.14540065], [72.03087583, 34.14557907], [72.03098956, 34.14557882], [72.03098901, 34.14540041]]]]}, "properties": {"id": "8J6J42WJ+59VH", "height": 3.619385242462158, "hmax": 0.004, "ratio": 0.001, "vulnClass": "none"}}, {"type": "Feature", "geometry": {"type": "MultiPolygon", "coordinates": [[[[72.03076308, 34.14551326], [72.03075878, 34.14538838], [72.03064787, 34.14539102], [72.03065217, 34.1455159], [72.03076308, 34.14551326]]]]}, "properties": {"id": "8J6J42WJ+57P4", "height": 3.013089179992676, "hmax": 0.004, "ratio": 0.001, "vulnClass": "none"}}, {"type": "Feature", "geometry": {"type": "MultiPolygon", "coordinates": [[[[72.03087634, 34.14551056], [72.03087203, 34.14538568], [72.03075878, 34.14538838], [72.03076308, 34.14551326], [72.03087634, 34.14551056]]]]}, "properties": {"id": "8J6J42WJ+58GR", "height": 3.154063701629639, "hmax": 0.004, "ratio": 0.001, "vulnClass": "none"}}, {"type": "Feature", "geometry": {"type": "MultiPolygon", "coordinates": [[[[72.03051138, 34.14538721], [72.03040548, 34.14538775], [72.03040569, 34.14541643], [72.03051159, 34.14541589], [72.03051138, 34.14538721]]]]}, "properties": {"id": "8J6J42WJ+5584", "height": 3.358547449111938, "hmax": 0.003, "ratio": 0.001, "vulnClass": "none"}}, {"type": "Feature", "geometry": {"type": "MultiPolygon", "coordinates": [[[[72.03054577, 34.14552449], [72.03054287, 34.14540735], [72.03043552, 34.14540919], [72.03043842, 34.14552633], [72.03054577, 34.14552449]]]]}, "properties": {"id": "8J6J42WJ+55QP", "height": 4.332567691802979, "hmax": 0.003, "ratio": 0.001, "vulnClass": "none"}}, {"type": "Feature", "geometry": {"type": "MultiPolygon", "coordinates": [[[[72.0303112, 34.1454055], [72.0302216, 34.1454054], [72.0302215, 34.1455481], [72.030311, 34.1455481], [72.0303112, 34.1454055]]]]}, "properties": {"id": "8J6J42WJ+54R4", "height": 2.740188598632812, "hmax": 0.003, "ratio": 0.001, "vulnClass": "none"}}, {"type": "Feature", "geometry": {"type": "MultiPolygon", "coordinates": [[[[72.03022163, 34.14540545], [72.03010709, 34.14540536], [72.03010697, 34.14551813], [72.03022151, 34.14551822], [72.03022163, 34.14540545]]]]}, "properties": {"id": "8J6J42WJ+53MF", "height": 4.587055683135986, "hmax": 0.003, "ratio": 0.001, "vulnClass": "none"}}, {"type": "Feature", "geometry": {"type": "MultiPolygon", "coordinates": [[[[72.03006917, 34.14512695], [72.03003269, 34.14512803], [72.03004284, 34.14536659], [72.03020096, 34.14536193], [72.0301939, 34.14519616], [72.03007227, 34.14519974], [72.03006917, 34.14512695]]]]}, "properties": {"id": "8J6J42WJ+425W", "height": 4.574310779571533, "hmax": 0.003, "ratio": 0.001, "vulnClass": "none"}}, {"type": "Feature", "geometry": {"type": "MultiPolygon", "coordinates": [[[[72.02956793, 34.14512131], [72.02948796, 34.14512256], [72.02948964, 34.14519685], [72.02956961, 34.1451956], [72.02956793, 34.14512131]]]]}, "properties": {"id": "8J6J42WH+3R69", "height": 3.055099010467529, "hmax": 0.003, "ratio": 0.001, "vulnClass": "none"}}, {"type": "Feature", "geometry": {"type": "MultiPolygon", "coordinates": [[[[72.02964793, 34.14536924], [72.02963602, 34.14519698], [72.02946782, 34.14520501], [72.02947704, 34.14533853], [72.02954543, 34.14533526], [72.02954811, 34.14537401], [72.02964793, 34.14536924]]]]}, "properties": {"id": "8J6J42WH+4R79", "height": 4.754584789276123, "hmax": 0.003, "ratio": 0.001, "vulnClass": "none"}}, {"type": "Feature", "geometry": {"type": "MultiPolygon", "coordinates": [[[[72.0298482, 34.1455829], [72.0298372, 34.1453878], [72.0297258, 34.1453922], [72.0297368, 34.1455873], [72.0298482, 34.1455829]]]]}, "properties": {"id": "8J6J42WH+5WVC", "height": 4.996916770935059, "hmax": 0.003, "ratio": 0.001, "vulnClass": "none"}}, {"type": "Feature", "geometry": {"type": "MultiPolygon", "coordinates": [[[[72.0296256, 34.1455814], [72.0296083, 34.145419], [72.0295105, 34.1454262], [72.0295278, 34.1455886], [72.0296256, 34.1455814]]]]}, "properties": {"id": "8J6J42WH+6R42", "height": 2.492563247680664, "hmax": 0.003, "ratio": 0.001, "vulnClass": "none"}}, {"type": "Feature", "geometry": {"type": "MultiPolygon", "coordinates": [[[[72.02982622, 34.145901], [72.02982607, 34.14570595], [72.02971863, 34.14570601], [72.02971868, 34.14577258], [72.02967891, 34.1457726], [72.02967888, 34.14573244], [72.02962634, 34.14573247], [72.02962646, 34.1459011], [72.02982622, 34.145901]]]]}, "properties": {"id": "8J6J42WH+8VHF", "height": 5.233926296234131, "hmax": 0.021, "ratio": 0.004, "vulnClass": "none"}}, {"type": "Feature", "geometry": {"type": "MultiPolygon", "coordinates": [[[[72.02952159, 34.14573116], [72.02952174, 34.14575092], [72.02950316, 34.14575102], [72.0295044, 34.14590721], [72.02960484, 34.14590667], [72.02960345, 34.14573072], [72.02952159, 34.14573116]]]]}, "properties": {"id": "8J6J42WH+8RFX", "height": 4.435830116271973, "hmax": 0.022, "ratio": 0.005, "vulnClass": "none"}}, {"type": "Feature", "geometry": {"type": "MultiPolygon", "coordinates": [[[[72.02950738, 34.14590234], [72.02950146, 34.1457222], [72.02944086, 34.14572357], [72.02944326, 34.14579665], [72.02939941, 34.14579765], [72.02940293, 34.14590471], [72.02950738, 34.14590234]]]]}, "properties": {"id": "8J6J42WH+8QGW", "height": 2.616914033889771, "hmax": 0.167, "ratio": 0.064, "vulnClass": "low"}}, {"type": "Feature", "geometry": {"type": "MultiPolygon", "coordinates": [[[[72.0297231, 34.1459357], [72.0296097, 34.145938], [72.0296152, 34.1461287], [72.0297287, 34.1461264], [72.0297231, 34.1459357]]]]}, "properties": {"id": "8J6J42WH+CV77", "height": 4.569441795349121, "hmax": 0.022, "ratio": 0.005, "vulnClass": "none"}}, {"type": "Feature", "geometry": {"type": "MultiPolygon", "coordinates": [[[[72.02984145, 34.14604434], [72.02983823, 34.14593338], [72.02972312, 34.14593569], [72.02972634, 34.14604665], [72.02984145, 34.14604434]]]]}, "properties": {"id": "8J6J42WH+9WVJ", "height": 4.509622097015381, "hmax": 0.022, "ratio": 0.005, "vulnClass": "none"}}, {"type": "Feature", "geometry": {"type": "MultiPolygon", "coordinates": [[[[72.02994036, 34.14592878], [72.02984012, 34.14592802], [72.02983796, 34.1461245], [72.0299382, 34.14612526], [72.02994036, 34.14592878]]]]}, "properties": {"id": "8J6J42WH+CX63", "height": 4.47246265411377, "hmax": 0.022, "ratio": 0.005, "vulnClass": "none"}}, {"type": "Feature", "geometry": {"type": "MultiPolygon", "coordinates": [[[[72.03004427, 34.14592957], [72.02994036, 34.14592878], [72.02993907, 34.1460462], [72.03004298, 34.14604699], [72.03004427, 34.14592957]]]]}, "properties": {"id": "8J6J42WH+9XXG", "height": 3.197197914123535, "hmax": 0.022, "ratio": 0.007, "vulnClass": "none"}}, {"type": "Feature", "geometry": {"type": "MultiPolygon", "coordinates": [[[[72.030145, 34.1459319], [72.0300419, 34.1459319], [72.0300418, 34.1461235], [72.0301449, 34.1461235], [72.030145, 34.1459319]]]]}, "properties": {"id": "8J6J42WJ+C285", "height": 3.491310119628906, "hmax": 0.022, "ratio": 0.006, "vulnClass": "none"}}, {"type": "Feature", "geometry": {"type": "MultiPolygon", "coordinates": [[[[72.03014472, 34.14571914], [72.03004404, 34.14572174], [72.03005053, 34.14589531], [72.03015121, 34.14589271], [72.03014472, 34.14571914]]]]}, "properties": {"id": "8J6J42WJ+82H6", "height": 3.845825672149658, "hmax": 0.021, "ratio": 0.006, "vulnClass": "none"}}, {"type": "Feature", "geometry": {"type": "MultiPolygon", "coordinates": [[[[72.03025466, 34.14589004], [72.03024818, 34.14571646], [72.03014472, 34.14571914], [72.03015121, 34.14589271], [72.03025466, 34.14589004]]]]}, "properties": {"id": "8J6J42WJ+83G3", "height": 3.828685522079468, "hmax": 0.021, "ratio": 0.006, "vulnClass": "none"}}, {"type": "Feature", "geometry": {"type": "MultiPolygon", "coordinates": [[[[72.02992837, 34.14573231], [72.02982609, 34.14573236], [72.02982622, 34.145901], [72.0299285, 34.14590095], [72.02992837, 34.14573231]]]]}, "properties": {"id": "8J6J42WH+8XCJ", "height": 3.68077564239502, "hmax": 0.022, "ratio": 0.006, "vulnClass": "none"}}, {"type": "Feature", "geometry": {"type": "MultiPolygon", "coordinates": [[[[72.0300051, 34.14551586], [72.02990935, 34.14551369], [72.02990761, 34.14556667], [72.03000336, 34.14556884], [72.0300051, 34.14551586]]]]}, "properties": {"id": "8J6J42WH+6X8P", "height": 2.446106433868408, "hmax": 0.003, "ratio": 0.001, "vulnClass": "none"}}, {"type": "Feature", "geometry": {"type": "MultiPolygon", "coordinates": [[[[72.03022201, 34.14559322], [72.03021945, 34.14551635], [72.03011049, 34.14551885], [72.03011304, 34.14559572], [72.03022201, 34.14559322]]]]}, "properties": {"id": "8J6J42WJ+63F7", "height": 3.519893646240234, "hmax": 0.003, "ratio": 0.001, "vulnClass": "none"}}, {"type": "Feature", "geometry": {"type": "MultiPolygon", "coordinates": [[[[72.03054695, 34.14557183], [72.03054577, 34.14552449], [72.03043842, 34.14552633], [72.0304396, 34.14557367], [72.03054695, 34.14557183]]]]}, "properties": {"id": "8J6J42WJ+659X", "height": 4.014030456542969, "hmax": 0.003, "ratio": 0.001, "vulnClass": "none"}}, {"type": "Feature", "geometry": {"type": "MultiPolygon", "coordinates": [[[[72.0304577, 34.1457149], [72.030359, 34.145719], [72.0303692, 34.1458881], [72.030468, 34.1458839], [72.0304634, 34.1458076], [72.030431, 34.145809], [72.0304269, 34.1457427], [72.0304593, 34.1457413], [72.0304577, 34.1457149]]]]}, "properties": {"id": "8J6J42WJ+85F6", "height": 3.736755132675171, "hmax": 0.02, "ratio": 0.005, "vulnClass": "none"}}, {"type": "Feature", "geometry": {"type": "MultiPolygon", "coordinates": [[[[72.03067835, 34.14569929], [72.03057022, 34.14570176], [72.03057642, 34.14588947], [72.03068454, 34.145887], [72.03067835, 34.14569929]]]]}, "properties": {"id": "8J6J42WJ+876J", "height": 4.591686725616455, "hmax": 0.002, "ratio": 0.0, "vulnClass": "none"}}, {"type": "Feature", "geometry": {"type": "MultiPolygon", "coordinates": [[[[72.03078207, 34.14571714], [72.03071666, 34.14571863], [72.03071726, 34.14573667], [72.03067961, 34.14573752], [72.03068454, 34.145887], [72.0307876, 34.14588465], [72.03078207, 34.14571714]]]]}, "properties": {"id": "8J6J42WJ+87H8", "height": 3.977031469345093, "hmax": 0.002, "ratio": 0.001, "vulnClass": "none"}}, {"type": "Feature", "geometry": {"type": "MultiPolygon", "coordinates": [[[[72.0307504, 34.14552], [72.03068926, 34.14551982], [72.03068899, 34.14558443], [72.03075013, 34.14558461], [72.0307504, 34.14552]]]]}, "properties": {"id": "8J6J42WJ+67H2", "height": 3.198907375335693, "hmax": 0.004, "ratio": 0.001, "vulnClass": "none"}}, {"type": "Feature", "geometry": {"type": "MultiPolygon", "coordinates": [[[[72.03069275, 34.14556255], [72.03064898, 34.14555858], [72.03064242, 34.1456086], [72.03068618, 34.14561257], [72.03069275, 34.14556255]]]]}, "properties": {"id": "8J6J42WJ+67MF", "height": 3.26816725730896, "hmax": 0.004, "ratio": 0.001, "vulnClass": "none"}}, {"type": "Feature", "geometry": {"type": "MultiPolygon", "coordinates": [[[[72.03084565, 34.14551648], [72.03074944, 34.14552282], [72.03075529, 34.14558423], [72.0308515, 34.1455779], [72.03084565, 34.14551648]]]]}, "properties": {"id": "8J6J42WJ+68F4", "height": 2.499041557312012, "hmax": 0.004, "ratio": 0.002, "vulnClass": "none"}}, {"type": "Feature", "geometry": {"type": "MultiPolygon", "coordinates": [[[[72.03119705, 34.14551275], [72.03108715, 34.14551298], [72.03108719, 34.14552605], [72.03112378, 34.14552597], [72.03112389, 34.14556119], [72.0311972, 34.14556103], [72.03119705, 34.14551275]]]]}, "properties": {"id": "8J6J42WJ+6F69", "height": 3.064206600189209, "hmax": 0.004, "ratio": 0.001, "vulnClass": "none"}}, {"type": "Feature", "geometry": {"type": "MultiPolygon", "coordinates": [[[[72.0313166, 34.1457089], [72.0312293, 34.1457098], [72.0312316, 34.1458736], [72.0314484, 34.1458714], [72.0314464, 34.1457348], [72.031317, 34.1457361], [72.0313166, 34.1457089]]]]}, "properties": {"id": "8J6J42WJ+8G8W", "height": 3.252657890319824, "hmax": 0.002, "ratio": 0.001, "vulnClass": "none"}}, {"type": "Feature", "geometry": {"type": "MultiPolygon", "coordinates": [[[[72.03119209, 34.14571014], [72.03111403, 34.14571091], [72.03111639, 34.14587472], [72.03123161, 34.14587358], [72.0312298, 34.14574757], [72.03119264, 34.14574794], [72.03119209, 34.14571014]]]]}, "properties": {"id": "8J6J42WJ+8F7V", "height": 4.477140426635742, "hmax": 0.002, "ratio": 0.0, "vulnClass": "none"}}, {"type": "Feature", "geometry": {"type": "MultiPolygon", "coordinates": [[[[72.03111639, 34.14587472], [72.03111403, 34.14571091], [72.03107993, 34.14571125], [72.03108032, 34.14573842], [72.03105407, 34.14573868], [72.03105423, 34.14574931], [72.03100817, 34.14574977], [72.03100997, 34.14587578], [72.03111639, 34.14587472]]]]}, "properties": {"id": "8J6J42WJ+8CG2", "height": 4.477140426635742, "hmax": 0.002, "ratio": 0.0, "vulnClass": "none"}}, {"type": "Feature", "geometry": {"type": "MultiPolygon", "coordinates": [[[[72.0308067, 34.145714], [72.030809, 34.1458778], [72.03101, 34.1458758], [72.0310082, 34.1457498], [72.0309534, 34.1457503], [72.0309533, 34.1457397], [72.0309834, 34.1457394], [72.030983, 34.1457122], [72.0308067, 34.145714]]]]}, "properties": {"id": "8J6J42WJ+896X", "height": 4.579988479614258, "hmax": 0.002, "ratio": 0.0, "vulnClass": "none"}}, {"type": "Feature", "geometry": {"type": "MultiPolygon", "coordinates": [[[[72.03124513, 34.14589864], [72.03115108, 34.14589858], [72.03115091, 34.14607891], [72.03119319, 34.14607894], [72.03119317, 34.14610787], [72.03124494, 34.1461079], [72.03124513, 34.14589864]]]]}, "properties": {"id": "8J6J42WJ+9FWV", "height": 3.266042232513428, "hmax": 0.002, "ratio": 0.001, "vulnClass": "none"}}, {"type": "Feature", "geometry": {"type": "MultiPolygon", "coordinates": [[[[72.03115102, 34.14596247], [72.03106538, 34.14596241], [72.03106531, 34.14604286], [72.03115095, 34.14604292], [72.03115102, 34.14596247]]]]}, "properties": {"id": "8J6J42WJ+CC53", "height": 2.961147546768188, "hmax": 0.002, "ratio": 0.001, "vulnClass": "none"}}, {"type": "Feature", "geometry": {"type": "MultiPolygon", "coordinates": [[[[72.0310249, 34.1459048], [72.0309247, 34.1459071], [72.0309314, 34.1461118], [72.0310317, 34.1461095], [72.0310296, 34.1460474], [72.03101, 34.1460479], [72.0310092, 34.1460233], [72.0310288, 34.1460229], [72.0310249, 34.1459048]]]]}, "properties": {"id": "8J6J42WJ+C957", "height": 3.315003871917725, "hmax": 0.002, "ratio": 0.001, "vulnClass": "none"}}, {"type": "Feature", "geometry": {"type": "MultiPolygon", "coordinates": [[[[72.0309258, 34.14591499], [72.03081236, 34.14591492], [72.03081223, 34.146053], [72.0308787, 34.14605304], [72.03087868, 34.14607874], [72.03085015, 34.14607872], [72.03085013, 34.14610765], [72.03092562, 34.1461077], [72.0309258, 34.14591499]]]]}, "properties": {"id": "8J6J42WJ+C855", "height": 3.926559448242188, "hmax": 0.002, "ratio": 0.001, "vulnClass": "none"}}, {"type": "Feature", "geometry": {"type": "MultiPolygon", "coordinates": [[[[72.03070871, 34.145928], [72.03058475, 34.14593362], [72.03059522, 34.14609322], [72.03071919, 34.1460876], [72.03070871, 34.145928]]]]}, "properties": {"id": "8J6J42WJ+C72H", "height": 3.146017074584961, "hmax": 0.002, "ratio": 0.001, "vulnClass": "none"}}, {"type": "Feature", "geometry": {"type": "MultiPolygon", "coordinates": [[[[72.03051345, 34.1458899], [72.03044259, 34.14588994], [72.03044263, 34.14594215], [72.03051349, 34.14594212], [72.03051345, 34.1458899]]]]}, "properties": {"id": "8J6J42WJ+959M", "height": 4.138748168945312, "hmax": 0.022, "ratio": 0.005, "vulnClass": "none"}}, {"type": "Feature", "geometry": {"type": "MultiPolygon", "coordinates": [[[[72.0303643, 34.14594], [72.0303612, 34.1461079], [72.0305511, 34.1461103], [72.0305542, 34.1459424], [72.0303643, 34.14594]]]]}, "properties": {"id": "8J6J42WJ+C584", "height": 3.925442695617676, "hmax": 0.019, "ratio": 0.005, "vulnClass": "none"}}, {"type": "Feature", "geometry": {"type": "MultiPolygon", "coordinates": [[[[72.03051957, 34.14624965], [72.03046183, 34.14625027], [72.03046289, 34.14631836], [72.03049019, 34.14631807], [72.03049182, 34.14642348], [72.03068257, 34.14642144], [72.03067987, 34.14624793], [72.03055925, 34.14624923], [72.03055885, 34.14622303], [72.03051917, 34.14622345], [72.03051957, 34.14624965]]]]}, "properties": {"id": "8J6J42WJ+G6P8", "height": 5.756135940551758, "hmax": 0.005, "ratio": 0.001, "vulnClass": "none"}}, {"type": "Feature", "geometry": {"type": "MultiPolygon", "coordinates": [[[[72.03080324, 34.14623439], [72.03069616, 34.14623762], [72.03070401, 34.14641716], [72.03081108, 34.14641392], [72.03080324, 34.14623439]]]]}, "properties": {"id": "8J6J42WJ+G8J2", "height": 5.143247127532959, "hmax": 0.002, "ratio": 0.0, "vulnClass": "none"}}, {"type": "Feature", "geometry": {"type": "MultiPolygon", "coordinates": [[[[72.03111645, 34.1460429], [72.03102126, 34.14604283], [72.0310212, 34.14610776], [72.03111639, 34.14610782], [72.03111645, 34.1460429]]]]}, "properties": {"id": "8J6J42WJ+CCP2", "height": 2.961147546768188, "hmax": 0.002, "ratio": 0.001, "vulnClass": "none"}}, {"type": "Feature", "geometry": {"type": "MultiPolygon", "coordinates": [[[[72.03091267, 34.14623108], [72.03083638, 34.14623339], [72.03084146, 34.14634976], [72.03080832, 34.14635076], [72.03081108, 34.14641392], [72.03092051, 34.14641062], [72.03091267, 34.14623108]]]]}, "properties": {"id": "8J6J42WJ+G8Q5", "height": 4.33421516418457, "hmax": 0.002, "ratio": 0.001, "vulnClass": "none"}}, {"type": "Feature", "geometry": {"type": "MultiPolygon", "coordinates": [[[[72.03102323, 34.14624453], [72.03091478, 34.1462456], [72.03091721, 34.1464156], [72.03102566, 34.14641453], [72.03102323, 34.14624453]]]]}, "properties": {"id": "8J6J42WJ+G9Q6", "height": 4.069235324859619, "hmax": 0.002, "ratio": 0.001, "vulnClass": "none"}}, {"type": "Feature", "geometry": {"type": "MultiPolygon", "coordinates": [[[[72.0311273, 34.1464135], [72.0311249, 34.1462435], [72.0310232, 34.1462445], [72.0310257, 34.1464145], [72.0311273, 34.1464135]]]]}, "properties": {"id": "8J6J42WJ+GCP3", "height": 4.069235324859619, "hmax": 0.002, "ratio": 0.001, "vulnClass": "none"}}, {"type": "Feature", "geometry": {"type": "MultiPolygon", "coordinates": [[[[72.03135363, 34.14628436], [72.03124552, 34.14628639], [72.03124897, 34.14641376], [72.03135708, 34.14641173], [72.03135363, 34.14628436]]]]}, "properties": {"id": "8J6J42WJ+GGMW", "height": 5.192956447601318, "hmax": 0.002, "ratio": 0.0, "vulnClass": "none"}}, {"type": "Feature", "geometry": {"type": "MultiPolygon", "coordinates": [[[[72.03123521, 34.14644227], [72.03116031, 34.1464439], [72.03116434, 34.14657187], [72.03126404, 34.1465697], [72.03126054, 34.14645866], [72.03123575, 34.1464592], [72.03123521, 34.14644227]]]]}, "properties": {"id": "8J6J42WJ+JF49", "height": 3.427716970443726, "hmax": 0.002, "ratio": 0.001, "vulnClass": "none"}}, {"type": "Feature", "geometry": {"type": "MultiPolygon", "coordinates": [[[[72.03116377, 34.14655375], [72.03116031, 34.1464439], [72.03106822, 34.14644591], [72.03107225, 34.14657388], [72.03111586, 34.14657293], [72.03111529, 34.1465548], [72.03116377, 34.14655375]]]]}, "properties": {"id": "8J6J42WJ+JC54", "height": 3.391342163085938, "hmax": 0.002, "ratio": 0.001, "vulnClass": "none"}}, {"type": "Feature", "geometry": {"type": "MultiPolygon", "coordinates": [[[[72.03107172, 34.14657411], [72.0310712, 34.14645495], [72.0309536, 34.14645531], [72.03095422, 34.14659634], [72.03100594, 34.14659618], [72.03100584, 34.14657431], [72.03107172, 34.14657411]]]]}, "properties": {"id": "8J6J42WJ+JC2M", "height": 2.762233734130859, "hmax": 0.002, "ratio": 0.001, "vulnClass": "none"}}, {"type": "Feature", "geometry": {"type": "MultiPolygon", "coordinates": [[[[72.0309536, 34.14645531], [72.03086658, 34.14645557], [72.0308672, 34.1465966], [72.03095422, 34.14659634], [72.0309536, 34.14645531]]]]}, "properties": {"id": "8J6J42WJ+J972", "height": 3.209796190261841, "hmax": 0.002, "ratio": 0.001, "vulnClass": "none"}}, {"type": "Feature", "geometry": {"type": "MultiPolygon", "coordinates": [[[[72.03086786, 34.14645584], [72.03079083, 34.14645508], [72.03078891, 34.14658879], [72.03086594, 34.14658956], [72.03086786, 34.14645584]]]]}, "properties": {"id": "8J6J42WJ+J84W", "height": 3.209796190261841, "hmax": 0.002, "ratio": 0.001, "vulnClass": "none"}}, {"type": "Feature", "geometry": {"type": "MultiPolygon", "coordinates": [[[[72.03077604, 34.14644986], [72.03067329, 34.14645886], [72.03068627, 34.14656135], [72.03076705, 34.14655428], [72.03077119, 34.14658699], [72.03079316, 34.14658507], [72.03077604, 34.14644986]]]]}, "properties": {"id": "8J6J42WJ+J757", "height": 4.334768295288086, "hmax": 0.002, "ratio": 0.001, "vulnClass": "none"}}, {"type": "Feature", "geometry": {"type": "MultiPolygon", "coordinates": [[[[72.0306678, 34.14645172], [72.03057789, 34.14645847], [72.03058621, 34.14653509], [72.03063106, 34.14653172], [72.03063696, 34.14658612], [72.03068202, 34.14658273], [72.0306678, 34.14645172]]]]}, "properties": {"id": "8J6J42WJ+J72F", "height": 3.965230703353882, "hmax": 0.002, "ratio": 0.001, "vulnClass": "none"}}, {"type": "Feature", "geometry": {"type": "MultiPolygon", "coordinates": [[[[72.03048677, 34.14646774], [72.03040156, 34.14646689], [72.03039959, 34.14660387], [72.0304848, 34.14660471], [72.03048539, 34.14656362], [72.03055569, 34.14656431], [72.03055538, 34.14658648], [72.030627, 34.14658719], [72.03062762, 34.14654426], [72.03057752, 34.14654376], [72.03057882, 34.14645297], [72.030487, 34.14645206], [72.03048677, 34.14646774]]]]}, "properties": {"id": "8J6J42WJ+J595", "height": 4.535026550292969, "hmax": 0.014, "ratio": 0.003, "vulnClass": "none"}}, {"type": "Feature", "geometry": {"type": "MultiPolygon", "coordinates": [[[[72.029819, 34.14604529], [72.02972322, 34.14604456], [72.02972235, 34.14612362], [72.02981813, 34.14612435], [72.029819, 34.14604529]]]]}, "properties": {"id": "8J6J42WH+CWJ8", "height": 4.770103454589844, "hmax": 0.022, "ratio": 0.005, "vulnClass": "none"}}, {"type": "Feature", "geometry": {"type": "MultiPolygon", "coordinates": [[[[72.0286464, 34.1461864], [72.02837, 34.1461876], [72.0283741, 34.1468666], [72.0286506, 34.1468654], [72.0286464, 34.1461864]]]]}, "properties": {"id": "8J6J42WH+JC63", "height": 4.113089084625244, "hmax": 0.522, "ratio": 0.127, "vulnClass": "low"}}, {"type": "Feature", "geometry": {"type": "MultiPolygon", "coordinates": [[[[72.0292718, 34.1459641], [72.0292753, 34.1461291], [72.0294789, 34.1461262], [72.0294754, 34.1459611], [72.0292718, 34.1459641]]]]}, "properties": {"id": "8J6J42WH+CQ6R", "height": 4.774326324462891, "hmax": 0.345, "ratio": 0.072, "vulnClass": "low"}}, {"type": "Feature", "geometry": {"type": "MultiPolygon", "coordinates": [[[[72.02926157, 34.14595137], [72.02926012, 34.14591144], [72.02915334, 34.14591413], [72.0291548, 34.14595406], [72.02926157, 34.14595137]]]]}, "properties": {"id": "8J6J42WH+9MG8", "height": 4.277764320373535, "hmax": 0.413, "ratio": 0.097, "vulnClass": "low"}}, {"type": "Feature", "geometry": {"type": "MultiPolygon", "coordinates": [[[[72.0294433, 34.1457967], [72.0294411, 34.1457324], [72.029351, 34.1457344], [72.0293531, 34.1457987], [72.0292912, 34.1458001], [72.0292947, 34.1459072], [72.0294029, 34.1459047], [72.0293994, 34.1457977], [72.0294433, 34.1457967]]]]}, "properties": {"id": "8J6J42WH+8PHW", "height": 3.083366632461548, "hmax": 0.413, "ratio": 0.134, "vulnClass": "low"}}, {"type": "Feature", "geometry": {"type": "MultiPolygon", "coordinates": [[[[72.02928908, 34.14573582], [72.02917068, 34.1457385], [72.02917631, 34.14590986], [72.02929471, 34.14590717], [72.02928908, 34.14573582]]]]}, "properties": {"id": "8J6J42WH+8MHV", "height": 4.603024482727051, "hmax": 0.413, "ratio": 0.09, "vulnClass": "low"}}, {"type": "Feature", "geometry": {"type": "MultiPolygon", "coordinates": [[[[72.02903262, 34.14560776], [72.02903241, 34.14554238], [72.02897923, 34.1455425], [72.02897945, 34.14560788], [72.02903262, 34.14560776]]]]}, "properties": {"id": "8J6J42WH+6JJ2", "height": 3.035998344421387, "hmax": 0.121, "ratio": 0.04, "vulnClass": "none"}}, {"type": "Feature", "geometry": {"type": "MultiPolygon", "coordinates": [[[[72.02852847, 34.1455467], [72.02843518, 34.14554678], [72.02843529, 34.14563415], [72.02848688, 34.14563411], [72.02848686, 34.14561365], [72.02852856, 34.14561361], [72.02852847, 34.1455467]]]]}, "properties": {"id": "8J6J42WH+69QF", "height": 3.107460975646973, "hmax": 0.121, "ratio": 0.039, "vulnClass": "none"}}, {"type": "Feature", "geometry": {"type": "MultiPolygon", "coordinates": [[[[72.02777171, 34.14731058], [72.02771788, 34.14731156], [72.02771965, 34.14737913], [72.02777348, 34.14737816], [72.02777171, 34.14731058]]]]}, "properties": {"id": "8J6J42WH+W3QQ", "height": 2.639488935470581, "hmax": 1.096, "ratio": 0.415, "vulnClass": "moderate"}}, {"type": "Feature", "geometry": {"type": "MultiPolygon", "coordinates": [[[[72.02932836, 34.14726804], [72.02932652, 34.14722423], [72.02922068, 34.1472273], [72.02922252, 34.14727111], [72.02932836, 34.14726804]]]]}, "properties": {"id": "8J6J42WH+VPRX", "height": 3.264747619628906, "hmax": 0.682, "ratio": 0.209, "vulnClass": "low"}}, {"type": "Feature", "geometry": {"type": "MultiPolygon", "coordinates": [[[[72.02907764, 34.14674364], [72.02886736, 34.14674717], [72.02887, 34.14685578], [72.02908027, 34.14685225], [72.02907764, 34.14674364]]]]}, "properties": {"id": "8J6J42WH+PH9R", "height": 4.174811363220215, "hmax": 0.682, "ratio": 0.163, "vulnClass": "low"}}, {"type": "Feature", "geometry": {"type": "MultiPolygon", "coordinates": [[[[72.02884642, 34.14685821], [72.02884337, 34.14677593], [72.0287729, 34.14677773], [72.02877595, 34.14686001], [72.02884642, 34.14685821]]]]}, "properties": {"id": "8J6J42WH+PGFQ", "height": 3.705104827880859, "hmax": 0.682, "ratio": 0.184, "vulnClass": "low"}}, {"type": "Feature", "geometry": {"type": "MultiPolygon", "coordinates": [[[[72.02874983, 34.14669592], [72.02869838, 34.14669623], [72.02869876, 34.14673936], [72.02875021, 34.14673905], [72.02874983, 34.14669592]]]]}, "properties": {"id": "8J6J42WH+MFQJ", "height": 3.131373882293701, "hmax": 0.682, "ratio": 0.218, "vulnClass": "low"}}, {"type": "Feature", "geometry": {"type": "MultiPolygon", "coordinates": [[[[72.02872714, 34.1465803], [72.02868229, 34.14658022], [72.028682, 34.14668785], [72.02872685, 34.14668794], [72.02872714, 34.1465803]]]]}, "properties": {"id": "8J6J42WH+MF48", "height": 3.168713092803955, "hmax": 0.643, "ratio": 0.203, "vulnClass": "low"}}, {"type": "Feature", "geometry": {"type": "MultiPolygon", "coordinates": [[[[72.02902366, 34.14659979], [72.02883708, 34.14654227], [72.02878157, 34.14666673], [72.02888513, 34.14669865], [72.02887494, 34.1467215], [72.02893719, 34.14674069], [72.02894738, 34.14671784], [72.02896825, 34.14672428], [72.02902366, 34.14659979]]]]}, "properties": {"id": "8J6J42WH+MH2H", "height": 4.430011749267578, "hmax": 0.621, "ratio": 0.14, "vulnClass": "low"}}, {"type": "Feature", "geometry": {"type": "MultiPolygon", "coordinates": [[[[72.03058282, 34.1467187], [72.03038719, 34.14671874], [72.03038722, 34.14683424], [72.03058285, 34.1468342], [72.03058282, 34.1467187]]]]}, "properties": {"id": "8J6J42WJ+P594", "height": 4.877230167388916, "hmax": 0.052, "ratio": 0.011, "vulnClass": "none"}}, {"type": "Feature", "geometry": {"type": "MultiPolygon", "coordinates": [[[[72.030644, 34.1466981], [72.0306161, 34.1466981], [72.0306161, 34.1467187], [72.0305828, 34.1467187], [72.0305829, 34.1468558], [72.0306823, 34.1468557], [72.0306823, 34.1467187], [72.030644, 34.1467187], [72.030644, 34.1466981]]]]}, "properties": {"id": "8J6J42WJ+P766", "height": 4.560744762420654, "hmax": 0.001, "ratio": 0.0, "vulnClass": "none"}}, {"type": "Feature", "geometry": {"type": "MultiPolygon", "coordinates": [[[[72.03078273, 34.14671866], [72.03068229, 34.14671868], [72.03068232, 34.1468226], [72.03078276, 34.14682258], [72.03078276, 34.14683416], [72.03087305, 34.14683414], [72.030873, 34.14669804], [72.03078272, 34.14669806], [72.03078273, 34.14671866]]]]}, "properties": {"id": "8J6J42WJ+P83J", "height": 4.411740303039551, "hmax": 0.001, "ratio": 0.0, "vulnClass": "none"}}, {"type": "Feature", "geometry": {"type": "MultiPolygon", "coordinates": [[[[72.03126758, 34.1466956], [72.03116444, 34.1466957], [72.03116462, 34.14682449], [72.03126776, 34.14682439], [72.03126758, 34.1466956]]]]}, "properties": {"id": "8J6J42WJ+PF4H", "height": 4.334322929382324, "hmax": 0.001, "ratio": 0.0, "vulnClass": "none"}}, {"type": "Feature", "geometry": {"type": "MultiPolygon", "coordinates": [[[[72.0309927, 34.1466959], [72.0309573, 34.1466959], [72.0309574, 34.1468247], [72.0311288, 34.1468245], [72.0311288, 34.1468439], [72.0311646, 34.1468439], [72.0311645, 34.1467233], [72.0309927, 34.1467235], [72.0309927, 34.1466959]]]]}, "properties": {"id": "8J6J42WJ+PC3X", "height": 4.350637435913086, "hmax": 0.001, "ratio": 0.0, "vulnClass": "none"}}, {"type": "Feature", "geometry": {"type": "MultiPolygon", "coordinates": [[[[72.03110444, 34.14687007], [72.03103005, 34.14687063], [72.0310311, 34.14696844], [72.03114099, 34.14696762], [72.03114035, 34.14690799], [72.03110485, 34.14690826], [72.03110444, 34.14687007]]]]}, "properties": {"id": "8J6J42WJ+QC8W", "height": 3.141042709350586, "hmax": 0.001, "ratio": 0.0, "vulnClass": "none"}}, {"type": "Feature", "geometry": {"type": "MultiPolygon", "coordinates": [[[[72.03125652, 34.14701228], [72.03125217, 34.1468575], [72.03115663, 34.14685935], [72.03116098, 34.14701414], [72.03125652, 34.14701228]]]]}, "properties": {"id": "8J6J42WJ+QFGG", "height": 4.271320343017578, "hmax": 0.001, "ratio": 0.0, "vulnClass": "none"}}, {"type": "Feature", "geometry": {"type": "MultiPolygon", "coordinates": [[[[72.03113294, 34.14704222], [72.03113215, 34.14696362], [72.03103916, 34.14696427], [72.03103995, 34.14704286], [72.03113294, 34.14704222]]]]}, "properties": {"id": "8J6J42WJ+RC45", "height": 3.240477800369263, "hmax": 0.001, "ratio": 0.0, "vulnClass": "none"}}, {"type": "Feature", "geometry": {"type": "MultiPolygon", "coordinates": [[[[72.03092327, 34.14685683], [72.03080487, 34.14685816], [72.03080813, 34.14705812], [72.03084993, 34.14705765], [72.03084967, 34.1470418], [72.03097762, 34.14704036], [72.03097788, 34.1470562], [72.03101506, 34.14705578], [72.03101262, 34.14690649], [72.0309241, 34.14690749], [72.03092327, 34.14685683]]]]}, "properties": {"id": "8J6J42WJ+Q9JH", "height": 5.162549495697021, "hmax": 0.001, "ratio": 0.0, "vulnClass": "none"}}, {"type": "Feature", "geometry": {"type": "MultiPolygon", "coordinates": [[[[72.03070918, 34.14685572], [72.03061615, 34.14685574], [72.03061619, 34.14700064], [72.03070922, 34.14700062], [72.03070918, 34.14685572]]]]}, "properties": {"id": "8J6J42WJ+Q7F2", "height": 4.013862609863281, "hmax": 0.001, "ratio": 0.0, "vulnClass": "none"}}, {"type": "Feature", "geometry": {"type": "MultiPolygon", "coordinates": [[[[72.03048763, 34.14689642], [72.03038329, 34.14689872], [72.03038729, 34.14702397], [72.03049163, 34.14702167], [72.03048763, 34.14689642]]]]}, "properties": {"id": "8J6J42WJ+Q5MH", "height": 4.368211269378662, "hmax": 0.09, "ratio": 0.021, "vulnClass": "none"}}, {"type": "Feature", "geometry": {"type": "MultiPolygon", "coordinates": [[[[72.03055558, 34.14686097], [72.03047194, 34.14686192], [72.03047242, 34.14689105], [72.03055605, 34.14689011], [72.03055558, 34.14686097]]]]}, "properties": {"id": "8J6J42WJ+Q623", "height": 4.891445636749268, "hmax": 0.027, "ratio": 0.006, "vulnClass": "none"}}, {"type": "Feature", "geometry": {"type": "MultiPolygon", "coordinates": [[[[72.03058287, 34.14689379], [72.03051025, 34.1468938], [72.03051025, 34.14691675], [72.03058288, 34.14691673], [72.03058287, 34.14689379]]]]}, "properties": {"id": "8J6J42WJ+Q677", "height": 2.51754093170166, "hmax": 0.001, "ratio": 0.0, "vulnClass": "none"}}, {"type": "Feature", "geometry": {"type": "MultiPolygon", "coordinates": [[[[72.03058288, 34.14694295], [72.03058288, 34.14691673], [72.03051025, 34.14691675], [72.03051029, 34.14704152], [72.0306162, 34.1470415], [72.03061617, 34.14694294], [72.03058288, 34.14694295]]]]}, "properties": {"id": "8J6J42WJ+Q6V9", "height": 3.561880826950073, "hmax": 0.001, "ratio": 0.0, "vulnClass": "none"}}, {"type": "Feature", "geometry": {"type": "MultiPolygon", "coordinates": [[[[72.0305085, 34.1472024], [72.0303972, 34.147205], [72.0304028, 34.1473725], [72.0305141, 34.14737], [72.0305085, 34.1472024]]]]}, "properties": {"id": "8J6J42WJ+W58G", "height": 5.989757537841797, "hmax": 0.067, "ratio": 0.011, "vulnClass": "none"}}, {"type": "Feature", "geometry": {"type": "MultiPolygon", "coordinates": [[[[72.0306184, 34.14719945], [72.03051013, 34.1472028], [72.03051736, 34.14736416], [72.03062563, 34.1473608], [72.0306184, 34.14719945]]]]}, "properties": {"id": "8J6J42WJ+W686", "height": 4.862297534942627, "hmax": 0.001, "ratio": 0.0, "vulnClass": "none"}}, {"type": "Feature", "geometry": {"type": "MultiPolygon", "coordinates": [[[[72.03061619, 34.14700064], [72.03061621, 34.14705871], [72.03070924, 34.14705869], [72.03070922, 34.14700062], [72.03061619, 34.14700064]]]]}, "properties": {"id": "8J6J42WJ+R772", "height": 3.63114595413208, "hmax": 0.001, "ratio": 0.0, "vulnClass": "none"}}, {"type": "Feature", "geometry": {"type": "MultiPolygon", "coordinates": [[[[72.03078282, 34.14702469], [72.03070923, 34.14702471], [72.03070925, 34.14708523], [72.03078284, 34.14708521], [72.03078282, 34.14702469]]]]}, "properties": {"id": "8J6J42WJ+R7H5", "height": 3.449311256408691, "hmax": 0.001, "ratio": 0.0, "vulnClass": "none"}}, {"type": "Feature", "geometry": {"type": "MultiPolygon", "coordinates": [[[[72.03122994, 34.14701928], [72.03113146, 34.14701678], [72.03112872, 34.14709131], [72.03122721, 34.14709381], [72.03122994, 34.14701928]]]]}, "properties": {"id": "8J6J42WJ+RFF8", "height": 2.813746452331543, "hmax": 0.001, "ratio": 0.0, "vulnClass": "none"}}, {"type": "Feature", "geometry": {"type": "MultiPolygon", "coordinates": [[[[72.03127145, 34.14717923], [72.03116338, 34.14718257], [72.03116986, 34.14732713], [72.03127792, 34.14732378], [72.03127145, 34.14717923]]]]}, "properties": {"id": "8J6J42WJ+WF52", "height": 4.979221820831299, "hmax": 0.001, "ratio": 0.0, "vulnClass": "none"}}, {"type": "Feature", "geometry": {"type": "MultiPolygon", "coordinates": [[[[72.0309441, 34.1472032], [72.0309452, 34.1473595], [72.0311438, 34.1473585], [72.0311428, 34.1472334], [72.0310798, 34.1472337], [72.0310795, 34.1472026], [72.0309441, 34.1472032]]]]}, "properties": {"id": "8J6J42WJ+WC7F", "height": 5.535068511962891, "hmax": 0.001, "ratio": 0.0, "vulnClass": "none"}}, {"type": "Feature", "geometry": {"type": "MultiPolygon", "coordinates": [[[[72.0309128, 34.1471833], [72.0308199, 34.1471838], [72.0308202, 34.1472282], [72.0308402, 34.1472281], [72.0308412, 34.14736], [72.0309452, 34.1473595], [72.0309443, 34.1472344], [72.0309132, 34.1472346], [72.0309128, 34.1471833]]]]}, "properties": {"id": "8J6J42WJ+W92V", "height": 5.687097549438477, "hmax": 0.001, "ratio": 0.0, "vulnClass": "none"}}, {"type": "Feature", "geometry": {"type": "MultiPolygon", "coordinates": [[[[72.03125167, 34.14735992], [72.03125013, 34.147331], [72.0311462, 34.14733483], [72.03114774, 34.14736374], [72.03125167, 34.14735992]]]]}, "properties": {"id": "8J6J42WJ+WFPV", "height": 4.654170036315918, "hmax": 0.001, "ratio": 0.0, "vulnClass": "none"}}, {"type": "Feature", "geometry": {"type": "MultiPolygon", "coordinates": [[[[72.03117155, 34.14756077], [72.03116813, 34.14739241], [72.03107842, 34.14739367], [72.03108113, 34.14752683], [72.03112441, 34.14752622], [72.03112513, 34.14756142], [72.03117155, 34.14756077]]]]}, "properties": {"id": "8J6J42WJ+XFJJ", "height": 2.588796854019165, "hmax": 0.002, "ratio": 0.001, "vulnClass": "none"}}, {"type": "Feature", "geometry": {"type": "MultiPolygon", "coordinates": [[[[72.03107842, 34.14739367], [72.03096325, 34.14739529], [72.03096596, 34.14752844], [72.03108113, 34.14752683], [72.03107842, 34.14739367]]]]}, "properties": {"id": "8J6J42WJ+XCJG", "height": 3.421378612518311, "hmax": 0.001, "ratio": 0.0, "vulnClass": "none"}}, {"type": "Feature", "geometry": {"type": "MultiPolygon", "coordinates": [[[[72.03072284, 34.14740076], [72.03058205, 34.14740868], [72.03058899, 34.14748952], [72.03062278, 34.14748762], [72.03062828, 34.14755171], [72.03067417, 34.14754899], [72.03067699, 34.14758182], [72.03072395, 34.14757918], [72.03071862, 34.1475171], [72.03073276, 34.14751627], [72.03072284, 34.14740076]]]]}, "properties": {"id": "8J6J42WJ+X7V3", "height": 3.528796195983887, "hmax": 0.002, "ratio": 0.001, "vulnClass": "none"}}, {"type": "Feature", "geometry": {"type": "MultiPolygon", "coordinates": [[[[72.0309164, 34.1474028], [72.0307462, 34.1473985], [72.030741, 34.1475417], [72.0307942, 34.1475431], [72.0307929, 34.1475779], [72.0309099, 34.1475809], [72.0309126, 34.1475061], [72.0309449, 34.1475069], [72.030947, 34.1474492], [72.0309147, 34.1474484], [72.0309164, 34.1474028]]]]}, "properties": {"id": "8J6J42WJ+X8W9", "height": 3.868405342102051, "hmax": 0.002, "ratio": 0.001, "vulnClass": "none"}}, {"type": "Feature", "geometry": {"type": "MultiPolygon", "coordinates": [[[[72.03083719, 34.14722781], [72.03072839, 34.14723118], [72.03073404, 34.14735745], [72.03084285, 34.14735408], [72.03083719, 34.14722781]]]]}, "properties": {"id": "8J6J42WJ+W87J", "height": 4.852578163146973, "hmax": 0.001, "ratio": 0.0, "vulnClass": "none"}}, {"type": "Feature", "geometry": {"type": "MultiPolygon", "coordinates": [[[[72.03072561, 34.147221], [72.03061805, 34.14722348], [72.03062257, 34.14735879], [72.03073013, 34.14735631], [72.03072561, 34.147221]]]]}, "properties": {"id": "8J6J42WJ+W77G", "height": 5.110306739807129, "hmax": 0.001, "ratio": 0.0, "vulnClass": "none"}}, {"type": "Feature", "geometry": {"type": "MultiPolygon", "coordinates": [[[[72.0303962, 34.1474191], [72.0304106, 34.1475968], [72.0306311, 34.1475844], [72.0306228, 34.1474876], [72.030589, 34.1474895], [72.030582, 34.1474087], [72.0303962, 34.1474191]]]]}, "properties": {"id": "8J6J42XJ+2626", "height": 3.312133550643921, "hmax": 0.03, "ratio": 0.009, "vulnClass": "none"}}, {"type": "Feature", "geometry": {"type": "MultiPolygon", "coordinates": [[[[72.03029495, 34.1474136], [72.03008844, 34.14741848], [72.03009312, 34.14755524], [72.030183, 34.14755311], [72.03018457, 34.14759907], [72.0303012, 34.14759631], [72.03029495, 34.1474136]]]]}, "properties": {"id": "8J6J42WJ+X3WV", "height": 3.956108570098877, "hmax": 0.08, "ratio": 0.02, "vulnClass": "none"}}, {"type": "Feature", "geometry": {"type": "MultiPolygon", "coordinates": [[[[72.02998563, 34.14741983], [72.02987814, 34.14741885], [72.0298767, 34.14752768], [72.02998419, 34.14752866], [72.02998563, 34.14741983]]]]}, "properties": {"id": "8J6J42WH+XXMX", "height": 2.650312423706055, "hmax": 0.089, "ratio": 0.034, "vulnClass": "none"}}, {"type": "Feature", "geometry": {"type": "MultiPolygon", "coordinates": [[[[72.03008485, 34.14724396], [72.02998142, 34.14724377], [72.02998111, 34.14736463], [72.03008454, 34.14736482], [72.03008485, 34.14724396]]]]}, "properties": {"id": "8J6J42WJ+W2F2", "height": 5.311062335968018, "hmax": 0.09, "ratio": 0.017, "vulnClass": "none"}}, {"type": "Feature", "geometry": {"type": "MultiPolygon", "coordinates": [[[[72.0301956, 34.14737458], [72.03019136, 34.14723849], [72.03008374, 34.14724081], [72.03008798, 34.1473769], [72.0301956, 34.14737458]]]]}, "properties": {"id": "8J6J42WJ+W3C7", "height": 4.861369609832764, "hmax": 0.09, "ratio": 0.019, "vulnClass": "none"}}, {"type": "Feature", "geometry": {"type": "MultiPolygon", "coordinates": [[[[72.03028809, 34.14733276], [72.03019356, 34.14733259], [72.03019344, 34.14737987], [72.03028797, 34.14738004], [72.03028809, 34.14733276]]]]}, "properties": {"id": "8J6J42WJ+W3X8", "height": 4.166304588317871, "hmax": 0.09, "ratio": 0.022, "vulnClass": "none"}}, {"type": "Feature", "geometry": {"type": "MultiPolygon", "coordinates": [[[[72.03029398, 34.14718933], [72.0301899, 34.14719157], [72.03019416, 34.14732823], [72.03029824, 34.14732599], [72.03029398, 34.14718933]]]]}, "properties": {"id": "8J6J42WJ+W359", "height": 4.166304588317871, "hmax": 0.09, "ratio": 0.022, "vulnClass": "none"}}, {"type": "Feature", "geometry": {"type": "MultiPolygon", "coordinates": [[[[72.02986672, 34.14720738], [72.02975777, 34.14721146], [72.02976688, 34.14737946], [72.02987584, 34.14737538], [72.02986672, 34.14720738]]]]}, "properties": {"id": "8J6J42WH+WW8J", "height": 3.752130746841431, "hmax": 0.09, "ratio": 0.024, "vulnClass": "none"}}, {"type": "Feature", "geometry": {"type": "MultiPolygon", "coordinates": [[[[72.02975777, 34.14721146], [72.02963855, 34.14721594], [72.02964637, 34.14735997], [72.02976558, 34.1473555], [72.02975777, 34.14721146]]]]}, "properties": {"id": "8J6J42WH+WV8F", "height": 3.998193979263306, "hmax": 0.09, "ratio": 0.022, "vulnClass": "none"}}, {"type": "Feature", "geometry": {"type": "MultiPolygon", "coordinates": [[[[72.02988157, 34.14759809], [72.02987686, 34.14741575], [72.02976891, 34.14741768], [72.02977186, 34.14753183], [72.02982137, 34.14753094], [72.02982313, 34.14759913], [72.02988157, 34.14759809]]]]}, "properties": {"id": "8J6J42WH+XWWW", "height": 2.775207996368408, "hmax": 0.079, "ratio": 0.029, "vulnClass": "none"}}, {"type": "Feature", "geometry": {"type": "MultiPolygon", "coordinates": [[[[72.02973565, 34.14744857], [72.02966739, 34.14744979], [72.02967071, 34.14757821], [72.02971267, 34.14757746], [72.02971328, 34.14760109], [72.02977362, 34.14760002], [72.02977045, 34.14747735], [72.02973641, 34.14747796], [72.02973565, 34.14744857]]]]}, "properties": {"id": "8J6J42XH+2V5R", "height": 3.356915235519409, "hmax": 0.071, "ratio": 0.021, "vulnClass": "none"}}, {"type": "Feature", "geometry": {"type": "MultiPolygon", "coordinates": [[[[72.02965073, 34.14744041], [72.02954529, 34.14744436], [72.02955401, 34.14760506], [72.02965945, 34.14760111], [72.02965073, 34.14744041]]]]}, "properties": {"id": "8J6J42XH+2R5V", "height": 4.064313411712646, "hmax": 0.071, "ratio": 0.018, "vulnClass": "none"}}, {"type": "Feature", "geometry": {"type": "MultiPolygon", "coordinates": [[[[72.02952772, 34.1474355], [72.02943047, 34.14744361], [72.02945127, 34.14761618], [72.02954853, 34.14760807], [72.02952772, 34.1474355]]]]}, "properties": {"id": "8J6J42XH+2Q94", "height": 4.956453323364258, "hmax": 0.07, "ratio": 0.014, "vulnClass": "none"}}, {"type": "Feature", "geometry": {"type": "MultiPolygon", "coordinates": [[[[72.0294813, 34.14775], [72.0293721, 34.1477533], [72.0293797, 34.1479253], [72.0294889, 34.147922], [72.0294813, 34.14775]]]]}, "properties": {"id": "8J6J42XH+4QMH", "height": 5.324580192565918, "hmax": 0.069, "ratio": 0.013, "vulnClass": "none"}}, {"type": "Feature", "geometry": {"type": "MultiPolygon", "coordinates": [[[[72.02958604, 34.14793985], [72.02958095, 34.14782363], [72.02948469, 34.14782654], [72.02948977, 34.14794276], [72.02958604, 34.14793985]]]]}, "properties": {"id": "8J6J42XH+5R36", "height": 2.450905799865723, "hmax": 0.054, "ratio": 0.022, "vulnClass": "none"}}, {"type": "Feature", "geometry": {"type": "MultiPolygon", "coordinates": [[[[72.02969722, 34.1478858], [72.02958382, 34.14788923], [72.02958604, 34.14793985], [72.02969944, 34.14793642], [72.02969722, 34.1478858]]]]}, "properties": {"id": "8J6J42XH+5V6G", "height": 3.284234762191772, "hmax": 0.054, "ratio": 0.016, "vulnClass": "none"}}, {"type": "Feature", "geometry": {"type": "MultiPolygon", "coordinates": [[[[72.0299436, 34.147957], [72.0297596, 34.1479385], [72.0297448, 34.1480401], [72.0297708, 34.1480427], [72.0297596, 34.1481198], [72.0298546, 34.1481294], [72.029848, 34.1481747], [72.0299109, 34.148181], [72.0299436, 34.147957]]]]}, "properties": {"id": "8J6J42XH+6W9J", "height": 5.075776100158691, "hmax": 0.054, "ratio": 0.011, "vulnClass": "none"}}, {"type": "Feature", "geometry": {"type": "MultiPolygon", "coordinates": [[[[72.02967083, 34.14772442], [72.02962945, 34.14772672], [72.02964271, 34.1478916], [72.02968408, 34.1478893], [72.02967083, 34.14772442]]]]}, "properties": {"id": "8J6J42XH+4VF6", "height": 2.78565788269043, "hmax": 0.054, "ratio": 0.019, "vulnClass": "none"}}, {"type": "Feature", "geometry": {"type": "MultiPolygon", "coordinates": [[[[72.02981677, 34.14790633], [72.02980609, 34.14774639], [72.02971277, 34.1477507], [72.02972345, 34.14791064], [72.02981677, 34.14790633]]]]}, "properties": {"id": "8J6J42XH+4WJ3", "height": 3.579272747039795, "hmax": 0.054, "ratio": 0.015, "vulnClass": "none"}}, {"type": "Feature", "geometry": {"type": "MultiPolygon", "coordinates": [[[[72.02991159, 34.14790195], [72.0299009, 34.14774201], [72.02980609, 34.14774639], [72.02981677, 34.14790633], [72.02991159, 34.14790195]]]]}, "properties": {"id": "8J6J42XH+4WHV", "height": 2.755712509155273, "hmax": 0.054, "ratio": 0.02, "vulnClass": "none"}}, {"type": "Feature", "geometry": {"type": "MultiPolygon", "coordinates": [[[[72.03030163, 34.14804929], [72.03029585, 34.14791839], [72.03017555, 34.14792206], [72.03017591, 34.14793018], [72.03011244, 34.14793212], [72.03011209, 34.14792399], [72.02994907, 34.14792896], [72.02995484, 34.14805986], [72.03001371, 34.14805806], [72.03001637, 34.14811832], [72.03030428, 34.14810955], [72.03030301, 34.14808063], [72.03023935, 34.14808257], [72.03023796, 34.14805123], [72.03030163, 34.14804929]]]]}, "properties": {"id": "8J6J42XJ+632C", "height": 6.198739051818848, "hmax": 0.054, "ratio": 0.009, "vulnClass": "none"}}, {"type": "Feature", "geometry": {"type": "MultiPolygon", "coordinates": [[[[72.03016911, 34.14755344], [72.03009312, 34.14755524], [72.03009469, 34.14760119], [72.03017068, 34.1475994], [72.03016911, 34.14755344]]]]}, "properties": {"id": "8J6J42XJ+23J2", "height": 4.365640640258789, "hmax": 0.054, "ratio": 0.012, "vulnClass": "none"}}, {"type": "Feature", "geometry": {"type": "MultiPolygon", "coordinates": [[[[72.03091697, 34.14755153], [72.03092352, 34.14759387], [72.03102961, 34.14758251], [72.03102305, 34.14754018], [72.03091697, 34.14755153]]]]}, "properties": {"id": "8J6J42XJ+29HJ", "height": 2.517163038253784, "hmax": 0.005, "ratio": 0.002, "vulnClass": "none"}}, {"type": "Feature", "geometry": {"type": "MultiPolygon", "coordinates": [[[[72.03108772, 34.14754877], [72.03105662, 34.14754874], [72.03105658, 34.14757904], [72.03108768, 34.14757907], [72.03108772, 34.14754877]]]]}, "properties": {"id": "8J6J42XJ+2CGF", "height": 2.514684438705444, "hmax": 0.005, "ratio": 0.002, "vulnClass": "none"}}, {"type": "Feature", "geometry": {"type": "MultiPolygon", "coordinates": [[[[72.03118752, 34.14771752], [72.031078, 34.14772459], [72.03109283, 34.14788349], [72.03120235, 34.14787642], [72.03118752, 34.14771752]]]]}, "properties": {"id": "8J6J42XJ+4FC3", "height": 4.349742412567139, "hmax": 0.006, "ratio": 0.001, "vulnClass": "none"}}, {"type": "Feature", "geometry": {"type": "MultiPolygon", "coordinates": [[[[72.03128894, 34.14787084], [72.03127663, 34.14773891], [72.03119003, 34.1477445], [72.03120235, 34.14787642], [72.03128894, 34.14787084]]]]}, "properties": {"id": "8J6J42XJ+4FH8", "height": 2.957577228546143, "hmax": 0.006, "ratio": 0.002, "vulnClass": "none"}}, {"type": "Feature", "geometry": {"type": "MultiPolygon", "coordinates": [[[[72.03141952, 34.14795968], [72.03141821, 34.14790535], [72.03122794, 34.14790853], [72.03123202, 34.14807769], [72.03128898, 34.14807674], [72.03128989, 34.14811436], [72.03139651, 34.14811258], [72.03139283, 34.14796013], [72.03141952, 34.14795968]]]]}, "properties": {"id": "8J6J42XJ+6G42", "height": 5.205677032470703, "hmax": 0.006, "ratio": 0.001, "vulnClass": "none"}}, {"type": "Feature", "geometry": {"type": "MultiPolygon", "coordinates": [[[[72.03119975, 34.14805359], [72.03119934, 34.14793682], [72.03117316, 34.14793688], [72.03117314, 34.14792903], [72.03102073, 34.14792939], [72.0310214, 34.1481222], [72.0311738, 34.14812183], [72.03117357, 34.14805365], [72.03119975, 34.14805359]]]]}, "properties": {"id": "8J6J42XJ+6C5V", "height": 4.280126571655273, "hmax": 0.006, "ratio": 0.001, "vulnClass": "none"}}, {"type": "Feature", "geometry": {"type": "MultiPolygon", "coordinates": [[[[72.03089484, 34.14790325], [72.03085497, 34.14790437], [72.03086405, 34.14812779], [72.03097075, 34.14812479], [72.03097117, 34.14813516], [72.03103021, 34.1481335], [72.0310218, 34.14792651], [72.03089592, 34.14793005], [72.03089484, 34.14790325]]]]}, "properties": {"id": "8J6J42XJ+6982", "height": 4.610610485076904, "hmax": 0.006, "ratio": 0.001, "vulnClass": "none"}}, {"type": "Feature", "geometry": {"type": "MultiPolygon", "coordinates": [[[[72.0308582, 34.14814721], [72.03085727, 34.14793488], [72.03077853, 34.14793512], [72.03077865, 34.14796102], [72.030678, 34.14796132], [72.03067881, 34.14814775], [72.0308582, 34.14814721]]]]}, "properties": {"id": "8J6J42XJ+686W", "height": 5.681724548339844, "hmax": 0.006, "ratio": 0.001, "vulnClass": "none"}}, {"type": "Feature", "geometry": {"type": "MultiPolygon", "coordinates": [[[[72.03067761, 34.14791484], [72.03064307, 34.14791342], [72.0306396, 34.14797221], [72.03067413, 34.14797362], [72.03067761, 34.14791484]]]]}, "properties": {"id": "8J6J42XJ+57FJ", "height": 4.984896659851074, "hmax": 0.006, "ratio": 0.001, "vulnClass": "none"}}, {"type": "Feature", "geometry": {"type": "MultiPolygon", "coordinates": [[[[72.03082005, 34.14775454], [72.03063933, 34.14775686], [72.0306418, 34.14788965], [72.03095411, 34.14788564], [72.03095164, 34.14775284], [72.03088503, 34.1477537], [72.03088544, 34.14777591], [72.03082047, 34.14777675], [72.03082005, 34.14775454]]]]}, "properties": {"id": "8J6J42XJ+48FV", "height": 5.68073844909668, "hmax": 0.006, "ratio": 0.001, "vulnClass": "none"}}, {"type": "Feature", "geometry": {"type": "MultiPolygon", "coordinates": [[[[72.03050431, 34.14771206], [72.03039806, 34.14771574], [72.03040696, 34.14789363], [72.03051322, 34.14788996], [72.03050431, 34.14771206]]]]}, "properties": {"id": "8J6J42XJ+45G4", "height": 2.810365438461304, "hmax": 0.034, "ratio": 0.012, "vulnClass": "none"}}, {"type": "Feature", "geometry": {"type": "MultiPolygon", "coordinates": [[[[72.03059584, 34.14793567], [72.03049407, 34.14793598], [72.03049459, 34.14805553], [72.0305351, 34.1480554], [72.03053533, 34.14810897], [72.03067864, 34.14810853], [72.03067813, 34.14799188], [72.03059609, 34.14799213], [72.03059584, 34.14793567]]]]}, "properties": {"id": "8J6J42XJ+6684", "height": 5.585977077484131, "hmax": 0.006, "ratio": 0.001, "vulnClass": "none"}}, {"type": "Feature", "geometry": {"type": "MultiPolygon", "coordinates": [[[[72.03049403, 34.14792654], [72.03043896, 34.1479267], [72.03043925, 34.1479926], [72.03049432, 34.14799244], [72.03049403, 34.14792654]]]]}, "properties": {"id": "8J6J42XJ+55P9", "height": 4.614840507507324, "hmax": 0.023, "ratio": 0.005, "vulnClass": "none"}}, {"type": "Feature", "geometry": {"type": "MultiPolygon", "coordinates": [[[[72.03043896, 34.1479267], [72.03033187, 34.14792702], [72.03033266, 34.14810958], [72.03049483, 34.14810909], [72.03049432, 34.14799244], [72.03043925, 34.1479926], [72.03043896, 34.1479267]]]]}, "properties": {"id": "8J6J42XJ+6565", "height": 5.015599250793457, "hmax": 0.045, "ratio": 0.009, "vulnClass": "none"}}, {"type": "Feature", "geometry": {"type": "MultiPolygon", "coordinates": [[[[72.03044936, 34.14820816], [72.03044699, 34.14814988], [72.03033275, 34.14815309], [72.03033512, 34.14821137], [72.03044936, 34.14820816]]]]}, "properties": {"id": "8J6J42XJ+75C8", "height": 3.829644203186035, "hmax": 0.054, "ratio": 0.014, "vulnClass": "none"}}, {"type": "Feature", "geometry": {"type": "MultiPolygon", "coordinates": [[[[72.03047062, 34.14814838], [72.03043993, 34.14814848], [72.03044017, 34.14820471], [72.03047087, 34.14820462], [72.03047062, 34.14814838]]]]}, "properties": {"id": "8J6J42XJ+75G4", "height": 3.829644203186035, "hmax": 0.023, "ratio": 0.006, "vulnClass": "none"}}, {"type": "Feature", "geometry": {"type": "MultiPolygon", "coordinates": [[[[72.03047071, 34.14816916], [72.03047087, 34.14820462], [72.03053575, 34.14820442], [72.03053559, 34.14816897], [72.03047071, 34.14816916]]]]}, "properties": {"id": "8J6J42XJ+76CC", "height": 3.701293468475342, "hmax": 0.006, "ratio": 0.002, "vulnClass": "none"}}, {"type": "Feature", "geometry": {"type": "MultiPolygon", "coordinates": [[[[72.03053744, 34.14813696], [72.03051307, 34.14813764], [72.03051349, 34.14814801], [72.03053786, 34.14814733], [72.03053744, 34.14813696]]]]}, "properties": {"id": "8J6J42XJ+762Q", "height": 3.722547054290771, "hmax": 0.006, "ratio": 0.002, "vulnClass": "none"}}, {"type": "Feature", "geometry": {"type": "MultiPolygon", "coordinates": [[[[72.03065734, 34.14810446], [72.03051679, 34.14810793], [72.03051809, 34.14814422], [72.03065864, 34.14814074], [72.03065734, 34.14810446]]]]}, "properties": {"id": "8J6J42XJ+66WX", "height": 4.232029914855957, "hmax": 0.006, "ratio": 0.001, "vulnClass": "none"}}, {"type": "Feature", "geometry": {"type": "MultiPolygon", "coordinates": [[[[72.03051543, 34.14812829], [72.03048147, 34.14812583], [72.03047734, 34.14816516], [72.0305113, 34.14816763], [72.03051543, 34.14812829]]]]}, "properties": {"id": "8J6J42XJ+755X", "height": 4.293326377868652, "hmax": 0.006, "ratio": 0.001, "vulnClass": "none"}}, {"type": "Feature", "geometry": {"type": "MultiPolygon", "coordinates": [[[[72.03064519, 34.14816864], [72.03056751, 34.14816887], [72.03056766, 34.14820432], [72.03064534, 34.14820409], [72.03064519, 34.14816864]]]]}, "properties": {"id": "8J6J42XJ+76HF", "height": 3.652139663696289, "hmax": 0.006, "ratio": 0.002, "vulnClass": "none"}}, {"type": "Feature", "geometry": {"type": "MultiPolygon", "coordinates": [[[[72.03080568, 34.14814737], [72.03064509, 34.14814786], [72.03064534, 34.14820409], [72.03080593, 34.14820361], [72.03080568, 34.14814737]]]]}, "properties": {"id": "8J6J42XJ+77H2", "height": 5.003608226776123, "hmax": 0.006, "ratio": 0.001, "vulnClass": "none"}}, {"type": "Feature", "geometry": {"type": "MultiPolygon", "coordinates": [[[[72.03125319, 34.1481028], [72.03117374, 34.14810299], [72.031174, 34.14817947], [72.03120018, 34.1481794], [72.03120011, 34.14815964], [72.03125339, 34.14815952], [72.03125319, 34.1481028]]]]}, "properties": {"id": "8J6J42XJ+7F4G", "height": 5.205677032470703, "hmax": 0.006, "ratio": 0.001, "vulnClass": "none"}}, {"type": "Feature", "geometry": {"type": "MultiPolygon", "coordinates": [[[[72.03108756, 34.14814179], [72.03102841, 34.14813909], [72.03102449, 34.14819855], [72.03108364, 34.14820124], [72.03108756, 34.14814179]]]]}, "properties": {"id": "8J6J42XJ+7C7X", "height": 2.568058490753174, "hmax": 0.006, "ratio": 0.002, "vulnClass": "none"}}, {"type": "Feature", "geometry": {"type": "MultiPolygon", "coordinates": [[[[72.03092551, 34.14814701], [72.03083686, 34.14814728], [72.03083711, 34.14820351], [72.0309771, 34.14820309], [72.03097694, 34.14816763], [72.0309256, 34.14816779], [72.03092551, 34.14814701]]]]}, "properties": {"id": "8J6J42XJ+79C5", "height": 4.013376235961914, "hmax": 0.006, "ratio": 0.002, "vulnClass": "none"}}, {"type": "Feature", "geometry": {"type": "MultiPolygon", "coordinates": [[[[72.0311906, 34.1484311], [72.0311868, 34.1485081], [72.0312129, 34.148509], [72.0312098, 34.148571], [72.0313639, 34.1485762], [72.0313707, 34.1484371], [72.0311906, 34.1484311]]]]}, "properties": {"id": "8J6J42XJ+CG32", "height": 4.282274723052979, "hmax": 0.007, "ratio": 0.002, "vulnClass": "none"}}, {"type": "Feature", "geometry": {"type": "MultiPolygon", "coordinates": [[[[72.0308908, 34.1486236], [72.03088, 34.1484127], [72.0307056, 34.1484188], [72.0307164, 34.1486298], [72.0308908, 34.1486236]]]]}, "properties": {"id": "8J6J42XJ+C83W", "height": 3.047765016555786, "hmax": 0.007, "ratio": 0.002, "vulnClass": "none"}}, {"type": "Feature", "geometry": {"type": "MultiPolygon", "coordinates": [[[[72.02996769, 34.14841276], [72.0299388, 34.14841206], [72.02993803, 34.148434], [72.02996692, 34.1484347], [72.02996769, 34.14841276]]]]}, "properties": {"id": "8J6J42XH+9X8V", "height": 3.195456027984619, "hmax": 0.05, "ratio": 0.016, "vulnClass": "none"}}, {"type": "Feature", "geometry": {"type": "MultiPolygon", "coordinates": [[[[72.03001391, 34.14842446], [72.0299666, 34.14843054], [72.0299719, 34.14845907], [72.03001921, 34.148453], [72.03001391, 34.14842446]]]]}, "properties": {"id": "8J6J42XH+9XHQ", "height": 2.539435148239136, "hmax": 0.039, "ratio": 0.015, "vulnClass": "none"}}, {"type": "Feature", "geometry": {"type": "MultiPolygon", "coordinates": [[[[72.02986081, 34.14848436], [72.02985138, 34.1484276], [72.02979088, 34.14843456], [72.02980031, 34.14849131], [72.02986081, 34.14848436]]]]}, "properties": {"id": "8J6J42XH+9WP7", "height": 3.086572408676147, "hmax": 0.038, "ratio": 0.012, "vulnClass": "none"}}, {"type": "Feature", "geometry": {"type": "MultiPolygon", "coordinates": [[[[72.02999468, 34.14813784], [72.02995363, 34.14813388], [72.02994503, 34.14819563], [72.02998607, 34.14819958], [72.02999468, 34.14813784]]]]}, "properties": {"id": "8J6J42XH+7X9J", "height": 4.879635334014893, "hmax": 0.054, "ratio": 0.011, "vulnClass": "none"}}, {"type": "Feature", "geometry": {"type": "MultiPolygon", "coordinates": [[[[72.02952286, 34.14796179], [72.02940227, 34.14796573], [72.02941148, 34.14816009], [72.029578, 34.14815464], [72.02956959, 34.14797701], [72.02952365, 34.14797851], [72.02952286, 34.14796179]]]]}, "properties": {"id": "8J6J42XH+6QHG", "height": 4.648905754089355, "hmax": 0.054, "ratio": 0.012, "vulnClass": "none"}}, {"type": "Feature", "geometry": {"type": "MultiPolygon", "coordinates": [[[[72.0294874, 34.1484254], [72.0294459, 34.1484262], [72.0294528, 34.1486648], [72.0296196, 34.1486614], [72.029614, 34.1484705], [72.0294887, 34.148473], [72.0294874, 34.1484254]]]]}, "properties": {"id": "8J6J42XH+CRCH", "height": 4.093667984008789, "hmax": 0.038, "ratio": 0.009, "vulnClass": "none"}}, {"type": "Feature", "geometry": {"type": "MultiPolygon", "coordinates": [[[[72.02875438, 34.14843616], [72.0287147, 34.14843633], [72.02871525, 34.14852472], [72.02875494, 34.14852455], [72.02875438, 34.14843616]]]]}, "properties": {"id": "8J6J42XH+9FX8", "height": 2.643736839294434, "hmax": 0.379, "ratio": 0.143, "vulnClass": "low"}}, {"type": "Feature", "geometry": {"type": "MultiPolygon", "coordinates": [[[[72.02879167, 34.14839101], [72.02874547, 34.14839199], [72.02874669, 34.14843183], [72.0287929, 34.14843085], [72.02879167, 34.14839101]]]]}, "properties": {"id": "8J6J42XH+9G6G", "height": 2.905704975128174, "hmax": 0.412, "ratio": 0.142, "vulnClass": "low"}}, {"type": "Feature", "geometry": {"type": "MultiPolygon", "coordinates": [[[[72.0286888, 34.14819714], [72.02852175, 34.14820107], [72.02852395, 34.14826573], [72.028691, 34.1482618], [72.0286888, 34.14819714]]]]}, "properties": {"id": "8J6J42XH+7CX7", "height": 3.919492721557617, "hmax": 0.531, "ratio": 0.136, "vulnClass": "low"}}, {"type": "Feature", "geometry": {"type": "MultiPolygon", "coordinates": [[[[72.02878526, 34.14825514], [72.02878518, 34.14821594], [72.02873071, 34.14821602], [72.02873076, 34.14824141], [72.02868338, 34.14824148], [72.02868341, 34.14825529], [72.02878526, 34.14825514]]]]}, "properties": {"id": "8J6J42XH+7FXH", "height": 4.401182651519775, "hmax": 0.531, "ratio": 0.121, "vulnClass": "low"}}, {"type": "Feature", "geometry": {"type": "MultiPolygon", "coordinates": [[[[72.02886581, 34.14816812], [72.02880413, 34.14816957], [72.02880717, 34.14825908], [72.02886885, 34.14825763], [72.02886581, 34.14816812]]]]}, "properties": {"id": "8J6J42XH+7GPH", "height": 4.920721054077148, "hmax": 0.531, "ratio": 0.108, "vulnClass": "low"}}, {"type": "Feature", "geometry": {"type": "MultiPolygon", "coordinates": [[[[72.02875395, 34.14817075], [72.02868796, 34.1481723], [72.02868974, 34.14822461], [72.02875572, 34.14822306], [72.02875395, 34.14817075]]]]}, "properties": {"id": "8J6J42XH+7FHR", "height": 5.328059673309326, "hmax": 0.531, "ratio": 0.1, "vulnClass": "low"}}, {"type": "Feature", "geometry": {"type": "MultiPolygon", "coordinates": [[[[72.02878462, 34.14810885], [72.02872044, 34.14810558], [72.02871602, 34.14816546], [72.0287802, 34.14816873], [72.02878462, 34.14810885]]]]}, "properties": {"id": "8J6J42XH+7G2C", "height": 5.328059673309326, "hmax": 0.531, "ratio": 0.1, "vulnClass": "low"}}, {"type": "Feature", "geometry": {"type": "MultiPolygon", "coordinates": [[[[72.0287061, 34.1479728], [72.0285456, 34.1479769], [72.0285527, 34.1481709], [72.0286661, 34.148168], [72.0286654, 34.1481481], [72.0287125, 34.1481469], [72.0287061, 34.1479728]]]]}, "properties": {"id": "8J6J42XH+6FCJ", "height": 4.305545806884766, "hmax": 0.531, "ratio": 0.123, "vulnClass": "low"}}, {"type": "Feature", "geometry": {"type": "MultiPolygon", "coordinates": [[[[72.02878204, 34.148017], [72.02873163, 34.14801693], [72.02873144, 34.14810732], [72.02878185, 34.14810739], [72.02878204, 34.148017]]]]}, "properties": {"id": "8J6J42XH+6GCC", "height": 4.256956577301025, "hmax": 0.531, "ratio": 0.125, "vulnClass": "low"}}, {"type": "Feature", "geometry": {"type": "MultiPolygon", "coordinates": [[[[72.02888498, 34.14802477], [72.02879711, 34.14802465], [72.02879705, 34.14805451], [72.02883202, 34.14805456], [72.02883191, 34.14810746], [72.02878185, 34.14810739], [72.02878172, 34.14817127], [72.02888468, 34.14817142], [72.02888498, 34.14802477]]]]}, "properties": {"id": "8J6J42XH+6GW5", "height": 4.920721054077148, "hmax": 0.531, "ratio": 0.108, "vulnClass": "low"}}, {"type": "Feature", "geometry": {"type": "MultiPolygon", "coordinates": [[[[72.02886606, 34.14797694], [72.0287972, 34.14797684], [72.02879712, 34.14801702], [72.02886597, 34.14801712], [72.02886606, 34.14797694]]]]}, "properties": {"id": "8J6J42XH+5GWW", "height": 2.574211359024048, "hmax": 0.531, "ratio": 0.206, "vulnClass": "low"}}, {"type": "Feature", "geometry": {"type": "MultiPolygon", "coordinates": [[[[72.0290467, 34.1480803], [72.0290415, 34.1479632], [72.0288865, 34.147968], [72.028895, 34.148162], [72.0290233, 34.1481581], [72.0290199, 34.1480811], [72.0290467, 34.1480803]]]]}, "properties": {"id": "8J6J42XH+6HG9", "height": 3.517454624176025, "hmax": 0.531, "ratio": 0.151, "vulnClass": "low"}}, {"type": "Feature", "geometry": {"type": "MultiPolygon", "coordinates": [[[[72.0290386, 34.1482514], [72.029035, 34.1481624], [72.0288645, 34.1481673], [72.0288682, 34.1482563], [72.0290386, 34.1482514]]]]}, "properties": {"id": "8J6J42XH+7HP7", "height": 4.184934139251709, "hmax": 0.531, "ratio": 0.127, "vulnClass": "low"}}, {"type": "Feature", "geometry": {"type": "MultiPolygon", "coordinates": [[[[72.02940841, 34.14809531], [72.02940227, 34.14796573], [72.02930206, 34.14796901], [72.02930285, 34.14798574], [72.02924339, 34.14798768], [72.02924873, 34.14810053], [72.02940841, 34.14809531]]]]}, "properties": {"id": "8J6J42XH+6P8G", "height": 4.78130054473877, "hmax": 0.427, "ratio": 0.089, "vulnClass": "low"}}, {"type": "Feature", "geometry": {"type": "MultiPolygon", "coordinates": [[[[72.02937733, 34.14775271], [72.02926904, 34.1477566], [72.02927836, 34.14793625], [72.02938665, 34.14793237], [72.02937733, 34.14775271]]]]}, "properties": {"id": "8J6J42XH+4PPM", "height": 5.324580192565918, "hmax": 0.514, "ratio": 0.097, "vulnClass": "low"}}, {"type": "Feature", "geometry": {"type": "MultiPolygon", "coordinates": [[[[72.02839196, 34.14784899], [72.02818655, 34.14785537], [72.02818999, 34.14793193], [72.02821299, 34.14793121], [72.02821445, 34.14796379], [72.02839687, 34.14795812], [72.02839196, 34.14784899]]]]}, "properties": {"id": "8J6J42XH+5877", "height": 3.783039808273315, "hmax": 0.778, "ratio": 0.206, "vulnClass": "low"}}, {"type": "Feature", "geometry": {"type": "MultiPolygon", "coordinates": [[[[72.02823377, 34.14810933], [72.02816948, 34.14811073], [72.02817153, 34.14817553], [72.02823582, 34.14817412], [72.02823377, 34.14810933]]]]}, "properties": {"id": "8J6J42XH+774M", "height": 2.891024589538574, "hmax": 1.039, "ratio": 0.359, "vulnClass": "moderate"}}, {"type": "Feature", "geometry": {"type": "MultiPolygon", "coordinates": [[[[72.02852003, 34.14810587], [72.02829658, 34.1481062], [72.02829686, 34.14824205], [72.02852032, 34.14824172], [72.02852003, 34.14810587]]]]}, "properties": {"id": "8J6J42XH+797R", "height": 4.460937023162842, "hmax": 0.531, "ratio": 0.119, "vulnClass": "low"}}, {"type": "Feature", "geometry": {"type": "MultiPolygon", "coordinates": [[[[72.02830057, 34.14814428], [72.02826427, 34.14814243], [72.02825844, 34.14821987], [72.02829474, 34.14822176], [72.02830057, 34.14814428]]]]}, "properties": {"id": "8J6J42XH+78C9", "height": 4.274543285369873, "hmax": 0.828, "ratio": 0.194, "vulnClass": "low"}}, {"type": "Feature", "geometry": {"type": "MultiPolygon", "coordinates": [[[[72.0281669, 34.148184], [72.0281667, 34.1482545], [72.0282583, 34.1482546], [72.0282583, 34.1482416], [72.0282354, 34.1482415], [72.0282355, 34.1482146], [72.0282584, 34.1482146], [72.0282585, 34.1481842], [72.0281669, 34.148184]]]]}, "properties": {"id": "8J6J42XH+77PP", "height": 4.495456218719482, "hmax": 1.039, "ratio": 0.231, "vulnClass": "low"}}, {"type": "Feature", "geometry": {"type": "MultiPolygon", "coordinates": [[[[72.02725944, 34.14831826], [72.02712503, 34.14831238], [72.02712151, 34.14836791], [72.02725593, 34.14837379], [72.02725944, 34.14831826]]]]}, "properties": {"id": "8J6J42XG+8VPJ", "height": 2.453646183013916, "hmax": 1.211, "ratio": 0.494, "vulnClass": "moderate"}}, {"type": "Feature", "geometry": {"type": "MultiPolygon", "coordinates": [[[[72.02697195, 34.14811247], [72.02681938, 34.14811745], [72.02682327, 34.14819989], [72.02697584, 34.14819491], [72.02697195, 34.14811247]]]]}, "properties": {"id": "8J6J42XG+7Q68", "height": 2.767080783843994, "hmax": 1.388, "ratio": 0.502, "vulnClass": "moderate"}}, {"type": "Feature", "geometry": {"type": "MultiPolygon", "coordinates": [[[[72.02727513, 34.1483045], [72.02728589, 34.14803829], [72.02718786, 34.14803555], [72.02718085, 34.14820897], [72.02683933, 34.14819943], [72.02683561, 34.14829223], [72.02727513, 34.1483045]]]]}, "properties": {"id": "8J6J42XG+7RQF", "height": 2.990538597106934, "hmax": 1.257, "ratio": 0.42, "vulnClass": "moderate"}}, {"type": "Feature", "geometry": {"type": "MultiPolygon", "coordinates": [[[[72.02592438, 34.14833749], [72.02584628, 34.14833896], [72.02584751, 34.14838397], [72.02592561, 34.1483825], [72.02592438, 34.14833749]]]]}, "properties": {"id": "8J6J42XG+89RF", "height": 5.267234325408936, "hmax": 1.396, "ratio": 0.265, "vulnClass": "low"}}, {"type": "Feature", "geometry": {"type": "MultiPolygon", "coordinates": [[[[72.02593037, 34.14853799], [72.02592773, 34.14838293], [72.02572237, 34.14838535], [72.02572501, 34.14854041], [72.02593037, 34.14853799]]]]}, "properties": {"id": "8J6J42XG+98PF", "height": 5.831189155578613, "hmax": 1.396, "ratio": 0.239, "vulnClass": "low"}}, {"type": "Feature", "geometry": {"type": "MultiPolygon", "coordinates": [[[[72.02566779, 34.14835072], [72.02561958, 34.14835225], [72.02562121, 34.14838784], [72.02566942, 34.14838631], [72.02566779, 34.14835072]]]]}, "properties": {"id": "8J6J42XG+87RP", "height": 4.846147537231445, "hmax": 1.396, "ratio": 0.288, "vulnClass": "low"}}, {"type": "Feature", "geometry": {"type": "MultiPolygon", "coordinates": [[[[72.02592233, 34.14826233], [72.02592084, 34.14820811], [72.02586391, 34.14820919], [72.02586539, 34.14826341], [72.02592233, 34.14826233]]]]}, "properties": {"id": "8J6J42XG+79RG", "height": 3.448076009750366, "hmax": 1.409, "ratio": 0.409, "vulnClass": "moderate"}}, {"type": "Feature", "geometry": {"type": "MultiPolygon", "coordinates": [[[[72.02568833, 34.14819259], [72.02562742, 34.14819597], [72.0256342, 34.14828067], [72.02569512, 34.1482773], [72.02568833, 34.14819259]]]]}, "properties": {"id": "8J6J42XG+77VC", "height": 4.370977401733398, "hmax": 1.409, "ratio": 0.322, "vulnClass": "moderate"}}, {"type": "Feature", "geometry": {"type": "MultiPolygon", "coordinates": [[[[72.0256774, 34.1480098], [72.025576, 34.1480176], [72.025588, 34.1481262], [72.0256894, 34.1481185], [72.0256774, 34.1480098]]]]}, "properties": {"id": "8J6J42XG+67CJ", "height": 3.411887168884277, "hmax": 1.409, "ratio": 0.413, "vulnClass": "moderate"}}, {"type": "Feature", "geometry": {"type": "MultiPolygon", "coordinates": [[[[72.0258716, 34.1480023], [72.0258571, 34.1479066], [72.0256923, 34.1479238], [72.0257067, 34.1480195], [72.0258716, 34.1480023]]]]}, "properties": {"id": "8J6J42XG+58MC", "height": 4.998865604400635, "hmax": 1.409, "ratio": 0.282, "vulnClass": "low"}}, {"type": "Feature", "geometry": {"type": "MultiPolygon", "coordinates": [[[[72.02637011, 34.14762655], [72.02628823, 34.14762509], [72.02628687, 34.14767763], [72.02636875, 34.14767909], [72.02637011, 34.14762655]]]]}, "properties": {"id": "8J6J42XG+3G84", "height": 4.285918712615967, "hmax": 1.388, "ratio": 0.324, "vulnClass": "moderate"}}, {"type": "Feature", "geometry": {"type": "MultiPolygon", "coordinates": [[[[72.02639202, 34.14749333], [72.02629167, 34.14749154], [72.02628823, 34.14762509], [72.02638858, 34.14762688], [72.02639202, 34.14749333]]]]}, "properties": {"id": "8J6J42XG+2GG9", "height": 4.717960357666016, "hmax": 1.388, "ratio": 0.294, "vulnClass": "low"}}, {"type": "Feature", "geometry": {"type": "MultiPolygon", "coordinates": [[[[72.02664574, 34.14779907], [72.0265546, 34.14780067], [72.02656443, 34.14818633], [72.02682971, 34.14818166], [72.02682322, 34.14792704], [72.02680791, 34.14792731], [72.02680457, 34.14779627], [72.02672442, 34.14779768], [72.02673242, 34.14811139], [72.02665373, 34.14811277], [72.02664574, 34.14779907]]]]}, "properties": {"id": "8J6J42XG+6M46", "height": 2.733856201171875, "hmax": 1.388, "ratio": 0.508, "vulnClass": "moderate"}}, {"type": "Feature", "geometry": {"type": "MultiPolygon", "coordinates": [[[[72.0271139, 34.1479205], [72.0270743, 34.1479213], [72.0270808, 34.1481423], [72.0271509, 34.1481408], [72.0271498, 34.1481034], [72.0271193, 34.148104], [72.0271139, 34.1479205]]]]}, "properties": {"id": "8J6J42XG+6R9M", "height": 2.471773147583008, "hmax": 1.388, "ratio": 0.561, "vulnClass": "moderate"}}, {"type": "Feature", "geometry": {"type": "MultiPolygon", "coordinates": [[[[72.02726468, 34.14782742], [72.02717773, 34.14783014], [72.02718728, 34.14804101], [72.02727422, 34.14803829], [72.02726468, 34.14782742]]]]}, "properties": {"id": "8J6J42XG+5VH6", "height": 2.977921009063721, "hmax": 1.137, "ratio": 0.382, "vulnClass": "moderate"}}, {"type": "Feature", "geometry": {"type": "MultiPolygon", "coordinates": [[[[72.02699502, 34.1476393], [72.02695519, 34.14763931], [72.02695521, 34.14770998], [72.02699503, 34.14770997], [72.02699502, 34.1476393]]]]}, "properties": {"id": "8J6J42XG+3Q9R", "height": 4.146976947784424, "hmax": 1.388, "ratio": 0.335, "vulnClass": "moderate"}}, {"type": "Feature", "geometry": {"type": "MultiPolygon", "coordinates": [[[[72.02709568, 34.14763928], [72.02705076, 34.14763929], [72.02705078, 34.14770996], [72.0270957, 34.14770995], [72.02709568, 34.14763928]]]]}, "properties": {"id": "8J6J42XG+3R8V", "height": 3.789801120758057, "hmax": 1.388, "ratio": 0.366, "vulnClass": "moderate"}}, {"type": "Feature", "geometry": {"type": "MultiPolygon", "coordinates": [[[[72.0272131, 34.14763926], [72.02709568, 34.14763928], [72.0270957, 34.14770995], [72.02721312, 34.14770993], [72.0272131, 34.14763926]]]]}, "properties": {"id": "8J6J42XG+3V6X", "height": 2.771015644073486, "hmax": 1.388, "ratio": 0.501, "vulnClass": "moderate"}}, {"type": "Feature", "geometry": {"type": "MultiPolygon", "coordinates": [[[[72.02721305, 34.14743366], [72.02714396, 34.14743367], [72.02714402, 34.14763927], [72.0272131, 34.14763926], [72.02721305, 34.14743366]]]]}, "properties": {"id": "8J6J42XG+2V7G", "height": 3.351149559020996, "hmax": 1.377, "ratio": 0.411, "vulnClass": "moderate"}}, {"type": "Feature", "geometry": {"type": "MultiPolygon", "coordinates": [[[[72.0269023, 34.14744501], [72.02690713, 34.1472579], [72.02686452, 34.14725714], [72.02685638, 34.14757284], [72.02691267, 34.14757384], [72.0269145, 34.14750265], [72.02693251, 34.14750297], [72.02693399, 34.14744557], [72.0269023, 34.14744501]]]]}, "properties": {"id": "8J6J42WG+XQC3", "height": 3.241679191589355, "hmax": 1.342, "ratio": 0.414, "vulnClass": "moderate"}}, {"type": "Feature", "geometry": {"type": "MultiPolygon", "coordinates": [[[[72.02699631, 34.14745574], [72.02695298, 34.14745681], [72.02695539, 34.14752436], [72.02699872, 34.14752329], [72.02699631, 34.14745574]]]]}, "properties": {"id": "8J6J42WG+XQXJ", "height": 2.527740240097046, "hmax": 1.388, "ratio": 0.549, "vulnClass": "moderate"}}, {"type": "Feature", "geometry": {"type": "MultiPolygon", "coordinates": [[[[72.02665352, 34.14741538], [72.02665769, 34.14725346], [72.02643942, 34.14724956], [72.02642872, 34.14766407], [72.02651859, 34.14766567], [72.02652511, 34.14741309], [72.02665352, 34.14741538]]]]}, "properties": {"id": "8J6J42WG+XJ6G", "height": 4.889133453369141, "hmax": 1.331, "ratio": 0.272, "vulnClass": "low"}}, {"type": "Feature", "geometry": {"type": "MultiPolygon", "coordinates": [[[[72.0267224, 34.1472546], [72.0266577, 34.1472535], [72.0266535, 34.1474154], [72.0265528, 34.1474136], [72.0265459, 34.1476822], [72.0269097, 34.1476887], [72.0269111, 34.1476362], [72.0269155, 34.1476363], [72.0269171, 34.1475739], [72.026848, 34.1475727], [72.0268534, 34.1473632], [72.0267949, 34.1473621], [72.0267945, 34.1473776], [72.0267192, 34.1473763], [72.0267224, 34.1472546]]]]}, "properties": {"id": "8J6J42XG+2M85", "height": 3.241679191589355, "hmax": 1.366, "ratio": 0.421, "vulnClass": "moderate"}}, {"type": "Feature", "geometry": {"type": "MultiPolygon", "coordinates": [[[[72.02719758, 34.14699668], [72.02719642, 34.14692335], [72.02696036, 34.14692592], [72.02696152, 34.14699926], [72.02719758, 34.14699668]]]]}, "properties": {"id": "8J6J42WG+QRPG", "height": 2.643213033676147, "hmax": 1.301, "ratio": 0.492, "vulnClass": "moderate"}}, {"type": "Feature", "geometry": {"type": "MultiPolygon", "coordinates": [[[[72.0271771, 34.1467537], [72.0270193, 34.146755], [72.0270202, 34.1468245], [72.0271209, 34.1468236], [72.0271207, 34.1468023], [72.0271777, 34.1468019], [72.0271771, 34.1467537]]]]}, "properties": {"id": "8J6J42WG+PR8H", "height": 2.97858715057373, "hmax": 1.301, "ratio": 0.437, "vulnClass": "moderate"}}, {"type": "Feature", "geometry": {"type": "MultiPolygon", "coordinates": [[[[72.02704087, 34.14658798], [72.02697872, 34.14658744], [72.02697794, 34.14664906], [72.02704009, 34.14664961], [72.02704087, 34.14658798]]]]}, "properties": {"id": "8J6J42WG+JRRM", "height": 2.445722579956055, "hmax": 1.301, "ratio": 0.532, "vulnClass": "moderate"}}, {"type": "Feature", "geometry": {"type": "MultiPolygon", "coordinates": [[[[72.0269807, 34.1466314], [72.0269379, 34.1466318], [72.0269398, 34.1467525], [72.0271108, 34.1467507], [72.0271094, 34.1466648], [72.0269813, 34.1466662], [72.0269807, 34.1466314]]]]}, "properties": {"id": "8J6J42WG+MRJ4", "height": 2.445722579956055, "hmax": 1.301, "ratio": 0.532, "vulnClass": "moderate"}}, {"type": "Feature", "geometry": {"type": "MultiPolygon", "coordinates": [[[[72.02676753, 34.14650883], [72.0266055, 34.14650833], [72.02660523, 34.14656806], [72.02670352, 34.14656836], [72.02670337, 34.14660003], [72.02676712, 34.14660023], [72.02676753, 34.14650883]]]]}, "properties": {"id": "8J6J42WG+JM8R", "height": 3.102339744567871, "hmax": 1.18, "ratio": 0.38, "vulnClass": "moderate"}}, {"type": "Feature", "geometry": {"type": "MultiPolygon", "coordinates": [[[[72.02654617, 34.14651202], [72.0264212, 34.14651259], [72.02642152, 34.14656058], [72.02654649, 34.14656002], [72.02654617, 34.14651202]]]]}, "properties": {"id": "8J6J42WG+JH9F", "height": 3.732073307037354, "hmax": 1.16, "ratio": 0.311, "vulnClass": "moderate"}}, {"type": "Feature", "geometry": {"type": "MultiPolygon", "coordinates": [[[[72.0264212, 34.1465126], [72.0263356, 34.146513], [72.0263372, 34.1467549], [72.0263822, 34.1467547], [72.0263839, 34.147006], [72.0264823, 34.1470055], [72.0264811, 34.1468262], [72.0265482, 34.1468258], [72.0265494, 34.1470052], [72.0267818, 34.1470042], [72.0267811, 34.1468909], [72.0267259, 34.1468912], [72.0267258, 34.1468682], [72.0266453, 34.1468686], [72.0266448, 34.1467973], [72.0267253, 34.1467969], [72.026725, 34.1467531], [72.0267527, 34.146753], [72.026752, 34.1466415], [72.0265813, 34.1466422], [72.026581, 34.1466101], [72.0265468, 34.1466102], [72.0265474, 34.1467029], [72.0265293, 34.146703], [72.0265291, 34.1466689], [72.0264222, 34.1466694], [72.0264212, 34.1465126]]]]}, "properties": {"id": "8J6J42WG+PJ7M", "height": 3.81185507774353, "hmax": 1.297, "ratio": 0.34, "vulnClass": "moderate"}}, {"type": "Feature", "geometry": {"type": "MultiPolygon", "coordinates": [[[[72.02613616, 34.14701324], [72.02610439, 34.14701327], [72.02610447, 34.14708074], [72.02613624, 34.14708071], [72.02613616, 34.14701324]]]]}, "properties": {"id": "8J6J42WG+RC9X", "height": 2.975593566894531, "hmax": 1.231, "ratio": 0.414, "vulnClass": "moderate"}}, {"type": "Feature", "geometry": {"type": "MultiPolygon", "coordinates": [[[[72.026142, 34.1473218], [72.0261057, 34.1473218], [72.0261057, 34.1474475], [72.0261817, 34.1474474], [72.0261816, 34.1473413], [72.026142, 34.1473414], [72.026142, 34.1473218]]]]}, "properties": {"id": "8J6J42WG+XF2G", "height": 2.524425268173218, "hmax": 1.279, "ratio": 0.507, "vulnClass": "moderate"}}, {"type": "Feature", "geometry": {"type": "MultiPolygon", "coordinates": [[[[72.02618166, 34.14744744], [72.02610571, 34.14744746], [72.02610578, 34.14767063], [72.02618172, 34.14767061], [72.02618166, 34.14744744]]]]}, "properties": {"id": "8J6J42XG+2FC8", "height": 2.646957397460938, "hmax": 1.396, "ratio": 0.527, "vulnClass": "moderate"}}, {"type": "Feature", "geometry": {"type": "MultiPolygon", "coordinates": [[[[72.02500272, 34.14743466], [72.02490085, 34.14743202], [72.02489731, 34.14752639], [72.02499918, 34.14752903], [72.02500272, 34.14743466]]]]}, "properties": {"id": "8J6J42WF+XXW7", "height": 2.739412784576416, "hmax": 1.175, "ratio": 0.429, "vulnClass": "moderate"}}, {"type": "Feature", "geometry": {"type": "MultiPolygon", "coordinates": [[[[72.02452469, 34.14724951], [72.02443017, 34.14724658], [72.02442312, 34.14740407], [72.02451764, 34.14740699], [72.02452469, 34.14724951]]]]}, "properties": {"id": "8J6J42WF+WQQ2", "height": 2.532974720001221, "hmax": 1.148, "ratio": 0.453, "vulnClass": "moderate"}}, {"type": "Feature", "geometry": {"type": "MultiPolygon", "coordinates": [[[[72.0249009, 34.147432], [72.0249065, 34.1472813], [72.0248022, 34.1472786], [72.0247965, 34.1474293], [72.0249009, 34.147432]]]]}, "properties": {"id": "8J6J42WF+WWX6", "height": 2.802852392196655, "hmax": 1.151, "ratio": 0.411, "vulnClass": "moderate"}}, {"type": "Feature", "geometry": {"type": "MultiPolygon", "coordinates": [[[[72.02496959, 34.14733521], [72.02490455, 34.14733352], [72.02490085, 34.14743202], [72.0249659, 34.1474337], [72.02496959, 34.14733521]]]]}, "properties": {"id": "8J6J42WF+XX39", "height": 2.819885969161987, "hmax": 1.154, "ratio": 0.409, "vulnClass": "moderate"}}, {"type": "Feature", "geometry": {"type": "MultiPolygon", "coordinates": [[[[72.02200345, 34.14843243], [72.02189936, 34.1484231], [72.02188295, 34.14854964], [72.02193647, 34.14855444], [72.02193219, 34.14858743], [72.02198276, 34.14859196], [72.02200345, 34.14843243]]]]}, "properties": {"id": "8J6J42XC+CQ42", "height": 3.512731313705444, "hmax": 0.222, "ratio": 0.063, "vulnClass": "low"}}, {"type": "Feature", "geometry": {"type": "MultiPolygon", "coordinates": [[[[72.02201906, 34.14826294], [72.02191333, 34.14825643], [72.02189964, 34.1484101], [72.02200538, 34.14841661], [72.02201906, 34.14826294]]]]}, "properties": {"id": "8J6J42XC+8QPG", "height": 3.408539056777954, "hmax": 0.222, "ratio": 0.065, "vulnClass": "low"}}, {"type": "Feature", "geometry": {"type": "MultiPolygon", "coordinates": [[[[72.02132453, 34.14850528], [72.02133671, 34.14837876], [72.0212781, 34.14837487], [72.02127392, 34.1484183], [72.02122125, 34.1484148], [72.02121033, 34.14852824], [72.0212979, 34.14853407], [72.02130082, 34.1485037], [72.02132453, 34.14850528]]]]}, "properties": {"id": "8J6J42XC+9GJ9", "height": 2.591206550598145, "hmax": 0.358, "ratio": 0.138, "vulnClass": "low"}}, {"type": "Feature", "geometry": {"type": "MultiPolygon", "coordinates": [[[[72.0215787, 34.1482628], [72.0214592, 34.1482517], [72.0214204, 34.1485416], [72.0215399, 34.1485526], [72.0215787, 34.1482628]]]]}, "properties": {"id": "8J6J42XC+9H95", "height": 4.426970958709717, "hmax": 0.358, "ratio": 0.081, "vulnClass": "low"}}, {"type": "Feature", "geometry": {"type": "MultiPolygon", "coordinates": [[[[72.01966419, 34.14842724], [72.01953769, 34.14841601], [72.01953485, 34.14843808], [72.01966135, 34.14844931], [72.01966419, 34.14842724]]]]}, "properties": {"id": "8J6J42X9+9RH6", "height": 2.622273445129395, "hmax": 0.933, "ratio": 0.356, "vulnClass": "moderate"}}, {"type": "Feature", "geometry": {"type": "MultiPolygon", "coordinates": [[[[72.0196005, 34.1483334], [72.0195865, 34.1483937], [72.0196937, 34.1484109], [72.0196847, 34.1484494], [72.0197298, 34.1484566], [72.0197527, 34.1483579], [72.0196005, 34.1483334]]]]}, "properties": {"id": "8J6J42X9+9V3G", "height": 2.60694146156311, "hmax": 0.868, "ratio": 0.333, "vulnClass": "moderate"}}, {"type": "Feature", "geometry": {"type": "MultiPolygon", "coordinates": [[[[72.02096567, 34.14768319], [72.02090158, 34.14767827], [72.02088597, 34.14781875], [72.02105894, 34.14783204], [72.02107678, 34.14767153], [72.0209679, 34.14766317], [72.02096567, 34.14768319]]]]}, "properties": {"id": "8J6J42XC+39XV", "height": 4.244370460510254, "hmax": 0.734, "ratio": 0.173, "vulnClass": "low"}}, {"type": "Feature", "geometry": {"type": "MultiPolygon", "coordinates": [[[[72.02084037, 34.14781451], [72.020852, 34.14768771], [72.02068774, 34.1476773], [72.02067611, 34.14780409], [72.02084037, 34.14781451]]]]}, "properties": {"id": "8J6J42XC+38RV", "height": 2.656134366989136, "hmax": 0.795, "ratio": 0.299, "vulnClass": "low"}}, {"type": "Feature", "geometry": {"type": "MultiPolygon", "coordinates": [[[[72.02083854, 34.14783444], [72.02067429, 34.14782403], [72.02065719, 34.14801038], [72.02082145, 34.14802079], [72.02083854, 34.14783444]]]]}, "properties": {"id": "8J6J42XC+579X", "height": 3.113359928131104, "hmax": 0.817, "ratio": 0.262, "vulnClass": "low"}}, {"type": "Feature", "geometry": {"type": "MultiPolygon", "coordinates": [[[[72.02137689, 34.14770055], [72.02118791, 34.14768754], [72.02117359, 34.14783132], [72.02120668, 34.14783359], [72.0212046, 34.1478545], [72.02136049, 34.14786523], [72.02137689, 34.14770055]]]]}, "properties": {"id": "8J6J42XC+4G2X", "height": 2.460615158081055, "hmax": 0.734, "ratio": 0.298, "vulnClass": "low"}}, {"type": "Feature", "geometry": {"type": "MultiPolygon", "coordinates": [[[[72.0211736, 34.1478313], [72.0211879, 34.1476875], [72.0210699, 34.1476794], [72.0210556, 34.1478232], [72.0211736, 34.1478313]]]]}, "properties": {"id": "8J6J42XC+4C59", "height": 4.244370460510254, "hmax": 0.734, "ratio": 0.173, "vulnClass": "low"}}, {"type": "Feature", "geometry": {"type": "MultiPolygon", "coordinates": [[[[72.02065764, 34.1470185], [72.02065556, 34.14705886], [72.02076122, 34.14706261], [72.0207633, 34.14702226], [72.02065764, 34.1470185]]]]}, "properties": {"id": "8J6J42WC+R78P", "height": 2.595400333404541, "hmax": 1.142, "ratio": 0.44, "vulnClass": "moderate"}}, {"type": "Feature", "geometry": {"type": "MultiPolygon", "coordinates": [[[[72.02056465, 34.14697491], [72.02040953, 34.14696939], [72.02040538, 34.14704995], [72.0205605, 34.14705547], [72.02056465, 34.14697491]]]]}, "properties": {"id": "8J6J42WC+R55G", "height": 2.774837970733643, "hmax": 1.243, "ratio": 0.448, "vulnClass": "moderate"}}, {"type": "Feature", "geometry": {"type": "MultiPolygon", "coordinates": [[[[72.02037869, 34.14684218], [72.02034888, 34.14683696], [72.02033895, 34.14687617], [72.02036876, 34.14688139], [72.02037869, 34.14684218]]]]}, "properties": {"id": "8J6J42WC+P4X7", "height": 2.651115894317627, "hmax": 1.243, "ratio": 0.469, "vulnClass": "moderate"}}, {"type": "Feature", "geometry": {"type": "MultiPolygon", "coordinates": [[[[72.02019315, 34.14677971], [72.02002538, 34.14678437], [72.02002679, 34.14681935], [72.02004781, 34.14681877], [72.02005033, 34.14688165], [72.02019708, 34.14687757], [72.02019315, 34.14677971]]]]}, "properties": {"id": "8J6J42WC+P2Q5", "height": 3.097896337509155, "hmax": 1.243, "ratio": 0.401, "vulnClass": "moderate"}}, {"type": "Feature", "geometry": {"type": "MultiPolygon", "coordinates": [[[[72.02032223, 34.14663051], [72.0201887, 34.14662718], [72.02018299, 34.14678512], [72.02022362, 34.14678613], [72.02022017, 34.14688178], [72.02031307, 34.1468841], [72.02032223, 34.14663051]]]]}, "properties": {"id": "8J6J42WC+M4RR", "height": 3.163907051086426, "hmax": 1.243, "ratio": 0.393, "vulnClass": "moderate"}}, {"type": "Feature", "geometry": {"type": "MultiPolygon", "coordinates": [[[[72.02038666, 34.14665059], [72.02032193, 34.14664897], [72.02031512, 34.14683746], [72.02040412, 34.14683968], [72.02040243, 34.14688633], [72.02044164, 34.14688731], [72.02044642, 34.14675514], [72.02040721, 34.14675416], [72.02040876, 34.14671103], [72.0203845, 34.14671042], [72.02038666, 34.14665059]]]]}, "properties": {"id": "8J6J42WC+P52J", "height": 2.651115894317627, "hmax": 1.243, "ratio": 0.469, "vulnClass": "moderate"}}, {"type": "Feature", "geometry": {"type": "MultiPolygon", "coordinates": [[[[72.0208433, 34.1467261], [72.0208152, 34.1467243], [72.020812, 34.1467579], [72.0208402, 34.1467597], [72.0208376, 34.1467865], [72.0209884, 34.1467963], [72.020998, 34.1466939], [72.0208473, 34.1466842], [72.0208433, 34.1467261]]]]}, "properties": {"id": "8J6J42WC+M9VJ", "height": 2.649858951568604, "hmax": 0.874, "ratio": 0.33, "vulnClass": "moderate"}}, {"type": "Feature", "geometry": {"type": "MultiPolygon", "coordinates": [[[[72.02067496, 34.14687756], [72.02060445, 34.14687505], [72.02059718, 34.14701635], [72.02066769, 34.14701886], [72.02067496, 34.14687756]]]]}, "properties": {"id": "8J6J42WC+Q7CV", "height": 2.666174650192261, "hmax": 1.243, "ratio": 0.466, "vulnClass": "moderate"}}, {"type": "Feature", "geometry": {"type": "MultiPolygon", "coordinates": [[[[72.02071694, 34.14702061], [72.02072421, 34.14687931], [72.02067496, 34.14687756], [72.02066769, 34.14701886], [72.02071694, 34.14702061]]]]}, "properties": {"id": "8J6J42WC+Q7GV", "height": 2.666174650192261, "hmax": 1.243, "ratio": 0.466, "vulnClass": "moderate"}}, {"type": "Feature", "geometry": {"type": "MultiPolygon", "coordinates": [[[[72.0208043, 34.14683989], [72.02078651, 34.14683874], [72.02078337, 34.14687226], [72.02100176, 34.14688642], [72.02101009, 34.14679767], [72.02080949, 34.14678466], [72.0208043, 34.14683989]]]]}, "properties": {"id": "8J6J42WC+P9JH", "height": 2.607349634170532, "hmax": 0.874, "ratio": 0.335, "vulnClass": "moderate"}}, {"type": "Feature", "geometry": {"type": "MultiPolygon", "coordinates": [[[[72.02137888, 34.14657509], [72.02137649, 34.14661681], [72.02151526, 34.14662233], [72.02151766, 34.1465806], [72.02137888, 34.14657509]]]]}, "properties": {"id": "8J6J42WC+JHPV", "height": 5.448101043701172, "hmax": 0.874, "ratio": 0.16, "vulnClass": "low"}}, {"type": "Feature", "geometry": {"type": "MultiPolygon", "coordinates": [[[[72.0222783, 34.1470143], [72.0222837, 34.1469377], [72.0222212, 34.1469347], [72.0222231, 34.1469078], [72.0221914, 34.1469063], [72.0221895, 34.1469331], [72.0220552, 34.1469266], [72.0220446, 34.1470768], [72.0220945, 34.1470793], [72.0220959, 34.1470587], [72.0221804, 34.1470628], [72.022179, 34.1470834], [72.0223064, 34.1470896], [72.0223116, 34.147016], [72.0222783, 34.1470143]]]]}, "properties": {"id": "8J6J42WC+RV38", "height": 5.000246047973633, "hmax": 0.616, "ratio": 0.123, "vulnClass": "low"}}, {"type": "Feature", "geometry": {"type": "MultiPolygon", "coordinates": [[[[72.0228509, 34.1469318], [72.0227324, 34.146927], [72.0227239, 34.1470728], [72.0227544, 34.147074], [72.0227533, 34.1470933], [72.0228023, 34.1470953], [72.0228066, 34.1470218], [72.0228456, 34.1470234], [72.0228509, 34.1469318]]]]}, "properties": {"id": "8J6J42WF+R432", "height": 3.347054719924927, "hmax": 0.616, "ratio": 0.184, "vulnClass": "low"}}, {"type": "Feature", "geometry": {"type": "MultiPolygon", "coordinates": [[[[72.0229894, 34.1467649], [72.0227691, 34.1467635], [72.0227679, 34.1468947], [72.0229882, 34.146896], [72.0229894, 34.1467649]]]]}, "properties": {"id": "8J6J42WF+P5J2", "height": 2.932622194290161, "hmax": 0.679, "ratio": 0.231, "vulnClass": "low"}}, {"type": "Feature", "geometry": {"type": "MultiPolygon", "coordinates": [[[[72.02289944, 34.14626061], [72.02288886, 34.14618861], [72.02268061, 34.14620976], [72.02269892, 34.14633444], [72.02284346, 34.14631976], [72.02283572, 34.14626708], [72.02289944, 34.14626061]]]]}, "properties": {"id": "8J6J42WF+G436", "height": 5.324154853820801, "hmax": 0.831, "ratio": 0.156, "vulnClass": "low"}}, {"type": "Feature", "geometry": {"type": "MultiPolygon", "coordinates": [[[[72.02295321, 34.14638904], [72.02294265, 34.14632884], [72.02269217, 34.14635921], [72.02271618, 34.14649611], [72.02292511, 34.14647078], [72.02291165, 34.14639407], [72.02295321, 34.14638904]]]]}, "properties": {"id": "8J6J42WF+H48C", "height": 4.598187446594238, "hmax": 0.796, "ratio": 0.173, "vulnClass": "low"}}, {"type": "Feature", "geometry": {"type": "MultiPolygon", "coordinates": [[[[72.0221716, 34.14646794], [72.02215135, 34.14634449], [72.02199143, 34.14636262], [72.02201168, 34.14648607], [72.02198042, 34.14648961], [72.02198756, 34.14653316], [72.02216104, 34.14651349], [72.0221539, 34.14646994], [72.0221716, 34.14646794]]]]}, "properties": {"id": "8J6J42WC+HRGG", "height": 3.922367095947266, "hmax": 0.719, "ratio": 0.183, "vulnClass": "low"}}, {"type": "Feature", "geometry": {"type": "MultiPolygon", "coordinates": [[[[72.0225638, 34.1460347], [72.02252268, 34.14590828], [72.02232097, 34.14595363], [72.02234661, 34.14603245], [72.02238826, 34.14602309], [72.02240374, 34.14607068], [72.0225638, 34.1460347]]]]}, "properties": {"id": "8J6J42WC+9XWF", "height": 4.476595401763916, "hmax": 0.831, "ratio": 0.186, "vulnClass": "low"}}, {"type": "Feature", "geometry": {"type": "MultiPolygon", "coordinates": [[[[72.02345986, 34.14566625], [72.02335853, 34.14570901], [72.02345017, 34.14585914], [72.02353694, 34.14582253], [72.02345569, 34.14568941], [72.02347025, 34.14568327], [72.02345986, 34.14566625]]]]}, "properties": {"id": "8J6J42WF+894F", "height": 4.294029712677002, "hmax": 1.031, "ratio": 0.24, "vulnClass": "low"}}, {"type": "Feature", "geometry": {"type": "MultiPolygon", "coordinates": [[[[72.02321283, 34.1457475], [72.02314907, 34.14577108], [72.02323627, 34.14593404], [72.0233368, 34.14589686], [72.02326605, 34.14576465], [72.02322929, 34.14577825], [72.02321283, 34.1457475]]]]}, "properties": {"id": "8J6J42WF+87QH", "height": 4.244602680206299, "hmax": 1.031, "ratio": 0.243, "vulnClass": "low"}}, {"type": "Feature", "geometry": {"type": "MultiPolygon", "coordinates": [[[[72.0235286, 34.144985], [72.0234628, 34.1448513], [72.0233557, 34.1448878], [72.0234215, 34.1450214], [72.0235286, 34.144985]]]]}, "properties": {"id": "8J6J42VF+X9GC", "height": 3.037395000457764, "hmax": 1.284, "ratio": 0.423, "vulnClass": "moderate"}}, {"type": "Feature", "geometry": {"type": "MultiPolygon", "coordinates": [[[[72.0229265, 34.14470931], [72.02285373, 34.14461313], [72.02270323, 34.14469186], [72.02273244, 34.14473045], [72.0227048, 34.14474491], [72.02274837, 34.14480249], [72.0229265, 34.14470931]]]]}, "properties": {"id": "8J6J42VF+V4M9", "height": 3.485059022903442, "hmax": 1.107, "ratio": 0.318, "vulnClass": "moderate"}}, {"type": "Feature", "geometry": {"type": "MultiPolygon", "coordinates": [[[[72.02116196, 34.14484591], [72.02106872, 34.14485176], [72.02108218, 34.14499982], [72.02117541, 34.14499396], [72.02116196, 34.14484591]]]]}, "properties": {"id": "8J6J42VC+XC9X", "height": 2.505532264709473, "hmax": 1.122, "ratio": 0.448, "vulnClass": "moderate"}}, {"type": "Feature", "geometry": {"type": "MultiPolygon", "coordinates": [[[[72.02008258, 34.14469403], [72.01974705, 34.14471175], [72.01976275, 34.14491732], [72.02009828, 34.1448996], [72.02009509, 34.14485779], [72.02004826, 34.14486026], [72.02004562, 34.14482581], [72.01990711, 34.14483312], [72.01989874, 34.14472348], [72.02008408, 34.14471369], [72.02008258, 34.14469403]]]]}, "properties": {"id": "8J6J42V9+WXCM", "height": 3.420009613037109, "hmax": 1.376, "ratio": 0.402, "vulnClass": "moderate"}}, {"type": "Feature", "geometry": {"type": "MultiPolygon", "coordinates": [[[[72.01976015, 34.14520047], [72.01966884, 34.14520863], [72.01967835, 34.14528213], [72.0197939, 34.14527179], [72.01979006, 34.1452421], [72.01976581, 34.14524427], [72.01976015, 34.14520047]]]]}, "properties": {"id": "8J6J42W9+3VXJ", "height": 3.792671680450439, "hmax": 1.407, "ratio": 0.371, "vulnClass": "moderate"}}, {"type": "Feature", "geometry": {"type": "MultiPolygon", "coordinates": [[[[72.02017803, 34.14519029], [72.01984023, 34.14519282], [72.01984101, 34.14526524], [72.02017882, 34.14526272], [72.02017803, 34.14519029]]]]}, "properties": {"id": "8J6J42WC+32R3", "height": 4.331944942474365, "hmax": 1.376, "ratio": 0.318, "vulnClass": "moderate"}}, {"type": "Feature", "geometry": {"type": "MultiPolygon", "coordinates": [[[[72.02010491, 34.14512199], [72.02005116, 34.14512239], [72.0200519, 34.14519124], [72.02012896, 34.14519066], [72.02012856, 34.14515362], [72.02010525, 34.14515379], [72.02010491, 34.14512199]]]]}, "properties": {"id": "8J6J42WC+3288", "height": 2.58653998374939, "hmax": 1.376, "ratio": 0.532, "vulnClass": "moderate"}}, {"type": "Feature", "geometry": {"type": "MultiPolygon", "coordinates": [[[[72.02116266, 34.14583138], [72.02110329, 34.14583763], [72.02110967, 34.14587952], [72.02116904, 34.14587327], [72.02116266, 34.14583138]]]]}, "properties": {"id": "8J6J42WC+8FR7", "height": 4.662373065948486, "hmax": 0.94, "ratio": 0.202, "vulnClass": "low"}}, {"type": "Feature", "geometry": {"type": "MultiPolygon", "coordinates": [[[[72.02148457, 34.14588], [72.02148181, 34.1458752], [72.02141218, 34.14590287], [72.02143342, 34.14593982], [72.02138252, 34.14596005], [72.02144245, 34.14606429], [72.02156298, 34.1460164], [72.02153516, 34.145968], [72.02156856, 34.14595473], [72.02151797, 34.14586673], [72.02148457, 34.14588]]]]}, "properties": {"id": "8J6J42WC+9HQM", "height": 4.328949928283691, "hmax": 0.94, "ratio": 0.217, "vulnClass": "low"}}, {"type": "Feature", "geometry": {"type": "MultiPolygon", "coordinates": [[[[72.02146816, 34.14610902], [72.02136128, 34.14592309], [72.02126858, 34.14595993], [72.02134975, 34.14610113], [72.02130218, 34.14612003], [72.02132789, 34.14616476], [72.02146816, 34.14610902]]]]}, "properties": {"id": "8J6J42WC+CG9W", "height": 4.328949928283691, "hmax": 0.94, "ratio": 0.217, "vulnClass": "low"}}, {"type": "Feature", "geometry": {"type": "MultiPolygon", "coordinates": [[[[72.02167013, 34.14599894], [72.02159015, 34.14595573], [72.02148181, 34.14609433], [72.02156178, 34.14613755], [72.02167013, 34.14599894]]]]}, "properties": {"id": "8J6J42WC+CJ8V", "height": 4.094480037689209, "hmax": 0.94, "ratio": 0.23, "vulnClass": "low"}}, {"type": "Feature", "geometry": {"type": "MultiPolygon", "coordinates": [[[[72.02128054, 34.14598072], [72.02123296, 34.14599963], [72.02127436, 34.14607164], [72.02132193, 34.14605274], [72.02128054, 34.14598072]]]]}, "properties": {"id": "8J6J42WC+CG65", "height": 2.835170269012451, "hmax": 0.94, "ratio": 0.331, "vulnClass": "moderate"}}, {"type": "Feature", "geometry": {"type": "MultiPolygon", "coordinates": [[[[72.02147599, 34.14608866], [72.02141416, 34.14615812], [72.02146886, 34.14619178], [72.02150835, 34.14614742], [72.02156579, 34.14618277], [72.02158813, 34.14615767], [72.02147599, 34.14608866]]]]}, "properties": {"id": "8J6J42WC+FH5Q", "height": 4.094480037689209, "hmax": 0.94, "ratio": 0.23, "vulnClass": "low"}}, {"type": "Feature", "geometry": {"type": "MultiPolygon", "coordinates": [[[[72.01990336, 34.14645714], [72.0197894, 34.14645399], [72.01978692, 34.14651626], [72.01981662, 34.14651708], [72.01981368, 34.14659075], [72.01978398, 34.14658993], [72.01978291, 34.14661674], [72.01989686, 34.14661989], [72.01990336, 34.14645714]]]]}, "properties": {"id": "8J6J42W9+JW96", "height": 2.579686164855957, "hmax": 1.243, "ratio": 0.482, "vulnClass": "moderate"}}, {"type": "Feature", "geometry": {"type": "MultiPolygon", "coordinates": [[[[72.0182076, 34.1461086], [72.018153, 34.1461063], [72.0181443, 34.1462502], [72.0183447, 34.1462586], [72.0183487, 34.1461917], [72.018203, 34.1461857], [72.0182076, 34.1461086]]]]}, "properties": {"id": "8J6J42W9+F7Q3", "height": 2.71220588684082, "hmax": 1.436, "ratio": 0.53, "vulnClass": "moderate"}}, {"type": "Feature", "geometry": {"type": "MultiPolygon", "coordinates": [[[[72.01848284, 34.14620327], [72.01848889, 34.14613405], [72.01844271, 34.14613126], [72.01844115, 34.14614911], [72.01834592, 34.14614335], [72.01833527, 34.14626514], [72.01847668, 34.14627369], [72.01848041, 34.14623098], [72.01846085, 34.14622979], [72.01846327, 34.14620208], [72.01848284, 34.14620327]]]]}, "properties": {"id": "8J6J42W9+F9M6", "height": 2.985734462738037, "hmax": 1.436, "ratio": 0.481, "vulnClass": "moderate"}}, {"type": "Feature", "geometry": {"type": "MultiPolygon", "coordinates": [[[[72.01921218, 34.14597061], [72.01896275, 34.14596251], [72.01895856, 34.14605179], [72.01920798, 34.14605989], [72.01921218, 34.14597061]]]]}, "properties": {"id": "8J6J42W9+CJ4G", "height": 4.532202243804932, "hmax": 1.417, "ratio": 0.313, "vulnClass": "moderate"}}, {"type": "Feature", "geometry": {"type": "MultiPolygon", "coordinates": [[[[72.01929869, 34.14548677], [72.01930141, 34.14545475], [72.01923714, 34.14545097], [72.01923441, 34.14548299], [72.01929869, 34.14548677]]]]}, "properties": {"id": "8J6J42W9+5PJP", "height": 2.571966409683228, "hmax": 1.433, "ratio": 0.557, "vulnClass": "moderate"}}, {"type": "Feature", "geometry": {"type": "MultiPolygon", "coordinates": [[[[72.01897921, 34.14562202], [72.0189934, 34.1454642], [72.01889769, 34.14545825], [72.01888349, 34.14561607], [72.01897921, 34.14562202]]]]}, "properties": {"id": "8J6J42W9+6H8J", "height": 2.537703037261963, "hmax": 1.417, "ratio": 0.558, "vulnClass": "moderate"}}, {"type": "Feature", "geometry": {"type": "MultiPolygon", "coordinates": [[[[72.01942355, 34.14508311], [72.0193467, 34.14507858], [72.01934212, 34.14513241], [72.01941896, 34.14513694], [72.01942355, 34.14508311]]]]}, "properties": {"id": "8J6J42W9+2QR7", "height": 2.853123903274536, "hmax": 1.458, "ratio": 0.511, "vulnClass": "moderate"}}, {"type": "Feature", "geometry": {"type": "MultiPolygon", "coordinates": [[[[72.01961476, 34.14502791], [72.01961726, 34.14497558], [72.01948584, 34.14497123], [72.01948702, 34.14494665], [72.01942927, 34.14494474], [72.01942809, 34.14496932], [72.01941971, 34.14496905], [72.01941311, 34.14510706], [72.01950084, 34.14510996], [72.01950493, 34.14502427], [72.01961476, 34.14502791]]]]}, "properties": {"id": "8J6J42W9+2Q5W", "height": 2.853123903274536, "hmax": 1.458, "ratio": 0.511, "vulnClass": "moderate"}}, {"type": "Feature", "geometry": {"type": "MultiPolygon", "coordinates": [[[[72.01951512, 34.14481127], [72.01936455, 34.14480629], [72.01936081, 34.1448843], [72.01951139, 34.14488928], [72.01951512, 34.14481127]]]]}, "properties": {"id": "8J6J42V9+WQPR", "height": 3.188808917999268, "hmax": 1.458, "ratio": 0.457, "vulnClass": "moderate"}}, {"type": "Feature", "geometry": {"type": "MultiPolygon", "coordinates": [[[[72.01933279, 34.14489717], [72.01930423, 34.1448942], [72.01929903, 34.14492878], [72.01932759, 34.14493175], [72.01933279, 34.14489717]]]]}, "properties": {"id": "8J6J42V9+XP8C", "height": 3.225161552429199, "hmax": 1.458, "ratio": 0.452, "vulnClass": "moderate"}}, {"type": "Feature", "geometry": {"type": "MultiPolygon", "coordinates": [[[[72.01943205, 34.14488666], [72.01936081, 34.1448843], [72.01935609, 34.14498299], [72.01942733, 34.14498534], [72.01943205, 34.14488666]]]]}, "properties": {"id": "8J6J42V9+XQC8", "height": 3.242407083511353, "hmax": 1.458, "ratio": 0.45, "vulnClass": "moderate"}}, {"type": "Feature", "geometry": {"type": "MultiPolygon", "coordinates": [[[[72.01953518, 34.14470288], [72.01936099, 34.14469512], [72.01935376, 34.14480743], [72.01952795, 34.14481519], [72.01953518, 34.14470288]]]]}, "properties": {"id": "8J6J42V9+WQ46", "height": 2.864100456237793, "hmax": 1.458, "ratio": 0.509, "vulnClass": "moderate"}}, {"type": "Feature", "geometry": {"type": "MultiPolygon", "coordinates": [[[[72.01951424, 34.14461828], [72.01944487, 34.14461663], [72.01944358, 34.14465408], [72.01951296, 34.14465573], [72.01951424, 34.14461828]]]]}, "properties": {"id": "8J6J42V9+VQ5F", "height": 3.479907989501953, "hmax": 1.458, "ratio": 0.419, "vulnClass": "moderate"}}, {"type": "Feature", "geometry": {"type": "MultiPolygon", "coordinates": [[[[72.01900389, 34.14460162], [72.01900258, 34.14455451], [72.01885158, 34.1445574], [72.01885289, 34.14460452], [72.01900389, 34.14460162]]]]}, "properties": {"id": "8J6J42V9+RHM4", "height": 2.900499105453491, "hmax": 1.458, "ratio": 0.503, "vulnClass": "moderate"}}, {"type": "Feature", "geometry": {"type": "MultiPolygon", "coordinates": [[[[72.01888114, 34.14500851], [72.01887407, 34.14480419], [72.0187722, 34.14480663], [72.01877927, 34.14501095], [72.01888114, 34.14500851]]]]}, "properties": {"id": "8J6J42V9+XG87", "height": 2.713179588317871, "hmax": 1.458, "ratio": 0.537, "vulnClass": "moderate"}}, {"type": "Feature", "geometry": {"type": "MultiPolygon", "coordinates": [[[[72.01905461, 34.14479953], [72.01896768, 34.14480053], [72.01897054, 34.14497261], [72.01914015, 34.14497066], [72.01913959, 34.14493753], [72.01905692, 34.14493848], [72.01905461, 34.14479953]]]]}, "properties": {"id": "8J6J42V9+XJ2X", "height": 4.398513317108154, "hmax": 1.458, "ratio": 0.331, "vulnClass": "moderate"}}, {"type": "Feature", "geometry": {"type": "MultiPolygon", "coordinates": [[[[72.01821255, 34.14459853], [72.018124, 34.14459853], [72.018124, 34.1446268], [72.01821256, 34.1446268], [72.01821255, 34.14459853]]]]}, "properties": {"id": "8J6J42V9+R7VF", "height": 2.453858852386475, "hmax": 1.452, "ratio": 0.592, "vulnClass": "moderate"}}, {"type": "Feature", "geometry": {"type": "MultiPolygon", "coordinates": [[[[72.01787061, 34.14505464], [72.01774615, 34.14505062], [72.01774411, 34.14509425], [72.01786857, 34.14509827], [72.01787061, 34.14505464]]]]}, "properties": {"id": "8J6J42W9+24FX", "height": 3.496231317520142, "hmax": 1.452, "ratio": 0.415, "vulnClass": "moderate"}}, {"type": "Feature", "geometry": {"type": "MultiPolygon", "coordinates": [[[[72.01774411, 34.14509425], [72.01772348, 34.14509358], [72.01772136, 34.14513899], [72.01774199, 34.14513965], [72.01774411, 34.14509425]]]]}, "properties": {"id": "8J6J42W9+23XM", "height": 2.531952381134033, "hmax": 1.452, "ratio": 0.574, "vulnClass": "moderate"}}, {"type": "Feature", "geometry": {"type": "MultiPolygon", "coordinates": [[[[72.01783839, 34.14514653], [72.01772794, 34.14514452], [72.01772614, 34.14521272], [72.01783659, 34.14521474], [72.01783839, 34.14514653]]]]}, "properties": {"id": "8J6J42W9+34F2", "height": 2.834079742431641, "hmax": 1.452, "ratio": 0.512, "vulnClass": "moderate"}}, {"type": "Feature", "geometry": {"type": "MultiPolygon", "coordinates": [[[[72.01857702, 34.14511357], [72.01849741, 34.14511369], [72.01849751, 34.14515935], [72.01857712, 34.14515923], [72.01857702, 34.14511357]]]]}, "properties": {"id": "8J6J42W9+3C3C", "height": 2.489560842514038, "hmax": 1.452, "ratio": 0.583, "vulnClass": "moderate"}}, {"type": "Feature", "geometry": {"type": "MultiPolygon", "coordinates": [[[[72.0185307, 34.14532239], [72.01853047, 34.1452421], [72.01844873, 34.14524227], [72.01844885, 34.14528155], [72.01837105, 34.1452817], [72.01837117, 34.14532271], [72.0185307, 34.14532239]]]]}, "properties": {"id": "8J6J42W9+498H", "height": 2.728044271469116, "hmax": 1.452, "ratio": 0.532, "vulnClass": "moderate"}}, {"type": "Feature", "geometry": {"type": "MultiPolygon", "coordinates": [[[[72.01824113, 34.14549218], [72.0181905, 34.14549254], [72.01819077, 34.14551894], [72.0182414, 34.14551857], [72.01824113, 34.14549218]]]]}, "properties": {"id": "8J6J42W9+6749", "height": 2.444890260696411, "hmax": 1.436, "ratio": 0.587, "vulnClass": "moderate"}}, {"type": "Feature", "geometry": {"type": "MultiPolygon", "coordinates": [[[[72.01831906, 34.14551802], [72.01831834, 34.14544901], [72.01824069, 34.14544957], [72.0182414, 34.14551857], [72.01831906, 34.14551802]]]]}, "properties": {"id": "8J6J42W9+58R9", "height": 2.809972047805786, "hmax": 1.436, "ratio": 0.511, "vulnClass": "moderate"}}, {"type": "Feature", "geometry": {"type": "MultiPolygon", "coordinates": [[[[72.01773024, 34.14505411], [72.01752598, 34.14505018], [72.01752491, 34.14508866], [72.01772917, 34.14509259], [72.01773024, 34.14505411]]]]}, "properties": {"id": "8J6J42W9+23CR", "height": 2.720964431762695, "hmax": 1.444, "ratio": 0.531, "vulnClass": "moderate"}}, {"type": "Feature", "geometry": {"type": "MultiPolygon", "coordinates": [[[[72.01783297, 34.14672631], [72.01766839, 34.14671213], [72.01765503, 34.14681935], [72.0178196, 34.14683354], [72.01783297, 34.14672631]]]]}, "properties": {"id": "8J6J42W9+P35X", "height": 2.735464572906494, "hmax": 1.306, "ratio": 0.477, "vulnClass": "moderate"}}, {"type": "Feature", "geometry": {"type": "MultiPolygon", "coordinates": [[[[72.01781529, 34.14683495], [72.01766144, 34.1468223], [72.01765267, 34.14689608], [72.01763344, 34.14689449], [72.01762499, 34.14696554], [72.01786525, 34.1469853], [72.01787371, 34.14691425], [72.01778738, 34.14690716], [72.01779123, 34.14687479], [72.01781036, 34.14687636], [72.01781529, 34.14683495]]]]}, "properties": {"id": "8J6J42W9+Q39G", "height": 2.735464572906494, "hmax": 1.306, "ratio": 0.477, "vulnClass": "moderate"}}, {"type": "Feature", "geometry": {"type": "MultiPolygon", "coordinates": [[[[72.01769867, 34.1469716], [72.01762499, 34.14696554], [72.01761017, 34.14709007], [72.01787255, 34.14711165], [72.01787717, 34.14707279], [72.01774197, 34.14706167], [72.0177438, 34.1470463], [72.0176903, 34.1470419], [72.01769867, 34.1469716]]]]}, "properties": {"id": "8J6J42W9+R3G4", "height": 2.492015838623047, "hmax": 1.306, "ratio": 0.524, "vulnClass": "moderate"}}, {"type": "Feature", "geometry": {"type": "MultiPolygon", "coordinates": [[[[72.01888973, 34.14696813], [72.0188526, 34.14696562], [72.01884153, 34.1470792], [72.01887866, 34.1470817], [72.01888973, 34.14696813]]]]}, "properties": {"id": "8J6J42W9+RG5W", "height": 3.066926002502441, "hmax": 1.296, "ratio": 0.423, "vulnClass": "moderate"}}, {"type": "Feature", "geometry": {"type": "MultiPolygon", "coordinates": [[[[72.01899327, 34.14708943], [72.01884153, 34.1470792], [72.01883515, 34.14714463], [72.01898689, 34.14715486], [72.01899327, 34.14708943]]]]}, "properties": {"id": "8J6J42W9+RHVM", "height": 3.066926002502441, "hmax": 1.296, "ratio": 0.423, "vulnClass": "moderate"}}, {"type": "Feature", "geometry": {"type": "MultiPolygon", "coordinates": [[[[72.01886856, 34.14739107], [72.01882385, 34.14738881], [72.01882103, 34.14742745], [72.01894521, 34.14743371], [72.01894703, 34.14740869], [72.01886757, 34.14740469], [72.01886856, 34.14739107]]]]}, "properties": {"id": "8J6J42W9+XH6C", "height": 2.571209907531738, "hmax": 1.097, "ratio": 0.427, "vulnClass": "moderate"}}, {"type": "Feature", "geometry": {"type": "MultiPolygon", "coordinates": [[[[72.01881758, 34.14739867], [72.01878571, 34.1473974], [72.01877224, 34.14763051], [72.01891607, 34.14763626], [72.01891882, 34.14758879], [72.01885595, 34.14758628], [72.0188646, 34.14743652], [72.01881551, 34.14743456], [72.01881758, 34.14739867]]]]}, "properties": {"id": "8J6J42X9+2G8F", "height": 2.440781831741333, "hmax": 1.097, "ratio": 0.449, "vulnClass": "moderate"}}, {"type": "Feature", "geometry": {"type": "MultiPolygon", "coordinates": [[[[72.01820824, 34.14757112], [72.01805756, 34.14757161], [72.01805857, 34.1477878], [72.01820926, 34.14778731], [72.01820824, 34.14757112]]]]}, "properties": {"id": "8J6J42X9+37C3", "height": 3.42504620552063, "hmax": 1.083, "ratio": 0.316, "vulnClass": "moderate"}}, {"type": "Feature", "geometry": {"type": "MultiPolygon", "coordinates": [[[[72.01843532, 34.14755172], [72.01825371, 34.14754309], [72.01823704, 34.14778562], [72.01841865, 34.14779425], [72.01843532, 34.14755172]]]]}, "properties": {"id": "8J6J42X9+388Q", "height": 3.036792278289795, "hmax": 1.083, "ratio": 0.357, "vulnClass": "moderate"}}, {"type": "Feature", "geometry": {"type": "MultiPolygon", "coordinates": [[[[72.01915318, 34.14805254], [72.0190264, 34.14803956], [72.01901582, 34.14811099], [72.0191426, 34.14812397], [72.01915318, 34.14805254]]]]}, "properties": {"id": "8J6J42X9+6JP8", "height": 2.723011493682861, "hmax": 1.097, "ratio": 0.403, "vulnClass": "moderate"}}, {"type": "Feature", "geometry": {"type": "MultiPolygon", "coordinates": [[[[72.01812888, 34.14876762], [72.01812013, 34.148667], [72.01801182, 34.14867351], [72.01802057, 34.14877413], [72.01812888, 34.14876762]]]]}, "properties": {"id": "8J6J42X9+F6PV", "height": 3.325754642486572, "hmax": 0.987, "ratio": 0.297, "vulnClass": "low"}}, {"type": "Feature", "geometry": {"type": "MultiPolygon", "coordinates": [[[[72.01817393, 34.14881052], [72.01802137, 34.14880617], [72.01801885, 34.14886723], [72.01817141, 34.14887158], [72.01817393, 34.14881052]]]]}, "properties": {"id": "8J6J42X9+G6QC", "height": 2.851223468780518, "hmax": 0.987, "ratio": 0.346, "vulnClass": "moderate"}}, {"type": "Feature", "geometry": {"type": "MultiPolygon", "coordinates": [[[[72.0182654, 34.1486841], [72.0181855, 34.1486818], [72.0181791, 34.1488383], [72.018259, 34.1488406], [72.0182654, 34.1486841]]]]}, "properties": {"id": "8J6J42X9+G75C", "height": 2.529381990432739, "hmax": 0.987, "ratio": 0.39, "vulnClass": "moderate"}}, {"type": "Feature", "geometry": {"type": "MultiPolygon", "coordinates": [[[[72.01869816, 34.14861249], [72.01864967, 34.14861027], [72.01864673, 34.14865449], [72.01860806, 34.14865271], [72.01860568, 34.14868851], [72.01869285, 34.14869251], [72.01869816, 34.14861249]]]]}, "properties": {"id": "8J6J42X9+FF76", "height": 2.698678493499756, "hmax": 1.005, "ratio": 0.372, "vulnClass": "moderate"}}, {"type": "Feature", "geometry": {"type": "MultiPolygon", "coordinates": [[[[72.0189111, 34.14864588], [72.01876771, 34.14863587], [72.01876007, 34.14871157], [72.01878063, 34.14871301], [72.01877896, 34.14872958], [72.01899516, 34.14874467], [72.01899981, 34.14869865], [72.01890643, 34.14869213], [72.0189111, 34.14864588]]]]}, "properties": {"id": "8J6J42X9+FGHP", "height": 2.516086101531982, "hmax": 1.005, "ratio": 0.399, "vulnClass": "moderate"}}, {"type": "Feature", "geometry": {"type": "MultiPolygon", "coordinates": [[[[72.01875711, 34.14859102], [72.01869976, 34.14858838], [72.01869285, 34.14869251], [72.0187502, 34.14869514], [72.01875711, 34.14859102]]]]}, "properties": {"id": "8J6J42X9+FF5J", "height": 2.73670482635498, "hmax": 1.005, "ratio": 0.367, "vulnClass": "moderate"}}, {"type": "Feature", "geometry": {"type": "MultiPolygon", "coordinates": [[[[72.01900618, 34.14938788], [72.01896036, 34.1493868], [72.01895883, 34.14943192], [72.01900465, 34.14943299], [72.01900618, 34.14938788]]]]}, "properties": {"id": "8J6J42X9+QH97", "height": 2.879194259643555, "hmax": 1.002, "ratio": 0.348, "vulnClass": "moderate"}}, {"type": "Feature", "geometry": {"type": "MultiPolygon", "coordinates": [[[[72.01904479, 34.14929221], [72.01900945, 34.14929138], [72.01900699, 34.14936404], [72.01904232, 34.14936487], [72.01904479, 34.14929221]]]]}, "properties": {"id": "8J6J42X9+PJJ5", "height": 3.220370769500732, "hmax": 1.002, "ratio": 0.311, "vulnClass": "moderate"}}, {"type": "Feature", "geometry": {"type": "MultiPolygon", "coordinates": [[[[72.01897981, 34.14923279], [72.01897033, 34.14927631], [72.01913916, 34.14930173], [72.01915336, 34.14923655], [72.01909031, 34.14922705], [72.01908559, 34.14924872], [72.01897981, 34.14923279]]]]}, "properties": {"id": "8J6J42X9+PJ4C", "height": 2.517556667327881, "hmax": 1.002, "ratio": 0.398, "vulnClass": "moderate"}}, {"type": "Feature", "geometry": {"type": "MultiPolygon", "coordinates": [[[[72.01815213, 34.14931528], [72.01813016, 34.14931399], [72.01812614, 34.14936148], [72.01814811, 34.14936277], [72.01815213, 34.14931528]]]]}, "properties": {"id": "8J6J42X9+P7JF", "height": 3.167924404144287, "hmax": 1.036, "ratio": 0.327, "vulnClass": "moderate"}}, {"type": "Feature", "geometry": {"type": "MultiPolygon", "coordinates": [[[[72.0185747, 34.14946699], [72.01851068, 34.14946297], [72.01850044, 34.14957592], [72.01862638, 34.14958382], [72.01863105, 34.14953225], [72.01860711, 34.14953075], [72.01861005, 34.14949829], [72.01857207, 34.14949591], [72.0185747, 34.14946699]]]]}, "properties": {"id": "8J6J42X9+RC79", "height": 2.773648738861084, "hmax": 1.002, "ratio": 0.361, "vulnClass": "moderate"}}, {"type": "Feature", "geometry": {"type": "MultiPolygon", "coordinates": [[[[72.01966971, 34.14982977], [72.01952274, 34.14981616], [72.01951223, 34.14989453], [72.01955082, 34.14989811], [72.01954568, 34.14993649], [72.01965406, 34.14994653], [72.01966971, 34.14982977]]]]}, "properties": {"id": "8J6J42X9+XR52", "height": 3.333369255065918, "hmax": 0.782, "ratio": 0.235, "vulnClass": "low"}}, {"type": "Feature", "geometry": {"type": "MultiPolygon", "coordinates": [[[[72.01917775, 34.14993447], [72.01909417, 34.1499275], [72.01908442, 34.15000828], [72.01914227, 34.1500131], [72.01914795, 34.14996602], [72.01917368, 34.14996817], [72.01917775, 34.14993447]]]]}, "properties": {"id": "8J6J42X9+XMJJ", "height": 2.95083212852478, "hmax": 0.861, "ratio": 0.292, "vulnClass": "low"}}, {"type": "Feature", "geometry": {"type": "MultiPolygon", "coordinates": [[[[72.0193696, 34.1499527], [72.0192435, 34.1499467], [72.0192384, 34.1500211], [72.0193644, 34.1500272], [72.0193696, 34.1499527]]]]}, "properties": {"id": "8J6J42X9+XPVG", "height": 7.772672653198242, "hmax": 0.782, "ratio": 0.101, "vulnClass": "low"}}, {"type": "Feature", "geometry": {"type": "MultiPolygon", "coordinates": [[[[72.01954243, 34.14998376], [72.01947565, 34.14998022], [72.0194729, 34.15001598], [72.01953968, 34.15001952], [72.01954243, 34.14998376]]]]}, "properties": {"id": "8J6J42X9+XRRR", "height": 8.783184051513672, "hmax": 0.679, "ratio": 0.077, "vulnClass": "low"}}, {"type": "Feature", "geometry": {"type": "MultiPolygon", "coordinates": [[[[72.01946236, 34.1503389], [72.01941114, 34.15033563], [72.0194082, 34.15036739], [72.01945942, 34.15037067], [72.01946236, 34.1503389]]]]}, "properties": {"id": "8J6J5229+4QV5", "height": 4.815364837646484, "hmax": 0.679, "ratio": 0.141, "vulnClass": "low"}}, {"type": "Feature", "geometry": {"type": "MultiPolygon", "coordinates": [[[[72.01807128, 34.15154442], [72.01776073, 34.15152107], [72.01774589, 34.1516575], [72.01805643, 34.15168086], [72.01807128, 34.15154442]]]]}, "properties": {"id": "8J6J5229+J5V2", "height": 2.504480600357056, "hmax": 0.491, "ratio": 0.196, "vulnClass": "low"}}, {"type": "Feature", "geometry": {"type": "MultiPolygon", "coordinates": [[[[72.01865019, 34.15189578], [72.01861701, 34.15178219], [72.01845628, 34.15181463], [72.01848102, 34.15189931], [72.01859367, 34.15187657], [72.01860212, 34.15190549], [72.01865019, 34.15189578]]]]}, "properties": {"id": "8J6J5229+PCMQ", "height": 3.240565061569214, "hmax": 0.019, "ratio": 0.006, "vulnClass": "none"}}, {"type": "Feature", "geometry": {"type": "MultiPolygon", "coordinates": [[[[72.0177332, 34.1520761], [72.0177433, 34.1520013], [72.0176043, 34.1519883], [72.0175914, 34.1520842], [72.0176222, 34.1520871], [72.017625, 34.1520661], [72.0177332, 34.1520761]]]]}, "properties": {"id": "8J6J5229+R377", "height": 2.44188928604126, "hmax": 0.234, "ratio": 0.096, "vulnClass": "low"}}, {"type": "Feature", "geometry": {"type": "MultiPolygon", "coordinates": [[[[72.01859909, 34.15193759], [72.0185776, 34.1518828], [72.01846596, 34.15191306], [72.01848745, 34.15196785], [72.01859909, 34.15193759]]]]}, "properties": {"id": "8J6J5229+QCF2", "height": 3.240565061569214, "hmax": 0.019, "ratio": 0.006, "vulnClass": "none"}}, {"type": "Feature", "geometry": {"type": "MultiPolygon", "coordinates": [[[[72.01948006, 34.15216584], [72.01938279, 34.15216438], [72.01937985, 34.15229967], [72.01947712, 34.15230113], [72.01948006, 34.15216584]]]]}, "properties": {"id": "8J6J5229+VQV9", "height": 2.591885805130005, "hmax": 0.027, "ratio": 0.01, "vulnClass": "none"}}, {"type": "Feature", "geometry": {"type": "MultiPolygon", "coordinates": [[[[72.01786121, 34.15133102], [72.0178287, 34.15133006], [72.01782702, 34.15136929], [72.01785953, 34.15137025], [72.01786121, 34.15133102]]]]}, "properties": {"id": "8J6J5229+G4X2", "height": 2.500545263290405, "hmax": 0.491, "ratio": 0.196, "vulnClass": "low"}}, {"type": "Feature", "geometry": {"type": "MultiPolygon", "coordinates": [[[[72.0178208, 34.1513494], [72.0177207, 34.1513419], [72.0177076, 34.1514625], [72.0179621, 34.1514816], [72.0179725, 34.1513862], [72.0178181, 34.1513746], [72.0178208, 34.1513494]]]]}, "properties": {"id": "8J6J5229+H48P", "height": 2.606458187103271, "hmax": 0.491, "ratio": 0.188, "vulnClass": "low"}}, {"type": "Feature", "geometry": {"type": "MultiPolygon", "coordinates": [[[[72.01799506, 34.15123868], [72.01786083, 34.15123136], [72.01785516, 34.15130315], [72.01798939, 34.15131047], [72.01799506, 34.15123868]]]]}, "properties": {"id": "8J6J5229+G53W", "height": 2.812457323074341, "hmax": 0.491, "ratio": 0.175, "vulnClass": "low"}}, {"type": "Feature", "geometry": {"type": "MultiPolygon", "coordinates": [[[[72.018619, 34.1505967], [72.0184475, 34.1505832], [72.018442, 34.1506326], [72.0184707, 34.1506348], [72.0184631, 34.1507024], [72.0186058, 34.1507135], [72.018619, 34.1505967]]]]}, "properties": {"id": "8J6J5229+7C3R", "height": 2.59368109703064, "hmax": 0.679, "ratio": 0.262, "vulnClass": "low"}}, {"type": "Feature", "geometry": {"type": "MultiPolygon", "coordinates": [[[[72.01897232, 34.15040781], [72.01890172, 34.15040063], [72.01889157, 34.15046969], [72.01896217, 34.15047686], [72.01897232, 34.15040781]]]]}, "properties": {"id": "8J6J5229+5HFH", "height": 5.965168952941895, "hmax": 0.679, "ratio": 0.114, "vulnClass": "low"}}, {"type": "Feature", "geometry": {"type": "MultiPolygon", "coordinates": [[[[72.01964577, 34.1505956], [72.01953612, 34.15058664], [72.01952417, 34.15068779], [72.01968271, 34.15070074], [72.01968971, 34.15064144], [72.01964083, 34.15063745], [72.01964577, 34.1505956]]]]}, "properties": {"id": "8J6J5229+7R5R", "height": 3.769344806671143, "hmax": 0.36, "ratio": 0.096, "vulnClass": "low"}}, {"type": "Feature", "geometry": {"type": "MultiPolygon", "coordinates": [[[[72.01929348, 34.15052221], [72.01912673, 34.15050923], [72.01911715, 34.15059433], [72.0192839, 34.15060731], [72.01929348, 34.15052221]]]]}, "properties": {"id": "8J6J5229+6MG8", "height": 9.310017585754395, "hmax": 0.679, "ratio": 0.073, "vulnClass": "low"}}, {"type": "Feature", "geometry": {"type": "MultiPolygon", "coordinates": [[[[72.0195293, 34.1505198], [72.0193789, 34.1505102], [72.0193763, 34.1505385], [72.0193401, 34.1505362], [72.0193263, 34.1506865], [72.0195129, 34.1506983], [72.0195293, 34.1505198]]]]}, "properties": {"id": "8J6J5229+6QV9", "height": 7.402091026306152, "hmax": 0.678, "ratio": 0.092, "vulnClass": "low"}}, {"type": "Feature", "geometry": {"type": "MultiPolygon", "coordinates": [[[[72.019789, 34.15041075], [72.01970063, 34.15040355], [72.01968572, 34.15053011], [72.01977409, 34.1505373], [72.019789, 34.15041075]]]]}, "properties": {"id": "8J6J5229+5VQW", "height": 2.446678161621094, "hmax": 0.36, "ratio": 0.147, "vulnClass": "low"}}, {"type": "Feature", "geometry": {"type": "MultiPolygon", "coordinates": [[[[72.01989463, 34.15041935], [72.019789, 34.15041075], [72.01977409, 34.1505373], [72.01987972, 34.15054591], [72.01989463, 34.15041935]]]]}, "properties": {"id": "8J6J5229+5WW4", "height": 2.931443929672241, "hmax": 0.36, "ratio": 0.123, "vulnClass": "low"}}, {"type": "Feature", "geometry": {"type": "MultiPolygon", "coordinates": [[[[72.02000178, 34.15042118], [72.01989843, 34.15041273], [72.01988862, 34.1504957], [72.01993239, 34.15049928], [72.01993602, 34.15046858], [72.0199956, 34.15047345], [72.02000178, 34.15042118]]]]}, "properties": {"id": "8J6J5229+5XP2", "height": 3.898877859115601, "hmax": 0.36, "ratio": 0.092, "vulnClass": "low"}}, {"type": "Feature", "geometry": {"type": "MultiPolygon", "coordinates": [[[[72.01977994, 34.15060655], [72.01970204, 34.15060019], [72.01969709, 34.15064205], [72.01968971, 34.15064144], [72.01968271, 34.15070074], [72.01976799, 34.1507077], [72.01977994, 34.15060655]]]]}, "properties": {"id": "8J6J5229+7V93", "height": 2.649467945098877, "hmax": 0.36, "ratio": 0.136, "vulnClass": "low"}}, {"type": "Feature", "geometry": {"type": "MultiPolygon", "coordinates": [[[[72.01964775, 34.15055576], [72.01955289, 34.15054974], [72.01954898, 34.15059238], [72.01964383, 34.1505984], [72.01964775, 34.15055576]]]]}, "properties": {"id": "8J6J5229+6RHR", "height": 6.181835174560547, "hmax": 0.36, "ratio": 0.058, "vulnClass": "low"}}, {"type": "Feature", "geometry": {"type": "MultiPolygon", "coordinates": [[[[72.0202542, 34.150795], [72.0199541, 34.1507777], [72.019942, 34.1509233], [72.0200019, 34.1509268], [72.0200038, 34.1509035], [72.0201155, 34.1509099], [72.0201136, 34.1509332], [72.0202421, 34.1509406], [72.0202542, 34.150795]]]]}, "properties": {"id": "8J6J522C+82X6", "height": 3.232456207275391, "hmax": 0.305, "ratio": 0.094, "vulnClass": "low"}}, {"type": "Feature", "geometry": {"type": "MultiPolygon", "coordinates": [[[[72.0199671, 34.1506437], [72.0199552, 34.1507722], [72.0200758, 34.1507799], [72.020081, 34.1507236], [72.0201062, 34.1507252], [72.0201129, 34.1506529], [72.0199671, 34.1506437]]]]}, "properties": {"id": "8J6J522C+72J9", "height": 3.363160371780396, "hmax": 0.36, "ratio": 0.107, "vulnClass": "low"}}, {"type": "Feature", "geometry": {"type": "MultiPolygon", "coordinates": [[[[72.02034287, 34.15081927], [72.02026113, 34.15081301], [72.02024944, 34.1509186], [72.02028351, 34.15092121], [72.02028175, 34.15093707], [72.02032942, 34.15094072], [72.02034287, 34.15081927]]]]}, "properties": {"id": "8J6J522C+84VW", "height": 2.553035259246826, "hmax": 0.287, "ratio": 0.112, "vulnClass": "low"}}, {"type": "Feature", "geometry": {"type": "MultiPolygon", "coordinates": [[[[72.0205751, 34.15083658], [72.02050292, 34.15083142], [72.02049056, 34.15095105], [72.02056274, 34.1509562], [72.0205751, 34.15083658]]]]}, "properties": {"id": "8J6J522C+963J", "height": 2.966299533843994, "hmax": 0.254, "ratio": 0.086, "vulnClass": "low"}}, {"type": "Feature", "geometry": {"type": "MultiPolygon", "coordinates": [[[[72.02042846, 34.15068213], [72.02036577, 34.1506726], [72.02033509, 34.15081214], [72.02039778, 34.15082167], [72.02042846, 34.15068213]]]]}, "properties": {"id": "8J6J522C+75RR", "height": 2.558298587799072, "hmax": 0.36, "ratio": 0.141, "vulnClass": "low"}}, {"type": "Feature", "geometry": {"type": "MultiPolygon", "coordinates": [[[[72.02051717, 34.15069347], [72.02042239, 34.1506867], [72.02040814, 34.15082466], [72.02050292, 34.15083142], [72.02051717, 34.15069347]]]]}, "properties": {"id": "8J6J522C+8549", "height": 2.97105073928833, "hmax": 0.36, "ratio": 0.121, "vulnClass": "low"}}, {"type": "Feature", "geometry": {"type": "MultiPolygon", "coordinates": [[[[72.02058807, 34.15069169], [72.02051702, 34.1506872], [72.02050382, 34.15083157], [72.02057486, 34.15083607], [72.02058807, 34.15069169]]]]}, "properties": {"id": "8J6J522C+863F", "height": 2.966299533843994, "hmax": 0.36, "ratio": 0.121, "vulnClass": "low"}}, {"type": "Feature", "geometry": {"type": "MultiPolygon", "coordinates": [[[[72.02030577, 34.15043309], [72.02029456, 34.15043253], [72.02028335, 34.15058615], [72.02037708, 34.15059088], [72.02038603, 34.15046823], [72.02030351, 34.15046407], [72.02030577, 34.15043309]]]]}, "properties": {"id": "8J6J522C+644W", "height": 2.650822162628174, "hmax": 0.36, "ratio": 0.136, "vulnClass": "low"}}, {"type": "Feature", "geometry": {"type": "MultiPolygon", "coordinates": [[[[72.02047551, 34.15059668], [72.02048734, 34.1504786], [72.02038913, 34.1504718], [72.02037607, 34.15060215], [72.02041765, 34.15060503], [72.02041888, 34.15059276], [72.02047551, 34.15059668]]]]}, "properties": {"id": "8J6J522C+657H", "height": 2.734322071075439, "hmax": 0.36, "ratio": 0.132, "vulnClass": "low"}}, {"type": "Feature", "geometry": {"type": "MultiPolygon", "coordinates": [[[[72.0208004, 34.1504806], [72.0207031, 34.1504763], [72.0206964, 34.1505835], [72.0207423, 34.1505854], [72.0207408, 34.1506093], [72.0207922, 34.1506115], [72.0208004, 34.1504806]]]]}, "properties": {"id": "8J6J522C+686C", "height": 2.532765865325928, "hmax": 0.176, "ratio": 0.07, "vulnClass": "low"}}, {"type": "Feature", "geometry": {"type": "MultiPolygon", "coordinates": [[[[72.02166836, 34.15058308], [72.02143757, 34.15056438], [72.02142417, 34.15067861], [72.02157842, 34.15069216], [72.02165485, 34.15069835], [72.02166836, 34.15058308]]]]}, "properties": {"id": "8J6J522C+7J37", "height": 3.558551788330078, "hmax": 0.176, "ratio": 0.05, "vulnClass": "none"}}, {"type": "Feature", "geometry": {"type": "MultiPolygon", "coordinates": [[[[72.0213402, 34.1505622], [72.0213456, 34.1505213], [72.0213103, 34.1505181], [72.0213049, 34.150559], [72.0212454, 34.1505536], [72.0212319, 34.1506568], [72.0213442, 34.1506669], [72.0213578, 34.1505638], [72.0213402, 34.1505622]]]]}, "properties": {"id": "8J6J522C+6GV4", "height": 3.677383184432983, "hmax": 0.176, "ratio": 0.048, "vulnClass": "none"}}, {"type": "Feature", "geometry": {"type": "MultiPolygon", "coordinates": [[[[72.02143365, 34.15078522], [72.02134489, 34.1507797], [72.02133436, 34.15089658], [72.0214813, 34.15090573], [72.02147934, 34.15092741], [72.02149719, 34.15092852], [72.02150773, 34.15081156], [72.02145645, 34.15080837], [72.02145586, 34.15081492], [72.02143111, 34.15081338], [72.02143365, 34.15078522]]]]}, "properties": {"id": "8J6J522C+8HMV", "height": 3.694777250289917, "hmax": 0.176, "ratio": 0.048, "vulnClass": "none"}}, {"type": "Feature", "geometry": {"type": "MultiPolygon", "coordinates": [[[[72.0208544, 34.1507315], [72.0208412, 34.150855], [72.0209359, 34.150862], [72.0209381, 34.1508416], [72.0209777, 34.1508446], [72.0209888, 34.1507415], [72.0208544, 34.1507315]]]]}, "properties": {"id": "8J6J522C+897R", "height": 2.467993021011353, "hmax": 0.176, "ratio": 0.071, "vulnClass": "low"}}, {"type": "Feature", "geometry": {"type": "MultiPolygon", "coordinates": [[[[72.02078255, 34.1507034], [72.02070654, 34.15069728], [72.02069082, 34.1508322], [72.02076683, 34.15083832], [72.02078255, 34.1507034]]]]}, "properties": {"id": "8J6J522C+875P", "height": 2.978028535842896, "hmax": 0.176, "ratio": 0.059, "vulnClass": "low"}}, {"type": "Feature", "geometry": {"type": "MultiPolygon", "coordinates": [[[[72.02082683, 34.15085456], [72.02074619, 34.1508488], [72.02073138, 34.15099214], [72.02077672, 34.15099538], [72.02077917, 34.15097166], [72.02081447, 34.15097418], [72.02082683, 34.15085456]]]]}, "properties": {"id": "8J6J522C+986Q", "height": 3.209967136383057, "hmax": 0.139, "ratio": 0.043, "vulnClass": "none"}}, {"type": "Feature", "geometry": {"type": "MultiPolygon", "coordinates": [[[[72.02074497, 34.15086066], [72.02066059, 34.15085463], [72.02064701, 34.15098612], [72.02073138, 34.15099214], [72.02074497, 34.15086066]]]]}, "properties": {"id": "8J6J522C+978V", "height": 3.296688795089722, "hmax": 0.135, "ratio": 0.041, "vulnClass": "none"}}, {"type": "Feature", "geometry": {"type": "MultiPolygon", "coordinates": [[[[72.02064689, 34.15109184], [72.02056608, 34.15108561], [72.02055001, 34.15122944], [72.02065882, 34.15123784], [72.02066823, 34.15115366], [72.02064022, 34.1511515], [72.02064689, 34.15109184]]]]}, "properties": {"id": "8J6J522C+F69M", "height": 3.635150194168091, "hmax": 0.107, "ratio": 0.029, "vulnClass": "none"}}, {"type": "Feature", "geometry": {"type": "MultiPolygon", "coordinates": [[[[72.0213369, 34.1509278], [72.0212207, 34.1509127], [72.0212002, 34.1510212], [72.0213164, 34.1510363], [72.0213369, 34.1509278]]]]}, "properties": {"id": "8J6J522C+9GJW", "height": 3.501298666000366, "hmax": 0.111, "ratio": 0.032, "vulnClass": "none"}}, {"type": "Feature", "geometry": {"type": "MultiPolygon", "coordinates": [[[[72.02146832, 34.15103215], [72.02148602, 34.15090689], [72.02145344, 34.15090371], [72.02144783, 34.1509434], [72.02136737, 34.15093554], [72.02135223, 34.15104266], [72.02143269, 34.15105052], [72.02143574, 34.15102897], [72.02146832, 34.15103215]]]]}, "properties": {"id": "8J6J522C+9HV7", "height": 3.559549808502197, "hmax": 0.113, "ratio": 0.032, "vulnClass": "none"}}, {"type": "Feature", "geometry": {"type": "MultiPolygon", "coordinates": [[[[72.02136184, 34.15117457], [72.02137043, 34.1511205], [72.02127496, 34.15111002], [72.02124385, 34.15130593], [72.02130555, 34.1513127], [72.02131026, 34.15128301], [72.0213774, 34.15129038], [72.0213952, 34.15117823], [72.02136184, 34.15117457]]]]}, "properties": {"id": "8J6J522C+FGPC", "height": 3.177132129669189, "hmax": 0.109, "ratio": 0.034, "vulnClass": "none"}}, {"type": "Feature", "geometry": {"type": "MultiPolygon", "coordinates": [[[[72.0210491, 34.1512186], [72.0210398, 34.1512918], [72.0212353, 34.151309], [72.0212446, 34.1512359], [72.0210491, 34.1512186]]]]}, "properties": {"id": "8J6J522C+GF2G", "height": 4.802665710449219, "hmax": 0.109, "ratio": 0.023, "vulnClass": "none"}}, {"type": "Feature", "geometry": {"type": "MultiPolygon", "coordinates": [[[[72.02123588, 34.15113344], [72.02119479, 34.15113233], [72.02119378, 34.15115816], [72.02123487, 34.15115927], [72.02123588, 34.15113344]]]]}, "properties": {"id": "8J6J522C+FF4X", "height": 3.518170118331909, "hmax": 0.109, "ratio": 0.031, "vulnClass": "none"}}, {"type": "Feature", "geometry": {"type": "MultiPolygon", "coordinates": [[[[72.0205667, 34.15108003], [72.02045405, 34.15107133], [72.02043736, 34.15122074], [72.02055001, 34.15122944], [72.0205667, 34.15108003]]]]}, "properties": {"id": "8J6J522C+F662", "height": 3.742470741271973, "hmax": 0.102, "ratio": 0.027, "vulnClass": "none"}}, {"type": "Feature", "geometry": {"type": "MultiPolygon", "coordinates": [[[[72.02010785, 34.15104581], [72.01995234, 34.15103038], [72.01994776, 34.15106231], [72.01996997, 34.15106451], [72.01995366, 34.15117813], [72.02008695, 34.15119136], [72.02010785, 34.15104581]]]]}, "properties": {"id": "8J6J522C+C2R9", "height": 2.705720663070679, "hmax": 0.102, "ratio": 0.038, "vulnClass": "none"}}, {"type": "Feature", "geometry": {"type": "MultiPolygon", "coordinates": [[[[72.01985724, 34.15099618], [72.01986569, 34.15091791], [72.0197694, 34.15091073], [72.01975814, 34.15101505], [72.01980653, 34.15101866], [72.01980934, 34.15099261], [72.01985724, 34.15099618]]]]}, "properties": {"id": "8J6J5229+9WMH", "height": 3.026602029800415, "hmax": 0.102, "ratio": 0.034, "vulnClass": "none"}}, {"type": "Feature", "geometry": {"type": "MultiPolygon", "coordinates": [[[[72.01976649, 34.15091034], [72.01968432, 34.15090617], [72.01967836, 34.1509873], [72.01972189, 34.15098951], [72.01972003, 34.15101489], [72.01975866, 34.15101685], [72.01976649, 34.15091034]]]]}, "properties": {"id": "8J6J5229+9VQ6", "height": 3.193273067474365, "hmax": 0.102, "ratio": 0.032, "vulnClass": "none"}}, {"type": "Feature", "geometry": {"type": "MultiPolygon", "coordinates": [[[[72.0196401, 34.1512054], [72.0195543, 34.1511997], [72.0195424, 34.1513244], [72.0196281, 34.1513301], [72.0196401, 34.1512054]]]]}, "properties": {"id": "8J6J5229+GR4H", "height": 4.056035995483398, "hmax": 0.102, "ratio": 0.025, "vulnClass": "none"}}, {"type": "Feature", "geometry": {"type": "MultiPolygon", "coordinates": [[[[72.0196276, 34.1513802], [72.0196146, 34.1514996], [72.0197085, 34.1515067], [72.0197215, 34.1513872], [72.0196276, 34.1513802]]]]}, "properties": {"id": "8J6J5229+HVFM", "height": 3.188952445983887, "hmax": 0.102, "ratio": 0.032, "vulnClass": "none"}}, {"type": "Feature", "geometry": {"type": "MultiPolygon", "coordinates": [[[[72.01967547, 34.1518915], [72.01967536, 34.15178312], [72.01956529, 34.15178319], [72.01956539, 34.15189157], [72.01967547, 34.1518915]]]]}, "properties": {"id": "8J6J5229+PRQH", "height": 3.27550220489502, "hmax": 0.082, "ratio": 0.025, "vulnClass": "none"}}, {"type": "Feature", "geometry": {"type": "MultiPolygon", "coordinates": [[[[72.02008382, 34.15218182], [72.0199788, 34.15217845], [72.01997222, 34.15232019], [72.02007724, 34.15232356], [72.02008382, 34.15218182]]]]}, "properties": {"id": "8J6J522C+W225", "height": 2.649906873703003, "hmax": 0.082, "ratio": 0.031, "vulnClass": "none"}}, {"type": "Feature", "geometry": {"type": "MultiPolygon", "coordinates": [[[[72.0204857, 34.1521451], [72.0204652, 34.1522957], [72.0206486, 34.152313], [72.0206691, 34.1521624], [72.0204857, 34.1521451]]]]}, "properties": {"id": "8J6J522C+V6W2", "height": 2.943853378295898, "hmax": 0.23, "ratio": 0.078, "vulnClass": "low"}}, {"type": "Feature", "geometry": {"type": "MultiPolygon", "coordinates": [[[[72.0204894, 34.1519883], [72.0203346, 34.151972], [72.0203144, 34.1521049], [72.0205526, 34.1521299], [72.0205698, 34.1520169], [72.0204864, 34.1520082], [72.0204894, 34.1519883]]]]}, "properties": {"id": "8J6J522C+R5G2", "height": 2.584336996078491, "hmax": 0.086, "ratio": 0.033, "vulnClass": "none"}}, {"type": "Feature", "geometry": {"type": "MultiPolygon", "coordinates": [[[[72.02139713, 34.15179592], [72.02128078, 34.15178477], [72.02125702, 34.15195606], [72.02137337, 34.15196722], [72.02139713, 34.15179592]]]]}, "properties": {"id": "8J6J522C+QG43", "height": 4.016222953796387, "hmax": 0.288, "ratio": 0.072, "vulnClass": "low"}}, {"type": "Feature", "geometry": {"type": "MultiPolygon", "coordinates": [[[[72.02132765, 34.15177465], [72.0215163, 34.15179712], [72.02153202, 34.15170588], [72.02134337, 34.15168342], [72.02132765, 34.15177465]]]]}, "properties": {"id": "8J6J522C+MHVQ", "height": 3.520720481872559, "hmax": 0.109, "ratio": 0.031, "vulnClass": "none"}}, {"type": "Feature", "geometry": {"type": "MultiPolygon", "coordinates": [[[[72.02128078, 34.15178477], [72.02115826, 34.15177302], [72.02113449, 34.15194432], [72.02125702, 34.15195606], [72.02128078, 34.15178477]]]]}, "properties": {"id": "8J6J522C+PFWG", "height": 4.085875511169434, "hmax": 0.277, "ratio": 0.068, "vulnClass": "low"}}, {"type": "Feature", "geometry": {"type": "MultiPolygon", "coordinates": [[[[72.02102711, 34.15176464], [72.02091554, 34.15175238], [72.0209044, 34.15182244], [72.02098754, 34.15183157], [72.02097866, 34.15188744], [72.02094685, 34.15188395], [72.0209372, 34.15194468], [72.02099744, 34.1519513], [72.02102711, 34.15176464]]]]}, "properties": {"id": "8J6J522C+P9QC", "height": 3.096057653427124, "hmax": 0.223, "ratio": 0.072, "vulnClass": "low"}}, {"type": "Feature", "geometry": {"type": "MultiPolygon", "coordinates": [[[[72.02128381, 34.15162751], [72.02099023, 34.15159254], [72.02096626, 34.15173161], [72.02125985, 34.15176658], [72.02128381, 34.15162751]]]]}, "properties": {"id": "8J6J522C+MFC2", "height": 3.590912103652954, "hmax": 0.109, "ratio": 0.03, "vulnClass": "none"}}, {"type": "Feature", "geometry": {"type": "MultiPolygon", "coordinates": [[[[72.02205172, 34.15154651], [72.02195785, 34.15151204], [72.02192667, 34.15157074], [72.02184957, 34.15154244], [72.02180004, 34.15163571], [72.02197241, 34.15169899], [72.02202194, 34.15160572], [72.02202054, 34.15160521], [72.02205172, 34.15154651]]]]}, "properties": {"id": "8J6J522C+JQV5", "height": 5.232905387878418, "hmax": 0.125, "ratio": 0.024, "vulnClass": "none"}}, {"type": "Feature", "geometry": {"type": "MultiPolygon", "coordinates": [[[[72.02206237, 34.15155042], [72.02211911, 34.15144359], [72.02207136, 34.15142605], [72.02201462, 34.15153288], [72.02206237, 34.15155042]]]]}, "properties": {"id": "8J6J522C+HRWC", "height": 4.926944255828857, "hmax": 0.125, "ratio": 0.025, "vulnClass": "none"}}, {"type": "Feature", "geometry": {"type": "MultiPolygon", "coordinates": [[[[72.02223701, 34.15150047], [72.02213517, 34.1514526], [72.02207415, 34.15154233], [72.02217599, 34.1515902], [72.02223701, 34.15150047]]]]}, "properties": {"id": "8J6J522C+JV2X", "height": 4.070701599121094, "hmax": 0.125, "ratio": 0.031, "vulnClass": "none"}}, {"type": "Feature", "geometry": {"type": "MultiPolygon", "coordinates": [[[[72.02220917, 34.15142061], [72.02214402, 34.1513967], [72.02211911, 34.15144359], [72.02218427, 34.1514675], [72.02220917, 34.15142061]]]]}, "properties": {"id": "8J6J522C+HVF7", "height": 2.680654764175415, "hmax": 0.125, "ratio": 0.047, "vulnClass": "none"}}, {"type": "Feature", "geometry": {"type": "MultiPolygon", "coordinates": [[[[72.0220773, 34.1516904], [72.02198801, 34.15166245], [72.02196295, 34.15171779], [72.02205224, 34.15174573], [72.0220773, 34.1516904]]]]}, "properties": {"id": "8J6J522C+MRJ4", "height": 2.67539119720459, "hmax": 0.125, "ratio": 0.047, "vulnClass": "none"}}, {"type": "Feature", "geometry": {"type": "MultiPolygon", "coordinates": [[[[72.02259938, 34.1512696], [72.02254445, 34.15125558], [72.02253444, 34.15128268], [72.02258938, 34.1512967], [72.02259938, 34.1512696]]]]}, "properties": {"id": "8J6J522F+G282", "height": 4.527310371398926, "hmax": 0.125, "ratio": 0.028, "vulnClass": "none"}}, {"type": "Feature", "geometry": {"type": "MultiPolygon", "coordinates": [[[[72.02251524, 34.15134348], [72.02243942, 34.15130825], [72.02241307, 34.15134745], [72.0224889, 34.15138267], [72.02251524, 34.15134348]]]]}, "properties": {"id": "8J6J522C+GXPX", "height": 4.876692295074463, "hmax": 0.125, "ratio": 0.026, "vulnClass": "none"}}, {"type": "Feature", "geometry": {"type": "MultiPolygon", "coordinates": [[[[72.0221418, 34.1513368], [72.0223072, 34.1514138], [72.0223964, 34.1512815], [72.022231, 34.1512045], [72.0221418, 34.1513368]]]]}, "properties": {"id": "8J6J522C+GWC8", "height": 2.859203100204468, "hmax": 0.125, "ratio": 0.044, "vulnClass": "none"}}, {"type": "Feature", "geometry": {"type": "MultiPolygon", "coordinates": [[[[72.02177273, 34.15127481], [72.02168251, 34.15124174], [72.02163136, 34.15133822], [72.02172158, 34.15137129], [72.02177273, 34.15127481]]]]}, "properties": {"id": "8J6J522C+GMG7", "height": 2.615935802459717, "hmax": 0.123, "ratio": 0.047, "vulnClass": "none"}}, {"type": "Feature", "geometry": {"type": "MultiPolygon", "coordinates": [[[[72.02182624, 34.15095543], [72.02163745, 34.15093516], [72.0216193, 34.15105203], [72.02165659, 34.15105603], [72.02165357, 34.15107546], [72.02180508, 34.15109172], [72.02182624, 34.15095543]]]]}, "properties": {"id": "8J6J522C+CM5C", "height": 3.712187767028809, "hmax": 0.121, "ratio": 0.033, "vulnClass": "none"}}, {"type": "Feature", "geometry": {"type": "MultiPolygon", "coordinates": [[[[72.0220568, 34.1507084], [72.0220682, 34.1506264], [72.0219279, 34.1506128], [72.0219098, 34.1507422], [72.021995, 34.1507504], [72.0220016, 34.150703], [72.0220568, 34.1507084]]]]}, "properties": {"id": "8J6J522C+7QH3", "height": 2.927585601806641, "hmax": 0.27, "ratio": 0.092, "vulnClass": "low"}}, {"type": "Feature", "geometry": {"type": "MultiPolygon", "coordinates": [[[[72.02171201, 34.15044036], [72.02163013, 34.15043456], [72.02161795, 34.15055346], [72.02177079, 34.15056428], [72.02178297, 34.15044539], [72.02173584, 34.15044205], [72.02173358, 34.1504641], [72.02170975, 34.15046241], [72.02171201, 34.15044036]]]]}, "properties": {"id": "8J6J522C+6M43", "height": 3.421059846878052, "hmax": 0.224, "ratio": 0.066, "vulnClass": "low"}}, {"type": "Feature", "geometry": {"type": "MultiPolygon", "coordinates": [[[[72.02203512, 34.15047367], [72.02195002, 34.15046489], [72.02192754, 34.15061558], [72.02201264, 34.15062435], [72.02203512, 34.15047367]]]]}, "properties": {"id": "8J6J522C+6Q9M", "height": 3.279262065887451, "hmax": 0.27, "ratio": 0.082, "vulnClass": "low"}}, {"type": "Feature", "geometry": {"type": "MultiPolygon", "coordinates": [[[[72.02208976, 34.15050847], [72.02203083, 34.1505024], [72.02201531, 34.1506065], [72.02207423, 34.15061258], [72.02208976, 34.15050847]]]]}, "properties": {"id": "8J6J522C+6RF8", "height": 3.111238479614258, "hmax": 0.27, "ratio": 0.087, "vulnClass": "low"}}, {"type": "Feature", "geometry": {"type": "MultiPolygon", "coordinates": [[[[72.0221397, 34.14972512], [72.02201816, 34.14971411], [72.02200511, 34.14981367], [72.02208742, 34.14982113], [72.02208417, 34.14984593], [72.0221234, 34.14984948], [72.0221397, 34.14972512]]]]}, "properties": {"id": "8J6J42XC+WR4V", "height": 3.476864576339722, "hmax": 0.333, "ratio": 0.096, "vulnClass": "low"}}, {"type": "Feature", "geometry": {"type": "MultiPolygon", "coordinates": [[[[72.0221496, 34.1496495], [72.0220281, 34.1496385], [72.0220182, 34.1497141], [72.0221397, 34.1497251], [72.0221423, 34.1497054], [72.0221496, 34.1496495]]]]}, "properties": {"id": "8J6J42XC+VRG8", "height": 3.176950216293335, "hmax": 0.333, "ratio": 0.105, "vulnClass": "low"}}, {"type": "Feature", "geometry": {"type": "MultiPolygon", "coordinates": [[[[72.02181093, 34.14962777], [72.02169107, 34.14962053], [72.02167746, 34.14977617], [72.02173994, 34.14977995], [72.02173872, 34.14979389], [72.0217961, 34.14979735], [72.02181093, 34.14962777]]]]}, "properties": {"id": "8J6J42XC+VMQ9", "height": 3.220938920974731, "hmax": 0.299, "ratio": 0.093, "vulnClass": "low"}}, {"type": "Feature", "geometry": {"type": "MultiPolygon", "coordinates": [[[[72.02165452, 34.14961832], [72.0215575, 34.14961245], [72.02154389, 34.1497681], [72.02167746, 34.14977617], [72.02168854, 34.14964943], [72.02165199, 34.14964722], [72.02165452, 34.14961832]]]]}, "properties": {"id": "8J6J42XC+VJHW", "height": 3.797102928161621, "hmax": 0.224, "ratio": 0.059, "vulnClass": "low"}}, {"type": "Feature", "geometry": {"type": "MultiPolygon", "coordinates": [[[[72.02191908, 34.15009216], [72.02182597, 34.15008354], [72.02180813, 34.15021675], [72.02196012, 34.15023082], [72.02196947, 34.15016094], [72.0219106, 34.15015549], [72.02191908, 34.15009216]]]]}, "properties": {"id": "8J6J522C+3Q6C", "height": 3.765679359436035, "hmax": 0.27, "ratio": 0.072, "vulnClass": "low"}}, {"type": "Feature", "geometry": {"type": "MultiPolygon", "coordinates": [[[[72.02197795, 34.1500976], [72.02191908, 34.15009216], [72.0219106, 34.15015549], [72.02196947, 34.15016094], [72.02197795, 34.1500976]]]]}, "properties": {"id": "8J6J522C+3Q42", "height": 3.38066554069519, "hmax": 0.27, "ratio": 0.08, "vulnClass": "low"}}, {"type": "Feature", "geometry": {"type": "MultiPolygon", "coordinates": [[[[72.0220592, 34.15010512], [72.02197795, 34.1500976], [72.02196012, 34.15023082], [72.02204136, 34.15023834], [72.0220592, 34.15010512]]]]}, "properties": {"id": "8J6J522C+3R6M", "height": 2.586896657943726, "hmax": 0.27, "ratio": 0.104, "vulnClass": "low"}}, {"type": "Feature", "geometry": {"type": "MultiPolygon", "coordinates": [[[[72.0221807, 34.15019889], [72.02206684, 34.15018772], [72.02204502, 34.15034143], [72.02211596, 34.15034839], [72.02211077, 34.15038492], [72.0221537, 34.15038913], [72.0221807, 34.15019889]]]]}, "properties": {"id": "8J6J522C+4R94", "height": 2.766417503356934, "hmax": 0.27, "ratio": 0.098, "vulnClass": "low"}}, {"type": "Feature", "geometry": {"type": "MultiPolygon", "coordinates": [[[[72.02133976, 34.15038622], [72.02127013, 34.15038048], [72.02125448, 34.15051175], [72.02137136, 34.15052138], [72.02137584, 34.15048384], [72.02132858, 34.15047995], [72.02133976, 34.15038622]]]]}, "properties": {"id": "8J6J522C+5GM9", "height": 3.420357465744019, "hmax": 0.176, "ratio": 0.052, "vulnClass": "low"}}, {"type": "Feature", "geometry": {"type": "MultiPolygon", "coordinates": [[[[72.02090649, 34.15008713], [72.0208302, 34.1500826], [72.02082145, 34.15018441], [72.02089774, 34.15018895], [72.02090152, 34.15014487], [72.0209182, 34.15014586], [72.02092093, 34.15011412], [72.02090425, 34.15011312], [72.02090649, 34.15008713]]]]}, "properties": {"id": "8J6J522C+385G", "height": 2.513516902923584, "hmax": 0.176, "ratio": 0.07, "vulnClass": "low"}}, {"type": "Feature", "geometry": {"type": "MultiPolygon", "coordinates": [[[[72.02063983, 34.15006642], [72.02054829, 34.15005874], [72.02053097, 34.15020154], [72.02062251, 34.15020921], [72.02063983, 34.15006642]]]]}, "properties": {"id": "8J6J522C+3648", "height": 2.742809295654297, "hmax": 0.346, "ratio": 0.126, "vulnClass": "low"}}, {"type": "Feature", "geometry": {"type": "MultiPolygon", "coordinates": [[[[72.02082333, 34.15011595], [72.0207202, 34.15010842], [72.02070808, 34.15022324], [72.02081121, 34.15023077], [72.02082333, 34.15011595]]]]}, "properties": {"id": "8J6J522C+386P", "height": 2.513516902923584, "hmax": 0.176, "ratio": 0.07, "vulnClass": "low"}}, {"type": "Feature", "geometry": {"type": "MultiPolygon", "coordinates": [[[[72.02089774, 34.15018895], [72.02082145, 34.15018441], [72.02081727, 34.15023297], [72.02089356, 34.1502375], [72.02089774, 34.15018895]]]]}, "properties": {"id": "8J6J522C+38QF", "height": 2.501857280731201, "hmax": 0.176, "ratio": 0.07, "vulnClass": "low"}}, {"type": "Feature", "geometry": {"type": "MultiPolygon", "coordinates": [[[[72.02091476, 34.15032532], [72.02081679, 34.15031773], [72.02079946, 34.1504723], [72.02089743, 34.1504799], [72.02091476, 34.15032532]]]]}, "properties": {"id": "8J6J522C+585V", "height": 3.778782367706299, "hmax": 0.176, "ratio": 0.047, "vulnClass": "none"}}, {"type": "Feature", "geometry": {"type": "MultiPolygon", "coordinates": [[[[72.02042689, 34.15016857], [72.02035661, 34.15016335], [72.02035113, 34.1502143], [72.02042142, 34.15021952], [72.02042689, 34.15016857]]]]}, "properties": {"id": "8J6J522C+35CM", "height": 2.778653621673584, "hmax": 0.36, "ratio": 0.13, "vulnClass": "low"}}, {"type": "Feature", "geometry": {"type": "MultiPolygon", "coordinates": [[[[72.02008583, 34.15015281], [72.02001517, 34.15014919], [72.02001198, 34.15019229], [72.02008264, 34.1501959], [72.02008583, 34.15015281]]]]}, "properties": {"id": "8J6J522C+327W", "height": 2.696307182312012, "hmax": 0.36, "ratio": 0.134, "vulnClass": "low"}}, {"type": "Feature", "geometry": {"type": "MultiPolygon", "coordinates": [[[[72.01982307, 34.15001404], [72.01973863, 34.15000541], [72.01971814, 34.15014411], [72.01980257, 34.15015274], [72.01982307, 34.15001404]]]]}, "properties": {"id": "8J6J5229+2WJ4", "height": 3.151443481445312, "hmax": 0.36, "ratio": 0.114, "vulnClass": "low"}}, {"type": "Feature", "geometry": {"type": "MultiPolygon", "coordinates": [[[[72.02051432, 34.15006925], [72.02036789, 34.15005837], [72.02035987, 34.15013297], [72.0205063, 34.15014384], [72.02051432, 34.15006925]]]]}, "properties": {"id": "8J6J522C+25V5", "height": 3.381491184234619, "hmax": 0.36, "ratio": 0.106, "vulnClass": "low"}}, {"type": "Feature", "geometry": {"type": "MultiPolygon", "coordinates": [[[[72.0205127, 34.1496965], [72.0204065, 34.1496889], [72.0203958, 34.1497919], [72.0205021, 34.1497995], [72.0205127, 34.1496965]]]]}, "properties": {"id": "8J6J42XC+V5WP", "height": 3.07825756072998, "hmax": 0.74, "ratio": 0.24, "vulnClass": "low"}}, {"type": "Feature", "geometry": {"type": "MultiPolygon", "coordinates": [[[[72.0203483, 34.1499019], [72.0202497, 34.149894], [72.020214, 34.1502026], [72.0203548, 34.1502138], [72.0203727, 34.150059], [72.0203306, 34.1500556], [72.0203377, 34.1499942], [72.0203483, 34.1499019]]]]}, "properties": {"id": "8J6J522C+24FM", "height": 3.301035404205322, "hmax": 0.46, "ratio": 0.139, "vulnClass": "low"}}, {"type": "Feature", "geometry": {"type": "MultiPolygon", "coordinates": [[[[72.01983986, 34.14990313], [72.01975763, 34.14989552], [72.01974581, 34.14998366], [72.019856, 34.14999387], [72.01986212, 34.14994821], [72.01983416, 34.14994562], [72.01983986, 34.14990313]]]]}, "properties": {"id": "8J6J42X9+XWFW", "height": 3.720881462097168, "hmax": 0.723, "ratio": 0.194, "vulnClass": "low"}}, {"type": "Feature", "geometry": {"type": "MultiPolygon", "coordinates": [[[[72.01970055, 34.14986459], [72.01966548, 34.14986134], [72.01965027, 34.14997481], [72.01974581, 34.14998366], [72.01975763, 34.14989552], [72.01969715, 34.14988991], [72.01970055, 34.14986459]]]]}, "properties": {"id": "8J6J42X9+XVG3", "height": 3.746222972869873, "hmax": 0.74, "ratio": 0.198, "vulnClass": "low"}}, {"type": "Feature", "geometry": {"type": "MultiPolygon", "coordinates": [[[[72.01992092, 34.14958731], [72.01982042, 34.14958034], [72.01980872, 34.14969689], [72.01990922, 34.14970386], [72.01992092, 34.14958731]]]]}, "properties": {"id": "8J6J42X9+VW5P", "height": 2.95038914680481, "hmax": 0.74, "ratio": 0.251, "vulnClass": "low"}}, {"type": "Feature", "geometry": {"type": "MultiPolygon", "coordinates": [[[[72.01971284, 34.14958803], [72.01961246, 34.14958105], [72.01960317, 34.14967346], [72.01964768, 34.14967655], [72.01964481, 34.14970508], [72.01970068, 34.14970897], [72.01971284, 34.14958803]]]]}, "properties": {"id": "8J6J42X9+VV3C", "height": 3.268250703811646, "hmax": 0.74, "ratio": 0.226, "vulnClass": "low"}}, {"type": "Feature", "geometry": {"type": "MultiPolygon", "coordinates": [[[[72.01975756, 34.14959593], [72.0197312, 34.1495941], [72.0197269, 34.14963697], [72.01975325, 34.1496388], [72.01975756, 34.14959593]]]]}, "properties": {"id": "8J6J42X9+RVXQ", "height": 3.159882783889771, "hmax": 0.74, "ratio": 0.234, "vulnClass": "low"}}, {"type": "Feature", "geometry": {"type": "MultiPolygon", "coordinates": [[[[72.0197221, 34.149462], [72.0196217, 34.149455], [72.0196106, 34.1495658], [72.0198204, 34.1495803], [72.0198274, 34.149511], [72.019718, 34.1495034], [72.0197221, 34.149462]]]]}, "properties": {"id": "8J6J42X9+RV84", "height": 3.300713539123535, "hmax": 0.74, "ratio": 0.224, "vulnClass": "low"}}, {"type": "Feature", "geometry": {"type": "MultiPolygon", "coordinates": [[[[72.01977352, 34.14943692], [72.01972499, 34.14943356], [72.01971798, 34.1495034], [72.01976651, 34.14950677], [72.01977352, 34.14943692]]]]}, "properties": {"id": "8J6J42X9+QVQX", "height": 2.726625442504883, "hmax": 0.74, "ratio": 0.271, "vulnClass": "low"}}, {"type": "Feature", "geometry": {"type": "MultiPolygon", "coordinates": [[[[72.01993203, 34.14947655], [72.01983154, 34.14946958], [72.01982042, 34.14958034], [72.01992092, 34.14958731], [72.01993203, 34.14947655]]]]}, "properties": {"id": "8J6J42X9+RX62", "height": 2.494998931884766, "hmax": 0.74, "ratio": 0.297, "vulnClass": "low"}}, {"type": "Feature", "geometry": {"type": "MultiPolygon", "coordinates": [[[[72.02042805, 34.14949823], [72.02034781, 34.14949183], [72.02033275, 34.14962239], [72.02041298, 34.14962879], [72.02042805, 34.14949823]]]]}, "properties": {"id": "8J6J42XC+R5CC", "height": 2.486932039260864, "hmax": 0.74, "ratio": 0.298, "vulnClass": "low"}}, {"type": "Feature", "geometry": {"type": "MultiPolygon", "coordinates": [[[[72.0209901, 34.1498872], [72.0212181, 34.1499071], [72.0213066, 34.1495453], [72.0208882, 34.1495076], [72.0209901, 34.1498872]]]]}, "properties": {"id": "412281523", "height": 4.550943374633789, "hmax": 0.224, "ratio": 0.049, "vulnClass": "none"}}, {"type": "Feature", "geometry": {"type": "MultiPolygon", "coordinates": [[[[72.0215429, 34.1496202], [72.021421, 34.1496127], [72.0214077, 34.1497623], [72.0215296, 34.1497698], [72.0215429, 34.1496202]]]]}, "properties": {"id": "8J6J42XC+VHHJ", "height": 4.14033031463623, "hmax": 0.224, "ratio": 0.054, "vulnClass": "low"}}, {"type": "Feature", "geometry": {"type": "MultiPolygon", "coordinates": [[[[72.02133771, 34.14915302], [72.02091101, 34.14911716], [72.02086869, 34.14946518], [72.02129539, 34.14950105], [72.02130688, 34.14940655], [72.02109924, 34.1493891], [72.02111907, 34.14922609], [72.02132671, 34.14924355], [72.02133771, 34.14915302]]]]}, "properties": {"id": "8J6J42XC+PCG7", "height": 3.892777919769287, "hmax": 0.224, "ratio": 0.058, "vulnClass": "low"}}, {"type": "Feature", "geometry": {"type": "MultiPolygon", "coordinates": [[[[72.02071731, 34.14908304], [72.02062864, 34.14907581], [72.02062027, 34.14914675], [72.02056815, 34.14914249], [72.02055931, 34.1492174], [72.0207001, 34.14922888], [72.02071731, 34.14908304]]]]}, "properties": {"id": "8J6J42XC+M768", "height": 3.307563781738281, "hmax": 0.535, "ratio": 0.162, "vulnClass": "low"}}, {"type": "Feature", "geometry": {"type": "MultiPolygon", "coordinates": [[[[72.01980805, 34.14924519], [72.01972967, 34.14924102], [72.01972298, 34.149328], [72.01982628, 34.14933349], [72.01983109, 34.14927086], [72.01980618, 34.14926953], [72.01980805, 34.14924519]]]]}, "properties": {"id": "8J6J42X9+PW6H", "height": 3.282959461212158, "hmax": 0.74, "ratio": 0.225, "vulnClass": "low"}}, {"type": "Feature", "geometry": {"type": "MultiPolygon", "coordinates": [[[[72.01994125, 34.14917684], [72.01985847, 34.14916926], [72.01983961, 34.14931161], [72.01994684, 34.14932143], [72.01996158, 34.14921019], [72.01993713, 34.14920795], [72.01994125, 34.14917684]]]]}, "properties": {"id": "8J6J42X9+MXRX", "height": 3.282959461212158, "hmax": 0.74, "ratio": 0.225, "vulnClass": "low"}}, {"type": "Feature", "geometry": {"type": "MultiPolygon", "coordinates": [[[[72.01986649, 34.14916908], [72.01975398, 34.14915323], [72.01973756, 34.1492338], [72.01981337, 34.14924448], [72.01980884, 34.1492667], [72.01984554, 34.14927188], [72.01986649, 34.14916908]]]]}, "properties": {"id": "8J6J42X9+MWM8", "height": 3.282959461212158, "hmax": 0.74, "ratio": 0.225, "vulnClass": "low"}}, {"type": "Feature", "geometry": {"type": "MultiPolygon", "coordinates": [[[[72.0203327, 34.1490355], [72.0202366, 34.1490285], [72.0202182, 34.1492026], [72.0203143, 34.1492097], [72.0203221, 34.149136], [72.0203489, 34.149138], [72.020357, 34.1490616], [72.0203302, 34.1490597], [72.0203327, 34.1490355]]]]}, "properties": {"id": "8J6J42XC+J4VJ", "height": 2.75406813621521, "hmax": 0.785, "ratio": 0.285, "vulnClass": "low"}}, {"type": "Feature", "geometry": {"type": "MultiPolygon", "coordinates": [[[[72.02054892, 34.14904913], [72.02043874, 34.14904316], [72.02042458, 34.14922393], [72.02053476, 34.1492299], [72.02054892, 34.14904913]]]]}, "properties": {"id": "8J6J42XC+M55G", "height": 8.589735984802246, "hmax": 0.776, "ratio": 0.09, "vulnClass": "low"}}, {"type": "Feature", "geometry": {"type": "MultiPolygon", "coordinates": [[[[72.02033063, 34.14874088], [72.02021052, 34.14873297], [72.02020164, 34.14882614], [72.02032175, 34.14883405], [72.02033063, 34.14874088]]]]}, "properties": {"id": "8J6J42XC+G468", "height": 3.252108097076416, "hmax": 0.86, "ratio": 0.264, "vulnClass": "low"}}, {"type": "Feature", "geometry": {"type": "MultiPolygon", "coordinates": [[[[72.0202305, 34.14856423], [72.02011859, 34.14855656], [72.02010332, 34.14871051], [72.02021522, 34.14871819], [72.0202305, 34.14856423]]]]}, "properties": {"id": "8J6J42XC+F33F", "height": 3.420241832733154, "hmax": 0.86, "ratio": 0.251, "vulnClass": "low"}}, {"type": "Feature", "geometry": {"type": "MultiPolygon", "coordinates": [[[[72.0203156, 34.14872508], [72.02033088, 34.14857112], [72.0202305, 34.14856423], [72.02021522, 34.14871819], [72.0203156, 34.14872508]]]]}, "properties": {"id": "8J6J42XC+F42P", "height": 3.851300716400146, "hmax": 0.86, "ratio": 0.223, "vulnClass": "low"}}, {"type": "Feature", "geometry": {"type": "MultiPolygon", "coordinates": [[[[72.02045414, 34.14863181], [72.02034863, 34.14862457], [72.0203385, 34.14872665], [72.02044401, 34.14873389], [72.02045414, 34.14863181]]]]}, "properties": {"id": "8J6J42XC+F5C4", "height": 3.053871154785156, "hmax": 0.86, "ratio": 0.282, "vulnClass": "low"}}, {"type": "Feature", "geometry": {"type": "MultiPolygon", "coordinates": [[[[72.0205627, 34.14863926], [72.02045414, 34.14863181], [72.02044401, 34.14873389], [72.02057773, 34.14874306], [72.02058516, 34.14866824], [72.02056, 34.14866651], [72.0205627, 34.14863926]]]]}, "properties": {"id": "8J6J42XC+F6CF", "height": 3.282821178436279, "hmax": 0.86, "ratio": 0.262, "vulnClass": "low"}}, {"type": "Feature", "geometry": {"type": "MultiPolygon", "coordinates": [[[[72.02094932, 34.14888964], [72.02074812, 34.1488729], [72.02074297, 34.14891568], [72.02080624, 34.14892094], [72.0207994, 34.1489778], [72.02093733, 34.14898928], [72.02094932, 34.14888964]]]]}, "properties": {"id": "8J6J42XC+H8H3", "height": 3.888282299041748, "hmax": 0.358, "ratio": 0.092, "vulnClass": "low"}}, {"type": "Feature", "geometry": {"type": "MultiPolygon", "coordinates": [[[[72.02098963, 34.14878297], [72.02079077, 34.14876733], [72.02078459, 34.14882172], [72.02080704, 34.14882349], [72.02080212, 34.1488667], [72.02097853, 34.14888057], [72.02098963, 34.14878297]]]]}, "properties": {"id": "8J6J42XC+G9CV", "height": 2.919919967651367, "hmax": 0.358, "ratio": 0.123, "vulnClass": "low"}}, {"type": "Feature", "geometry": {"type": "MultiPolygon", "coordinates": [[[[72.02178986, 34.1486874], [72.02164676, 34.14867578], [72.0216255, 34.14885669], [72.0217686, 34.14886832], [72.02178986, 34.1486874]]]]}, "properties": {"id": "8J6J42XC+GM4W", "height": 6.82768440246582, "hmax": 0.336, "ratio": 0.049, "vulnClass": "none"}}, {"type": "Feature", "geometry": {"type": "MultiPolygon", "coordinates": [[[[72.02194339, 34.14856245], [72.02188128, 34.14855231], [72.02187125, 34.14859477], [72.02193335, 34.14860492], [72.02194339, 34.14856245]]]]}, "properties": {"id": "8J6J42XC+CQM2", "height": 2.679177761077881, "hmax": 0.222, "ratio": 0.083, "vulnClass": "low"}}, {"type": "Feature", "geometry": {"type": "MultiPolygon", "coordinates": [[[[72.0221645, 34.1487485], [72.0220592, 34.1487391], [72.022043, 34.1488651], [72.0221483, 34.1488745], [72.0221645, 34.1487485]]]]}, "properties": {"id": "8J6J42XC+GRH7", "height": 2.823565483093262, "hmax": 0.222, "ratio": 0.079, "vulnClass": "low"}}, {"type": "Feature", "geometry": {"type": "MultiPolygon", "coordinates": [[[[72.02251114, 34.14873993], [72.02239081, 34.14872997], [72.02238365, 34.14878986], [72.02242687, 34.14879343], [72.02242465, 34.14881198], [72.02238143, 34.1488084], [72.02237011, 34.14890295], [72.02249044, 34.1489129], [72.02251114, 34.14873993]]]]}, "properties": {"id": "8J6J42XC+GXGR", "height": 2.978533744812012, "hmax": 0.222, "ratio": 0.074, "vulnClass": "low"}}, {"type": "Feature", "geometry": {"type": "MultiPolygon", "coordinates": [[[[72.02237452, 34.1487891], [72.02227602, 34.14878095], [72.02226248, 34.14889405], [72.02236099, 34.14890219], [72.02237452, 34.1487891]]]]}, "properties": {"id": "8J6J42XC+GWPJ", "height": 2.799596786499023, "hmax": 0.222, "ratio": 0.079, "vulnClass": "low"}}, {"type": "Feature", "geometry": {"type": "MultiPolygon", "coordinates": [[[[72.02235813, 34.14893126], [72.02225371, 34.14892176], [72.02223746, 34.14904515], [72.02229159, 34.14905007], [72.02228817, 34.14907607], [72.02233846, 34.14908065], [72.02235813, 34.14893126]]]]}, "properties": {"id": "8J6J42XC+HWVW", "height": 4.80399227142334, "hmax": 0.222, "ratio": 0.046, "vulnClass": "none"}}, {"type": "Feature", "geometry": {"type": "MultiPolygon", "coordinates": [[[[72.0221295, 34.1488935], [72.0220224, 34.1488861], [72.0220062, 34.1490474], [72.0221133, 34.1490548], [72.0221295, 34.1488935]]]]}, "properties": {"id": "8J6J42XC+HRPR", "height": 3.829685688018799, "hmax": 0.222, "ratio": 0.058, "vulnClass": "low"}}, {"type": "Feature", "geometry": {"type": "MultiPolygon", "coordinates": [[[[72.02190524, 34.14887796], [72.02178407, 34.14886956], [72.02176791, 34.14903088], [72.02185634, 34.149037], [72.02185495, 34.14905093], [72.02188768, 34.1490532], [72.02190524, 34.14887796]]]]}, "properties": {"id": "8J6J42XC+HPP9", "height": 2.733899116516113, "hmax": 0.222, "ratio": 0.081, "vulnClass": "low"}}, {"type": "Feature", "geometry": {"type": "MultiPolygon", "coordinates": [[[[72.02198255, 34.14886577], [72.02190699, 34.14886053], [72.02189181, 34.14901195], [72.02198192, 34.1490182], [72.02198284, 34.14900906], [72.02200989, 34.14901094], [72.02202, 34.14890998], [72.02197841, 34.14890709], [72.02198255, 34.14886577]]]]}, "properties": {"id": "8J6J42XC+HQGM", "height": 3.215584754943848, "hmax": 0.222, "ratio": 0.069, "vulnClass": "low"}}, {"type": "Feature", "geometry": {"type": "MultiPolygon", "coordinates": [[[[72.02192293, 34.14870145], [72.02180176, 34.14869306], [72.0217895, 34.14881541], [72.02183894, 34.14881883], [72.02183526, 34.14885556], [72.02190699, 34.14886053], [72.02192293, 34.14870145]]]]}, "properties": {"id": "8J6J42XC+GP5V", "height": 4.334373474121094, "hmax": 0.222, "ratio": 0.051, "vulnClass": "low"}}, {"type": "Feature", "geometry": {"type": "MultiPolygon", "coordinates": [[[[72.02186728, 34.14916269], [72.02176172, 34.14915388], [72.02174084, 34.14932669], [72.0218464, 34.1493355], [72.02186728, 34.14916269]]]]}, "properties": {"id": "8J6J42XC+MPVP", "height": 3.218682765960693, "hmax": 0.333, "ratio": 0.103, "vulnClass": "low"}}, {"type": "Feature", "geometry": {"type": "MultiPolygon", "coordinates": [[[[72.0216389, 34.1491346], [72.0215501, 34.1491259], [72.0215242, 34.149308], [72.021613, 34.1493167], [72.0216389, 34.1491346]]]]}, "properties": {"id": "8J6J42XC+MJPW", "height": 4.060274124145508, "hmax": 0.224, "ratio": 0.055, "vulnClass": "low"}}, {"type": "Feature", "geometry": {"type": "MultiPolygon", "coordinates": [[[[72.02196498, 34.14935841], [72.02198496, 34.14919298], [72.02192978, 34.14918837], [72.02192434, 34.14923337], [72.02185939, 34.14922795], [72.02184484, 34.14934837], [72.02196498, 34.14935841]]]]}, "properties": {"id": "8J6J42XC+PQ77", "height": 3.218682765960693, "hmax": 0.333, "ratio": 0.103, "vulnClass": "low"}}, {"type": "Feature", "geometry": {"type": "MultiPolygon", "coordinates": [[[[72.02243527, 34.14913604], [72.02234511, 34.14912769], [72.0223399, 34.14916658], [72.02243005, 34.14917494], [72.02243527, 34.14913604]]]]}, "properties": {"id": "8J6J42XC+MX63", "height": 3.834922313690186, "hmax": 0.29, "ratio": 0.076, "vulnClass": "low"}}, {"type": "Feature", "geometry": {"type": "MultiPolygon", "coordinates": [[[[72.02250187, 34.14894434], [72.02235813, 34.14893126], [72.02233434, 34.14911189], [72.02244293, 34.14912177], [72.02245047, 34.14906453], [72.02248562, 34.14906773], [72.02250187, 34.14894434]]]]}, "properties": {"id": "8J6J42XC+JX3V", "height": 4.245992183685303, "hmax": 0.222, "ratio": 0.052, "vulnClass": "low"}}, {"type": "Feature", "geometry": {"type": "MultiPolygon", "coordinates": [[[[72.02254679, 34.14914638], [72.02248461, 34.14914062], [72.0224794, 34.14917951], [72.02254158, 34.14918527], [72.02254679, 34.14914638]]]]}, "properties": {"id": "8J6J42XF+M26F", "height": 3.994467258453369, "hmax": 0.315, "ratio": 0.079, "vulnClass": "low"}}, {"type": "Feature", "geometry": {"type": "MultiPolygon", "coordinates": [[[[72.0226078, 34.1488271], [72.0225018, 34.1488184], [72.0224867, 34.1489445], [72.0225313, 34.1489482], [72.0225351, 34.1489166], [72.0225965, 34.1489217], [72.0226078, 34.1488271]]]]}, "properties": {"id": "8J6J42XF+H233", "height": 2.771675586700439, "hmax": 0.222, "ratio": 0.08, "vulnClass": "low"}}, {"type": "Feature", "geometry": {"type": "MultiPolygon", "coordinates": [[[[72.02262366, 34.14869442], [72.02251764, 34.14868565], [72.02250748, 34.14877055], [72.0226135, 34.14877932], [72.02262366, 34.14869442]]]]}, "properties": {"id": "8J6J42XF+F2W6", "height": 3.504318714141846, "hmax": 0.222, "ratio": 0.063, "vulnClass": "low"}}, {"type": "Feature", "geometry": {"type": "MultiPolygon", "coordinates": [[[[72.022662, 34.14849596], [72.02259486, 34.14849231], [72.02258513, 34.14861578], [72.02268929, 34.14862146], [72.02269684, 34.14852566], [72.02265982, 34.14852364], [72.022662, 34.14849596]]]]}, "properties": {"id": "8J6J42XF+C3CF", "height": 2.839563131332397, "hmax": 0.222, "ratio": 0.078, "vulnClass": "low"}}, {"type": "Feature", "geometry": {"type": "MultiPolygon", "coordinates": [[[[72.02271848, 34.14849268], [72.02266767, 34.14849331], [72.02266817, 34.1485215], [72.02271898, 34.14852087], [72.02271848, 34.14849268]]]]}, "properties": {"id": "8J6J42XF+C346", "height": 2.965250968933105, "hmax": 0.222, "ratio": 0.075, "vulnClass": "low"}}, {"type": "Feature", "geometry": {"type": "MultiPolygon", "coordinates": [[[[72.02535424, 34.14854535], [72.02517933, 34.14853735], [72.02517443, 34.14861142], [72.02534934, 34.14861942], [72.02535424, 34.14854535]]]]}, "properties": {"id": "8J6J42XG+C4J3", "height": 2.817203998565674, "hmax": 1.396, "ratio": 0.495, "vulnClass": "moderate"}}, {"type": "Feature", "geometry": {"type": "MultiPolygon", "coordinates": [[[[72.02420175, 34.14931266], [72.02407921, 34.14926488], [72.02402247, 34.14936547], [72.02414502, 34.14941325], [72.02420175, 34.14931266]]]]}, "properties": {"id": "8J6J42XF+PJQG", "height": 3.316325664520264, "hmax": 1.114, "ratio": 0.336, "vulnClass": "moderate"}}, {"type": "Feature", "geometry": {"type": "MultiPolygon", "coordinates": [[[[72.02417907, 34.14921308], [72.02397497, 34.1491367], [72.02393556, 34.1492095], [72.02413966, 34.14928588], [72.02417907, 34.14921308]]]]}, "properties": {"id": "8J6J42XF+MJMH", "height": 3.177229881286621, "hmax": 1.137, "ratio": 0.358, "vulnClass": "moderate"}}, {"type": "Feature", "geometry": {"type": "MultiPolygon", "coordinates": [[[[72.0240364, 34.14928792], [72.02389392, 34.14923206], [72.02384592, 34.14931671], [72.0239884, 34.14937256], [72.0240364, 34.14928792]]]]}, "properties": {"id": "8J6J42XF+PHG2", "height": 3.641166210174561, "hmax": 1.02, "ratio": 0.28, "vulnClass": "low"}}, {"type": "Feature", "geometry": {"type": "MultiPolygon", "coordinates": [[[[72.02458229, 34.14988805], [72.02438007, 34.14985235], [72.02436429, 34.14991415], [72.02441923, 34.14992385], [72.02441322, 34.14994739], [72.02433972, 34.14993441], [72.02432004, 34.15001147], [72.02439353, 34.15002445], [72.0243988, 34.15000383], [72.02454608, 34.15002983], [72.02458229, 34.14988805]]]]}, "properties": {"id": "8J6J42XF+XQGW", "height": 2.916824817657471, "hmax": 1.114, "ratio": 0.382, "vulnClass": "moderate"}}, {"type": "Feature", "geometry": {"type": "MultiPolygon", "coordinates": [[[[72.02362873, 34.15028677], [72.02355644, 34.15025198], [72.02347867, 34.15036364], [72.02355096, 34.15039844], [72.02362873, 34.15028677]]]]}, "properties": {"id": "8J6J522F+4CM4", "height": 3.852328777313232, "hmax": 0.662, "ratio": 0.172, "vulnClass": "low"}}, {"type": "Feature", "geometry": {"type": "MultiPolygon", "coordinates": [[[[72.02419001, 34.15031009], [72.02405408, 34.15027945], [72.02403891, 34.15032598], [72.02417483, 34.15035662], [72.02419001, 34.15031009]]]]}, "properties": {"id": "8J6J522F+4JHP", "height": 3.953982353210449, "hmax": 0.888, "ratio": 0.225, "vulnClass": "low"}}, {"type": "Feature", "geometry": {"type": "MultiPolygon", "coordinates": [[[[72.0244438, 34.1502729], [72.0242437, 34.1502316], [72.0242071, 34.1503541], [72.0243486, 34.1503833], [72.0244072, 34.1503955], [72.0244438, 34.1502729]]]]}, "properties": {"id": "8J6J522F+4PGF", "height": 4.810529232025146, "hmax": 0.888, "ratio": 0.185, "vulnClass": "low"}}, {"type": "Feature", "geometry": {"type": "MultiPolygon", "coordinates": [[[[72.02491554, 34.14960447], [72.02483036, 34.14959865], [72.02482505, 34.14964776], [72.02491016, 34.14965413], [72.02491554, 34.14960447]]]]}, "properties": {"id": "8J6J42XF+VW55", "height": 3.106035947799683, "hmax": 1.114, "ratio": 0.359, "vulnClass": "moderate"}}, {"type": "Feature", "geometry": {"type": "MultiPolygon", "coordinates": [[[[72.02495851, 34.14995969], [72.02503969, 34.14961189], [72.02494357, 34.14959638], [72.02487934, 34.14987154], [72.02472129, 34.14984604], [72.02470434, 34.14991868], [72.02495851, 34.14995969]]]]}, "properties": {"id": "8J6J42XF+WXF6", "height": 3.220555305480957, "hmax": 1.132, "ratio": 0.351, "vulnClass": "moderate"}}, {"type": "Feature", "geometry": {"type": "MultiPolygon", "coordinates": [[[[72.02476703, 34.1495945], [72.02458885, 34.14956423], [72.02456684, 34.14965378], [72.02452863, 34.14964729], [72.02451358, 34.1497085], [72.02460969, 34.14972483], [72.0245706, 34.14988385], [72.02469087, 34.14990429], [72.02476703, 34.1495945]]]]}, "properties": {"id": "8J6J42XF+VVJQ", "height": 3.192050457000732, "hmax": 1.114, "ratio": 0.349, "vulnClass": "moderate"}}, {"type": "Feature", "geometry": {"type": "MultiPolygon", "coordinates": [[[[72.0250806, 34.149759], [72.02511318, 34.14963146], [72.02503816, 34.14961821], [72.02499939, 34.14977003], [72.02503914, 34.14977705], [72.02504534, 34.14975278], [72.0250806, 34.149759]]]]}, "properties": {"id": "8J6J42XG+V2FX", "height": 3.268071174621582, "hmax": 1.203, "ratio": 0.368, "vulnClass": "moderate"}}, {"type": "Feature", "geometry": {"type": "MultiPolygon", "coordinates": [[[[72.02552162, 34.14963405], [72.02538038, 34.14963321], [72.0253793, 34.14976055], [72.02547434, 34.14976111], [72.02547479, 34.14970777], [72.02552099, 34.14970804], [72.02552162, 34.14963405]]]]}, "properties": {"id": "8J6J42XG+V5GJ", "height": 2.82789421081543, "hmax": 1.203, "ratio": 0.425, "vulnClass": "moderate"}}, {"type": "Feature", "geometry": {"type": "MultiPolygon", "coordinates": [[[[72.02581084, 34.14965248], [72.0257042, 34.14965209], [72.02570379, 34.14972937], [72.02576574, 34.14972959], [72.02576555, 34.14976634], [72.02581024, 34.1497665], [72.02581084, 34.14965248]]]]}, "properties": {"id": "8J6J42XG+V8J3", "height": 3.246639490127563, "hmax": 1.203, "ratio": 0.37, "vulnClass": "moderate"}}, {"type": "Feature", "geometry": {"type": "MultiPolygon", "coordinates": [[[[72.02592727, 34.14973018], [72.02592768, 34.1496529], [72.02581084, 34.14965248], [72.02581024, 34.1497665], [72.0258652, 34.1497667], [72.02586539, 34.14972995], [72.02592727, 34.14973018]]]]}, "properties": {"id": "8J6J42XG+V8Q4", "height": 5.051979064941406, "hmax": 1.203, "ratio": 0.238, "vulnClass": "low"}}, {"type": "Feature", "geometry": {"type": "MultiPolygon", "coordinates": [[[[72.0262865, 34.1494944], [72.0261926, 34.1494928], [72.0261894, 34.149626], [72.026355, 34.1496287], [72.0263582, 34.1494956], [72.0262865, 34.1494944]]]]}, "properties": {"id": "8J6J42XG+RGCH", "height": 2.639937400817871, "hmax": 1.224, "ratio": 0.464, "vulnClass": "moderate"}}, {"type": "Feature", "geometry": {"type": "MultiPolygon", "coordinates": [[[[72.02628557, 34.1496914], [72.02616896, 34.14969372], [72.02617458, 34.14988892], [72.02629119, 34.1498866], [72.02628557, 34.1496914]]]]}, "properties": {"id": "8J6J42XG+WF9M", "height": 3.117379188537598, "hmax": 1.224, "ratio": 0.393, "vulnClass": "moderate"}}, {"type": "Feature", "geometry": {"type": "MultiPolygon", "coordinates": [[[[72.02636852, 34.14969201], [72.02629644, 34.14969291], [72.02630004, 34.14989323], [72.02637213, 34.14989234], [72.02637094, 34.14982649], [72.02639412, 34.1498262], [72.02639261, 34.14974196], [72.02636942, 34.14974225], [72.02636852, 34.14969201]]]]}, "properties": {"id": "8J6J42XG+WG8Q", "height": 3.568292140960693, "hmax": 1.224, "ratio": 0.343, "vulnClass": "moderate"}}, {"type": "Feature", "geometry": {"type": "MultiPolygon", "coordinates": [[[[72.02671619, 34.15027227], [72.02649667, 34.15027614], [72.0265005, 34.15042639], [72.02658634, 34.15042487], [72.0265904, 34.15058415], [72.02650457, 34.15058567], [72.02650845, 34.1507378], [72.02668485, 34.15073469], [72.02668261, 34.15064697], [72.02675098, 34.15064577], [72.02674934, 34.15058135], [72.02691122, 34.15057849], [72.02690493, 34.15033207], [72.0267178, 34.15033537], [72.02671619, 34.15027227]]]]}, "properties": {"id": "8J6J522G+5MW6", "height": 4.303990364074707, "hmax": 0.973, "ratio": 0.226, "vulnClass": "low"}}, {"type": "Feature", "geometry": {"type": "MultiPolygon", "coordinates": [[[[72.027465, 34.14984149], [72.02743089, 34.14984156], [72.02743064, 34.14976175], [72.02728196, 34.14976207], [72.02728202, 34.14978159], [72.02719095, 34.14978179], [72.0271912, 34.14986406], [72.02746507, 34.14986348], [72.027465, 34.14984149]]]]}, "properties": {"id": "8J6J42XG+WWGM", "height": 3.181246757507324, "hmax": 1.0, "ratio": 0.314, "vulnClass": "moderate"}}, {"type": "Feature", "geometry": {"type": "MultiPolygon", "coordinates": [[[[72.02729527, 34.14978156], [72.02729492, 34.1496698], [72.02709609, 34.14967023], [72.02709669, 34.14986427], [72.0271912, 34.14986406], [72.02719095, 34.14978179], [72.02716316, 34.14978185], [72.0271631, 34.14976232], [72.02722647, 34.14976219], [72.02722653, 34.14978171], [72.02729527, 34.14978156]]]]}, "properties": {"id": "8J6J42XG+WV35", "height": 4.75903844833374, "hmax": 1.07, "ratio": 0.225, "vulnClass": "low"}}, {"type": "Feature", "geometry": {"type": "MultiPolygon", "coordinates": [[[[72.0270351, 34.14989029], [72.02703206, 34.14969854], [72.02693541, 34.14969959], [72.02693845, 34.14989134], [72.0270351, 34.14989029]]]]}, "properties": {"id": "8J6J42XG+WQ9P", "height": 4.060001373291016, "hmax": 1.224, "ratio": 0.301, "vulnClass": "moderate"}}, {"type": "Feature", "geometry": {"type": "MultiPolygon", "coordinates": [[[[72.02677586, 34.14982131], [72.02674204, 34.14982168], [72.02674267, 34.14986152], [72.02677649, 34.14986115], [72.02677586, 34.14982131]]]]}, "properties": {"id": "8J6J42XG+WPJM", "height": 4.18280553817749, "hmax": 1.224, "ratio": 0.293, "vulnClass": "low"}}, {"type": "Feature", "geometry": {"type": "MultiPolygon", "coordinates": [[[[72.02650105, 34.14971243], [72.0263921, 34.14971378], [72.02639478, 34.14986296], [72.02650373, 34.14986161], [72.02650105, 34.14971243]]]]}, "properties": {"id": "8J6J42XG+WH8F", "height": 2.787195682525635, "hmax": 1.224, "ratio": 0.439, "vulnClass": "moderate"}}, {"type": "Feature", "geometry": {"type": "MultiPolygon", "coordinates": [[[[72.02693845, 34.14989134], [72.02693541, 34.14969959], [72.02677396, 34.14970136], [72.02677699, 34.14989311], [72.02693845, 34.14989134]]]]}, "properties": {"id": "8J6J42XG+WP9V", "height": 4.18280553817749, "hmax": 1.224, "ratio": 0.293, "vulnClass": "low"}}, {"type": "Feature", "geometry": {"type": "MultiPolygon", "coordinates": [[[[72.02699426, 34.14957156], [72.02699596, 34.14952087], [72.02694455, 34.14951968], [72.02694284, 34.14957036], [72.02699426, 34.14957156]]]]}, "properties": {"id": "8J6J42XG+RQ9R", "height": 3.531593799591064, "hmax": 1.224, "ratio": 0.347, "vulnClass": "moderate"}}, {"type": "Feature", "geometry": {"type": "MultiPolygon", "coordinates": [[[[72.02733858, 34.14933064], [72.02723026, 34.14932614], [72.02722808, 34.14936247], [72.02733639, 34.14936697], [72.02733858, 34.14933064]]]]}, "properties": {"id": "8J6J42XG+PWMR", "height": 4.277474403381348, "hmax": 1.0, "ratio": 0.234, "vulnClass": "low"}}, {"type": "Feature", "geometry": {"type": "MultiPolygon", "coordinates": [[[[72.02717664, 34.14934968], [72.02703696, 34.14934199], [72.02703258, 34.14939693], [72.02695096, 34.14939244], [72.02694171, 34.14950846], [72.02702333, 34.14951295], [72.02701878, 34.14956994], [72.02712993, 34.14957606], [72.02714144, 34.14943169], [72.02716997, 34.14943326], [72.02717664, 34.14934968]]]]}, "properties": {"id": "8J6J42XG+QRP2", "height": 4.817739486694336, "hmax": 1.215, "ratio": 0.252, "vulnClass": "low"}}, {"type": "Feature", "geometry": {"type": "MultiPolygon", "coordinates": [[[[72.0269456, 34.14932481], [72.02689757, 34.14933132], [72.02690386, 34.14936338], [72.02695189, 34.14935687], [72.0269456, 34.14932481]]]]}, "properties": {"id": "8J6J42XG+PQMP", "height": 3.319806337356567, "hmax": 1.224, "ratio": 0.369, "vulnClass": "moderate"}}, {"type": "Feature", "geometry": {"type": "MultiPolygon", "coordinates": [[[[72.0268976, 34.1493398], [72.0268434, 34.1493385], [72.0268345, 34.1495934], [72.0269417, 34.1495959], [72.0269494, 34.1493745], [72.0268964, 34.1493732], [72.0268976, 34.1493398]]]]}, "properties": {"id": "8J6J42XG+QQJV", "height": 3.269641876220703, "hmax": 1.224, "ratio": 0.374, "vulnClass": "moderate"}}, {"type": "Feature", "geometry": {"type": "MultiPolygon", "coordinates": [[[[72.026363, 34.149298], [72.0261615, 34.1492946], [72.0261591, 34.1493938], [72.026195, 34.1493944], [72.0261926, 34.1494928], [72.0263461, 34.1494954], [72.0263478, 34.1494273], [72.0263599, 34.1494275], [72.026363, 34.149298]]]]}, "properties": {"id": "8J6J42XG+QG2G", "height": 2.639937400817871, "hmax": 1.224, "ratio": 0.464, "vulnClass": "moderate"}}, {"type": "Feature", "geometry": {"type": "MultiPolygon", "coordinates": [[[[72.02583854, 34.14914332], [72.02580276, 34.14914676], [72.0258069, 34.14917651], [72.02584268, 34.14917307], [72.02583854, 34.14914332]]]]}, "properties": {"id": "8J6J42XG+M887", "height": 4.836728572845459, "hmax": 1.396, "ratio": 0.289, "vulnClass": "low"}}, {"type": "Feature", "geometry": {"type": "MultiPolygon", "coordinates": [[[[72.02581727, 34.14913178], [72.0258201, 34.14909342], [72.02575256, 34.14908998], [72.02574974, 34.14912834], [72.02581727, 34.14913178]]]]}, "properties": {"id": "8J6J42XG+J8VC", "height": 3.413588523864746, "hmax": 1.396, "ratio": 0.409, "vulnClass": "moderate"}}, {"type": "Feature", "geometry": {"type": "MultiPolygon", "coordinates": [[[[72.02577713, 34.14931253], [72.02575211, 34.14906986], [72.0256708, 34.14907566], [72.02569582, 34.14931832], [72.02577713, 34.14931253]]]]}, "properties": {"id": "8J6J42XG+M7HJ", "height": 3.078824996948242, "hmax": 1.326, "ratio": 0.431, "vulnClass": "moderate"}}, {"type": "Feature", "geometry": {"type": "MultiPolygon", "coordinates": [[[[72.02600224, 34.14890097], [72.02593724, 34.1488994], [72.02593582, 34.14893993], [72.02600081, 34.1489415], [72.02600224, 34.14890097]]]]}, "properties": {"id": "8J6J42XG+H99R", "height": 5.150654792785645, "hmax": 1.396, "ratio": 0.271, "vulnClass": "low"}}, {"type": "Feature", "geometry": {"type": "MultiPolygon", "coordinates": [[[[72.02580206, 34.14855358], [72.02576508, 34.14855268], [72.02576429, 34.1485752], [72.02580127, 34.1485761], [72.02580206, 34.14855358]]]]}, "properties": {"id": "8J6J42XG+C8FC", "height": 5.448018074035645, "hmax": 1.396, "ratio": 0.256, "vulnClass": "low"}}, {"type": "Feature", "geometry": {"type": "MultiPolygon", "coordinates": [[[[72.02684303, 34.14851462], [72.0265864, 34.14850582], [72.0265835, 34.14856438], [72.02684013, 34.14857317], [72.02683763, 34.14862349], [72.02728042, 34.14863866], [72.0272871, 34.14850381], [72.02717565, 34.1485], [72.02717436, 34.14852596], [72.02686965, 34.14851553], [72.02687094, 34.14848956], [72.02684431, 34.14848865], [72.02684303, 34.14851462]]]]}, "properties": {"id": "8J6J42XG+CQHG", "height": 4.18934440612793, "hmax": 1.286, "ratio": 0.307, "vulnClass": "moderate"}}, {"type": "Feature", "geometry": {"type": "MultiPolygon", "coordinates": [[[[72.02699466, 34.1486354], [72.02685678, 34.14863388], [72.02685512, 34.14873816], [72.026993, 34.14873968], [72.02699466, 34.1486354]]]]}, "properties": {"id": "8J6J42XG+FQFG", "height": 4.485415935516357, "hmax": 1.369, "ratio": 0.305, "vulnClass": "moderate"}}, {"type": "Feature", "geometry": {"type": "MultiPolygon", "coordinates": [[[[72.0271767, 34.1487417], [72.0268943, 34.1487386], [72.026891, 34.1489474], [72.0272022, 34.1489509], [72.0272039, 34.1488414], [72.0271751, 34.1488411], [72.0271767, 34.1487417]]]]}, "properties": {"id": "8J6J42XG+GRMV", "height": 6.175851345062256, "hmax": 1.347, "ratio": 0.218, "vulnClass": "low"}}, {"type": "Feature", "geometry": {"type": "MultiPolygon", "coordinates": [[[[72.0273159, 34.1491181], [72.0273203, 34.1488427], [72.0272039, 34.1488414], [72.0272032, 34.1488826], [72.0272375, 34.148883], [72.027236, 34.1489748], [72.027155, 34.1489739], [72.0271546, 34.1489932], [72.0271211, 34.1489928], [72.0271214, 34.1489735], [72.0270936, 34.1489732], [72.0270907, 34.1491505], [72.0271521, 34.1491511], [72.0271538, 34.1490468], [72.0272006, 34.1490473], [72.0271995, 34.1491168], [72.0273159, 34.1491181]]]]}, "properties": {"id": "8J6J42XG+JV56", "height": 3.957299470901489, "hmax": 1.065, "ratio": 0.269, "vulnClass": "low"}}, {"type": "Feature", "geometry": {"type": "MultiPolygon", "coordinates": [[[[72.02732191, 34.14874331], [72.0271767, 34.14874171], [72.02717512, 34.14884107], [72.02727139, 34.14884213], [72.02727204, 34.14880099], [72.02732098, 34.14880153], [72.02732191, 34.14874331]]]]}, "properties": {"id": "8J6J42XG+GV9G", "height": 4.067842960357666, "hmax": 0.959, "ratio": 0.236, "vulnClass": "low"}}, {"type": "Feature", "geometry": {"type": "MultiPolygon", "coordinates": [[[[72.02727908, 34.14866375], [72.02724117, 34.14866283], [72.02724014, 34.14869211], [72.02727806, 34.14869302], [72.02727908, 34.14866375]]]]}, "properties": {"id": "8J6J42XG+FWC3", "height": 2.836686849594116, "hmax": 0.955, "ratio": 0.337, "vulnClass": "moderate"}}, {"type": "Feature", "geometry": {"type": "MultiPolygon", "coordinates": [[[[72.02712674, 34.14863685], [72.02699466, 34.1486354], [72.026993, 34.14873968], [72.0271767, 34.14874171], [72.02717721, 34.14870976], [72.02712559, 34.1487092], [72.02712674, 34.14863685]]]]}, "properties": {"id": "8J6J42XG+FRGJ", "height": 3.960753202438354, "hmax": 1.369, "ratio": 0.346, "vulnClass": "moderate"}}, {"type": "Feature", "geometry": {"type": "MultiPolygon", "coordinates": [[[[72.0285087, 34.1486966], [72.028237, 34.148707], [72.0282393, 34.1487485], [72.028213, 34.1487495], [72.0282169, 34.1488197], [72.0283066, 34.1488163], [72.0283101, 34.14888], [72.0285185, 34.148872], [72.0285087, 34.1486966]]]]}, "properties": {"id": "8J6J42XH+G966", "height": 4.576613426208496, "hmax": 0.434, "ratio": 0.095, "vulnClass": "low"}}, {"type": "Feature", "geometry": {"type": "MultiPolygon", "coordinates": [[[[72.02829474, 34.14883106], [72.0282554, 34.1488309], [72.02825507, 34.14888829], [72.02829441, 34.14888845], [72.02829474, 34.14883106]]]]}, "properties": {"id": "8J6J42XH+G8R9", "height": 4.518695831298828, "hmax": 0.432, "ratio": 0.096, "vulnClass": "low"}}, {"type": "Feature", "geometry": {"type": "MultiPolygon", "coordinates": [[[[72.02834214, 34.14933773], [72.02825892, 34.1493381], [72.02825922, 34.14938527], [72.02836998, 34.14938478], [72.02836985, 34.14936373], [72.02834231, 34.14936385], [72.02834214, 34.14933773]]]]}, "properties": {"id": "8J6J42XH+P8VH", "height": 4.199686527252197, "hmax": 0.426, "ratio": 0.101, "vulnClass": "low"}}, {"type": "Feature", "geometry": {"type": "MultiPolygon", "coordinates": [[[[72.02893634, 34.14914518], [72.0288522, 34.14914104], [72.02885023, 34.14916874], [72.02880986, 34.14916676], [72.02879813, 34.14933152], [72.02896316, 34.14933964], [72.02897489, 34.14917488], [72.02893437, 34.14917288], [72.02893634, 34.14914518]]]]}, "properties": {"id": "8J6J42XH+MHRV", "height": 5.652693748474121, "hmax": 0.387, "ratio": 0.068, "vulnClass": "low"}}, {"type": "Feature", "geometry": {"type": "MultiPolygon", "coordinates": [[[[72.02859988, 34.14909529], [72.02834506, 34.14909641], [72.02834558, 34.14917891], [72.02842245, 34.14917858], [72.02842279, 34.14923155], [72.02858774, 34.14923082], [72.02858747, 34.14918936], [72.02860048, 34.1491893], [72.02859988, 34.14909529]]]]}, "properties": {"id": "8J6J42XH+M997", "height": 4.033965587615967, "hmax": 0.379, "ratio": 0.094, "vulnClass": "low"}}, {"type": "Feature", "geometry": {"type": "MultiPolygon", "coordinates": [[[[72.0284245, 34.1493601], [72.0285974, 34.1493573], [72.0285943, 34.1492241], [72.0283607, 34.1492278], [72.0283639, 34.1493611], [72.0284245, 34.1493601]]]]}, "properties": {"id": "8J6J42XH+P99M", "height": 5.106622219085693, "hmax": 0.402, "ratio": 0.079, "vulnClass": "low"}}, {"type": "Feature", "geometry": {"type": "MultiPolygon", "coordinates": [[[[72.02880641, 34.14952255], [72.02880276, 34.14936636], [72.0285977, 34.14936967], [72.02860136, 34.14952586], [72.02880641, 34.14952255]]]]}, "properties": {"id": "8J6J42XH+QFGV", "height": 3.179134130477905, "hmax": 0.426, "ratio": 0.134, "vulnClass": "low"}}, {"type": "Feature", "geometry": {"type": "MultiPolygon", "coordinates": [[[[72.02885788, 34.149373], [72.02880032, 34.1493734], [72.02880095, 34.14943553], [72.0288585, 34.14943513], [72.02885788, 34.149373]]]]}, "properties": {"id": "8J6J42XH+QG84", "height": 3.81567645072937, "hmax": 0.426, "ratio": 0.112, "vulnClass": "low"}}, {"type": "Feature", "geometry": {"type": "MultiPolygon", "coordinates": [[[[72.0287762, 34.1493358], [72.0287757, 34.1492512], [72.0287377, 34.1492514], [72.0287379, 34.1492889], [72.0286366, 34.1492893], [72.0286369, 34.1493364], [72.0287762, 34.1493358]]]]}, "properties": {"id": "8J6J42XH+PFG5", "height": 2.497418642044067, "hmax": 0.408, "ratio": 0.163, "vulnClass": "low"}}, {"type": "Feature", "geometry": {"type": "MultiPolygon", "coordinates": [[[[72.0293324, 34.1493574], [72.0292703, 34.1493588], [72.0292739, 34.1494678], [72.0293361, 34.1494663], [72.0293324, 34.1493574]]]]}, "properties": {"id": "8J6J42XH+QP7G", "height": 4.17474365234375, "hmax": 0.363, "ratio": 0.087, "vulnClass": "low"}}, {"type": "Feature", "geometry": {"type": "MultiPolygon", "coordinates": [[[[72.0292737, 34.14929647], [72.02928849, 34.14910819], [72.02926366, 34.14910684], [72.02926143, 34.14913518], [72.02913506, 34.14912832], [72.0291225, 34.14928826], [72.0292737, 34.14929647]]]]}, "properties": {"id": "8J6J42XH+MMP8", "height": 3.087664604187012, "hmax": 0.379, "ratio": 0.123, "vulnClass": "low"}}, {"type": "Feature", "geometry": {"type": "MultiPolygon", "coordinates": [[[[72.02929532, 34.14895698], [72.02925258, 34.14895634], [72.02925175, 34.14899415], [72.02929449, 34.1489948], [72.02929532, 34.14895698]]]]}, "properties": {"id": "8J6J42XH+HPR5", "height": 2.751707077026367, "hmax": 0.379, "ratio": 0.138, "vulnClass": "low"}}, {"type": "Feature", "geometry": {"type": "MultiPolygon", "coordinates": [[[[72.02909733, 34.14868319], [72.02906469, 34.14868333], [72.02906487, 34.1487113], [72.02909751, 34.14871116], [72.02909733, 34.14868319]]]]}, "properties": {"id": "8J6J42XH+FJGW", "height": 2.803332805633545, "hmax": 0.379, "ratio": 0.135, "vulnClass": "low"}}, {"type": "Feature", "geometry": {"type": "MultiPolygon", "coordinates": [[[[72.02925279, 34.14891106], [72.02924741, 34.14873052], [72.02906981, 34.14873418], [72.02907678, 34.14896815], [72.02920135, 34.14896559], [72.02919976, 34.14891216], [72.02925279, 34.14891106]]]]}, "properties": {"id": "8J6J42XH+GMMJ", "height": 3.960254192352295, "hmax": 0.379, "ratio": 0.096, "vulnClass": "low"}}, {"type": "Feature", "geometry": {"type": "MultiPolygon", "coordinates": [[[[72.02907519, 34.14891472], [72.02907159, 34.14879394], [72.02900775, 34.14879526], [72.02901135, 34.14891604], [72.02907519, 34.14891472]]]]}, "properties": {"id": "8J6J42XH+GJV3", "height": 4.057878971099854, "hmax": 0.379, "ratio": 0.093, "vulnClass": "low"}}, {"type": "Feature", "geometry": {"type": "MultiPolygon", "coordinates": [[[[72.02888965, 34.14860134], [72.02888939, 34.14856076], [72.02879507, 34.14856117], [72.02879567, 34.14865734], [72.02891796, 34.14865681], [72.02891761, 34.14860122], [72.02888965, 34.14860134]]]]}, "properties": {"id": "8J6J42XH+CGXC", "height": 4.564891815185547, "hmax": 0.379, "ratio": 0.083, "vulnClass": "low"}}, {"type": "Feature", "geometry": {"type": "MultiPolygon", "coordinates": [[[[72.0287186, 34.14867021], [72.02853295, 34.14868278], [72.02853775, 34.14873177], [72.0287234, 34.1487192], [72.0287186, 34.14867021]]]]}, "properties": {"id": "8J6J42XH+FFJ2", "height": 3.122487545013428, "hmax": 0.379, "ratio": 0.121, "vulnClass": "low"}}, {"type": "Feature", "geometry": {"type": "MultiPolygon", "coordinates": [[[[72.02885863, 34.14856089], [72.0288584, 34.1485241], [72.02879484, 34.14852437], [72.02879507, 34.14856117], [72.02885863, 34.14856089]]]]}, "properties": {"id": "8J6J42XH+CG8M", "height": 2.72136402130127, "hmax": 0.379, "ratio": 0.139, "vulnClass": "low"}}, {"type": "Feature", "geometry": {"type": "MultiPolygon", "coordinates": [[[[72.02885803, 34.1484664], [72.02879447, 34.14846667], [72.02879474, 34.14850939], [72.0288583, 34.14850911], [72.02885803, 34.1484664]]]]}, "properties": {"id": "8J6J42XH+9GWF", "height": 3.754273891448975, "hmax": 0.379, "ratio": 0.101, "vulnClass": "low"}}, {"type": "Feature", "geometry": {"type": "MultiPolygon", "coordinates": [[[[72.02906562, 34.14844433], [72.02902135, 34.14844555], [72.02902693, 34.14858499], [72.0290712, 34.14858377], [72.02906562, 34.14844433]]]]}, "properties": {"id": "8J6J42XH+CJ3F", "height": 3.120312929153442, "hmax": 0.379, "ratio": 0.121, "vulnClass": "low"}}, {"type": "Feature", "geometry": {"type": "MultiPolygon", "coordinates": [[[[72.02902134, 34.14850367], [72.02889261, 34.14850678], [72.02889544, 34.14858779], [72.02902417, 34.14858468], [72.02902134, 34.14850367]]]]}, "properties": {"id": "8J6J42XH+CH8W", "height": 4.391699314117432, "hmax": 0.379, "ratio": 0.086, "vulnClass": "low"}}, {"type": "Feature", "geometry": {"type": "MultiPolygon", "coordinates": [[[[72.0290787, 34.14867828], [72.02907631, 34.14857636], [72.02891947, 34.14857891], [72.02892186, 34.14868083], [72.0290787, 34.14867828]]]]}, "properties": {"id": "8J6J42XH+FH55", "height": 3.709625959396362, "hmax": 0.379, "ratio": 0.102, "vulnClass": "low"}}, {"type": "Feature", "geometry": {"type": "MultiPolygon", "coordinates": [[[[72.0292391, 34.14865367], [72.02923284, 34.14847447], [72.02916691, 34.14847606], [72.02916776, 34.14850013], [72.02907026, 34.14850249], [72.02907568, 34.14865762], [72.0292391, 34.14865367]]]]}, "properties": {"id": "8J6J42XH+CMFR", "height": 3.87430214881897, "hmax": 0.379, "ratio": 0.098, "vulnClass": "low"}}, {"type": "Feature", "geometry": {"type": "MultiPolygon", "coordinates": [[[[72.02916834, 34.14850776], [72.02916807, 34.14846505], [72.02909596, 34.14846536], [72.02909623, 34.14850808], [72.02916834, 34.14850776]]]]}, "properties": {"id": "8J6J42XH+9MRC", "height": 3.055605888366699, "hmax": 0.379, "ratio": 0.124, "vulnClass": "low"}}, {"type": "Feature", "geometry": {"type": "MultiPolygon", "coordinates": [[[[72.02967397, 34.1484946], [72.02961475, 34.1484958], [72.02961959, 34.14866145], [72.02978536, 34.1486581], [72.02978127, 34.14851816], [72.02967473, 34.14852032], [72.02967397, 34.1484946]]]]}, "properties": {"id": "8J6J42XH+CVP7", "height": 3.496936798095703, "hmax": 0.038, "ratio": 0.011, "vulnClass": "none"}}, {"type": "Feature", "geometry": {"type": "MultiPolygon", "coordinates": [[[[72.0295987, 34.14880356], [72.02959729, 34.14871517], [72.02944394, 34.14871686], [72.02944706, 34.14891268], [72.0296241, 34.14891073], [72.02962239, 34.1488033], [72.0295987, 34.14880356]]]]}, "properties": {"id": "8J6J42XH+GRCQ", "height": 4.672591209411621, "hmax": 0.038, "ratio": 0.008, "vulnClass": "none"}}, {"type": "Feature", "geometry": {"type": "MultiPolygon", "coordinates": [[[[72.02972513, 34.14888777], [72.02961636, 34.14888858], [72.029617, 34.14894785], [72.02975913, 34.1489468], [72.02975876, 34.14891225], [72.0297254, 34.1489125], [72.02972513, 34.14888777]]]]}, "properties": {"id": "8J6J42XH+HV7Q", "height": 4.491067409515381, "hmax": 0.038, "ratio": 0.009, "vulnClass": "none"}}, {"type": "Feature", "geometry": {"type": "MultiPolygon", "coordinates": [[[[72.02977351, 34.14888681], [72.02977074, 34.14871326], [72.02962098, 34.14871491], [72.02962375, 34.14888846], [72.02977351, 34.14888681]]]]}, "properties": {"id": "8J6J42XH+GVG3", "height": 4.787056922912598, "hmax": 0.038, "ratio": 0.008, "vulnClass": "none"}}, {"type": "Feature", "geometry": {"type": "MultiPolygon", "coordinates": [[[[72.03023531, 34.14865456], [72.03020462, 34.14865006], [72.0301992, 34.14867557], [72.03022989, 34.14868008], [72.03023531, 34.14865456]]]]}, "properties": {"id": "8J6J42XJ+F38Q", "height": 3.167928457260132, "hmax": 0.038, "ratio": 0.012, "vulnClass": "none"}}, {"type": "Feature", "geometry": {"type": "MultiPolygon", "coordinates": [[[[72.02995375, 34.1485184], [72.02982832, 34.14852534], [72.02983925, 34.14866184], [72.02996468, 34.1486549], [72.02995375, 34.1485184]]]]}, "properties": {"id": "8J6J42XH+CXJP", "height": 5.2475266456604, "hmax": 0.038, "ratio": 0.007, "vulnClass": "none"}}, {"type": "Feature", "geometry": {"type": "MultiPolygon", "coordinates": [[[[72.02988496, 34.14847883], [72.02983533, 34.14847921], [72.02983579, 34.14852067], [72.02988542, 34.14852029], [72.02988496, 34.14847883]]]]}, "properties": {"id": "8J6J42XH+9WXW", "height": 3.086572408676147, "hmax": 0.038, "ratio": 0.012, "vulnClass": "none"}}, {"type": "Feature", "geometry": {"type": "MultiPolygon", "coordinates": [[[[72.03000413, 34.14848196], [72.02995107, 34.1484849], [72.02996468, 34.1486549], [72.03001774, 34.14865197], [72.03000413, 34.14848196]]]]}, "properties": {"id": "8J6J42XH+CXHP", "height": 4.821798324584961, "hmax": 0.038, "ratio": 0.008, "vulnClass": "none"}}, {"type": "Feature", "geometry": {"type": "MultiPolygon", "coordinates": [[[[72.03018445, 34.14864186], [72.0301668, 34.14844712], [72.03000401, 34.14845732], [72.03002167, 34.14865206], [72.03018445, 34.14864186]]]]}, "properties": {"id": "8J6J42XJ+C29R", "height": 5.137619018554688, "hmax": 0.038, "ratio": 0.007, "vulnClass": "none"}}, {"type": "Feature", "geometry": {"type": "MultiPolygon", "coordinates": [[[[72.03022906, 34.14850602], [72.03017546, 34.14850818], [72.03018248, 34.14862859], [72.03023609, 34.14862642], [72.03022906, 34.14850602]]]]}, "properties": {"id": "8J6J42XJ+C3GP", "height": 4.23908805847168, "hmax": 0.038, "ratio": 0.009, "vulnClass": "none"}}, {"type": "Feature", "geometry": {"type": "MultiPolygon", "coordinates": [[[[72.0302788, 34.1485024], [72.0302189, 34.1485045], [72.0302264, 34.1486466], [72.0304708, 34.1486377], [72.0304669, 34.1485647], [72.0304968, 34.1485636], [72.0304932, 34.1484946], [72.0303463, 34.1484999], [72.0303446, 34.1484672], [72.0302771, 34.1484696], [72.0302788, 34.1485024]]]]}, "properties": {"id": "8J6J42XJ+C4HC", "height": 4.30617094039917, "hmax": 0.033, "ratio": 0.008, "vulnClass": "none"}}, {"type": "Feature", "geometry": {"type": "MultiPolygon", "coordinates": [[[[72.03087852, 34.14890515], [72.0308722, 34.14866878], [72.03071237, 34.14867174], [72.0307181, 34.14888585], [72.03081854, 34.148884], [72.03081914, 34.14890625], [72.03087852, 34.14890515]]]]}, "properties": {"id": "8J6J42XJ+G878", "height": 5.600194931030273, "hmax": 0.008, "ratio": 0.001, "vulnClass": "none"}}, {"type": "Feature", "geometry": {"type": "MultiPolygon", "coordinates": [[[[72.0314001, 34.1486645], [72.0312369, 34.1486665], [72.0312401, 34.1488442], [72.0314033, 34.1488422], [72.0314001, 34.1486645]]]]}, "properties": {"id": "8J6J42XJ+GG42", "height": 4.530041694641113, "hmax": 0.008, "ratio": 0.002, "vulnClass": "none"}}, {"type": "Feature", "geometry": {"type": "MultiPolygon", "coordinates": [[[[72.03119, 34.14865845], [72.03109694, 34.14865984], [72.03109792, 34.1487054], [72.03119099, 34.14870401], [72.03119, 34.14865845]]]]}, "properties": {"id": "8J6J42XJ+FFC8", "height": 3.158801794052124, "hmax": 0.008, "ratio": 0.003, "vulnClass": "none"}}, {"type": "Feature", "geometry": {"type": "MultiPolygon", "coordinates": [[[[72.03127339, 34.14885232], [72.03121069, 34.1488485], [72.03120777, 34.14888159], [72.03127048, 34.1488854], [72.03127339, 34.14885232]]]]}, "properties": {"id": "8J6J42XJ+GFXP", "height": 3.106893301010132, "hmax": 0.008, "ratio": 0.003, "vulnClass": "none"}}, {"type": "Feature", "geometry": {"type": "MultiPolygon", "coordinates": [[[[72.0313801, 34.1489509], [72.0313763, 34.1488605], [72.0312729, 34.1488635], [72.0312745, 34.1489026], [72.0312146, 34.1489044], [72.0312168, 34.1489557], [72.0313801, 34.1489509]]]]}, "properties": {"id": "8J6J42XJ+HG7H", "height": 3.55373215675354, "hmax": 0.008, "ratio": 0.002, "vulnClass": "none"}}, {"type": "Feature", "geometry": {"type": "MultiPolygon", "coordinates": [[[[72.03103424, 34.14891151], [72.0310396, 34.14886986], [72.03098565, 34.14886506], [72.03098029, 34.14890671], [72.03103424, 34.14891151]]]]}, "properties": {"id": "8J6J42XJ+HC2F", "height": 3.162978172302246, "hmax": 0.008, "ratio": 0.003, "vulnClass": "none"}}, {"type": "Feature", "geometry": {"type": "MultiPolygon", "coordinates": [[[[72.03052771, 34.1486904], [72.03036818, 34.14869204], [72.03037044, 34.14884404], [72.03052997, 34.1488424], [72.03052771, 34.1486904]]]]}, "properties": {"id": "8J6J42XJ+G54M", "height": 3.2379310131073, "hmax": 0.019, "ratio": 0.006, "vulnClass": "none"}}, {"type": "Feature", "geometry": {"type": "MultiPolygon", "coordinates": [[[[72.0304223, 34.1488435], [72.0304229, 34.1488829], [72.0305306, 34.1488818], [72.03053, 34.1488424], [72.0304223, 34.1488435]]]]}, "properties": {"id": "8J6J42XJ+G5XC", "height": 2.807835340499878, "hmax": 0.009, "ratio": 0.003, "vulnClass": "none"}}, {"type": "Feature", "geometry": {"type": "MultiPolygon", "coordinates": [[[[72.0308431, 34.14914578], [72.03084107, 34.14910736], [72.03070488, 34.14911232], [72.03071286, 34.14926353], [72.03081571, 34.14925978], [72.03081453, 34.1492374], [72.0308775, 34.1492351], [72.03087273, 34.1491447], [72.0308431, 34.14914578]]]]}, "properties": {"id": "8J6J42XJ+M8F6", "height": 5.933495998382568, "hmax": 0.008, "ratio": 0.001, "vulnClass": "none"}}, {"type": "Feature", "geometry": {"type": "MultiPolygon", "coordinates": [[[[72.03075258, 34.14905893], [72.03068304, 34.14905917], [72.03068322, 34.14909702], [72.03075276, 34.14909679], [72.03075258, 34.14905893]]]]}, "properties": {"id": "8J6J42XJ+J7P5", "height": 2.535338401794434, "hmax": 0.008, "ratio": 0.003, "vulnClass": "none"}}, {"type": "Feature", "geometry": {"type": "MultiPolygon", "coordinates": [[[[72.03108243, 34.14909855], [72.03104245, 34.14910001], [72.03105152, 34.1492718], [72.03110238, 34.14926994], [72.03110129, 34.14924936], [72.03121307, 34.14924528], [72.03120712, 34.1491325], [72.03108446, 34.14913698], [72.03108243, 34.14909855]]]]}, "properties": {"id": "8J6J42XJ+MCHH", "height": 6.33529806137085, "hmax": 0.008, "ratio": 0.001, "vulnClass": "none"}}, {"type": "Feature", "geometry": {"type": "MultiPolygon", "coordinates": [[[[72.0313722, 34.14924363], [72.03136375, 34.1490758], [72.03128831, 34.14907843], [72.03128933, 34.14909873], [72.03120194, 34.14910177], [72.03120937, 34.1492493], [72.0313722, 34.14924363]]]]}, "properties": {"id": "8J6J42XJ+MG7M", "height": 4.53766393661499, "hmax": 0.008, "ratio": 0.002, "vulnClass": "none"}}, {"type": "Feature", "geometry": {"type": "MultiPolygon", "coordinates": [[[[72.03098063, 34.14910226], [72.03091243, 34.14910475], [72.03091446, 34.14914318], [72.03087273, 34.1491447], [72.03087977, 34.14927807], [72.0309215, 34.14927654], [72.03091923, 34.14923358], [72.03098743, 34.14923109], [72.03098969, 34.14927405], [72.03105152, 34.1492718], [72.03104653, 34.14917725], [72.0309847, 34.14917951], [72.03098063, 34.14910226]]]]}, "properties": {"id": "8J6J42XJ+M9GW", "height": 6.33529806137085, "hmax": 0.008, "ratio": 0.001, "vulnClass": "none"}}, {"type": "Feature", "geometry": {"type": "MultiPolygon", "coordinates": [[[[72.0308769, 34.14923991], [72.03083401, 34.14924006], [72.03083422, 34.14928304], [72.03087711, 34.14928289], [72.0308769, 34.14923991]]]]}, "properties": {"id": "8J6J42XJ+P85F", "height": 2.83247184753418, "hmax": 0.008, "ratio": 0.003, "vulnClass": "none"}}, {"type": "Feature", "geometry": {"type": "MultiPolygon", "coordinates": [[[[72.03126841, 34.14925431], [72.03121041, 34.14925291], [72.03120933, 34.14928364], [72.03126733, 34.14928505], [72.03126841, 34.14925431]]]]}, "properties": {"id": "8J6J42XJ+PF5P", "height": 4.083647727966309, "hmax": 0.008, "ratio": 0.002, "vulnClass": "none"}}, {"type": "Feature", "geometry": {"type": "MultiPolygon", "coordinates": [[[[72.0309265, 34.14931636], [72.03076037, 34.14931999], [72.03076596, 34.14949713], [72.03093209, 34.14949351], [72.0309265, 34.14931636]]]]}, "properties": {"id": "8J6J42XJ+Q896", "height": 5.130736351013184, "hmax": 0.006, "ratio": 0.001, "vulnClass": "none"}}, {"type": "Feature", "geometry": {"type": "MultiPolygon", "coordinates": [[[[72.03080703, 34.14929424], [72.03080547, 34.14926406], [72.03074107, 34.14926637], [72.03074264, 34.14929654], [72.03080703, 34.14929424]]]]}, "properties": {"id": "8J6J42XJ+P869", "height": 5.712944984436035, "hmax": 0.008, "ratio": 0.001, "vulnClass": "none"}}, {"type": "Feature", "geometry": {"type": "MultiPolygon", "coordinates": [[[[72.03042134, 34.1494712], [72.03041836, 34.14934665], [72.03032094, 34.14934826], [72.03032433, 34.14949022], [72.03034785, 34.14948983], [72.03034743, 34.14947242], [72.03042134, 34.1494712]]]]}, "properties": {"id": "8J6J42XJ+Q49H", "height": 2.689743995666504, "hmax": 0.051, "ratio": 0.019, "vulnClass": "none"}}, {"type": "Feature", "geometry": {"type": "MultiPolygon", "coordinates": [[[[72.0303209, 34.14934775], [72.03011128, 34.14935126], [72.03011431, 34.14947628], [72.0301957, 34.14947492], [72.03019495, 34.1494442], [72.03032319, 34.14944205], [72.0303209, 34.14934775]]]]}, "properties": {"id": "8J6J42XJ+Q384", "height": 4.266300201416016, "hmax": 0.057, "ratio": 0.013, "vulnClass": "none"}}, {"type": "Feature", "geometry": {"type": "MultiPolygon", "coordinates": [[[[72.0303206, 34.1490737], [72.030267, 34.1490758], [72.0302792, 34.1492887], [72.0304248, 34.149283], [72.0304146, 34.1491076], [72.0303227, 34.1491113], [72.0303206, 34.1490737]]]]}, "properties": {"id": "8J6J42XJ+M4GQ", "height": 4.560154914855957, "hmax": 0.037, "ratio": 0.008, "vulnClass": "none"}}, {"type": "Feature", "geometry": {"type": "MultiPolygon", "coordinates": [[[[72.0299964, 34.1491337], [72.0299207, 34.1491341], [72.029922, 34.1493352], [72.0300743, 34.1493345], [72.0300732, 34.1491628], [72.0299966, 34.1491631], [72.0299964, 34.1491337]]]]}, "properties": {"id": "8J6J42XH+MXXQ", "height": 4.47108793258667, "hmax": 0.038, "ratio": 0.009, "vulnClass": "none"}}, {"type": "Feature", "geometry": {"type": "MultiPolygon", "coordinates": [[[[72.02968834, 34.14913731], [72.02963689, 34.14913913], [72.02964489, 34.14929614], [72.02974446, 34.14929263], [72.02974551, 34.14931321], [72.02979279, 34.14931154], [72.0297831, 34.1491215], [72.02968771, 34.14912486], [72.02968834, 34.14913731]]]]}, "properties": {"id": "8J6J42XH+MVPH", "height": 4.304647922515869, "hmax": 0.038, "ratio": 0.009, "vulnClass": "none"}}, {"type": "Feature", "geometry": {"type": "MultiPolygon", "coordinates": [[[[72.02959718, 34.14895288], [72.02954747, 34.14894993], [72.02954403, 34.14898998], [72.02959375, 34.14899293], [72.02959718, 34.14895288]]]]}, "properties": {"id": "8J6J42XH+HRPV", "height": 3.97520899772644, "hmax": 0.038, "ratio": 0.01, "vulnClass": "none"}}, {"type": "Feature", "geometry": {"type": "MultiPolygon", "coordinates": [[[[72.02961634, 34.14913971], [72.02945085, 34.14913888], [72.02945077, 34.14914986], [72.02948078, 34.14915001], [72.02947948, 34.14932863], [72.02964379, 34.14932945], [72.02964467, 34.14920724], [72.02961585, 34.14920709], [72.02961634, 34.14913971]]]]}, "properties": {"id": "8J6J42XH+MRVH", "height": 3.389070749282837, "hmax": 0.039, "ratio": 0.011, "vulnClass": "none"}}, {"type": "Feature", "geometry": {"type": "MultiPolygon", "coordinates": [[[[72.02970886, 34.14932814], [72.02962361, 34.1493321], [72.02962569, 34.14936313], [72.02971094, 34.14935918], [72.02970886, 34.14932814]]]]}, "properties": {"id": "8J6J42XH+PVMV", "height": 4.237029552459717, "hmax": 0.057, "ratio": 0.014, "vulnClass": "none"}}, {"type": "Feature", "geometry": {"type": "MultiPolygon", "coordinates": [[[[72.02950324, 34.1495044], [72.02949987, 34.1493506], [72.02933295, 34.14935313], [72.02933632, 34.14950693], [72.02950324, 34.1495044]]]]}, "properties": {"id": "8J6J42XH+QQF3", "height": 4.572777271270752, "hmax": 0.057, "ratio": 0.013, "vulnClass": "none"}}, {"type": "Feature", "geometry": {"type": "MultiPolygon", "coordinates": [[[[72.02969461, 34.14958912], [72.02952524, 34.14958933], [72.02952556, 34.14975988], [72.02980149, 34.14975952], [72.02980133, 34.14967103], [72.02969477, 34.14967117], [72.02969461, 34.14958912]]]]}, "properties": {"id": "8J6J42XH+VVC8", "height": 3.901914119720459, "hmax": 0.057, "ratio": 0.015, "vulnClass": "none"}}, {"type": "Feature", "geometry": {"type": "MultiPolygon", "coordinates": [[[[72.02945017, 34.14985707], [72.02938975, 34.14985738], [72.02939026, 34.14992629], [72.02945068, 34.14992599], [72.02945017, 34.14985707]]]]}, "properties": {"id": "8J6J42XH+XQ3M", "height": 2.766396999359131, "hmax": 0.057, "ratio": 0.021, "vulnClass": "none"}}, {"type": "Feature", "geometry": {"type": "MultiPolygon", "coordinates": [[[[72.02952787, 34.14994026], [72.02952087, 34.14988766], [72.02946526, 34.14989278], [72.02947226, 34.14994538], [72.02952787, 34.14994026]]]]}, "properties": {"id": "8J6J42XH+XQ9Q", "height": 4.154754161834717, "hmax": 0.057, "ratio": 0.014, "vulnClass": "none"}}, {"type": "Feature", "geometry": {"type": "MultiPolygon", "coordinates": [[[[72.02959962, 34.1498301], [72.02954743, 34.14982958], [72.0295462, 34.14991518], [72.02959839, 34.1499157], [72.02959962, 34.1498301]]]]}, "properties": {"id": "8J6J42XH+WRWV", "height": 5.401034355163574, "hmax": 0.057, "ratio": 0.011, "vulnClass": "none"}}, {"type": "Feature", "geometry": {"type": "MultiPolygon", "coordinates": [[[[72.02979111, 34.14988157], [72.02975186, 34.1498789], [72.02974744, 34.14992385], [72.02978668, 34.14992653], [72.02979111, 34.14988157]]]]}, "properties": {"id": "8J6J42XH+XW64", "height": 2.776719570159912, "hmax": 0.057, "ratio": 0.02, "vulnClass": "none"}}, {"type": "Feature", "geometry": {"type": "MultiPolygon", "coordinates": [[[[72.02974275, 34.14976499], [72.02954838, 34.14976306], [72.02954743, 34.14982958], [72.02959962, 34.1498301], [72.02959839, 34.1499157], [72.02974057, 34.14991711], [72.02974275, 34.14976499]]]]}, "properties": {"id": "8J6J42XH+WVM6", "height": 5.314540863037109, "hmax": 0.057, "ratio": 0.011, "vulnClass": "none"}}, {"type": "Feature", "geometry": {"type": "MultiPolygon", "coordinates": [[[[72.03025865, 34.14968898], [72.029985, 34.14970182], [72.02999126, 34.14979402], [72.03007923, 34.14978989], [72.03007715, 34.14975921], [72.03010878, 34.14975772], [72.03011086, 34.1497884], [72.03026491, 34.14978117], [72.03027321, 34.14990341], [72.03036505, 34.14989909], [72.03035126, 34.14969592], [72.03025941, 34.14970023], [72.03025865, 34.14968898]]]]}, "properties": {"id": "8J6J42XJ+W34P", "height": 5.619655132293701, "hmax": 0.057, "ratio": 0.01, "vulnClass": "none"}}, {"type": "Feature", "geometry": {"type": "MultiPolygon", "coordinates": [[[[72.03011916, 34.14991063], [72.03010878, 34.14975772], [72.03007715, 34.14975921], [72.03007923, 34.14978989], [72.02999126, 34.14979402], [72.02999956, 34.14991625], [72.03011916, 34.14991063]]]]}, "properties": {"id": "8J6J42XJ+W2MX", "height": 5.619655132293701, "hmax": 0.057, "ratio": 0.01, "vulnClass": "none"}}, {"type": "Feature", "geometry": {"type": "MultiPolygon", "coordinates": [[[[72.03036505, 34.14989909], [72.03024842, 34.14990457], [72.03025314, 34.14997402], [72.03036977, 34.14996854], [72.03036505, 34.14989909]]]]}, "properties": {"id": "8J6J42XJ+X4FH", "height": 4.6661696434021, "hmax": 0.057, "ratio": 0.012, "vulnClass": "none"}}, {"type": "Feature", "geometry": {"type": "MultiPolygon", "coordinates": [[[[72.03017966, 34.1495831], [72.03013875, 34.14958425], [72.03014166, 34.14965637], [72.03036255, 34.14965019], [72.0303603, 34.14959454], [72.03018033, 34.14959957], [72.03017966, 34.1495831]]]]}, "properties": {"id": "8J6J42XJ+R3XX", "height": 2.926349639892578, "hmax": 0.057, "ratio": 0.019, "vulnClass": "none"}}, {"type": "Feature", "geometry": {"type": "MultiPolygon", "coordinates": [[[[72.03028759, 34.14944265], [72.03022244, 34.14944374], [72.03022319, 34.14947446], [72.03028834, 34.14947336], [72.03028759, 34.14944265]]]]}, "properties": {"id": "8J6J42XJ+Q4J6", "height": 4.012887001037598, "hmax": 0.057, "ratio": 0.014, "vulnClass": "none"}}, {"type": "Feature", "geometry": {"type": "MultiPolygon", "coordinates": [[[[72.030875, 34.1497487], [72.0308711, 34.1496409], [72.0307356, 34.1496443], [72.0307437, 34.1498667], [72.0308792, 34.1498633], [72.0308764, 34.1497864], [72.0308494, 34.1497871], [72.030848, 34.1497493], [72.030875, 34.1497487]]]]}, "properties": {"id": "8J6J42XJ+W835", "height": 4.547447204589844, "hmax": 0.006, "ratio": 0.001, "vulnClass": "none"}}, {"type": "Feature", "geometry": {"type": "MultiPolygon", "coordinates": [[[[72.03127568, 34.14959229], [72.03118735, 34.14959407], [72.03118873, 34.1496416], [72.03122609, 34.14964085], [72.03122673, 34.14966271], [72.0312777, 34.14966168], [72.03127887, 34.14970213], [72.03142253, 34.14969923], [72.03142136, 34.14965879], [72.03134803, 34.14966027], [72.0313474, 34.14963841], [72.03142072, 34.14963694], [72.03141934, 34.1495894], [72.03134601, 34.14959088], [72.03134537, 34.14956859], [72.03127503, 34.14957], [72.03127568, 34.14959229]]]]}, "properties": {"id": "8J6J42XJ+VG4C", "height": 3.239249467849731, "hmax": 0.006, "ratio": 0.002, "vulnClass": "none"}}, {"type": "Feature", "geometry": {"type": "MultiPolygon", "coordinates": [[[[72.03110851, 34.14958962], [72.03090981, 34.14959461], [72.03091456, 34.14972507], [72.03111325, 34.14972008], [72.03111197, 34.14968479], [72.03113624, 34.14968418], [72.03113403, 34.14962341], [72.03110976, 34.14962402], [72.03110851, 34.14958962]]]]}, "properties": {"id": "8J6J42XJ+VC68", "height": 3.992491006851196, "hmax": 0.006, "ratio": 0.002, "vulnClass": "none"}}, {"type": "Feature", "geometry": {"type": "MultiPolygon", "coordinates": [[[[72.03116447, 34.14967481], [72.03112917, 34.14967357], [72.03112733, 34.14970981], [72.03116263, 34.14971105], [72.03116447, 34.14967481]]]]}, "properties": {"id": "8J6J42XJ+VFCP", "height": 2.755780935287476, "hmax": 0.006, "ratio": 0.002, "vulnClass": "none"}}, {"type": "Feature", "geometry": {"type": "MultiPolygon", "coordinates": [[[[72.03124779, 34.14967741], [72.03118017, 34.1496748], [72.03117841, 34.14970644], [72.03124602, 34.14970904], [72.03124779, 34.14967741]]]]}, "properties": {"id": "8J6J42XJ+VFGQ", "height": 3.296000957489014, "hmax": 0.006, "ratio": 0.002, "vulnClass": "none"}}, {"type": "Feature", "geometry": {"type": "MultiPolygon", "coordinates": [[[[72.0313445, 34.1497081], [72.031171, 34.1497142], [72.0311782, 34.1498546], [72.031392, 34.1498471], [72.0313862, 34.149735], [72.0313459, 34.1497364], [72.0313445, 34.1497081]]]]}, "properties": {"id": "8J6J42XJ+WG69", "height": 3.296000957489014, "hmax": 0.006, "ratio": 0.002, "vulnClass": "none"}}, {"type": "Feature", "geometry": {"type": "MultiPolygon", "coordinates": [[[[72.03118102, 34.1498266], [72.03114864, 34.14982761], [72.03115166, 34.14989468], [72.03118404, 34.14989367], [72.03118102, 34.1498266]]]]}, "properties": {"id": "8J6J42XJ+WFVF", "height": 2.783045291900635, "hmax": 0.006, "ratio": 0.002, "vulnClass": "none"}}, {"type": "Feature", "geometry": {"type": "MultiPolygon", "coordinates": [[[[72.03083531, 34.15020904], [72.03083205, 34.15009651], [72.03072587, 34.15009864], [72.03072913, 34.15021117], [72.03083531, 34.15020904]]]]}, "properties": {"id": "8J6J522J+3865", "height": 4.229758262634277, "hmax": 0.006, "ratio": 0.001, "vulnClass": "none"}}, {"type": "Feature", "geometry": {"type": "MultiPolygon", "coordinates": [[[[72.03096793, 34.14998062], [72.03094495, 34.14998149], [72.03095607, 34.15018304], [72.03106158, 34.15017901], [72.03105178, 34.15000148], [72.03096925, 34.15000463], [72.03096793, 34.14998062]]]]}, "properties": {"id": "8J6J522J+2CJC", "height": 3.260664939880371, "hmax": 0.006, "ratio": 0.002, "vulnClass": "none"}}, {"type": "Feature", "geometry": {"type": "MultiPolygon", "coordinates": [[[[72.03126016, 34.15002451], [72.0311606, 34.15002478], [72.03116095, 34.15011456], [72.0312605, 34.15011429], [72.03126016, 34.15002451]]]]}, "properties": {"id": "8J6J522J+2FGP", "height": 4.302282810211182, "hmax": 0.006, "ratio": 0.001, "vulnClass": "none"}}, {"type": "Feature", "geometry": {"type": "MultiPolygon", "coordinates": [[[[72.0312605, 34.15011429], [72.03116095, 34.15011456], [72.03116121, 34.15018287], [72.03126077, 34.1501826], [72.0312605, 34.15011429]]]]}, "properties": {"id": "8J6J522J+3F4W", "height": 4.340841293334961, "hmax": 0.006, "ratio": 0.001, "vulnClass": "none"}}, {"type": "Feature", "geometry": {"type": "MultiPolygon", "coordinates": [[[[72.03125041, 34.15043613], [72.03124539, 34.15020755], [72.0310942, 34.15020984], [72.03109823, 34.1503937], [72.03117637, 34.15039251], [72.03117736, 34.15043723], [72.03125041, 34.15043613]]]]}, "properties": {"id": "8J6J522J+4FFG", "height": 3.190534830093384, "hmax": 0.005, "ratio": 0.002, "vulnClass": "none"}}, {"type": "Feature", "geometry": {"type": "MultiPolygon", "coordinates": [[[[72.03088985, 34.15044233], [72.03088625, 34.15025476], [72.03072611, 34.15025689], [72.03072898, 34.15040573], [72.03075202, 34.15040543], [72.03075277, 34.15044415], [72.03088985, 34.15044233]]]]}, "properties": {"id": "8J6J522J+48MX", "height": 6.139297485351562, "hmax": 0.005, "ratio": 0.001, "vulnClass": "none"}}, {"type": "Feature", "geometry": {"type": "MultiPolygon", "coordinates": [[[[72.03024424, 34.14993561], [72.03021126, 34.14993646], [72.03021245, 34.14996844], [72.03024542, 34.14996759], [72.03024424, 34.14993561]]]]}, "properties": {"id": "8J6J42XJ+X3Q3", "height": 4.582184791564941, "hmax": 0.057, "ratio": 0.012, "vulnClass": "none"}}, {"type": "Feature", "geometry": {"type": "MultiPolygon", "coordinates": [[[[72.03007131, 34.15000676], [72.02993989, 34.15000889], [72.02994767, 34.1503409], [72.03007909, 34.15033877], [72.03007568, 34.15019334], [72.03010571, 34.15019286], [72.03010442, 34.15013789], [72.03007439, 34.15013838], [72.03007131, 34.15000676]]]]}, "properties": {"id": "8J6J522J+326V", "height": 2.686090230941772, "hmax": 0.082, "ratio": 0.03, "vulnClass": "none"}}, {"type": "Feature", "geometry": {"type": "MultiPolygon", "coordinates": [[[[72.0299674, 34.14993339], [72.02991467, 34.14993461], [72.02991718, 34.15000941], [72.02996991, 34.15000819], [72.0299674, 34.14993339]]]]}, "properties": {"id": "8J6J42XH+XXPR", "height": 2.669507503509521, "hmax": 0.057, "ratio": 0.021, "vulnClass": "none"}}, {"type": "Feature", "geometry": {"type": "MultiPolygon", "coordinates": [[[[72.02985572, 34.15019905], [72.02984679, 34.15005563], [72.02973596, 34.1500604], [72.0297449, 34.15020382], [72.02985572, 34.15019905]]]]}, "properties": {"id": "8J6J522H+3W33", "height": 5.200253486633301, "hmax": 0.057, "ratio": 0.011, "vulnClass": "none"}}, {"type": "Feature", "geometry": {"type": "MultiPolygon", "coordinates": [[[[72.02945075, 34.15005183], [72.02941166, 34.15005193], [72.0294122, 34.1502082], [72.02950526, 34.15020798], [72.02950494, 34.1501153], [72.02945097, 34.15011543], [72.02945075, 34.15005183]]]]}, "properties": {"id": "8J6J522H+3Q4M", "height": 3.456436634063721, "hmax": 0.057, "ratio": 0.017, "vulnClass": "none"}}, {"type": "Feature", "geometry": {"type": "MultiPolygon", "coordinates": [[[[72.02936948, 34.15011562], [72.02929717, 34.15011579], [72.02929749, 34.15020847], [72.0294122, 34.1502082], [72.02941195, 34.15013655], [72.02936956, 34.15013665], [72.02936948, 34.15011562]]]]}, "properties": {"id": "8J6J522H+3P9J", "height": 3.783000230789185, "hmax": 0.059, "ratio": 0.016, "vulnClass": "none"}}, {"type": "Feature", "geometry": {"type": "MultiPolygon", "coordinates": [[[[72.0298513, 34.15034784], [72.02984807, 34.15024807], [72.02973082, 34.15025069], [72.02973405, 34.15035047], [72.0298513, 34.15034784]]]]}, "properties": {"id": "8J6J522H+4W7V", "height": 5.692769527435303, "hmax": 0.136, "ratio": 0.024, "vulnClass": "none"}}, {"type": "Feature", "geometry": {"type": "MultiPolygon", "coordinates": [[[[72.02973079, 34.15025462], [72.02969773, 34.15025253], [72.029695, 34.15027898], [72.02972806, 34.15028106], [72.02973079, 34.15025462]]]]}, "properties": {"id": "8J6J522H+4V4Q", "height": 4.547106742858887, "hmax": 0.136, "ratio": 0.03, "vulnClass": "none"}}, {"type": "Feature", "geometry": {"type": "MultiPolygon", "coordinates": [[[[72.02969968, 34.15024887], [72.02965815, 34.150247], [72.02965594, 34.15028095], [72.02969747, 34.15028282], [72.02969968, 34.15024887]]]]}, "properties": {"id": "8J6J522H+4V3G", "height": 3.405976295471191, "hmax": 0.136, "ratio": 0.04, "vulnClass": "none"}}, {"type": "Feature", "geometry": {"type": "MultiPolygon", "coordinates": [[[[72.02973328, 34.15028815], [72.0296858, 34.1502873], [72.02968399, 34.15035696], [72.02973148, 34.15035781], [72.02973328, 34.15028815]]]]}, "properties": {"id": "8J6J522H+4VGW", "height": 4.783010482788086, "hmax": 0.136, "ratio": 0.028, "vulnClass": "none"}}, {"type": "Feature", "geometry": {"type": "MultiPolygon", "coordinates": [[[[72.02983813, 34.15044234], [72.0298276, 34.15035491], [72.02971663, 34.15036414], [72.02972715, 34.15045157], [72.02983813, 34.15044234]]]]}, "properties": {"id": "8J6J522H+5W65", "height": 4.833392143249512, "hmax": 0.136, "ratio": 0.028, "vulnClass": "none"}}, {"type": "Feature", "geometry": {"type": "MultiPolygon", "coordinates": [[[[72.02970426, 34.15038289], [72.02966125, 34.15038227], [72.02966034, 34.1504263], [72.02970334, 34.15042692], [72.02970426, 34.15038289]]]]}, "properties": {"id": "8J6J522H+5V75", "height": 4.560202121734619, "hmax": 0.136, "ratio": 0.03, "vulnClass": "none"}}, {"type": "Feature", "geometry": {"type": "MultiPolygon", "coordinates": [[[[72.02928884, 34.15023969], [72.02923795, 34.15023981], [72.02923804, 34.15026647], [72.02928893, 34.15026635], [72.02928884, 34.15023969]]]]}, "properties": {"id": "8J6J522H+4P23", "height": 2.679319381713867, "hmax": 0.556, "ratio": 0.207, "vulnClass": "low"}}, {"type": "Feature", "geometry": {"type": "MultiPolygon", "coordinates": [[[[72.0291599, 34.1502667], [72.0291604, 34.1504052], [72.0292982, 34.1504049], [72.0292977, 34.1502663], [72.0291599, 34.1502667]]]]}, "properties": {"id": "8J6J522H+4MQF", "height": 3.95619535446167, "hmax": 0.536, "ratio": 0.136, "vulnClass": "low"}}, {"type": "Feature", "geometry": {"type": "MultiPolygon", "coordinates": [[[[72.02895555, 34.15043054], [72.02894486, 34.15028288], [72.02878979, 34.15029064], [72.02879937, 34.15042304], [72.02890347, 34.15041783], [72.02890457, 34.15043309], [72.02895555, 34.15043054]]]]}, "properties": {"id": "8J6J522H+4GX9", "height": 3.507391929626465, "hmax": 0.556, "ratio": 0.159, "vulnClass": "low"}}, {"type": "Feature", "geometry": {"type": "MultiPolygon", "coordinates": [[[[72.02840893, 34.15036271], [72.02834712, 34.15036799], [72.02835495, 34.1504313], [72.02841676, 34.15042602], [72.02840893, 34.15036271]]]]}, "properties": {"id": "8J6J522H+592R", "height": 3.803751468658447, "hmax": 0.556, "ratio": 0.146, "vulnClass": "low"}}, {"type": "Feature", "geometry": {"type": "MultiPolygon", "coordinates": [[[[72.02862852, 34.1503578], [72.0284524, 34.15035743], [72.02845219, 34.15042664], [72.02842011, 34.15042658], [72.02841993, 34.1504848], [72.02845201, 34.15048487], [72.02845184, 34.15054145], [72.02862796, 34.15054182], [72.02862852, 34.1503578]]]]}, "properties": {"id": "8J6J522H+5CFR", "height": 7.433620452880859, "hmax": 0.556, "ratio": 0.075, "vulnClass": "low"}}, {"type": "Feature", "geometry": {"type": "MultiPolygon", "coordinates": [[[[72.02863182, 34.15031442], [72.02862492, 34.15024666], [72.02848113, 34.15025677], [72.02848803, 34.15032453], [72.02863182, 34.15031442]]]]}, "properties": {"id": "8J6J522H+4C7H", "height": 2.942100763320923, "hmax": 0.556, "ratio": 0.189, "vulnClass": "low"}}, {"type": "Feature", "geometry": {"type": "MultiPolygon", "coordinates": [[[[72.02848108, 34.15024989], [72.02843059, 34.15024956], [72.02842985, 34.15032781], [72.02848034, 34.15032814], [72.02848108, 34.15024989]]]]}, "properties": {"id": "8J6J522H+498G", "height": 3.665528297424316, "hmax": 0.556, "ratio": 0.152, "vulnClass": "low"}}, {"type": "Feature", "geometry": {"type": "MultiPolygon", "coordinates": [[[[72.02843457, 34.15024561], [72.02839408, 34.15024647], [72.02839633, 34.15032012], [72.02843682, 34.15031927], [72.02843457, 34.15024561]]]]}, "properties": {"id": "8J6J522H+4977", "height": 3.922826290130615, "hmax": 0.556, "ratio": 0.142, "vulnClass": "low"}}, {"type": "Feature", "geometry": {"type": "MultiPolygon", "coordinates": [[[[72.02885792, 34.15006843], [72.02878895, 34.15007025], [72.02879087, 34.15012058], [72.0287519, 34.15012161], [72.02875436, 34.15018621], [72.02879333, 34.15018518], [72.02879512, 34.15023222], [72.02886409, 34.1502304], [72.02885792, 34.15006843]]]]}, "properties": {"id": "8J6J522H+3G82", "height": 3.217268705368042, "hmax": 0.443, "ratio": 0.138, "vulnClass": "low"}}, {"type": "Feature", "geometry": {"type": "MultiPolygon", "coordinates": [[[[72.0287605, 34.1502371], [72.0287431, 34.1500726], [72.028626, 34.1500812], [72.0286434, 34.1502454], [72.0287605, 34.1502371]]]]}, "properties": {"id": "8J6J522H+3F86", "height": 3.213742256164551, "hmax": 0.457, "ratio": 0.142, "vulnClass": "low"}}, {"type": "Feature", "geometry": {"type": "MultiPolygon", "coordinates": [[[[72.0284322, 34.1500811], [72.0284306, 34.1502496], [72.0286223, 34.1502508], [72.0286239, 34.1500823], [72.0284322, 34.1500811]]]]}, "properties": {"id": "8J6J522H+3C6Q", "height": 4.979441165924072, "hmax": 0.467, "ratio": 0.094, "vulnClass": "low"}}, {"type": "Feature", "geometry": {"type": "MultiPolygon", "coordinates": [[[[72.0289335, 34.15005352], [72.02885778, 34.15005303], [72.02885631, 34.15020945], [72.02895274, 34.15021008], [72.02895362, 34.15011644], [72.02893291, 34.15011631], [72.0289335, 34.15005352]]]]}, "properties": {"id": "8J6J522H+3H2H", "height": 3.361036777496338, "hmax": 0.429, "ratio": 0.128, "vulnClass": "low"}}, {"type": "Feature", "geometry": {"type": "MultiPolygon", "coordinates": [[[[72.02908867, 34.15011395], [72.02898923, 34.15011676], [72.02899372, 34.15022686], [72.02909317, 34.15022405], [72.02908867, 34.15011395]]]]}, "properties": {"id": "8J6J522H+3J7V", "height": 2.524991035461426, "hmax": 0.444, "ratio": 0.176, "vulnClass": "low"}}, {"type": "Feature", "geometry": {"type": "MultiPolygon", "coordinates": [[[[72.02899035, 34.15005389], [72.0289542, 34.15005366], [72.02895392, 34.15008447], [72.02899006, 34.15008471], [72.02899035, 34.15005389]]]]}, "properties": {"id": "8J6J522H+2HHJ", "height": 2.82270073890686, "hmax": 0.426, "ratio": 0.151, "vulnClass": "low"}}, {"type": "Feature", "geometry": {"type": "MultiPolygon", "coordinates": [[[[72.02927295, 34.15006425], [72.02917206, 34.15006693], [72.02917886, 34.15024363], [72.02927976, 34.15024095], [72.02927295, 34.15006425]]]]}, "properties": {"id": "8J6J522H+3M92", "height": 3.582658767700195, "hmax": 0.447, "ratio": 0.125, "vulnClass": "low"}}, {"type": "Feature", "geometry": {"type": "MultiPolygon", "coordinates": [[[[72.02929197, 34.14987272], [72.02924678, 34.14987295], [72.02924718, 34.14992702], [72.02929236, 34.14992679], [72.02929197, 34.14987272]]]]}, "properties": {"id": "8J6J42XH+XP2W", "height": 5.119463920593262, "hmax": 0.426, "ratio": 0.083, "vulnClass": "low"}}, {"type": "Feature", "geometry": {"type": "MultiPolygon", "coordinates": [[[[72.02938975, 34.14985738], [72.02929186, 34.14985788], [72.02929236, 34.14992679], [72.02939026, 34.14992629], [72.02938975, 34.14985738]]]]}, "properties": {"id": "8J6J42XH+XP4Q", "height": 5.119463920593262, "hmax": 0.113, "ratio": 0.022, "vulnClass": "none"}}, {"type": "Feature", "geometry": {"type": "MultiPolygon", "coordinates": [[[[72.02927, 34.149858], [72.0293898, 34.1498574], [72.0293894, 34.1498116], [72.0294498, 34.1498113], [72.0294495, 34.1497651], [72.0292693, 34.149766], [72.02927, 34.149858]]]]}, "properties": {"id": "8J6J42XH+WPH6", "height": 4.672920703887939, "hmax": 0.156, "ratio": 0.033, "vulnClass": "none"}}, {"type": "Feature", "geometry": {"type": "MultiPolygon", "coordinates": [[[[72.02868228, 34.14962866], [72.02863035, 34.14962957], [72.02863233, 34.14970834], [72.02867248, 34.14970764], [72.02867181, 34.1496812], [72.0286836, 34.149681], [72.02868228, 34.14962866]]]]}, "properties": {"id": "8J6J42XH+VF6Q", "height": 3.662482976913452, "hmax": 0.426, "ratio": 0.116, "vulnClass": "low"}}, {"type": "Feature", "geometry": {"type": "MultiPolygon", "coordinates": [[[[72.0288852, 34.1496251], [72.0286823, 34.1496287], [72.0286862, 34.1497829], [72.0288891, 34.1497794], [72.0288852, 34.1496251]]]]}, "properties": {"id": "8J6J42XH+VGM2", "height": 4.664857387542725, "hmax": 0.426, "ratio": 0.091, "vulnClass": "low"}}, {"type": "Feature", "geometry": {"type": "MultiPolygon", "coordinates": [[[[72.02859784, 34.14989552], [72.02857214, 34.14989597], [72.02857389, 34.14996539], [72.02859959, 34.14996494], [72.02859784, 34.14989552]]]]}, "properties": {"id": "8J6J42XH+XCG8", "height": 2.98780632019043, "hmax": 0.426, "ratio": 0.143, "vulnClass": "low"}}, {"type": "Feature", "geometry": {"type": "MultiPolygon", "coordinates": [[[[72.02871884, 34.15105103], [72.02867838, 34.15105168], [72.02867985, 34.15111462], [72.02872031, 34.15111396], [72.02871884, 34.15105103]]]]}, "properties": {"id": "8J6J522H+CFP7", "height": 4.106372356414795, "hmax": 0.601, "ratio": 0.146, "vulnClass": "low"}}, {"type": "Feature", "geometry": {"type": "MultiPolygon", "coordinates": [[[[72.02847137, 34.15109815], [72.02844421, 34.15109819], [72.02844428, 34.15112894], [72.02847144, 34.15112889], [72.02847137, 34.15109815]]]]}, "properties": {"id": "8J6J522H+C9WG", "height": 2.78135871887207, "hmax": 0.797, "ratio": 0.287, "vulnClass": "low"}}, {"type": "Feature", "geometry": {"type": "MultiPolygon", "coordinates": [[[[72.02866939, 34.15102411], [72.02847095, 34.15103019], [72.02847301, 34.15107667], [72.02850431, 34.1510757], [72.02850621, 34.15111839], [72.02865658, 34.15111378], [72.02865746, 34.15113341], [72.02867422, 34.1511329], [72.02866939, 34.15102411]]]]}, "properties": {"id": "8J6J522H+CCGW", "height": 4.062327861785889, "hmax": 0.599, "ratio": 0.147, "vulnClass": "low"}}, {"type": "Feature", "geometry": {"type": "MultiPolygon", "coordinates": [[[[72.02882491, 34.1511469], [72.028787, 34.15114784], [72.02878813, 34.15117936], [72.02882604, 34.15117843], [72.02882491, 34.1511469]]]]}, "properties": {"id": "8J6J522H+FG7H", "height": 2.677255630493164, "hmax": 0.797, "ratio": 0.298, "vulnClass": "low"}}, {"type": "Feature", "geometry": {"type": "MultiPolygon", "coordinates": [[[[72.02891169, 34.15106752], [72.02881838, 34.15106814], [72.02881862, 34.15109255], [72.02891193, 34.15109193], [72.02891169, 34.15106752]]]]}, "properties": {"id": "8J6J522H+CGQ8", "height": 2.53737211227417, "hmax": 0.556, "ratio": 0.219, "vulnClass": "low"}}, {"type": "Feature", "geometry": {"type": "MultiPolygon", "coordinates": [[[[72.0289105, 34.1509415], [72.0288172, 34.1509421], [72.0288184, 34.1510681], [72.0289368, 34.1510674], [72.028936, 34.1509857], [72.0289109, 34.1509859], [72.0289105, 34.1509415]]]]}, "properties": {"id": "8J6J522H+CG59", "height": 2.710478067398071, "hmax": 0.556, "ratio": 0.205, "vulnClass": "low"}}, {"type": "Feature", "geometry": {"type": "MultiPolygon", "coordinates": [[[[72.02904329, 34.15090535], [72.02893836, 34.1509083], [72.02894382, 34.15104272], [72.02899344, 34.15104133], [72.02899584, 34.15110037], [72.02905115, 34.15109882], [72.02904329, 34.15090535]]]]}, "properties": {"id": "8J6J522H+9HXQ", "height": 3.312134027481079, "hmax": 0.556, "ratio": 0.168, "vulnClass": "low"}}, {"type": "Feature", "geometry": {"type": "MultiPolygon", "coordinates": [[[[72.02936614, 34.15091787], [72.02917556, 34.15091052], [72.02916626, 34.15107702], [72.02936587, 34.15108546], [72.02936785, 34.15105], [72.02935878, 34.15104965], [72.02936614, 34.15091787]]]]}, "properties": {"id": "8J6J522H+9PRW", "height": 4.589452743530273, "hmax": 0.348, "ratio": 0.076, "vulnClass": "low"}}, {"type": "Feature", "geometry": {"type": "MultiPolygon", "coordinates": [[[[72.0291604, 34.1509352], [72.029057, 34.1509381], [72.0290635, 34.1510985], [72.0291669, 34.1510956], [72.0291604, 34.1509352]]]]}, "properties": {"id": "8J6J522H+CJ5P", "height": 3.161491870880127, "hmax": 0.556, "ratio": 0.176, "vulnClass": "low"}}, {"type": "Feature", "geometry": {"type": "MultiPolygon", "coordinates": [[[[72.02931884, 34.15068267], [72.02924817, 34.15067884], [72.02924588, 34.15070805], [72.02931649, 34.15071188], [72.02931884, 34.15068267]]]]}, "properties": {"id": "8J6J522H+7PFR", "height": 2.546242713928223, "hmax": 0.325, "ratio": 0.128, "vulnClass": "low"}}, {"type": "Feature", "geometry": {"type": "MultiPolygon", "coordinates": [[[[72.02934631, 34.15071754], [72.02916992, 34.15071915], [72.02917193, 34.15087246], [72.02925594, 34.1508717], [72.02925554, 34.15084104], [72.02932028, 34.15084045], [72.02931949, 34.15078044], [72.02934713, 34.15078019], [72.02934631, 34.15071754]]]]}, "properties": {"id": "8J6J522H+8M9H", "height": 3.791206121444702, "hmax": 0.424, "ratio": 0.112, "vulnClass": "low"}}, {"type": "Feature", "geometry": {"type": "MultiPolygon", "coordinates": [[[[72.02904159, 34.15068483], [72.02900341, 34.15068558], [72.02900913, 34.15088534], [72.02917427, 34.15088207], [72.02916935, 34.1507103], [72.0290424, 34.15071281], [72.02904159, 34.15068483]]]]}, "properties": {"id": "8J6J522H+8J8Q", "height": 2.515378475189209, "hmax": 0.556, "ratio": 0.221, "vulnClass": "low"}}, {"type": "Feature", "geometry": {"type": "MultiPolygon", "coordinates": [[[[72.02900256, 34.15072204], [72.02883207, 34.15072682], [72.02883856, 34.15088662], [72.02890815, 34.15088467], [72.02890637, 34.15084104], [72.0289356, 34.15084022], [72.02893737, 34.15088384], [72.02900905, 34.15088183], [72.02900256, 34.15072204]]]]}, "properties": {"id": "8J6J522H+8HF3", "height": 4.427549362182617, "hmax": 0.556, "ratio": 0.126, "vulnClass": "low"}}, {"type": "Feature", "geometry": {"type": "MultiPolygon", "coordinates": [[[[72.0286286, 34.15084085], [72.02862089, 34.15068179], [72.02841289, 34.15068876], [72.0284206, 34.15084782], [72.0286286, 34.15084085]]]]}, "properties": {"id": "8J6J522H+8C2G", "height": 4.463795185089111, "hmax": 0.556, "ratio": 0.125, "vulnClass": "low"}}, {"type": "Feature", "geometry": {"type": "MultiPolygon", "coordinates": [[[[72.02877432, 34.15072844], [72.0287739, 34.15071818], [72.02872293, 34.15071961], [72.02872334, 34.15072988], [72.0286561, 34.15073176], [72.02866259, 34.15089156], [72.02872983, 34.15088967], [72.02872887, 34.15086588], [72.02877984, 34.15086445], [72.02878081, 34.15088824], [72.02883856, 34.15088662], [72.02883207, 34.15072682], [72.02877432, 34.15072844]]]]}, "properties": {"id": "8J6J522H+8FH5", "height": 3.995199203491211, "hmax": 0.556, "ratio": 0.139, "vulnClass": "low"}}, {"type": "Feature", "geometry": {"type": "MultiPolygon", "coordinates": [[[[72.02888384, 34.1505106], [72.02879175, 34.15051161], [72.02879237, 34.15055089], [72.02888446, 34.15054988], [72.02888384, 34.1505106]]]]}, "properties": {"id": "8J6J522H+6G89", "height": 4.275184154510498, "hmax": 0.556, "ratio": 0.13, "vulnClass": "low"}}, {"type": "Feature", "geometry": {"type": "MultiPolygon", "coordinates": [[[[72.02896066, 34.15044473], [72.0288313, 34.15043547], [72.0288258, 34.15048858], [72.02895516, 34.15049784], [72.02896066, 34.15044473]]]]}, "properties": {"id": "8J6J522H+5HJP", "height": 4.169142246246338, "hmax": 0.556, "ratio": 0.133, "vulnClass": "low"}}, {"type": "Feature", "geometry": {"type": "MultiPolygon", "coordinates": [[[[72.02906233, 34.15040547], [72.02900072, 34.15040562], [72.02900086, 34.15044537], [72.02902756, 34.1504453], [72.02902749, 34.15042706], [72.02906241, 34.15042697], [72.02906233, 34.15040547]]]]}, "properties": {"id": "8J6J522H+5J6X", "height": 3.351129293441772, "hmax": 0.556, "ratio": 0.166, "vulnClass": "low"}}, {"type": "Feature", "geometry": {"type": "MultiPolygon", "coordinates": [[[[72.02907256, 34.15049178], [72.02896569, 34.15049442], [72.02896762, 34.15054829], [72.02907449, 34.15054565], [72.02907256, 34.15049178]]]]}, "properties": {"id": "8J6J522H+6J2W", "height": 3.004762172698975, "hmax": 0.556, "ratio": 0.185, "vulnClass": "low"}}, {"type": "Feature", "geometry": {"type": "MultiPolygon", "coordinates": [[[[72.02896569, 34.15049442], [72.02890466, 34.15049593], [72.02890658, 34.15054979], [72.02896762, 34.15054829], [72.02896569, 34.15049442]]]]}, "properties": {"id": "8J6J522H+6H3X", "height": 4.173837661743164, "hmax": 0.556, "ratio": 0.133, "vulnClass": "low"}}, {"type": "Feature", "geometry": {"type": "MultiPolygon", "coordinates": [[[[72.02913315, 34.15049524], [72.02909972, 34.15049528], [72.02909979, 34.15054138], [72.02913322, 34.15054135], [72.02913315, 34.15049524]]]]}, "properties": {"id": "8J6J522H+6J5P", "height": 3.391743183135986, "hmax": 0.556, "ratio": 0.164, "vulnClass": "low"}}, {"type": "Feature", "geometry": {"type": "MultiPolygon", "coordinates": [[[[72.02915833, 34.15046935], [72.02914974, 34.15039447], [72.02907834, 34.15040014], [72.02908694, 34.15047501], [72.02915833, 34.15046935]]]]}, "properties": {"id": "8J6J522H+5JH9", "height": 4.024974346160889, "hmax": 0.556, "ratio": 0.138, "vulnClass": "low"}}, {"type": "Feature", "geometry": {"type": "MultiPolygon", "coordinates": [[[[72.02929841, 34.15047731], [72.02929816, 34.15040491], [72.02926741, 34.15040498], [72.02926749, 34.15042649], [72.02916049, 34.15042674], [72.02916075, 34.15050227], [72.02919262, 34.1505022], [72.02919254, 34.15047756], [72.02929841, 34.15047731]]]]}, "properties": {"id": "8J6J522H+5MQ3", "height": 4.063939094543457, "hmax": 0.518, "ratio": 0.128, "vulnClass": "low"}}, {"type": "Feature", "geometry": {"type": "MultiPolygon", "coordinates": [[[[72.02937073, 34.15047714], [72.02929841, 34.15047731], [72.02929863, 34.1505421], [72.02937095, 34.15054193], [72.02937073, 34.15047714]]]]}, "properties": {"id": "8J6J522H+6P48", "height": 3.133419990539551, "hmax": 0.136, "ratio": 0.043, "vulnClass": "none"}}, {"type": "Feature", "geometry": {"type": "MultiPolygon", "coordinates": [[[[72.02948937, 34.15049725], [72.02939193, 34.15049978], [72.02939368, 34.15054639], [72.02949112, 34.15054386], [72.02948937, 34.15049725]]]]}, "properties": {"id": "8J6J522H+6Q4R", "height": 3.133419990539551, "hmax": 0.136, "ratio": 0.043, "vulnClass": "none"}}, {"type": "Feature", "geometry": {"type": "MultiPolygon", "coordinates": [[[[72.02970124, 34.15047154], [72.02965276, 34.15047216], [72.02965387, 34.15053255], [72.02970234, 34.15053194], [72.02970124, 34.15047154]]]]}, "properties": {"id": "8J6J522H+6V34", "height": 3.053245067596436, "hmax": 0.136, "ratio": 0.045, "vulnClass": "none"}}, {"type": "Feature", "geometry": {"type": "MultiPolygon", "coordinates": [[[[72.02939284, 34.15064504], [72.02934536, 34.15064547], [72.0293458, 34.15067908], [72.02939328, 34.15067865], [72.02939284, 34.15064504]]]]}, "properties": {"id": "8J6J522H+7P9H", "height": 2.596814632415771, "hmax": 0.136, "ratio": 0.052, "vulnClass": "low"}}, {"type": "Feature", "geometry": {"type": "MultiPolygon", "coordinates": [[[[72.02968744, 34.15081911], [72.0296823, 34.15069267], [72.02955429, 34.15069627], [72.02955655, 34.15075174], [72.02951136, 34.15075301], [72.02951505, 34.15084381], [72.02964006, 34.15084029], [72.02963925, 34.15082046], [72.02968744, 34.15081911]]]]}, "properties": {"id": "8J6J522H+8R5V", "height": 3.687968730926514, "hmax": 0.136, "ratio": 0.037, "vulnClass": "none"}}, {"type": "Feature", "geometry": {"type": "MultiPolygon", "coordinates": [[[[72.0295098, 34.1507161], [72.0293463, 34.1507175], [72.0293476, 34.150817], [72.0295111, 34.1508155], [72.0295098, 34.1507161]]]]}, "properties": {"id": "8J6J522H+8Q3P", "height": 3.24286675453186, "hmax": 0.136, "ratio": 0.042, "vulnClass": "none"}}, {"type": "Feature", "geometry": {"type": "MultiPolygon", "coordinates": [[[[72.02949345, 34.15087275], [72.02930389, 34.15087888], [72.02930587, 34.15092129], [72.02949543, 34.15091516], [72.02949345, 34.15087275]]]]}, "properties": {"id": "8J6J522H+9Q2X", "height": 4.046248435974121, "hmax": 0.136, "ratio": 0.034, "vulnClass": "none"}}, {"type": "Feature", "geometry": {"type": "MultiPolygon", "coordinates": [[[[72.02942935, 34.15082823], [72.02938354, 34.15083325], [72.02938728, 34.1508557], [72.02943305, 34.15085043], [72.02942935, 34.15082823]]]]}, "properties": {"id": "8J6J522H+8QMJ", "height": 3.297777414321899, "hmax": 0.136, "ratio": 0.041, "vulnClass": "none"}}, {"type": "Feature", "geometry": {"type": "MultiPolygon", "coordinates": [[[[72.0298573, 34.150858], [72.0298486, 34.1506435], [72.0296805, 34.1506482], [72.0296902, 34.1508872], [72.0297779, 34.1508847], [72.0297769, 34.1508603], [72.0298573, 34.150858]]]]}, "properties": {"id": "8J6J522H+8W28", "height": 4.287794589996338, "hmax": 0.136, "ratio": 0.032, "vulnClass": "none"}}, {"type": "Feature", "geometry": {"type": "MultiPolygon", "coordinates": [[[[72.02991713, 34.15066276], [72.02989238, 34.15066291], [72.02989274, 34.15070191], [72.02991748, 34.15070175], [72.02991866, 34.1508325], [72.03008111, 34.15083149], [72.03007976, 34.15068251], [72.02991732, 34.15068353], [72.02991713, 34.15066276]]]]}, "properties": {"id": "8J6J522H+8X55", "height": 3.027840375900269, "hmax": 0.136, "ratio": 0.045, "vulnClass": "none"}}, {"type": "Feature", "geometry": {"type": "MultiPolygon", "coordinates": [[[[72.03013639, 34.15071358], [72.03008588, 34.15071447], [72.03008876, 34.15082762], [72.03022229, 34.15082527], [72.03021901, 34.15069646], [72.03013599, 34.15069792], [72.03013639, 34.15071358]]]]}, "properties": {"id": "8J6J522J+832H", "height": 5.583757400512695, "hmax": 0.136, "ratio": 0.024, "vulnClass": "none"}}, {"type": "Feature", "geometry": {"type": "MultiPolygon", "coordinates": [[[[72.03026265, 34.15070222], [72.0302396, 34.15070304], [72.03024594, 34.15082731], [72.03028167, 34.15082605], [72.03028106, 34.15081404], [72.03036445, 34.1508111], [72.03036506, 34.15082311], [72.03039544, 34.15082203], [72.03038815, 34.1506791], [72.0302617, 34.15068356], [72.03026265, 34.15070222]]]]}, "properties": {"id": "8J6J522J+8442", "height": 5.812191009521484, "hmax": 0.108, "ratio": 0.019, "vulnClass": "none"}}, {"type": "Feature", "geometry": {"type": "MultiPolygon", "coordinates": [[[[72.03025642, 34.15060037], [72.03020872, 34.15060067], [72.03020927, 34.15066093], [72.03025696, 34.15066064], [72.03025642, 34.15060037]]]]}, "properties": {"id": "8J6J522J+7357", "height": 3.228333950042725, "hmax": 0.136, "ratio": 0.042, "vulnClass": "none"}}, {"type": "Feature", "geometry": {"type": "MultiPolygon", "coordinates": [[[[72.0301416, 34.15061058], [72.03005903, 34.15061943], [72.03006504, 34.15065822], [72.03014761, 34.15064937], [72.0301416, 34.15061058]]]]}, "properties": {"id": "8J6J522J+7257", "height": 2.980061769485474, "hmax": 0.136, "ratio": 0.046, "vulnClass": "none"}}, {"type": "Feature", "geometry": {"type": "MultiPolygon", "coordinates": [[[[72.03084266, 34.15069914], [72.0308265, 34.15060685], [72.03075659, 34.15061531], [72.03077276, 34.15070761], [72.03084266, 34.15069914]]]]}, "properties": {"id": "8J6J522J+7878", "height": 3.913263320922852, "hmax": 0.005, "ratio": 0.001, "vulnClass": "none"}}, {"type": "Feature", "geometry": {"type": "MultiPolygon", "coordinates": [[[[72.03115223, 34.15039086], [72.03107007, 34.15039279], [72.03107231, 34.15045837], [72.03115446, 34.15045644], [72.03115223, 34.15039086]]]]}, "properties": {"id": "8J6J522J+5C9W", "height": 3.032834529876709, "hmax": 0.005, "ratio": 0.002, "vulnClass": "none"}}, {"type": "Feature", "geometry": {"type": "MultiPolygon", "coordinates": [[[[72.03094509, 34.15062339], [72.03092232, 34.15062325], [72.03092196, 34.1506626], [72.03094474, 34.15066274], [72.03094447, 34.15069288], [72.03097019, 34.15069304], [72.0309705, 34.15065893], [72.03094478, 34.15065877], [72.03094509, 34.15062339]]]]}, "properties": {"id": "8J6J522J+7987", "height": 2.737297058105469, "hmax": 0.005, "ratio": 0.002, "vulnClass": "none"}}, {"type": "Feature", "geometry": {"type": "MultiPolygon", "coordinates": [[[[72.03084693, 34.15070686], [72.03077474, 34.15070854], [72.03077906, 34.15083658], [72.03094326, 34.15083275], [72.03093799, 34.15067672], [72.03084599, 34.15067887], [72.03084693, 34.15070686]]]]}, "properties": {"id": "8J6J522J+885G", "height": 4.066549777984619, "hmax": 0.005, "ratio": 0.001, "vulnClass": "none"}}, {"type": "Feature", "geometry": {"type": "MultiPolygon", "coordinates": [[[[72.03116265, 34.15087308], [72.03107176, 34.15087312], [72.03107181, 34.15096451], [72.03109507, 34.1509645], [72.03109509, 34.1510129], [72.03123283, 34.15101285], [72.03123278, 34.15091759], [72.03116267, 34.15091762], [72.03116265, 34.15087308]]]]}, "properties": {"id": "8J6J522J+9FCX", "height": 3.805695533752441, "hmax": 0.005, "ratio": 0.001, "vulnClass": "none"}}, {"type": "Feature", "geometry": {"type": "MultiPolygon", "coordinates": [[[[72.0310432, 34.1510727], [72.0310354, 34.1508715], [72.0309114, 34.1508748], [72.0309127, 34.1509085], [72.0306937, 34.1509143], [72.0307002, 34.1510818], [72.0308262, 34.1510785], [72.0308253, 34.1510573], [72.030918, 34.1510549], [72.0309188, 34.151076], [72.0310432, 34.1510727]]]]}, "properties": {"id": "8J6J522J+99R6", "height": 5.522064208984375, "hmax": 0.005, "ratio": 0.001, "vulnClass": "none"}}, {"type": "Feature", "geometry": {"type": "MultiPolygon", "coordinates": [[[[72.03076103, 34.15087877], [72.03069242, 34.15088059], [72.03069371, 34.1509143], [72.03076233, 34.15091248], [72.03076103, 34.15087877]]]]}, "properties": {"id": "8J6J522J+975V", "height": 3.219264030456543, "hmax": 0.005, "ratio": 0.002, "vulnClass": "none"}}, {"type": "Feature", "geometry": {"type": "MultiPolygon", "coordinates": [[[[72.0305393, 34.1510225], [72.0305402, 34.1510961], [72.0307042, 34.1510947], [72.0307033, 34.1510211], [72.0305393, 34.1510225]]]]}, "properties": {"id": "8J6J522J+C6H9", "height": 5.410322666168213, "hmax": 0.005, "ratio": 0.001, "vulnClass": "none"}}, {"type": "Feature", "geometry": {"type": "MultiPolygon", "coordinates": [[[[72.03079958, 34.15109324], [72.03070255, 34.15109238], [72.03070176, 34.15115422], [72.03079879, 34.15115508], [72.03079958, 34.15109324]]]]}, "properties": {"id": "8J6J522J+C8RR", "height": 5.022060871124268, "hmax": 0.006, "ratio": 0.001, "vulnClass": "none"}}, {"type": "Feature", "geometry": {"type": "MultiPolygon", "coordinates": [[[[72.03070168, 34.15088789], [72.03053761, 34.1508893], [72.03053927, 34.15102251], [72.03070333, 34.1510211], [72.03070168, 34.15088789]]]]}, "properties": {"id": "8J6J522J+96Q9", "height": 5.410322666168213, "hmax": 0.005, "ratio": 0.001, "vulnClass": "none"}}, {"type": "Feature", "geometry": {"type": "MultiPolygon", "coordinates": [[[[72.03123276, 34.15088419], [72.03118524, 34.15088421], [72.03118526, 34.15091761], [72.03123278, 34.15091759], [72.03123276, 34.15088419]]]]}, "properties": {"id": "8J6J522J+9F84", "height": 3.203351020812988, "hmax": 0.005, "ratio": 0.002, "vulnClass": "none"}}, {"type": "Feature", "geometry": {"type": "MultiPolygon", "coordinates": [[[[72.0309458, 34.1510999], [72.0309484, 34.1511695], [72.0311041, 34.1511655], [72.0311015, 34.1510959], [72.0309458, 34.1510999]]]]}, "properties": {"id": "8J6J522J+FC29", "height": 2.641024827957153, "hmax": 0.007, "ratio": 0.003, "vulnClass": "none"}}, {"type": "Feature", "geometry": {"type": "MultiPolygon", "coordinates": [[[[72.03092019, 34.15109431], [72.03079958, 34.15109324], [72.03079879, 34.15115508], [72.03091939, 34.15115616], [72.03092019, 34.15109431]]]]}, "properties": {"id": "8J6J522J+C8XW", "height": 4.438960075378418, "hmax": 0.005, "ratio": 0.001, "vulnClass": "none"}}, {"type": "Feature", "geometry": {"type": "MultiPolygon", "coordinates": [[[[72.03124348, 34.15113759], [72.03121742, 34.15113636], [72.03121592, 34.1511582], [72.03124199, 34.15115943], [72.03124348, 34.15113759]]]]}, "properties": {"id": "8J6J522J+FF5V", "height": 3.777889013290405, "hmax": 0.005, "ratio": 0.001, "vulnClass": "none"}}, {"type": "Feature", "geometry": {"type": "MultiPolygon", "coordinates": [[[[72.03035399, 34.15089583], [72.03013491, 34.15088624], [72.03012577, 34.15103064], [72.0302133, 34.15103447], [72.03020965, 34.15109209], [72.0303412, 34.15109785], [72.03035399, 34.15089583]]]]}, "properties": {"id": "8J6J522J+93X9", "height": 2.954563140869141, "hmax": 0.136, "ratio": 0.046, "vulnClass": "none"}}, {"type": "Feature", "geometry": {"type": "MultiPolygon", "coordinates": [[[[72.03011986, 34.15112389], [72.03013313, 34.15091436], [72.03006334, 34.1509113], [72.03006019, 34.15096103], [72.02995168, 34.15095628], [72.0299446, 34.15106797], [72.03005311, 34.15107272], [72.03005006, 34.15112084], [72.03011986, 34.15112389]]]]}, "properties": {"id": "8J6J522J+C23P", "height": 3.021581888198853, "hmax": 0.136, "ratio": 0.045, "vulnClass": "none"}}, {"type": "Feature", "geometry": {"type": "MultiPolygon", "coordinates": [[[[72.02986466, 34.15109551], [72.02986418, 34.15103534], [72.02981578, 34.15103561], [72.02981626, 34.15109578], [72.02986466, 34.15109551]]]]}, "properties": {"id": "8J6J522H+CWGQ", "height": 3.874618291854858, "hmax": 0.136, "ratio": 0.035, "vulnClass": "none"}}, {"type": "Feature", "geometry": {"type": "MultiPolygon", "coordinates": [[[[72.02985264, 34.1511148], [72.02979021, 34.15111285], [72.02978873, 34.15114578], [72.02985116, 34.15114773], [72.02985264, 34.1511148]]]]}, "properties": {"id": "8J6J522H+FW47", "height": 3.637076139450073, "hmax": 0.278, "ratio": 0.076, "vulnClass": "low"}}, {"type": "Feature", "geometry": {"type": "MultiPolygon", "coordinates": [[[[72.02965052, 34.15110103], [72.02955458, 34.15110144], [72.0295549, 34.15115345], [72.02965084, 34.15115304], [72.02965052, 34.15110103]]]]}, "properties": {"id": "8J6J522H+FR53", "height": 5.169646263122559, "hmax": 0.289, "ratio": 0.056, "vulnClass": "low"}}, {"type": "Feature", "geometry": {"type": "MultiPolygon", "coordinates": [[[[72.02981055, 34.15108536], [72.02980515, 34.15103855], [72.02970654, 34.15104642], [72.02971194, 34.15109323], [72.02981055, 34.15108536]]]]}, "properties": {"id": "8J6J522H+CWCM", "height": 6.606257438659668, "hmax": 0.136, "ratio": 0.021, "vulnClass": "none"}}, {"type": "Feature", "geometry": {"type": "MultiPolygon", "coordinates": [[[[72.0298136, 34.1509034], [72.0297751, 34.1509037], [72.0297755, 34.1509307], [72.0296836, 34.1509315], [72.029685, 34.1510375], [72.0298464, 34.1510361], [72.0298455, 34.150966], [72.0298144, 34.1509663], [72.0298136, 34.1509034]]]]}, "properties": {"id": "8J6J522H+9WR7", "height": 6.802714347839355, "hmax": 0.136, "ratio": 0.02, "vulnClass": "none"}}, {"type": "Feature", "geometry": {"type": "MultiPolygon", "coordinates": [[[[72.02968714, 34.15091427], [72.02958452, 34.15091358], [72.02958282, 34.15108921], [72.02968543, 34.1510899], [72.02968714, 34.15091427]]]]}, "properties": {"id": "8J6J522H+CV23", "height": 6.84489631652832, "hmax": 0.136, "ratio": 0.02, "vulnClass": "none"}}, {"type": "Feature", "geometry": {"type": "MultiPolygon", "coordinates": [[[[72.02935646, 34.15111572], [72.02930012, 34.15111232], [72.02929762, 34.15114088], [72.02935396, 34.15114429], [72.02935646, 34.15111572]]]]}, "properties": {"id": "8J6J522H+FP43", "height": 3.731005191802979, "hmax": 0.375, "ratio": 0.101, "vulnClass": "low"}}, {"type": "Feature", "geometry": {"type": "MultiPolygon", "coordinates": [[[[72.02978166, 34.15156214], [72.02977232, 34.15147294], [72.0295099, 34.15149193], [72.02951924, 34.15158113], [72.02978166, 34.15156214]]]]}, "properties": {"id": "8J6J522H+JV64", "height": 3.439640522003174, "hmax": 0.413, "ratio": 0.12, "vulnClass": "low"}}, {"type": "Feature", "geometry": {"type": "MultiPolygon", "coordinates": [[[[72.0297364, 34.1517013], [72.02974, 34.1517354], [72.0296388, 34.1517427], [72.0296492, 34.1518418], [72.0297133, 34.1518371], [72.0297337, 34.1520326], [72.0299905, 34.1520141], [72.0299785, 34.1518989], [72.0300829, 34.1518914], [72.0300631, 34.1517013], [72.0298457, 34.1517169], [72.0298469, 34.1517277], [72.0298089, 34.1517304], [72.0298053, 34.1516964], [72.0297364, 34.1517013]]]]}, "properties": {"id": "8J6J522H+PWX5", "height": 5.923749923706055, "hmax": 0.413, "ratio": 0.07, "vulnClass": "low"}}, {"type": "Feature", "geometry": {"type": "MultiPolygon", "coordinates": [[[[72.0305445, 34.1516665], [72.0303211, 34.1516826], [72.030341, 34.1518727], [72.0299785, 34.1518989], [72.0300231, 34.152327], [72.0303856, 34.1523008], [72.0304068, 34.1525034], [72.0306302, 34.1524873], [72.0306349, 34.1525325], [72.0307545, 34.1525239], [72.0307455, 34.1524379], [72.0307719, 34.152436], [72.0307662, 34.1523815], [72.0307399, 34.1523834], [72.0307375, 34.1523604], [72.0307638, 34.1523585], [72.0307452, 34.1521804], [72.0305261, 34.1521962], [72.0305032, 34.1519771], [72.0307224, 34.1519613], [72.030702, 34.1517659], [72.0306756, 34.1517678], [72.0306749, 34.1517604], [72.0307012, 34.1517585], [72.0306953, 34.151702], [72.030669, 34.1517038], [72.0306617, 34.1516346], [72.0305421, 34.1516433], [72.0305445, 34.1516665]]]]}, "properties": {"id": "8J6J522J+R5JH", "height": 9.031145095825195, "hmax": 0.19, "ratio": 0.021, "vulnClass": "none"}}, {"type": "Feature", "geometry": {"type": "MultiPolygon", "coordinates": [[[[72.0312653, 34.15156508], [72.03121957, 34.1515534], [72.03120596, 34.15159023], [72.03125169, 34.15160191], [72.0312653, 34.15156508]]]]}, "properties": {"id": "8J6J522J+JFQ4", "height": 6.17664909362793, "hmax": 0.023, "ratio": 0.004, "vulnClass": "none"}}, {"type": "Feature", "geometry": {"type": "MultiPolygon", "coordinates": [[[[72.0312698, 34.151647], [72.0311757, 34.1515827], [72.0310838, 34.1516755], [72.0311779, 34.1517399], [72.0312698, 34.151647]]]]}, "properties": {"id": "8J6J522J+MF7G", "height": 5.725255012512207, "hmax": 0.023, "ratio": 0.004, "vulnClass": "none"}}, {"type": "Feature", "geometry": {"type": "MultiPolygon", "coordinates": [[[[72.0311776, 34.1517401], [72.03108427, 34.15167622], [72.03099438, 34.15176699], [72.03108771, 34.15183087], [72.0311776, 34.1517401]]]]}, "properties": {"id": "8J6J522J+PC45", "height": 3.1606285572052, "hmax": 0.023, "ratio": 0.007, "vulnClass": "none"}}, {"type": "Feature", "geometry": {"type": "MultiPolygon", "coordinates": [[[[72.03137002, 34.15176961], [72.03135937, 34.15176284], [72.03121806, 34.15191645], [72.03143673, 34.15205549], [72.03152532, 34.15195918], [72.03139421, 34.15187581], [72.0314601, 34.15180418], [72.0313832, 34.15175528], [72.03137002, 34.15176961]]]]}, "properties": {"id": "8J6J522J+QG99", "height": 4.821688652038574, "hmax": 0.021, "ratio": 0.004, "vulnClass": "none"}}, {"type": "Feature", "geometry": {"type": "MultiPolygon", "coordinates": [[[[72.03109097, 34.15182717], [72.030999, 34.15176698], [72.0309103, 34.15186066], [72.03100227, 34.15192085], [72.03109097, 34.15182717]]]]}, "properties": {"id": "8J6J522J+PCJJ", "height": 4.161175727844238, "hmax": 0.023, "ratio": 0.006, "vulnClass": "none"}}, {"type": "Feature", "geometry": {"type": "MultiPolygon", "coordinates": [[[[72.03069546, 34.15214935], [72.0306801, 34.15200209], [72.03050713, 34.15201456], [72.03052249, 34.15216182], [72.03069546, 34.15214935]]]]}, "properties": {"id": "8J6J522J+R6Q6", "height": 4.924691200256348, "hmax": 0.062, "ratio": 0.013, "vulnClass": "none"}}, {"type": "Feature", "geometry": {"type": "MultiPolygon", "coordinates": [[[[72.0309538, 34.1519355], [72.0307984, 34.1519478], [72.0308137, 34.1520812], [72.0308481, 34.1520785], [72.0308563, 34.1521497], [72.0308218, 34.1521525], [72.0308365, 34.1522802], [72.0309919, 34.1522679], [72.0309773, 34.1521402], [72.0309445, 34.1521428], [72.0309427, 34.1521274], [72.0309755, 34.1521248], [72.0309538, 34.1519355]]]]}, "properties": {"id": "8J6J522J+R9R8", "height": 4.449487686157227, "hmax": 0.057, "ratio": 0.013, "vulnClass": "none"}}, {"type": "Feature", "geometry": {"type": "MultiPolygon", "coordinates": [[[[72.0310668, 34.151974], [72.03103107, 34.15194937], [72.03099869, 34.15198183], [72.03122637, 34.15213883], [72.03127408, 34.152091], [72.03108212, 34.15195864], [72.0310668, 34.151974]]]]}, "properties": {"id": "8J6J522J+RF6M", "height": 5.041904926300049, "hmax": 0.042, "ratio": 0.008, "vulnClass": "none"}}, {"type": "Feature", "geometry": {"type": "MultiPolygon", "coordinates": [[[[72.031416, 34.15215951], [72.03130879, 34.15208643], [72.03109101, 34.15230725], [72.03136691, 34.15249532], [72.03158469, 34.1522745], [72.03146664, 34.15219402], [72.03144887, 34.15221203], [72.03139824, 34.15217752], [72.031416, 34.15215951]]]]}, "properties": {"id": "8J6J522J+WG8Q", "height": 5.853590965270996, "hmax": 0.067, "ratio": 0.011, "vulnClass": "none"}}, {"type": "Feature", "geometry": {"type": "MultiPolygon", "coordinates": [[[[72.029986, 34.1523149], [72.0299797, 34.1522306], [72.0297377, 34.152243], [72.029751, 34.152423], [72.0297876, 34.1524212], [72.0297888, 34.1524376], [72.0296966, 34.1524424], [72.0297041, 34.1525434], [72.0298101, 34.152538], [72.0298132, 34.15258], [72.029893, 34.1525759], [72.0298899, 34.1525339], [72.030129, 34.1525217], [72.0301132, 34.1523084], [72.029986, 34.1523149]]]]}, "properties": {"id": "8J6J522H+XX72", "height": 9.031145095825195, "hmax": 0.517, "ratio": 0.057, "vulnClass": "low"}}, {"type": "Feature", "geometry": {"type": "MultiPolygon", "coordinates": [[[[72.02874175, 34.1523228], [72.02865255, 34.15232988], [72.02865741, 34.15237231], [72.02861226, 34.15237589], [72.02861926, 34.15243689], [72.02875362, 34.15242623], [72.02874175, 34.1523228]]]]}, "properties": {"id": "8J6J522H+XF46", "height": 2.623497009277344, "hmax": 0.9, "ratio": 0.343, "vulnClass": "moderate"}}, {"type": "Feature", "geometry": {"type": "MultiPolygon", "coordinates": [[[[72.0292154, 34.15172311], [72.02913236, 34.15172749], [72.02913709, 34.15178942], [72.02922013, 34.15178505], [72.0292154, 34.15172311]]]]}, "properties": {"id": "8J6J522H+PM38", "height": 6.496485710144043, "hmax": 0.797, "ratio": 0.123, "vulnClass": "low"}}, {"type": "Feature", "geometry": {"type": "MultiPolygon", "coordinates": [[[[72.02936835, 34.15155984], [72.02926557, 34.15156526], [72.02927735, 34.15171985], [72.02940475, 34.15171313], [72.02939354, 34.15156609], [72.02936892, 34.15156739], [72.02936835, 34.15155984]]]]}, "properties": {"id": "8J6J522H+MP4G", "height": 3.066308498382568, "hmax": 0.413, "ratio": 0.135, "vulnClass": "low"}}, {"type": "Feature", "geometry": {"type": "MultiPolygon", "coordinates": [[[[72.02902394, 34.15145455], [72.02896802, 34.15145337], [72.02896665, 34.15149817], [72.02902257, 34.15149935], [72.02902394, 34.15145455]]]]}, "properties": {"id": "8J6J522H+HHX5", "height": 2.901488065719604, "hmax": 0.797, "ratio": 0.275, "vulnClass": "low"}}, {"type": "Feature", "geometry": {"type": "MultiPolygon", "coordinates": [[[[72.02927735, 34.15171985], [72.02926383, 34.1515425], [72.02905153, 34.15155369], [72.02906505, 34.15173103], [72.02927735, 34.15171985]]]]}, "properties": {"id": "8J6J522H+MM3F", "height": 6.585987091064453, "hmax": 0.752, "ratio": 0.114, "vulnClass": "low"}}, {"type": "Feature", "geometry": {"type": "MultiPolygon", "coordinates": [[[[72.029026, 34.15158007], [72.02892813, 34.151592], [72.02893273, 34.15161812], [72.02888549, 34.15162388], [72.02889902, 34.15170064], [72.02894626, 34.15169489], [72.02895414, 34.15173959], [72.02905202, 34.15172767], [72.029026, 34.15158007]]]]}, "properties": {"id": "8J6J522H+MH96", "height": 5.753812313079834, "hmax": 0.797, "ratio": 0.138, "vulnClass": "low"}}, {"type": "Feature", "geometry": {"type": "MultiPolygon", "coordinates": [[[[72.02883581, 34.15186895], [72.02880116, 34.15151664], [72.02868768, 34.15152435], [72.02872233, 34.15187666], [72.02883581, 34.15186895]]]]}, "properties": {"id": "8J6J522H+MGCV", "height": 2.641719818115234, "hmax": 0.797, "ratio": 0.302, "vulnClass": "moderate"}}, {"type": "Feature", "geometry": {"type": "MultiPolygon", "coordinates": [[[[72.02858378, 34.1514489], [72.02852471, 34.15145317], [72.02856957, 34.15188194], [72.02859543, 34.15188007], [72.02861316, 34.1520495], [72.02867242, 34.15204521], [72.02865452, 34.15187411], [72.02862846, 34.15187599], [72.02858378, 34.1514489]]]]}, "properties": {"id": "8J6J522H+MCWX", "height": 3.08734655380249, "hmax": 0.805, "ratio": 0.261, "vulnClass": "low"}}, {"type": "Feature", "geometry": {"type": "MultiPolygon", "coordinates": [[[[72.02749122, 34.15181487], [72.0274725, 34.15183461], [72.02750444, 34.15185555], [72.02752316, 34.15183582], [72.02749122, 34.15181487]]]]}, "properties": {"id": "8J6J522G+PXQH", "height": 2.683619976043701, "hmax": 1.017, "ratio": 0.379, "vulnClass": "moderate"}}, {"type": "Feature", "geometry": {"type": "MultiPolygon", "coordinates": [[[[72.0275809, 34.15186518], [72.02744358, 34.15186562], [72.0274441, 34.1519744], [72.02758141, 34.15197395], [72.0275809, 34.15186518]]]]}, "properties": {"id": "8J6J522H+Q26M", "height": 2.864788770675659, "hmax": 1.017, "ratio": 0.355, "vulnClass": "moderate"}}, {"type": "Feature", "geometry": {"type": "MultiPolygon", "coordinates": [[[[72.0272107, 34.15178188], [72.02711672, 34.15174708], [72.02703706, 34.15189578], [72.02713103, 34.15193058], [72.0272107, 34.15178188]]]]}, "properties": {"id": "8J6J522G+PRQH", "height": 3.305767297744751, "hmax": 1.005, "ratio": 0.304, "vulnClass": "moderate"}}, {"type": "Feature", "geometry": {"type": "MultiPolygon", "coordinates": [[[[72.02747323, 34.15180191], [72.02733476, 34.15174968], [72.02730956, 34.15179584], [72.02744803, 34.15184808], [72.02747323, 34.15180191]]]]}, "properties": {"id": "8J6J522G+PX6W", "height": 3.360413074493408, "hmax": 1.017, "ratio": 0.303, "vulnClass": "moderate"}}, {"type": "Feature", "geometry": {"type": "MultiPolygon", "coordinates": [[[[72.02733476, 34.15174968], [72.02724626, 34.15171629], [72.02722106, 34.15176246], [72.02730956, 34.15179584], [72.02733476, 34.15174968]]]]}, "properties": {"id": "8J6J522G+PW29", "height": 3.785435676574707, "hmax": 1.017, "ratio": 0.269, "vulnClass": "low"}}, {"type": "Feature", "geometry": {"type": "MultiPolygon", "coordinates": [[[[72.0272463, 34.1517163], [72.0271532, 34.1516812], [72.027128, 34.1517273], [72.0272211, 34.1517625], [72.0272463, 34.1517163]]]]}, "properties": {"id": "8J6J522G+MVMX", "height": 2.944374561309814, "hmax": 1.017, "ratio": 0.345, "vulnClass": "moderate"}}, {"type": "Feature", "geometry": {"type": "MultiPolygon", "coordinates": [[[[72.02637465, 34.15089721], [72.02646386, 34.15089278], [72.02645383, 34.15075316], [72.02619709, 34.1507659], [72.02590275, 34.15100197], [72.02590486, 34.15103141], [72.02597934, 34.15102772], [72.02598135, 34.15105578], [72.02604289, 34.15105272], [72.02604441, 34.15107389], [72.02615342, 34.15106848], [72.0261555, 34.15109747], [72.02623257, 34.15109364], [72.02623512, 34.15112921], [72.02635603, 34.1511232], [72.02635986, 34.1511766], [72.0263946, 34.15117487], [72.02637465, 34.15089721]]]]}, "properties": {"id": "8J6J522G+9FHJ", "height": 4.66480541229248, "hmax": 0.948, "ratio": 0.203, "vulnClass": "low"}}, {"type": "Feature", "geometry": {"type": "MultiPolygon", "coordinates": [[[[72.025764, 34.15073825], [72.02564125, 34.15073225], [72.02563793, 34.1507792], [72.02576067, 34.1507852], [72.025764, 34.15073825]]]]}, "properties": {"id": "8J6J522G+8747", "height": 2.931932926177979, "hmax": 0.968, "ratio": 0.33, "vulnClass": "moderate"}}, {"type": "Feature", "geometry": {"type": "MultiPolygon", "coordinates": [[[[72.02568411, 34.15316335], [72.02530987, 34.15313857], [72.02530801, 34.15315796], [72.02568225, 34.15318273], [72.02568411, 34.15316335]]]]}, "properties": {"id": "8J6J523G+759H", "height": 4.185305595397949, "hmax": 0.559, "ratio": 0.134, "vulnClass": "low"}}, {"type": "Feature", "geometry": {"type": "MultiPolygon", "coordinates": [[[[72.0236234, 34.15338018], [72.02355243, 34.15337956], [72.02355064, 34.15352033], [72.02362161, 34.15352096], [72.0236234, 34.15338018]]]]}, "properties": {"id": "8J6J523F+9CP5", "height": 2.882208824157715, "hmax": 0.229, "ratio": 0.08, "vulnClass": "low"}}, {"type": "Feature", "geometry": {"type": "MultiPolygon", "coordinates": [[[[72.02362974, 34.1537138], [72.02352872, 34.15371639], [72.02353131, 34.15378631], [72.02369991, 34.15378199], [72.02369866, 34.15374816], [72.02363108, 34.15374989], [72.02362974, 34.1537138]]]]}, "properties": {"id": "8J6J523F+GC52", "height": 3.288911581039429, "hmax": 0.214, "ratio": 0.065, "vulnClass": "low"}}, {"type": "Feature", "geometry": {"type": "MultiPolygon", "coordinates": [[[[72.0237463, 34.1542821], [72.0237422, 34.1541186], [72.0235518, 34.1541219], [72.0235559, 34.1542854], [72.0237463, 34.1542821]]]]}, "properties": {"id": "8J6J523F+MFJ5", "height": 3.74234938621521, "hmax": 0.219, "ratio": 0.058, "vulnClass": "low"}}, {"type": "Feature", "geometry": {"type": "MultiPolygon", "coordinates": [[[[72.02439617, 34.15403124], [72.02423751, 34.15403628], [72.02424362, 34.15416935], [72.02443176, 34.15416338], [72.02442849, 34.15409209], [72.024399, 34.15409303], [72.02439617, 34.15403124]]]]}, "properties": {"id": "8J6J523F+JPW4", "height": 6.270297050476074, "hmax": 0.328, "ratio": 0.052, "vulnClass": "low"}}, {"type": "Feature", "geometry": {"type": "MultiPolygon", "coordinates": [[[[72.0242374, 34.15398835], [72.02413645, 34.15399093], [72.02414053, 34.15410135], [72.02424149, 34.15409877], [72.0242374, 34.15398835]]]]}, "properties": {"id": "8J6J523F+JM8J", "height": 2.537554502487183, "hmax": 0.328, "ratio": 0.129, "vulnClass": "low"}}, {"type": "Feature", "geometry": {"type": "MultiPolygon", "coordinates": [[[[72.02559787, 34.15345068], [72.02530329, 34.15343034], [72.02530083, 34.15345493], [72.02559541, 34.15347527], [72.02559787, 34.15345068]]]]}, "properties": {"id": "8J6J523G+95P3", "height": 5.971116065979004, "hmax": 0.559, "ratio": 0.094, "vulnClass": "low"}}, {"type": "Feature", "geometry": {"type": "MultiPolygon", "coordinates": [[[[72.0260207, 34.1534005], [72.0256971, 34.1533824], [72.0256886, 34.1534878], [72.0258115, 34.1534947], [72.0258093, 34.153522], [72.0259218, 34.1535283], [72.025924, 34.153501], [72.0260122, 34.1535059], [72.0260207, 34.1534005]]]]}, "properties": {"id": "8J6J523G+98HV", "height": 3.430825710296631, "hmax": 0.626, "ratio": 0.182, "vulnClass": "low"}}, {"type": "Feature", "geometry": {"type": "MultiPolygon", "coordinates": [[[[72.02555786, 34.15385004], [72.02564209, 34.15362065], [72.02559393, 34.15360843], [72.0255097, 34.15383782], [72.02555786, 34.15385004]]]]}, "properties": {"id": "8J6J523G+F6W3", "height": 6.635682582855225, "hmax": 0.678, "ratio": 0.102, "vulnClass": "low"}}, {"type": "Feature", "geometry": {"type": "MultiPolygon", "coordinates": [[[[72.02555451, 34.15427424], [72.02548542, 34.15426746], [72.02547998, 34.15430575], [72.02554908, 34.15431253], [72.02555451, 34.15427424]]]]}, "properties": {"id": "8J6J523G+P66G", "height": 2.763799667358398, "hmax": 0.802, "ratio": 0.29, "vulnClass": "low"}}, {"type": "Feature", "geometry": {"type": "MultiPolygon", "coordinates": [[[[72.02632818, 34.15400127], [72.0262479, 34.15399614], [72.02624562, 34.15402071], [72.0263259, 34.15402584], [72.02632818, 34.15400127]]]]}, "properties": {"id": "8J6J523G+JG3C", "height": 4.636463165283203, "hmax": 0.96, "ratio": 0.207, "vulnClass": "low"}}, {"type": "Feature", "geometry": {"type": "MultiPolygon", "coordinates": [[[[72.0264648, 34.15408407], [72.02602056, 34.15399651], [72.02593548, 34.15429487], [72.02637972, 34.15438242], [72.0264648, 34.15408407]]]]}, "properties": {"id": "8J6J523G+MFGF", "height": 4.452310085296631, "hmax": 0.96, "ratio": 0.216, "vulnClass": "low"}}, {"type": "Feature", "geometry": {"type": "MultiPolygon", "coordinates": [[[[72.02666872, 34.15412814], [72.02656703, 34.15411326], [72.02650442, 34.15440896], [72.02668425, 34.15443527], [72.02672972, 34.15422053], [72.02662014, 34.15420449], [72.02662814, 34.15416674], [72.02665958, 34.15417134], [72.02666872, 34.15412814]]]]}, "properties": {"id": "8J6J523G+PJ9P", "height": 3.693844318389893, "hmax": 0.96, "ratio": 0.26, "vulnClass": "low"}}, {"type": "Feature", "geometry": {"type": "MultiPolygon", "coordinates": [[[[72.02685054, 34.1542495], [72.02674951, 34.15423462], [72.02671461, 34.15439844], [72.02681564, 34.15441332], [72.02685054, 34.1542495]]]]}, "properties": {"id": "8J6J523G+PPFR", "height": 2.847779989242554, "hmax": 0.96, "ratio": 0.337, "vulnClass": "moderate"}}, {"type": "Feature", "geometry": {"type": "MultiPolygon", "coordinates": [[[[72.0273088, 34.15421749], [72.02707707, 34.15417798], [72.02700061, 34.15448798], [72.02723233, 34.15452749], [72.0273088, 34.15421749]]]]}, "properties": {"id": "8J6J523G+PVR5", "height": 4.52571964263916, "hmax": 0.882, "ratio": 0.195, "vulnClass": "low"}}, {"type": "Feature", "geometry": {"type": "MultiPolygon", "coordinates": [[[[72.0271365, 34.1538073], [72.0266133, 34.1537318], [72.0265462, 34.154053], [72.0270695, 34.1541284], [72.0271365, 34.1538073]]]]}, "properties": {"id": "8J6J523G+HPG9", "height": 5.124936103820801, "hmax": 0.942, "ratio": 0.184, "vulnClass": "low"}}, {"type": "Feature", "geometry": {"type": "MultiPolygon", "coordinates": [[[[72.0260788, 34.1528403], [72.0260067, 34.1528371], [72.0260027, 34.1528998], [72.0259127, 34.1528959], [72.0259097, 34.1529438], [72.0261077, 34.1529524], [72.0261025, 34.1530345], [72.0261434, 34.1530363], [72.0261415, 34.1530653], [72.0261007, 34.1530635], [72.0260798, 34.1533956], [72.0260439, 34.1533941], [72.0260376, 34.1534936], [72.0261672, 34.1534992], [72.026169, 34.1534715], [72.0262066, 34.1534731], [72.0262111, 34.1534013], [72.0262418, 34.1534027], [72.0262523, 34.153236], [72.0263851, 34.1532418], [72.026391, 34.1531474], [72.0262583, 34.1531417], [72.0262739, 34.1528944], [72.0262055, 34.1528914], [72.0262084, 34.1528459], [72.0261555, 34.1528436], [72.0261527, 34.1528891], [72.0260759, 34.1528858], [72.0260788, 34.1528403]]]]}, "properties": {"id": "8J6J523G+7F73", "height": 4.670876979827881, "hmax": 0.829, "ratio": 0.177, "vulnClass": "low"}}, {"type": "Feature", "geometry": {"type": "MultiPolygon", "coordinates": [[[[72.0259197, 34.1527888], [72.0258249, 34.1527854], [72.0258224, 34.1528341], [72.0257468, 34.1528314], [72.0257411, 34.1529438], [72.0259115, 34.1529498], [72.0259197, 34.1527888]]]]}, "properties": {"id": "8J6J523G+5845", "height": 3.683848142623901, "hmax": 0.563, "ratio": 0.153, "vulnClass": "low"}}, {"type": "Feature", "geometry": {"type": "MultiPolygon", "coordinates": [[[[72.02540883, 34.15264904], [72.02540496, 34.15270004], [72.02553897, 34.15270708], [72.02554073, 34.1526839], [72.02556332, 34.15268509], [72.02556544, 34.15265726], [72.02540883, 34.15264904]]]]}, "properties": {"id": "8J6J523G+35H3", "height": 3.462716341018677, "hmax": 0.578, "ratio": 0.167, "vulnClass": "low"}}, {"type": "Feature", "geometry": {"type": "MultiPolygon", "coordinates": [[[[72.02835908, 34.15257319], [72.0282441, 34.1525821], [72.02826097, 34.15273256], [72.02844664, 34.15271818], [72.02844265, 34.15268264], [72.02837196, 34.15268812], [72.02835908, 34.15257319]]]]}, "properties": {"id": "8J6J523H+3887", "height": 2.759012937545776, "hmax": 0.9, "ratio": 0.326, "vulnClass": "moderate"}}, {"type": "Feature", "geometry": {"type": "MultiPolygon", "coordinates": [[[[72.02879041, 34.15299188], [72.02880274, 34.15294883], [72.02877984, 34.15294429], [72.02876751, 34.15298735], [72.02879041, 34.15299188]]]]}, "properties": {"id": "8J6J523H+5GMJ", "height": 2.927883625030518, "hmax": 0.552, "ratio": 0.189, "vulnClass": "low"}}, {"type": "Feature", "geometry": {"type": "MultiPolygon", "coordinates": [[[[72.02910095, 34.15288035], [72.02888809, 34.15283232], [72.02883827, 34.1529849], [72.02905114, 34.15303293], [72.02910095, 34.15288035]]]]}, "properties": {"id": "8J6J523H+5HH6", "height": 4.964377403259277, "hmax": 0.68, "ratio": 0.137, "vulnClass": "low"}}, {"type": "Feature", "geometry": {"type": "MultiPolygon", "coordinates": [[[[72.0292131, 34.1528293], [72.0291051, 34.1528046], [72.0290564, 34.1529521], [72.0292004, 34.1529849], [72.0291864, 34.1530272], [72.0294233, 34.1530812], [72.0294941, 34.1528669], [72.0294229, 34.1528506], [72.0294147, 34.1528753], [72.0293543, 34.1528615], [72.0293693, 34.1528162], [72.0293117, 34.1528031], [72.0293048, 34.1528237], [72.0292212, 34.1528046], [72.0292131, 34.1528293]]]]}, "properties": {"id": "8J6J523H+5PF2", "height": 3.884988307952881, "hmax": 0.388, "ratio": 0.1, "vulnClass": "low"}}, {"type": "Feature", "geometry": {"type": "MultiPolygon", "coordinates": [[[[72.02865394, 34.15271175], [72.02861087, 34.15271148], [72.0286104, 34.15276451], [72.02865346, 34.15276478], [72.02865394, 34.15271175]]]]}, "properties": {"id": "8J6J523H+3FRC", "height": 2.757838010787964, "hmax": 0.9, "ratio": 0.326, "vulnClass": "moderate"}}, {"type": "Feature", "geometry": {"type": "MultiPolygon", "coordinates": [[[[72.02955177, 34.15255699], [72.02954312, 34.15246211], [72.02934514, 34.15247457], [72.02935058, 34.15253432], [72.02927866, 34.15253884], [72.02929719, 34.15274234], [72.0295671, 34.15272535], [72.02955833, 34.15262903], [72.02960484, 34.1526261], [72.02959827, 34.15255406], [72.02955177, 34.15255699]]]]}, "properties": {"id": "8J6J523H+2QV9", "height": 7.129801273345947, "hmax": 0.517, "ratio": 0.072, "vulnClass": "low"}}, {"type": "Feature", "geometry": {"type": "MultiPolygon", "coordinates": [[[[72.02952474, 34.1527304], [72.02944962, 34.15273476], [72.02945323, 34.15277768], [72.02952835, 34.15277331], [72.02952474, 34.1527304]]]]}, "properties": {"id": "8J6J523H+4Q54", "height": 5.208187103271484, "hmax": 0.517, "ratio": 0.099, "vulnClass": "low"}}, {"type": "Feature", "geometry": {"type": "MultiPolygon", "coordinates": [[[[72.03094187, 34.15243105], [72.03089689, 34.15243658], [72.03090293, 34.15247054], [72.03094791, 34.15246501], [72.03094187, 34.15243105]]]]}, "properties": {"id": "8J6J522J+X9M4", "height": 4.547460556030273, "hmax": 0.077, "ratio": 0.017, "vulnClass": "none"}}, {"type": "Feature", "geometry": {"type": "MultiPolygon", "coordinates": [[[[72.031021, 34.15258756], [72.03096604, 34.15271947], [72.0311113, 34.15276131], [72.03112981, 34.15271689], [72.03109315, 34.15270633], [72.03110498, 34.15267795], [72.03114164, 34.15268851], [72.03116627, 34.15262939], [72.031021, 34.15258756]]]]}, "properties": {"id": "8J6J523J+3C8R", "height": 3.702761650085449, "hmax": 0.077, "ratio": 0.021, "vulnClass": "none"}}, {"type": "Feature", "geometry": {"type": "MultiPolygon", "coordinates": [[[[72.03089178, 34.15269183], [72.03096808, 34.1525932], [72.03089286, 34.15255298], [72.03084818, 34.15261074], [72.03079495, 34.15258228], [72.03076333, 34.15262314], [72.03089178, 34.15269183]]]]}, "properties": {"id": "8J6J523J+28XX", "height": 2.821343660354614, "hmax": 0.077, "ratio": 0.027, "vulnClass": "none"}}, {"type": "Feature", "geometry": {"type": "MultiPolygon", "coordinates": [[[[72.03090165, 34.15273914], [72.03085926, 34.1527431], [72.03086345, 34.15277402], [72.03090583, 34.15277006], [72.03090165, 34.15273914]]]]}, "properties": {"id": "8J6J523J+4926", "height": 6.942866325378418, "hmax": 0.077, "ratio": 0.011, "vulnClass": "none"}}, {"type": "Feature", "geometry": {"type": "MultiPolygon", "coordinates": [[[[72.03070423, 34.15298059], [72.03063784, 34.15293509], [72.03056951, 34.15300399], [72.0306359, 34.15304949], [72.03070423, 34.15298059]]]]}, "properties": {"id": "8J6J523J+57RM", "height": 4.659404754638672, "hmax": 0.006, "ratio": 0.001, "vulnClass": "none"}}, {"type": "Feature", "geometry": {"type": "MultiPolygon", "coordinates": [[[[72.03070887, 34.15309951], [72.0308345, 34.15297284], [72.03069514, 34.15287731], [72.03063784, 34.15293509], [72.03070423, 34.15298059], [72.0306359, 34.15304949], [72.03070887, 34.15309951]]]]}, "properties": {"id": "8J6J523J+57XC", "height": 4.659404754638672, "hmax": 0.026, "ratio": 0.006, "vulnClass": "none"}}, {"type": "Feature", "geometry": {"type": "MultiPolygon", "coordinates": [[[[72.03088932, 34.15287167], [72.03084344, 34.15284022], [72.03079312, 34.15289096], [72.030839, 34.1529224], [72.03088932, 34.15287167]]]]}, "properties": {"id": "8J6J523J+5849", "height": 3.010349273681641, "hmax": 0.077, "ratio": 0.026, "vulnClass": "none"}}, {"type": "Feature", "geometry": {"type": "MultiPolygon", "coordinates": [[[[72.03097683, 34.15293938], [72.03088448, 34.15287704], [72.03083027, 34.15293253], [72.03092263, 34.15299488], [72.03097683, 34.15293938]]]]}, "properties": {"id": "8J6J523J+59CH", "height": 3.112500190734863, "hmax": 0.063, "ratio": 0.02, "vulnClass": "none"}}, {"type": "Feature", "geometry": {"type": "MultiPolygon", "coordinates": [[[[72.03116926, 34.15298166], [72.03113202, 34.15296269], [72.03110668, 34.15299708], [72.03114392, 34.15301605], [72.03116926, 34.15298166]]]]}, "properties": {"id": "8J6J523J+5FRF", "height": 2.651949882507324, "hmax": 0.003, "ratio": 0.001, "vulnClass": "none"}}, {"type": "Feature", "geometry": {"type": "MultiPolygon", "coordinates": [[[[72.03122014, 34.152989], [72.03119086, 34.15296272], [72.03114245, 34.15300001], [72.03117173, 34.15302628], [72.03122014, 34.152989]]]]}, "properties": {"id": "8J6J523J+5FVQ", "height": 2.651949882507324, "hmax": 0.003, "ratio": 0.001, "vulnClass": "none"}}, {"type": "Feature", "geometry": {"type": "MultiPolygon", "coordinates": [[[[72.0309359, 34.15301693], [72.03095249, 34.1530002], [72.03093176, 34.15298599], [72.0309169, 34.15300098], [72.03088647, 34.15298012], [72.03082008, 34.15304706], [72.03089003, 34.153095], [72.03095469, 34.1530298], [72.0309359, 34.15301693]]]]}, "properties": {"id": "8J6J523J+696G", "height": 5.428107738494873, "hmax": 0.002, "ratio": 0.0, "vulnClass": "none"}}, {"type": "Feature", "geometry": {"type": "MultiPolygon", "coordinates": [[[[72.03087124, 34.15308213], [72.03082008, 34.15304706], [72.03076889, 34.15309867], [72.03082005, 34.15313374], [72.03087124, 34.15308213]]]]}, "properties": {"id": "8J6J523J+68PJ", "height": 4.280617713928223, "hmax": 0.002, "ratio": 0.001, "vulnClass": "none"}}, {"type": "Feature", "geometry": {"type": "MultiPolygon", "coordinates": [[[[72.03100687, 34.15318804], [72.0308636, 34.15308983], [72.03082005, 34.15313374], [72.03087602, 34.15317211], [72.030831, 34.1532175], [72.0309183, 34.15327735], [72.03100687, 34.15318804]]]]}, "properties": {"id": "8J6J523J+79FC", "height": 7.200685501098633, "hmax": 0.002, "ratio": 0.0, "vulnClass": "none"}}, {"type": "Feature", "geometry": {"type": "MultiPolygon", "coordinates": [[[[72.0311576, 34.15321696], [72.0311486, 34.15319236], [72.03111197, 34.15320163], [72.03112097, 34.15322622], [72.0311576, 34.15321696]]]]}, "properties": {"id": "8J6J523J+7FJ7", "height": 5.697741508483887, "hmax": 0.002, "ratio": 0.0, "vulnClass": "none"}}, {"type": "Feature", "geometry": {"type": "MultiPolygon", "coordinates": [[[[72.03085124, 34.1531971], [72.03081405, 34.15317161], [72.03052477, 34.1534633], [72.03064926, 34.15354863], [72.03047384, 34.15372551], [72.03055048, 34.15377805], [72.0307259, 34.15360117], [72.03093303, 34.15374315], [72.03096165, 34.15371429], [72.0307429, 34.15356434], [72.03079973, 34.15350703], [72.03085498, 34.1535449], [72.03102785, 34.1533706], [72.03082028, 34.15322832], [72.03085124, 34.1531971]]]]}, "properties": {"id": "8J6J523J+98JJ", "height": 7.478229999542236, "hmax": 0.002, "ratio": 0.0, "vulnClass": "none"}}, {"type": "Feature", "geometry": {"type": "MultiPolygon", "coordinates": [[[[72.03054139, 34.15342637], [72.03032355, 34.15328072], [72.03029412, 34.15331114], [72.03051196, 34.15345679], [72.03054139, 34.15342637]]]]}, "properties": {"id": "8J6J523J+85VM", "height": 5.258593559265137, "hmax": 0.002, "ratio": 0.0, "vulnClass": "none"}}, {"type": "Feature", "geometry": {"type": "MultiPolygon", "coordinates": [[[[72.03028389, 34.15336191], [72.03020417, 34.15330879], [72.03014193, 34.15337334], [72.03022166, 34.15342647], [72.03028389, 34.15336191]]]]}, "properties": {"id": "8J6J523J+83WQ", "height": 4.710494518280029, "hmax": 0.085, "ratio": 0.018, "vulnClass": "none"}}, {"type": "Feature", "geometry": {"type": "MultiPolygon", "coordinates": [[[[72.0301423, 34.1532849], [72.0300791, 34.1532417], [72.0298206, 34.1535032], [72.0299981, 34.1536245], [72.0301149, 34.1535064], [72.0301437, 34.153526], [72.0301719, 34.1534975], [72.0301098, 34.1534551], [72.0301673, 34.1533969], [72.0301307, 34.1533719], [72.0301697, 34.1533325], [72.0301252, 34.1533021], [72.0301423, 34.1532849]]]]}, "properties": {"id": "8J6J523J+92CP", "height": 5.755025386810303, "hmax": 0.087, "ratio": 0.015, "vulnClass": "none"}}, {"type": "Feature", "geometry": {"type": "MultiPolygon", "coordinates": [[[[72.0300387, 34.15293244], [72.02999754, 34.15297488], [72.03038172, 34.15323242], [72.03042289, 34.15318998], [72.0300387, 34.15293244]]]]}, "properties": {"id": "8J6J523J+63P8", "height": 3.274838447570801, "hmax": 0.06, "ratio": 0.018, "vulnClass": "none"}}, {"type": "Feature", "geometry": {"type": "MultiPolygon", "coordinates": [[[[72.03041504, 34.15394832], [72.03003521, 34.15369524], [72.0298721, 34.15386443], [72.03025193, 34.15411751], [72.03041504, 34.15394832]]]]}, "properties": {"id": "8J6J523J+H368", "height": 4.033098220825195, "hmax": 0.025, "ratio": 0.006, "vulnClass": "none"}}, {"type": "Feature", "geometry": {"type": "MultiPolygon", "coordinates": [[[[72.03021207, 34.15342978], [72.03019362, 34.15340807], [72.03015208, 34.15343248], [72.03017053, 34.15345419], [72.03021207, 34.15342978]]]]}, "properties": {"id": "8J6J523J+93F9", "height": 2.502424955368042, "hmax": 0.087, "ratio": 0.035, "vulnClass": "none"}}, {"type": "Feature", "geometry": {"type": "MultiPolygon", "coordinates": [[[[72.030566, 34.15339378], [72.03052507, 34.15335354], [72.03048401, 34.15338241], [72.03052493, 34.15342265], [72.030566, 34.15339378]]]]}, "properties": {"id": "8J6J523J+962H", "height": 3.406631469726562, "hmax": 0.002, "ratio": 0.001, "vulnClass": "none"}}, {"type": "Feature", "geometry": {"type": "MultiPolygon", "coordinates": [[[[72.03105358, 34.1533438], [72.03102931, 34.15332229], [72.03099619, 34.15334811], [72.03102046, 34.15336963], [72.03105358, 34.1533438]]]]}, "properties": {"id": "8J6J523J+8CJX", "height": 3.023731708526611, "hmax": 0.002, "ratio": 0.001, "vulnClass": "none"}}, {"type": "Feature", "geometry": {"type": "MultiPolygon", "coordinates": [[[[72.03105022, 34.15353965], [72.03101294, 34.1535144], [72.03090225, 34.15362734], [72.03098907, 34.15368615], [72.03096345, 34.1537123], [72.03103005, 34.15375741], [72.03105567, 34.15373127], [72.03116353, 34.15380433], [72.03127983, 34.15368567], [72.03124966, 34.15366523], [72.03122353, 34.15369189], [72.03117384, 34.15365823], [72.03123404, 34.15359681], [72.03113945, 34.15353273], [72.03107925, 34.15359415], [72.0310297, 34.15356059], [72.03105022, 34.15353965]]]]}, "properties": {"id": "8J6J523J+FC89", "height": 7.343611717224121, "hmax": 0.002, "ratio": 0.0, "vulnClass": "none"}}, {"type": "Feature", "geometry": {"type": "MultiPolygon", "coordinates": [[[[72.03102089, 34.15374266], [72.03096164, 34.15370909], [72.03091938, 34.15376065], [72.03097864, 34.15379422], [72.03102089, 34.15374266]]]]}, "properties": {"id": "8J6J523J+G952", "height": 7.478229999542236, "hmax": 0.002, "ratio": 0.0, "vulnClass": "none"}}, {"type": "Feature", "geometry": {"type": "MultiPolygon", "coordinates": [[[[72.0310063, 34.1539613], [72.0307844, 34.1538076], [72.0306749, 34.1539168], [72.0308176, 34.1540157], [72.0308318, 34.1540015], [72.0308769, 34.1540328], [72.0308948, 34.154015], [72.0309188, 34.1540316], [72.030901, 34.1540494], [72.0309363, 34.1540739], [72.0308004, 34.1542094], [72.0308417, 34.1542381], [72.030892, 34.1546065], [72.0310423, 34.1547106], [72.0310719, 34.1546812], [72.0309126, 34.1545709], [72.0310111, 34.1544726], [72.0309784, 34.1542399], [72.030954, 34.1542642], [72.0308679, 34.1542045], [72.030991, 34.1540816], [72.0309289, 34.1540386], [72.0310063, 34.1539613]]]]}, "properties": {"id": "8J6J523J+M9J4", "height": 8.870807647705078, "hmax": 0.004, "ratio": 0.001, "vulnClass": "none"}}, {"type": "Feature", "geometry": {"type": "MultiPolygon", "coordinates": [[[[72.03116434, 34.15389297], [72.03112817, 34.15386879], [72.03100899, 34.15399198], [72.03104516, 34.15401616], [72.03116434, 34.15389297]]]]}, "properties": {"id": "8J6J523J+HCGQ", "height": 4.516566753387451, "hmax": 0.004, "ratio": 0.001, "vulnClass": "none"}}, {"type": "Feature", "geometry": {"type": "MultiPolygon", "coordinates": [[[[72.03104516, 34.15401616], [72.03098428, 34.15397546], [72.0309382, 34.15402309], [72.03099908, 34.15406379], [72.03104516, 34.15401616]]]]}, "properties": {"id": "8J6J523J+J95P", "height": 6.384052753448486, "hmax": 0.004, "ratio": 0.001, "vulnClass": "none"}}, {"type": "Feature", "geometry": {"type": "MultiPolygon", "coordinates": [[[[72.03126519, 34.15409891], [72.03129007, 34.15407408], [72.03114713, 34.15397507], [72.03106376, 34.15405825], [72.03103134, 34.15403579], [72.0309877, 34.15407933], [72.03102012, 34.15410179], [72.03093367, 34.15418804], [72.03107662, 34.15428706], [72.03110747, 34.15425628], [72.03108172, 34.15423844], [72.03111948, 34.15420077], [72.03119116, 34.15425043], [72.03127002, 34.15417173], [72.03119834, 34.15412208], [72.03123944, 34.15408107], [72.03126519, 34.15409891]]]]}, "properties": {"id": "8J6J523J+MC58", "height": 9.261624336242676, "hmax": 0.004, "ratio": 0.0, "vulnClass": "none"}}, {"type": "Feature", "geometry": {"type": "MultiPolygon", "coordinates": [[[[72.03080697, 34.15418654], [72.03059943, 34.15405086], [72.03055476, 34.15409807], [72.0305371, 34.15408652], [72.030291, 34.15434668], [72.03030867, 34.15435823], [72.03021128, 34.15446119], [72.03041882, 34.15459688], [72.03049447, 34.15451691], [72.03045041, 34.1544881], [72.0304867, 34.15444973], [72.03053076, 34.15447854], [72.0305146, 34.15449563], [72.03055534, 34.15452227], [72.03065091, 34.15442124], [72.03067862, 34.15443935], [72.03070614, 34.15441027], [72.03067843, 34.15439215], [72.03080305, 34.1542604], [72.03076231, 34.15423376], [72.03080697, 34.15418654]]]]}, "properties": {"id": "8J6J523J+P6CW", "height": 4.258221626281738, "hmax": 0.004, "ratio": 0.001, "vulnClass": "none"}}, {"type": "Feature", "geometry": {"type": "MultiPolygon", "coordinates": [[[[72.02987844, 34.15386789], [72.02985619, 34.15389118], [72.02978635, 34.15384508], [72.02975199, 34.15388105], [72.02971502, 34.15385665], [72.02968724, 34.15388574], [72.02964718, 34.15385929], [72.0295903, 34.15391886], [72.02963036, 34.1539453], [72.02960711, 34.15396964], [72.02964408, 34.15399404], [72.02960095, 34.1540392], [72.0296708, 34.1540853], [72.02964536, 34.15411194], [72.02959295, 34.15407734], [72.02952888, 34.15414442], [72.02960568, 34.15419512], [72.0295851, 34.15421667], [72.0295307, 34.15418076], [72.02946046, 34.1542543], [72.02975553, 34.15444907], [72.02982577, 34.15437553], [72.02978118, 34.1543461], [72.02980177, 34.15432455], [72.0298655, 34.15436661], [72.02992956, 34.15429953], [72.02988597, 34.15427076], [72.02991141, 34.15424413], [72.03000539, 34.15430616], [72.03010628, 34.15420052], [72.03014692, 34.15422735], [72.03023143, 34.15413886], [72.03009681, 34.15405], [72.03011905, 34.15402671], [72.02987844, 34.15386789]]]]}, "properties": {"id": "8J6J523H+MW47", "height": 5.152735710144043, "hmax": 0.005, "ratio": 0.001, "vulnClass": "none"}}, {"type": "Feature", "geometry": {"type": "MultiPolygon", "coordinates": [[[[72.0288365, 34.1538167], [72.0287889, 34.153822], [72.0288184, 34.1540045], [72.0289236, 34.1539927], [72.0289048, 34.1538765], [72.0288472, 34.1538829], [72.0288365, 34.1538167]]]]}, "properties": {"id": "8J6J523H+HG9V", "height": 4.505893707275391, "hmax": 0.455, "ratio": 0.101, "vulnClass": "low"}}, {"type": "Feature", "geometry": {"type": "MultiPolygon", "coordinates": [[[[72.02777192, 34.1536037], [72.02769553, 34.153605], [72.02769862, 34.15373134], [72.02777501, 34.15373005], [72.02777192, 34.1536037]]]]}, "properties": {"id": "8J6J523H+F39P", "height": 4.116076946258545, "hmax": 0.897, "ratio": 0.218, "vulnClass": "low"}}, {"type": "Feature", "geometry": {"type": "MultiPolygon", "coordinates": [[[[72.02783156, 34.1536027], [72.02777192, 34.1536037], [72.02777501, 34.15373005], [72.02783465, 34.15372904], [72.02783156, 34.1536027]]]]}, "properties": {"id": "8J6J523H+F47P", "height": 4.116076946258545, "hmax": 0.897, "ratio": 0.218, "vulnClass": "low"}}, {"type": "Feature", "geometry": {"type": "MultiPolygon", "coordinates": [[[[72.02787291, 34.153602], [72.02783156, 34.1536027], [72.02783465, 34.15372904], [72.027876, 34.15372835], [72.02787291, 34.153602]]]]}, "properties": {"id": "8J6J523H+F49M", "height": 3.348657131195068, "hmax": 0.897, "ratio": 0.268, "vulnClass": "low"}}, {"type": "Feature", "geometry": {"type": "MultiPolygon", "coordinates": [[[[72.02940081, 34.15501222], [72.02893041, 34.15504075], [72.02893657, 34.15511099], [72.02898414, 34.15510811], [72.02899316, 34.15521082], [72.02894559, 34.1552137], [72.02895029, 34.15526729], [72.02921947, 34.15525096], [72.02922153, 34.15527447], [72.02942276, 34.15526226], [72.02940698, 34.15508246], [72.02936411, 34.15508506], [72.02936146, 34.15505483], [72.02940433, 34.15505223], [72.02940081, 34.15501222]]]]}, "properties": {"id": "8J6J524H+3M4J", "height": 3.49701452255249, "hmax": 0.239, "ratio": 0.068, "vulnClass": "low"}}, {"type": "Feature", "geometry": {"type": "MultiPolygon", "coordinates": [[[[72.02901436, 34.1549472], [72.02892367, 34.15494782], [72.02892438, 34.15501956], [72.02897521, 34.15501922], [72.02897476, 34.15497444], [72.02901463, 34.15497416], [72.02901436, 34.1549472]]]]}, "properties": {"id": "8J6J523H+XHW4", "height": 3.46082878112793, "hmax": 0.543, "ratio": 0.157, "vulnClass": "low"}}, {"type": "Feature", "geometry": {"type": "MultiPolygon", "coordinates": [[[[72.02980888, 34.15448147], [72.02977316, 34.15447984], [72.02977118, 34.15450971], [72.0298069, 34.15451135], [72.02980888, 34.15448147]]]]}, "properties": {"id": "8J6J523H+QWVV", "height": 2.882993221282959, "hmax": 0.005, "ratio": 0.002, "vulnClass": "none"}}, {"type": "Feature", "geometry": {"type": "MultiPolygon", "coordinates": [[[[72.02973254, 34.1545681], [72.02970113, 34.15453957], [72.02965097, 34.15457773], [72.02968237, 34.15460626], [72.02973254, 34.1545681]]]]}, "properties": {"id": "8J6J523H+RVGR", "height": 2.675252914428711, "hmax": 0.005, "ratio": 0.002, "vulnClass": "none"}}, {"type": "Feature", "geometry": {"type": "MultiPolygon", "coordinates": [[[[72.02982654, 34.15474805], [72.02997276, 34.1545953], [72.02981895, 34.15449355], [72.02964907, 34.15467101], [72.0297489, 34.15473706], [72.02977256, 34.15471235], [72.02982654, 34.15474805]]]]}, "properties": {"id": "8J6J523H+VW35", "height": 3.554169654846191, "hmax": 0.006, "ratio": 0.002, "vulnClass": "none"}}, {"type": "Feature", "geometry": {"type": "MultiPolygon", "coordinates": [[[[72.03007146, 34.15460973], [72.030001, 34.15456373], [72.02995612, 34.15461123], [72.03002658, 34.15465724], [72.03007146, 34.15460973]]]]}, "properties": {"id": "8J6J523J+R2RF", "height": 4.59105110168457, "hmax": 0.005, "ratio": 0.001, "vulnClass": "none"}}, {"type": "Feature", "geometry": {"type": "MultiPolygon", "coordinates": [[[[72.0299904, 34.1546956], [72.0299199, 34.1546496], [72.0298289, 34.1547459], [72.0299227, 34.1548072], [72.0298951, 34.1548364], [72.0300622, 34.1549455], [72.0302319, 34.1547659], [72.0301353, 34.1547028], [72.0300843, 34.1547569], [72.0300138, 34.1547109], [72.0300377, 34.1546856], [72.0300142, 34.1546703], [72.0299904, 34.1546956]]]]}, "properties": {"id": "8J6J523J+W26Q", "height": 5.318334579467773, "hmax": 0.062, "ratio": 0.012, "vulnClass": "none"}}, {"type": "Feature", "geometry": {"type": "MultiPolygon", "coordinates": [[[[72.03068505, 34.15462271], [72.03050214, 34.15450008], [72.03026958, 34.15473981], [72.03030357, 34.1547626], [72.03026905, 34.15479819], [72.03039893, 34.15488527], [72.03047591, 34.15480592], [72.03049493, 34.15481868], [72.03068505, 34.15462271]]]]}, "properties": {"id": "8J6J523J+V5GQ", "height": 3.813527584075928, "hmax": 0.005, "ratio": 0.001, "vulnClass": "none"}}, {"type": "Feature", "geometry": {"type": "MultiPolygon", "coordinates": [[[[72.03074748, 34.15444012], [72.03072337, 34.15446552], [72.03071236, 34.15445829], [72.03062425, 34.15455107], [72.03070714, 34.15460547], [72.03081936, 34.15448729], [72.03074748, 34.15444012]]]]}, "properties": {"id": "8J6J523J+R75R", "height": 5.342815399169922, "hmax": 0.004, "ratio": 0.001, "vulnClass": "none"}}, {"type": "Feature", "geometry": {"type": "MultiPolygon", "coordinates": [[[[72.03084527, 34.15455623], [72.03078752, 34.15451751], [72.03061173, 34.15469872], [72.0306507, 34.15472485], [72.03072427, 34.154649], [72.03074306, 34.1546616], [72.03084527, 34.15455623]]]]}, "properties": {"id": "8J6J523J+R7XM", "height": 3.669172525405884, "hmax": 0.004, "ratio": 0.001, "vulnClass": "none"}}, {"type": "Feature", "geometry": {"type": "MultiPolygon", "coordinates": [[[[72.0311636, 34.154505], [72.0311163, 34.1544732], [72.0310422, 34.1545494], [72.0310596, 34.1545612], [72.0310188, 34.1546032], [72.0312526, 34.1547602], [72.0312783, 34.1547337], [72.0313045, 34.1547513], [72.0313937, 34.1546595], [72.0313498, 34.1546299], [72.0313323, 34.154648], [72.0312925, 34.1546213], [72.0313457, 34.1545666], [72.0312474, 34.1545006], [72.0311943, 34.1545553], [72.0311461, 34.154523], [72.0311636, 34.154505]]]]}, "properties": {"id": "8J6J523J+RFWP", "height": 6.879251003265381, "hmax": 0.004, "ratio": 0.001, "vulnClass": "none"}}, {"type": "Feature", "geometry": {"type": "MultiPolygon", "coordinates": [[[[72.03164932, 34.15487484], [72.03172521, 34.15479798], [72.03147904, 34.15463], [72.03124098, 34.15487112], [72.0313027, 34.15491324], [72.03136176, 34.15485342], [72.03140544, 34.15488323], [72.03143011, 34.15485825], [72.03150639, 34.1549103], [72.03158484, 34.15483084], [72.03164932, 34.15487484]]]]}, "properties": {"id": "8J6J523J+WH9G", "height": 3.734617710113525, "hmax": 0.005, "ratio": 0.001, "vulnClass": "none"}}, {"type": "Feature", "geometry": {"type": "MultiPolygon", "coordinates": [[[[72.03113314, 34.15471179], [72.03107817, 34.15467489], [72.03102919, 34.15472531], [72.03108416, 34.15476221], [72.03113314, 34.15471179]]]]}, "properties": {"id": "8J6J523J+VCPP", "height": 6.945405960083008, "hmax": 0.004, "ratio": 0.001, "vulnClass": "none"}}, {"type": "Feature", "geometry": {"type": "MultiPolygon", "coordinates": [[[[72.03126118, 34.15480435], [72.03113994, 34.15472522], [72.03110702, 34.15476009], [72.03122827, 34.15483921], [72.03126118, 34.15480435]]]]}, "properties": {"id": "8J6J523J+WF79", "height": 6.29229211807251, "hmax": 0.007, "ratio": 0.001, "vulnClass": "none"}}, {"type": "Feature", "geometry": {"type": "MultiPolygon", "coordinates": [[[[72.03098346, 34.15477239], [72.03084838, 34.1546817], [72.0307888, 34.15474303], [72.03092388, 34.15483372], [72.03098346, 34.15477239]]]]}, "properties": {"id": "8J6J523J+W927", "height": 5.193622589111328, "hmax": 0.006, "ratio": 0.001, "vulnClass": "none"}}, {"type": "Feature", "geometry": {"type": "MultiPolygon", "coordinates": [[[[72.03081089, 34.15477596], [72.03068418, 34.15469281], [72.03053452, 34.15485042], [72.03066123, 34.15493357], [72.03081089, 34.15477596]]]]}, "properties": {"id": "8J6J523J+W7FG", "height": 3.438566207885742, "hmax": 0.007, "ratio": 0.002, "vulnClass": "none"}}, {"type": "Feature", "geometry": {"type": "MultiPolygon", "coordinates": [[[[72.03076778, 34.15467817], [72.03072427, 34.154649], [72.03068001, 34.15469463], [72.03072352, 34.1547238], [72.03076778, 34.15467817]]]]}, "properties": {"id": "8J6J523J+V7HC", "height": 2.678392887115479, "hmax": 0.004, "ratio": 0.002, "vulnClass": "none"}}, {"type": "Feature", "geometry": {"type": "MultiPolygon", "coordinates": [[[[72.03057794, 34.15487365], [72.03049542, 34.15481774], [72.03041681, 34.15489792], [72.0304487, 34.15491953], [72.0304211, 34.15494768], [72.03047173, 34.15498199], [72.03057794, 34.15487365]]]]}, "properties": {"id": "8J6J523J+X55W", "height": 3.591644048690796, "hmax": 0.008, "ratio": 0.002, "vulnClass": "none"}}, {"type": "Feature", "geometry": {"type": "MultiPolygon", "coordinates": [[[[72.03116514, 34.15484596], [72.03109609, 34.15479903], [72.03105665, 34.15483915], [72.0311257, 34.15488607], [72.03116514, 34.15484596]]]]}, "properties": {"id": "8J6J523J+WCQP", "height": 5.021912574768066, "hmax": 0.008, "ratio": 0.002, "vulnClass": "none"}}, {"type": "Feature", "geometry": {"type": "MultiPolygon", "coordinates": [[[[72.03005348, 34.155759], [72.03005286, 34.15581156], [72.03017107, 34.15581252], [72.03017168, 34.15575996], [72.03029566, 34.15576096], [72.03029618, 34.15571718], [72.03008798, 34.15571549], [72.03008747, 34.15575927], [72.03005348, 34.155759]]]]}, "properties": {"id": "8J6J524J+8336", "height": 3.632415771484375, "hmax": 0.168, "ratio": 0.046, "vulnClass": "none"}}, {"type": "Feature", "geometry": {"type": "MultiPolygon", "coordinates": [[[[72.0303002, 34.1556603], [72.0303127, 34.1554153], [72.0302254, 34.1554122], [72.030224, 34.155439], [72.0300703, 34.1554336], [72.0300646, 34.1555444], [72.0300176, 34.1555427], [72.0300149, 34.1555963], [72.0300618, 34.1555979], [72.0300591, 34.1556517], [72.0303002, 34.1556603]]]]}, "properties": {"id": "8J6J524J+637Q", "height": 4.117135047912598, "hmax": 0.049, "ratio": 0.012, "vulnClass": "none"}}, {"type": "Feature", "geometry": {"type": "MultiPolygon", "coordinates": [[[[72.03015525, 34.15534546], [72.03005088, 34.15534339], [72.0300491, 34.15540551], [72.03015347, 34.15540758], [72.03015525, 34.15534546]]]]}, "properties": {"id": "8J6J524J+5253", "height": 3.315952062606812, "hmax": 0.078, "ratio": 0.024, "vulnClass": "none"}}, {"type": "Feature", "geometry": {"type": "MultiPolygon", "coordinates": [[[[72.03122149, 34.15539614], [72.0312123, 34.15532836], [72.03109911, 34.15533897], [72.03110831, 34.15540675], [72.03122149, 34.15539614]]]]}, "properties": {"id": "8J6J524J+4FVJ", "height": 3.877368927001953, "hmax": 0.008, "ratio": 0.002, "vulnClass": "none"}}, {"type": "Feature", "geometry": {"type": "MultiPolygon", "coordinates": [[[[72.03136306, 34.15552233], [72.0313506, 34.15537419], [72.03124688, 34.15538022], [72.03126465, 34.15559145], [72.03136837, 34.15558542], [72.03136615, 34.15555897], [72.03139802, 34.15555711], [72.03139494, 34.15552047], [72.03136306, 34.15552233]]]]}, "properties": {"id": "8J6J524J+5GVH", "height": 2.692055225372314, "hmax": 0.007, "ratio": 0.003, "vulnClass": "none"}}, {"type": "Feature", "geometry": {"type": "MultiPolygon", "coordinates": [[[[72.03119159, 34.15561573], [72.03117206, 34.15542901], [72.03103232, 34.15543911], [72.03105185, 34.15562583], [72.03119159, 34.15561573]]]]}, "properties": {"id": "8J6J524J+6C94", "height": 6.209957599639893, "hmax": 0.008, "ratio": 0.001, "vulnClass": "none"}}, {"type": "Feature", "geometry": {"type": "MultiPolygon", "coordinates": [[[[72.03124064, 34.15550413], [72.03118037, 34.15550849], [72.03119159, 34.15561573], [72.03125185, 34.15561137], [72.03124064, 34.15550413]]]]}, "properties": {"id": "8J6J524J+6FG9", "height": 3.518964767456055, "hmax": 0.008, "ratio": 0.002, "vulnClass": "none"}}, {"type": "Feature", "geometry": {"type": "MultiPolygon", "coordinates": [[[[72.03097897, 34.15544319], [72.0309524, 34.15544337], [72.03095272, 34.15547632], [72.03097928, 34.15547614], [72.03097897, 34.15544319]]]]}, "properties": {"id": "8J6J524J+59P9", "height": 5.931626319885254, "hmax": 0.008, "ratio": 0.001, "vulnClass": "none"}}, {"type": "Feature", "geometry": {"type": "MultiPolygon", "coordinates": [[[[72.03098844, 34.15552724], [72.03094658, 34.15553058], [72.03095553, 34.15560828], [72.0309974, 34.15560495], [72.03098844, 34.15552724]]]]}, "properties": {"id": "8J6J524J+69HJ", "height": 3.305551528930664, "hmax": 0.008, "ratio": 0.002, "vulnClass": "none"}}, {"type": "Feature", "geometry": {"type": "MultiPolygon", "coordinates": [[[[72.03149764, 34.15584044], [72.03127319, 34.15582101], [72.03124593, 34.15603865], [72.03147038, 34.15605808], [72.03149764, 34.15584044]]]]}, "properties": {"id": "8J6J524J+9GHH", "height": 3.794848442077637, "hmax": 0.007, "ratio": 0.002, "vulnClass": "none"}}, {"type": "Feature", "geometry": {"type": "MultiPolygon", "coordinates": [[[[72.03095443, 34.15611446], [72.03081981, 34.15611153], [72.03081747, 34.15618553], [72.0309521, 34.15618847], [72.03095443, 34.15611446]]]]}, "properties": {"id": "8J6J524J+F963", "height": 4.980006217956543, "hmax": 0.019, "ratio": 0.004, "vulnClass": "none"}}, {"type": "Feature", "geometry": {"type": "MultiPolygon", "coordinates": [[[[72.03124593, 34.15606415], [72.03118268, 34.15606349], [72.03118194, 34.15611294], [72.03124519, 34.15611359], [72.03124593, 34.15606415]]]]}, "properties": {"id": "8J6J524J+CFPH", "height": 3.761941909790039, "hmax": 0.019, "ratio": 0.005, "vulnClass": "none"}}, {"type": "Feature", "geometry": {"type": "MultiPolygon", "coordinates": [[[[72.03126852, 34.15621885], [72.03120164, 34.15621851], [72.03120098, 34.1563063], [72.03126786, 34.15630664], [72.03126852, 34.15621885]]]]}, "properties": {"id": "8J6J524J+GF5G", "height": 3.705442667007446, "hmax": 0.016, "ratio": 0.004, "vulnClass": "none"}}, {"type": "Feature", "geometry": {"type": "MultiPolygon", "coordinates": [[[[72.03111411, 34.15619261], [72.03098614, 34.15619015], [72.03098307, 34.15630054], [72.03111104, 34.156303], [72.03111411, 34.15619261]]]]}, "properties": {"id": "8J6J524J+FCVW", "height": 5.881773471832275, "hmax": 0.019, "ratio": 0.003, "vulnClass": "none"}}, {"type": "Feature", "geometry": {"type": "MultiPolygon", "coordinates": [[[[72.030188, 34.1564035], [72.0301925, 34.1561973], [72.0299789, 34.1561941], [72.0299744, 34.1564003], [72.030188, 34.1564035]]]]}, "properties": {"id": "8J6J524J+G28W", "height": 4.336557865142822, "hmax": 0.212, "ratio": 0.049, "vulnClass": "none"}}, {"type": "Feature", "geometry": {"type": "MultiPolygon", "coordinates": [[[[72.03004671, 34.15613874], [72.02995861, 34.1561359], [72.02995582, 34.15619568], [72.03004392, 34.15619852], [72.03004671, 34.15613874]]]]}, "properties": {"id": "8J6J524J+F26J", "height": 4.102800846099854, "hmax": 0.236, "ratio": 0.058, "vulnClass": "low"}}, {"type": "Feature", "geometry": {"type": "MultiPolygon", "coordinates": [[[[72.03007143, 34.15608399], [72.02999612, 34.15608156], [72.02999353, 34.15613703], [72.03006884, 34.15613945], [72.03007143, 34.15608399]]]]}, "properties": {"id": "8J6J524J+C2VC", "height": 3.578477382659912, "hmax": 0.236, "ratio": 0.066, "vulnClass": "low"}}, {"type": "Feature", "geometry": {"type": "MultiPolygon", "coordinates": [[[[72.03026103, 34.15609011], [72.03007143, 34.15608399], [72.03006884, 34.15613945], [72.03025845, 34.15614557], [72.03026103, 34.15609011]]]]}, "properties": {"id": "8J6J524J+C3VF", "height": 3.254158496856689, "hmax": 0.137, "ratio": 0.042, "vulnClass": "none"}}, {"type": "Feature", "geometry": {"type": "MultiPolygon", "coordinates": [[[[72.03028161, 34.15605259], [72.03028642, 34.15583056], [72.03006138, 34.15582719], [72.03005913, 34.15593094], [72.03001309, 34.15593025], [72.03001179, 34.15599026], [72.03005783, 34.15599095], [72.03005657, 34.15604922], [72.03028161, 34.15605259]]]]}, "properties": {"id": "8J6J524J+93FM", "height": 4.103460311889648, "hmax": 0.14, "ratio": 0.034, "vulnClass": "none"}}, {"type": "Feature", "geometry": {"type": "MultiPolygon", "coordinates": [[[[72.0274059, 34.15611566], [72.02727479, 34.15611553], [72.02727472, 34.15616135], [72.02733559, 34.15616141], [72.02733538, 34.15629976], [72.02797011, 34.15630043], [72.02797057, 34.15600276], [72.02757909, 34.15600235], [72.02757928, 34.15587798], [72.02753625, 34.15587794], [72.02753608, 34.15599179], [72.0274856, 34.15599174], [72.02748548, 34.15607157], [72.02769781, 34.15607179], [72.0276977, 34.15614367], [72.02746152, 34.15614342], [72.02746163, 34.15607154], [72.02740597, 34.15607148], [72.0274059, 34.15611566]]]]}, "properties": {"id": "8J6J524H+F377", "height": 3.910441398620605, "hmax": 0.498, "ratio": 0.127, "vulnClass": "low"}}, {"type": "Feature", "geometry": {"type": "MultiPolygon", "coordinates": [[[[72.02639184, 34.15626691], [72.02638502, 34.15619183], [72.02626024, 34.15619966], [72.02626706, 34.15627474], [72.02639184, 34.15626691]]]]}, "properties": {"id": "8J6J524G+FGW7", "height": 2.567113399505615, "hmax": 0.18, "ratio": 0.07, "vulnClass": "low"}}, {"type": "Feature", "geometry": {"type": "MultiPolygon", "coordinates": [[[[72.0262092, 34.15614952], [72.02617489, 34.15614816], [72.02616799, 34.15626854], [72.02626034, 34.15627219], [72.02626516, 34.15618796], [72.02620713, 34.15618566], [72.0262092, 34.15614952]]]]}, "properties": {"id": "8J6J524G+FFPQ", "height": 2.567113399505615, "hmax": 0.18, "ratio": 0.07, "vulnClass": "low"}}, {"type": "Feature", "geometry": {"type": "MultiPolygon", "coordinates": [[[[72.02597403, 34.15616954], [72.02583457, 34.15616691], [72.02583071, 34.15630842], [72.02597017, 34.15631105], [72.02597403, 34.15616954]]]]}, "properties": {"id": "8J6J524G+F9RH", "height": 3.043355941772461, "hmax": 0.18, "ratio": 0.059, "vulnClass": "low"}}, {"type": "Feature", "geometry": {"type": "MultiPolygon", "coordinates": [[[[72.02583751, 34.15616725], [72.02578135, 34.15616541], [72.02577696, 34.15625821], [72.02583312, 34.15626005], [72.02583751, 34.15616725]]]]}, "properties": {"id": "8J6J524G+F8MH", "height": 2.773898363113403, "hmax": 0.128, "ratio": 0.046, "vulnClass": "none"}}, {"type": "Feature", "geometry": {"type": "MultiPolygon", "coordinates": [[[[72.02710909, 34.1555543], [72.02707183, 34.15557671], [72.02694981, 34.15543653], [72.02685592, 34.15549301], [72.02683369, 34.15546747], [72.02671315, 34.15553998], [72.02674734, 34.15557926], [72.02637216, 34.15580495], [72.02639362, 34.1558296], [72.02638336, 34.15583577], [72.02657677, 34.15605797], [72.02721389, 34.1556747], [72.02710909, 34.1555543]]]]}, "properties": {"id": "8J6J524G+7PVJ", "height": 5.411144256591797, "hmax": 0.294, "ratio": 0.054, "vulnClass": "low"}}, {"type": "Feature", "geometry": {"type": "MultiPolygon", "coordinates": [[[[72.02779678, 34.15540573], [72.02738157, 34.15512367], [72.02721496, 34.15529317], [72.02802706, 34.15584483], [72.02807933, 34.15579166], [72.02797097, 34.15571805], [72.0281264, 34.15555992], [72.028049, 34.15550734], [72.0280845, 34.15547121], [72.02805781, 34.15545308], [72.02803, 34.15548137], [72.02794508, 34.15542369], [72.02792098, 34.15544821], [72.02788668, 34.1554249], [72.02793129, 34.15537952], [72.02789104, 34.15535218], [72.02783697, 34.1554072], [72.027812, 34.15539024], [72.02779678, 34.15540573]]]]}, "properties": {"id": "8J6J524H+53PF", "height": 2.444942235946655, "hmax": 0.647, "ratio": 0.265, "vulnClass": "low"}}, {"type": "Feature", "geometry": {"type": "MultiPolygon", "coordinates": [[[[72.0258296, 34.15450846], [72.02569599, 34.15448151], [72.02567456, 34.15455499], [72.02580817, 34.15458193], [72.0258296, 34.15450846]]]]}, "properties": {"id": "8J6J523G+R866", "height": 2.715230941772461, "hmax": 0.802, "ratio": 0.295, "vulnClass": "low"}}, {"type": "Feature", "geometry": {"type": "MultiPolygon", "coordinates": [[[[72.02595305, 34.1543458], [72.02588162, 34.15433081], [72.02586434, 34.15438776], [72.02627878, 34.15447469], [72.02629, 34.15443772], [72.02594699, 34.15436577], [72.02595305, 34.1543458]]]]}, "properties": {"id": "8J6J523G+QC86", "height": 2.790448188781738, "hmax": 0.947, "ratio": 0.339, "vulnClass": "moderate"}}, {"type": "Feature", "geometry": {"type": "MultiPolygon", "coordinates": [[[[72.02507479, 34.15432932], [72.02506248, 34.15435371], [72.0251611, 34.15438813], [72.02517341, 34.15436374], [72.02507479, 34.15432932]]]]}, "properties": {"id": "8J6J523G+P2X9", "height": 3.609174728393555, "hmax": 0.802, "ratio": 0.222, "vulnClass": "low"}}, {"type": "Feature", "geometry": {"type": "MultiPolygon", "coordinates": [[[[72.02466667, 34.15431514], [72.02453069, 34.15431985], [72.02453539, 34.15441359], [72.02467137, 34.15440887], [72.02466667, 34.15431514]]]]}, "properties": {"id": "8J6J523F+PRXC", "height": 2.726621150970459, "hmax": 0.328, "ratio": 0.12, "vulnClass": "low"}}, {"type": "Feature", "geometry": {"type": "MultiPolygon", "coordinates": [[[[72.02405413, 34.15434164], [72.02405846, 34.15442972], [72.02442982, 34.15441711], [72.02442772, 34.15437441], [72.02446251, 34.15437323], [72.02446028, 34.15432786], [72.02405413, 34.15434164]]]]}, "properties": {"id": "8J6J523F+QP22", "height": 4.551918506622314, "hmax": 0.328, "ratio": 0.072, "vulnClass": "low"}}, {"type": "Feature", "geometry": {"type": "MultiPolygon", "coordinates": [[[[72.02353941, 34.15552931], [72.02353402, 34.15531802], [72.02341684, 34.15532009], [72.02341848, 34.15538419], [72.02334138, 34.15538555], [72.02334451, 34.15550828], [72.02337308, 34.15550778], [72.02337226, 34.15547583], [72.0234208, 34.15547498], [72.02342161, 34.15550692], [72.023498, 34.15550558], [72.02349862, 34.15553003], [72.02353941, 34.15552931]]]]}, "properties": {"id": "8J6J524F+598W", "height": 3.072445631027222, "hmax": 0.128, "ratio": 0.042, "vulnClass": "none"}}, {"type": "Feature", "geometry": {"type": "MultiPolygon", "coordinates": [[[[72.0230775, 34.1553488], [72.0230765, 34.1553827], [72.0230904, 34.155383], [72.0230879, 34.1554652], [72.0232375, 34.1554684], [72.0232365, 34.1555002], [72.0233196, 34.1555019], [72.0233221, 34.155418], [72.023239, 34.1554162], [72.023241, 34.1553523], [72.0230775, 34.1553488]]]]}, "properties": {"id": "8J6J524F+578R", "height": 3.243244171142578, "hmax": 0.134, "ratio": 0.041, "vulnClass": "none"}}, {"type": "Feature", "geometry": {"type": "MultiPolygon", "coordinates": [[[[72.01974733, 34.15521331], [72.01966709, 34.15520988], [72.01966265, 34.15528165], [72.0197429, 34.15528508], [72.01974733, 34.15521331]]]]}, "properties": {"id": "8J6J5249+3VWW", "height": 4.09024715423584, "hmax": 0.023, "ratio": 0.006, "vulnClass": "none"}}, {"type": "Feature", "geometry": {"type": "MultiPolygon", "coordinates": [[[[72.021118, 34.1546177], [72.02093789, 34.15460898], [72.02093115, 34.15470524], [72.02111125, 34.15471396], [72.021118, 34.1546177]]]]}, "properties": {"id": "8J6J523C+VC6H", "height": 2.571631669998169, "hmax": 0.154, "ratio": 0.06, "vulnClass": "low"}}, {"type": "Feature", "geometry": {"type": "MultiPolygon", "coordinates": [[[[72.02315665, 34.15524148], [72.02314057, 34.15509244], [72.02298528, 34.15510401], [72.02300136, 34.15525306], [72.02315665, 34.15524148]]]]}, "properties": {"id": "8J6J524F+368V", "height": 3.984402179718018, "hmax": 0.141, "ratio": 0.035, "vulnClass": "none"}}, {"type": "Feature", "geometry": {"type": "MultiPolygon", "coordinates": [[[[72.0229424, 34.15397761], [72.02294056, 34.15392002], [72.02277129, 34.15392375], [72.02277655, 34.15408921], [72.02285533, 34.15408748], [72.02285387, 34.1540419], [72.0228738, 34.15404146], [72.02287181, 34.15397916], [72.0229424, 34.15397761]]]]}, "properties": {"id": "8J6J523F+H4WQ", "height": 2.722916841506958, "hmax": 0.214, "ratio": 0.079, "vulnClass": "low"}}, {"type": "Feature", "geometry": {"type": "MultiPolygon", "coordinates": [[[[72.02264744, 34.15382964], [72.02264318, 34.15375872], [72.02244261, 34.15376704], [72.02245293, 34.1539388], [72.0226535, 34.15393047], [72.02264934, 34.15386137], [72.02258889, 34.15386388], [72.02258698, 34.15383215], [72.02264744, 34.15382964]]]]}, "properties": {"id": "8J6J523F+G2MV", "height": 2.483055830001831, "hmax": 0.229, "ratio": 0.092, "vulnClass": "low"}}, {"type": "Feature", "geometry": {"type": "MultiPolygon", "coordinates": [[[[72.02286243, 34.15292472], [72.02285932, 34.15285854], [72.02269026, 34.15286403], [72.02269337, 34.15293021], [72.02286243, 34.15292472]]]]}, "properties": {"id": "8J6J523F+542Q", "height": 2.992972373962402, "hmax": 0.231, "ratio": 0.077, "vulnClass": "low"}}, {"type": "Feature", "geometry": {"type": "MultiPolygon", "coordinates": [[[[72.0207627, 34.1533002], [72.0206921, 34.1533007], [72.0206924, 34.153337], [72.0206478, 34.1533373], [72.0206492, 34.1534859], [72.0207645, 34.1534851], [72.0207627, 34.1533002]]]]}, "properties": {"id": "8J6J523C+974W", "height": 2.558854341506958, "hmax": 0.435, "ratio": 0.17, "vulnClass": "low"}}, {"type": "Feature", "geometry": {"type": "MultiPolygon", "coordinates": [[[[72.02097919, 34.1525839], [72.0208872, 34.15258003], [72.02087913, 34.15271291], [72.02097112, 34.15271678], [72.02097919, 34.1525839]]]]}, "properties": {"id": "8J6J523C+393W", "height": 2.522928714752197, "hmax": 0.334, "ratio": 0.132, "vulnClass": "low"}}, {"type": "Feature", "geometry": {"type": "MultiPolygon", "coordinates": [[[[72.02077515, 34.15258936], [72.02067743, 34.15258648], [72.02067109, 34.15273517], [72.02076882, 34.15273805], [72.02077515, 34.15258936]]]]}, "properties": {"id": "8J6J523C+379C", "height": 2.648882389068604, "hmax": 0.351, "ratio": 0.133, "vulnClass": "low"}}, {"type": "Feature", "geometry": {"type": "MultiPolygon", "coordinates": [[[[72.02086804, 34.15259063], [72.02076805, 34.152589], [72.02076504, 34.15271649], [72.02083072, 34.15271756], [72.02083038, 34.15273182], [72.0208647, 34.15273238], [72.02086804, 34.15259063]]]]}, "properties": {"id": "8J6J523C+3886", "height": 3.162545204162598, "hmax": 0.34, "ratio": 0.107, "vulnClass": "low"}}, {"type": "Feature", "geometry": {"type": "MultiPolygon", "coordinates": [[[[72.02029727, 34.15301078], [72.02029403, 34.15284177], [72.02017447, 34.15284335], [72.0201777, 34.15301236], [72.02029727, 34.15301078]]]]}, "properties": {"id": "8J6J523C+53H4", "height": 2.69636869430542, "hmax": 0.161, "ratio": 0.06, "vulnClass": "low"}}, {"type": "Feature", "geometry": {"type": "MultiPolygon", "coordinates": [[[[72.02053413, 34.15300843], [72.0205314, 34.15284539], [72.02048107, 34.15284597], [72.02048188, 34.15289421], [72.02042189, 34.1528949], [72.02042381, 34.15300971], [72.02053413, 34.15300843]]]]}, "properties": {"id": "8J6J523C+55HF", "height": 3.087416648864746, "hmax": 0.18, "ratio": 0.058, "vulnClass": "low"}}, {"type": "Feature", "geometry": {"type": "MultiPolygon", "coordinates": [[[[72.02035505, 34.15301001], [72.02029727, 34.15301078], [72.02029953, 34.15312887], [72.02035731, 34.15312811], [72.02035505, 34.15301001]]]]}, "properties": {"id": "8J6J523C+64GM", "height": 3.336849689483643, "hmax": 0.161, "ratio": 0.048, "vulnClass": "none"}}, {"type": "Feature", "geometry": {"type": "MultiPolygon", "coordinates": [[[[72.0204273, 34.15303042], [72.02036555, 34.15303037], [72.02036549, 34.15308237], [72.02039028, 34.15308239], [72.02039026, 34.15310458], [72.02042722, 34.15310461], [72.0204273, 34.15303042]]]]}, "properties": {"id": "8J6J523C+65CH", "height": 3.045856952667236, "hmax": 0.161, "ratio": 0.053, "vulnClass": "low"}}, {"type": "Feature", "geometry": {"type": "MultiPolygon", "coordinates": [[[[72.02029727, 34.15301078], [72.0201777, 34.15301236], [72.02018087, 34.15317795], [72.02034127, 34.15317583], [72.02034036, 34.15312833], [72.02029953, 34.15312887], [72.02029727, 34.15301078]]]]}, "properties": {"id": "8J6J523C+63QX", "height": 2.993788242340088, "hmax": 0.161, "ratio": 0.054, "vulnClass": "low"}}, {"type": "Feature", "geometry": {"type": "MultiPolygon", "coordinates": [[[[72.01988973, 34.15332724], [72.01976945, 34.15332823], [72.01977155, 34.15350373], [72.01982865, 34.15350326], [72.01982843, 34.15348506], [72.01989161, 34.15348454], [72.01988973, 34.15332724]]]]}, "properties": {"id": "8J6J5239+9W8G", "height": 3.096449375152588, "hmax": 0.161, "ratio": 0.052, "vulnClass": "low"}}, {"type": "Feature", "geometry": {"type": "MultiPolygon", "coordinates": [[[[72.01976213, 34.15350613], [72.01966438, 34.15350524], [72.01966223, 34.15366849], [72.01975998, 34.15366938], [72.01976213, 34.15350613]]]]}, "properties": {"id": "8J6J5239+CVPH", "height": 3.225609540939331, "hmax": 0.156, "ratio": 0.048, "vulnClass": "none"}}, {"type": "Feature", "geometry": {"type": "MultiPolygon", "coordinates": [[[[72.0197715, 34.1535037], [72.0197724, 34.1535752], [72.0198927, 34.1535742], [72.0198939, 34.1536743], [72.0199995, 34.1536734], [72.0199974, 34.1535019], [72.0197715, 34.1535037]]]]}, "properties": {"id": "8J6J5239+CXFR", "height": 2.959409952163696, "hmax": 0.158, "ratio": 0.053, "vulnClass": "low"}}, {"type": "Feature", "geometry": {"type": "MultiPolygon", "coordinates": [[[[72.0198301, 34.1536242], [72.019773, 34.15362467], [72.0197736, 34.1536753], [72.01983071, 34.15367482], [72.0198301, 34.1536242]]]]}, "properties": {"id": "8J6J5239+FW3W", "height": 3.307525396347046, "hmax": 0.15, "ratio": 0.045, "vulnClass": "none"}}, {"type": "Feature", "geometry": {"type": "MultiPolygon", "coordinates": [[[[72.01967796, 34.15378223], [72.01960956, 34.15378112], [72.01960617, 34.1539259], [72.01967457, 34.15392701], [72.01967796, 34.15378223]]]]}, "properties": {"id": "8J6J5239+GVR4", "height": 2.784598588943481, "hmax": 0.15, "ratio": 0.054, "vulnClass": "low"}}, {"type": "Feature", "geometry": {"type": "MultiPolygon", "coordinates": [[[[72.02032075, 34.15406089], [72.02026247, 34.15405385], [72.02025534, 34.15409464], [72.02031363, 34.15410168], [72.02032075, 34.15406089]]]]}, "properties": {"id": "8J6J523C+J4M2", "height": 2.716432094573975, "hmax": 0.15, "ratio": 0.055, "vulnClass": "low"}}, {"type": "Feature", "geometry": {"type": "MultiPolygon", "coordinates": [[[[72.02036927, 34.15405899], [72.02037814, 34.15393303], [72.02027391, 34.15392795], [72.02026504, 34.15405391], [72.02036927, 34.15405899]]]]}, "properties": {"id": "8J6J523C+H4WM", "height": 2.716432094573975, "hmax": 0.15, "ratio": 0.055, "vulnClass": "low"}}, {"type": "Feature", "geometry": {"type": "MultiPolygon", "coordinates": [[[[72.01864601, 34.15428903], [72.01854903, 34.15428228], [72.01854073, 34.15436485], [72.0186377, 34.1543716], [72.01864601, 34.15428903]]]]}, "properties": {"id": "8J6J5239+PCP5", "height": 3.941516399383545, "hmax": 0.182, "ratio": 0.046, "vulnClass": "none"}}, {"type": "Feature", "geometry": {"type": "MultiPolygon", "coordinates": [[[[72.01854903, 34.15428228], [72.01845826, 34.15427597], [72.01844996, 34.15435854], [72.01854073, 34.15436485], [72.01854903, 34.15428228]]]]}, "properties": {"id": "8J6J5239+P9HX", "height": 4.564719200134277, "hmax": 0.182, "ratio": 0.04, "vulnClass": "none"}}, {"type": "Feature", "geometry": {"type": "MultiPolygon", "coordinates": [[[[72.0186561, 34.1541667], [72.0181559, 34.1541494], [72.0181519, 34.1542307], [72.018652, 34.154248], [72.0186561, 34.1541667]]]]}, "properties": {"id": "8J6J5239+M9CX", "height": 4.263405323028564, "hmax": 0.303, "ratio": 0.071, "vulnClass": "low"}}, {"type": "Feature", "geometry": {"type": "MultiPolygon", "coordinates": [[[[72.01842104, 34.15428334], [72.01829682, 34.15427625], [72.01829315, 34.15432072], [72.01841737, 34.1543278], [72.01842104, 34.15428334]]]]}, "properties": {"id": "8J6J5239+P8H3", "height": 4.195098876953125, "hmax": 0.227, "ratio": 0.054, "vulnClass": "low"}}, {"type": "Feature", "geometry": {"type": "MultiPolygon", "coordinates": [[[[72.01829682, 34.15427625], [72.01823665, 34.15427282], [72.01821888, 34.15448814], [72.01827906, 34.15449157], [72.01829682, 34.15427625]]]]}, "properties": {"id": "8J6J5239+Q827", "height": 4.180693626403809, "hmax": 0.564, "ratio": 0.135, "vulnClass": "low"}}, {"type": "Feature", "geometry": {"type": "MultiPolygon", "coordinates": [[[[72.01769506, 34.15419497], [72.01770189, 34.15407626], [72.0176551, 34.1540744], [72.01765245, 34.15412031], [72.01759272, 34.15411794], [72.01758853, 34.15419073], [72.01769506, 34.15419497]]]]}, "properties": {"id": "8J6J5239+M32Q", "height": 3.383758544921875, "hmax": 0.564, "ratio": 0.167, "vulnClass": "low"}}, {"type": "Feature", "geometry": {"type": "MultiPolygon", "coordinates": [[[[72.01774692, 34.15408048], [72.01770079, 34.15407879], [72.01769462, 34.15419541], [72.01779619, 34.15419912], [72.01780003, 34.1541266], [72.01774459, 34.15412457], [72.01774692, 34.15408048]]]]}, "properties": {"id": "8J6J5239+M35W", "height": 3.27287220954895, "hmax": 0.564, "ratio": 0.172, "vulnClass": "low"}}, {"type": "Feature", "geometry": {"type": "MultiPolygon", "coordinates": [[[[72.0195271, 34.1537663], [72.0194998, 34.1537658], [72.0194961, 34.1539241], [72.0195967, 34.1539257], [72.019599, 34.1538281], [72.0195549, 34.1538274], [72.019556, 34.1537803], [72.0195267, 34.1537798], [72.0195271, 34.1537663]]]]}, "properties": {"id": "8J6J5239+GRV7", "height": 2.793042421340942, "hmax": 0.15, "ratio": 0.054, "vulnClass": "low"}}, {"type": "Feature", "geometry": {"type": "MultiPolygon", "coordinates": [[[[72.0191538, 34.1524294], [72.0189715, 34.1524286], [72.0189711, 34.1524835], [72.0189705, 34.1525677], [72.0191528, 34.1525685], [72.0191538, 34.1524294]]]]}, "properties": {"id": "8J6J5229+XJVX", "height": 2.527299404144287, "hmax": 0.019, "ratio": 0.007, "vulnClass": "none"}}, {"type": "Feature", "geometry": {"type": "MultiPolygon", "coordinates": [[[[72.01758012, 34.15289445], [72.0175349, 34.15289417], [72.01753361, 34.15303328], [72.01771213, 34.15303442], [72.01771342, 34.15289531], [72.01763427, 34.1528948], [72.0176336, 34.15296721], [72.01757945, 34.15296686], [72.01758012, 34.15289445]]]]}, "properties": {"id": "8J6J5239+53JR", "height": 2.645889282226562, "hmax": 0.093, "ratio": 0.035, "vulnClass": "none"}}, {"type": "Feature", "geometry": {"type": "MultiPolygon", "coordinates": [[[[72.01760697, 34.15420644], [72.01754477, 34.1542052], [72.01754122, 34.15432819], [72.01772408, 34.15433183], [72.01772703, 34.15422941], [72.01760637, 34.15422701], [72.01760697, 34.15420644]]]]}, "properties": {"id": "8J6J5239+P32R", "height": 2.755345344543457, "hmax": 0.564, "ratio": 0.205, "vulnClass": "low"}}, {"type": "Feature", "geometry": {"type": "MultiPolygon", "coordinates": [[[[72.01794159, 34.1543318], [72.01786477, 34.15432734], [72.01785189, 34.15448085], [72.01797701, 34.15448811], [72.01798336, 34.15441241], [72.01793507, 34.15440961], [72.01794159, 34.1543318]]]]}, "properties": {"id": "8J6J5239+Q57J", "height": 2.490908622741699, "hmax": 0.564, "ratio": 0.226, "vulnClass": "low"}}, {"type": "Feature", "geometry": {"type": "MultiPolygon", "coordinates": [[[[72.01802178, 34.15452462], [72.01798625, 34.1545223], [72.01798366, 34.1545498], [72.01801918, 34.15455211], [72.01802178, 34.15452462]]]]}, "properties": {"id": "8J6J5239+R66C", "height": 2.530401229858398, "hmax": 0.564, "ratio": 0.223, "vulnClass": "low"}}, {"type": "Feature", "geometry": {"type": "MultiPolygon", "coordinates": [[[[72.017834, 34.1546782], [72.0178266, 34.1546309], [72.0177506, 34.1546391], [72.0177537, 34.1546588], [72.0176958, 34.1546651], [72.0176927, 34.1546454], [72.0176265, 34.1546526], [72.0176577, 34.1548512], [72.0177239, 34.154844], [72.0178578, 34.1548295], [72.0178423, 34.1547308], [72.0178079, 34.1547346], [72.0177996, 34.1546819], [72.017834, 34.1546782]]]]}, "properties": {"id": "8J6J5239+V3XW", "height": 2.940170764923096, "hmax": 0.564, "ratio": 0.192, "vulnClass": "low"}}, {"type": "Feature", "geometry": {"type": "MultiPolygon", "coordinates": [[[[72.0180666, 34.1546226], [72.0179588, 34.1546363], [72.0179735, 34.1547167], [72.0181067, 34.1546997], [72.0181017, 34.1546722], [72.0180764, 34.1546755], [72.0180666, 34.1546226]]]]}, "properties": {"id": "8J6J5239+V66X", "height": 2.853370189666748, "hmax": 0.564, "ratio": 0.198, "vulnClass": "low"}}, {"type": "Feature", "geometry": {"type": "MultiPolygon", "coordinates": [[[[72.01789961, 34.15464034], [72.0178605, 34.15463887], [72.01785579, 34.15472538], [72.0178949, 34.15472685], [72.01789961, 34.15464034]]]]}, "properties": {"id": "8J6J5239+V5C6", "height": 3.316579341888428, "hmax": 0.564, "ratio": 0.17, "vulnClass": "low"}}, {"type": "Feature", "geometry": {"type": "MultiPolygon", "coordinates": [[[[72.01793416, 34.15462963], [72.01790807, 34.15462861], [72.01790631, 34.15465992], [72.0179324, 34.15466093], [72.01793416, 34.15462963]]]]}, "properties": {"id": "8J6J5239+V53M", "height": 2.586804151535034, "hmax": 0.564, "ratio": 0.218, "vulnClass": "low"}}, {"type": "Feature", "geometry": {"type": "MultiPolygon", "coordinates": [[[[72.01806335, 34.15454571], [72.01795582, 34.15455243], [72.01796222, 34.15462327], [72.01806976, 34.15461655], [72.01806335, 34.15454571]]]]}, "properties": {"id": "8J6J5239+R6J7", "height": 3.225030183792114, "hmax": 0.564, "ratio": 0.175, "vulnClass": "low"}}, {"type": "Feature", "geometry": {"type": "MultiPolygon", "coordinates": [[[[72.01824941, 34.15465614], [72.0182228, 34.15465587], [72.01822237, 34.1546844], [72.01824898, 34.15468468], [72.01824941, 34.15465614]]]]}, "properties": {"id": "8J6J5239+V79W", "height": 3.141068458557129, "hmax": 0.564, "ratio": 0.18, "vulnClass": "low"}}, {"type": "Feature", "geometry": {"type": "MultiPolygon", "coordinates": [[[[72.01816804, 34.15470173], [72.01814605, 34.1546073], [72.01808504, 34.15461712], [72.01810691, 34.15471101], [72.01816804, 34.15470173]]]]}, "properties": {"id": "8J6J5239+V766", "height": 2.539986133575439, "hmax": 0.564, "ratio": 0.222, "vulnClass": "low"}}, {"type": "Feature", "geometry": {"type": "MultiPolygon", "coordinates": [[[[72.018149, 34.1546056], [72.01813666, 34.15453161], [72.01807525, 34.15453869], [72.01808701, 34.15461275], [72.018149, 34.1546056]]]]}, "properties": {"id": "8J6J5239+R6HW", "height": 2.539986133575439, "hmax": 0.564, "ratio": 0.222, "vulnClass": "low"}}, {"type": "Feature", "geometry": {"type": "MultiPolygon", "coordinates": [[[[72.0186143, 34.1543752], [72.01842775, 34.15436284], [72.01842104, 34.1544328], [72.0186076, 34.15444515], [72.0186143, 34.1543752]]]]}, "properties": {"id": "8J6J5239+QC64", "height": 2.799441576004028, "hmax": 0.182, "ratio": 0.065, "vulnClass": "low"}}, {"type": "Feature", "geometry": {"type": "MultiPolygon", "coordinates": [[[[72.01886899, 34.15482405], [72.01877955, 34.1548217], [72.01877161, 34.15503059], [72.01902049, 34.15503713], [72.01902172, 34.15500481], [72.01886228, 34.15500062], [72.01886899, 34.15482405]]]]}, "properties": {"id": "8J6J5239+XGHR", "height": 3.052305936813354, "hmax": 0.151, "ratio": 0.05, "vulnClass": "none"}}, {"type": "Feature", "geometry": {"type": "MultiPolygon", "coordinates": [[[[72.01805011, 34.15495623], [72.01801446, 34.15495488], [72.01801156, 34.1550083], [72.0180472, 34.15500964], [72.01805011, 34.15495623]]]]}, "properties": {"id": "8J6J5239+X6R9", "height": 3.181749820709229, "hmax": 0.564, "ratio": 0.177, "vulnClass": "low"}}, {"type": "Feature", "geometry": {"type": "MultiPolygon", "coordinates": [[[[72.01805011, 34.15495623], [72.01805334, 34.15489678], [72.0180177, 34.15489544], [72.01801446, 34.15495488], [72.01805011, 34.15495623]]]]}, "properties": {"id": "8J6J5239+X6F2", "height": 3.049626350402832, "hmax": 0.564, "ratio": 0.185, "vulnClass": "low"}}, {"type": "Feature", "geometry": {"type": "MultiPolygon", "coordinates": [[[[72.01800947, 34.15501018], [72.01802289, 34.15486799], [72.01795404, 34.15486349], [72.01794647, 34.15494364], [72.01767237, 34.15492576], [72.01766651, 34.1549878], [72.01800947, 34.15501018]]]]}, "properties": {"id": "8J6J5239+X4Q9", "height": 3.983051300048828, "hmax": 0.564, "ratio": 0.142, "vulnClass": "low"}}, {"type": "Feature", "geometry": {"type": "MultiPolygon", "coordinates": [[[[72.01851579, 34.15740005], [72.01817289, 34.15737993], [72.01817029, 34.1574105], [72.01837812, 34.15742269], [72.01837125, 34.1575036], [72.0185144, 34.157512], [72.01851821, 34.15746712], [72.01851014, 34.15746665], [72.01851579, 34.15740005]]]]}, "properties": {"id": "8J6J5249+X9CG", "height": 5.976460456848145, "hmax": 0.003, "ratio": 0.001, "vulnClass": "none"}}, {"type": "Feature", "geometry": {"type": "MultiPolygon", "coordinates": [[[[72.01807033, 34.1573876], [72.01791523, 34.15737808], [72.01790506, 34.15749252], [72.01837943, 34.15752165], [72.01838508, 34.15745808], [72.01824999, 34.15744978], [72.01825252, 34.15742128], [72.01812955, 34.15741373], [72.01812702, 34.15744223], [72.01806581, 34.15743847], [72.01807033, 34.1573876]]]]}, "properties": {"id": "8J6J5249+X6Q9", "height": 4.877745628356934, "hmax": 0.004, "ratio": 0.001, "vulnClass": "none"}}, {"type": "Feature", "geometry": {"type": "MultiPolygon", "coordinates": [[[[72.01781103, 34.15704026], [72.0177467, 34.15703676], [72.01771295, 34.15746523], [72.01789535, 34.15747515], [72.01790378, 34.15736812], [72.01785867, 34.15736567], [72.0178612, 34.15733346], [72.01778825, 34.15732949], [72.01781103, 34.15704026]]]]}, "properties": {"id": "8J6J5249+W4F6", "height": 4.300089359283447, "hmax": 0.005, "ratio": 0.001, "vulnClass": "none"}}, {"type": "Feature", "geometry": {"type": "MultiPolygon", "coordinates": [[[[72.01787853, 34.1573344], [72.017893, 34.15715072], [72.01780271, 34.15714581], [72.01778825, 34.15732949], [72.01787853, 34.1573344]]]]}, "properties": {"id": "8J6J5249+V4WQ", "height": 3.944541454315186, "hmax": 0.004, "ratio": 0.001, "vulnClass": "none"}}, {"type": "Feature", "geometry": {"type": "MultiPolygon", "coordinates": [[[[72.0186807, 34.1574224], [72.0186775, 34.1574223], [72.0186775, 34.1574207], [72.0186623, 34.1574207], [72.0186904, 34.1570902], [72.0185509, 34.157082], [72.0185485, 34.1571108], [72.0185113, 34.1571086], [72.0185137, 34.1570798], [72.0184527, 34.1570762], [72.0184502, 34.157105], [72.0178997, 34.1570727], [72.0178988, 34.1570764], [72.0178751, 34.1573625], [72.0178763, 34.1573626], [72.017876, 34.1573666], [72.0183622, 34.1573931], [72.0183624, 34.157391], [72.0185239, 34.1574005], [72.0185144, 34.157512], [72.0186539, 34.1575202], [72.0186562, 34.1574937], [72.0186759, 34.1574948], [72.0186764, 34.1574885], [72.0186794, 34.1574885], [72.0186807, 34.1574224]]]]}, "properties": {"id": "8J6J5249+W835", "height": 6.303196907043457, "hmax": 0.004, "ratio": 0.001, "vulnClass": "none"}}, {"type": "Feature", "geometry": {"type": "MultiPolygon", "coordinates": [[[[72.0231236, 34.1575734], [72.02312, 34.1575308], [72.0230309, 34.1575359], [72.0230345, 34.1575786], [72.0231236, 34.1575734]]]]}, "properties": {"id": "8J6J525F+26G3", "height": 2.481852054595947, "hmax": 0.012, "ratio": 0.005, "vulnClass": "none"}}, {"type": "Feature", "geometry": {"type": "MultiPolygon", "coordinates": [[[[72.0230309, 34.1575359], [72.02295636, 34.15754019], [72.02296407, 34.15763271], [72.02312772, 34.15762328], [72.02312356, 34.15757344], [72.02303446, 34.15757858], [72.0230309, 34.1575359]]]]}, "properties": {"id": "8J6J525F+26JQ", "height": 4.361789226531982, "hmax": 0.012, "ratio": 0.003, "vulnClass": "none"}}, {"type": "Feature", "geometry": {"type": "MultiPolygon", "coordinates": [[[[72.02304953, 34.15715679], [72.02291881, 34.15716866], [72.02293208, 34.15726955], [72.0230628, 34.15725767], [72.02304953, 34.15715679]]]]}, "properties": {"id": "8J6J524F+V5QG", "height": 3.207477331161499, "hmax": 0.028, "ratio": 0.009, "vulnClass": "none"}}, {"type": "Feature", "geometry": {"type": "MultiPolygon", "coordinates": [[[[72.02426085, 34.15720213], [72.02421721, 34.1572002], [72.02421158, 34.15728844], [72.0243946, 34.1572965], [72.02440238, 34.15717445], [72.02426301, 34.15716831], [72.02426085, 34.15720213]]]]}, "properties": {"id": "8J6J524F+VPV9", "height": 3.538492918014526, "hmax": 0.009, "ratio": 0.003, "vulnClass": "none"}}, {"type": "Feature", "geometry": {"type": "MultiPolygon", "coordinates": [[[[72.02449771, 34.15717865], [72.02440238, 34.15717445], [72.0243946, 34.1572965], [72.02448992, 34.15730071], [72.02449771, 34.15717865]]]]}, "properties": {"id": "8J6J524F+VQWF", "height": 3.286057710647583, "hmax": 0.009, "ratio": 0.003, "vulnClass": "none"}}, {"type": "Feature", "geometry": {"type": "MultiPolygon", "coordinates": [[[[72.02443249, 34.1569765], [72.02433428, 34.15697382], [72.02432998, 34.15708265], [72.02442819, 34.15708533], [72.02443249, 34.1569765]]]]}, "properties": {"id": "8J6J524F+RQ62", "height": 2.515801429748535, "hmax": 0.009, "ratio": 0.004, "vulnClass": "none"}}, {"type": "Feature", "geometry": {"type": "MultiPolygon", "coordinates": [[[[72.02433428, 34.15697382], [72.02423612, 34.15697114], [72.02423098, 34.15710136], [72.02432913, 34.15710404], [72.02433428, 34.15697382]]]]}, "properties": {"id": "8J6J524F+RP7C", "height": 2.515801429748535, "hmax": 0.009, "ratio": 0.004, "vulnClass": "none"}}, {"type": "Feature", "geometry": {"type": "MultiPolygon", "coordinates": [[[[72.02443726, 34.15685582], [72.02433905, 34.15685314], [72.02433428, 34.15697382], [72.02443249, 34.1569765], [72.02443726, 34.15685582]]]]}, "properties": {"id": "8J6J524F+QQ6F", "height": 2.755351305007935, "hmax": 0.009, "ratio": 0.003, "vulnClass": "none"}}, {"type": "Feature", "geometry": {"type": "MultiPolygon", "coordinates": [[[[72.02484503, 34.15679668], [72.0247409, 34.15679114], [72.02473352, 34.15688701], [72.02483765, 34.15689255], [72.02484503, 34.15679668]]]]}, "properties": {"id": "8J6J524F+PWMM", "height": 2.566612720489502, "hmax": 0.01, "ratio": 0.004, "vulnClass": "none"}}, {"type": "Feature", "geometry": {"type": "MultiPolygon", "coordinates": [[[[72.02483765, 34.15689255], [72.02473352, 34.15688701], [72.02472634, 34.15698029], [72.0249236, 34.15699079], [72.02492726, 34.15694318], [72.02483413, 34.15693822], [72.02483765, 34.15689255]]]]}, "properties": {"id": "8J6J524F+QWFX", "height": 2.714350461959839, "hmax": 0.01, "ratio": 0.004, "vulnClass": "none"}}, {"type": "Feature", "geometry": {"type": "MultiPolygon", "coordinates": [[[[72.02532698, 34.15688601], [72.02522021, 34.15688332], [72.02521411, 34.15705059], [72.02532087, 34.15705328], [72.02532698, 34.15688601]]]]}, "properties": {"id": "8J6J524G+Q4JP", "height": 3.390814304351807, "hmax": 0.01, "ratio": 0.003, "vulnClass": "none"}}, {"type": "Feature", "geometry": {"type": "MultiPolygon", "coordinates": [[[[72.02583109, 34.15627096], [72.02568693, 34.15626738], [72.02568249, 34.15639101], [72.02581252, 34.15639423], [72.02581429, 34.15634496], [72.02582842, 34.15634531], [72.02583109, 34.15627096]]]]}, "properties": {"id": "8J6J524G+G8J2", "height": 3.266479969024658, "hmax": 0.125, "ratio": 0.038, "vulnClass": "none"}}, {"type": "Feature", "geometry": {"type": "MultiPolygon", "coordinates": [[[[72.02596841, 34.15631156], [72.02582976, 34.15630812], [72.02582665, 34.15639458], [72.02596531, 34.15639802], [72.02596841, 34.15631156]]]]}, "properties": {"id": "8J6J524G+G9R4", "height": 3.317358016967773, "hmax": 0.18, "ratio": 0.054, "vulnClass": "low"}}, {"type": "Feature", "geometry": {"type": "MultiPolygon", "coordinates": [[[[72.02625686, 34.15626585], [72.0261589, 34.15626113], [72.02615035, 34.15638354], [72.02624831, 34.15638827], [72.02625686, 34.15626585]]]]}, "properties": {"id": "8J6J524G+GFGW", "height": 2.567113399505615, "hmax": 0.18, "ratio": 0.07, "vulnClass": "low"}}, {"type": "Feature", "geometry": {"type": "MultiPolygon", "coordinates": [[[[72.02739444, 34.15645204], [72.02726923, 34.15646139], [72.02728441, 34.1566019], [72.02740962, 34.15659255], [72.02739444, 34.15645204]]]]}, "properties": {"id": "8J6J524G+JW85", "height": 4.306493759155273, "hmax": 0.46, "ratio": 0.107, "vulnClass": "low"}}, {"type": "Feature", "geometry": {"type": "MultiPolygon", "coordinates": [[[[72.02726071, 34.15666516], [72.02740756, 34.15665482], [72.02740156, 34.15659592], [72.02725471, 34.15660626], [72.02726071, 34.15666516]]]]}, "properties": {"id": "8J6J524G+MW48", "height": 3.775407314300537, "hmax": 0.453, "ratio": 0.12, "vulnClass": "low"}}, {"type": "Feature", "geometry": {"type": "MultiPolygon", "coordinates": [[[[72.02720398, 34.15660489], [72.02713744, 34.15660873], [72.02714743, 34.15672805], [72.02721396, 34.1567242], [72.02720398, 34.15660489]]]]}, "properties": {"id": "8J6J524G+MV7P", "height": 3.330995559692383, "hmax": 0.453, "ratio": 0.136, "vulnClass": "low"}}, {"type": "Feature", "geometry": {"type": "MultiPolygon", "coordinates": [[[[72.02725974, 34.15663965], [72.02719743, 34.15664453], [72.02720684, 34.15672762], [72.02726916, 34.15672275], [72.02725974, 34.15663965]]]]}, "properties": {"id": "8J6J524G+MVH7", "height": 2.525826930999756, "hmax": 0.453, "ratio": 0.179, "vulnClass": "low"}}, {"type": "Feature", "geometry": {"type": "MultiPolygon", "coordinates": [[[[72.0271412, 34.1566167], [72.027044, 34.156623], [72.0270545, 34.1567343], [72.0271516, 34.156728], [72.0271412, 34.1566167]]]]}, "properties": {"id": "8J6J524G+MRH2", "height": 3.330995559692383, "hmax": 0.453, "ratio": 0.136, "vulnClass": "low"}}, {"type": "Feature", "geometry": {"type": "MultiPolygon", "coordinates": [[[[72.02715395, 34.15734255], [72.02706618, 34.15717719], [72.02697001, 34.15721247], [72.02705778, 34.15737783], [72.02715395, 34.15734255]]]]}, "properties": {"id": "8J6J524G+WR75", "height": 4.245049953460693, "hmax": 0.453, "ratio": 0.107, "vulnClass": "low"}}, {"type": "Feature", "geometry": {"type": "MultiPolygon", "coordinates": [[[[72.0253933, 34.1575875], [72.0253846, 34.1577115], [72.0256105, 34.1577225], [72.0256138, 34.1576757], [72.0255873, 34.1576744], [72.0255927, 34.1575972], [72.0253933, 34.1575875]]]]}, "properties": {"id": "8J6J525G+3599", "height": 2.907365798950195, "hmax": 0.008, "ratio": 0.003, "vulnClass": "none"}}, {"type": "Feature", "geometry": {"type": "MultiPolygon", "coordinates": [[[[72.03071246, 34.15743665], [72.03053418, 34.15743011], [72.03053137, 34.15748312], [72.03070965, 34.15748966], [72.03071246, 34.15743665]]]]}, "properties": {"id": "8J6J524J+X6Q9", "height": 3.251257658004761, "hmax": 0.262, "ratio": 0.081, "vulnClass": "low"}}, {"type": "Feature", "geometry": {"type": "MultiPolygon", "coordinates": [[[[72.0301853, 34.15743229], [72.03014518, 34.15743295], [72.0301472, 34.157518], [72.03018732, 34.15751734], [72.0301853, 34.15743229]]]]}, "properties": {"id": "8J6J524J+X3V3", "height": 3.255837202072144, "hmax": 0.276, "ratio": 0.085, "vulnClass": "low"}}, {"type": "Feature", "geometry": {"type": "MultiPolygon", "coordinates": [[[[72.02770904, 34.15741774], [72.02767596, 34.15734898], [72.02759499, 34.15737591], [72.02762807, 34.15744467], [72.02770904, 34.15741774]]]]}, "properties": {"id": "8J6J524H+X32X", "height": 3.256295680999756, "hmax": 0.349, "ratio": 0.107, "vulnClass": "low"}}, {"type": "Feature", "geometry": {"type": "MultiPolygon", "coordinates": [[[[72.02760565, 34.15741285], [72.02754854, 34.15728666], [72.02746653, 34.15731231], [72.02752363, 34.15743851], [72.02760565, 34.15741285]]]]}, "properties": {"id": "8J6J524H+W2VC", "height": 2.450453758239746, "hmax": 0.4, "ratio": 0.163, "vulnClass": "low"}}, {"type": "Feature", "geometry": {"type": "MultiPolygon", "coordinates": [[[[72.0280562, 34.1573822], [72.0279471, 34.1573923], [72.027955, 34.1574516], [72.0279987, 34.1574476], [72.0280083, 34.1575196], [72.0281455, 34.157507], [72.0281359, 34.1574349], [72.0280641, 34.1574415], [72.0280562, 34.1573822]]]]}, "properties": {"id": "8J6J524H+X6M3", "height": 2.512646436691284, "hmax": 0.514, "ratio": 0.205, "vulnClass": "low"}}, {"type": "Feature", "geometry": {"type": "MultiPolygon", "coordinates": [[[[72.02810493, 34.15738627], [72.02806272, 34.15738684], [72.02806365, 34.15743422], [72.02810586, 34.15743364], [72.02810493, 34.15738627]]]]}, "properties": {"id": "8J6J524H+X68G", "height": 2.512646436691284, "hmax": 0.533, "ratio": 0.212, "vulnClass": "low"}}, {"type": "Feature", "geometry": {"type": "MultiPolygon", "coordinates": [[[[72.02935053, 34.15754713], [72.02934387, 34.15746123], [72.02898073, 34.15748069], [72.02898739, 34.15756659], [72.02935053, 34.15754713]]]]}, "properties": {"id": "8J6J525H+2M3F", "height": 4.895751953125, "hmax": 0.339, "ratio": 0.069, "vulnClass": "low"}}, {"type": "Feature", "geometry": {"type": "MultiPolygon", "coordinates": [[[[72.02926493, 34.15735665], [72.0292585, 34.15727368], [72.02904674, 34.15728503], [72.02906158, 34.15747636], [72.02919843, 34.15746903], [72.02919002, 34.15736066], [72.02926493, 34.15735665]]]]}, "properties": {"id": "8J6J524H+WMRP", "height": 3.935214996337891, "hmax": 0.39, "ratio": 0.099, "vulnClass": "low"}}, {"type": "Feature", "geometry": {"type": "MultiPolygon", "coordinates": [[[[72.02803041, 34.15704935], [72.02798613, 34.15705258], [72.02799193, 34.15710758], [72.0280362, 34.15710436], [72.02803041, 34.15704935]]]]}, "properties": {"id": "8J6J524H+R6J3", "height": 2.461762666702271, "hmax": 0.585, "ratio": 0.238, "vulnClass": "low"}}, {"type": "Feature", "geometry": {"type": "MultiPolygon", "coordinates": [[[[72.02824473, 34.15727727], [72.0282383, 34.15723384], [72.02821589, 34.15723614], [72.02821172, 34.157208], [72.0280677, 34.15722273], [72.02807829, 34.15729429], [72.02824473, 34.15727727]]]]}, "properties": {"id": "8J6J524H+W725", "height": 2.666979312896729, "hmax": 0.585, "ratio": 0.219, "vulnClass": "low"}}, {"type": "Feature", "geometry": {"type": "MultiPolygon", "coordinates": [[[[72.02753765, 34.15664566], [72.02753053, 34.15657578], [72.02740044, 34.15658494], [72.02740756, 34.15665482], [72.02753765, 34.15664566]]]]}, "properties": {"id": "8J6J524G+JXXJ", "height": 4.147350311279297, "hmax": 0.453, "ratio": 0.109, "vulnClass": "low"}}, {"type": "Feature", "geometry": {"type": "MultiPolygon", "coordinates": [[[[72.02772677, 34.15662596], [72.02771928, 34.15655343], [72.02757686, 34.1565636], [72.02758435, 34.15663612], [72.02772677, 34.15662596]]]]}, "properties": {"id": "8J6J524H+J3JQ", "height": 3.839981079101562, "hmax": 0.453, "ratio": 0.118, "vulnClass": "low"}}, {"type": "Feature", "geometry": {"type": "MultiPolygon", "coordinates": [[[[72.02785744, 34.15661663], [72.02784995, 34.15654411], [72.02771928, 34.15655343], [72.02772677, 34.15662596], [72.02785744, 34.15661663]]]]}, "properties": {"id": "8J6J524H+J4MC", "height": 3.839981079101562, "hmax": 0.453, "ratio": 0.118, "vulnClass": "low"}}, {"type": "Feature", "geometry": {"type": "MultiPolygon", "coordinates": [[[[72.02781073, 34.15641463], [72.02771319, 34.15642202], [72.02772755, 34.1565531], [72.0278666, 34.15654257], [72.02785698, 34.15645474], [72.02781547, 34.15645789], [72.02781073, 34.15641463]]]]}, "properties": {"id": "8J6J524H+H4VC", "height": 3.839981079101562, "hmax": 0.476, "ratio": 0.124, "vulnClass": "low"}}, {"type": "Feature", "geometry": {"type": "MultiPolygon", "coordinates": [[[[72.02754264, 34.15657492], [72.02752849, 34.15643594], [72.02738629, 34.15644595], [72.02740044, 34.15658494], [72.02754264, 34.15657492]]]]}, "properties": {"id": "8J6J524G+JX4H", "height": 4.731410980224609, "hmax": 0.466, "ratio": 0.098, "vulnClass": "low"}}, {"type": "Feature", "geometry": {"type": "MultiPolygon", "coordinates": [[[[72.02770307, 34.15655459], [72.02768939, 34.15642212], [72.02756318, 34.15643112], [72.02757686, 34.1565636], [72.02770307, 34.15655459]]]]}, "properties": {"id": "8J6J524H+H3RM", "height": 3.959931373596191, "hmax": 0.473, "ratio": 0.119, "vulnClass": "low"}}, {"type": "Feature", "geometry": {"type": "MultiPolygon", "coordinates": [[[[72.02968351, 34.15647195], [72.02962392, 34.15647051], [72.02962266, 34.15650653], [72.02968225, 34.15650797], [72.02968351, 34.15647195]]]]}, "properties": {"id": "8J6J524H+HVRH", "height": 2.711272239685059, "hmax": 0.236, "ratio": 0.087, "vulnClass": "low"}}, {"type": "Feature", "geometry": {"type": "MultiPolygon", "coordinates": [[[[72.02997652, 34.15630385], [72.02992279, 34.15630304], [72.02992186, 34.15634592], [72.02997559, 34.15634672], [72.02997652, 34.15630385]]]]}, "properties": {"id": "8J6J524H+GXGV", "height": 3.891755104064941, "hmax": 0.236, "ratio": 0.061, "vulnClass": "low"}}, {"type": "Feature", "geometry": {"type": "MultiPolygon", "coordinates": [[[[72.03020225, 34.156493], [72.03019897, 34.156419], [72.03003185, 34.15642411], [72.03003512, 34.15649811], [72.03020225, 34.156493]]]]}, "properties": {"id": "8J6J524J+H2Q8", "height": 4.612629890441895, "hmax": 0.185, "ratio": 0.04, "vulnClass": "none"}}, {"type": "Feature", "geometry": {"type": "MultiPolygon", "coordinates": [[[[72.03016645, 34.15678538], [72.03018584, 34.15658107], [72.0299694, 34.15656688], [72.02995928, 34.15667359], [72.02991108, 34.15667043], [72.02990649, 34.15671873], [72.0299547, 34.15672189], [72.02995002, 34.1567712], [72.03016645, 34.15678538]]]]}, "properties": {"id": "8J6J524J+M2F5", "height": 2.993953704833984, "hmax": 0.395, "ratio": 0.132, "vulnClass": "low"}}, {"type": "Feature", "geometry": {"type": "MultiPolygon", "coordinates": [[[[72.02960188, 34.15672664], [72.02954614, 34.15672675], [72.02954644, 34.15684013], [72.02960219, 34.15684002], [72.02960188, 34.15672664]]]]}, "properties": {"id": "8J6J524H+PR87", "height": 3.800594568252563, "hmax": 0.412, "ratio": 0.108, "vulnClass": "low"}}, {"type": "Feature", "geometry": {"type": "MultiPolygon", "coordinates": [[[[72.02991171, 34.15720039], [72.0298475, 34.15720122], [72.02984842, 34.15725032], [72.02991262, 34.15724949], [72.02991171, 34.15720039]]]]}, "properties": {"id": "8J6J524H+VXR2", "height": 4.005921840667725, "hmax": 0.412, "ratio": 0.103, "vulnClass": "low"}}, {"type": "Feature", "geometry": {"type": "MultiPolygon", "coordinates": [[[[72.02998426, 34.15715361], [72.02991085, 34.15715455], [72.02991329, 34.15728526], [72.02996082, 34.15728465], [72.02996138, 34.15731452], [72.03002972, 34.15731364], [72.03002722, 34.15717932], [72.02998475, 34.15717986], [72.02998426, 34.15715361]]]]}, "properties": {"id": "8J6J524H+VXX6", "height": 4.005921840667725, "hmax": 0.412, "ratio": 0.103, "vulnClass": "low"}}, {"type": "Feature", "geometry": {"type": "MultiPolygon", "coordinates": [[[[72.03020495, 34.15719591], [72.03012747, 34.15720065], [72.03014099, 34.15735341], [72.03021847, 34.15734867], [72.03020495, 34.15719591]]]]}, "properties": {"id": "8J6J524J+W33W", "height": 2.634297132492065, "hmax": 0.242, "ratio": 0.092, "vulnClass": "low"}}, {"type": "Feature", "geometry": {"type": "MultiPolygon", "coordinates": [[[[72.0306535, 34.1567568], [72.0305955, 34.15675564], [72.030594, 34.15680736], [72.030652, 34.15680852], [72.0306535, 34.1567568]]]]}, "properties": {"id": "8J6J524J+P699", "height": 3.113409519195557, "hmax": 0.239, "ratio": 0.077, "vulnClass": "low"}}, {"type": "Feature", "geometry": {"type": "MultiPolygon", "coordinates": [[[[72.03060682, 34.15644149], [72.0305562, 34.1564386], [72.03055252, 34.15648315], [72.03060313, 34.15648604], [72.03060682, 34.15644149]]]]}, "properties": {"id": "8J6J524J+H6PG", "height": 3.555074214935303, "hmax": 0.019, "ratio": 0.005, "vulnClass": "none"}}, {"type": "Feature", "geometry": {"type": "MultiPolygon", "coordinates": [[[[72.03052427, 34.15629763], [72.03047429, 34.15629347], [72.03046975, 34.15633119], [72.03051973, 34.15633535], [72.03052427, 34.15629763]]]]}, "properties": {"id": "8J6J524J+G5HH", "height": 2.495720386505127, "hmax": 0.019, "ratio": 0.008, "vulnClass": "none"}}, {"type": "Feature", "geometry": {"type": "MultiPolygon", "coordinates": [[[[72.03112967, 34.15638228], [72.03092227, 34.15637207], [72.03090681, 34.15658919], [72.03111421, 34.1565994], [72.03112967, 34.15638228]]]]}, "properties": {"id": "8J6J524J+HCRG", "height": 4.489119529724121, "hmax": 0.047, "ratio": 0.011, "vulnClass": "none"}}, {"type": "Feature", "geometry": {"type": "MultiPolygon", "coordinates": [[[[72.03119163, 34.15643958], [72.03112581, 34.15643625], [72.0311217, 34.15649231], [72.03118753, 34.15649564], [72.03119163, 34.15643958]]]]}, "properties": {"id": "8J6J524J+HFMJ", "height": 4.975905418395996, "hmax": 0.019, "ratio": 0.004, "vulnClass": "none"}}, {"type": "Feature", "geometry": {"type": "MultiPolygon", "coordinates": [[[[72.03108913, 34.15630258], [72.03104943, 34.15630181], [72.03104832, 34.15634141], [72.03108803, 34.15634217], [72.03108913, 34.15630258]]]]}, "properties": {"id": "8J6J524J+GCGR", "height": 3.210077285766602, "hmax": 0.019, "ratio": 0.006, "vulnClass": "none"}}, {"type": "Feature", "geometry": {"type": "MultiPolygon", "coordinates": [[[[72.03188767, 34.15656003], [72.03182342, 34.15655923], [72.0318225, 34.15661071], [72.03188674, 34.15661151], [72.03188767, 34.15656003]]]]}, "properties": {"id": "8J6J524J+JPQF", "height": 3.789505481719971, "hmax": 0.031, "ratio": 0.008, "vulnClass": "none"}}, {"type": "Feature", "geometry": {"type": "MultiPolygon", "coordinates": [[[[72.03158458, 34.15686278], [72.03153088, 34.15685762], [72.03152218, 34.15692018], [72.03157589, 34.15692534], [72.03158458, 34.15686278]]]]}, "properties": {"id": "8J6J524J+QJ3P", "height": 3.469134330749512, "hmax": 0.06, "ratio": 0.017, "vulnClass": "none"}}]}