{"type": "FeatureCollection", "features": [{"type": "Feature", "geometry": {"type": "MultiPolygon", "coordinates": [[[[71.78777839361754, 34.39833320483858], [71.78774437457355, 34.39832428902388], [71.78773398233456, 34.398351506066206], [71.78776800138802, 34.398360421884334], [71.78777839361754, 34.39833320483858]]]]}, "properties": {"id": "8J6H9QXQ+84JJ", "height": 2.507119417190552, "hmax": 0.502, "ratio": 0.2, "vulnClass": "low"}}, {"type": "Feature", "geometry": {"type": "MultiPolygon", "coordinates": [[[[71.78786457080027, 34.39821793794644], [71.78786076961526, 34.39805578120659], [71.78780495550562, 34.39805665775781], [71.78780765622348, 34.39817651379652], [71.78759680339209, 34.39817980495999], [71.78759779501945, 34.39822210279769], [71.78786457080027, 34.39821793794644]]]]}, "properties": {"id": "8J6H9QXQ+746P", "height": 3.741814136505127, "hmax": 0.295, "ratio": 0.079, "vulnClass": "low"}}, {"type": "Feature", "geometry": {"type": "MultiPolygon", "coordinates": [[[[71.78167822849412, 34.39822130907732], [71.78166904429287, 34.39819709225365], [71.78162577353336, 34.39820830085904], [71.78170486943527, 34.3984170552012], [71.78179503716792, 34.39839365182854], [71.78172523389259, 34.39820911721385], [71.78167822849412, 34.39822130907732]]]]}, "properties": {"id": "8J6H9QXJ+8MG9", "height": 3.5739905834198, "hmax": 0.0, "ratio": 0.0, "vulnClass": "none"}}, {"type": "Feature", "geometry": {"type": "MultiPolygon", "coordinates": [[[[71.78189582738229, 34.39807318415684], [71.78184190066334, 34.39810709580951], [71.78190754786256, 34.39817876638833], [71.78196147460578, 34.3981448547081], [71.78189582738229, 34.39807318415684]]]]}, "properties": {"id": "8J6H9QXJ+7Q25", "height": 4.277495384216309, "hmax": 0.0, "ratio": 0.0, "vulnClass": "none"}}, {"type": "Feature", "geometry": {"type": "MultiPolygon", "coordinates": [[[[71.78323216781935, 34.4064435467923], [71.78320631034774, 34.40636346032295], [71.78278876846235, 34.406456120153344], [71.7828147341846, 34.406536209549195], [71.78323216781935, 34.4064435467923]]]]}, "properties": {"id": "8J6HCQ4M+H6CV", "height": 4.393907070159912, "hmax": 0.0, "ratio": 0.0, "vulnClass": "none"}}, {"type": "Feature", "geometry": {"type": "MultiPolygon", "coordinates": [[[[71.78330092125034, 34.40805204037071], [71.78319451720527, 34.4080391448211], [71.78315934464835, 34.40823903188974], [71.78337810763246, 34.40826552050369], [71.78339144182067, 34.40818998077436], [71.7832789745844, 34.40817638491238], [71.78330092125034, 34.40805204037071]]]]}, "properties": {"id": "8J6HCQ5M+786M", "height": 4.890706539154053, "hmax": 0.0, "ratio": 0.0, "vulnClass": "none"}}, {"type": "Feature", "geometry": {"type": "MultiPolygon", "coordinates": [[[[71.78322189457084, 34.40788375775534], [71.78303019184168, 34.407860595047595], [71.78301725922933, 34.40793416241091], [71.7829866253362, 34.407930471781626], [71.78297563455325, 34.40799309421744], [71.78319797149607, 34.40801994761272], [71.78322189457084, 34.40788375775534]]]]}, "properties": {"id": "8J6HCQ5M+56HM", "height": 4.563922882080078, "hmax": 0.0, "ratio": 0.0, "vulnClass": "none"}}, {"type": "Feature", "geometry": {"type": "MultiPolygon", "coordinates": [[[[71.78515024498205, 34.4072292225841], [71.78507981404356, 34.407222592790205], [71.78507480150301, 34.40725977538275], [71.78514512383535, 34.40726640232337], [71.78515024498205, 34.4072292225841]]]]}, "properties": {"id": "8J6HCQ4P+V2XP", "height": 2.587315559387207, "hmax": 0.0, "ratio": 0.0, "vulnClass": "none"}}, {"type": "Feature", "geometry": {"type": "MultiPolygon", "coordinates": [[[[71.78513179120196, 34.407083535206084], [71.78507368455706, 34.40707596778202], [71.78505538949013, 34.40717318908113], [71.78511349964744, 34.40718066647668], [71.78513179120196, 34.407083535206084]]]]}, "properties": {"id": "8J6HCQ4P+V245", "height": 2.612251043319702, "hmax": 0.0, "ratio": 0.0, "vulnClass": "none"}}, {"type": "Feature", "geometry": {"type": "MultiPolygon", "coordinates": [[[[71.78520182968816, 34.40698397967826], [71.7851475943278, 34.40697471149874], [71.78513191328119, 34.40703775159206], [71.78518604004324, 34.40704701692283], [71.78520182968816, 34.40698397967826]]]]}, "properties": {"id": "8J6HCQ4P+R33F", "height": 2.590718269348145, "hmax": 0.0, "ratio": 0.0, "vulnClass": "none"}}, {"type": "Feature", "geometry": {"type": "MultiPolygon", "coordinates": [[[[71.78543995507071, 34.40699889623442], [71.78516652384977, 34.406883635814694], [71.78514146892394, 34.40692452735118], [71.78541490368237, 34.407039697791056], [71.78543995507071, 34.40699889623442]]]]}, "properties": {"id": "8J6HCQ4P+Q4MF", "height": 3.076692581176758, "hmax": 0.0, "ratio": 0.0, "vulnClass": "none"}}, {"type": "Feature", "geometry": {"type": "MultiPolygon", "coordinates": [[[[71.78358019776645, 34.407217202547336], [71.78348442543157, 34.40721351011879], [71.78348157266839, 34.40726526064081], [71.78354618023349, 34.4072677723004], [71.78354376387213, 34.40731097181886], [71.78357481663029, 34.40731223977628], [71.78358019776645, 34.407217202547336]]]]}, "properties": {"id": "8J6HCQ4M+WC32", "height": 3.773799657821655, "hmax": 0.0, "ratio": 0.0, "vulnClass": "none"}}, {"type": "Feature", "geometry": {"type": "MultiPolygon", "coordinates": [[[[71.78347425222363, 34.40701639517669], [71.78346497306237, 34.407179108684225], [71.78360331005788, 34.40718446219604], [71.78360478987011, 34.407157191300335], [71.78358361616186, 34.40715636362695], [71.78358607388863, 34.40711208361697], [71.78360735277222, 34.40711300418921], [71.78361079528548, 34.40705153498093], [71.78355856894152, 34.40704943936179], [71.78356024709191, 34.40701983026786], [71.78347425222363, 34.40701639517669]]]]}, "properties": {"id": "8J6HCQ4M+RCV2", "height": 3.690160036087036, "hmax": 0.0, "ratio": 0.0, "vulnClass": "none"}}, {"type": "Feature", "geometry": {"type": "MultiPolygon", "coordinates": [[[[71.78369705635595, 34.40699125401202], [71.78360541412788, 34.40699046446054], [71.78360475832686, 34.407041641891084], [71.78369640061076, 34.4070424314462], [71.78369705635595, 34.40699125401202]]]]}, "properties": {"id": "8J6HCQ4M+RF2Q", "height": 3.28372859954834, "hmax": 0.0, "ratio": 0.0, "vulnClass": "none"}}, {"type": "Feature", "geometry": {"type": "MultiPolygon", "coordinates": [[[[71.7836310390018, 34.40676157395426], [71.78346223641462, 34.406756680475056], [71.78345919718043, 34.406830328044585], [71.78362800336464, 34.40683513149555], [71.7836310390018, 34.40676157395426]]]]}, "properties": {"id": "8J6HCQ4M+PC7V", "height": 2.957213878631592, "hmax": 0.0, "ratio": 0.0, "vulnClass": "none"}}, {"type": "Feature", "geometry": {"type": "MultiPolygon", "coordinates": [[[[71.78377797107667, 34.40680086264393], [71.78366111176086, 34.40679977000699], [71.7836603870671, 34.40684706997227], [71.78377735508452, 34.40684816547264], [71.78377797107667, 34.40680086264393]]]]}, "properties": {"id": "8J6HCQ4M+PFHR", "height": 3.229617118835449, "hmax": 0.0, "ratio": 0.0, "vulnClass": "none"}}, {"type": "Feature", "geometry": {"type": "MultiPolygon", "coordinates": [[[[71.78381627238197, 34.40664981878891], [71.78369278995422, 34.406648461753974], [71.78369216707486, 34.40669026637868], [71.78381554092843, 34.40669162055868], [71.78381627238197, 34.40664981878891]]]]}, "properties": {"id": "8J6HCQ4M+MG6R", "height": 3.419095039367676, "hmax": 0.0, "ratio": 0.0, "vulnClass": "none"}}, {"type": "Feature", "geometry": {"type": "MultiPolygon", "coordinates": [[[[71.78382052677523, 34.40682830100662], [71.78382199165071, 34.40671342188665], [71.78376296110466, 34.40671294992253], [71.78376248488472, 34.40674808867668], [71.78366171062204, 34.406747239102536], [71.78366111176086, 34.40679977000699], [71.78377797107667, 34.40680086264393], [71.78377758804271, 34.406827892014924], [71.78382052677523, 34.40682830100662]]]]}, "properties": {"id": "8J6HCQ4M+PG2R", "height": 3.36774730682373, "hmax": 0.0, "ratio": 0.0, "vulnClass": "none"}}, {"type": "Feature", "geometry": {"type": "MultiPolygon", "coordinates": [[[[71.78364507219344, 34.406378253481506], [71.78356387341455, 34.40637737825017], [71.78356227568374, 34.40647017164636], [71.7836434745523, 34.40647104688381], [71.78364507219344, 34.406378253481506]]]]}, "properties": {"id": "8J6HCQ4M+HC9V", "height": 3.678067684173584, "hmax": 0.08, "ratio": 0.022, "vulnClass": "none"}}, {"type": "Feature", "geometry": {"type": "MultiPolygon", "coordinates": [[[[71.7836434745523, 34.40647104688381], [71.78356227568374, 34.40647017164636], [71.78356110576298, 34.406546121710505], [71.78364230470495, 34.406546996952855], [71.7836434745523, 34.40647104688381]]]]}, "properties": {"id": "8J6HCQ4M+JC57", "height": 3.678067684173584, "hmax": 0.08, "ratio": 0.022, "vulnClass": "none"}}, {"type": "Feature", "geometry": {"type": "MultiPolygon", "coordinates": [[[[71.78524460362952, 34.40649740305374], [71.78511362672504, 34.406441861518644], [71.78503398064072, 34.406570817541436], [71.78516495423192, 34.406626449210215], [71.78524460362952, 34.40649740305374]]]]}, "properties": {"id": "8J6HCQ4P+J367", "height": 3.41446852684021, "hmax": 0.114, "ratio": 0.033, "vulnClass": "low"}}, {"type": "Feature", "geometry": {"type": "MultiPolygon", "coordinates": [[[[71.7856403182347, 34.40639821194063], [71.78560537410327, 34.406416220452705], [71.7856673509544, 34.406498788740485], [71.78570229166243, 34.406480870252956], [71.7856403182347, 34.40639821194063]]]]}, "properties": {"id": "8J6HCQ4P+H7CX", "height": 2.746894359588623, "hmax": 0.0, "ratio": 0.0, "vulnClass": "none"}}, {"type": "Feature", "geometry": {"type": "MultiPolygon", "coordinates": [[[[71.78583216795424, 34.40637486643908], [71.78575137129778, 34.406295318377765], [71.78571070765479, 34.406323541621816], [71.78579150084819, 34.406403179750015], [71.78583216795424, 34.40637486643908]]]]}, "properties": {"id": "8J6HCQ4P+G8JW", "height": 2.856380462646484, "hmax": 0.0, "ratio": 0.0, "vulnClass": "none"}}, {"type": "Feature", "geometry": {"type": "MultiPolygon", "coordinates": [[[[71.78607704368197, 34.406349760555266], [71.78601924355671, 34.40630011020643], [71.78591996438868, 34.40637951894089], [71.78597776450222, 34.40642916933597], [71.78607704368197, 34.406349760555266]]]]}, "properties": {"id": "8J6HCQ4P+G9XH", "height": 3.028580665588379, "hmax": 0.0, "ratio": 0.0, "vulnClass": "none"}}, {"type": "Feature", "geometry": {"type": "MultiPolygon", "coordinates": [[[[71.7861201799732, 34.406665994993894], [71.78600151737552, 34.406595545999394], [71.78593904625164, 34.40666790105205], [71.78605770888929, 34.40673835010938], [71.7861201799732, 34.406665994993894]]]]}, "properties": {"id": "8J6HCQ4P+MC6Q", "height": 2.811244249343872, "hmax": 0.0, "ratio": 0.0, "vulnClass": "none"}}, {"type": "Feature", "geometry": {"type": "MultiPolygon", "coordinates": [[[[71.78561305083879, 34.4070308492505], [71.78545990580635, 34.40696634273906], [71.78541490368237, 34.407039697791056], [71.78556804535732, 34.40710429440476], [71.78561305083879, 34.4070308492505]]]]}, "properties": {"id": "8J6HCQ4P+R66F", "height": 2.731028079986572, "hmax": 0.0, "ratio": 0.0, "vulnClass": "none"}}, {"type": "Feature", "geometry": {"type": "MultiPolygon", "coordinates": [[[[71.78569900853891, 34.40695289305382], [71.7862383876813, 34.407236932593676], [71.78626390277347, 34.407203894368614], [71.78619525413531, 34.407167748929716], [71.78626343801585, 34.40707968082694], [71.78616238448797, 34.40702645951739], [71.7861247403972, 34.40707522216813], [71.78603892895623, 34.40703006278717], [71.78606810310839, 34.40699234385982], [71.78593858861998, 34.40692413308373], [71.78591547895917, 34.40695398976731], [71.78580110141147, 34.40689374800642], [71.7857779917131, 34.40692360466182], [71.78573801849225, 34.40690254409604], [71.78569900853891, 34.40695289305382]]]]}, "properties": {"id": "Pakistan_123102132_246461", "height": 3.046051740646362, "hmax": 0.0, "ratio": 0.0, "vulnClass": "none"}}, {"type": "Feature", "geometry": {"type": "MultiPolygon", "coordinates": [[[[71.78728233897694, 34.40678821635027], [71.78688719031396, 34.40661405851602], [71.78692786651827, 34.40655140492819], [71.78688402197433, 34.406532045582225], [71.78678994066037, 34.40667738777361], [71.78749800081027, 34.40698947131922], [71.78753370910647, 34.40693443825032], [71.78745575018827, 34.40690003166713], [71.78749700722105, 34.40683640170344], [71.78745390905634, 34.4068174227016], [71.78749678686951, 34.4067512215255], [71.7874550803425, 34.406732819897236], [71.78743046960322, 34.40677065914129], [71.78741592594801, 34.4067642380012], [71.78738576297509, 34.40681076417738], [71.78729400726027, 34.40677031651037], [71.78728233897694, 34.40678821635027]]]]}, "properties": {"id": "Pakistan_123102132_502037", "height": 2.532448768615723, "hmax": 0.0, "ratio": 0.0, "vulnClass": "none"}}, {"type": "Feature", "geometry": {"type": "MultiPolygon", "coordinates": [[[[71.78876494326171, 34.40738888406271], [71.78890604302285, 34.40741016734275], [71.78892127618546, 34.40734170701526], [71.78886678489172, 34.40733342519638], [71.78889766322473, 34.40719426208216], [71.78908449569025, 34.40722251523419], [71.78910024586155, 34.40715190530144], [71.78899385698797, 34.407135770482455], [71.78900502660188, 34.40708540996606], [71.78902837847578, 34.40708899787913], [71.78903928946082, 34.407039712143174], [71.7889484686454, 34.40702596923044], [71.78895042537242, 34.4070174581357], [71.78891831528823, 34.407012558500796], [71.78892737478863, 34.406971876767315], [71.78886088018442, 34.40696183745138], [71.7888358082674, 34.40707429389624], [71.78883494261834, 34.407074181018444], [71.78876494326171, 34.40738888406271]]]]}, "properties": {"id": "Pakistan_123102132_3244", "height": 5.393940925598145, "hmax": 0.0, "ratio": 0.0, "vulnClass": "none"}}, {"type": "Feature", "geometry": {"type": "MultiPolygon", "coordinates": [[[[71.78800122169834, 34.40683171888487], [71.78799805600079, 34.40692014495098], [71.78810355224489, 34.40692264728777], [71.78809659085475, 34.407121655254436], [71.78826281869183, 34.407125663489175], [71.78826313375687, 34.40711458557695], [71.78865448090724, 34.407123878527166], [71.78866141844713, 34.406922616570945], [71.78860513788946, 34.406921317895076], [71.78860126011396, 34.40703406083036], [71.7884726206499, 34.40703104086552], [71.7884777436384, 34.4068829089222], [71.7883973458473, 34.406880976366324], [71.78839875970253, 34.406841175331614], [71.78800122169834, 34.40683171888487]]]]}, "properties": {"id": "Pakistan_123102132_95155", "height": 3.950604200363159, "hmax": 0.0, "ratio": 0.0, "vulnClass": "none"}}, {"type": "Feature", "geometry": {"type": "MultiPolygon", "coordinates": [[[[71.7902389402883, 34.40764924133849], [71.79015367168495, 34.407643847113626], [71.79016098293246, 34.40756355153897], [71.78989963695236, 34.40754722300268], [71.78989144485232, 34.40763632832215], [71.7899768254967, 34.40764163554114], [71.78997197645684, 34.40769450560714], [71.79004401196158, 34.407699011581286], [71.79004851629502, 34.40764946732964], [71.79017924205009, 34.407657677964636], [71.79017405192094, 34.40771378382471], [71.79016765263, 34.40771334534808], [71.7901545705262, 34.407856401271836], [71.79028356185937, 34.407864476116856], [71.7903014065204, 34.40767080110926], [71.79034675161837, 34.407673704572396], [71.79036729432195, 34.407449275362275], [71.79033702927082, 34.40744730876673], [71.79035248713014, 34.40727907832333], [71.7902627716534, 34.40727338712945], [71.79025119238392, 34.40739989831508], [71.79026182161815, 34.40740062814868], [71.7902389402883, 34.40764924133849]]]]}, "properties": {"id": "Pakistan_123102132_197293", "height": 4.122918128967285, "hmax": 0.0, "ratio": 0.0, "vulnClass": "none"}}, {"type": "Feature", "geometry": {"type": "MultiPolygon", "coordinates": [[[[71.79085512533295, 34.40679511195837], [71.79083169105272, 34.406910315853175], [71.79083169105272, 34.406910315853175], [71.7908197506942, 34.40696948924116], [71.79091624163168, 34.40698283886914], [71.7909296247419, 34.406917213870436], [71.79094000911803, 34.40691865826738], [71.79096210907983, 34.40680990879479], [71.79085512533295, 34.40679511195837]]]]}, "properties": {"id": "Pakistan_123102132_274244", "height": 3.217807769775391, "hmax": 0.0, "ratio": 0.0, "vulnClass": "none"}}, {"type": "Feature", "geometry": {"type": "MultiPolygon", "coordinates": [[[[71.79000729275168, 34.40735960255836], [71.79004425324155, 34.407251874557126], [71.7901081689003, 34.40726680274297], [71.79013147728257, 34.407262998505274], [71.79012491240158, 34.40723560629842], [71.7901475475313, 34.40716977376029], [71.79011090017465, 34.40716124012505], [71.79007325710332, 34.407167371793015], [71.79004560661905, 34.40724776404734], [71.79000303240808, 34.40723781285731], [71.78999458747724, 34.40720271006711], [71.78982030568716, 34.40716189915659], [71.78981017393579, 34.40711972177358], [71.78975337339034, 34.40710642244926], [71.78976330505363, 34.407148143921596], [71.78974653496313, 34.407197095558296], [71.78982032228, 34.407505571741176], [71.7898450386963, 34.4074336649875], [71.7898450386963, 34.4074336649875], [71.78986230186948, 34.40738319405173], [71.79000729275168, 34.40735960255836]]]]}, "properties": {"id": "Pakistan_123102132_514407", "height": 6.458193778991699, "hmax": 0.0, "ratio": 0.0, "vulnClass": "none"}}, {"type": "Feature", "geometry": {"type": "MultiPolygon", "coordinates": [[[[71.78933561567794, 34.40737539671303], [71.7892997609959, 34.40750821012738], [71.7894480280931, 34.407535449522115], [71.78946792502832, 34.40746161360632], [71.78949340845564, 34.407466339012686], [71.78953646748137, 34.40730721607916], [71.78933712193924, 34.407270613143986], [71.78936132205237, 34.40718093699128], [71.78933065514464, 34.407175264192716], [71.78935511038127, 34.40708460329387], [71.78917368894727, 34.40705135522473], [71.78912415566019, 34.407234733596376], [71.7890985636924, 34.407230005263536], [71.78907245133048, 34.40732702190829], [71.78933561567794, 34.40737539671303]]]]}, "properties": {"id": "Pakistan_123102132_511374", "height": 5.533980369567871, "hmax": 0.0, "ratio": 0.0, "vulnClass": "none"}}, {"type": "Feature", "geometry": {"type": "MultiPolygon", "coordinates": [[[[71.79010063144766, 34.4066988651453], [71.78997968906184, 34.406682258804835], [71.78999137480567, 34.40662407027462], [71.78973304998074, 34.40658853263975], [71.78970501163798, 34.406727410100466], [71.79008438800192, 34.40677955703358], [71.79010063144766, 34.4066988651453]]]]}, "properties": {"id": "Pakistan_123102132_6291", "height": 4.548864841461182, "hmax": 0.0, "ratio": 0.0, "vulnClass": "none"}}, {"type": "Feature", "geometry": {"type": "MultiPolygon", "coordinates": [[[[71.78917650215992, 34.40642050738281], [71.7891381644712, 34.406550010790994], [71.78928503666586, 34.406579557109495], [71.78929615156608, 34.40654199381767], [71.78932399370625, 34.40654759240558], [71.7893653412563, 34.40640762259722], [71.78931213847085, 34.40639694128933], [71.78929801344809, 34.40644497090834], [71.78917650215992, 34.40642050738281]]]]}, "properties": {"id": "Pakistan_123102132_24679", "height": 3.11567234992981, "hmax": 0.0, "ratio": 0.0, "vulnClass": "none"}}, {"type": "Feature", "geometry": {"type": "MultiPolygon", "coordinates": [[[[71.78959046488968, 34.40642696641366], [71.78961190966264, 34.40637804746352], [71.78947525907718, 34.40633714308819], [71.7894538142389, 34.40638606201071], [71.78959046488968, 34.40642696641366]]]]}, "properties": {"id": "Pakistan_123102132_252626", "height": 2.827576637268066, "hmax": 0.0, "ratio": 0.0, "vulnClass": "none"}}, {"type": "Feature", "geometry": {"type": "MultiPolygon", "coordinates": [[[[71.78969422689285, 34.40638949345469], [71.78979053525428, 34.406393375325166], [71.78979499148778, 34.40631949425463], [71.78969857801775, 34.406315519497376], [71.78969422689285, 34.40638949345469]]]]}, "properties": {"id": "Pakistan_123102132_385046", "height": 2.917265892028809, "hmax": 0.0, "ratio": 0.0, "vulnClass": "none"}}, {"type": "Feature", "geometry": {"type": "MultiPolygon", "coordinates": [[[[71.79013466486005, 34.40681557830466], [71.79034579417208, 34.40685113742734], [71.79035132271392, 34.406828839831064], [71.79040793842114, 34.4068384386193], [71.7903990552126, 34.40687452839782], [71.79045826446587, 34.40688455580611], [71.7904509293191, 34.40691428689347], [71.7905924756799, 34.40693810362743], [71.79059991941658, 34.40690837538194], [71.79064616461405, 34.406916169473305], [71.79068755479716, 34.406749431158126], [71.79063082702805, 34.4067399196894], [71.79062644151843, 34.406757920995965], [71.79050283270043, 34.406737099085454], [71.79050014170458, 34.40674775408782], [71.79016551600107, 34.40669128581073], [71.79013466486005, 34.40681557830466]]]]}, "properties": {"id": "Pakistan_123102132_73845", "height": 4.196373462677002, "hmax": 0.0, "ratio": 0.0, "vulnClass": "none"}}, {"type": "Feature", "geometry": {"type": "MultiPolygon", "coordinates": [[[[71.79084677685863, 34.4067176498347], [71.79073089582542, 34.406708027156064], [71.79072079706722, 34.40679014235516], [71.79083667821119, 34.40679976504958], [71.79084677685863, 34.4067176498347]]]]}, "properties": {"id": "Pakistan_123102132_166358", "height": 2.767815113067627, "hmax": 0.0, "ratio": 0.0, "vulnClass": "none"}}, {"type": "Feature", "geometry": {"type": "MultiPolygon", "coordinates": [[[[71.79077644051475, 34.40666586982038], [71.79096790574921, 34.406689554876706], [71.79099738347767, 34.40652719047401], [71.79080591515614, 34.40650359552506], [71.79077644051475, 34.40666586982038]]]]}, "properties": {"id": "Pakistan_123102132_104373", "height": 4.410923957824707, "hmax": 0.0, "ratio": 0.0, "vulnClass": "none"}}, {"type": "Feature", "geometry": {"type": "MultiPolygon", "coordinates": [[[[71.79080757476845, 34.4063094052178], [71.79072453415903, 34.40631119034512], [71.79072891090556, 34.406452721969565], [71.79078517900045, 34.40645149564003], [71.79078233725912, 34.40636083862265], [71.79080921852109, 34.40636028268153], [71.79080757476845, 34.4063094052178]]]]}, "properties": {"id": "Pakistan_123102132_338859", "height": 2.950235366821289, "hmax": 0.0, "ratio": 0.0, "vulnClass": "none"}}, {"type": "Feature", "geometry": {"type": "MultiPolygon", "coordinates": [[[[71.79206166941236, 34.406982627327544], [71.7920559086329, 34.40683456987339], [71.7919835207352, 34.40683645521256], [71.79198065171876, 34.40676355343057], [71.79191370603546, 34.40676531119533], [71.7919184106199, 34.40688693231625], [71.79186485468364, 34.406888320490914], [71.79186574986545, 34.406910426272866], [71.79193008494067, 34.40690869013885], [71.79193310777933, 34.40698610254592], [71.79206166941236, 34.406982627327544]]]]}, "properties": {"id": "Pakistan_123102132_320445", "height": 3.824967861175537, "hmax": 0.0, "ratio": 0.0, "vulnClass": "none"}}, {"type": "Feature", "geometry": {"type": "MultiPolygon", "coordinates": [[[[71.79255541213007, 34.406674267199705], [71.79241025074214, 34.40668244477437], [71.7924123966546, 34.40670881957869], [71.79234831882597, 34.40671236536002], [71.79235485482245, 34.406791762748455], [71.79237349017554, 34.40679071963658], [71.7923839433925, 34.40691844034254], [71.79244006680958, 34.406915316692405], [71.79243189069315, 34.406816227530456], [71.79251733019716, 34.406811439734035], [71.79252614701323, 34.406919378624046], [71.7925751883959, 34.406916609826595], [71.79255541213007, 34.406674267199705]]]]}, "properties": {"id": "Pakistan_123102132_206584", "height": 2.497347831726074, "hmax": 0.065, "ratio": 0.026, "vulnClass": "none"}}, {"type": "Feature", "geometry": {"type": "MultiPolygon", "coordinates": [[[[71.79236773983902, 34.40692414400425], [71.79233925673455, 34.40670762091394], [71.79225709217889, 34.40671492810788], [71.79227377535466, 34.406841820894506], [71.79228959992594, 34.406840343491005], [71.79230139621845, 34.406930063842786], [71.79236773983902, 34.40692414400425]]]]}, "properties": {"id": "Pakistan_123102132_163166", "height": 3.062091112136841, "hmax": 0.068, "ratio": 0.022, "vulnClass": "none"}}, {"type": "Feature", "geometry": {"type": "MultiPolygon", "coordinates": [[[[71.79220333830472, 34.40681257197603], [71.7921872850679, 34.40670903984781], [71.7920870509741, 34.40671965815676], [71.79212752546371, 34.406980931016236], [71.79221989672963, 34.406971187876906], [71.79221083480529, 34.406912364360544], [71.79225036087136, 34.40690817421649], [71.79223510983516, 34.40680925987039], [71.79220333830472, 34.40681257197603]]]]}, "properties": {"id": "Pakistan_123102132_104380", "height": 4.889897346496582, "hmax": 0.075, "ratio": 0.015, "vulnClass": "none"}}, {"type": "Feature", "geometry": {"type": "MultiPolygon", "coordinates": [[[[71.78982272006986, 34.40521322497242], [71.78979755417, 34.40530828380196], [71.79007500438904, 34.405358293946705], [71.79006076488626, 34.40541217923298], [71.79009294866572, 34.4054179818042], [71.79013245891741, 34.40526913049636], [71.78982272006986, 34.40521322497242]]]]}, "properties": {"id": "Pakistan_123102132_311251", "height": 4.249978542327881, "hmax": 0.0, "ratio": 0.0, "vulnClass": "none"}}, {"type": "Feature", "geometry": {"type": "MultiPolygon", "coordinates": [[[[71.79240712176133, 34.406200788516905], [71.7922539384181, 34.406216867239465], [71.79228618658296, 34.406425918105235], [71.79234689104193, 34.40641957985454], [71.79234253603677, 34.40639125429872], [71.79243490319571, 34.406381600999616], [71.79240712176133, 34.406200788516905]]]]}, "properties": {"id": "Pakistan_123102132_477559", "height": 2.466034889221191, "hmax": 0.0, "ratio": 0.0, "vulnClass": "none"}}, {"type": "Feature", "geometry": {"type": "MultiPolygon", "coordinates": [[[[71.79208367299411, 34.406304332400126], [71.79203513370284, 34.40615452109318], [71.79197602506922, 34.406167480704156], [71.79198984458674, 34.406209935008775], [71.79186964768229, 34.4062364331092], [71.79190436376496, 34.40634388019653], [71.79208367299411, 34.406304332400126]]]]}, "properties": {"id": "Pakistan_123102132_403573", "height": 3.680782318115234, "hmax": 0.0, "ratio": 0.0, "vulnClass": "none"}}, {"type": "Feature", "geometry": {"type": "MultiPolygon", "coordinates": [[[[71.79073053009704, 34.40610882179474], [71.79073357354608, 34.406268164492445], [71.79089720962449, 34.40626597206667], [71.79089416242216, 34.406106719396924], [71.79073053009704, 34.40610882179474]]]]}, "properties": {"id": "Pakistan_123102132_92092", "height": 3.533685207366943, "hmax": 0.0, "ratio": 0.0, "vulnClass": "none"}}, {"type": "Feature", "geometry": {"type": "MultiPolygon", "coordinates": [[[[71.78974193463202, 34.405380730786455], [71.78972845543937, 34.40540903859363], [71.78969980535497, 34.40541035902591], [71.78970640913911, 34.40551066882746], [71.7896565167192, 34.40551296347758], [71.78950856005639, 34.405824627785535], [71.78958794274011, 34.40585023754967], [71.78969556692671, 34.40584540356999], [71.789701242779, 34.40583347501969], [71.78969796517343, 34.40578552898519], [71.78963957839558, 34.40578814127637], [71.78974318142217, 34.405569949997314], [71.78985211575325, 34.405564970020144], [71.78990979851906, 34.40558361021455], [71.78992929621762, 34.40587569845329], [71.79005130160262, 34.40587016032893], [71.79005431547229, 34.40591647706142], [71.79010888978044, 34.405914034832485], [71.79010087018771, 34.405793858876976], [71.79011873029823, 34.40575620226396], [71.7901134223971, 34.40567602588273], [71.79002609365219, 34.40564777419247], [71.79013633515028, 34.40564273816613], [71.79013013135693, 34.40554901849527], [71.79001106990737, 34.405554363643766], [71.78995112990344, 34.405535033285034], [71.79019176510977, 34.40552404844512], [71.79018498822573, 34.40542256239386], [71.78993738348123, 34.40543381482077], [71.78993322022305, 34.40537205537094], [71.78974193463202, 34.405380730786455]]]]}, "properties": {"id": "Pakistan_123102132_514405", "height": 5.974056720733643, "hmax": 0.0, "ratio": 0.0, "vulnClass": "none"}}, {"type": "Feature", "geometry": {"type": "MultiPolygon", "coordinates": [[[[71.78961511477819, 34.4059529804363], [71.7894237698957, 34.40588639378788], [71.78938250892392, 34.4059672395185], [71.78957385739078, 34.406033736198125], [71.78961511477819, 34.4059529804363]]]]}, "properties": {"id": "Pakistan_123102132_378728", "height": 4.31234884262085, "hmax": 0.0, "ratio": 0.0, "vulnClass": "none"}}, {"type": "Feature", "geometry": {"type": "MultiPolygon", "coordinates": [[[[71.78987277660144, 34.40616506886508], [71.7898796213832, 34.40617660525566], [71.7898637508084, 34.40626460757852], [71.79012622506842, 34.406296828891385], [71.79014406037362, 34.4061972511396], [71.79006461443754, 34.4061875032442], [71.79013773613772, 34.406157877734934], [71.79014408975509, 34.40612253271865], [71.7901145668628, 34.40607272563387], [71.7901243902947, 34.40601773290881], [71.79000998267865, 34.40600373182086], [71.79000710230271, 34.406019339081936], [71.7899828031552, 34.40602915610719], [71.78991569363986, 34.40602099399881], [71.78990728349571, 34.406067461313704], [71.78987989088769, 34.406078549036565], [71.78968950006268, 34.40605525106969], [71.78970163882231, 34.405988061296476], [71.78963344991257, 34.40597969041647], [71.78962406569795, 34.406031720284616], [71.7895857499438, 34.40602701834175], [71.78961783344224, 34.40608094873776], [71.789616856076, 34.40608660135983], [71.78963779729784, 34.40612194231229], [71.78959006464602, 34.40611609167546], [71.7895801253285, 34.40617126156512], [71.78969204133381, 34.40618501734559], [71.78969937938813, 34.406143839657844], [71.78987277660144, 34.40616506886508]]]]}, "properties": {"id": "Pakistan_123102132_153932", "height": 4.826848983764648, "hmax": 0.0, "ratio": 0.0, "vulnClass": "none"}}, {"type": "Feature", "geometry": {"type": "MultiPolygon", "coordinates": [[[[71.78959528336053, 34.40618436833435], [71.78955676524079, 34.406170738026304], [71.78949832619371, 34.40628276874584], [71.78953684435241, 34.406296399074485], [71.78959528336053, 34.40618436833435]]]]}, "properties": {"id": "Pakistan_123102132_357294", "height": 3.41260838508606, "hmax": 0.0, "ratio": 0.0, "vulnClass": "none"}}, {"type": "Feature", "geometry": {"type": "MultiPolygon", "coordinates": [[[[71.78949383856826, 34.40621243826292], [71.78956881370716, 34.4060632570296], [71.78946887929573, 34.406029085618], [71.7893940092117, 34.406178359677625], [71.78949383856826, 34.40621243826292]]]]}, "properties": {"id": "Pakistan_123102132_394311", "height": 4.402857303619385, "hmax": 0.0, "ratio": 0.0, "vulnClass": "none"}}, {"type": "Feature", "geometry": {"type": "MultiPolygon", "coordinates": [[[[71.78921609428367, 34.40633781525934], [71.78940817342155, 34.40638522349633], [71.78946409943478, 34.406230855043106], [71.78936811430749, 34.40620715244045], [71.78938501555547, 34.40616045758909], [71.7893407382496, 34.4061495601253], [71.78935033971209, 34.4061231333931], [71.78928624223981, 34.406107298744146], [71.78926897372226, 34.406155065511946], [71.7893206814446, 34.40616787071639], [71.78929600792777, 34.406235812704416], [71.78925657787617, 34.40622612413794], [71.78921609428367, 34.40633781525934]]]]}, "properties": {"id": "Pakistan_123102132_58541", "height": 4.46981143951416, "hmax": 0.0, "ratio": 0.0, "vulnClass": "none"}}, {"type": "Feature", "geometry": {"type": "MultiPolygon", "coordinates": [[[[71.78722588339167, 34.40562358359217], [71.78713235669318, 34.40590792365373], [71.78775275021846, 34.40604699147312], [71.7878355560495, 34.40579553753929], [71.78771717069128, 34.40576899159988], [71.78766463048393, 34.40592858567364], [71.78728241024228, 34.40584291776345], [71.78734577890242, 34.40565044009265], [71.78722588339167, 34.40562358359217]]]]}, "properties": {"id": "Pakistan_123102132_194239", "height": 4.061318397521973, "hmax": 0.204, "ratio": 0.05, "vulnClass": "low"}}, {"type": "Feature", "geometry": {"type": "MultiPolygon", "coordinates": [[[[71.78800003641058, 34.40454333521396], [71.78829034040174, 34.40457845489441], [71.78830210583988, 34.404512517309136], [71.78822449822783, 34.404503086971594], [71.78822159693077, 34.40451923442491], [71.7881112991979, 34.404505880421524], [71.78812638497409, 34.404421372864114], [71.78802398660629, 34.40440903757571], [71.78800003641058, 34.40454333521396]]]]}, "properties": {"id": "Pakistan_123102132_49193", "height": 2.453619241714478, "hmax": 0.0, "ratio": 0.0, "vulnClass": "none"}}, {"type": "Feature", "geometry": {"type": "MultiPolygon", "coordinates": [[[[71.78746203913097, 34.40442238820448], [71.78726015776878, 34.40442384111606], [71.78726088961764, 34.404492811060486], [71.78738314831702, 34.404491969057595], [71.78738296304515, 34.40447123390902], [71.78746247722131, 34.404470620151855], [71.78746203913097, 34.40442238820448]]]]}, "properties": {"id": "8J6HCQ3P+QWQ3", "height": 2.646007061004639, "hmax": 0.0, "ratio": 0.0, "vulnClass": "none"}}, {"type": "Feature", "geometry": {"type": "MultiPolygon", "coordinates": [[[[71.7873543388308, 34.404699235559576], [71.78737562461129, 34.404620389134394], [71.7873025208746, 34.404606930549654], [71.78727285930984, 34.40471710284865], [71.78732501227992, 34.40472676596417], [71.78733339142845, 34.40469535002846], [71.7873543388308, 34.404699235559576]]]]}, "properties": {"id": "8J6HCQ3P+VW8F", "height": 2.596864700317383, "hmax": 0.0, "ratio": 0.0, "vulnClass": "none"}}, {"type": "Feature", "geometry": {"type": "MultiPolygon", "coordinates": [[[[71.78755621944538, 34.40457276989539], [71.78741756163053, 34.404558850052624], [71.78741077982859, 34.40460535997029], [71.78754943771796, 34.40461927982494], [71.78755621944538, 34.40457276989539]]]]}, "properties": {"id": "8J6HCQ3P+RXQF", "height": 3.124107360839844, "hmax": 0.0, "ratio": 0.0, "vulnClass": "none"}}, {"type": "Feature", "geometry": {"type": "MultiPolygon", "coordinates": [[[[71.7875329368692, 34.404780542256795], [71.78726892661388, 34.40473178105319], [71.7872488855271, 34.40480651412084], [71.7875127873653, 34.404855272524244], [71.7875329368692, 34.404780542256795]]]]}, "properties": {"id": "8J6HCQ3P+WX6P", "height": 2.505380630493164, "hmax": 0.0, "ratio": 0.0, "vulnClass": "none"}}, {"type": "Feature", "geometry": {"type": "MultiPolygon", "coordinates": [[[[71.7874893271211, 34.405022210560894], [71.78752596875506, 34.404868868367146], [71.7874200590354, 34.4048516632804], [71.7874017924643, 34.404928335786906], [71.78729847613134, 34.404911559292906], [71.78731840309953, 34.40482844097502], [71.7872176803334, 34.4048120931227], [71.78713778737284, 34.405146544316196], [71.78740623537635, 34.40519019486049], [71.78743328449936, 34.40507724991177], [71.78735579710299, 34.40506466756151], [71.78736240206865, 34.40503699051513], [71.78731852412615, 34.40502988836756], [71.78732668077897, 34.404995762636254], [71.7874893271211, 34.405022210560894]]]]}, "properties": {"id": "Pakistan_123102132_110618", "height": 3.229828596115112, "hmax": 0.0, "ratio": 0.0, "vulnClass": "none"}}, {"type": "Feature", "geometry": {"type": "MultiPolygon", "coordinates": [[[[71.78706580617924, 34.405092375592965], [71.78703065341033, 34.40508460141146], [71.78701387718857, 34.4051365268305], [71.7870490299769, 34.40514430101792], [71.78706580617924, 34.405092375592965]]]]}, "properties": {"id": "8J6HCQ4P+2RVF", "height": 2.814151525497437, "hmax": 0.0, "ratio": 0.0, "vulnClass": "none"}}, {"type": "Feature", "geometry": {"type": "MultiPolygon", "coordinates": [[[[71.78700444362659, 34.40514718474261], [71.78687769141126, 34.405126186473574], [71.7868575328653, 34.40520965913931], [71.7869843938324, 34.40523066029191], [71.78700444362659, 34.40514718474261]]]]}, "properties": {"id": "8J6HCQ4P+3QF5", "height": 2.523745059967041, "hmax": 0.0, "ratio": 0.0, "vulnClass": "none"}}, {"type": "Feature", "geometry": {"type": "MultiPolygon", "coordinates": [[[[71.78662613476078, 34.40517536382144], [71.78653068687645, 34.4051717725154], [71.78651807744812, 34.40539893313536], [71.78667617653608, 34.40540498297824], [71.78667963386553, 34.40534306333369], [71.7866169795179, 34.40534069486642], [71.78662613476078, 34.40517536382144]]]]}, "properties": {"id": "8J6HCQ4P+4JG4", "height": 4.690189361572266, "hmax": 0.0, "ratio": 0.0, "vulnClass": "none"}}, {"type": "Feature", "geometry": {"type": "MultiPolygon", "coordinates": [[[[71.78651724218959, 34.40517358215063], [71.7864700950607, 34.40517234242137], [71.78646830802855, 34.40521618952432], [71.78651545518194, 34.405217429255636], [71.78651724218959, 34.40517358215063]]]]}, "properties": {"id": "8J6HCQ4P+3HHQ", "height": 4.022079467773438, "hmax": 0.0, "ratio": 0.0, "vulnClass": "none"}}, {"type": "Feature", "geometry": {"type": "MultiPolygon", "coordinates": [[[[71.78624155229892, 34.40526800109869], [71.78620712821228, 34.40522698728182], [71.78615764177579, 34.40525560960386], [71.7861920692944, 34.405296533392864], [71.78624155229892, 34.40526800109869]]]]}, "properties": {"id": "8J6HCQ4P+4F4F", "height": 3.046617031097412, "hmax": 0.0, "ratio": 0.0, "vulnClass": "none"}}, {"type": "Feature", "geometry": {"type": "MultiPolygon", "coordinates": [[[[71.78639119032223, 34.405299065651896], [71.78631168195587, 34.40521144000004], [71.78623381324027, 34.40525995613519], [71.78631332156299, 34.405347581835194], [71.78639119032223, 34.405299065651896]]]]}, "properties": {"id": "8J6HCQ4P+4G75", "height": 2.85427713394165, "hmax": 0.0, "ratio": 0.0, "vulnClass": "none"}}, {"type": "Feature", "geometry": {"type": "MultiPolygon", "coordinates": [[[[71.78697917350593, 34.40488117286287], [71.78689493567863, 34.404871657490595], [71.78688541393548, 34.40493008283674], [71.78696954318562, 34.40493959536266], [71.78697917350593, 34.40488117286287]]]]}, "properties": {"id": "8J6HCQ3P+XQ79", "height": 2.787282943725586, "hmax": 0.0, "ratio": 0.0, "vulnClass": "none"}}, {"type": "Feature", "geometry": {"type": "MultiPolygon", "coordinates": [[[[71.78692018244627, 34.40478309095355], [71.78682046002353, 34.40476902236753], [71.78680681214965, 34.404835811594815], [71.78690653809359, 34.40484979015516], [71.78692018244627, 34.40478309095355]]]]}, "properties": {"id": "8J6HCQ3P+WPH8", "height": 3.584540843963623, "hmax": 0.0, "ratio": 0.0, "vulnClass": "none"}}, {"type": "Feature", "geometry": {"type": "MultiPolygon", "coordinates": [[[[71.78714557272093, 34.40473565861454], [71.78683623195123, 34.40469219424108], [71.78682046002353, 34.40476902236753], [71.78718907037955, 34.40482089495017], [71.78720791251844, 34.4047291856275], [71.78714864326221, 34.40472077748585], [71.78714557272093, 34.40473565861454]]]]}, "properties": {"id": "8J6HCQ3P+WR28", "height": 3.896980762481689, "hmax": 0.0, "ratio": 0.0, "vulnClass": "none"}}, {"type": "Feature", "geometry": {"type": "MultiPolygon", "coordinates": [[[[71.78685403376466, 34.40462767738149], [71.78682129379929, 34.40462789816539], [71.78682172608646, 34.404667747709325], [71.78685446606741, 34.40466752692619], [71.78685403376466, 34.40462767738149]]]]}, "properties": {"id": "8J6HCQ3P+VP4X", "height": 3.768049001693726, "hmax": 0.0, "ratio": 0.0, "vulnClass": "none"}}, {"type": "Feature", "geometry": {"type": "MultiPolygon", "coordinates": [[[[71.78710042890198, 34.4046138756763], [71.78705100057415, 34.40460689791595], [71.78703107215556, 34.404704256945415], [71.7870803919044, 34.40471123186089], [71.78710042890198, 34.4046138756763]]]]}, "properties": {"id": "8J6HCQ3P+VR86", "height": 2.45704460144043, "hmax": 0.0, "ratio": 0.0, "vulnClass": "none"}}, {"type": "Feature", "geometry": {"type": "MultiPolygon", "coordinates": [[[[71.78718724176652, 34.40454756775634], [71.78710279242453, 34.40454642921829], [71.78710185070895, 34.404590929488435], [71.78718629665008, 34.404592158070706], [71.78718724176652, 34.40454756775634]]]]}, "properties": {"id": "8J6HCQ3P+RVCP", "height": 2.735200643539429, "hmax": 0.0, "ratio": 0.0, "vulnClass": "none"}}, {"type": "Feature", "geometry": {"type": "MultiPolygon", "coordinates": [[[[71.78692032244821, 34.40446402867002], [71.78691691707274, 34.40452459772539], [71.78697099226022, 34.404526650336685], [71.78697223818212, 34.40450261794741], [71.78702240601187, 34.40450447767645], [71.78702445677196, 34.404467938148564], [71.78692032244821, 34.40446402867002]]]]}, "properties": {"id": "8J6HCQ3P+QQWQ", "height": 2.705512285232544, "hmax": 0.0, "ratio": 0.0, "vulnClass": "none"}}, {"type": "Feature", "geometry": {"type": "MultiPolygon", "coordinates": [[[[71.78719324329775, 34.404373681336], [71.78709975165583, 34.40437014192945], [71.78709646194322, 34.40443053377194], [71.78718995709741, 34.40443398314369], [71.78719324329775, 34.404373681336]]]]}, "properties": {"id": "8J6HCQ3P+QV64", "height": 2.87009334564209, "hmax": 0.0, "ratio": 0.0, "vulnClass": "none"}}, {"type": "Feature", "geometry": {"type": "MultiPolygon", "coordinates": [[[[71.78710075002626, 34.40436962738644], [71.78692510777248, 34.404364559029794], [71.78692180124412, 34.40444243595804], [71.78709744366002, 34.404447504328516], [71.78710075002626, 34.40436962738644]]]]}, "properties": {"id": "8J6HCQ3P+QR67", "height": 2.87009334564209, "hmax": 0.0, "ratio": 0.0, "vulnClass": "none"}}, {"type": "Feature", "geometry": {"type": "MultiPolygon", "coordinates": [[[[71.78692568539523, 34.404363672899805], [71.7868456573833, 34.40436066753471], [71.7868382435016, 34.40449756281641], [71.78691827164312, 34.404500568193626], [71.78692568539523, 34.404363672899805]]]]}, "properties": {"id": "8J6HCQ3P+QQC6", "height": 4.047863483428955, "hmax": 0.0, "ratio": 0.0, "vulnClass": "none"}}, {"type": "Feature", "geometry": {"type": "MultiPolygon", "coordinates": [[[[71.78687022117393, 34.40449452790409], [71.7868179858839, 34.40449270388661], [71.7868140671565, 34.40457236734424], [71.78686619386258, 34.40457418851001], [71.78687022117393, 34.40449452790409]]]]}, "properties": {"id": "8J6HCQ3P+RP89", "height": 3.8639075756073, "hmax": 0.0, "ratio": 0.0, "vulnClass": "none"}}, {"type": "Feature", "geometry": {"type": "MultiPolygon", "coordinates": [[[[71.78602832940251, 34.40508276152163], [71.78598341073409, 34.405108529557765], [71.7860215662435, 34.40515432840847], [71.7860664814802, 34.40512865040012], [71.78602832940251, 34.40508276152163]]]]}, "properties": {"id": "8J6HCQ4P+2CRQ", "height": 2.45233941078186, "hmax": 0.0, "ratio": 0.0, "vulnClass": "none"}}, {"type": "Feature", "geometry": {"type": "MultiPolygon", "coordinates": [[[[71.78619476375736, 34.405109671313504], [71.7861764576269, 34.4050879188522], [71.78611840654978, 34.40512154356474], [71.78613660403722, 34.40514329317738], [71.78619476375736, 34.405109671313504]]]]}, "properties": {"id": "8J6HCQ4P+2FVJ", "height": 2.812191247940063, "hmax": 0.0, "ratio": 0.0, "vulnClass": "none"}}, {"type": "Feature", "geometry": {"type": "MultiPolygon", "coordinates": [[[[71.78617050722865, 34.405180868313494], [71.78610750833744, 34.40510512340755], [71.7860664814802, 34.40512865040012], [71.78612959242929, 34.40520430814181], [71.78617050722865, 34.405180868313494]]]]}, "properties": {"id": "8J6HCQ4P+3C95", "height": 3.232929229736328, "hmax": 0.0, "ratio": 0.0, "vulnClass": "none"}}, {"type": "Feature", "geometry": {"type": "MultiPolygon", "coordinates": [[[[71.7862651758871, 34.405193452570636], [71.78619476375736, 34.405109671313504], [71.78613660403722, 34.40514329317738], [71.78616781206117, 34.40518025664756], [71.78611832564143, 34.40520887895465], [71.78615764177579, 34.40525560960386], [71.7862651758871, 34.405193452570636]]]]}, "properties": {"id": "8J6HCQ4P+3FG6", "height": 3.232929229736328, "hmax": 0.0, "ratio": 0.0, "vulnClass": "none"}}, {"type": "Feature", "geometry": {"type": "MultiPolygon", "coordinates": [[[[71.78586756752628, 34.405876288256444], [71.7859932833758, 34.40576530770296], [71.78591957633749, 34.405707938318564], [71.78579386048885, 34.40581891879637], [71.78586756752628, 34.405876288256444]]]]}, "properties": {"id": "8J6HCQ4P+896P", "height": 2.906478404998779, "hmax": 0.0, "ratio": 0.0, "vulnClass": "none"}}, {"type": "Feature", "geometry": {"type": "MultiPolygon", "coordinates": [[[[71.78652257763933, 34.40531829354593], [71.78646665863656, 34.405316102105814], [71.7864621549456, 34.40539683173118], [71.78651807744812, 34.40539893313536], [71.78652257763933, 34.40531829354593]]]]}, "properties": {"id": "8J6HCQ4P+4HX9", "height": 3.900949001312256, "hmax": 0.0, "ratio": 0.0, "vulnClass": "none"}}, {"type": "Feature", "geometry": {"type": "MultiPolygon", "coordinates": [[[[71.78682527507549, 34.405370597270675], [71.786721615066, 34.40534858360575], [71.78670845946598, 34.40539114035183], [71.78681211952279, 34.40541315403057], [71.78682527507549, 34.405370597270675]]]]}, "properties": {"id": "8J6HCQ4P+5P28", "height": 2.479821681976318, "hmax": 0.0, "ratio": 0.0, "vulnClass": "none"}}, {"type": "Feature", "geometry": {"type": "MultiPolygon", "coordinates": [[[[71.7869753969004, 34.40536345803012], [71.78683657366281, 34.405333940371996], [71.78681211952279, 34.40541315403057], [71.78695083768994, 34.4054425788259], [71.7869753969004, 34.40536345803012]]]]}, "properties": {"id": "8J6HCQ4P+5Q2G", "height": 2.469988346099854, "hmax": 0.0, "ratio": 0.0, "vulnClass": "none"}}, {"type": "Feature", "geometry": {"type": "MultiPolygon", "coordinates": [[[[71.78670763036016, 34.405648624568755], [71.78665760105194, 34.40562892227363], [71.78663883921372, 34.405661687517366], [71.78668887198204, 34.40568129977994], [71.78670763036016, 34.405648624568755]]]]}, "properties": {"id": "8J6HCQ4P+7M78", "height": 2.451005697250366, "hmax": 0.0, "ratio": 0.0, "vulnClass": "none"}}, {"type": "Feature", "geometry": {"type": "MultiPolygon", "coordinates": [[[[71.78664463583189, 34.40570059652464], [71.78663361636755, 34.40567029295437], [71.78658948000614, 34.40568130019484], [71.786600496009, 34.405711693809224], [71.78664463583189, 34.40570059652464]]]]}, "properties": {"id": "8J6HCQ4P+7JHP", "height": 2.881198406219482, "hmax": 0.0, "ratio": 0.0, "vulnClass": "none"}}, {"type": "Feature", "geometry": {"type": "MultiPolygon", "coordinates": [[[[71.7866423749845, 34.405628972580764], [71.78659866373846, 34.4056089857301], [71.78658077770251, 34.40563591543845], [71.78662448895727, 34.40565590229601], [71.7866423749845, 34.405628972580764]]]]}, "properties": {"id": "8J6HCQ4P+7J58", "height": 2.481257915496826, "hmax": 0.0, "ratio": 0.0, "vulnClass": "none"}}, {"type": "Feature", "geometry": {"type": "MultiPolygon", "coordinates": [[[[71.78719615839883, 34.406019561560036], [71.78716628943472, 34.4060868256924], [71.78714739561903, 34.40608894279498], [71.78704731070707, 34.406058731259876], [71.78701446039211, 34.40613285710334], [71.78797477835519, 34.40642290779379], [71.78798632883004, 34.406396712673214], [71.78802138690801, 34.406392766994166], [71.78807406377275, 34.40640866267392], [71.7880650395048, 34.40635461690091], [71.78807801069226, 34.406325394634074], [71.78817303004112, 34.40631464257323], [71.78803209353158, 34.40627209172394], [71.78800009452397, 34.40627566715084], [71.78795730887481, 34.40626273536515], [71.78795041203861, 34.406278146867976], [71.78795944311769, 34.4063320125632], [71.78793751227057, 34.406325397326206], [71.78791942529895, 34.4063661120973], [71.7879063581648, 34.40628699358908], [71.78792421407154, 34.40624663327261], [71.7878052761452, 34.40626009132521], [71.7877953724129, 34.40620061452225], [71.78719615839883, 34.406019561560036]]]]}, "properties": {"id": "Pakistan_123102132_449732", "height": 2.674117088317871, "hmax": 0.0, "ratio": 0.0, "vulnClass": "none"}}, {"type": "Feature", "geometry": {"type": "MultiPolygon", "coordinates": [[[[71.78652551395987, 34.40618480586749], [71.78649114840088, 34.406159296293744], [71.78641436919472, 34.40623046419553], [71.78644873820255, 34.40625588374999], [71.78652551395987, 34.40618480586749]]]]}, "properties": {"id": "8J6HCQ4P+FHQ6", "height": 2.451056718826294, "hmax": 0.0, "ratio": 0.0, "vulnClass": "none"}}, {"type": "Feature", "geometry": {"type": "MultiPolygon", "coordinates": [[[[71.78670522343722, 34.40628543122385], [71.78652621222723, 34.40618076830642], [71.78650138895406, 34.40620994913537], [71.7866804001894, 34.40631461209054], [71.78670522343722, 34.40628543122385]]]]}, "properties": {"id": "8J6HCQ4P+FJXV", "height": 2.971150159835815, "hmax": 0.0, "ratio": 0.0, "vulnClass": "none"}}, {"type": "Feature", "geometry": {"type": "MultiPolygon", "coordinates": [[[[71.7864530014493, 34.40613882477813], [71.78637384822497, 34.406081672967574], [71.78632577395753, 34.40612736734782], [71.78640492718712, 34.40618451918976], [71.7864530014493, 34.40613882477813]]]]}, "properties": {"id": "8J6HCQ4P+FH27", "height": 2.831391096115112, "hmax": 0.0, "ratio": 0.0, "vulnClass": "none"}}, {"type": "Feature", "geometry": {"type": "MultiPolygon", "coordinates": [[[[71.78637384822497, 34.406081672967574], [71.78629215335641, 34.406022741770954], [71.7862307569169, 34.40608124499385], [71.7863123431574, 34.40614017337512], [71.78637384822497, 34.406081672967574]]]]}, "properties": {"id": "8J6HCQ4P+CGM8", "height": 2.897036075592041, "hmax": 0.0, "ratio": 0.0, "vulnClass": "none"}}, {"type": "Feature", "geometry": {"type": "MultiPolygon", "coordinates": [[[[71.78648458927535, 34.406384633077], [71.78653104277598, 34.40634150983552], [71.78639960029969, 34.40624413636172], [71.78622292325191, 34.40640803639571], [71.78629282527103, 34.406459717397496], [71.78642304535785, 34.40633903052089], [71.78648458927535, 34.406384633077]]]]}, "properties": {"id": "8J6HCQ4P+GGQX", "height": 4.092803955078125, "hmax": 0.07, "ratio": 0.017, "vulnClass": "none"}}, {"type": "Feature", "geometry": {"type": "MultiPolygon", "coordinates": [[[[71.78619813376524, 34.406248843026994], [71.78610247474337, 34.40617972013445], [71.78603046993459, 34.40624830939555], [71.78612613241303, 34.40631734230398], [71.78619813376524, 34.406248843026994]]]]}, "properties": {"id": "8J6HCQ4P+FCXW", "height": 3.168472766876221, "hmax": 0.07, "ratio": 0.022, "vulnClass": "none"}}, {"type": "Feature", "geometry": {"type": "MultiPolygon", "coordinates": [[[[71.78620111000154, 34.406085873249445], [71.78613105833855, 34.406035269847564], [71.78604765411646, 34.40611473565627], [71.78611770578767, 34.406165339106366], [71.78620111000154, 34.406085873249445]]]]}, "properties": {"id": "8J6HCQ4P+CCX5", "height": 2.674603462219238, "hmax": 0.0, "ratio": 0.0, "vulnClass": "none"}}, {"type": "Feature", "geometry": {"type": "MultiPolygon", "coordinates": [[[[71.78629215335641, 34.406022741770954], [71.78620802548924, 34.405962034040485], [71.78613105833855, 34.406035269847564], [71.78620470708407, 34.406088491528664], [71.78622028123316, 34.40607366885147], [71.7862307569169, 34.40608124499385], [71.78629215335641, 34.406022741770954]]]]}, "properties": {"id": "8J6HCQ4P+CF85", "height": 2.683382034301758, "hmax": 0.0, "ratio": 0.0, "vulnClass": "none"}}, {"type": "Feature", "geometry": {"type": "MultiPolygon", "coordinates": [[[[71.7860640294328, 34.40606478275128], [71.78617824893813, 34.405950164801546], [71.78614073317179, 34.405924572290886], [71.78602662573778, 34.40603910302106], [71.7860640294328, 34.40606478275128]]]]}, "properties": {"id": "8J6HCQ4P+9CXM", "height": 2.900714874267578, "hmax": 0.0, "ratio": 0.0, "vulnClass": "none"}}, {"type": "Feature", "geometry": {"type": "MultiPolygon", "coordinates": [[[[71.78614679699496, 34.405888318594954], [71.78597890223816, 34.4057660110685], [71.7859131277113, 34.40582809438607], [71.78608091384677, 34.4059503991466], [71.78614679699496, 34.405888318594954]]]]}, "properties": {"id": "8J6HCQ4P+8CR9", "height": 2.553214311599731, "hmax": 0.0, "ratio": 0.0, "vulnClass": "none"}}, {"type": "Feature", "geometry": {"type": "MultiPolygon", "coordinates": [[[[71.78607985897581, 34.405972273380854], [71.78601033342028, 34.405922134407696], [71.78584184016312, 34.406082463592895], [71.78591136228803, 34.40613269270363], [71.785947697499, 34.40609822660319], [71.78607985897581, 34.405972273380854]]]]}, "properties": {"id": "8J6HCQ4P+C984", "height": 2.646488428115845, "hmax": 0.0, "ratio": 0.0, "vulnClass": "none"}}, {"type": "Feature", "geometry": {"type": "MultiPolygon", "coordinates": [[[[71.78562816157081, 34.40640897837436], [71.78574600140506, 34.40628219819537], [71.78569536826822, 34.40624986120022], [71.78562470647248, 34.406325966453196], [71.7856046466984, 34.40631309080564], [71.78555746518563, 34.40636385571453], [71.78562816157081, 34.40640897837436]]]]}, "properties": {"id": "8J6HCQ4P+G7J9", "height": 2.746894359588623, "hmax": 0.0, "ratio": 0.0, "vulnClass": "none"}}, {"type": "Feature", "geometry": {"type": "MultiPolygon", "coordinates": [[[[71.78482346023436, 34.405497220292254], [71.7847145931935, 34.405474887677244], [71.78470125207, 34.40551942218797], [71.78481011571495, 34.40554184485861], [71.78482346023436, 34.405497220292254]]]]}, "properties": {"id": "8J6HCQ4M+6W27", "height": 3.314374923706055, "hmax": 0.0, "ratio": 0.0, "vulnClass": "none"}}, {"type": "Feature", "geometry": {"type": "MultiPolygon", "coordinates": [[[[71.78484252602479, 34.40543381861602], [71.78468683602267, 34.405401781760645], [71.78466787531154, 34.40546527630563], [71.78482346023436, 34.405497220292254], [71.78484252602479, 34.40543381861602]]]]}, "properties": {"id": "8J6HCQ4M+5WCR", "height": 2.780491352081299, "hmax": 0.0, "ratio": 0.0, "vulnClass": "none"}}, {"type": "Feature", "geometry": {"type": "MultiPolygon", "coordinates": [[[[71.78160742663951, 34.40555813051432], [71.78160576652954, 34.405439744202724], [71.78151819554684, 34.405440592583155], [71.781519855533, 34.405558978888976], [71.78160742663951, 34.40555813051432]]]]}, "properties": {"id": "8J6HCQ4J+5JWR", "height": 2.774937152862549, "hmax": 0.0, "ratio": 0.0, "vulnClass": "none"}}, {"type": "Feature", "geometry": {"type": "MultiPolygon", "coordinates": [[[[71.78160382066739, 34.405306118149205], [71.78151624982442, 34.4053069665361], [71.78151819554684, 34.405440592583155], [71.78160576652954, 34.405439744202724], [71.78160382066739, 34.405306118149205]]]]}, "properties": {"id": "8J6HCQ4J+4JVX", "height": 2.698644399642944, "hmax": 0.0, "ratio": 0.0, "vulnClass": "none"}}, {"type": "Feature", "geometry": {"type": "MultiPolygon", "coordinates": [[[[71.78155649364152, 34.40517057592009], [71.7815142852018, 34.40517099657177], [71.78151624982442, 34.4053069665361], [71.78160382066739, 34.405306118149205], [71.7816023412858, 34.40519720039646], [71.78155687037668, 34.4051976252767], [71.78155649364152, 34.40517057592009]]]]}, "properties": {"id": "8J6HCQ4J+3JVQ", "height": 2.729793071746826, "hmax": 0.0, "ratio": 0.0, "vulnClass": "none"}}, {"type": "Feature", "geometry": {"type": "MultiPolygon", "coordinates": [[[[71.78180941494445, 34.40516813316155], [71.7818078647856, 34.40505254380988], [71.78172051491573, 34.40505330803911], [71.78172098980893, 34.405086308658184], [71.78155531347808, 34.405087894299434], [71.7815557263632, 34.40511683736878], [71.78151363003559, 34.40511717084212], [71.7815142852018, 34.40517099657177], [71.78180941494445, 34.40516813316155]]]]}, "properties": {"id": "8J6HCQ4J+2MVW", "height": 2.963796138763428, "hmax": 0.0, "ratio": 0.0, "vulnClass": "none"}}, {"type": "Feature", "geometry": {"type": "MultiPolygon", "coordinates": [[[[71.78163825698836, 34.404838972384624], [71.7816226423554, 34.40475555010702], [71.78143850868163, 34.404779092270275], [71.78147124955215, 34.404954719419976], [71.78134732435927, 34.40497065365982], [71.78136266116428, 34.40505280680632], [71.7815349940359, 34.405030756626466], [71.78150253404095, 34.40485630859643], [71.78163825698836, 34.404838972384624]]]]}, "properties": {"id": "8J6HCQ3J+XH94", "height": 2.967447996139526, "hmax": 0.0, "ratio": 0.0, "vulnClass": "none"}}, {"type": "Feature", "geometry": {"type": "MultiPolygon", "coordinates": [[[[71.78339518364268, 34.404734708078045], [71.78337604458522, 34.40463821427115], [71.78314747529197, 34.40466924209875], [71.78316661063778, 34.40476582596738], [71.78339518364268, 34.404734708078045]]]]}, "properties": {"id": "8J6HCQ3M+V8J4", "height": 2.532313585281372, "hmax": 0.0, "ratio": 0.0, "vulnClass": "none"}}, {"type": "Feature", "geometry": {"type": "MultiPolygon", "coordinates": [[[[71.78302705905644, 34.404383600288526], [71.78298032291245, 34.40438300096218], [71.78297949968496, 34.404430027937124], [71.78302612722248, 34.40443062440573], [71.78302705905644, 34.404383600288526]]]]}, "properties": {"id": "8J6HCQ3M+Q666", "height": 3.262297630310059, "hmax": 0.0, "ratio": 0.0, "vulnClass": "none"}}, {"type": "Feature", "geometry": {"type": "MultiPolygon", "coordinates": [[[[71.78383771534351, 34.40437834774279], [71.78361459771372, 34.40437779364551], [71.7836142556937, 34.40445484709747], [71.78383737352839, 34.40445540120689], [71.78383771534351, 34.40437834774279]]]]}, "properties": {"id": "8J6HCQ3M+QF9J", "height": 2.499588489532471, "hmax": 0.0, "ratio": 0.0, "vulnClass": "none"}}, {"type": "Feature", "geometry": {"type": "MultiPolygon", "coordinates": [[[[71.78388976362533, 34.404498600947214], [71.78383386084087, 34.404498842294814], [71.78383431222493, 34.40457222123923], [71.78389010642545, 34.4045719770354], [71.78388976362533, 34.404498600947214]]]]}, "properties": {"id": "8J6HCQ3M+RG9G", "height": 2.503251552581787, "hmax": 0.0, "ratio": 0.0, "vulnClass": "none"}}, {"type": "Feature", "geometry": {"type": "MultiPolygon", "coordinates": [[[[71.7846924375282, 34.405184531836184], [71.78460674441605, 34.40516758580545], [71.78454540137253, 34.40538084543619], [71.78451172827137, 34.40537419104137], [71.78449629026889, 34.405428044036306], [71.78461576538459, 34.40545164739316], [71.7846924375282, 34.405184531836184]]]]}, "properties": {"id": "8J6HCQ4M+4RHM", "height": 2.688546180725098, "hmax": 0.0, "ratio": 0.0, "vulnClass": "none"}}, {"type": "Feature", "geometry": {"type": "MultiPolygon", "coordinates": [[[[71.78479254835176, 34.404966974288655], [71.78480026240806, 34.40485640555177], [71.78473024907366, 34.4048531214685], [71.78472806449467, 34.40488461003827], [71.78467835178934, 34.404882220543996], [71.78467293080786, 34.40496130355483], [71.78479254835176, 34.404966974288655]]]]}, "properties": {"id": "8J6HCQ3M+XV9G", "height": 3.030457735061646, "hmax": 0.0, "ratio": 0.0, "vulnClass": "none"}}, {"type": "Feature", "geometry": {"type": "MultiPolygon", "coordinates": [[[[71.78510547210709, 34.40415861449966], [71.78504603443983, 34.40413758250232], [71.7850311175817, 34.4041664828535], [71.78509055526452, 34.404187514858954], [71.78510547210709, 34.40415861449966]]]]}, "properties": {"id": "8J6HCQ3P+M28C", "height": 2.67903470993042, "hmax": 0.0, "ratio": 0.0, "vulnClass": "none"}}, {"type": "Feature", "geometry": {"type": "MultiPolygon", "coordinates": [[[[71.78507958863634, 34.404195608605995], [71.78500862540977, 34.404157508923994], [71.7849620846739, 34.40421712339057], [71.78503293929273, 34.404255220243215], [71.78507958863634, 34.404195608605995]]]]}, "properties": {"id": "8J6HCQ3P+M2J8", "height": 2.686992168426514, "hmax": 0.0, "ratio": 0.0, "vulnClass": "none"}}, {"type": "Feature", "geometry": {"type": "MultiPolygon", "coordinates": [[[[71.78477592719479, 34.40405503653191], [71.78467701995892, 34.40403107320117], [71.78466104089864, 34.40407634950242], [71.78481543181509, 34.40411385017056], [71.7848217668569, 34.40409608065285], [71.78476617460095, 34.40408254047646], [71.78477592719479, 34.40405503653191]]]]}, "properties": {"id": "8J6HCQ3M+JVHV", "height": 3.182333469390869, "hmax": 0.0, "ratio": 0.0, "vulnClass": "none"}}, {"type": "Feature", "geometry": {"type": "MultiPolygon", "coordinates": [[[[71.78426849023629, 34.403834833616216], [71.78422763771863, 34.403822582358025], [71.78419734490069, 34.403892358261736], [71.78441559889481, 34.40395740760875], [71.78442419285834, 34.40393744426031], [71.78438785453453, 34.403926573670404], [71.78440013335285, 34.40389841517549], [71.78425907375036, 34.40385639767818], [71.78426849023629, 34.403834833616216]]]]}, "properties": {"id": "8J6HCQ3M+HP3P", "height": 2.521903038024902, "hmax": 0.0, "ratio": 0.0, "vulnClass": "none"}}, {"type": "Feature", "geometry": {"type": "MultiPolygon", "coordinates": [[[[71.78451507448351, 34.403835913765626], [71.78438206581824, 34.403830701648296], [71.78437729650996, 34.40391548008357], [71.7844074824367, 34.403916634852564], [71.78440869976204, 34.40389620701931], [71.78451141742529, 34.40390017147888], [71.78451507448351, 34.403835913765626]]]]}, "properties": {"id": "8J6HCQ3M+GQWJ", "height": 2.521903038024902, "hmax": 0.0, "ratio": 0.0, "vulnClass": "none"}}, {"type": "Feature", "geometry": {"type": "MultiPolygon", "coordinates": [[[[71.78465757426835, 34.4039283524036], [71.78456726991406, 34.40392110940167], [71.78455438966665, 34.40403028036252], [71.7846038259765, 34.404034194857], [71.78460155340521, 34.40405378374567], [71.78464253365436, 34.40405702508761], [71.78465757426835, 34.4039283524036]]]]}, "properties": {"id": "8J6HCQ3M+HRX7", "height": 2.674445867538452, "hmax": 0.0, "ratio": 0.0, "vulnClass": "none"}}, {"type": "Feature", "geometry": {"type": "MultiPolygon", "coordinates": [[[[71.78473412482661, 34.40382905850825], [71.78468045542657, 34.403824942568875], [71.7846710186872, 34.4039095080961], [71.78488287900227, 34.403925717356174], [71.78489220690045, 34.403841148943016], [71.78483702007877, 34.40383690302094], [71.78483366822844, 34.403867639837024], [71.78473077293935, 34.403859795319434], [71.78473412482661, 34.40382905850825]]]]}, "properties": {"id": "8J6HCQ3M+HW29", "height": 3.994690418243408, "hmax": 0.0, "ratio": 0.0, "vulnClass": "none"}}, {"type": "Feature", "geometry": {"type": "MultiPolygon", "coordinates": [[[[71.78505225717889, 34.40392395410558], [71.78489381260762, 34.403887248418044], [71.78487810787311, 34.40393388394321], [71.78496466027815, 34.403953916828264], [71.78495595440688, 34.403979645695216], [71.78502784667049, 34.40399631852862], [71.78505225717889, 34.40392395410558]]]]}, "properties": {"id": "8J6HCQ3M+HXHC", "height": 3.817975282669067, "hmax": 0.0, "ratio": 0.0, "vulnClass": "none"}}, {"type": "Feature", "geometry": {"type": "MultiPolygon", "coordinates": [[[[71.78486888439674, 34.40392201432181], [71.78467884880432, 34.4039066496284], [71.78467058106682, 34.403977726175796], [71.78486062026464, 34.40399300085002], [71.78486888439674, 34.40392201432181]]]]}, "properties": {"id": "8J6HCQ3M+HWCW", "height": 3.400920391082764, "hmax": 0.0, "ratio": 0.0, "vulnClass": "none"}}, {"type": "Feature", "geometry": {"type": "MultiPolygon", "coordinates": [[[[71.78485108837792, 34.40401474218857], [71.78479295799373, 34.4040050109101], [71.78478149328477, 34.40405166783674], [71.78483962025106, 34.404061489163205], [71.78485108837792, 34.40401474218857]]]]}, "properties": {"id": "8J6HCQ3M+JW86", "height": 3.371446132659912, "hmax": 0.0, "ratio": 0.0, "vulnClass": "none"}}, {"type": "Feature", "geometry": {"type": "MultiPolygon", "coordinates": [[[[71.78489170860131, 34.40406430160142], [71.78483806483769, 34.404050992981446], [71.78480630858886, 34.40413911738678], [71.78486006103397, 34.40415242888132], [71.78489170860131, 34.40406430160142]]]]}, "properties": {"id": "8J6HCQ3M+JWX2", "height": 3.265997409820557, "hmax": 0.0, "ratio": 0.0, "vulnClass": "none"}}, {"type": "Feature", "geometry": {"type": "MultiPolygon", "coordinates": [[[[71.7849270565803, 34.40398744797324], [71.78487016253293, 34.403976667677775], [71.78485134897022, 34.40404485298793], [71.78490824306, 34.40405563329453], [71.7849270565803, 34.40398744797324]]]]}, "properties": {"id": "8J6HCQ3M+JX2M", "height": 3.265997409820557, "hmax": 0.0, "ratio": 0.0, "vulnClass": "none"}}, {"type": "Feature", "geometry": {"type": "MultiPolygon", "coordinates": [[[[71.78509652803245, 34.40398893185537], [71.7850487797505, 34.4039778514408], [71.78502982656099, 34.40403548771565], [71.7851200450321, 34.40405633798828], [71.78512990093908, 34.40402613278218], [71.7850874204494, 34.40401663305999], [71.78509652803245, 34.40398893185537]]]]}, "properties": {"id": "8J6HCQ3P+J24M", "height": 3.576773643493652, "hmax": 0.0, "ratio": 0.0, "vulnClass": "none"}}, {"type": "Feature", "geometry": {"type": "MultiPolygon", "coordinates": [[[[71.78517941029756, 34.40392874107057], [71.78512562345395, 34.40391633013028], [71.78509974738071, 34.40399289220111], [71.78515353082008, 34.4040053931961], [71.78517941029756, 34.40392874107057]]]]}, "properties": {"id": "8J6HCQ3P+H3JF", "height": 3.027122259140015, "hmax": 0.0, "ratio": 0.0, "vulnClass": "none"}}, {"type": "Feature", "geometry": {"type": "MultiPolygon", "coordinates": [[[[71.78520447711892, 34.40381367150691], [71.78494945364987, 34.403771721404006], [71.78493263870952, 34.403841671809396], [71.78518766237714, 34.40388362195849], [71.78520447711892, 34.40381367150691]]]]}, "properties": {"id": "8J6HCQ3P+G2P2", "height": 4.000414848327637, "hmax": 0.0, "ratio": 0.0, "vulnClass": "none"}}, {"type": "Feature", "geometry": {"type": "MultiPolygon", "coordinates": [[[[71.78495703020438, 34.403761285194996], [71.78488767466256, 34.40374936590256], [71.78487763256717, 34.40379011158402], [71.78494688295618, 34.403801937985236], [71.78495703020438, 34.403761285194996]]]]}, "properties": {"id": "8J6HCQ3M+GX73", "height": 3.288100242614746, "hmax": 0.0, "ratio": 0.0, "vulnClass": "none"}}, {"type": "Feature", "geometry": {"type": "MultiPolygon", "coordinates": [[[[71.78511333491866, 34.4034988779208], [71.78496117125371, 34.40348559151218], [71.7849428017288, 34.40363022010285], [71.7850949656495, 34.4036435065487], [71.78511333491866, 34.4034988779208]]]]}, "properties": {"id": "8J6HCQ3P+C2CH", "height": 3.245979309082031, "hmax": 0.0, "ratio": 0.0, "vulnClass": "none"}}, {"type": "Feature", "geometry": {"type": "MultiPolygon", "coordinates": [[[[71.78495977941841, 34.403450944371706], [71.78487062386169, 34.40343643117258], [71.78485078288787, 34.403520092092236], [71.78493993852771, 34.403534605310504], [71.78495977941841, 34.403450944371706]]]]}, "properties": {"id": "8J6HCQ3M+9XRH", "height": 2.938212394714355, "hmax": 0.0, "ratio": 0.0, "vulnClass": "none"}}, {"type": "Feature", "geometry": {"type": "MultiPolygon", "coordinates": [[[[71.78479235400394, 34.403435814160524], [71.7847496618215, 34.403434690996804], [71.78474779988939, 34.40348331306], [71.78479060417601, 34.4034843490428], [71.78479235400394, 34.403435814160524]]]]}, "properties": {"id": "8J6HCQ3M+9WJ8", "height": 3.125598907470703, "hmax": 0.0, "ratio": 0.0, "vulnClass": "none"}}, {"type": "Feature", "geometry": {"type": "MultiPolygon", "coordinates": [[[[71.78494933086877, 34.403536384631884], [71.78485494026368, 34.403527952778845], [71.78484647611867, 34.40359280510125], [71.78494086679483, 34.40360123696479], [71.78494933086877, 34.403536384631884]]]]}, "properties": {"id": "8J6HCQ3M+CXCG", "height": 2.998725891113281, "hmax": 0.0, "ratio": 0.0, "vulnClass": "none"}}, {"type": "Feature", "geometry": {"type": "MultiPolygon", "coordinates": [[[[71.78481989353715, 34.40351459261596], [71.78473340379382, 34.40350997378856], [71.78471644478674, 34.4037256631167], [71.78490331237181, 34.403735716766384], [71.7849094554592, 34.40365764416958], [71.78480907792921, 34.403652209381825], [71.78481989353715, 34.40351459261596]]]]}, "properties": {"id": "8J6HCQ3M+FW3M", "height": 3.406853199005127, "hmax": 0.0, "ratio": 0.0, "vulnClass": "none"}}, {"type": "Feature", "geometry": {"type": "MultiPolygon", "coordinates": [[[[71.78464537195066, 34.40339796763167], [71.78455334904031, 34.40339302284252], [71.78452795124039, 34.403715476270264], [71.7847070041578, 34.40372514434844], [71.78471103702559, 34.40367378532463], [71.78462400742033, 34.40366906208012], [71.78464537195066, 34.40339796763167]]]]}, "properties": {"id": "8J6HCQ3M+CRQ2", "height": 3.002993583679199, "hmax": 0.0, "ratio": 0.0, "vulnClass": "none"}}, {"type": "Feature", "geometry": {"type": "MultiPolygon", "coordinates": [[[[71.78432669053028, 34.403431043404495], [71.7842699987072, 34.40342919118655], [71.78425611648382, 34.40371499359179], [71.78434441001426, 34.40371794772524], [71.78435133117222, 34.40357698381828], [71.78431962107777, 34.40357587906642], [71.78432669053028, 34.403431043404495]]]]}, "properties": {"id": "8J6HCQ3M+CPMG", "height": 2.660934925079346, "hmax": 0.074, "ratio": 0.028, "vulnClass": "none"}}, {"type": "Feature", "geometry": {"type": "MultiPolygon", "coordinates": [[[[71.78452639012279, 34.40355464049067], [71.78441945865357, 34.403547140186134], [71.78441390650822, 34.40360125329989], [71.78452083459686, 34.40360884365391], [71.78452639012279, 34.40355464049067]]]]}, "properties": {"id": "8J6HCQ3M+CQQ2", "height": 2.821297407150269, "hmax": 0.0, "ratio": 0.0, "vulnClass": "none"}}, {"type": "Feature", "geometry": {"type": "MultiPolygon", "coordinates": [[[[71.7845486416167, 34.40379704891618], [71.78455497298386, 34.40371690827558], [71.7844570905138, 34.40371162897365], [71.78445075905434, 34.403791769604005], [71.7845486416167, 34.40379704891618]]]]}, "properties": {"id": "8J6HCQ3M+GR22", "height": 2.659634113311768, "hmax": 0.0, "ratio": 0.0, "vulnClass": "none"}}, {"type": "Feature", "geometry": {"type": "MultiPolygon", "coordinates": [[[[71.78431443107904, 34.40371706878383], [71.78421993174472, 34.40371431186155], [71.7842167124499, 34.40378984752288], [71.78431121186883, 34.40379260445241], [71.78431443107904, 34.40371706878383]]]]}, "properties": {"id": "8J6HCQ3M+GP23", "height": 3.123926877975464, "hmax": 0.074, "ratio": 0.024, "vulnClass": "none"}}, {"type": "Feature", "geometry": {"type": "MultiPolygon", "coordinates": [[[[71.7838343532683, 34.4035804149098], [71.78373527436175, 34.40357798775748], [71.78372702220659, 34.403807606000534], [71.78393941135151, 34.40381283475785], [71.78394257575216, 34.403727383197364], [71.78382915726682, 34.40372457876484], [71.7838343532683, 34.4035804149098]]]]}, "properties": {"id": "8J6HCQ3M+FGMQ", "height": 3.352599859237671, "hmax": 0.054, "ratio": 0.016, "vulnClass": "none"}}, {"type": "Feature", "geometry": {"type": "MultiPolygon", "coordinates": [[[[71.783044286667, 34.404274543989686], [71.78299059465935, 34.40427385170208], [71.78298920024962, 34.4043499761186], [71.7830427836734, 34.40435066555002], [71.783044286667, 34.404274543989686]]]]}, "properties": {"id": "8J6HCQ3M+P6CG", "height": 2.838128805160522, "hmax": 0.0, "ratio": 0.0, "vulnClass": "none"}}, {"type": "Feature", "geometry": {"type": "MultiPolygon", "coordinates": [[[[71.78545184776861, 34.403933383615765], [71.78522849764917, 34.40387928823507], [71.78520433039465, 34.4039481439659], [71.78526164697604, 34.40396208982596], [71.78523528990178, 34.4040370169075], [71.7854012116504, 34.40407725370779], [71.78545184776861, 34.403933383615765]]]]}, "properties": {"id": "8J6HCQ3P+H4W4", "height": 3.687931537628174, "hmax": 0.0, "ratio": 0.0, "vulnClass": "none"}}, {"type": "Feature", "geometry": {"type": "MultiPolygon", "coordinates": [[[[71.78533363907162, 34.404092601296156], [71.78526001036035, 34.40408435533109], [71.78525233768649, 34.40413138245192], [71.78532596643754, 34.40413962842382], [71.78533363907162, 34.404092601296156]]]]}, "properties": {"id": "8J6HCQ3P+J4VF", "height": 2.533405303955078, "hmax": 0.0, "ratio": 0.0, "vulnClass": "none"}}, {"type": "Feature", "geometry": {"type": "MultiPolygon", "coordinates": [[[[71.7853582334672, 34.404251158758605], [71.78541937386683, 34.40407151235645], [71.7853711978511, 34.40406024055168], [71.78530994872784, 34.40423988406715], [71.7853582334672, 34.404251158758605]]]]}, "properties": {"id": "8J6HCQ3P+M498", "height": 2.974533557891846, "hmax": 0.0, "ratio": 0.0, "vulnClass": "none"}}, {"type": "Feature", "geometry": {"type": "MultiPolygon", "coordinates": [[[[71.78544251731135, 34.40416288361095], [71.78539229445991, 34.40415110731681], [71.78536803071184, 34.40422248422587], [71.78541825360098, 34.40423426053209], [71.78544251731135, 34.40416288361095]]]]}, "properties": {"id": "8J6HCQ3P+M5CQ", "height": 2.811115026473999, "hmax": 0.0, "ratio": 0.0, "vulnClass": "none"}}, {"type": "Feature", "geometry": {"type": "MultiPolygon", "coordinates": [[[[71.78541265817934, 34.40423555545874], [71.78536232152412, 34.40422675049995], [71.78534235483947, 34.40430518056295], [71.78539280361849, 34.404313898348946], [71.78541265817934, 34.40423555545874]]]]}, "properties": {"id": "8J6HCQ3P+P52R", "height": 2.59712553024292, "hmax": 0.0, "ratio": 0.0, "vulnClass": "none"}}, {"type": "Feature", "geometry": {"type": "MultiPolygon", "coordinates": [[[[71.78576989085079, 34.40426072441262], [71.78561910693443, 34.404253964545205], [71.78561292155382, 34.40434735844878], [71.7857417755991, 34.404353181031674], [71.78574264268785, 34.4043390531766], [71.78576457272142, 34.40433999047775], [71.78576989085079, 34.40426072441262]]]]}, "properties": {"id": "8J6HCQ3P+P7G2", "height": 3.310523509979248, "hmax": 0.0, "ratio": 0.0, "vulnClass": "none"}}, {"type": "Feature", "geometry": {"type": "MultiPolygon", "coordinates": [[[[71.78581057991704, 34.4040812609599], [71.78571243645929, 34.40407426328754], [71.78570486449694, 34.4041470707293], [71.78580300803826, 34.40415406841243], [71.78581057991704, 34.4040812609599]]]]}, "properties": {"id": "8J6HCQ3P+J8RC", "height": 2.863468647003174, "hmax": 0.0, "ratio": 0.0, "vulnClass": "none"}}, {"type": "Feature", "geometry": {"type": "MultiPolygon", "coordinates": [[[[71.78587863697595, 34.4041555166562], [71.78571743484655, 34.40414821252589], [71.78571018424363, 34.40425807250424], [71.78587139002893, 34.404265286614915], [71.78587863697595, 34.4041555166562]]]]}, "properties": {"id": "8J6HCQ3P+M8M7", "height": 3.461203575134277, "hmax": 0.0, "ratio": 0.0, "vulnClass": "none"}}, {"type": "Feature", "geometry": {"type": "MultiPolygon", "coordinates": [[[[71.78596816933985, 34.40416589300035], [71.78592988753027, 34.404163173726026], [71.78591923667369, 34.40426528311491], [71.78595751852899, 34.4042680023951], [71.78596816933985, 34.40416589300035]]]]}, "properties": {"id": "8J6HCQ3P+M9PJ", "height": 2.460206508636475, "hmax": 0.0, "ratio": 0.0, "vulnClass": "none"}}, {"type": "Feature", "geometry": {"type": "MultiPolygon", "coordinates": [[[[71.7889493673751, 34.40309300646388], [71.7888499429283, 34.403076874386194], [71.7888363637135, 34.40313339069965], [71.788935893411, 34.40314961568731], [71.7889493673751, 34.40309300646388]]]]}, "properties": {"id": "Pakistan_123102132_258777", "height": 2.749953985214233, "hmax": 0.127, "ratio": 0.046, "vulnClass": "low"}}, {"type": "Feature", "geometry": {"type": "MultiPolygon", "coordinates": [[[[71.7889515543234, 34.40250125910296], [71.78895588905607, 34.40255851650001], [71.78928450095079, 34.402541462396805], [71.78927864565938, 34.402464245946504], [71.78929465913671, 34.40246349492488], [71.7892878564451, 34.40237408580198], [71.78918630627706, 34.40237943965816], [71.78919463950228, 34.40248853770897], [71.7889515543234, 34.40250125910296]]]]}, "properties": {"id": "Pakistan_123102132_400571", "height": 4.42067813873291, "hmax": 0.0, "ratio": 0.0, "vulnClass": "none"}}, {"type": "Feature", "geometry": {"type": "MultiPolygon", "coordinates": [[[[71.78912095016358, 34.4022601007178], [71.78904199804195, 34.40225460143043], [71.78903713145375, 34.402302243382145], [71.7891160836194, 34.402307742675134], [71.78912095016358, 34.4022601007178]]]]}, "properties": {"id": "8J6HCQ2Q+WJ88", "height": 2.7909836769104, "hmax": 0.0, "ratio": 0.0, "vulnClass": "none"}}, {"type": "Feature", "geometry": {"type": "MultiPolygon", "coordinates": [[[[71.78166566560354, 34.39878177659848], [71.78142130553564, 34.39877696417458], [71.78141999548158, 34.398825330296496], [71.78166435568986, 34.398830142730915], [71.78166566560354, 34.39878177659848]]]]}, "properties": {"id": "8J6H9QXJ+GJF3", "height": 5.629281044006348, "hmax": 0.0, "ratio": 0.0, "vulnClass": "none"}}, {"type": "Feature", "geometry": {"type": "MultiPolygon", "coordinates": [[[[71.78146707132183, 34.398712012842715], [71.78141594343458, 34.39870976512339], [71.78141221224602, 34.39877023524065], [71.78146323154465, 34.398772480103055], [71.78146707132183, 34.398712012842715]]]]}, "properties": {"id": "8J6H9QXJ+FHWJ", "height": 2.501537084579468, "hmax": 0.0, "ratio": 0.0, "vulnClass": "none"}}, {"type": "Feature", "geometry": {"type": "MultiPolygon", "coordinates": [[[[71.7817821428412, 34.39878403246515], [71.78166566560354, 34.39878177659848], [71.78166435568986, 34.398830142730915], [71.78178072436917, 34.39883239574235], [71.7817821428412, 34.39878403246515]]]]}, "properties": {"id": "8J6H9QXJ+GMH6", "height": 5.859934329986572, "hmax": 0.0, "ratio": 0.0, "vulnClass": "none"}}, {"type": "Feature", "geometry": {"type": "MultiPolygon", "coordinates": [[[[71.78151841933084, 34.39848154676334], [71.7814384577093, 34.39847980160702], [71.78143708227525, 34.39852420022282], [71.78151704393892, 34.39852594538244], [71.78151841933084, 34.39848154676334]]]]}, "properties": {"id": "8J6H9QXJ+CH53", "height": 3.392955303192139, "hmax": 0.0, "ratio": 0.0, "vulnClass": "none"}}, {"type": "Feature", "geometry": {"type": "MultiPolygon", "coordinates": [[[[71.78704793866989, 34.39928183897116], [71.7869350106172, 34.39928626103265], [71.78694427058902, 34.39945063426311], [71.78705719886392, 34.39944621220554], [71.78704793866989, 34.39928183897116]]]]}, "properties": {"id": "8J6H9QXP+PQXQ", "height": 4.383028984069824, "hmax": 0.0, "ratio": 0.0, "vulnClass": "none"}}, {"type": "Feature", "geometry": {"type": "MultiPolygon", "coordinates": [[[[71.78671384229256, 34.40010181641604], [71.78669674512625, 34.40006270042277], [71.78663008312418, 34.40008275962781], [71.78664718026195, 34.4001218756288], [71.78671384229256, 34.40010181641604]]]]}, "properties": {"id": "8J6HCQ2P+2MMP", "height": 4.315902709960938, "hmax": 0.0, "ratio": 0.0, "vulnClass": "none"}}, {"type": "Feature", "geometry": {"type": "MultiPolygon", "coordinates": [[[[71.78702271724636, 34.399801776542134], [71.78695469766248, 34.39979764495513], [71.78693873951481, 34.399978840755615], [71.78726647196378, 34.39999872267306], [71.78727509442855, 34.39990124658052], [71.78701538200535, 34.39988549630205], [71.78702271724636, 34.399801776542134]]]]}, "properties": {"id": "8J6H9QXP+XRG5", "height": 3.153217315673828, "hmax": 0.0, "ratio": 0.0, "vulnClass": "none"}}, {"type": "Feature", "geometry": {"type": "MultiPolygon", "coordinates": [[[[71.78688150310572, 34.39977814502805], [71.78684333575048, 34.39969007441078], [71.78666757590187, 34.3997423266237], [71.78670574308735, 34.399830397286244], [71.78688150310572, 34.39977814502805]]]]}, "properties": {"id": "8J6H9QXP+WP2H", "height": 3.339827299118042, "hmax": 0.0, "ratio": 0.0, "vulnClass": "none"}}, {"type": "Feature", "geometry": {"type": "MultiPolygon", "coordinates": [[[[71.78672473530779, 34.39987397955298], [71.78668274346194, 34.399777876752864], [71.78650036235136, 34.399832658582554], [71.7865927468635, 34.40004401281033], [71.78670318689488, 34.40001086381362], [71.78665268527041, 34.39989560961944], [71.78672473530779, 34.39987397955298]]]]}, "properties": {"id": "8J6H9QXP+XJ94", "height": 3.429448843002319, "hmax": 0.0, "ratio": 0.0, "vulnClass": "none"}}, {"type": "Feature", "geometry": {"type": "MultiPolygon", "coordinates": [[[[71.78712291268774, 34.399578810898994], [71.78695280176703, 34.39958290145335], [71.78695546157611, 34.39965832146205], [71.78712557265025, 34.39965423091262], [71.78712291268774, 34.399578810898994]]]]}, "properties": {"id": "8J6H9QXP+RRVM", "height": 5.271708965301514, "hmax": 0.0, "ratio": 0.0, "vulnClass": "none"}}, {"type": "Feature", "geometry": {"type": "MultiPolygon", "coordinates": [[[[71.78732682146006, 34.399561007190705], [71.7872602490963, 34.39956736909741], [71.78726757577628, 34.39962028872989], [71.78733426025373, 34.39961383963577], [71.78732682146006, 34.399561007190705]]]]}, "properties": {"id": "8J6H9QXP+RWMP", "height": 5.376113891601562, "hmax": 0.0, "ratio": 0.0, "vulnClass": "none"}}, {"type": "Feature", "geometry": {"type": "MultiPolygon", "coordinates": [[[[71.78758647293195, 34.39954421763144], [71.78736184798024, 34.3995720226457], [71.78737118167926, 34.39962364305457], [71.7875958067689, 34.39959583803091], [71.78758647293195, 34.39954421763144]]]]}, "properties": {"id": "8J6H9QXP+RXQ7", "height": 4.593098640441895, "hmax": 0.0, "ratio": 0.0, "vulnClass": "none"}}, {"type": "Feature", "geometry": {"type": "MultiPolygon", "coordinates": [[[[71.7879800243006, 34.39962288092316], [71.78795817248931, 34.399469262990294], [71.78771674669927, 34.39949284159506], [71.78773870669441, 34.39964646240117], [71.7879800243006, 34.39962288092316]]]]}, "properties": {"id": "8J6H9QXQ+R4H6", "height": 5.222282886505127, "hmax": 0.0, "ratio": 0.0, "vulnClass": "none"}}, {"type": "Feature", "geometry": {"type": "MultiPolygon", "coordinates": [[[[71.78715298356965, 34.39967387913568], [71.78711661444758, 34.399678060580925], [71.78712299213228, 34.39971599341231], [71.78715925264382, 34.39971180911057], [71.78715298356965, 34.39967387913568]]]]}, "properties": {"id": "8J6H9QXP+VVCM", "height": 3.739084243774414, "hmax": 0.0, "ratio": 0.0, "vulnClass": "none"}}, {"type": "Feature", "geometry": {"type": "MultiPolygon", "coordinates": [[[[71.78719557310254, 34.39969753162482], [71.78715642951201, 34.399697494091065], [71.7871563550511, 34.39973354480791], [71.78719549521351, 34.39973367238377], [71.78719557310254, 34.39969753162482]]]]}, "properties": {"id": "8J6H9QXP+VVMP", "height": 3.049801349639893, "hmax": 0.0, "ratio": 0.0, "vulnClass": "none"}}, {"type": "Feature", "geometry": {"type": "MultiPolygon", "coordinates": [[[[71.7891524553344, 34.400162210990835], [71.78911819810213, 34.40010831353716], [71.78894524352731, 34.400183896737424], [71.78908649198254, 34.40040572649703], [71.78913360072384, 34.40038515224541], [71.78902671796567, 34.40021722287384], [71.7891524553344, 34.400162210990835]]]]}, "properties": {"id": "8J6HCQ2Q+3JVG", "height": 6.472445011138916, "hmax": 0.0, "ratio": 0.0, "vulnClass": "none"}}, {"type": "Feature", "geometry": {"type": "MultiPolygon", "coordinates": [[[[71.78908573818353, 34.4000642876537], [71.78907322839335, 34.40000185822622], [71.78893636940835, 34.400020705403286], [71.78896191661619, 34.40014882288391], [71.78907122948164, 34.40013375858336], [71.78905807980685, 34.400068157732804], [71.78908573818353, 34.4000642876537]]]]}, "properties": {"id": "8J6HCQ2Q+2JCV", "height": 3.372077465057373, "hmax": 0.0, "ratio": 0.0, "vulnClass": "none"}}, {"type": "Feature", "geometry": {"type": "MultiPolygon", "coordinates": [[[[71.78750015991913, 34.39939296125472], [71.7874641806555, 34.39939832476737], [71.7874734346934, 34.399440659511875], [71.78750941741959, 34.399435205956365], [71.78750015991913, 34.39939296125472]]]]}, "properties": {"id": "8J6H9QXP+QX9P", "height": 4.539942741394043, "hmax": 0.0, "ratio": 0.0, "vulnClass": "none"}}, {"type": "Feature", "geometry": {"type": "MultiPolygon", "coordinates": [[[[71.78718185150612, 34.39938828962615], [71.78714103204463, 34.39938658566735], [71.78713857147034, 34.399428161824765], [71.7871793943968, 34.39942977574438], [71.78718185150612, 34.39938828962615]]]]}, "properties": {"id": "8J6H9QXP+QV76", "height": 3.434977769851685, "hmax": 0.0, "ratio": 0.0, "vulnClass": "none"}}, {"type": "Feature", "geometry": {"type": "MultiPolygon", "coordinates": [[[[71.78719033547509, 34.39927738027134], [71.78714620054585, 34.399279915482865], [71.78715349747793, 34.39936771530272], [71.78719774108009, 34.39936518294665], [71.78719033547509, 34.39927738027134]]]]}, "properties": {"id": "8J6H9QXP+PVFW", "height": 3.509331226348877, "hmax": 0.0, "ratio": 0.0, "vulnClass": "none"}}, {"type": "Feature", "geometry": {"type": "MultiPolygon", "coordinates": [[[[71.79007244176412, 34.3988375546913], [71.79011723170865, 34.39874391237294], [71.79006020866598, 34.398725199596136], [71.7900154186712, 34.39881884189081], [71.79007244176412, 34.3988375546913]]]]}, "properties": {"id": "8J6H9QXR+G286", "height": 2.69331693649292, "hmax": 0.0, "ratio": 0.0, "vulnClass": "none"}}, {"type": "Feature", "geometry": {"type": "MultiPolygon", "coordinates": [[[[71.79051445955696, 34.399030778327315], [71.79032497169447, 34.398933056656155], [71.79029587324271, 34.39897177021565], [71.79054859630666, 34.399102067682236], [71.79058537873289, 34.3990529202834], [71.79052225222367, 34.39902034740823], [71.79051445955696, 34.399030778327315]]]]}, "properties": {"id": "8J6H9QXR+J54J", "height": 5.276327610015869, "hmax": 0.0, "ratio": 0.0, "vulnClass": "none"}}, {"type": "Feature", "geometry": {"type": "MultiPolygon", "coordinates": [[[[71.79048972224408, 34.39916307313188], [71.7903047205374, 34.3990873712546], [71.79026196521623, 34.399159074915204], [71.79053090525966, 34.39926906800556], [71.79055878921976, 34.39922230076898], [71.79047496309221, 34.399187922458694], [71.79048972224408, 34.39916307313188]]]]}, "properties": {"id": "8J6H9QXR+M5C5", "height": 4.322999477386475, "hmax": 0.0, "ratio": 0.0, "vulnClass": "none"}}, {"type": "Feature", "geometry": {"type": "MultiPolygon", "coordinates": [[[[71.79061350094076, 34.3991820064335], [71.79056474881374, 34.39916594462591], [71.79054478384748, 34.39920751190659], [71.79059364462022, 34.399223576575636], [71.79061350094076, 34.3991820064335]]]]}, "properties": {"id": "8J6H9QXR+M6GP", "height": 2.803598165512085, "hmax": 0.0, "ratio": 0.0, "vulnClass": "none"}}, {"type": "Feature", "geometry": {"type": "MultiPolygon", "coordinates": [[[[71.79059524889668, 34.399232812146316], [71.79199270120648, 34.39979974572683], [71.79201048882938, 34.399678534628286], [71.79191861772752, 34.399641242164144], [71.79188704916183, 34.3996649293934], [71.7917820816238, 34.39965451287695], [71.79157820684203, 34.3995718279675], [71.7915848358076, 34.399526395280255], [71.79151995046155, 34.399519914960095], [71.79156685509112, 34.399484733018205], [71.79157377355027, 34.39943741516225], [71.79159515075919, 34.399401563078634], [71.79155103286635, 34.39938373054165], [71.7915083834076, 34.39941568930747], [71.79144306364765, 34.399409197544884], [71.79140518449344, 34.39947282764279], [71.79116950939633, 34.39937722956357], [71.791175545782, 34.3993359274095], [71.79122202078752, 34.39925792170668], [71.79110541558298, 34.39921060557024], [71.79106800519752, 34.39927334654914], [71.79102261787745, 34.39926882000518], [71.7909555677328, 34.399208023202185], [71.7909634946233, 34.39915424237603], [71.79089528699258, 34.39912658365868], [71.79088435800239, 34.399116652595396], [71.79085467690247, 34.39911371009864], [71.79082353481664, 34.39916607016399], [71.7906780206356, 34.39910699847428], [71.79065048295574, 34.39912763661174], [71.79061127025695, 34.39912372271377], [71.79059524889668, 34.399232812146316]]]]}, "properties": {"id": "Pakistan_123102132_366449", "height": 6.187846660614014, "hmax": 0.0, "ratio": 0.0, "vulnClass": "none"}}, {"type": "Feature", "geometry": {"type": "MultiPolygon", "coordinates": [[[[71.79059926262349, 34.398994068267825], [71.79054823380358, 34.39898921314802], [71.79054284351996, 34.399027828276466], [71.79059387236269, 34.39903268339979], [71.79059926262349, 34.398994068267825]]]]}, "properties": {"id": "8J6H9QXR+J64F", "height": 3.580024003982544, "hmax": 0.0, "ratio": 0.0, "vulnClass": "none"}}, {"type": "Feature", "geometry": {"type": "MultiPolygon", "coordinates": [[[[71.79096724120393, 34.39903058976589], [71.79092015240838, 34.399007992150985], [71.790891157895, 34.399049682938625], [71.79093835533085, 34.39907228341759], [71.79096724120393, 34.39903058976589]]]]}, "properties": {"id": "8J6H9QXR+J97P", "height": 4.673697471618652, "hmax": 0.0, "ratio": 0.0, "vulnClass": "none"}}, {"type": "Feature", "geometry": {"type": "MultiPolygon", "coordinates": [[[[71.79102832612931, 34.399059683803884], [71.79096724120393, 34.39903058976589], [71.79093835533085, 34.39907228341759], [71.79099944027423, 34.399101377471], [71.79102832612931, 34.399059683803884]]]]}, "properties": {"id": "8J6H9QXR+J9HM", "height": 5.20646858215332, "hmax": 0.0, "ratio": 0.0, "vulnClass": "none"}}, {"type": "Feature", "geometry": {"type": "MultiPolygon", "coordinates": [[[[71.79099493519674, 34.398903419850484], [71.79090645792988, 34.3988570223212], [71.79087360993479, 34.398899963904874], [71.7909620872249, 34.39894636145922], [71.79099493519674, 34.398903419850484]]]]}, "properties": {"id": "8J6H9QXR+H975", "height": 3.844086647033691, "hmax": 0.0, "ratio": 0.0, "vulnClass": "none"}}, {"type": "Feature", "geometry": {"type": "MultiPolygon", "coordinates": [[[[71.79108956002715, 34.39889707134458], [71.79097986865396, 34.39883957146667], [71.79094941884124, 34.39887951155687], [71.79105911024132, 34.39893701146359], [71.79108956002715, 34.39889707134458]]]]}, "properties": {"id": "8J6H9QXR+HC2G", "height": 3.225525379180908, "hmax": 0.0, "ratio": 0.0, "vulnClass": "none"}}, {"type": "Feature", "geometry": {"type": "MultiPolygon", "coordinates": [[[[71.79094941884124, 34.39887951155687], [71.79101763866811, 34.39879017945942], [71.79097468122104, 34.39876760020753], [71.79090645792988, 34.3988570223212], [71.79094941884124, 34.39887951155687]]]]}, "properties": {"id": "8J6H9QXR+G9GX", "height": 3.661468505859375, "hmax": 0.0, "ratio": 0.0, "vulnClass": "none"}}, {"type": "Feature", "geometry": {"type": "MultiPolygon", "coordinates": [[[[71.79075365748642, 34.39877522646969], [71.79064730984015, 34.39871844502433], [71.79061277044633, 34.39876296449477], [71.79071911812075, 34.398819745971714], [71.79075365748642, 34.39877522646969]]]]}, "properties": {"id": "8J6H9QXR+G73Q", "height": 3.630906105041504, "hmax": 0.0, "ratio": 0.0, "vulnClass": "none"}}, {"type": "Feature", "geometry": {"type": "MultiPolygon", "coordinates": [[[[71.7906909782724, 34.39887606050618], [71.79060023383416, 34.39882924270105], [71.79056162403391, 34.39888068555006], [71.79065236850157, 34.398927503385494], [71.7906909782724, 34.39887606050618]]]]}, "properties": {"id": "8J6H9QXR+H722", "height": 4.165334224700928, "hmax": 0.0, "ratio": 0.0, "vulnClass": "none"}}, {"type": "Feature", "geometry": {"type": "MultiPolygon", "coordinates": [[[[71.79062410902512, 34.39891297116175], [71.79060325507339, 34.39894081507794], [71.7905878985016, 34.398932930888925], [71.79055581758452, 34.398975712260004], [71.79059932158196, 34.39899821587896], [71.79065236850157, 34.398927503385494], [71.79062410902512, 34.39891297116175]]]]}, "properties": {"id": "8J6H9QXR+H6Q7", "height": 4.189731597900391, "hmax": 0.0, "ratio": 0.0, "vulnClass": "none"}}, {"type": "Feature", "geometry": {"type": "MultiPolygon", "coordinates": [[[[71.79023155650867, 34.39888499673038], [71.79022271261177, 34.39888025788169], [71.79020509968835, 34.39890295919841], [71.79031474581372, 34.398961630285214], [71.79035785571479, 34.39890624976697], [71.79034133870044, 34.39889743375537], [71.7903270445971, 34.39891580578853], [71.79024265078183, 34.39887068673761], [71.79023155650867, 34.39888499673038]]]]}, "properties": {"id": "8J6H9QXR+H46H", "height": 4.966513156890869, "hmax": 0.0, "ratio": 0.0, "vulnClass": "none"}}, {"type": "Feature", "geometry": {"type": "MultiPolygon", "coordinates": [[[[71.79037685742753, 34.3988500558691], [71.79029746908597, 34.39882760125358], [71.79028093688567, 34.39886754613646], [71.79036043388508, 34.3988900036171], [71.79037685742753, 34.3988500558691]]]]}, "properties": {"id": "8J6H9QXR+G4W8", "height": 4.663339138031006, "hmax": 0.0, "ratio": 0.0, "vulnClass": "none"}}, {"type": "Feature", "geometry": {"type": "MultiPolygon", "coordinates": [[[[71.79045305868459, 34.39875390342298], [71.79036866495021, 34.39870878446351], [71.79030714405945, 34.398787836814925], [71.79039153783334, 34.398832955819046], [71.79045305868459, 34.39875390342298]]]]}, "properties": {"id": "8J6H9QXR+G52R", "height": 5.093176364898682, "hmax": 0.0, "ratio": 0.0, "vulnClass": "none"}}, {"type": "Feature", "geometry": {"type": "MultiPolygon", "coordinates": [[[[71.79052089569619, 34.398788402660415], [71.79045787459017, 34.39875592265724], [71.79041926474373, 34.39880736545876], [71.79048228931147, 34.39883975544152], [71.79052089569619, 34.398788402660415]]]]}, "properties": {"id": "8J6H9QXR+G59R", "height": 3.733740329742432, "hmax": 0.0, "ratio": 0.0, "vulnClass": "none"}}, {"type": "Feature", "geometry": {"type": "MultiPolygon", "coordinates": [[[[71.7906637296729, 34.39869850639587], [71.79052952291251, 34.39862810446473], [71.79047973099028, 34.39869331421396], [71.79061393780428, 34.398763716202716], [71.7906637296729, 34.39869850639587]]]]}, "properties": {"id": "8J6H9QXR+F6GV", "height": 4.846535205841064, "hmax": 0.0, "ratio": 0.0, "vulnClass": "none"}}, {"type": "Feature", "geometry": {"type": "MultiPolygon", "coordinates": [[[[71.7903492280526, 34.39873369119955], [71.79016531194071, 34.39863530443594], [71.79012311926262, 34.39868944713192], [71.79030714405945, 34.398787836814925], [71.7903492280526, 34.39873369119955]]]]}, "properties": {"id": "8J6H9QXR+F3QG", "height": 4.907755851745605, "hmax": 0.0, "ratio": 0.0, "vulnClass": "none"}}, {"type": "Feature", "geometry": {"type": "MultiPolygon", "coordinates": [[[[71.79052815057742, 34.39862987106397], [71.79032802962077, 34.3985230372834], [71.79027977020492, 34.39858513258132], [71.79047978260934, 34.39869196359243], [71.79052815057742, 34.39862987106397]]]]}, "properties": {"id": "8J6H9QXR+C5R9", "height": 5.516866683959961, "hmax": 0.0, "ratio": 0.0, "vulnClass": "none"}}, {"type": "Feature", "geometry": {"type": "MultiPolygon", "coordinates": [[[[71.79062764815936, 34.398501702527454], [71.79057298302033, 34.39847250648551], [71.79054141938262, 34.39851313827999], [71.79059608453484, 34.398542334336774], [71.79062764815936, 34.398501702527454]]]]}, "properties": {"id": "8J6H9QXR+C648", "height": 3.944263458251953, "hmax": 0.0, "ratio": 0.0, "vulnClass": "none"}}, {"type": "Feature", "geometry": {"type": "MultiPolygon", "coordinates": [[[[71.79076139724008, 34.39856416073084], [71.79071164863716, 34.398545729398656], [71.79069736742228, 34.39857230381341], [71.79074700741099, 34.39859073229978], [71.79076139724008, 34.39856416073084]]]]}, "properties": {"id": "8J6H9QXR+C7HM", "height": 3.426196575164795, "hmax": 0.0, "ratio": 0.0, "vulnClass": "none"}}, {"type": "Feature", "geometry": {"type": "MultiPolygon", "coordinates": [[[[71.79070530977205, 34.39860063348921], [71.79059608453484, 34.398542334336774], [71.79053673111206, 34.39861873977692], [71.79064595639882, 34.398677038985106], [71.79070530977205, 34.39860063348921]]]]}, "properties": {"id": "8J6H9QXR+C6X9", "height": 4.354998111724854, "hmax": 0.0, "ratio": 0.0, "vulnClass": "none"}}, {"type": "Feature", "geometry": {"type": "MultiPolygon", "coordinates": [[[[71.7909335868043, 34.398653586063034], [71.79084947990488, 34.39861802893503], [71.79073609680869, 34.3988022555671], [71.7908581915106, 34.39885386223668], [71.79088323069031, 34.398813239314215], [71.79084513439791, 34.39879718701378], [71.7909335868043, 34.398653586063034]]]]}, "properties": {"id": "8J6H9QXR+F8WH", "height": 5.262158870697021, "hmax": 0.0, "ratio": 0.0, "vulnClass": "none"}}, {"type": "Feature", "geometry": {"type": "MultiPolygon", "coordinates": [[[[71.79094306968263, 34.398670058774194], [71.79093163591185, 34.39868472044878], [71.79100281837576, 34.398722732270386], [71.79102797196428, 34.39869049457745], [71.79097831219443, 34.39866404395092], [71.79096470099135, 34.398681622808496], [71.79094306968263, 34.398670058774194]]]]}, "properties": {"id": "8J6H9QXR+F9HM", "height": 2.807735204696655, "hmax": 0.0, "ratio": 0.0, "vulnClass": "none"}}, {"type": "Feature", "geometry": {"type": "MultiPolygon", "coordinates": [[[[71.79099887401985, 34.39858977440665], [71.79083088650054, 34.39850136081919], [71.79077812609434, 34.39857027829315], [71.79094611712496, 34.39865860191552], [71.79099887401985, 34.39858977440665]]]]}, "properties": {"id": "8J6H9QXR+C9J3", "height": 4.637926578521729, "hmax": 0.0, "ratio": 0.0, "vulnClass": "none"}}, {"type": "Feature", "geometry": {"type": "MultiPolygon", "coordinates": [[[[71.79110427257118, 34.39851773225382], [71.79105205746308, 34.39848986259206], [71.79098309132324, 34.3985788145979], [71.79103520127369, 34.39860659139714], [71.79110427257118, 34.39851773225382]]]]}, "properties": {"id": "8J6H9QXR+CC7V", "height": 2.723598003387451, "hmax": 0.0, "ratio": 0.0, "vulnClass": "none"}}, {"type": "Feature", "geometry": {"type": "MultiPolygon", "coordinates": [[[[71.79147598014076, 34.39847368207162], [71.79144262782202, 34.39852129743983], [71.79150519205622, 34.39855151165106], [71.7915386529801, 34.3985038991162], [71.79147598014076, 34.39847368207162]]]]}, "properties": {"id": "8J6H9QXR+CH5G", "height": 3.926488161087036, "hmax": 0.068, "ratio": 0.017, "vulnClass": "none"}}, {"type": "Feature", "geometry": {"type": "MultiPolygon", "coordinates": [[[[71.79148044983305, 34.39862990774853], [71.79149207813421, 34.39861299783011], [71.7914298053367, 34.39858369258029], [71.79137729260817, 34.398660368165835], [71.79141852388854, 34.39867974734774], [71.79145951347648, 34.39862007455267], [71.79148044983305, 34.39862990774853]]]]}, "properties": {"id": "8J6H9QXR+FH38", "height": 6.021755218505859, "hmax": 0.0, "ratio": 0.0, "vulnClass": "none"}}, {"type": "Feature", "geometry": {"type": "MultiPolygon", "coordinates": [[[[71.79125390012297, 34.39879070410211], [71.79120347739513, 34.398775680275136], [71.79118379596702, 34.39882122091885], [71.79123422215784, 34.39883615471369], [71.79125390012297, 34.39879070410211]]]]}, "properties": {"id": "8J6H9QXR+GFH6", "height": 5.340685844421387, "hmax": 0.0, "ratio": 0.0, "vulnClass": "none"}}, {"type": "Feature", "geometry": {"type": "MultiPolygon", "coordinates": [[[[71.79114360923916, 34.39889686802221], [71.79106474355902, 34.39900016150887], [71.79115055357272, 34.399045227056554], [71.79118340149508, 34.39900228539445], [71.79123627559649, 34.3990299920466], [71.79128229328046, 34.39896964014273], [71.79114360923916, 34.39889686802221]]]]}, "properties": {"id": "8J6H9QXR+HFV3", "height": 4.683828830718994, "hmax": 0.0, "ratio": 0.0, "vulnClass": "none"}}, {"type": "Feature", "geometry": {"type": "MultiPolygon", "coordinates": [[[[71.7913986784465, 34.39885480316622], [71.79134861841779, 34.398847359992885], [71.79134306184825, 34.39887326221533], [71.79139312189156, 34.39888070539178], [71.7913986784465, 34.39885480316622]]]]}, "properties": {"id": "8J6H9QXR+GGXH", "height": 4.322165489196777, "hmax": 0.0, "ratio": 0.0, "vulnClass": "none"}}, {"type": "Feature", "geometry": {"type": "MultiPolygon", "coordinates": [[[[71.79130676964495, 34.39898073802115], [71.79133961243447, 34.398900932261164], [71.7913055116026, 34.398891294221514], [71.79127256015946, 34.398971097118995], [71.79130676964495, 34.39898073802115]]]]}, "properties": {"id": "8J6H9QXR+HGFH", "height": 5.411334037780762, "hmax": 0.0, "ratio": 0.0, "vulnClass": "none"}}, {"type": "Feature", "geometry": {"type": "MultiPolygon", "coordinates": [[[[71.79155181035084, 34.39881979607415], [71.79151216270286, 34.39881019274556], [71.79149369945891, 34.39886369702444], [71.79153291606391, 34.39887319891236], [71.79155181035084, 34.39881979607415]]]]}, "properties": {"id": "8J6H9QXR+GJJP", "height": 3.616047859191895, "hmax": 0.0, "ratio": 0.0, "vulnClass": "none"}}, {"type": "Feature", "geometry": {"type": "MultiPolygon", "coordinates": [[[[71.79140280662314, 34.39922201847892], [71.79160460883575, 34.39925931293601], [71.79164232553656, 34.39912023815671], [71.79151210960019, 34.399096179657604], [71.79152982866864, 34.39903084857274], [71.79168304437293, 34.399059116074284], [71.79169216237372, 34.3990253757204], [71.79166927114757, 34.39902116954754], [71.79172926715967, 34.39879984840467], [71.79169859962134, 34.39879426639877], [71.79168088418736, 34.398859507478896], [71.791614478045, 34.398847308996885], [71.79161789944527, 34.398834600090005], [71.79155667987422, 34.398823258782755], [71.79154175316155, 34.3988781177533], [71.79149835026934, 34.39887003821244], [71.79140280662314, 34.39922201847892]]]]}, "properties": {"id": "Pakistan_123102132_344989", "height": 5.760801315307617, "hmax": 0.0, "ratio": 0.0, "vulnClass": "none"}}, {"type": "Feature", "geometry": {"type": "MultiPolygon", "coordinates": [[[[71.79151468654216, 34.398786824723125], [71.7913447178693, 34.3987473915255], [71.79132166426415, 34.39881573714912], [71.79149139516558, 34.398855704931506], [71.79151468654216, 34.398786824723125]]]]}, "properties": {"id": "8J6H9QXR+GHF3", "height": 5.425813674926758, "hmax": 0.0, "ratio": 0.0, "vulnClass": "none"}}, {"type": "Feature", "geometry": {"type": "MultiPolygon", "coordinates": [[[[71.79134450208204, 34.398744501641914], [71.79129754851714, 34.39872974919317], [71.79126694265233, 34.398796544556475], [71.7913137841807, 34.398811384208365], [71.79134450208204, 34.398744501641914]]]]}, "properties": {"id": "8J6H9QXR+GG3X", "height": 4.458417892456055, "hmax": 0.0, "ratio": 0.0, "vulnClass": "none"}}, {"type": "Feature", "geometry": {"type": "MultiPolygon", "coordinates": [[[[71.79158259209768, 34.39877400596807], [71.79153291593238, 34.39875936240125], [71.79152099030311, 34.39878690007417], [71.7915707751081, 34.39880154649815], [71.79158259209768, 34.39877400596807]]]]}, "properties": {"id": "8J6H9QXR+GJ78", "height": 4.361340045928955, "hmax": 0.0, "ratio": 0.0, "vulnClass": "none"}}, {"type": "Feature", "geometry": {"type": "MultiPolygon", "coordinates": [[[[71.79271253893191, 34.39882601558833], [71.792025027148, 34.398560740522285], [71.79199098660719, 34.39862068604817], [71.79224194605527, 34.398717494843886], [71.79219717937283, 34.398796357000926], [71.79201672923273, 34.39872672586044], [71.79196985572011, 34.39880949843001], [71.79205215253184, 34.398841221756356], [71.79205529525889, 34.39883580620082], [71.792492384369, 34.39900446769727], [71.79257528545843, 34.39885810597009], [71.7926730115765, 34.39889582196866], [71.79271253893191, 34.39882601558833]]]]}, "properties": {"id": "Pakistan_123102132_104383", "height": 4.828124046325684, "hmax": 0.0, "ratio": 0.0, "vulnClass": "none"}}, {"type": "Feature", "geometry": {"type": "MultiPolygon", "coordinates": [[[[71.79198618952849, 34.398635251628455], [71.79179846831043, 34.3986136498684], [71.79179098776272, 34.39865860956499], [71.79197871251723, 34.39868012130038], [71.79198618952849, 34.398635251628455]]]]}, "properties": {"id": "8J6H9QXR+FQ2V", "height": 3.070978879928589, "hmax": 0.0, "ratio": 0.0, "vulnClass": "none"}}, {"type": "Feature", "geometry": {"type": "MultiPolygon", "coordinates": [[[[71.79166412204877, 34.398683490645446], [71.79160575040838, 34.398665914895794], [71.79158633119737, 34.398710290781864], [71.79164470286305, 34.398727866542195], [71.79166412204877, 34.398683490645446]]]]}, "properties": {"id": "8J6H9QXR+FMCR", "height": 3.808814525604248, "hmax": 0.0, "ratio": 0.0, "vulnClass": "none"}}, {"type": "Feature", "geometry": {"type": "MultiPolygon", "coordinates": [[[[71.79161330409038, 34.39859058270342], [71.7916279267703, 34.398512371591565], [71.79158962457318, 34.39850740033445], [71.79157488979313, 34.398585698629816], [71.79161330409038, 34.39859058270342]]]]}, "properties": {"id": "8J6H9QXR+CJ9R", "height": 3.47282075881958, "hmax": 0.068, "ratio": 0.02, "vulnClass": "none"}}, {"type": "Feature", "geometry": {"type": "MultiPolygon", "coordinates": [[[[71.79183129054957, 34.39850590254215], [71.79189287111286, 34.39850778933723], [71.79189469471784, 34.39846574562977], [71.79183311074543, 34.39846394887889], [71.79183129054957, 34.39850590254215]]]]}, "properties": {"id": "Pakistan_123102132_249619", "height": 3.429376840591431, "hmax": 0.0, "ratio": 0.0, "vulnClass": "none"}}, {"type": "Feature", "geometry": {"type": "MultiPolygon", "coordinates": [[[[71.7916112152559, 34.39939946109601], [71.79164827281532, 34.39940286744438], [71.79165594565508, 34.39934718712416], [71.79161877949261, 34.399343777927896], [71.7916112152559, 34.39939946109601]]]]}, "properties": {"id": "Pakistan_123102132_163162", "height": 3.90962553024292, "hmax": 0.0, "ratio": 0.0, "vulnClass": "none"}}, {"type": "Feature", "geometry": {"type": "MultiPolygon", "coordinates": [[[[71.79168145446188, 34.39929711251803], [71.79165936349291, 34.399388647355714], [71.79194311833149, 34.39943539321765], [71.79191679276778, 34.3995438518751], [71.79200972031774, 34.39955917989754], [71.79205245901161, 34.39938256168382], [71.79199562044383, 34.39937322834222], [71.79200181830281, 34.39934761331433], [71.79204050038759, 34.39935403653414], [71.7920487595918, 34.39932000321467], [71.79196879873105, 34.399306818215734], [71.79196002243422, 34.39934300112049], [71.79168145446188, 34.39929711251803]]]]}, "properties": {"id": "Pakistan_123102132_98217", "height": 7.499672889709473, "hmax": 0.0, "ratio": 0.0, "vulnClass": "none"}}, {"type": "Feature", "geometry": {"type": "MultiPolygon", "coordinates": [[[[71.79185720504132, 34.399040073159064], [71.791930757206, 34.39905876831345], [71.79194965329087, 34.399008159542774], [71.79187609772471, 34.39898955444344], [71.79185720504132, 34.399040073159064]]]]}, "properties": {"id": "Pakistan_123102132_471263", "height": 5.204469203948975, "hmax": 0.0, "ratio": 0.0, "vulnClass": "none"}}, {"type": "Feature", "geometry": {"type": "MultiPolygon", "coordinates": [[[[71.79183653826807, 34.39912849080821], [71.79206011735637, 34.39919916412172], [71.79208878869385, 34.399137455287836], [71.7920163791635, 34.39911446388851], [71.79202526913402, 34.39909522874841], [71.79187421524193, 34.39904736967471], [71.79183653826807, 34.39912849080821]]]]}, "properties": {"id": "Pakistan_123102132_292683", "height": 6.507009506225586, "hmax": 0.0, "ratio": 0.0, "vulnClass": "none"}}, {"type": "Feature", "geometry": {"type": "MultiPolygon", "coordinates": [[[[71.79178583862041, 34.399069475606716], [71.79174490649218, 34.39906218206086], [71.79177492827456, 34.398948052022554], [71.79169717130986, 34.39893411352102], [71.79168433555374, 34.39898262803771], [71.79172375374569, 34.398989701598424], [71.79169108263282, 34.39911340618236], [71.79177045884043, 34.39912765759227], [71.79178583862041, 34.399069475606716]]]]}, "properties": {"id": "Pakistan_123102132_126144", "height": 4.404269695281982, "hmax": 0.0, "ratio": 0.0, "vulnClass": "none"}}, {"type": "Feature", "geometry": {"type": "MultiPolygon", "coordinates": [[[[71.7916857768467, 34.399072977973354], [71.79155458770333, 34.39904024131848], [71.79154086458756, 34.39907782657048], [71.79167205378197, 34.39911056324292], [71.7916857768467, 34.399072977973354]]]]}, "properties": {"id": "Pakistan_123102132_596940", "height": 4.1593017578125, "hmax": 0.0, "ratio": 0.0, "vulnClass": "none"}}, {"type": "Feature", "geometry": {"type": "MultiPolygon", "coordinates": [[[[71.79142354980597, 34.39894378529207], [71.79135181751327, 34.398931536974246], [71.79133910248298, 34.39898257830919], [71.79141083481625, 34.39899482663675], [71.79142354980597, 34.39894378529207]]]]}, "properties": {"id": "8J6H9QXR+HHJC", "height": 5.390460968017578, "hmax": 0.0, "ratio": 0.0, "vulnClass": "none"}}, {"type": "Feature", "geometry": {"type": "MultiPolygon", "coordinates": [[[[71.79140592152397, 34.39911772759685], [71.79144051598837, 34.39901768813371], [71.79132312458064, 34.398988107540994], [71.79129194998795, 34.39907832224997], [71.7912605908111, 34.399070919337476], [71.79124506466637, 34.39911584802526], [71.79135174492622, 34.39914118169825], [71.7913633580417, 34.39910759700938], [71.79140592152397, 34.39911772759685]]]]}, "properties": {"id": "8J6H9QXR+JGHJ", "height": 5.935285091400146, "hmax": 0.0, "ratio": 0.0, "vulnClass": "none"}}, {"type": "Feature", "geometry": {"type": "MultiPolygon", "coordinates": [[[[71.7916633929768, 34.399536479205395], [71.79175529625198, 34.39957007729498], [71.79179064726642, 34.39950430768774], [71.79187354283505, 34.3995346047582], [71.79189285603186, 34.39949869844181], [71.79176374419588, 34.39945141516049], [71.79176432517131, 34.39945043896071], [71.79171853308603, 34.399433734249506], [71.7916633929768, 34.399536479205395]]]]}, "properties": {"id": "Pakistan_123102132_471262", "height": 4.024051666259766, "hmax": 0.0, "ratio": 0.0, "vulnClass": "none"}}, {"type": "Feature", "geometry": {"type": "MultiPolygon", "coordinates": [[[[71.78926909717329, 34.40002656250947], [71.78925773739529, 34.3999653350207], [71.78920506564633, 34.399972153290435], [71.78921642882878, 34.40003329074063], [71.78926909717329, 34.40002656250947]]]]}, "properties": {"id": "8J6H9QXQ+XMXW", "height": 3.157445669174194, "hmax": 0.0, "ratio": 0.0, "vulnClass": "none"}}, {"type": "Feature", "geometry": {"type": "MultiPolygon", "coordinates": [[[[71.78943554157158, 34.40017812010097], [71.78938298293323, 34.40017628876699], [71.78937932192792, 34.4002492894451], [71.78943188061166, 34.400251120783196], [71.78943554157158, 34.40017812010097]]]]}, "properties": {"id": "8J6HCQ2Q+3QMC", "height": 2.497982501983643, "hmax": 0.0, "ratio": 0.0, "vulnClass": "none"}}, {"type": "Feature", "geometry": {"type": "MultiPolygon", "coordinates": [[[[71.78920173410387, 34.400158818749134], [71.78916356445148, 34.40015889757185], [71.78916364612036, 34.400196574786925], [71.78920181578991, 34.40019649596515], [71.78920173410387, 34.400158818749134]]]]}, "properties": {"id": "8J6HCQ2Q+3MF5", "height": 2.68684983253479, "hmax": 0.0, "ratio": 0.0, "vulnClass": "none"}}, {"type": "Feature", "geometry": {"type": "MultiPolygon", "coordinates": [[[[71.78928020483609, 34.40021667177561], [71.78917977075686, 34.40021565567164], [71.78917869633841, 34.40029494338104], [71.78924934924574, 34.400295627782214], [71.7892496683456, 34.400270219012505], [71.78927944960328, 34.40027055072092], [71.78928020483609, 34.40021667177561]]]]}, "properties": {"id": "8J6HCQ2Q+4M52", "height": 2.85314679145813, "hmax": 0.0, "ratio": 0.0, "vulnClass": "none"}}, {"type": "Feature", "geometry": {"type": "MultiPolygon", "coordinates": [[[[71.7892486318591, 34.40034851627127], [71.78917787027932, 34.40034782901341], [71.78917621007359, 34.40046234284368], [71.78942632181513, 34.40046476727413], [71.78942744611857, 34.400387013107355], [71.78924799103399, 34.40038518305707], [71.7892486318591, 34.40034851627127]]]]}, "properties": {"id": "8J6HCQ2Q+5P7M", "height": 3.178959846496582, "hmax": 0.0, "ratio": 0.0, "vulnClass": "none"}}, {"type": "Feature", "geometry": {"type": "MultiPolygon", "coordinates": [[[[71.78939859741205, 34.400515864729265], [71.78933057358408, 34.400511824468644], [71.78932274249254, 34.40060003798903], [71.7893907629483, 34.40060416829925], [71.78939859741205, 34.400515864729265]]]]}, "properties": {"id": "8J6HCQ2Q+6PH8", "height": 2.864856719970703, "hmax": 0.0, "ratio": 0.0, "vulnClass": "none"}}, {"type": "Feature", "geometry": {"type": "MultiPolygon", "coordinates": [[[[71.78945485711527, 34.40060576187478], [71.78936638009779, 34.40060199553092], [71.78936357934343, 34.40064680756592], [71.78945205296512, 34.40065066395574], [71.78945485711527, 34.40060576187478]]]]}, "properties": {"id": "8J6HCQ2Q+7Q32", "height": 3.395922183990479, "hmax": 0.0, "ratio": 0.0, "vulnClass": "none"}}, {"type": "Feature", "geometry": {"type": "MultiPolygon", "coordinates": [[[[71.78927842365503, 34.402219802870405], [71.78928990586891, 34.40216692679935], [71.78923605929867, 34.402158932572675], [71.78922457705276, 34.40221180863688], [71.78913051277753, 34.4021977104018], [71.7891188873963, 34.4022514840104], [71.78926668973277, 34.40227357364423], [71.78927447958246, 34.40223763546939], [71.78930507739238, 34.40224222483528], [71.78930902145883, 34.40222439223496], [71.78927842365503, 34.402219802870405]]]]}, "properties": {"id": "8J6HCQ2Q+VMPX", "height": 2.905491590499878, "hmax": 0.0, "ratio": 0.0, "vulnClass": "none"}}, {"type": "Feature", "geometry": {"type": "MultiPolygon", "coordinates": [[[[71.79063306871913, 34.40197029647673], [71.79063438282935, 34.40206109368129], [71.79068800986848, 34.402060609140435], [71.79068680433038, 34.40196981478577], [71.79063306871913, 34.40197029647673]]]]}, "properties": {"id": "Pakistan_123102132_160078", "height": 2.79924201965332, "hmax": 0.0, "ratio": 0.0, "vulnClass": "none"}}, {"type": "Feature", "geometry": {"type": "MultiPolygon", "coordinates": [[[[71.77949419234405, 34.39772240590361], [71.77948052028853, 34.39760541553988], [71.77936992381383, 34.39761430852284], [71.77938370433809, 34.397731301752515], [71.77949419234405, 34.39772240590361]]]]}, "properties": {"id": "8J6H9QXH+3Q7Q", "height": 3.840588092803955, "hmax": 0.0, "ratio": 0.0, "vulnClass": "none"}}, {"type": "Feature", "geometry": {"type": "MultiPolygon", "coordinates": [[[[71.77948879052197, 34.39775552207575], [71.77949005745636, 34.39772815549549], [71.77943804058108, 34.39772642432953], [71.77943677362985, 34.39775379090829], [71.77948879052197, 34.39775552207575]]]]}, "properties": {"id": "8J6H9QXH+3QWQ", "height": 3.790804386138916, "hmax": 0.0, "ratio": 0.0, "vulnClass": "none"}}, {"type": "Feature", "geometry": {"type": "MultiPolygon", "coordinates": [[[[71.77994513529227, 34.39769904585973], [71.77983884274641, 34.39769777766948], [71.77983828424084, 34.397732193176445], [71.77990610335374, 34.39773298853117], [71.77990547742168, 34.397771998967755], [71.77994384229233, 34.397772468945654], [71.77994513529227, 34.39769904585973]]]]}, "properties": {"id": "8J6H9QXH+3XR5", "height": 2.466675281524658, "hmax": 0.0, "ratio": 0.0, "vulnClass": "none"}}, {"type": "Feature", "geometry": {"type": "MultiPolygon", "coordinates": [[[[71.7802306032329, 34.39832468814447], [71.78018566010047, 34.3983284613927], [71.78019076880703, 34.398371047902465], [71.78023582058685, 34.398367277515234], [71.7802306032329, 34.39832468814447]]]]}, "properties": {"id": "8J6H9QXJ+83PW", "height": 2.577234983444214, "hmax": 0.0, "ratio": 0.0, "vulnClass": "none"}}, {"type": "Feature", "geometry": {"type": "MultiPolygon", "coordinates": [[[[71.78022224845884, 34.398267504953765], [71.78018259021796, 34.39826673058952], [71.78018070640887, 34.398330043389564], [71.78022047330398, 34.39833082061769], [71.78022224845884, 34.398267504953765]]]]}, "properties": {"id": "8J6H9QXJ+838V", "height": 2.827453851699829, "hmax": 0.0, "ratio": 0.0, "vulnClass": "none"}}, {"type": "Feature", "geometry": {"type": "MultiPolygon", "coordinates": [[[[71.7799064355777, 34.39823475917863], [71.77978374726972, 34.39822720040347], [71.77977974672986, 34.3982719804681], [71.77990243855486, 34.3982794492104], [71.7799064355777, 34.39823475917863]]]]}, "properties": {"id": "8J6H9QXH+8W45", "height": 2.469109535217285, "hmax": 0.0, "ratio": 0.0, "vulnClass": "none"}}, {"type": "Feature", "geometry": {"type": "MultiPolygon", "coordinates": [[[[71.77937813020111, 34.39838983552505], [71.77934461658236, 34.3982004875482], [71.77924990418796, 34.39821196211378], [71.77928341759325, 34.398401310104546], [71.77937813020111, 34.39838983552505]]]]}, "properties": {"id": "8J6H9QXH+8PG2", "height": 4.129655838012695, "hmax": 0.0, "ratio": 0.0, "vulnClass": "none"}}, {"type": "Feature", "geometry": {"type": "MultiPolygon", "coordinates": [[[[71.7791051251304, 34.398244559935875], [71.77901136233609, 34.39826245867044], [71.77906359660301, 34.398451308625205], [71.7791574682283, 34.398433412724806], [71.7791051251304, 34.398244559935875]]]]}, "properties": {"id": "8J6H9QXH+8JPW", "height": 3.281111001968384, "hmax": 0.0, "ratio": 0.0, "vulnClass": "none"}}, {"type": "Feature", "geometry": {"type": "MultiPolygon", "coordinates": [[[[71.77886550908393, 34.39799705336869], [71.77881767192162, 34.39798840183725], [71.77880738140043, 34.398027067406744], [71.77885521858308, 34.39803571894335], [71.77886550908393, 34.39799705336869]]]]}, "properties": {"id": "8J6H9QXH+6G4H", "height": 4.015289783477783, "hmax": 1.169, "ratio": 0.291, "vulnClass": "low"}}, {"type": "Feature", "geometry": {"type": "MultiPolygon", "coordinates": [[[[71.77907617314347, 34.39798448880046], [71.77902834945428, 34.39798115546143], [71.77901767437902, 34.39808371410888], [71.77906560329615, 34.39808714035835], [71.77907617314347, 34.39798448880046]]]]}, "properties": {"id": "8J6H9QXH+6J78", "height": 2.920299053192139, "hmax": 0.0, "ratio": 0.0, "vulnClass": "none"}}, {"type": "Feature", "geometry": {"type": "MultiPolygon", "coordinates": [[[[71.77925120215112, 34.398090228731995], [71.77915864823152, 34.398107798916556], [71.77917985163243, 34.398184338486736], [71.77912782350491, 34.398194233839746], [71.77913995425345, 34.398237996874386], [71.77928453991025, 34.398210441274784], [71.77925120215112, 34.398090228731995]]]]}, "properties": {"id": "8J6H9QXH+7M8Q", "height": 3.888753652572632, "hmax": 0.0, "ratio": 0.0, "vulnClass": "none"}}, {"type": "Feature", "geometry": {"type": "MultiPolygon", "coordinates": [[[[71.77896160681959, 34.397906930858205], [71.77886608264853, 34.397888550234626], [71.77885222764137, 34.39793793764011], [71.77894775186385, 34.397956318277394], [71.77896160681959, 34.397906930858205]]]]}, "properties": {"id": "8J6H9QXH+5H7R", "height": 2.685195922851562, "hmax": 1.434, "ratio": 0.534, "vulnClass": "moderate"}}, {"type": "Feature", "geometry": {"type": "MultiPolygon", "coordinates": [[[[71.77887490197332, 34.39785705640026], [71.77882352520528, 34.397847139879055], [71.77880942185185, 34.39789733191705], [71.778860798648, 34.397907248445755], [71.77887490197332, 34.39785705640026]]]]}, "properties": {"id": "8J6H9QXH+5G45", "height": 2.530222177505493, "hmax": 1.434, "ratio": 0.567, "vulnClass": "moderate"}}, {"type": "Feature", "geometry": {"type": "MultiPolygon", "coordinates": [[[[71.77794047650414, 34.39845992108193], [71.77789465423777, 34.39848376960564], [71.77803790159179, 34.39867249559973], [71.77808372738387, 34.39864855698605], [71.77794047650414, 34.39845992108193]]]]}, "properties": {"id": "8J6H9QXH+C5HP", "height": 2.478056907653809, "hmax": 1.143, "ratio": 0.461, "vulnClass": "moderate"}}, {"type": "Feature", "geometry": {"type": "MultiPolygon", "coordinates": [[[[71.77822293392008, 34.398707387030036], [71.77819052878222, 34.398636590839516], [71.77804524775462, 34.39868224318738], [71.77807764932662, 34.398753129450455], [71.77822293392008, 34.398707387030036]]]]}, "properties": {"id": "8J6H9QXH+F7CM", "height": 2.985010623931885, "hmax": 0.0, "ratio": 0.0, "vulnClass": "none"}}, {"type": "Feature", "geometry": {"type": "MultiPolygon", "coordinates": [[[[71.77789221323529, 34.3993068752948], [71.77777201465233, 34.399330745813515], [71.77778430179316, 34.39937325124506], [71.77785946841357, 34.3993582882335], [71.77787991431381, 34.3994290396137], [71.77792494982762, 34.39942004205207], [71.77789221323529, 34.3993068752948]]]]}, "properties": {"id": "8J6H9QXH+P4X7", "height": 4.424947738647461, "hmax": 0.851, "ratio": 0.192, "vulnClass": "low"}}, {"type": "Feature", "geometry": {"type": "MultiPolygon", "coordinates": [[[[71.7779718805114, 34.39918594621147], [71.77792917502742, 34.399188065103864], [71.77793210165365, 34.3992279803348], [71.77797480715806, 34.39922586144254], [71.7779718805114, 34.39918594621147]]]]}, "properties": {"id": "8J6H9QXH+M5P7", "height": 2.443198919296265, "hmax": 0.0, "ratio": 0.0, "vulnClass": "none"}}, {"type": "Feature", "geometry": {"type": "MultiPolygon", "coordinates": [[[[71.77819649997956, 34.3991724893208], [71.77819258408215, 34.39912434605651], [71.77783887764534, 34.39914395372483], [71.77784279679368, 34.39919200694865], [71.77819649997956, 34.3991724893208]]]]}, "properties": {"id": "8J6H9QXH+M668", "height": 2.613614559173584, "hmax": 1.251, "ratio": 0.479, "vulnClass": "moderate"}}, {"type": "Feature", "geometry": {"type": "MultiPolygon", "coordinates": [[[[71.77966229106131, 34.398865195462264], [71.7796629144614, 34.398741191007204], [71.77937349605699, 34.39874032474089], [71.77937308250029, 34.39883332949442], [71.7795110519256, 34.39883372032359], [71.7795109503306, 34.398864722864936], [71.77966229106131, 34.398865195462264]]]]}, "properties": {"id": "8J6H9QXH+GR6X", "height": 3.29541277885437, "hmax": 0.0, "ratio": 0.0, "vulnClass": "none"}}, {"type": "Feature", "geometry": {"type": "MultiPolygon", "coordinates": [[[[71.77977625288797, 34.3988252955803], [71.77969689979794, 34.398821852807956], [71.77969514313949, 34.39885064858835], [71.77977438763145, 34.39885408850132], [71.77977625288797, 34.3988252955803]]]]}, "properties": {"id": "8J6H9QXH+GVQG", "height": 3.104647636413574, "hmax": 0.0, "ratio": 0.0, "vulnClass": "none"}}, {"type": "Feature", "geometry": {"type": "MultiPolygon", "coordinates": [[[[71.78004235116117, 34.39876227422955], [71.77999273851358, 34.39876871845361], [71.78000518426535, 34.39883547323787], [71.78005479349984, 34.398829119051506], [71.78004235116117, 34.39876227422955]]]]}, "properties": {"id": "8J6H9QXJ+G26X", "height": 6.591909885406494, "hmax": 0.0, "ratio": 0.0, "vulnClass": "none"}}, {"type": "Feature", "geometry": {"type": "MultiPolygon", "coordinates": [[[[71.77989763189154, 34.398643003033136], [71.77988683474136, 34.39860982057956], [71.77980688080572, 34.39862772321058], [71.77981767792541, 34.398660905669495], [71.77989763189154, 34.398643003033136]]]]}, "properties": {"id": "8J6H9QXH+FW5F", "height": 3.670604705810547, "hmax": 0.0, "ratio": 0.0, "vulnClass": "none"}}, {"type": "Feature", "geometry": {"type": "MultiPolygon", "coordinates": [[[[71.77997353559354, 34.39858894104843], [71.77995571790679, 34.39854601970118], [71.77984907795646, 34.398576468609875], [71.77986679042041, 34.39861929706736], [71.77997353559354, 34.39858894104843]]]]}, "properties": {"id": "8J6H9QXH+CXM6", "height": 3.855088710784912, "hmax": 0.0, "ratio": 0.0, "vulnClass": "none"}}, {"type": "Feature", "geometry": {"type": "MultiPolygon", "coordinates": [[[[71.78132616229617, 34.398706048798225], [71.7812425003224, 34.398704386321256], [71.78123864086463, 34.39883912141135], [71.78132230642335, 34.398840693857885], [71.78132616229617, 34.398706048798225]]]]}, "properties": {"id": "8J6H9QXJ+GG3R", "height": 5.830039978027344, "hmax": 0.0, "ratio": 0.0, "vulnClass": "none"}}, {"type": "Feature", "geometry": {"type": "MultiPolygon", "coordinates": [[[[71.77851895349227, 34.400069594594534], [71.77846809101038, 34.400085919680606], [71.77855149453342, 34.40026441510559], [71.77860246573971, 34.40024809285351], [71.77851895349227, 34.400069594594534]]]]}, "properties": {"id": "8J6HCQ2H+3C7J", "height": 2.841207981109619, "hmax": 0.0, "ratio": 0.0, "vulnClass": "none"}}, {"type": "Feature", "geometry": {"type": "MultiPolygon", "coordinates": [[[[71.7785520926482, 34.39997105314731], [71.77850763073664, 34.39998493314858], [71.77860357252179, 34.40019656686187], [71.77864814316203, 34.40018268969461], [71.7785520926482, 34.39997105314731]]]]}, "properties": {"id": "8J6HCQ2H+2CP7", "height": 2.841207981109619, "hmax": 0.0, "ratio": 0.0, "vulnClass": "none"}}, {"type": "Feature", "geometry": {"type": "MultiPolygon", "coordinates": [[[[71.7785983762105, 34.39986150158805], [71.77852694242391, 34.39987268778608], [71.77853383051064, 34.399902883102996], [71.77860526432268, 34.39989169690237], [71.7785983762105, 34.39986150158805]]]]}, "properties": {"id": "8J6H9QXH+XC46", "height": 2.954489707946777, "hmax": 0.0, "ratio": 0.0, "vulnClass": "none"}}, {"type": "Feature", "geometry": {"type": "MultiPolygon", "coordinates": [[[[71.77800425947773, 34.399458636091765], [71.77796276062823, 34.39946331048064], [71.77798040568408, 34.39957022082794], [71.77813624725621, 34.39955260747109], [71.77812319688111, 34.399473308339495], [71.77800874569378, 34.39948624443474], [71.77800425947773, 34.399458636091765]]]]}, "properties": {"id": "8J6H9QXH+R63M", "height": 4.016297817230225, "hmax": 0.0, "ratio": 0.0, "vulnClass": "none"}}, {"type": "Feature", "geometry": {"type": "MultiPolygon", "coordinates": [[[[71.77805171834218, 34.39956218635009], [71.77796183911168, 34.39957234517135], [71.77797524438402, 34.39965372669331], [71.77806501507582, 34.399643565003515], [71.77805171834218, 34.39956218635009]]]]}, "properties": {"id": "8J6H9QXH+R6R7", "height": 5.415342807769775, "hmax": 0.163, "ratio": 0.03, "vulnClass": "low"}}, {"type": "Feature", "geometry": {"type": "MultiPolygon", "coordinates": [[[[71.79150257003755, 34.39766103035929], [71.79145246796048, 34.39765755194592], [71.79144201842921, 34.397760298325586], [71.7914920119416, 34.397763773895065], [71.79150257003755, 34.39766103035929]]]]}, "properties": {"id": "8J6H9QXR+3HQC", "height": 3.286044120788574, "hmax": 0.05, "ratio": 0.015, "vulnClass": "none"}}, {"type": "Feature", "geometry": {"type": "MultiPolygon", "coordinates": [[[[71.79142630910255, 34.3977588043457], [71.79144084874447, 34.39760307768413], [71.79136004032655, 34.39759789181889], [71.79135302970435, 34.39767323825647], [71.79122937982126, 34.39766521509856], [71.7912253283924, 34.3977086424117], [71.79120287402328, 34.397707241717924], [71.79119939615866, 34.39774419459557], [71.79142630910255, 34.3977588043457]]]]}, "properties": {"id": "8J6H9QXR+3GGQ", "height": 4.007070541381836, "hmax": 0.05, "ratio": 0.013, "vulnClass": "none"}}, {"type": "Feature", "geometry": {"type": "MultiPolygon", "coordinates": [[[[71.79131975454581, 34.397770067612505], [71.79127552797091, 34.397760794671186], [71.79125926144552, 34.39781372567103], [71.79130348804556, 34.397822998619645], [71.79131975454581, 34.397770067612505]]]]}, "properties": {"id": "8J6H9QXR+4G7M", "height": 3.519008636474609, "hmax": 0.0, "ratio": 0.0, "vulnClass": "none"}}, {"type": "Feature", "geometry": {"type": "MultiPolygon", "coordinates": [[[[71.79126095108522, 34.39790894924835], [71.79111266357859, 34.39785990008163], [71.7910935318661, 34.397899596583905], [71.79124192805304, 34.39794864862868], [71.79126095108522, 34.39790894924835]]]]}, "properties": {"id": "8J6H9QXR+5F74", "height": 3.765477657318115, "hmax": 0.0, "ratio": 0.0, "vulnClass": "none"}}, {"type": "Feature", "geometry": {"type": "MultiPolygon", "coordinates": [[[[71.79132943113984, 34.3979266102567], [71.79126229096403, 34.39791087719306], [71.79124783560117, 34.39795340044546], [71.79131497580701, 34.39796913351872], [71.79132943113984, 34.3979266102567]]]]}, "properties": {"id": "8J6H9QXR+5GFJ", "height": 3.207997560501099, "hmax": 0.0, "ratio": 0.0, "vulnClass": "none"}}, {"type": "Feature", "geometry": {"type": "MultiPolygon", "coordinates": [[[[71.79163796062757, 34.39783989089418], [71.79148727711356, 34.39783647612941], [71.7914855664585, 34.39788978927352], [71.79163625006787, 34.39789320404575], [71.79163796062757, 34.39783989089418]]]]}, "properties": {"id": "8J6H9QXR+4JVH", "height": 3.563939571380615, "hmax": 0.0, "ratio": 0.0, "vulnClass": "none"}}, {"type": "Feature", "geometry": {"type": "MultiPolygon", "coordinates": [[[[71.79144201842921, 34.397760298325586], [71.79134550397733, 34.397753528421056], [71.79133107661097, 34.39789492704788], [71.7914275912225, 34.397901696972724], [71.79144201842921, 34.397760298325586]]]]}, "properties": {"id": "8J6H9QXR+4HJ3", "height": 4.228038787841797, "hmax": 0.05, "ratio": 0.012, "vulnClass": "none"}}, {"type": "Feature", "geometry": {"type": "MultiPolygon", "coordinates": [[[[71.79161430768816, 34.39774463155857], [71.79154825000155, 34.39774325803419], [71.79154677529726, 34.39779324249653], [71.79161283646302, 34.39779452598237], [71.79161430768816, 34.39774463155857]]]]}, "properties": {"id": "8J6H9QXR+4J4P", "height": 4.066415309906006, "hmax": 0.05, "ratio": 0.012, "vulnClass": "none"}}, {"type": "Feature", "geometry": {"type": "MultiPolygon", "coordinates": [[[[71.79175364663375, 34.39777460766881], [71.79169293561563, 34.39777274364461], [71.79168844987171, 34.39787023868894], [71.79198210672232, 34.39787965925522], [71.7919837376286, 34.39784265786802], [71.79175078508871, 34.397835281424044], [71.79175364663375, 34.39777460766881]]]]}, "properties": {"id": "8J6H9QXR+4PMQ", "height": 3.821504354476929, "hmax": 0.0, "ratio": 0.0, "vulnClass": "none"}}, {"type": "Feature", "geometry": {"type": "MultiPolygon", "coordinates": [[[[71.79175535439663, 34.39790921935124], [71.79168903605438, 34.39790612655215], [71.79168447826379, 34.39797135250162], [71.79175090184242, 34.39797453819894], [71.79175535439663, 34.39790921935124]]]]}, "properties": {"id": "8J6H9QXR+5MHJ", "height": 4.557615280151367, "hmax": 0.0, "ratio": 0.0, "vulnClass": "none"}}, {"type": "Feature", "geometry": {"type": "MultiPolygon", "coordinates": [[[[71.79185187900003, 34.39787588052846], [71.79179910097254, 34.397874134651104], [71.79179738688359, 34.39790761870754], [71.79185027355712, 34.397909367438054], [71.79185187900003, 34.39787588052846]]]]}, "properties": {"id": "8J6H9QXR+5P4M", "height": 3.713337182998657, "hmax": 0.0, "ratio": 0.0, "vulnClass": "none"}}, {"type": "Feature", "geometry": {"type": "MultiPolygon", "coordinates": [[[[71.7919709369311, 34.397787792108744], [71.7918822158508, 34.39778194823745], [71.79187913782998, 34.39781413464978], [71.79196785894372, 34.397819978525185], [71.7919709369311, 34.397787792108744]]]]}, "properties": {"id": "8J6H9QXR+4QF4", "height": 3.779240131378174, "hmax": 0.0, "ratio": 0.0, "vulnClass": "none"}}, {"type": "Feature", "geometry": {"type": "MultiPolygon", "coordinates": [[[[71.7919688802979, 34.397650917963794], [71.79192443899737, 34.397650112016464], [71.79192244569887, 34.39771937109648], [71.79196688703598, 34.39772017704658], [71.7919688802979, 34.397650917963794]]]]}, "properties": {"id": "8J6H9QXR+3QGF", "height": 3.508115530014038, "hmax": 0.0, "ratio": 0.0, "vulnClass": "none"}}, {"type": "Feature", "geometry": {"type": "MultiPolygon", "coordinates": [[[[71.79164957972111, 34.39767237039261], [71.79158927920281, 34.397671148017565], [71.7915871480277, 34.397744008738236], [71.79164744859816, 34.39774523111724], [71.79164957972111, 34.39767237039261]]]]}, "properties": {"id": "8J6H9QXR+3JQ9", "height": 4.066415309906006, "hmax": 0.05, "ratio": 0.012, "vulnClass": "none"}}, {"type": "Feature", "geometry": {"type": "MultiPolygon", "coordinates": [[[[71.79173857040938, 34.397614227890486], [71.79168046994111, 34.397612342256565], [71.79167338006401, 34.39775807961594], [71.7917651405982, 34.39776120933356], [71.791769859238, 34.39766615395573], [71.7917360872456, 34.39766499707468], [71.79173857040938, 34.397614227890486]]]]}, "properties": {"id": "8J6H9QXR+3MGQ", "height": 3.962007522583008, "hmax": 0.05, "ratio": 0.013, "vulnClass": "none"}}, {"type": "Feature", "geometry": {"type": "MultiPolygon", "coordinates": [[[[71.79188259178514, 34.39844100221701], [71.79188410127851, 34.39839579564984], [71.79193233799417, 34.39839688150911], [71.7919306565425, 34.39844659015666], [71.79197889328942, 34.39844767599919], [71.79198095651083, 34.398387972734874], [71.79178530091313, 34.398383377895414], [71.79178340610532, 34.398438669112515], [71.79188259178514, 34.39844100221701]]]]}, "properties": {"id": "Pakistan_123102132_175643", "height": 4.562508583068848, "hmax": 0.0, "ratio": 0.0, "vulnClass": "none"}}, {"type": "Feature", "geometry": {"type": "MultiPolygon", "coordinates": [[[[71.79197729941896, 34.39798273405395], [71.79184773704782, 34.39797861225436], [71.79184572571103, 34.39802272406797], [71.7919456403263, 34.3980258874268], [71.79194464228296, 34.398046321161814], [71.7919742901137, 34.39804727960915], [71.79197729941896, 34.39798273405395]]]]}, "properties": {"id": "8J6H9QXR+6Q37", "height": 2.766851663589478, "hmax": 0.0, "ratio": 0.0, "vulnClass": "none"}}, {"type": "Feature", "geometry": {"type": "MultiPolygon", "coordinates": [[[[71.7918114665474, 34.39797738980844], [71.79175090184242, 34.39797453819894], [71.79174755110469, 34.39802240038882], [71.79180822446911, 34.39802525485318], [71.7918114665474, 34.39797738980844]]]]}, "properties": {"id": "8J6H9QXR+5PRX", "height": 3.58149528503418, "hmax": 0.0, "ratio": 0.0, "vulnClass": "none"}}, {"type": "Feature", "geometry": {"type": "MultiPolygon", "coordinates": [[[[71.79172328224492, 34.397997337614605], [71.79168589796998, 34.397996806949855], [71.7916822197427, 34.39815570297577], [71.7918356607697, 34.3981581083154], [71.79183753414063, 34.39807775987692], [71.79172147413013, 34.39807597525665], [71.79172328224492, 34.397997337614605]]]]}, "properties": {"id": "8J6H9QXR+6MX5", "height": 4.557615280151367, "hmax": 0.0, "ratio": 0.0, "vulnClass": "none"}}, {"type": "Feature", "geometry": {"type": "MultiPolygon", "coordinates": [[[[71.79174763976845, 34.39815669917163], [71.7916822197427, 34.39815570297577], [71.79167936453827, 34.398284516566406], [71.79174478466419, 34.398285512769405], [71.79174763976845, 34.39815669917163]]]]}, "properties": {"id": "8J6H9QXR+7MPX", "height": 2.453298807144165, "hmax": 0.0, "ratio": 0.0, "vulnClass": "none"}}, {"type": "Feature", "geometry": {"type": "MultiPolygon", "coordinates": [[[[71.7918356607697, 34.3981581083154], [71.79174763976845, 34.39815669917163], [71.79174707870551, 34.398185616767435], [71.79183499455131, 34.39818693302046], [71.7918356607697, 34.3981581083154]]]]}, "properties": {"id": "8J6H9QXR+7P7V", "height": 2.546236515045166, "hmax": 0.0, "ratio": 0.0, "vulnClass": "none"}}, {"type": "Feature", "geometry": {"type": "MultiPolygon", "coordinates": [[[[71.7916482916911, 34.39814724128856], [71.7914051310445, 34.398139506062876], [71.7914026117743, 34.39819405982009], [71.79164577601796, 34.398201705018046], [71.7916482916911, 34.39814724128856]]]]}, "properties": {"id": "8J6H9QXR+7J6X", "height": 4.414630889892578, "hmax": 0.0, "ratio": 0.0, "vulnClass": "none"}}, {"type": "Feature", "geometry": {"type": "MultiPolygon", "coordinates": [[[[71.79140934538171, 34.398049124332466], [71.79132213650787, 34.39804638422737], [71.7913154027508, 34.3981913197018], [71.7914026117743, 34.39819405982009], [71.79140934538171, 34.398049124332466]]]]}, "properties": {"id": "8J6H9QXR+6GXW", "height": 3.372839689254761, "hmax": 0.0, "ratio": 0.0, "vulnClass": "none"}}, {"type": "Feature", "geometry": {"type": "MultiPolygon", "coordinates": [[[[71.79128940654893, 34.39809194286487], [71.79114402850671, 34.39805495764296], [71.79112656989075, 34.3981020888846], [71.7912719514439, 34.3981389840897], [71.79128940654893, 34.39809194286487]]]]}, "properties": {"id": "8J6H9QXR+6FPW", "height": 3.497414827346802, "hmax": 0.0, "ratio": 0.0, "vulnClass": "none"}}, {"type": "Feature", "geometry": {"type": "MultiPolygon", "coordinates": [[[[71.7913211992062, 34.39818759620657], [71.79119734646984, 34.39813648465339], [71.79117027524897, 34.39818192142351], [71.79129457973504, 34.39823259420612], [71.7913211992062, 34.39818759620657]]]]}, "properties": {"id": "8J6H9QXR+7FH9", "height": 6.30639123916626, "hmax": 0.0, "ratio": 0.0, "vulnClass": "none"}}, {"type": "Feature", "geometry": {"type": "MultiPolygon", "coordinates": [[[[71.79130456729796, 34.3983582297898], [71.79121208844789, 34.39831127677878], [71.79116198365647, 34.39837900230778], [71.79125445910655, 34.398426045400456], [71.79130456729796, 34.3983582297898]]]]}, "properties": {"id": "8J6H9QXR+8FXM", "height": 11.460333824157717, "hmax": 0.0, "ratio": 0.0, "vulnClass": "none"}}, {"type": "Feature", "geometry": {"type": "MultiPolygon", "coordinates": [[[[71.7913757278759, 34.39823175021807], [71.79131371648606, 34.39822976172561], [71.79131098875403, 34.39828692382895], [71.7913731088114, 34.39828891517683], [71.7913757278759, 34.39823175021807]]]]}, "properties": {"id": "8J6H9QXR+8G49", "height": 3.785702228546143, "hmax": 0.0, "ratio": 0.0, "vulnClass": "none"}}, {"type": "Feature", "geometry": {"type": "MultiPolygon", "coordinates": [[[[71.7915674059652, 34.39828067628924], [71.79149768951532, 34.39828398366667], [71.7915012459256, 34.398333198879875], [71.79157085723097, 34.39832979860968], [71.7915674059652, 34.39828067628924]]]]}, "properties": {"id": "8J6H9QXR+8JF6", "height": 4.289573192596436, "hmax": 0.068, "ratio": 0.016, "vulnClass": "none"}}, {"type": "Feature", "geometry": {"type": "MultiPolygon", "coordinates": [[[[71.7913731088114, 34.39828891517683], [71.79131098875403, 34.39828692382895], [71.79130864340256, 34.398339769642426], [71.79137065487316, 34.398341758141974], [71.7913731088114, 34.39828891517683]]]]}, "properties": {"id": "8J6H9QXR+8GGH", "height": 3.785702228546143, "hmax": 0.068, "ratio": 0.018, "vulnClass": "none"}}, {"type": "Feature", "geometry": {"type": "MultiPolygon", "coordinates": [[[[71.79143216210007, 34.39835409853384], [71.79131485423997, 34.3983422761231], [71.79129472598427, 34.398479198738166], [71.79141192196377, 34.39849110836843], [71.79143216210007, 34.39835409853384]]]]}, "properties": {"id": "8J6H9QXR+9G9P", "height": 4.842415809631348, "hmax": 0.068, "ratio": 0.014, "vulnClass": "none"}}, {"type": "Feature", "geometry": {"type": "MultiPolygon", "coordinates": [[[[71.791601320576, 34.39840333469121], [71.79160330401635, 34.39835426490401], [71.7914795931482, 34.39835065682918], [71.79147468299081, 34.39846778944985], [71.79151650048614, 34.398468977354746], [71.79151931847179, 34.398400911660765], [71.791601320576, 34.39840333469121]]]]}, "properties": {"id": "8J6H9QXR+9J2X", "height": 3.530598163604736, "hmax": 0.068, "ratio": 0.019, "vulnClass": "none"}}, {"type": "Feature", "geometry": {"type": "MultiPolygon", "coordinates": [[[[71.79119785729398, 34.398453221313666], [71.79114069260152, 34.398432522421665], [71.79112099156791, 34.398470040811176], [71.79117804765376, 34.398490736861596], [71.79119785729398, 34.398453221313666]]]]}, "properties": {"id": "8J6H9QXR+9FMC", "height": 2.941424131393433, "hmax": 0.0, "ratio": 0.0, "vulnClass": "none"}}, {"type": "Feature", "geometry": {"type": "MultiPolygon", "coordinates": [[[[71.79093834255823, 34.39843523140234], [71.79088605530343, 34.398409252546244], [71.79086286734105, 34.398441271427195], [71.7909151580478, 34.39846716025234], [71.79093834255823, 34.39843523140234]]]]}, "properties": {"id": "8J6H9QXR+99CH", "height": 3.556482315063477, "hmax": 0.0, "ratio": 0.0, "vulnClass": "none"}}, {"type": "Feature", "geometry": {"type": "MultiPolygon", "coordinates": [[[[71.79095744351854, 34.39839634531161], [71.79090215553788, 34.398383446921684], [71.79089161977932, 34.39841444603163], [71.79094690777802, 34.398427344427326], [71.79095744351854, 34.39839634531161]]]]}, "properties": {"id": "8J6H9QXR+9978", "height": 3.514841079711914, "hmax": 0.0, "ratio": 0.0, "vulnClass": "none"}}, {"type": "Feature", "geometry": {"type": "MultiPolygon", "coordinates": [[[[71.79112391949386, 34.39841333463245], [71.79097483054946, 34.39833686416131], [71.7909403347472, 34.39838309738551], [71.79108942717602, 34.39845947785966], [71.79112391949386, 34.39841333463245]]]]}, "properties": {"id": "8J6H9QXR+9C3R", "height": 4.24269962310791, "hmax": 0.0, "ratio": 0.0, "vulnClass": "none"}}, {"type": "Feature", "geometry": {"type": "MultiPolygon", "coordinates": [[[[71.79097483054946, 34.39833686416131], [71.79089004909568, 34.39829335775794], [71.7908555532685, 34.39833959095686], [71.7909403347472, 34.39838309738551], [71.79097483054946, 34.39833686416131]]]]}, "properties": {"id": "8J6H9QXR+89MF", "height": 3.979907512664795, "hmax": 0.0, "ratio": 0.0, "vulnClass": "none"}}, {"type": "Feature", "geometry": {"type": "MultiPolygon", "coordinates": [[[[71.7908134382506, 34.39824375660704], [71.79075090204232, 34.398212821735136], [71.79072092324428, 34.39825466691039], [71.7907834629111, 34.398285511757116], [71.7908134382506, 34.39824375660704]]]]}, "properties": {"id": "8J6H9QXR+78RW", "height": 3.115838289260864, "hmax": 0.0, "ratio": 0.0, "vulnClass": "none"}}, {"type": "Feature", "geometry": {"type": "MultiPolygon", "coordinates": [[[[71.79071055347318, 34.39843781286293], [71.79076323962397, 34.398367992148465], [71.7907122731813, 34.39834159724258], [71.79065959044931, 34.3984113278924], [71.79071055347318, 34.39843781286293]]]]}, "properties": {"id": "8J6H9QXR+974H", "height": 3.8611159324646, "hmax": 0.0, "ratio": 0.0, "vulnClass": "none"}}, {"type": "Feature", "geometry": {"type": "MultiPolygon", "coordinates": [[[[71.79083088650054, 34.39850136081919], [71.79067856794794, 34.39842119991734], [71.79062580747775, 34.398490117322034], [71.79077812609434, 34.39857027829315], [71.79083088650054, 34.39850136081919]]]]}, "properties": {"id": "8J6H9QXR+97XV", "height": 3.426196575164795, "hmax": 0.0, "ratio": 0.0, "vulnClass": "none"}}, {"type": "Feature", "geometry": {"type": "MultiPolygon", "coordinates": [[[[71.79067442288041, 34.39844146086461], [71.79049508150412, 34.3983457184182], [71.79046191797603, 34.39838838121182], [71.79064125939773, 34.39848412370936], [71.79067442288041, 34.39844146086461]]]]}, "properties": {"id": "8J6H9QXR+968C", "height": 2.854290723800659, "hmax": 0.0, "ratio": 0.0, "vulnClass": "none"}}, {"type": "Feature", "geometry": {"type": "MultiPolygon", "coordinates": [[[[71.79077749386767, 34.39795799626351], [71.79070586952993, 34.39798847290786], [71.79075800097664, 34.39807258276457], [71.79082962537225, 34.39804210609294], [71.79077749386767, 34.39795799626351]]]]}, "properties": {"id": "8J6H9QXR+682P", "height": 7.167531490325928, "hmax": 0.0, "ratio": 0.0, "vulnClass": "none"}}, {"type": "Feature", "geometry": {"type": "MultiPolygon", "coordinates": [[[[71.79086691208812, 34.39817323546775], [71.79083698497378, 34.398213730053655], [71.7910553225971, 34.398324736685495], [71.7910852496544, 34.398284242043005], [71.79086691208812, 34.39817323546775]]]]}, "properties": {"id": "8J6H9QXR+79WX", "height": 7.453339576721191, "hmax": 0.0, "ratio": 0.0, "vulnClass": "none"}}, {"type": "Feature", "geometry": {"type": "MultiPolygon", "coordinates": [[[[71.79110502469162, 34.39806835471296], [71.79102623402967, 34.39803311755908], [71.79099692291454, 34.39807741389856], [71.79107579814412, 34.3981132842152], [71.79110502469162, 34.39806835471296]]]]}, "properties": {"id": "8J6H9QXR+6CFW", "height": 2.987045764923096, "hmax": 0.0, "ratio": 0.0, "vulnClass": "none"}}, {"type": "Feature", "geometry": {"type": "MultiPolygon", "coordinates": [[[[71.79087614820268, 34.39816770953965], [71.79093115695828, 34.39808262731472], [71.79087512848902, 34.39805781207561], [71.79082022832232, 34.39814289712547], [71.79087614820268, 34.39816770953965]]]]}, "properties": {"id": "8J6H9QXR+69RC", "height": 5.853365898132324, "hmax": 0.0, "ratio": 0.0, "vulnClass": "none"}}, {"type": "Feature", "geometry": {"type": "MultiPolygon", "coordinates": [[[[71.79102424632926, 34.39799692250898], [71.79094599741907, 34.39796458374815], [71.79091325254399, 34.39801906493874], [71.79099139286375, 34.39805140087046], [71.79102424632926, 34.39799692250898]]]]}, "properties": {"id": "8J6H9QXR+6949", "height": 3.386077404022217, "hmax": 0.0, "ratio": 0.0, "vulnClass": "none"}}, {"type": "Feature", "geometry": {"type": "MultiPolygon", "coordinates": [[[[71.79106527365957, 34.397936259381204], [71.79100847208632, 34.39792314104458], [71.79100049969541, 34.39794681666071], [71.7910571892172, 34.3979600221914], [71.79106527365957, 34.397936259381204]]]]}, "properties": {"id": "8J6H9QXR+5CFJ", "height": 2.557731151580811, "hmax": 0.0, "ratio": 0.0, "vulnClass": "none"}}, {"type": "Feature", "geometry": {"type": "MultiPolygon", "coordinates": [[[[71.78124717559062, 34.412568617062895], [71.78094313427489, 34.41255646202963], [71.78093473940488, 34.41270162275914], [71.78123878469538, 34.41271368780218], [71.78124717559062, 34.412568617062895]]]]}, "properties": {"id": "8J6HCQ7J+3C4H", "height": 3.463654279708862, "hmax": 0.0, "ratio": 0.0, "vulnClass": "none"}}, {"type": "Feature", "geometry": {"type": "MultiPolygon", "coordinates": [[[[71.78055033999443, 34.411081569681244], [71.78046069839856, 34.411093719123436], [71.78048649135376, 34.41122364703814], [71.7805761365414, 34.41121140754445], [71.78055033999443, 34.411081569681244]]]]}, "properties": {"id": "8J6HCQ6J+F664", "height": 2.79203987121582, "hmax": 0.0, "ratio": 0.0, "vulnClass": "none"}}, {"type": "Feature", "geometry": {"type": "MultiPolygon", "coordinates": [[[[71.7805281070666, 34.41096940131477], [71.7804384655901, 34.410981550747394], [71.78046069839856, 34.411093719123436], [71.78055033999443, 34.411081569681244], [71.7805281070666, 34.41096940131477]]]]}, "properties": {"id": "8J6HCQ6J+C599", "height": 2.692372798919678, "hmax": 0.0, "ratio": 0.0, "vulnClass": "none"}}, {"type": "Feature", "geometry": {"type": "MultiPolygon", "coordinates": [[[[71.77951802419751, 34.410504747363674], [71.77950924470161, 34.410427453700294], [71.77946823370367, 34.410430609060654], [71.77947246660642, 34.41046767446153], [71.77938346051414, 34.410474612258], [71.77938800702647, 34.41051484052222], [71.77951802419751, 34.410504747363674]]]]}, "properties": {"id": "8J6HCQ6H+5QW8", "height": 2.960135459899902, "hmax": 0.0, "ratio": 0.0, "vulnClass": "none"}}, {"type": "Feature", "geometry": {"type": "MultiPolygon", "coordinates": [[[[71.78018795910617, 34.411002801080066], [71.78007062106767, 34.41101404020579], [71.78007580783634, 34.41105176164556], [71.7801932580225, 34.41104043534001], [71.78018795910617, 34.411002801080066]]]]}, "properties": {"id": "8J6HCQ6J+C362", "height": 3.138907909393311, "hmax": 0.0, "ratio": 0.0, "vulnClass": "none"}}, {"type": "Feature", "geometry": {"type": "MultiPolygon", "coordinates": [[[[71.78015100771697, 34.41105888059661], [71.78008231685135, 34.41106635417039], [71.78011755744163, 34.411290177552374], [71.7802724084621, 34.41127343733683], [71.78026348225615, 34.411216960187176], [71.78017731888895, 34.41122631685679], [71.78015100771697, 34.41105888059661]]]]}, "properties": {"id": "8J6HCQ6J+F3CQ", "height": 3.71767783164978, "hmax": 0.0, "ratio": 0.0, "vulnClass": "none"}}, {"type": "Feature", "geometry": {"type": "MultiPolygon", "coordinates": [[[[71.77941746559095, 34.41089497965202], [71.77920167242146, 34.410892987626454], [71.7792006774418, 34.41096993354656], [71.77941636216833, 34.41097192272178], [71.77941746559095, 34.41089497965202]]]]}, "properties": {"id": "8J6HCQ6H+9PF9", "height": 3.706904411315918, "hmax": 0.0, "ratio": 0.0, "vulnClass": "none"}}, {"type": "Feature", "geometry": {"type": "MultiPolygon", "coordinates": [[[[71.7792796796122, 34.41079292482963], [71.77927469013616, 34.41075007108063], [71.77918109665741, 34.4107575187332], [71.77918608263049, 34.41080046252356], [71.7792796796122, 34.41079292482963]]]]}, "properties": {"id": "8J6HCQ6H+8M93", "height": 2.697546482086182, "hmax": 0.0, "ratio": 0.0, "vulnClass": "none"}}, {"type": "Feature", "geometry": {"type": "MultiPolygon", "coordinates": [[[[71.77939471870647, 34.410566662659086], [71.77938936452465, 34.410536147292305], [71.77925881063604, 34.41055172417643], [71.77926405958507, 34.41058214664266], [71.77939471870647, 34.410566662659086]]]]}, "properties": {"id": "8J6HCQ6H+6PG7", "height": 2.787876844406128, "hmax": 0.0, "ratio": 0.0, "vulnClass": "none"}}, {"type": "Feature", "geometry": {"type": "MultiPolygon", "coordinates": [[[[71.77935822810231, 34.41050585374257], [71.77935046459389, 34.41045310256958], [71.77919707570187, 34.41046861835261], [71.77920483911363, 34.41052136952989], [71.77935822810231, 34.41050585374257]]]]}, "properties": {"id": "8J6HCQ6H+5PRH", "height": 3.019026279449463, "hmax": 0.0, "ratio": 0.0, "vulnClass": "none"}}, {"type": "Feature", "geometry": {"type": "MultiPolygon", "coordinates": [[[[71.77918165907816, 34.41036591297198], [71.77912711150107, 34.41036474565966], [71.77912475945868, 34.41044021371238], [71.77916137458062, 34.410441088647396], [71.77916297995303, 34.410390747551716], [71.77918090899146, 34.410391129972254], [71.77918165907816, 34.41036591297198]]]]}, "properties": {"id": "8J6HCQ6H+5M2W", "height": 2.665604591369629, "hmax": 0.0, "ratio": 0.0, "vulnClass": "none"}}, {"type": "Feature", "geometry": {"type": "MultiPolygon", "coordinates": [[[[71.7790803464426, 34.411172531736426], [71.77898173427154, 34.41118038772679], [71.77899880481193, 34.411327841843324], [71.7793190741527, 34.411302393880206], [71.77931058082343, 34.41122898340122], [71.77908881538164, 34.41124657250204], [71.7790803464426, 34.411172531736426]]]]}, "properties": {"id": "8J6HCQ6H+GM2C", "height": 2.709388971328735, "hmax": 0.0, "ratio": 0.0, "vulnClass": "none"}}, {"type": "Feature", "geometry": {"type": "MultiPolygon", "coordinates": [[[[71.7789991411008, 34.411327580313504], [71.77890926149495, 34.41133458484108], [71.77892917531659, 34.41150996448132], [71.7790190551112, 34.41150295994973], [71.7789991411008, 34.411327580313504]]]]}, "properties": {"id": "8J6HCQ6H+HH8Q", "height": 2.451268196105957, "hmax": 0.0, "ratio": 0.0, "vulnClass": "none"}}, {"type": "Feature", "geometry": {"type": "MultiPolygon", "coordinates": [[[[71.77918085506715, 34.41158005073458], [71.77916557694756, 34.411519079806254], [71.7789276956455, 34.41155985821965], [71.7789748328495, 34.411748483686985], [71.77901687257493, 34.411741209588875], [71.77898500980179, 34.411613645117605], [71.77918085506715, 34.41158005073458]]]]}, "properties": {"id": "8J6HCQ6H+JJMR", "height": 3.588292121887207, "hmax": 0.0, "ratio": 0.0, "vulnClass": "none"}}, {"type": "Feature", "geometry": {"type": "MultiPolygon", "coordinates": [[[[71.77892537793646, 34.411608918685864], [71.7789172038769, 34.41156120402794], [71.77874131335726, 34.41158207470846], [71.77874959595829, 34.41162979223638], [71.77892537793646, 34.411608918685864]]]]}, "properties": {"id": "8J6HCQ6H+JGPW", "height": 4.286440849304199, "hmax": 0.0, "ratio": 0.0, "vulnClass": "none"}}, {"type": "Feature", "geometry": {"type": "MultiPolygon", "coordinates": [[[[71.77872415796841, 34.411587030356195], [71.77867376977531, 34.41159931189377], [71.77871028652335, 34.41170194261662], [71.77876067477526, 34.41168966106729], [71.77872415796841, 34.411587030356195]]]]}, "properties": {"id": "8J6HCQ6H+MF4Q", "height": 3.090328931808472, "hmax": 0.0, "ratio": 0.0, "vulnClass": "none"}}, {"type": "Feature", "geometry": {"type": "MultiPolygon", "coordinates": [[[[71.77893045402341, 34.41152198565016], [71.77892527009158, 34.41147570177921], [71.77876721654795, 34.41148802954017], [71.7787725090335, 34.411534316276715], [71.77893045402341, 34.41152198565016]]]]}, "properties": {"id": "8J6HCQ6H+JG56", "height": 2.760699510574341, "hmax": 0.0, "ratio": 0.0, "vulnClass": "none"}}, {"type": "Feature", "geometry": {"type": "MultiPolygon", "coordinates": [[[[71.77871107140624, 34.411463295639265], [71.77865478791676, 34.411467670474316], [71.77866332366037, 34.411542794593295], [71.7787725090335, 34.411534316276715], [71.77876721654795, 34.41148802954017], [71.7787143147442, 34.41149213301998], [71.77871107140624, 34.411463295639265]]]]}, "properties": {"id": "8J6HCQ6H+JF48", "height": 2.961848258972168, "hmax": 0.0, "ratio": 0.0, "vulnClass": "none"}}, {"type": "Feature", "geometry": {"type": "MultiPolygon", "coordinates": [[[[71.7787923008532, 34.411795047048926], [71.77876362137312, 34.411720563644266], [71.77864914173401, 34.41175080428417], [71.77863400549512, 34.411711648813515], [71.77859522306873, 34.41172189284912], [71.77861024719327, 34.4117611354998], [71.77849357043064, 34.411791948988686], [71.77852224968484, 34.41186643244395], [71.7787923008532, 34.411795047048926]]]]}, "properties": {"id": "8J6HCQ6H+PF6G", "height": 2.820921421051025, "hmax": 0.0, "ratio": 0.0, "vulnClass": "none"}}, {"type": "Feature", "geometry": {"type": "MultiPolygon", "coordinates": [[[[71.77941492259265, 34.41176621209796], [71.77939846569218, 34.41169060885386], [71.77900677694592, 34.41174923556227], [71.77902323349605, 34.41182483883936], [71.77941492259265, 34.41176621209796]]]]}, "properties": {"id": "8J6HCQ6H+PM48", "height": 3.303883075714111, "hmax": 0.0, "ratio": 0.0, "vulnClass": "none"}}, {"type": "Feature", "geometry": {"type": "MultiPolygon", "coordinates": [[[[71.78098465494065, 34.40929876584108], [71.7812257824848, 34.40922985755521], [71.7812065587743, 34.409183834853806], [71.78100578511685, 34.409241187693056], [71.78099383611257, 34.40921248155129], [71.78095359445287, 34.40922394978501], [71.78098465494065, 34.40929876584108]]]]}, "properties": {"id": "8J6HCQ5J+MCWP", "height": 2.831281661987305, "hmax": 0.0, "ratio": 0.0, "vulnClass": "none"}}, {"type": "Feature", "geometry": {"type": "MultiPolygon", "coordinates": [[[[71.78093110498776, 34.40901920977097], [71.78087752826993, 34.40903528393752], [71.78092751412164, 34.40914971556615], [71.78098119954507, 34.40913364424318], [71.78093110498776, 34.40901920977097]]]]}, "properties": {"id": "8J6HCQ5J+J9M8", "height": 2.799149751663208, "hmax": 0.0, "ratio": 0.0, "vulnClass": "none"}}, {"type": "Feature", "geometry": {"type": "MultiPolygon", "coordinates": [[[[71.78876494326171, 34.40738888406271], [71.78890604302285, 34.40741016734275], [71.78892127618546, 34.40734170701526], [71.78886678489172, 34.40733342519638], [71.78889766322473, 34.40719426208216], [71.78908449569025, 34.40722251523419], [71.78910024586155, 34.40715190530144], [71.78899385698797, 34.407135770482455], [71.78900502660188, 34.40708540996606], [71.78902837847578, 34.40708899787913], [71.78903928946082, 34.407039712143174], [71.7889484686454, 34.40702596923044], [71.78895042537242, 34.4070174581357], [71.78891831528823, 34.407012558500796], [71.78892737478863, 34.406971876767315], [71.78886088018442, 34.40696183745138], [71.7888358082674, 34.40707429389624], [71.78883494261834, 34.407074181018444], [71.78876494326171, 34.40738888406271]]]]}, "properties": {"id": "Pakistan_123102132_3244", "height": 5.393940925598145, "hmax": 0.0, "ratio": 0.0, "vulnClass": "none"}}, {"type": "Feature", "geometry": {"type": "MultiPolygon", "coordinates": [[[[71.78767085649272, 34.407809255649525], [71.7874007721742, 34.40771436767521], [71.78741369741665, 34.4076892002115], [71.78726304523266, 34.4076362081415], [71.78722334859003, 34.40771303824017], [71.78738312479248, 34.407769154431094], [71.78736668197102, 34.40780098928904], [71.78739844238983, 34.407812189359504], [71.78737623871433, 34.4078553194891], [71.7876055476298, 34.40793588633466], [71.78767085649272, 34.407809255649525]]]]}, "properties": {"id": "Pakistan_123102132_61641", "height": 3.096771955490112, "hmax": 0.0, "ratio": 0.0, "vulnClass": "none"}}, {"type": "Feature", "geometry": {"type": "MultiPolygon", "coordinates": [[[[71.78887956430698, 34.407530969068326], [71.7889369419923, 34.407532026062434], [71.7889385510418, 34.40747005775654], [71.78888128203589, 34.40746900362013], [71.78887956430698, 34.407530969068326]]]]}, "properties": {"id": "Pakistan_123102132_526653", "height": 2.846698522567749, "hmax": 0.0, "ratio": 0.0, "vulnClass": "none"}}, {"type": "Feature", "geometry": {"type": "MultiPolygon", "coordinates": [[[[71.78865295273111, 34.40746516695449], [71.78862045538712, 34.40758409795223], [71.78885519665951, 34.40762785123402], [71.78886758241423, 34.40758266019791], [71.7888370274868, 34.4075769000827], [71.78886231963283, 34.40748427840076], [71.78870056967281, 34.4074541603182], [71.78869538535719, 34.40747313199785], [71.78865295273111, 34.40746516695449]]]]}, "properties": {"id": "Pakistan_123102132_375586", "height": 2.941272974014282, "hmax": 0.0, "ratio": 0.0, "vulnClass": "none"}}, {"type": "Feature", "geometry": {"type": "MultiPolygon", "coordinates": [[[[71.78839411526512, 34.4078693652478], [71.78836459587248, 34.40799855929311], [71.78841378149609, 34.4080062512555], [71.78838909807234, 34.408114211195695], [71.78848746947017, 34.408129595089015], [71.78849334678233, 34.40810388176062], [71.78859442380994, 34.40811960706543], [71.78861467272795, 34.40803090884809], [71.78854062436521, 34.40801931885812], [71.78855591838813, 34.407952122035624], [71.7884591664107, 34.40793705115603], [71.78847183992667, 34.407881502592566], [71.78839411526512, 34.4078693652478]]]]}, "properties": {"id": "Pakistan_123102132_89019", "height": 4.019770622253418, "hmax": 0.0, "ratio": 0.0, "vulnClass": "none"}}, {"type": "Feature", "geometry": {"type": "MultiPolygon", "coordinates": [[[[71.78888121701557, 34.408079103113586], [71.78944950540087, 34.40817641468625], [71.78942975507489, 34.40825494128623], [71.78955475738098, 34.408276341739096], [71.78954540117562, 34.408313410456415], [71.78945799832523, 34.408298405700116], [71.78944786283058, 34.40833878880707], [71.7895507183635, 34.40835636268975], [71.78954084150274, 34.40839567101978], [71.78963192096319, 34.40841122296407], [71.78966014632657, 34.40829875906188], [71.78966532997536, 34.40829970642154], [71.78970906602116, 34.40812572950265], [71.78910480089982, 34.4080222462397], [71.78911390209528, 34.40798616230793], [71.78891327064088, 34.40795186827584], [71.78888121701557, 34.408079103113586]]]]}, "properties": {"id": "Pakistan_123102132_200390", "height": 4.251779556274414, "hmax": 0.0, "ratio": 0.0, "vulnClass": "none"}}, {"type": "Feature", "geometry": {"type": "MultiPolygon", "coordinates": [[[[71.78792138864074, 34.40816789505855], [71.78790183287299, 34.4081873001371], [71.78788863640288, 34.40824229409136], [71.78785513431767, 34.40823681678686], [71.7878663877172, 34.40818997374146], [71.78781116656411, 34.40818086106906], [71.78779797348206, 34.40823576496924], [71.7878325143675, 34.40825956631325], [71.78782733507155, 34.408281242027435], [71.78817350211037, 34.40851936503221], [71.78821528587147, 34.408345337439215], [71.78823144811284, 34.408329358255486], [71.78824799259476, 34.408260752241155], [71.78817276115956, 34.40820902235403], [71.78792138864074, 34.40816789505855]]]]}, "properties": {"id": "Pakistan_123102132_535792", "height": 3.179571866989136, "hmax": 0.096, "ratio": 0.03, "vulnClass": "none"}}, {"type": "Feature", "geometry": {"type": "MultiPolygon", "coordinates": [[[[71.78739994274963, 34.407866758426344], [71.78733941893435, 34.407845608776476], [71.78727762712386, 34.407965571858654], [71.78733815100517, 34.4079867215428], [71.78739994274963, 34.407866758426344]]]]}, "properties": {"id": "Pakistan_123102132_194241", "height": 2.522062063217163, "hmax": 0.0, "ratio": 0.0, "vulnClass": "none"}}, {"type": "Feature", "geometry": {"type": "MultiPolygon", "coordinates": [[[[71.78752601712226, 34.40810450498504], [71.78728324763563, 34.40798635975654], [71.78724739884406, 34.40803652192702], [71.78749016841381, 34.40815466723132], [71.78752601712226, 34.40810450498504]]]]}, "properties": {"id": "Pakistan_123102132_55400", "height": 2.822415590286255, "hmax": 0.0, "ratio": 0.0, "vulnClass": "none"}}, {"type": "Feature", "geometry": {"type": "MultiPolygon", "coordinates": [[[[71.78743566201943, 34.408371262726625], [71.7870721517538, 34.408182885028396], [71.78698685014632, 34.4082948390445], [71.78735036066433, 34.40848321701032], [71.78743566201943, 34.408371262726625]]]]}, "properties": {"id": "Pakistan_123102132_563134", "height": 3.666496515274048, "hmax": 0.0, "ratio": 0.0, "vulnClass": "none"}}, {"type": "Feature", "geometry": {"type": "MultiPolygon", "coordinates": [[[[71.7883827785236, 34.408313506432144], [71.78835607131495, 34.40844025068372], [71.78874142769355, 34.40849544336763], [71.78875817129928, 34.4084159365768], [71.78856911536815, 34.408388886264575], [71.78858744866073, 34.408301940349375], [71.78852753177564, 34.40829333552035], [71.78851916160872, 34.408333043875224], [71.7883827785236, 34.408313506432144]]]]}, "properties": {"id": "Pakistan_123102132_67737", "height": 4.373902320861816, "hmax": 0.0, "ratio": 0.0, "vulnClass": "none"}}, {"type": "Feature", "geometry": {"type": "MultiPolygon", "coordinates": [[[[71.78878943004861, 34.40876718982175], [71.78915522266152, 34.40881645926252], [71.78916966075307, 34.408743201048445], [71.78919065058942, 34.40874600582972], [71.78920642298282, 34.40866629318733], [71.78914367425729, 34.40865779451192], [71.78914136934877, 34.4086697214624], [71.78902376466685, 34.40865392284683], [71.78904072847325, 34.4085686533714], [71.78922356662817, 34.40859337644384], [71.78924067673738, 34.40850711932917], [71.78907341382323, 34.40848460815996], [71.78909902139017, 34.40835531114063], [71.78902588840522, 34.40834536785664], [71.78896360854225, 34.40866009352883], [71.78881463303479, 34.40863995527857], [71.78878943004861, 34.40876718982175]]]]}, "properties": {"id": "Pakistan_123102132_280377", "height": 2.95543384552002, "hmax": 0.0, "ratio": 0.0, "vulnClass": "none"}}, {"type": "Feature", "geometry": {"type": "MultiPolygon", "coordinates": [[[[71.78556777935464, 34.410093229694766], [71.78548406714769, 34.41021468813475], [71.78561173049559, 34.4102745587166], [71.78563486710118, 34.41024118771137], [71.78568860297999, 34.41026639587831], [71.78574928362904, 34.41017840121985], [71.78556777935464, 34.410093229694766]]]]}, "properties": {"id": "Pakistan_123102132_596922", "height": 3.258477926254272, "hmax": 0.0, "ratio": 0.0, "vulnClass": "none"}}, {"type": "Feature", "geometry": {"type": "MultiPolygon", "coordinates": [[[[71.78357574103438, 34.409430984879926], [71.78358380625416, 34.40929428745092], [71.78350019911532, 34.409290915154806], [71.7834970668061, 34.40934428067186], [71.78338685342298, 34.4093399375977], [71.78338192371905, 34.409423179445355], [71.78357574103438, 34.409430984879926]]]]}, "properties": {"id": "8J6HCQ5M+P9XX", "height": 3.812202930450439, "hmax": 0.0, "ratio": 0.0, "vulnClass": "none"}}, {"type": "Feature", "geometry": {"type": "MultiPolygon", "coordinates": [[[[71.7849193694736, 34.40919432532027], [71.78462766184094, 34.409155735260036], [71.78460891036188, 34.40925348522051], [71.78490062176725, 34.409291985302865], [71.7849193694736, 34.40919432532027]]]]}, "properties": {"id": "8J6HCQ5M+MWJV", "height": 2.546860933303833, "hmax": 0.0, "ratio": 0.0, "vulnClass": "none"}}, {"type": "Feature", "geometry": {"type": "MultiPolygon", "coordinates": [[[[71.78322909435039, 34.40942131974203], [71.78317457311194, 34.409416639825224], [71.7831689334124, 34.409461647228895], [71.78322345467939, 34.4094663271498], [71.78322909435039, 34.40942131974203]]]]}, "properties": {"id": "8J6HCQ5M+Q7GM", "height": 2.591277360916138, "hmax": 0.0, "ratio": 0.0, "vulnClass": "none"}}, {"type": "Feature", "geometry": {"type": "MultiPolygon", "coordinates": [[[[71.78301708059021, 34.40960456407815], [71.7830752145729, 34.40943268151984], [71.7830295139214, 34.40942201466443], [71.78301724560173, 34.40945837520455], [71.78298835806689, 34.40945166606302], [71.78294249227993, 34.40958718804172], [71.78301708059021, 34.40960456407815]]]]}, "properties": {"id": "8J6HCQ5M+R62M", "height": 3.144112348556519, "hmax": 0.0, "ratio": 0.0, "vulnClass": "none"}}, {"type": "Feature", "geometry": {"type": "MultiPolygon", "coordinates": [[[[71.78310893679928, 34.4094721454976], [71.78306528301155, 34.409461983194156], [71.78301708059021, 34.40960456407815], [71.78306073789413, 34.40961463636186], [71.78310893679928, 34.4094721454976]]]]}, "properties": {"id": "8J6HCQ5M+R68C", "height": 3.591289520263672, "hmax": 0.0, "ratio": 0.0, "vulnClass": "none"}}, {"type": "Feature", "geometry": {"type": "MultiPolygon", "coordinates": [[[[71.78330026012515, 34.40951098107557], [71.783157422479, 34.40948108300762], [71.78312919698645, 34.40957344579778], [71.78327203132409, 34.4096034339473], [71.78330026012515, 34.40951098107557]]]]}, "properties": {"id": "8J6HCQ5M+R78Q", "height": 2.443013429641724, "hmax": 0.0, "ratio": 0.0, "vulnClass": "none"}}, {"type": "Feature", "geometry": {"type": "MultiPolygon", "coordinates": [[[[71.78277827817216, 34.40957592477777], [71.78253151151405, 34.40951958523571], [71.78250963366115, 34.409585345950894], [71.78275640049085, 34.409641685546724], [71.78277827817216, 34.40957592477777]]]]}, "properties": {"id": "8J6HCQ5M+R3J8", "height": 3.970770359039307, "hmax": 0.0, "ratio": 0.0, "vulnClass": "none"}}, {"type": "Feature", "geometry": {"type": "MultiPolygon", "coordinates": [[[[71.78253151151405, 34.40951958523571], [71.78241583562026, 34.4094931955169], [71.78239396113825, 34.409558866166314], [71.78250963366115, 34.409585345950894], [71.78253151151405, 34.40951958523571]]]]}, "properties": {"id": "8J6HCQ5J+RX8H", "height": 4.532001495361328, "hmax": 0.0, "ratio": 0.0, "vulnClass": "none"}}, {"type": "Feature", "geometry": {"type": "MultiPolygon", "coordinates": [[[[71.78242797619916, 34.409471523105985], [71.78232152978988, 34.40943699408692], [71.78227679881206, 34.40953153586308], [71.78238324186522, 34.409566154966974], [71.78242797619916, 34.409471523105985]]]]}, "properties": {"id": "8J6HCQ5J+RW53", "height": 4.532001495361328, "hmax": 0.0, "ratio": 0.0, "vulnClass": "none"}}, {"type": "Feature", "geometry": {"type": "MultiPolygon", "coordinates": [[[[71.7829615408788, 34.41054299270484], [71.78284986076137, 34.41051445526084], [71.78277810169668, 34.41070697956755], [71.78283043864033, 34.410720435060526], [71.78281782861474, 34.4107543530222], [71.7830537866368, 34.41081473386189], [71.78308772929145, 34.41072360319758], [71.78291111139983, 34.410678394493026], [71.7829615408788, 34.41054299270484]]]]}, "properties": {"id": "8J6HCQ6M+75F7", "height": 4.238673210144043, "hmax": 0.0, "ratio": 0.0, "vulnClass": "none"}}, {"type": "Feature", "geometry": {"type": "MultiPolygon", "coordinates": [[[[71.7852921486149, 34.41182407520687], [71.78510356082097, 34.41177612113808], [71.78509447459336, 34.41180039785878], [71.78501240647587, 34.4117794913734], [71.78499023145375, 34.41183884540357], [71.78495964257779, 34.41183110049416], [71.78492111424602, 34.41193409855443], [71.78522235611669, 34.41201079424657], [71.7852921486149, 34.41182407520687]]]]}, "properties": {"id": "Pakistan_123102132_603089", "height": 2.993743658065796, "hmax": 0.0, "ratio": 0.0, "vulnClass": "none"}}, {"type": "Feature", "geometry": {"type": "MultiPolygon", "coordinates": [[[[71.78175498461971, 34.41181019691207], [71.78172319901081, 34.41181098216373], [71.7817269299964, 34.411923564397064], [71.78186353482872, 34.41192040214259], [71.78186087687341, 34.41183939415407], [71.78175594915231, 34.41184176830053], [71.78175498461971, 34.41181019691207]]]]}, "properties": {"id": "8J6HCQ6J+QP33", "height": 3.10360050201416, "hmax": 0.0, "ratio": 0.0, "vulnClass": "none"}}, {"type": "Feature", "geometry": {"type": "MultiPolygon", "coordinates": [[[[71.78875123022503, 34.411869327894294], [71.78874088499353, 34.411943594878], [71.78877664415182, 34.411946968136405], [71.78878698935256, 34.41187270114796], [71.78875123022503, 34.411869327894294]]]]}, "properties": {"id": "Pakistan_123102132_3243", "height": 2.529271364212036, "hmax": 0.0, "ratio": 0.0, "vulnClass": "none"}}, {"type": "Feature", "geometry": {"type": "MultiPolygon", "coordinates": [[[[71.78868409086128, 34.412023851750085], [71.788728747405, 34.41200501606951], [71.78870375426031, 34.41196470136361], [71.78865909773393, 34.41198353703604], [71.78868409086128, 34.412023851750085]]]]}, "properties": {"id": "Pakistan_123102132_191144", "height": 3.680947303771973, "hmax": 0.0, "ratio": 0.0, "vulnClass": "none"}}, {"type": "Feature", "geometry": {"type": "MultiPolygon", "coordinates": [[[[71.78838000158535, 34.41199305680527], [71.78856586324521, 34.411984421709526], [71.78856099014888, 34.41191281927874], [71.78845411521714, 34.411917761841494], [71.7884410112973, 34.41172588779498], [71.78836213699802, 34.41172949314552], [71.78838000158535, 34.41199305680527]]]]}, "properties": {"id": "Pakistan_123102132_15427", "height": 3.881000280380249, "hmax": 0.084, "ratio": 0.022, "vulnClass": "none"}}, {"type": "Feature", "geometry": {"type": "MultiPolygon", "coordinates": [[[[71.78862997847082, 34.411724184202484], [71.78848936070845, 34.41172706833662], [71.7884906732716, 34.41177234889838], [71.7886313997528, 34.41176946762209], [71.78862997847082, 34.411724184202484]]]]}, "properties": {"id": "Pakistan_123102132_317407", "height": 2.946838617324829, "hmax": 0.084, "ratio": 0.028, "vulnClass": "none"}}, {"type": "Feature", "geometry": {"type": "MultiPolygon", "coordinates": [[[[71.78774284814635, 34.41175368457069], [71.7877491307491, 34.41161225300359], [71.7876579935679, 34.41160949673101], [71.78765686836793, 34.4116360559686], [71.78760059848995, 34.41163439648985], [71.78759554950034, 34.41174927165545], [71.78774284814635, 34.41175368457069]]]]}, "properties": {"id": "Pakistan_123102132_366436", "height": 2.582192897796631, "hmax": 0.0, "ratio": 0.0, "vulnClass": "none"}}, {"type": "Feature", "geometry": {"type": "MultiPolygon", "coordinates": [[[[71.78752736388357, 34.411709443635026], [71.78752799634324, 34.41164177144768], [71.78736175460284, 34.4116407359226], [71.78736048070994, 34.41177346623559], [71.7873443878255, 34.41177340367688], [71.78734339253859, 34.41188180578802], [71.78741580372113, 34.41188226737337], [71.78741744361629, 34.41170871707864], [71.78752736388357, 34.411709443635026]]]]}, "properties": {"id": "Pakistan_123102132_298850", "height": 3.277291297912598, "hmax": 0.0, "ratio": 0.0, "vulnClass": "none"}}, {"type": "Feature", "geometry": {"type": "MultiPolygon", "coordinates": [[[[71.78718993188001, 34.41180539551848], [71.7871844206239, 34.41193801441193], [71.78726741680198, 34.411940376751396], [71.78726974673793, 34.41188518735778], [71.78731798065097, 34.4118865455932], [71.78732126699258, 34.41180920897579], [71.78718993188001, 34.41180539551848]]]]}, "properties": {"id": "Pakistan_123102132_157026", "height": 3.118777275085449, "hmax": 0.0, "ratio": 0.0, "vulnClass": "none"}}, {"type": "Feature", "geometry": {"type": "MultiPolygon", "coordinates": [[[[71.78774052240662, 34.411922439886354], [71.78774547350596, 34.41182432661237], [71.78744690446527, 34.41181413434628], [71.78744205821563, 34.41191234048586], [71.78774052240662, 34.411922439886354]]]]}, "properties": {"id": "Pakistan_123102132_212785", "height": 3.277291297912598, "hmax": 0.0, "ratio": 0.0, "vulnClass": "none"}}, {"type": "Feature", "geometry": {"type": "MultiPolygon", "coordinates": [[[[71.78799524528964, 34.411984296068766], [71.78800551721109, 34.41205405752028], [71.7881746252476, 34.412037051077526], [71.78816617644026, 34.411979325055995], [71.78807894695285, 34.411988118506414], [71.78807712371035, 34.41197608308212], [71.78799524528964, 34.411984296068766]]]]}, "properties": {"id": "Pakistan_123102132_572354", "height": 2.649004220962524, "hmax": 0.0, "ratio": 0.0, "vulnClass": "none"}}, {"type": "Feature", "geometry": {"type": "MultiPolygon", "coordinates": [[[[71.78534836142057, 34.41121671565262], [71.78579349733, 34.411378133239786], [71.7858329886243, 34.41130391214265], [71.785387961651, 34.411142497573636], [71.78534836142057, 34.41121671565262]]]]}, "properties": {"id": "Pakistan_123102132_575471", "height": 3.987737655639648, "hmax": 0.0, "ratio": 0.0, "vulnClass": "none"}}, {"type": "Feature", "geometry": {"type": "MultiPolygon", "coordinates": [[[[71.78544410953302, 34.41103374374773], [71.78542263330732, 34.41107202548435], [71.78553303060801, 34.41111422686237], [71.78555450679728, 34.411075945104315], [71.78544410953302, 34.41103374374773]]]]}, "properties": {"id": "Pakistan_123102132_600023", "height": 3.557650089263916, "hmax": 0.0, "ratio": 0.0, "vulnClass": "none"}}, {"type": "Feature", "geometry": {"type": "MultiPolygon", "coordinates": [[[[71.78560391121745, 34.410910411215625], [71.7856444708691, 34.41093608400508], [71.78567735948981, 34.41090080635826], [71.78563679984337, 34.41087513358], [71.78560391121745, 34.410910411215625]]]]}, "properties": {"id": "Pakistan_123102132_456023", "height": 2.630754232406616, "hmax": 0.0, "ratio": 0.0, "vulnClass": "none"}}, {"type": "Feature", "geometry": {"type": "MultiPolygon", "coordinates": [[[[71.78553435425304, 34.41044638710564], [71.78559876849125, 34.41034325851495], [71.78542724181239, 34.410270156456114], [71.7854085921127, 34.410299950057556], [71.78534717387265, 34.41027372849261], [71.7853012970696, 34.41034715054156], [71.78553435425304, 34.41044638710564]]]]}, "properties": {"id": "Pakistan_123102132_378719", "height": 3.028116941452026, "hmax": 0.0, "ratio": 0.0, "vulnClass": "none"}}, {"type": "Feature", "geometry": {"type": "MultiPolygon", "coordinates": [[[[71.78976683301774, 34.41052520013663], [71.78977666466176, 34.41047570573651], [71.78968795084201, 34.41046364098619], [71.78967800706334, 34.410513222563495], [71.78976683301774, 34.41052520013663]]]]}, "properties": {"id": "Pakistan_123102132_104369", "height": 2.669955015182495, "hmax": 0.0, "ratio": 0.0, "vulnClass": "none"}}, {"type": "Feature", "geometry": {"type": "MultiPolygon", "coordinates": [[[[71.79005549659193, 34.410703312089524], [71.79014067413507, 34.41071970014562], [71.79018269664904, 34.410570644576396], [71.79026161765339, 34.4105856964952], [71.7902740671109, 34.41054167870651], [71.79002716778783, 34.410494273671794], [71.79001710262146, 34.41052997181707], [71.79005154225256, 34.41053655476416], [71.79004272533636, 34.41056804951171], [71.79009098154877, 34.410577338800685], [71.79005549659193, 34.410703312089524]]]]}, "properties": {"id": "Pakistan_123102132_301985", "height": 2.680871248245239, "hmax": 0.0, "ratio": 0.0, "vulnClass": "none"}}, {"type": "Feature", "geometry": {"type": "MultiPolygon", "coordinates": [[[[71.78984303730637, 34.41067384620907], [71.79004204155441, 34.41069115140825], [71.79004887741213, 34.41063752236519], [71.78998134878486, 34.41063169260134], [71.78998184343259, 34.410627289143235], [71.7899473746782, 34.410624310677115], [71.78996353883616, 34.410497379240596], [71.78986663744142, 34.410488975206356], [71.78984303730637, 34.41067384620907]]]]}, "properties": {"id": "Pakistan_123102132_73841", "height": 2.784866809844971, "hmax": 0.0, "ratio": 0.0, "vulnClass": "none"}}, {"type": "Feature", "geometry": {"type": "MultiPolygon", "coordinates": [[[[71.78967061798313, 34.41063533710469], [71.78974499098295, 34.4106413468433], [71.78974063201571, 34.41067854683865], [71.78979635661756, 34.41068307519992], [71.7897881678105, 34.41075217132705], [71.78984931421053, 34.41075711249031], [71.78985640501718, 34.41069682041673], [71.78981661625525, 34.41069361202839], [71.78981968939377, 34.410667284182125], [71.78978781425168, 34.41066473433022], [71.7897993347883, 34.410568235569414], [71.78967975142527, 34.4105586046125], [71.78967061798313, 34.41063533710469]]]]}, "properties": {"id": "Pakistan_123102132_138586", "height": 2.991110563278198, "hmax": 0.0, "ratio": 0.0, "vulnClass": "none"}}, {"type": "Feature", "geometry": {"type": "MultiPolygon", "coordinates": [[[[71.78935113895186, 34.41060612331343], [71.78934311417966, 34.41065386251045], [71.78942215716897, 34.41066287935544], [71.78943007670051, 34.41061504725533], [71.78935113895186, 34.41060612331343]]]]}, "properties": {"id": "Pakistan_123102132_150837", "height": 3.084795713424683, "hmax": 0.0, "ratio": 0.0, "vulnClass": "none"}}, {"type": "Feature", "geometry": {"type": "MultiPolygon", "coordinates": [[[[71.78940574324275, 34.41059160463938], [71.78962372059341, 34.41062464124101], [71.78963107868108, 34.410591485834075], [71.78960253513405, 34.410587130694545], [71.78960778648671, 34.41056356402934], [71.78950398681788, 34.41054785807841], [71.78953064535308, 34.41042805243201], [71.78944501146478, 34.410415076974544], [71.78940574324275, 34.41059160463938]]]]}, "properties": {"id": "Pakistan_123102132_36890", "height": 3.124442338943481, "hmax": 0.0, "ratio": 0.0, "vulnClass": "none"}}, {"type": "Feature", "geometry": {"type": "MultiPolygon", "coordinates": [[[[71.78927482259515, 34.41085846969395], [71.78960639093917, 34.41091567173293], [71.7896211266218, 34.41085738315399], [71.789484890653, 34.41083388489285], [71.78949052841115, 34.41081159022964], [71.78944169450489, 34.410803186839885], [71.78945808713112, 34.41073854246813], [71.78940925327112, 34.410730139067866], [71.7893952898615, 34.41078529330069], [71.789331009796, 34.41077414062529], [71.78931973419925, 34.41081872993219], [71.78928634994665, 34.410812985690434], [71.78927482259515, 34.41085846969395]]]]}, "properties": {"id": "Pakistan_123102132_305063", "height": 2.784369945526123, "hmax": 0.0, "ratio": 0.0, "vulnClass": "none"}}, {"type": "Feature", "geometry": {"type": "MultiPolygon", "coordinates": [[[[71.78961906750706, 34.410885630397026], [71.789772579866, 34.41091805473993], [71.78979899882876, 34.41083294342659], [71.78950708101767, 34.41077119546696], [71.78948960324954, 34.41082724883025], [71.78962801236885, 34.410856482471246], [71.78961906750706, 34.410885630397026]]]]}, "properties": {"id": "Pakistan_123102132_317409", "height": 2.719896554946899, "hmax": 0.0, "ratio": 0.0, "vulnClass": "none"}}, {"type": "Feature", "geometry": {"type": "MultiPolygon", "coordinates": [[[[71.78932231930958, 34.41110938226369], [71.7891606822089, 34.41106475636306], [71.78913930838037, 34.41111746255713], [71.78930094556665, 34.41116208849082], [71.78932231930958, 34.41110938226369]]]]}, "properties": {"id": "Pakistan_123102132_341923", "height": 2.447439193725586, "hmax": 0.0, "ratio": 0.0, "vulnClass": "none"}}, {"type": "Feature", "geometry": {"type": "MultiPolygon", "coordinates": [[[[71.78942788451675, 34.41098227611891], [71.78950231509401, 34.410995317795276], [71.78951597510009, 34.410942408870554], [71.78944154801029, 34.41092927716377], [71.78942788451675, 34.41098227611891]]]]}, "properties": {"id": "Pakistan_123102132_212786", "height": 2.455877304077148, "hmax": 0.0, "ratio": 0.0, "vulnClass": "none"}}, {"type": "Feature", "geometry": {"type": "MultiPolygon", "coordinates": [[[[71.78980258484427, 34.41102069174012], [71.78965278209586, 34.4109964767335], [71.78966093859013, 34.410962350853566], [71.7895899294439, 34.41095084126697], [71.78957165960246, 34.411027604111595], [71.78979247162911, 34.4110633287352], [71.78980258484427, 34.41102069174012]]]]}, "properties": {"id": "Pakistan_123102132_144689", "height": 2.679699659347534, "hmax": 0.0, "ratio": 0.0, "vulnClass": "none"}}, {"type": "Feature", "geometry": {"type": "MultiPolygon", "coordinates": [[[[71.7898757606121, 34.41132816034969], [71.78988418186974, 34.41128142297768], [71.78990168358231, 34.411338485413474], [71.79006304778355, 34.41130495903831], [71.79003598179195, 34.41121645983351], [71.7899902682604, 34.411225984689985], [71.7899401494565, 34.411219891162744], [71.78998082068715, 34.41121140558344], [71.78997482521143, 34.41119186978468], [71.78993632544714, 34.41117769922615], [71.78994363647219, 34.411137241899475], [71.78988093194879, 34.4111502861761], [71.78987567063332, 34.41117980128034], [71.78990956075984, 34.411192228397375], [71.78990374091605, 34.41122497357058], [71.78987950957158, 34.41126994365116], [71.78987138895639, 34.411269009274854], [71.78972692821111, 34.41121600241701], [71.78973701482431, 34.41115984498293], [71.78973876031698, 34.411165388868554], [71.7897488538008, 34.41110905134994], [71.7896671287313, 34.4110990629265], [71.78965074109578, 34.41112945743065], [71.78961599223385, 34.4111167372883], [71.78958789663916, 34.41116890645184], [71.78958554692511, 34.41118200394148], [71.78962754506561, 34.41118716321971], [71.78961912023632, 34.411233990608316], [71.7898757606121, 34.41132816034969]]]]}, "properties": {"id": "Pakistan_123102132_581577", "height": 3.281669855117798, "hmax": 0.0, "ratio": 0.0, "vulnClass": "none"}}, {"type": "Feature", "geometry": {"type": "MultiPolygon", "coordinates": [[[[71.79017273785787, 34.410973271559236], [71.790160212962, 34.41110741901738], [71.79045345231245, 34.411126117227326], [71.79045879260977, 34.411068933741554], [71.79025885123846, 34.411056201295345], [71.79026603555606, 34.410979237288934], [71.79034870358568, 34.410984473097784], [71.79035604121013, 34.41090634139768], [71.79026003098011, 34.41090021436], [71.7902644459932, 34.4108530111969], [71.78984579702356, 34.4108263313423], [71.78983880363315, 34.41090113716991], [71.78986549161326, 34.41090282969496], [71.7898607282349, 34.410953448688254], [71.79017273785787, 34.410973271559236]]]]}, "properties": {"id": "Pakistan_123102132_98208", "height": 3.254892349243164, "hmax": 0.0, "ratio": 0.0, "vulnClass": "none"}}, {"type": "Feature", "geometry": {"type": "MultiPolygon", "coordinates": [[[[71.79042619168902, 34.410763973213186], [71.79043621770077, 34.410712230563405], [71.79025053602037, 34.410687795007334], [71.79024050989942, 34.41073953763579], [71.79042619168902, 34.410763973213186]]]]}, "properties": {"id": "Pakistan_123102132_194251", "height": 2.525331974029541, "hmax": 0.0, "ratio": 0.0, "vulnClass": "none"}}, {"type": "Feature", "geometry": {"type": "MultiPolygon", "coordinates": [[[[71.79075657960699, 34.41087197540279], [71.7907332977944, 34.410997368072515], [71.79080277739436, 34.41100622301103], [71.79083014799426, 34.41085921596491], [71.79077635959676, 34.41085239549584], [71.79079249788732, 34.410765932366175], [71.79051078482021, 34.41073023245017], [71.79050873861961, 34.41074108464233], [71.79044715912896, 34.41073324822067], [71.79044031547785, 34.410770022464206], [71.79050849803306, 34.410778663234666], [71.79050042874616, 34.410821894772994], [71.79058300561292, 34.41083235566204], [71.7905797372091, 34.41084957510578], [71.79075657960699, 34.41087197540279]]]]}, "properties": {"id": "Pakistan_123102132_480639", "height": 2.832340240478516, "hmax": 0.0, "ratio": 0.0, "vulnClass": "none"}}, {"type": "Feature", "geometry": {"type": "MultiPolygon", "coordinates": [[[[71.79090654085292, 34.41060759153306], [71.7908882619732, 34.4108268525862], [71.7908896743155, 34.41082688967551], [71.79087504453061, 34.411001901755476], [71.7909391761882, 34.41100556879935], [71.79095202944588, 34.41085142060873], [71.79108550391676, 34.410858981548145], [71.79109983332047, 34.41068612469935], [71.79108116762603, 34.41068509376383], [71.79109061777635, 34.410571595710245], [71.79104656099913, 34.41056908683493], [71.79104272752352, 34.41061531386364], [71.79090654085292, 34.41060759153306]]]]}, "properties": {"id": "Pakistan_123102132_67747", "height": 3.304333686828613, "hmax": 0.0, "ratio": 0.0, "vulnClass": "none"}}, {"type": "Feature", "geometry": {"type": "MultiPolygon", "coordinates": [[[[71.79019466346357, 34.410635943838884], [71.7901810709036, 34.41068425791214], [71.79024336451658, 34.41069616914907], [71.79025695704372, 34.410647855067076], [71.79019466346357, 34.410635943838884]]]]}, "properties": {"id": "Pakistan_123102132_338855", "height": 2.521214962005615, "hmax": 0.0, "ratio": 0.0, "vulnClass": "none"}}, {"type": "Feature", "geometry": {"type": "MultiPolygon", "coordinates": [[[[71.79028557350458, 34.4105536079168], [71.79027120865932, 34.41060505632652], [71.79042149754898, 34.41063360964704], [71.79043586230978, 34.41058216121496], [71.79028557350458, 34.4105536079168]]]]}, "properties": {"id": "Pakistan_123102132_116879", "height": 2.678086280822754, "hmax": 0.0, "ratio": 0.0, "vulnClass": "none"}}, {"type": "Feature", "geometry": {"type": "MultiPolygon", "coordinates": [[[[71.79061439292337, 34.4120138148429], [71.7906127161697, 34.411955275350195], [71.79054295541494, 34.411956597775855], [71.79054472201834, 34.41201847449964], [71.79058759974836, 34.41201770787194], [71.79058882009514, 34.41205974128143], [71.79066522194877, 34.41205823272155], [71.79066402030345, 34.41201286493093], [71.79061439292337, 34.4120138148429]]]]}, "properties": {"id": "Pakistan_123102132_15438", "height": 2.713718175888062, "hmax": 0.0, "ratio": 0.0, "vulnClass": "none"}}, {"type": "Feature", "geometry": {"type": "MultiPolygon", "coordinates": [[[[71.7901593705307, 34.41188306997742], [71.79015240931385, 34.412056570829556], [71.79027973230016, 34.412060095461264], [71.79028614579013, 34.411900911141736], [71.79041607599102, 34.41190450410564], [71.7904100449265, 34.41205369386898], [71.79051053649718, 34.412056423392016], [71.79051536044516, 34.41193595391699], [71.79063725113848, 34.41193933549446], [71.79063862673291, 34.41190620316624], [71.79054345883957, 34.411903613575596], [71.79054576749336, 34.411846080072394], [71.7905217573914, 34.41184544946801], [71.79052393866762, 34.41179124749159], [71.79042333876981, 34.411788515143776], [71.79042052735518, 34.41185919466097], [71.79028798634904, 34.411855623259775], [71.79028716152658, 34.41187434898075], [71.79022556094468, 34.411872730954485], [71.79022509610742, 34.41188488651897], [71.7901593705307, 34.41188306997742]]]]}, "properties": {"id": "Pakistan_123102132_135455", "height": 4.92241907119751, "hmax": 0.0, "ratio": 0.0, "vulnClass": "none"}}, {"type": "Feature", "geometry": {"type": "MultiPolygon", "coordinates": [[[[71.79040468689652, 34.41119270556713], [71.79039854815493, 34.41127645692065], [71.79050546437327, 34.41128178871904], [71.79050894970666, 34.411233299284895], [71.7904635785829, 34.41123102606395], [71.79046612326228, 34.41119576128192], [71.79040468689652, 34.41119270556713]]]]}, "properties": {"id": "Pakistan_123102132_218849", "height": 2.466170072555542, "hmax": 0.0, "ratio": 0.0, "vulnClass": "none"}}, {"type": "Feature", "geometry": {"type": "MultiPolygon", "coordinates": [[[[71.79046114983012, 34.4111438049439], [71.79039813933669, 34.411144944071964], [71.79039953940052, 34.41119365194836], [71.79046255337356, 34.411192422780374], [71.79046114983012, 34.4111438049439]]]]}, "properties": {"id": "Pakistan_123102132_449746", "height": 2.615384340286255, "hmax": 0.0, "ratio": 0.0, "vulnClass": "none"}}, {"type": "Feature", "geometry": {"type": "MultiPolygon", "coordinates": [[[[71.78918808464529, 34.41174146360506], [71.78913080051399, 34.411737885416414], [71.78910907180665, 34.411973279074786], [71.78927441644694, 34.41198357222227], [71.78927887689424, 34.411935198601455], [71.78917081660485, 34.41192848366905], [71.78918808464529, 34.41174146360506]]]]}, "properties": {"id": "Pakistan_123102132_27690", "height": 3.245570421218872, "hmax": 0.0, "ratio": 0.0, "vulnClass": "none"}}, {"type": "Feature", "geometry": {"type": "MultiPolygon", "coordinates": [[[[71.78931180610401, 34.411773736725024], [71.78928412508678, 34.41211073264514], [71.78936421422691, 34.41211518034087], [71.78936890352243, 34.41205797982897], [71.78939831481804, 34.41205956375529], [71.78942130268135, 34.411779858341376], [71.78931180610401, 34.411773736725024]]]]}, "properties": {"id": "Pakistan_123102132_209729", "height": 3.343967914581299, "hmax": 0.0, "ratio": 0.0, "vulnClass": "none"}}, {"type": "Feature", "geometry": {"type": "MultiPolygon", "coordinates": [[[[71.78945726842645, 34.41184038028424], [71.78950235709885, 34.41184435896929], [71.78950959859384, 34.411788667606], [71.78946450995062, 34.411784688925245], [71.78945726842645, 34.41184038028424]]]]}, "properties": {"id": "Pakistan_123102132_243351", "height": 2.724470615386963, "hmax": 0.0, "ratio": 0.0, "vulnClass": "none"}}, {"type": "Feature", "geometry": {"type": "MultiPolygon", "coordinates": [[[[71.78960453239624, 34.41207886191398], [71.78962765019693, 34.41163935645153], [71.78958746619979, 34.41163794022506], [71.78958370230207, 34.41171075783922], [71.78951669385496, 34.41170836646207], [71.78950004583666, 34.41202420099392], [71.78945725767066, 34.41202262616898], [71.78945455126046, 34.412073479436835], [71.78960453239624, 34.41207886191398]]]]}, "properties": {"id": "Pakistan_123102132_264990", "height": 3.369777917861938, "hmax": 0.0, "ratio": 0.0, "vulnClass": "none"}}, {"type": "Feature", "geometry": {"type": "MultiPolygon", "coordinates": [[[[71.78999359425957, 34.41194946873222], [71.79010612747635, 34.41194728726529], [71.79010088407486, 34.41176589477092], [71.79028851490683, 34.41176217060787], [71.79028674848276, 34.411700293889076], [71.78998647625747, 34.41170619668216], [71.78999359425957, 34.41194946873222]]]]}, "properties": {"id": "Pakistan_123102132_406612", "height": 5.284813404083252, "hmax": 0.0, "ratio": 0.0, "vulnClass": "none"}}, {"type": "Feature", "geometry": {"type": "MultiPolygon", "coordinates": [[[[71.78923474361454, 34.412065450929255], [71.78913367421335, 34.412057928195594], [71.78912815321507, 34.41210843709992], [71.78922922267593, 34.41211595984148], [71.78923474361454, 34.412065450929255]]]]}, "properties": {"id": "Pakistan_123102132_160068", "height": 2.493362188339233, "hmax": 0.0, "ratio": 0.0, "vulnClass": "none"}}, {"type": "Feature", "geometry": {"type": "MultiPolygon", "coordinates": [[[[71.789445887549, 34.412203311761054], [71.78962508705247, 34.412485444947585], [71.7896871210111, 34.41245868321003], [71.78950792478533, 34.412176460063876], [71.789445887549, 34.412203311761054]]]]}, "properties": {"id": "Pakistan_123102132_532728", "height": 2.515264749526978, "hmax": 0.0, "ratio": 0.0, "vulnClass": "none"}}, {"type": "Feature", "geometry": {"type": "MultiPolygon", "coordinates": [[[[71.79090601645888, 34.41225121920899], [71.7909103933754, 34.412205006468966], [71.79073052756436, 34.41219334271178], [71.79072235422434, 34.41227911367418], [71.7909794608685, 34.4122957802116], [71.79098325707524, 34.41225622196267], [71.79090601645888, 34.41225121920899]]]]}, "properties": {"id": "Pakistan_123102132_465193", "height": 2.938227891921997, "hmax": 0.0, "ratio": 0.0, "vulnClass": "none"}}, {"type": "Feature", "geometry": {"type": "MultiPolygon", "coordinates": [[[[71.7908354699764, 34.41246081546283], [71.79074633763315, 34.41243972726058], [71.79073424266194, 34.41247447083479], [71.79082348023883, 34.41249565194214], [71.7908354699764, 34.41246081546283]]]]}, "properties": {"id": "Pakistan_123102132_612421", "height": 3.104334354400635, "hmax": 0.0, "ratio": 0.0, "vulnClass": "none"}}, {"type": "Feature", "geometry": {"type": "MultiPolygon", "coordinates": [[[[71.79261303636666, 34.409483835049464], [71.7926259155186, 34.40943991838292], [71.79250428319963, 34.40941563511396], [71.79249140398979, 34.40945955176444], [71.79261303636666, 34.409483835049464]]]]}, "properties": {"id": "Pakistan_123102132_609311", "height": 2.928461790084839, "hmax": 0.145, "ratio": 0.049, "vulnClass": "low"}}, {"type": "Feature", "geometry": {"type": "MultiPolygon", "coordinates": [[[[71.79130284899676, 34.410237191718245], [71.791273641586, 34.41014494112121], [71.79107034203678, 34.41018881473302], [71.79108315090073, 34.41022925969095], [71.79098775206215, 34.410249828286226], [71.79100415033568, 34.41030163397133], [71.79130284899676, 34.410237191718245]]]]}, "properties": {"id": "Pakistan_123102132_584650", "height": 2.555147409439087, "hmax": 0.0, "ratio": 0.0, "vulnClass": "none"}}, {"type": "Feature", "geometry": {"type": "MultiPolygon", "coordinates": [[[[71.79079074860229, 34.40979904373395], [71.79070834786408, 34.409778312626045], [71.79067427072012, 34.40987034346702], [71.79075667153661, 34.409891074602264], [71.79079074860229, 34.40979904373395]]]]}, "properties": {"id": "Pakistan_123102132_85963", "height": 2.731566190719604, "hmax": 0.0, "ratio": 0.0, "vulnClass": "none"}}, {"type": "Feature", "geometry": {"type": "MultiPolygon", "coordinates": [[[[71.79042325635952, 34.40923661469562], [71.79045303488884, 34.40935087260179], [71.79047865626656, 34.40934631787838], [71.79050368798691, 34.409442514897954], [71.79057036606291, 34.409430746326734], [71.79058164867229, 34.40947412559218], [71.79064832676632, 34.40946235697922], [71.7905822369525, 34.409208432796596], [71.79042325635952, 34.40923661469562]]]]}, "properties": {"id": "Pakistan_123102132_403563", "height": 3.14794921875, "hmax": 0.0, "ratio": 0.0, "vulnClass": "none"}}, {"type": "Feature", "geometry": {"type": "MultiPolygon", "coordinates": [[[[71.79047046967553, 34.409361335124274], [71.79037511725812, 34.40939208936693], [71.79039050664647, 34.40942476070696], [71.79048597117979, 34.409393919266186], [71.79047046967553, 34.409361335124274]]]]}, "properties": {"id": "Pakistan_123102132_344987", "height": 3.14794921875, "hmax": 0.0, "ratio": 0.0, "vulnClass": "none"}}, {"type": "Feature", "geometry": {"type": "MultiPolygon", "coordinates": [[[[71.79036542429722, 34.40962284230487], [71.79036982769576, 34.40976365352314], [71.79038329756207, 34.409766891518906], [71.79038521944348, 34.40983039470404], [71.79041981414005, 34.40983860398294], [71.79047129399852, 34.40983752250174], [71.79047212528485, 34.40986413318291], [71.79052881572085, 34.409877519466846], [71.79053032454014, 34.40992623020661], [71.79052042644605, 34.40995472225689], [71.79052166210928, 34.409993511336324], [71.79051432087103, 34.41001486000264], [71.79051615830038, 34.41007773004722], [71.79058059065113, 34.410076357781385], [71.79057928419067, 34.410036575394095], [71.79068866428543, 34.410034310500706], [71.79069904853498, 34.41000447922764], [71.79069857833436, 34.40998833330577], [71.79065535770388, 34.40997818506329], [71.79065478919846, 34.40996176616465], [71.79067202499817, 34.40991201546412], [71.79066891536195, 34.40980846261146], [71.79065901733118, 34.40983695467687], [71.79065765878755, 34.409792844599124], [71.79062683550977, 34.40978554562032], [71.79055358974395, 34.4097870469756], [71.79048266900814, 34.409770402749515], [71.79047878377962, 34.40964447686802], [71.79038533986414, 34.40962246406323], [71.79036542429722, 34.40962284230487]]]]}, "properties": {"id": "Pakistan_123102132_221835", "height": 3.342114925384521, "hmax": 0.0, "ratio": 0.0, "vulnClass": "none"}}, {"type": "Feature", "geometry": {"type": "MultiPolygon", "coordinates": [[[[71.79035622145113, 34.409121198000655], [71.7905297431738, 34.40913080273514], [71.79053664192855, 34.409047071306546], [71.79032025603505, 34.4090350789281], [71.7903237037899, 34.40899325824572], [71.79024622141556, 34.4089889698663], [71.79023589714606, 34.40911677582516], [71.79029200176544, 34.40911987180467], [71.7902858747111, 34.409194790574546], [71.79035001182747, 34.409198277767416], [71.79035622145113, 34.409121198000655]]]]}, "properties": {"id": "Pakistan_123102132_502046", "height": 3.924433708190918, "hmax": 0.0, "ratio": 0.0, "vulnClass": "none"}}, {"type": "Feature", "geometry": {"type": "MultiPolygon", "coordinates": [[[[71.78981726529221, 34.408808344951815], [71.79004134807982, 34.40884370422311], [71.79006897598047, 34.408724104122676], [71.79003125036915, 34.40871815594153], [71.79004114580664, 34.40867551318295], [71.7898547890189, 34.40864610218027], [71.78981726529221, 34.408808344951815]]]]}, "properties": {"id": "Pakistan_123102132_590728", "height": 2.886334896087646, "hmax": 0.0, "ratio": 0.0, "vulnClass": "none"}}, {"type": "Feature", "geometry": {"type": "MultiPolygon", "coordinates": [[[[71.7895078105888, 34.40863662653406], [71.78954374197987, 34.40842504001243], [71.78930804191691, 34.40839775688898], [71.7892718031369, 34.40861167867149], [71.78949170106347, 34.40863701449809], [71.78946923950039, 34.408769368607544], [71.78968231433137, 34.408793984058555], [71.78970518412862, 34.40865947746434], [71.7895078105888, 34.40863662653406]]]]}, "properties": {"id": "Pakistan_123102132_255641", "height": 4.732678413391113, "hmax": 0.0, "ratio": 0.0, "vulnClass": "none"}}, {"type": "Feature", "geometry": {"type": "MultiPolygon", "coordinates": [[[[71.79246642725201, 34.40826041413707], [71.79243166291172, 34.40825950167193], [71.79243028820152, 34.408292634080084], [71.79246516119407, 34.40829354939782], [71.79246642725201, 34.40826041413707]]]]}, "properties": {"id": "Pakistan_123102132_240335", "height": 2.472776651382446, "hmax": 0.0, "ratio": 0.0, "vulnClass": "none"}}, {"type": "Feature", "geometry": {"type": "MultiPolygon", "coordinates": [[[[71.79233022574677, 34.40781203890714], [71.79232906448267, 34.40778550968606], [71.79224435838248, 34.407788153408475], [71.79224551961966, 34.407814682628846], [71.79233022574677, 34.40781203890714]]]]}, "properties": {"id": "Pakistan_123102132_505242", "height": 2.955682277679443, "hmax": 0.0, "ratio": 0.0, "vulnClass": "none"}}, {"type": "Feature", "geometry": {"type": "MultiPolygon", "coordinates": [[[[71.7923602082348, 34.40786978916173], [71.79235738722477, 34.40781554592277], [71.79225132268056, 34.407819341539685], [71.7922541436217, 34.407873584777214], [71.7923602082348, 34.40786978916173]]]]}, "properties": {"id": "Pakistan_123102132_569220", "height": 3.019971609115601, "hmax": 0.0, "ratio": 0.0, "vulnClass": "none"}}, {"type": "Feature", "geometry": {"type": "MultiPolygon", "coordinates": [[[[71.79249166953166, 34.40786161265525], [71.7924758336535, 34.40776376456743], [71.79239152481037, 34.40777308857081], [71.79240736059013, 34.40787093666404], [71.79249166953166, 34.40786161265525]]]]}, "properties": {"id": "Pakistan_123102132_280394", "height": 2.742489814758301, "hmax": 0.0, "ratio": 0.0, "vulnClass": "none"}}, {"type": "Feature", "geometry": {"type": "MultiPolygon", "coordinates": [[[[71.7925441801304, 34.40775951959309], [71.79254963376856, 34.40766232041061], [71.79236600983766, 34.40765533769373], [71.79236055598845, 34.4077525368562], [71.7925441801304, 34.40775951959309]]]]}, "properties": {"id": "Pakistan_123102132_489882", "height": 3.297372817993164, "hmax": 0.0, "ratio": 0.0, "vulnClass": "none"}}, {"type": "Feature", "geometry": {"type": "MultiPolygon", "coordinates": [[[[71.79230596775214, 34.407766696824126], [71.79230248374091, 34.407647270912264], [71.79222902251848, 34.40764876767659], [71.79223250642481, 34.407768193584644], [71.79230596775214, 34.407766696824126]]]]}, "properties": {"id": "Pakistan_123102132_231072", "height": 3.053746223449707, "hmax": 0.0, "ratio": 0.0, "vulnClass": "none"}}, {"type": "Feature", "geometry": {"type": "MultiPolygon", "coordinates": [[[[71.79279742941723, 34.40801628186171], [71.79251876915414, 34.408048896699206], [71.79248780581177, 34.40786881191911], [71.79223536362299, 34.40789832872109], [71.7922163160343, 34.40778777785797], [71.7919742496998, 34.40781612436977], [71.7918668204904, 34.40773326721117], [71.79185232891915, 34.407776690814025], [71.79182387213628, 34.40761073226081], [71.79177491488733, 34.407653972108754], [71.79180187227905, 34.407810788000674], [71.7916651655327, 34.40777979900519], [71.79164042537519, 34.40763611040431], [71.79156417989245, 34.40764501460579], [71.7916216651991, 34.407979019836496], [71.7918291010963, 34.407954812303615], [71.79181840737014, 34.407987069132275], [71.79188730068029, 34.40800266787435], [71.79184883739028, 34.40811846889246], [71.79192300884114, 34.40810978047422], [71.79189250738642, 34.40793187086875], [71.79202361002842, 34.40796154079496], [71.79203686211024, 34.40803877105822], [71.7921662405301, 34.40806803504836], [71.7920601747109, 34.408080392972494], [71.79208214312541, 34.40820841595359], [71.79228466671232, 34.408184709631875], [71.792381851405, 34.40825963635244], [71.79246214111582, 34.40825020688056], [71.79248659503305, 34.408176580142474], [71.79281834641644, 34.40813769753027], [71.79279742941723, 34.40801628186171]]]]}, "properties": {"id": "Pakistan_123102132_116896", "height": 3.81906270980835, "hmax": 0.0, "ratio": 0.0, "vulnClass": "none"}}, {"type": "Feature", "geometry": {"type": "MultiPolygon", "coordinates": [[[[71.79151779799233, 34.407492826203075], [71.79163290210417, 34.40749720012879], [71.79163526614836, 34.407455260797626], [71.7915201620936, 34.40745088687735], [71.79151779799233, 34.407492826203075]]]]}, "properties": {"id": "Pakistan_123102132_295715", "height": 2.771154880523682, "hmax": 0.0, "ratio": 0.0, "vulnClass": "none"}}, {"type": "Feature", "geometry": {"type": "MultiPolygon", "coordinates": [[[[71.79115793180962, 34.4074792314974], [71.79117016222422, 34.40766567466867], [71.79151243097932, 34.407650325717746], [71.79151430771289, 34.40767804543632], [71.79156507053861, 34.40767577291452], [71.7915620592888, 34.40762936613886], [71.79151924768769, 34.40763130662595], [71.79151448752957, 34.40755952691232], [71.79137549089948, 34.407565701895564], [71.79137109853748, 34.40749852855517], [71.79124539019737, 34.407504150968336], [71.79124344277224, 34.40747543794259], [71.79115793180962, 34.4074792314974]]]]}, "properties": {"id": "Pakistan_123102132_224846", "height": 4.003251075744629, "hmax": 0.0, "ratio": 0.0, "vulnClass": "none"}}, {"type": "Feature", "geometry": {"type": "MultiPolygon", "coordinates": [[[[71.79134932387434, 34.40768128480323], [71.79135863700787, 34.407995277908356], [71.79158652786307, 34.40799071578544], [71.79158467774141, 34.407930999997525], [71.79161155951668, 34.40793044390776], [71.79160918884027, 34.40785304863057], [71.79157969633792, 34.40785362630991], [71.79157670785067, 34.40774971607902], [71.79142652269697, 34.40775271314988], [71.79142441810481, 34.407679741314254], [71.79134932387434, 34.40768128480323]]]]}, "properties": {"id": "Pakistan_123102132_79898", "height": 3.524964809417725, "hmax": 0.0, "ratio": 0.0, "vulnClass": "none"}}, {"type": "Feature", "geometry": {"type": "MultiPolygon", "coordinates": [[[[71.7920613808842, 34.40820534725071], [71.79204670401771, 34.40806579854453], [71.79204299655335, 34.40806606174911], [71.79203812786973, 34.40801987661585], [71.79195928653238, 34.40802555830129], [71.79195227262855, 34.4079586766794], [71.79192991923227, 34.40796025303766], [71.79195647843704, 34.40821286850293], [71.7920613808842, 34.40820534725071]]]]}, "properties": {"id": "Pakistan_123102132_123106", "height": 2.44789457321167, "hmax": 0.0, "ratio": 0.0, "vulnClass": "none"}}, {"type": "Feature", "geometry": {"type": "MultiPolygon", "coordinates": [[[[71.79164699757125, 34.40839744553812], [71.79173732891213, 34.4083899025523], [71.79168853906766, 34.40799339395888], [71.79159831335225, 34.40800102982631], [71.79164699757125, 34.40839744553812]]]]}, "properties": {"id": "Pakistan_123102132_409755", "height": 3.88800573348999, "hmax": 0.0, "ratio": 0.0, "vulnClass": "none"}}, {"type": "Feature", "geometry": {"type": "MultiPolygon", "coordinates": [[[[71.79093768406257, 34.408083279402426], [71.79097439300672, 34.40807883545165], [71.79100190053815, 34.40823260144026], [71.7912723052096, 34.40819977334427], [71.79124759021042, 34.40806113272434], [71.79135258345158, 34.408048386821946], [71.79134640208723, 34.408013794200386], [71.79122557031839, 34.40802837751915], [71.79122172143896, 34.40800673497475], [71.7911314769873, 34.408017704876684], [71.79111480845403, 34.40792461177794], [71.79095835773344, 34.407943577319045], [71.79093900851458, 34.40783527167914], [71.79089442956352, 34.407840770802395], [71.79093768406257, 34.408083279402426]]]]}, "properties": {"id": "Pakistan_123102132_27700", "height": 3.059587955474854, "hmax": 0.0, "ratio": 0.0, "vulnClass": "none"}}, {"type": "Feature", "geometry": {"type": "MultiPolygon", "coordinates": [[[[71.79019213930872, 34.407894882828685], [71.79019926808947, 34.40794734645576], [71.79024957739057, 34.40794271915189], [71.79026858988253, 34.40808256212537], [71.79020736848837, 34.40808816466747], [71.79016293593422, 34.40801588370763], [71.79015259127769, 34.4079394507115], [71.79010762933383, 34.40794358750847], [71.7901406144849, 34.4081872686911], [71.79071541110834, 34.408134315537765], [71.79070185332486, 34.408033823156764], [71.79051643728734, 34.40805094586714], [71.79050812128717, 34.40798970829734], [71.79059018884634, 34.40798212938345], [71.79058162949721, 34.40791872226481], [71.79044925271445, 34.40793092858468], [71.7905127970018, 34.40790438623452], [71.79048177995226, 34.4078538189289], [71.79042765117335, 34.40785879667609], [71.79045766455629, 34.40808067801102], [71.79037025297178, 34.40808865726638], [71.79035872112101, 34.40800345032657], [71.7904286747999, 34.407996995467556], [71.79042290884506, 34.407954391998665], [71.7903533931962, 34.40796076822826], [71.79033977057524, 34.40793877883072], [71.79039171632209, 34.407934014184484], [71.79040741142506, 34.40792739612519], [71.79040207851116, 34.407887688243335], [71.7903508932585, 34.40789247286868], [71.79027972210011, 34.407922239819655], [71.79025914590869, 34.40788871118481], [71.79019213930872, 34.407894882828685]]]]}, "properties": {"id": "Pakistan_123102132_566186", "height": 3.658761262893677, "hmax": 0.0, "ratio": 0.0, "vulnClass": "none"}}, {"type": "Feature", "geometry": {"type": "MultiPolygon", "coordinates": [[[[71.78963557281999, 34.40777543989521], [71.78986828952698, 34.40779822751773], [71.78988267674274, 34.40769783821126], [71.78964996030597, 34.407675050631255], [71.78963557281999, 34.40777543989521]]]]}, "properties": {"id": "Pakistan_123102132_544923", "height": 3.604030609130859, "hmax": 0.0, "ratio": 0.0, "vulnClass": "none"}}, {"type": "Feature", "geometry": {"type": "MultiPolygon", "coordinates": [[[[71.78918594147476, 34.40768350017118], [71.78912765781764, 34.407925053934854], [71.78946050947258, 34.407979675940595], [71.7894469330436, 34.40803610222108], [71.78949080933751, 34.408043293740214], [71.78950206180083, 34.40799645049007], [71.78967756352915, 34.40802530643299], [71.78968907448188, 34.40797738837255], [71.78961169951052, 34.40796463006143], [71.78961686110823, 34.40794340444973], [71.78950587543753, 34.40792516639039], [71.7895497007409, 34.407743170150724], [71.78918594147476, 34.40768350017118]]]]}, "properties": {"id": "Pakistan_123102132_234128", "height": 2.574305772781372, "hmax": 0.0, "ratio": 0.0, "vulnClass": "none"}}, {"type": "Feature", "geometry": {"type": "MultiPolygon", "coordinates": [[[[71.7902389402883, 34.40764924133849], [71.79015367168495, 34.407643847113626], [71.79016098293246, 34.40756355153897], [71.78989963695236, 34.40754722300268], [71.78989144485232, 34.40763632832215], [71.7899768254967, 34.40764163554114], [71.78997197645684, 34.40769450560714], [71.79004401196158, 34.407699011581286], [71.79004851629502, 34.40764946732964], [71.79017924205009, 34.407657677964636], [71.79017405192094, 34.40771378382471], [71.79016765263, 34.40771334534808], [71.7901545705262, 34.407856401271836], [71.79028356185937, 34.407864476116856], [71.7903014065204, 34.40767080110926], [71.79034675161837, 34.407673704572396], [71.79036729432195, 34.407449275362275], [71.79033702927082, 34.40744730876673], [71.79035248713014, 34.40727907832333], [71.7902627716534, 34.40727338712945], [71.79025119238392, 34.40739989831508], [71.79026182161815, 34.40740062814868], [71.7902389402883, 34.40764924133849]]]]}, "properties": {"id": "Pakistan_123102132_197293", "height": 4.122918128967285, "hmax": 0.0, "ratio": 0.0, "vulnClass": "none"}}, {"type": "Feature", "geometry": {"type": "MultiPolygon", "coordinates": [[[[71.79078704512386, 34.40739549424252], [71.79041245662792, 34.4073801587588], [71.79040417878254, 34.40751703168599], [71.7907788765217, 34.407532370081896], [71.79078704512386, 34.40739549424252]]]]}, "properties": {"id": "Pakistan_123102132_9358", "height": 2.962107419967651, "hmax": 0.0, "ratio": 0.0, "vulnClass": "none"}}, {"type": "Feature", "geometry": {"type": "MultiPolygon", "coordinates": [[[[71.79108024360954, 34.40767097480042], [71.79089444441442, 34.40769529859005], [71.7909173086918, 34.40781406168826], [71.79098277512797, 34.407805505773844], [71.79098904238, 34.40783784737191], [71.79104128448766, 34.407831017198035], [71.79103629377397, 34.40780510847485], [71.79110438471271, 34.40779617075151], [71.79108024360954, 34.40767097480042]]]]}, "properties": {"id": "Pakistan_123102132_237203", "height": 2.685213804244995, "hmax": 0.0, "ratio": 0.0, "vulnClass": "none"}}, {"type": "Feature", "geometry": {"type": "MultiPolygon", "coordinates": [[[[71.79078733100509, 34.40741361822645], [71.79078401745761, 34.40760839599604], [71.79065901544813, 34.40760691594087], [71.79065858448578, 34.40763241189925], [71.79060760593298, 34.40763179416298], [71.79060652600552, 34.40769702116406], [71.79087098943334, 34.407700090570266], [71.79087176905317, 34.40765693794719], [71.79079937509955, 34.407656118449864], [71.79080008742127, 34.40761188248016], [71.79083334772241, 34.40761230524754], [71.79083667987337, 34.407414193087966], [71.79078733100509, 34.40741361822645]]]]}, "properties": {"id": "Pakistan_123102132_268128", "height": 2.610115051269531, "hmax": 0.0, "ratio": 0.0, "vulnClass": "none"}}, {"type": "Feature", "geometry": {"type": "MultiPolygon", "coordinates": [[[[71.79000729275168, 34.40735960255836], [71.79004425324155, 34.407251874557126], [71.7901081689003, 34.40726680274297], [71.79013147728257, 34.407262998505274], [71.79012491240158, 34.40723560629842], [71.7901475475313, 34.40716977376029], [71.79011090017465, 34.40716124012505], [71.79007325710332, 34.407167371793015], [71.79004560661905, 34.40724776404734], [71.79000303240808, 34.40723781285731], [71.78999458747724, 34.40720271006711], [71.78982030568716, 34.40716189915659], [71.78981017393579, 34.40711972177358], [71.78975337339034, 34.40710642244926], [71.78976330505363, 34.407148143921596], [71.78974653496313, 34.407197095558296], [71.78982032228, 34.407505571741176], [71.7898450386963, 34.4074336649875], [71.7898450386963, 34.4074336649875], [71.78986230186948, 34.40738319405173], [71.79000729275168, 34.40735960255836]]]]}, "properties": {"id": "Pakistan_123102132_514407", "height": 6.458193778991699, "hmax": 0.0, "ratio": 0.0, "vulnClass": "none"}}, {"type": "Feature", "geometry": {"type": "MultiPolygon", "coordinates": [[[[71.78933561567794, 34.40737539671303], [71.7892997609959, 34.40750821012738], [71.7894480280931, 34.407535449522115], [71.78946792502832, 34.40746161360632], [71.78949340845564, 34.407466339012686], [71.78953646748137, 34.40730721607916], [71.78933712193924, 34.407270613143986], [71.78936132205237, 34.40718093699128], [71.78933065514464, 34.407175264192716], [71.78935511038127, 34.40708460329387], [71.78917368894727, 34.40705135522473], [71.78912415566019, 34.407234733596376], [71.7890985636924, 34.407230005263536], [71.78907245133048, 34.40732702190829], [71.78933561567794, 34.40737539671303]]]]}, "properties": {"id": "Pakistan_123102132_511374", "height": 5.533980369567871, "hmax": 0.0, "ratio": 0.0, "vulnClass": "none"}}]}