{"type": "FeatureCollection", "features": [{"type": "Feature", "geometry": {"type": "MultiPolygon", "coordinates": [[[[71.9674118, 34.1387489], [71.9673347, 34.1387551], [71.9673589, 34.1389652], [71.9675657, 34.1389488], [71.9675586, 34.1388873], [71.967579, 34.1388857], [71.9675727, 34.1388311], [71.9674227, 34.138843], [71.9674118, 34.1387489]]]]}, "properties": {"id": "8J6H4XQ8+HX42", "height": 3.392321109771729, "hmax": 0.019, "ratio": 0.006, "vulnClass": "none"}}, {"type": "Feature", "geometry": {"type": "MultiPolygon", "coordinates": [[[[71.96180331, 34.14040515], [71.96178681, 34.14037317], [71.96169787, 34.14040488], [71.96171436, 34.14043687], [71.96180331, 34.14040515]]]]}, "properties": {"id": "8J6H4XR6+5P66", "height": 2.491790294647217, "hmax": 0.138, "ratio": 0.055, "vulnClass": "low"}}, {"type": "Feature", "geometry": {"type": "MultiPolygon", "coordinates": [[[[71.96681406, 34.13684981], [71.96678178, 34.13679476], [71.96673127, 34.13681524], [71.96676355, 34.13687029], [71.96681406, 34.13684981]]]]}, "properties": {"id": "8J6H4XP8+PPJ8", "height": 2.584853887557983, "hmax": 0.156, "ratio": 0.06, "vulnClass": "low"}}, {"type": "Feature", "geometry": {"type": "MultiPolygon", "coordinates": [[[[71.9667452, 34.13753006], [71.96664325, 34.13753922], [71.96665392, 34.13762126], [71.96675586, 34.1376121], [71.9667452, 34.13753006]]]]}, "properties": {"id": "8J6H4XQ8+2MP3", "height": 7.255860328674316, "hmax": 0.143, "ratio": 0.02, "vulnClass": "none"}}, {"type": "Feature", "geometry": {"type": "MultiPolygon", "coordinates": [[[[71.96682386, 34.13760379], [71.96667811, 34.13761228], [71.96668511, 34.13769538], [71.96683086, 34.13768689], [71.96682386, 34.13760379]]]]}, "properties": {"id": "8J6H4XQ8+3P2R", "height": 7.824158668518066, "hmax": 0.143, "ratio": 0.018, "vulnClass": "none"}}, {"type": "Feature", "geometry": {"type": "MultiPolygon", "coordinates": [[[[71.96587018, 34.13841107], [71.96584902, 34.13831992], [71.96565727, 34.1383507], [71.96571206, 34.13858671], [71.96567748, 34.13859226], [71.96569605, 34.13867228], [71.96583879, 34.13864937], [71.96578658, 34.13842449], [71.96587018, 34.13841107]]]]}, "properties": {"id": "8J6H4XQ8+98RC", "height": 4.055757522583008, "hmax": 0.066, "ratio": 0.016, "vulnClass": "none"}}, {"type": "Feature", "geometry": {"type": "MultiPolygon", "coordinates": [[[[71.96615011, 34.1382726], [71.96613799, 34.1382035], [71.96593528, 34.13822808], [71.9659474, 34.13829718], [71.96615011, 34.1382726]]]]}, "properties": {"id": "8J6H4XQ8+8C33", "height": 6.15946102142334, "hmax": 0.101, "ratio": 0.016, "vulnClass": "none"}}, {"type": "Feature", "geometry": {"type": "MultiPolygon", "coordinates": [[[[71.96598605, 34.13829714], [71.96594475, 34.13830324], [71.9659538, 34.13834567], [71.96599511, 34.13833958], [71.96598605, 34.13829714]]]]}, "properties": {"id": "8J6H4XQ8+89HR", "height": 3.851953268051147, "hmax": 0.101, "ratio": 0.026, "vulnClass": "none"}}, {"type": "Feature", "geometry": {"type": "MultiPolygon", "coordinates": [[[[71.9660526, 34.13828732], [71.96598605, 34.13829714], [71.96599511, 34.13833958], [71.96606165, 34.13832976], [71.9660526, 34.13828732]]]]}, "properties": {"id": "8J6H4XQ8+8CCH", "height": 4.302864074707031, "hmax": 0.101, "ratio": 0.024, "vulnClass": "none"}}, {"type": "Feature", "geometry": {"type": "MultiPolygon", "coordinates": [[[[71.96626232, 34.13825899], [71.9662502, 34.13818989], [71.96621428, 34.13819425], [71.96621935, 34.13822317], [71.96614306, 34.13823242], [71.96615011, 34.1382726], [71.96626232, 34.13825899]]]]}, "properties": {"id": "8J6H4XQ8+7FWG", "height": 4.92162036895752, "hmax": 0.101, "ratio": 0.02, "vulnClass": "none"}}, {"type": "Feature", "geometry": {"type": "MultiPolygon", "coordinates": [[[[71.96632313, 34.1382936], [71.96631551, 34.13825401], [71.96626022, 34.13826137], [71.96626783, 34.13830096], [71.96632313, 34.1382936]]]]}, "properties": {"id": "8J6H4XQ8+8G73", "height": 4.078770160675049, "hmax": 0.101, "ratio": 0.025, "vulnClass": "none"}}, {"type": "Feature", "geometry": {"type": "MultiPolygon", "coordinates": [[[[71.96594533, 34.13835326], [71.96590861, 34.13835415], [71.96590997, 34.13839313], [71.96594669, 34.13839224], [71.96594533, 34.13835326]]]]}, "properties": {"id": "8J6H4XQ8+89VW", "height": 3.001561641693115, "hmax": 0.101, "ratio": 0.034, "vulnClass": "none"}}, {"type": "Feature", "geometry": {"type": "MultiPolygon", "coordinates": [[[[71.96590861, 34.13835415], [71.96586538, 34.13835519], [71.96586674, 34.13839417], [71.96590997, 34.13839313], [71.96590861, 34.13835415]]]]}, "properties": {"id": "8J6H4XQ8+89RV", "height": 2.608594179153442, "hmax": 0.101, "ratio": 0.039, "vulnClass": "none"}}, {"type": "Feature", "geometry": {"type": "MultiPolygon", "coordinates": [[[[71.9665992, 34.1387135], [71.966599, 34.1387126], [71.9660553, 34.1387995], [71.9660431, 34.1387462], [71.9660644, 34.1387428], [71.9660321, 34.1385993], [71.9659683, 34.1386094], [71.9660399, 34.138922], [71.9661037, 34.1389119], [71.9660992, 34.1388923], [71.9666216, 34.1388096], [71.9665992, 34.1387135]]]]}, "properties": {"id": "8J6H4XQ8+GG6M", "height": 3.455024480819702, "hmax": 0.058, "ratio": 0.017, "vulnClass": "none"}}, {"type": "Feature", "geometry": {"type": "MultiPolygon", "coordinates": [[[[71.96679681, 34.13854409], [71.96673844, 34.13855249], [71.96674804, 34.1385986], [71.96680641, 34.13859019], [71.96679681, 34.13854409]]]]}, "properties": {"id": "8J6H4XQ8+CPCW", "height": 5.097587585449219, "hmax": 0.101, "ratio": 0.02, "vulnClass": "none"}}, {"type": "Feature", "geometry": {"type": "MultiPolygon", "coordinates": [[[[71.96686657, 34.13856408], [71.966861, 34.13853274], [71.96678878, 34.13854161], [71.96679435, 34.13857295], [71.96686657, 34.13856408]]]]}, "properties": {"id": "8J6H4XQ8+CPG3", "height": 2.778396129608154, "hmax": 0.074, "ratio": 0.027, "vulnClass": "none"}}, {"type": "Feature", "geometry": {"type": "MultiPolygon", "coordinates": [[[[71.96671365, 34.13842616], [71.9666344, 34.13843503], [71.96669627, 34.13881705], [71.96677552, 34.13880817], [71.96671365, 34.13842616]]]]}, "properties": {"id": "8J6H4XQ8+CMWW", "height": 5.486871719360352, "hmax": 0.095, "ratio": 0.017, "vulnClass": "none"}}, {"type": "Feature", "geometry": {"type": "MultiPolygon", "coordinates": [[[[71.9664004, 34.13824225], [71.96634343, 34.13824916], [71.96635044, 34.13828912], [71.96640741, 34.13828222], [71.9664004, 34.13824225]]]]}, "properties": {"id": "8J6H4XQ8+8H2J", "height": 2.476356029510498, "hmax": 0.101, "ratio": 0.041, "vulnClass": "none"}}, {"type": "Feature", "geometry": {"type": "MultiPolygon", "coordinates": [[[[71.96680055, 34.13840086], [71.96677777, 34.13829148], [71.96666971, 34.13830704], [71.96669249, 34.13841642], [71.96680055, 34.13840086]]]]}, "properties": {"id": "8J6H4XQ8+8MX4", "height": 4.828119277954102, "hmax": 0.101, "ratio": 0.021, "vulnClass": "none"}}, {"type": "Feature", "geometry": {"type": "MultiPolygon", "coordinates": [[[[71.9669345, 34.13808015], [71.96692681, 34.13804562], [71.96674542, 34.13807356], [71.96676133, 34.13814498], [71.96692408, 34.13811992], [71.96691586, 34.13808302], [71.9669345, 34.13808015]]]]}, "properties": {"id": "8J6H4XQ8+6PPX", "height": 9.025989532470703, "hmax": 0.076, "ratio": 0.008, "vulnClass": "none"}}, {"type": "Feature", "geometry": {"type": "MultiPolygon", "coordinates": [[[[71.96694307, 34.13804351], [71.96692559, 34.13796507], [71.96657192, 34.13801957], [71.96660512, 34.13816853], [71.96676966, 34.13814318], [71.96675395, 34.13807266], [71.96694307, 34.13804351]]]]}, "properties": {"id": "8J6H4XQ8+6MH8", "height": 9.501688003540039, "hmax": 0.092, "ratio": 0.01, "vulnClass": "none"}}, {"type": "Feature", "geometry": {"type": "MultiPolygon", "coordinates": [[[[71.96647824, 34.13823281], [71.96647119, 34.13819263], [71.9664374, 34.13819673], [71.96643233, 34.13816781], [71.96638828, 34.13817315], [71.96639335, 34.13820207], [71.96625527, 34.13821881], [71.96626232, 34.13825899], [71.96647824, 34.13823281]]]]}, "properties": {"id": "8J6H4XQ8+7GQX", "height": 3.626021385192871, "hmax": 0.101, "ratio": 0.028, "vulnClass": "none"}}, {"type": "Feature", "geometry": {"type": "MultiPolygon", "coordinates": [[[[71.96630772, 34.13821349], [71.96629324, 34.13813821], [71.96623794, 34.13814556], [71.96625242, 34.13822084], [71.96630772, 34.13821349]]]]}, "properties": {"id": "8J6H4XQ8+7GC4", "height": 4.958578586578369, "hmax": 0.101, "ratio": 0.02, "vulnClass": "none"}}, {"type": "Feature", "geometry": {"type": "MultiPolygon", "coordinates": [[[[71.96594555, 34.13810735], [71.96590424, 34.13811344], [71.96593052, 34.13823655], [71.96597182, 34.13823046], [71.96594555, 34.13810735]]]]}, "properties": {"id": "8J6H4XQ8+798R", "height": 6.15946102142334, "hmax": 0.101, "ratio": 0.016, "vulnClass": "none"}}, {"type": "Feature", "geometry": {"type": "MultiPolygon", "coordinates": [[[[71.96629324, 34.13813821], [71.9662735, 34.13803561], [71.96621821, 34.13804297], [71.96623794, 34.13814556], [71.96629324, 34.13813821]]]]}, "properties": {"id": "8J6H4XQ8+6GJJ", "height": 5.893467903137207, "hmax": 0.101, "ratio": 0.017, "vulnClass": "none"}}, {"type": "Feature", "geometry": {"type": "MultiPolygon", "coordinates": [[[[71.96618442, 34.13781697], [71.96611768, 34.1378274], [71.96614575, 34.13795158], [71.96621249, 34.13794115], [71.96618442, 34.13781697]]]]}, "properties": {"id": "8J6H4XQ8+5F37", "height": 3.405747652053833, "hmax": 0.112, "ratio": 0.033, "vulnClass": "none"}}, {"type": "Feature", "geometry": {"type": "MultiPolygon", "coordinates": [[[[71.96661381, 34.13775226], [71.96653326, 34.13775659], [71.96653604, 34.13779232], [71.96661658, 34.13778798], [71.96661381, 34.13775226]]]]}, "properties": {"id": "8J6H4XQ8+4J4V", "height": 3.475206136703491, "hmax": 0.143, "ratio": 0.041, "vulnClass": "none"}}, {"type": "Feature", "geometry": {"type": "MultiPolygon", "coordinates": [[[[71.96696865, 34.13779427], [71.96691175, 34.1377909], [71.96690394, 34.1378821], [71.96696083, 34.13788547], [71.96696865, 34.13779427]]]]}, "properties": {"id": "8J6H4XQ8+4QMH", "height": 4.633790016174316, "hmax": 0.18, "ratio": 0.039, "vulnClass": "none"}}, {"type": "Feature", "geometry": {"type": "MultiPolygon", "coordinates": [[[[71.96694343, 34.13793164], [71.96691098, 34.13792483], [71.96689814, 34.13796712], [71.96693059, 34.13797393], [71.96694343, 34.13793164]]]]}, "properties": {"id": "8J6H4XQ8+5QFV", "height": 4.181333541870117, "hmax": 0.047, "ratio": 0.011, "vulnClass": "none"}}, {"type": "Feature", "geometry": {"type": "MultiPolygon", "coordinates": [[[[71.96734809, 34.13781301], [71.96730287, 34.13783078], [71.9673638, 34.13793799], [71.96740902, 34.13792022], [71.96734809, 34.13781301]]]]}, "properties": {"id": "8J6H4XQ8+5W53", "height": 10.051398277282715, "hmax": 0.134, "ratio": 0.013, "vulnClass": "none"}}, {"type": "Feature", "geometry": {"type": "MultiPolygon", "coordinates": [[[[71.96744783, 34.13775877], [71.96742479, 34.13777285], [71.96746289, 34.13781597], [71.96742438, 34.1378395], [71.96745458, 34.13787367], [71.96751612, 34.13783607], [71.96744783, 34.13775877]]]]}, "properties": {"id": "8J6H4XQ8+4XGX", "height": 8.989096641540527, "hmax": 0.198, "ratio": 0.022, "vulnClass": "none"}}, {"type": "Feature", "geometry": {"type": "MultiPolygon", "coordinates": [[[[71.96771148, 34.137879], [71.96755783, 34.13787795], [71.96755737, 34.13792375], [71.96771103, 34.1379248], [71.96771148, 34.137879]]]]}, "properties": {"id": "8J6H4XQ9+5363", "height": 5.221240043640137, "hmax": 0.085, "ratio": 0.016, "vulnClass": "none"}}, {"type": "Feature", "geometry": {"type": "MultiPolygon", "coordinates": [[[[71.96789499, 34.13790455], [71.9677636, 34.13790225], [71.96776256, 34.13794337], [71.96789395, 34.13794567], [71.96789499, 34.13790455]]]]}, "properties": {"id": "8J6H4XQ9+548W", "height": 5.805976867675781, "hmax": 0.047, "ratio": 0.008, "vulnClass": "none"}}, {"type": "Feature", "geometry": {"type": "MultiPolygon", "coordinates": [[[[71.96742706, 34.13799493], [71.96741535, 34.13793222], [71.96736123, 34.13793921], [71.96737294, 34.13800193], [71.96742706, 34.13799493]]]]}, "properties": {"id": "8J6H4XQ8+5XJP", "height": 9.463436126708984, "hmax": 0.047, "ratio": 0.005, "vulnClass": "none"}}, {"type": "Feature", "geometry": {"type": "MultiPolygon", "coordinates": [[[[71.96742706, 34.13799493], [71.96737294, 34.13800193], [71.96737977, 34.13803847], [71.96743389, 34.13803148], [71.96742706, 34.13799493]]]]}, "properties": {"id": "8J6H4XQ8+6X2Q", "height": 9.463436126708984, "hmax": 0.047, "ratio": 0.005, "vulnClass": "none"}}, {"type": "Feature", "geometry": {"type": "MultiPolygon", "coordinates": [[[[71.96780977, 34.13798915], [71.96776142, 34.1379883], [71.96775764, 34.13813713], [71.96783028, 34.1381384], [71.96783311, 34.13802705], [71.96780882, 34.13802662], [71.96780977, 34.13798915]]]]}, "properties": {"id": "8J6H4XQ9+64FM", "height": 8.194732666015625, "hmax": 0.047, "ratio": 0.006, "vulnClass": "none"}}, {"type": "Feature", "geometry": {"type": "MultiPolygon", "coordinates": [[[[71.96773601, 34.13802892], [71.96768557, 34.13802805], [71.96768471, 34.1380624], [71.96762327, 34.13806133], [71.96762206, 34.13810955], [71.96765848, 34.13811019], [71.96765719, 34.13816133], [71.96773264, 34.13816264], [71.96773601, 34.13802892]]]]}, "properties": {"id": "8J6H4XQ9+63PR", "height": 6.764752388000488, "hmax": 0.047, "ratio": 0.007, "vulnClass": "none"}}, {"type": "Feature", "geometry": {"type": "MultiPolygon", "coordinates": [[[[71.96761659, 34.13809619], [71.96756438, 34.13809421], [71.96756088, 34.13815825], [71.96761308, 34.13816023], [71.96761659, 34.13809619]]]]}, "properties": {"id": "8J6H4XQ9+7245", "height": 7.092844009399414, "hmax": 0.047, "ratio": 0.007, "vulnClass": "none"}}, {"type": "Feature", "geometry": {"type": "MultiPolygon", "coordinates": [[[[71.96761308, 34.13816023], [71.96756088, 34.13815825], [71.96755773, 34.1382157], [71.96760994, 34.13821767], [71.96761308, 34.13816023]]]]}, "properties": {"id": "8J6H4XQ9+72GG", "height": 7.89859676361084, "hmax": 0.047, "ratio": 0.006, "vulnClass": "none"}}, {"type": "Feature", "geometry": {"type": "MultiPolygon", "coordinates": [[[[71.96744334, 34.13813919], [71.96739819, 34.13814642], [71.96742633, 34.13826797], [71.96747148, 34.13826074], [71.96744334, 34.13813919]]]]}, "properties": {"id": "8J6H4XQ8+7XM5", "height": 4.165482521057129, "hmax": 0.047, "ratio": 0.011, "vulnClass": "none"}}, {"type": "Feature", "geometry": {"type": "MultiPolygon", "coordinates": [[[[71.96737165, 34.13804069], [71.96736766, 34.1380011], [71.96720199, 34.13801265], [71.96720598, 34.13805223], [71.96737165, 34.13804069]]]]}, "properties": {"id": "8J6H4XQ8+6W72", "height": 4.989875793457031, "hmax": 0.047, "ratio": 0.009, "vulnClass": "none"}}, {"type": "Feature", "geometry": {"type": "MultiPolygon", "coordinates": [[[[71.9671922, 34.13799992], [71.96705916, 34.13800919], [71.96706583, 34.13807538], [71.96719887, 34.13806611], [71.9671922, 34.13799992]]]]}, "properties": {"id": "8J6H4XQ8+6V6C", "height": 7.147315979003906, "hmax": 0.047, "ratio": 0.007, "vulnClass": "none"}}, {"type": "Feature", "geometry": {"type": "MultiPolygon", "coordinates": [[[[71.96694272, 34.13811704], [71.96692408, 34.13811992], [71.96692973, 34.1381453], [71.96694838, 34.13814242], [71.96694272, 34.13811704]]]]}, "properties": {"id": "8J6H4XQ8+7Q39", "height": 4.610897064208984, "hmax": 0.047, "ratio": 0.01, "vulnClass": "none"}}, {"type": "Feature", "geometry": {"type": "MultiPolygon", "coordinates": [[[[71.96697463, 34.13825612], [71.9669582, 34.13820373], [71.96691637, 34.13821279], [71.96693279, 34.13826519], [71.96697463, 34.13825612]]]]}, "properties": {"id": "8J6H4XQ8+7QW7", "height": 4.136599063873291, "hmax": 0.047, "ratio": 0.011, "vulnClass": "none"}}, {"type": "Feature", "geometry": {"type": "MultiPolygon", "coordinates": [[[[71.96751187, 34.13836558], [71.96748377, 34.13825196], [71.96743276, 34.13826068], [71.9674422, 34.13829885], [71.96738468, 34.13830868], [71.96737764, 34.1382802], [71.96721053, 34.13830878], [71.9671995, 34.13826421], [71.96713091, 34.13827594], [71.96716764, 34.13842444], [71.96751187, 34.13836558]]]]}, "properties": {"id": "8J6H4XQ8+8WMQ", "height": 8.049113273620605, "hmax": 0.047, "ratio": 0.006, "vulnClass": "none"}}, {"type": "Feature", "geometry": {"type": "MultiPolygon", "coordinates": [[[[71.96728702, 34.13840556], [71.9672372, 34.13841397], [71.96724627, 34.1384511], [71.96729609, 34.13844268], [71.96728702, 34.13840556]]]]}, "properties": {"id": "8J6H4XQ8+9WC4", "height": 4.115487098693848, "hmax": 0.047, "ratio": 0.011, "vulnClass": "none"}}, {"type": "Feature", "geometry": {"type": "MultiPolygon", "coordinates": [[[[71.96702007, 34.13837314], [71.96692408, 34.13838753], [71.96695778, 34.13854298], [71.96705377, 34.13852859], [71.96702007, 34.13837314]]]]}, "properties": {"id": "8J6H4XQ8+9QQ8", "height": 3.981935977935791, "hmax": 0.047, "ratio": 0.012, "vulnClass": "none"}}, {"type": "Feature", "geometry": {"type": "MultiPolygon", "coordinates": [[[[71.96693025, 34.13875558], [71.96686955, 34.13856105], [71.96681475, 34.13857288], [71.96687545, 34.1387674], [71.96693025, 34.13875558]]]]}, "properties": {"id": "8J6H4XQ8+FP9H", "height": 3.18074369430542, "hmax": 0.049, "ratio": 0.015, "vulnClass": "none"}}, {"type": "Feature", "geometry": {"type": "MultiPolygon", "coordinates": [[[[71.96705645, 34.13856823], [71.96701753, 34.13856894], [71.96702012, 34.13866745], [71.96705904, 34.13866674], [71.96705645, 34.13856823]]]]}, "properties": {"id": "8J6H4XQ8+CRVJ", "height": 2.700570344924927, "hmax": 0.047, "ratio": 0.017, "vulnClass": "none"}}, {"type": "Feature", "geometry": {"type": "MultiPolygon", "coordinates": [[[[71.96730544, 34.13866324], [71.96722028, 34.13867145], [71.96722323, 34.1386926], [71.96730839, 34.13868439], [71.96730544, 34.13866324]]]]}, "properties": {"id": "8J6H4XQ8+FWC3", "height": 4.687443733215332, "hmax": 0.047, "ratio": 0.01, "vulnClass": "none"}}, {"type": "Feature", "geometry": {"type": "MultiPolygon", "coordinates": [[[[71.96720832, 34.13842962], [71.96716002, 34.13843837], [71.96721379, 34.13864347], [71.96726209, 34.13863472], [71.96720832, 34.13842962]]]]}, "properties": {"id": "8J6H4XQ8+CV8H", "height": 5.667863845825195, "hmax": 0.047, "ratio": 0.008, "vulnClass": "none"}}, {"type": "Feature", "geometry": {"type": "MultiPolygon", "coordinates": [[[[71.9673066, 34.138643], [71.9673132, 34.1386994], [71.9673797, 34.138694], [71.9673731, 34.1386375], [71.9673066, 34.138643]]]]}, "properties": {"id": "8J6H4XQ8+FW8Q", "height": 4.222280502319336, "hmax": 0.047, "ratio": 0.011, "vulnClass": "none"}}, {"type": "Feature", "geometry": {"type": "MultiPolygon", "coordinates": [[[[71.96744762, 34.13863469], [71.96740971, 34.13863561], [71.96741081, 34.13866713], [71.96744872, 34.13866622], [71.96744762, 34.13863469]]]]}, "properties": {"id": "8J6H4XQ8+FX74", "height": 3.028364658355713, "hmax": 0.047, "ratio": 0.015, "vulnClass": "none"}}, {"type": "Feature", "geometry": {"type": "MultiPolygon", "coordinates": [[[[71.96750367, 34.13855127], [71.96744581, 34.13855657], [71.96745355, 34.13861498], [71.96751141, 34.13860968], [71.96750367, 34.13855127]]]]}, "properties": {"id": "8J6H4XQ8+CXQ7", "height": 3.458825349807739, "hmax": 0.047, "ratio": 0.014, "vulnClass": "none"}}, {"type": "Feature", "geometry": {"type": "MultiPolygon", "coordinates": [[[[71.96756822, 34.13861927], [71.96753189, 34.13861854], [71.96753073, 34.13865869], [71.96756706, 34.13865942], [71.96756822, 34.13861927]]]]}, "properties": {"id": "8J6H4XQ9+F23G", "height": 3.019561052322388, "hmax": 0.047, "ratio": 0.016, "vulnClass": "none"}}, {"type": "Feature", "geometry": {"type": "MultiPolygon", "coordinates": [[[[71.96759245, 34.13849644], [71.96756123, 34.1383616], [71.96737289, 34.13839174], [71.96738246, 34.13843307], [71.96743896, 34.13842402], [71.96746061, 34.13851754], [71.96759245, 34.13849644]]]]}, "properties": {"id": "8J6H4XQ8+9XHH", "height": 5.854302406311035, "hmax": 0.047, "ratio": 0.008, "vulnClass": "none"}}, {"type": "Feature", "geometry": {"type": "MultiPolygon", "coordinates": [[[[71.96763137, 34.13827121], [71.96759227, 34.13827142], [71.96759538, 34.13867982], [71.96768821, 34.13867933], [71.96768694, 34.13851259], [71.9677222, 34.13851241], [71.96772056, 34.13829736], [71.96763158, 34.13829783], [71.96763137, 34.13827121]]]]}, "properties": {"id": "8J6H4XQ9+93JQ", "height": 5.936514854431152, "hmax": 0.047, "ratio": 0.008, "vulnClass": "none"}}, {"type": "Feature", "geometry": {"type": "MultiPolygon", "coordinates": [[[[71.96778449, 34.13828542], [71.96772813, 34.13828463], [71.96772692, 34.1383442], [71.96778328, 34.138345], [71.96778449, 34.13828542]]]]}, "properties": {"id": "8J6H4XQ9+84CC", "height": 7.32541561126709, "hmax": 0.047, "ratio": 0.006, "vulnClass": "none"}}, {"type": "Feature", "geometry": {"type": "MultiPolygon", "coordinates": [[[[71.96823056, 34.13826361], [71.96809589, 34.13826836], [71.96809932, 34.13833557], [71.96823398, 34.13833082], [71.96823056, 34.13826361]]]]}, "properties": {"id": "8J6H4XQ9+877V", "height": 4.092599868774414, "hmax": 0.022, "ratio": 0.005, "vulnClass": "none"}}, {"type": "Feature", "geometry": {"type": "MultiPolygon", "coordinates": [[[[71.967905, 34.1383299], [71.9677835, 34.1383155], [71.9677755, 34.1383621], [71.967897, 34.1383765], [71.967905, 34.1383299]]]]}, "properties": {"id": "8J6H4XQ9+84PX", "height": 6.57164192199707, "hmax": 0.047, "ratio": 0.007, "vulnClass": "none"}}, {"type": "Feature", "geometry": {"type": "MultiPolygon", "coordinates": [[[[71.96785552, 34.13844609], [71.96782176, 34.1384453], [71.96782035, 34.13848649], [71.96785412, 34.13848729], [71.96785552, 34.13844609]]]]}, "properties": {"id": "8J6H4XQ9+94PQ", "height": 2.87298321723938, "hmax": 0.047, "ratio": 0.016, "vulnClass": "none"}}, {"type": "Feature", "geometry": {"type": "MultiPolygon", "coordinates": [[[[71.96790533, 34.13850787], [71.9678474, 34.13850594], [71.96784445, 34.13856724], [71.96790238, 34.13856917], [71.96790533, 34.13850787]]]]}, "properties": {"id": "8J6H4XQ9+C49H", "height": 2.542021512985229, "hmax": 0.047, "ratio": 0.019, "vulnClass": "none"}}, {"type": "Feature", "geometry": {"type": "MultiPolygon", "coordinates": [[[[71.9678672, 34.13814201], [71.96778743, 34.13814089], [71.96778495, 34.13826265], [71.96783664, 34.13826337], [71.96783863, 34.13816559], [71.96786672, 34.13816599], [71.9678672, 34.13814201]]]]}, "properties": {"id": "8J6H4XQ9+74GR", "height": 8.7672119140625, "hmax": 0.047, "ratio": 0.005, "vulnClass": "none"}}, {"type": "Feature", "geometry": {"type": "MultiPolygon", "coordinates": [[[[71.96792493, 34.13799117], [71.96789281, 34.13799061], [71.96789186, 34.13802808], [71.96792398, 34.13802864], [71.96792493, 34.13799117]]]]}, "properties": {"id": "8J6H4XQ9+6536", "height": 5.568024158477783, "hmax": 0.047, "ratio": 0.008, "vulnClass": "none"}}, {"type": "Feature", "geometry": {"type": "MultiPolygon", "coordinates": [[[[71.96825065, 34.13789001], [71.96822436, 34.13788988], [71.96822416, 34.13791697], [71.96825045, 34.1379171], [71.96825065, 34.13789001]]]]}, "properties": {"id": "8J6H4XQ9+5794", "height": 2.908949136734009, "hmax": 0.122, "ratio": 0.042, "vulnClass": "none"}}, {"type": "Feature", "geometry": {"type": "MultiPolygon", "coordinates": [[[[71.96811537, 34.13793902], [71.96807815, 34.13794252], [71.96808758, 34.13801185], [71.9681248, 34.13800835], [71.96811537, 34.13793902]]]]}, "properties": {"id": "8J6H4XQ9+56X2", "height": 2.597243309020996, "hmax": 0.022, "ratio": 0.009, "vulnClass": "none"}}, {"type": "Feature", "geometry": {"type": "MultiPolygon", "coordinates": [[[[71.96804463, 34.13789977], [71.96790362, 34.13789887], [71.9679028, 34.13798794], [71.96804381, 34.13798884], [71.96804463, 34.13789977]]]]}, "properties": {"id": "8J6H4XQ9+55HJ", "height": 4.84013843536377, "hmax": 0.027, "ratio": 0.006, "vulnClass": "none"}}, {"type": "Feature", "geometry": {"type": "MultiPolygon", "coordinates": [[[[71.9680392, 34.13777285], [71.9679946, 34.13777631], [71.96800566, 34.13787485], [71.96815679, 34.13786312], [71.96815145, 34.13781555], [71.96804492, 34.13782382], [71.9680392, 34.13777285]]]]}, "properties": {"id": "8J6H4XQ9+46P6", "height": 3.972013235092163, "hmax": 0.204, "ratio": 0.051, "vulnClass": "low"}}, {"type": "Feature", "geometry": {"type": "MultiPolygon", "coordinates": [[[[71.96859528, 34.13780973], [71.96860466, 34.13770267], [71.96849351, 34.13769593], [71.96848413, 34.13780299], [71.96859528, 34.13780973]]]]}, "properties": {"id": "8J6H4XQ9+4C33", "height": 5.002347946166992, "hmax": 0.204, "ratio": 0.041, "vulnClass": "none"}}, {"type": "Feature", "geometry": {"type": "MultiPolygon", "coordinates": [[[[71.96840188, 34.13786793], [71.96836397, 34.13786885], [71.96836476, 34.13789137], [71.96840267, 34.13789045], [71.96840188, 34.13786793]]]]}, "properties": {"id": "8J6H4XQ9+5923", "height": 2.668093204498291, "hmax": 0.204, "ratio": 0.076, "vulnClass": "low"}}, {"type": "Feature", "geometry": {"type": "MultiPolygon", "coordinates": [[[[71.96848152, 34.13782024], [71.96845444, 34.13782089], [71.96845525, 34.13784411], [71.96848233, 34.13784345], [71.96848152, 34.13782024]]]]}, "properties": {"id": "8J6H4XQ9+49P9", "height": 4.355911731719971, "hmax": 0.204, "ratio": 0.047, "vulnClass": "none"}}, {"type": "Feature", "geometry": {"type": "MultiPolygon", "coordinates": [[[[71.96876727, 34.13777238], [71.96868296, 34.13775268], [71.96867136, 34.137787], [71.96875567, 34.1378067], [71.96876727, 34.13777238]]]]}, "properties": {"id": "8J6H4XQ9+4F92", "height": 5.246195793151855, "hmax": 0.204, "ratio": 0.039, "vulnClass": "none"}}, {"type": "Feature", "geometry": {"type": "MultiPolygon", "coordinates": [[[[71.96849351, 34.13769593], [71.96842228, 34.13769161], [71.96841869, 34.13773259], [71.96845626, 34.13773487], [71.96845047, 34.13780095], [71.96848413, 34.13780299], [71.96849351, 34.13769593]]]]}, "properties": {"id": "8J6H4XQ9+39WH", "height": 5.199384212493896, "hmax": 0.204, "ratio": 0.039, "vulnClass": "none"}}, {"type": "Feature", "geometry": {"type": "MultiPolygon", "coordinates": [[[[71.96835908, 34.13768761], [71.9683713, 34.13749183], [71.96832016, 34.13748962], [71.96830794, 34.13768541], [71.96835908, 34.13768761]]]]}, "properties": {"id": "8J6H4XQ9+28PH", "height": 6.640058994293213, "hmax": 0.204, "ratio": 0.031, "vulnClass": "none"}}, {"type": "Feature", "geometry": {"type": "MultiPolygon", "coordinates": [[[[71.96872653, 34.13754962], [71.96861649, 34.13753236], [71.96858383, 34.13767624], [71.96874845, 34.13770207], [71.96876776, 34.13761699], [71.96871318, 34.13760842], [71.96872653, 34.13754962]]]]}, "properties": {"id": "8J6H4XQ9+2FVW", "height": 6.317203044891357, "hmax": 0.204, "ratio": 0.032, "vulnClass": "none"}}, {"type": "Feature", "geometry": {"type": "MultiPolygon", "coordinates": [[[[71.96875243, 34.13743551], [71.96864239, 34.13741824], [71.96861649, 34.13753236], [71.96872653, 34.13754962], [71.96875243, 34.13743551]]]]}, "properties": {"id": "8J6H4XP9+XFV9", "height": 5.633430957794189, "hmax": 0.204, "ratio": 0.036, "vulnClass": "none"}}, {"type": "Feature", "geometry": {"type": "MultiPolygon", "coordinates": [[[[71.96861366, 34.1373749], [71.9685864, 34.1373721], [71.96858263, 34.13739752], [71.96860989, 34.13740032], [71.96861366, 34.1373749]]]]}, "properties": {"id": "8J6H4XP9+XC5C", "height": 4.281798362731934, "hmax": 0.204, "ratio": 0.048, "vulnClass": "none"}}, {"type": "Feature", "geometry": {"type": "MultiPolygon", "coordinates": [[[[71.9687884, 34.1373365], [71.9687451, 34.1373348], [71.968741, 34.1374099], [71.9687842, 34.1374115], [71.9687884, 34.1373365]]]]}, "properties": {"id": "8J6H4XP9+WGRV", "height": 4.53566312789917, "hmax": 0.204, "ratio": 0.045, "vulnClass": "none"}}, {"type": "Feature", "geometry": {"type": "MultiPolygon", "coordinates": [[[[71.96879207, 34.13725395], [71.96872133, 34.1372464], [71.96871577, 34.13728244], [71.96878651, 34.13728998], [71.96879207, 34.13725395]]]]}, "properties": {"id": "8J6H4XP9+WG2J", "height": 4.607507705688477, "hmax": 0.204, "ratio": 0.044, "vulnClass": "none"}}, {"type": "Feature", "geometry": {"type": "MultiPolygon", "coordinates": [[[[71.96864523, 34.13725161], [71.96853184, 34.13723998], [71.96852554, 34.1372825], [71.96863893, 34.13729413], [71.96864523, 34.13725161]]]]}, "properties": {"id": "8J6H4XP9+WC4P", "height": 4.794731616973877, "hmax": 0.204, "ratio": 0.043, "vulnClass": "none"}}, {"type": "Feature", "geometry": {"type": "MultiPolygon", "coordinates": [[[[71.96862675, 34.13737624], [71.96863893, 34.13729413], [71.96859858, 34.13728999], [71.9685864, 34.1373721], [71.96862675, 34.13737624]]]]}, "properties": {"id": "8J6H4XP9+WCQ8", "height": 4.837339401245117, "hmax": 0.204, "ratio": 0.042, "vulnClass": "none"}}, {"type": "Feature", "geometry": {"type": "MultiPolygon", "coordinates": [[[[71.96843798, 34.13723403], [71.96827189, 34.1372252], [71.96826612, 34.13730028], [71.96829198, 34.13730165], [71.96829365, 34.13727994], [71.96832095, 34.13728139], [71.96831928, 34.13730311], [71.96839616, 34.13730719], [71.96839783, 34.13728547], [71.96843388, 34.13728739], [71.96843798, 34.13723403]]]]}, "properties": {"id": "8J6H4XP9+W85C", "height": 6.355324745178223, "hmax": 0.204, "ratio": 0.032, "vulnClass": "none"}}, {"type": "Feature", "geometry": {"type": "MultiPolygon", "coordinates": [[[[71.96833978, 34.13736912], [71.96828701, 34.13736631], [71.96828375, 34.13740866], [71.96833652, 34.13741147], [71.96833978, 34.13736912]]]]}, "properties": {"id": "8J6H4XP9+X83H", "height": 6.822419166564941, "hmax": 0.204, "ratio": 0.03, "vulnClass": "none"}}, {"type": "Feature", "geometry": {"type": "MultiPolygon", "coordinates": [[[[71.96842322, 34.13738619], [71.9683425, 34.13738277], [71.96833989, 34.13742539], [71.96842061, 34.1374288], [71.96842322, 34.13738619]]]]}, "properties": {"id": "8J6H4XP9+X966", "height": 5.398343563079834, "hmax": 0.204, "ratio": 0.038, "vulnClass": "none"}}, {"type": "Feature", "geometry": {"type": "MultiPolygon", "coordinates": [[[[71.96850431, 34.13736109], [71.96845838, 34.13735344], [71.96843856, 34.1374358], [71.96848449, 34.13744345], [71.96850431, 34.13736109]]]]}, "properties": {"id": "8J6H4XP9+X95R", "height": 8.229497909545898, "hmax": 0.204, "ratio": 0.025, "vulnClass": "none"}}, {"type": "Feature", "geometry": {"type": "MultiPolygon", "coordinates": [[[[71.96859842, 34.13746168], [71.9684377, 34.1374353], [71.96842007, 34.13750958], [71.96858079, 34.13753595], [71.96859842, 34.13746168]]]]}, "properties": {"id": "8J6H4XP9+XCRF", "height": 9.026374816894531, "hmax": 0.204, "ratio": 0.023, "vulnClass": "none"}}, {"type": "Feature", "geometry": {"type": "MultiPolygon", "coordinates": [[[[71.96837879, 34.13744148], [71.96831777, 34.13743852], [71.96831553, 34.13747046], [71.96837655, 34.13747343], [71.96837879, 34.13744148]]]]}, "properties": {"id": "8J6H4XP9+X8Q6", "height": 5.204601764678955, "hmax": 0.204, "ratio": 0.039, "vulnClass": "none"}}, {"type": "Feature", "geometry": {"type": "MultiPolygon", "coordinates": [[[[71.96820537, 34.13745407], [71.96815752, 34.13745015], [71.96814615, 34.13754625], [71.968194, 34.13755016], [71.96820537, 34.13745407]]]]}, "properties": {"id": "8J6H4XQ9+2734", "height": 3.744688987731934, "hmax": 0.204, "ratio": 0.054, "vulnClass": "low"}}, {"type": "Feature", "geometry": {"type": "MultiPolygon", "coordinates": [[[[71.96808758, 34.13744704], [71.96802124, 34.13744365], [71.96801791, 34.13748869], [71.96808424, 34.13749208], [71.96808758, 34.13744704]]]]}, "properties": {"id": "8J6H4XP9+X6MP", "height": 5.276017189025879, "hmax": 0.204, "ratio": 0.039, "vulnClass": "none"}}, {"type": "Feature", "geometry": {"type": "MultiPolygon", "coordinates": [[[[71.96819115, 34.13739366], [71.96810827, 34.13739], [71.96810603, 34.13742512], [71.96818891, 34.13742878], [71.96819115, 34.13739366]]]]}, "properties": {"id": "8J6H4XP9+X769", "height": 5.916103363037109, "hmax": 0.204, "ratio": 0.035, "vulnClass": "none"}}, {"type": "Feature", "geometry": {"type": "MultiPolygon", "coordinates": [[[[71.96826779, 34.13727856], [71.96822253, 34.13727615], [71.96821263, 34.13740488], [71.96828375, 34.13740866], [71.96828701, 34.13736631], [71.96826115, 34.13736494], [71.96826779, 34.13727856]]]]}, "properties": {"id": "8J6H4XP9+W7QX", "height": 7.055314540863037, "hmax": 0.204, "ratio": 0.029, "vulnClass": "none"}}, {"type": "Feature", "geometry": {"type": "MultiPolygon", "coordinates": [[[[71.96827189, 34.1372252], [71.96822663, 34.1372228], [71.96822253, 34.13727615], [71.96826779, 34.13727856], [71.96827189, 34.1372252]]]]}, "properties": {"id": "8J6H4XP9+W755", "height": 5.812881469726562, "hmax": 0.204, "ratio": 0.035, "vulnClass": "none"}}, {"type": "Feature", "geometry": {"type": "MultiPolygon", "coordinates": [[[[71.96807285, 34.13729448], [71.96802953, 34.13729553], [71.96803047, 34.13732255], [71.9680738, 34.1373215], [71.96807285, 34.13729448]]]]}, "properties": {"id": "8J6H4XP9+W6F8", "height": 4.630714416503906, "hmax": 0.204, "ratio": 0.044, "vulnClass": "none"}}, {"type": "Feature", "geometry": {"type": "MultiPolygon", "coordinates": [[[[71.96819115, 34.13739366], [71.9681979, 34.13728787], [71.96817223, 34.13728674], [71.96817047, 34.13731423], [71.96811327, 34.13731171], [71.96810827, 34.13739], [71.96819115, 34.13739366]]]]}, "properties": {"id": "8J6H4XP9+W7JX", "height": 5.923748970031738, "hmax": 0.204, "ratio": 0.034, "vulnClass": "none"}}, {"type": "Feature", "geometry": {"type": "MultiPolygon", "coordinates": [[[[71.96800242, 34.13722759], [71.96793646, 34.13722463], [71.96793306, 34.13727705], [71.96799902, 34.13728001], [71.96800242, 34.13722759]]]]}, "properties": {"id": "8J6H4XP9+W545", "height": 7.400769710540771, "hmax": 0.202, "ratio": 0.027, "vulnClass": "none"}}, {"type": "Feature", "geometry": {"type": "MultiPolygon", "coordinates": [[[[71.967999, 34.13728], [71.9677946, 34.1372708], [71.9677846, 34.1374263], [71.9679889, 34.1374355], [71.967999, 34.13728]]]]}, "properties": {"id": "8J6H4XP9+W5R4", "height": 8.211109161376953, "hmax": 0.199, "ratio": 0.024, "vulnClass": "none"}}, {"type": "Feature", "geometry": {"type": "MultiPolygon", "coordinates": [[[[71.96810827, 34.13739], [71.96800207, 34.13738531], [71.96799983, 34.13742044], [71.96810603, 34.13742512], [71.96810827, 34.13739]]]]}, "properties": {"id": "8J6H4XP9+X678", "height": 5.976078033447266, "hmax": 0.204, "ratio": 0.034, "vulnClass": "none"}}, {"type": "Feature", "geometry": {"type": "MultiPolygon", "coordinates": [[[[71.96801256, 34.13743651], [71.96792296, 34.13743249], [71.96791346, 34.13757882], [71.96803044, 34.13758408], [71.968033, 34.13754479], [71.96800561, 34.13754356], [71.96801256, 34.13743651]]]]}, "properties": {"id": "8J6H4XQ9+254H", "height": 7.416943550109863, "hmax": 0.202, "ratio": 0.027, "vulnClass": "none"}}, {"type": "Feature", "geometry": {"type": "MultiPolygon", "coordinates": [[[[71.96792049, 34.13743354], [71.96783101, 34.13742994], [71.96782757, 34.13748908], [71.96791705, 34.13749268], [71.96792049, 34.13743354]]]]}, "properties": {"id": "8J6H4XP9+X4QH", "height": 7.787364959716797, "hmax": 0.198, "ratio": 0.025, "vulnClass": "none"}}, {"type": "Feature", "geometry": {"type": "MultiPolygon", "coordinates": [[[[71.96791549, 34.13750377], [71.9678865, 34.13750232], [71.96788069, 34.13758255], [71.96790968, 34.137584], [71.96791549, 34.13750377]]]]}, "properties": {"id": "8J6H4XQ9+256P", "height": 7.985979080200195, "hmax": 0.198, "ratio": 0.025, "vulnClass": "none"}}, {"type": "Feature", "geometry": {"type": "MultiPolygon", "coordinates": [[[[71.96808439, 34.13749941], [71.96803168, 34.13749729], [71.96802862, 34.13754998], [71.96808132, 34.1375521], [71.96808439, 34.13749941]]]]}, "properties": {"id": "8J6H4XQ9+263X", "height": 5.144174575805664, "hmax": 0.204, "ratio": 0.04, "vulnClass": "none"}}, {"type": "Feature", "geometry": {"type": "MultiPolygon", "coordinates": [[[[71.96839841, 34.13769017], [71.96826131, 34.13768186], [71.96825772, 34.13772284], [71.96822945, 34.13772112], [71.96822366, 34.13778721], [71.96825192, 34.13778892], [71.96824652, 34.13785059], [71.96838362, 34.13785889], [71.96839841, 34.13769017]]]]}, "properties": {"id": "8J6H4XQ9+484J", "height": 6.806931495666504, "hmax": 0.204, "ratio": 0.03, "vulnClass": "none"}}, {"type": "Feature", "geometry": {"type": "MultiPolygon", "coordinates": [[[[71.96818472, 34.13759776], [71.96776521, 34.13757677], [71.96776035, 34.13764383], [71.96817987, 34.13766483], [71.96818472, 34.13759776]]]]}, "properties": {"id": "8J6H4XQ9+25XR", "height": 9.330275535583496, "hmax": 0.202, "ratio": 0.022, "vulnClass": "none"}}, {"type": "Feature", "geometry": {"type": "MultiPolygon", "coordinates": [[[[71.96777875, 34.13751201], [71.9677149, 34.13750944], [71.96771131, 34.13757101], [71.96777517, 34.13757358], [71.96777875, 34.13751201]]]]}, "properties": {"id": "8J6H4XQ9+239Q", "height": 9.330275535583496, "hmax": 0.198, "ratio": 0.021, "vulnClass": "none"}}, {"type": "Feature", "geometry": {"type": "MultiPolygon", "coordinates": [[[[71.96736993, 34.13761681], [71.96733807, 34.1376372], [71.96750387, 34.13781637], [71.96753572, 34.13779598], [71.96736993, 34.13761681]]]]}, "properties": {"id": "8J6H4XQ8+3XMQ", "height": 6.318603992462158, "hmax": 0.198, "ratio": 0.031, "vulnClass": "none"}}, {"type": "Feature", "geometry": {"type": "MultiPolygon", "coordinates": [[[[71.96726341, 34.13771262], [71.96731138, 34.13767833], [71.96728947, 34.13765714], [71.96724151, 34.13769143], [71.96726341, 34.13771262]]]]}, "properties": {"id": "8J6H4XQ8+3WC9", "height": 6.982782363891602, "hmax": 0.198, "ratio": 0.028, "vulnClass": "none"}}, {"type": "Feature", "geometry": {"type": "MultiPolygon", "coordinates": [[[[71.96708963, 34.13755872], [71.96707437, 34.13751369], [71.966997, 34.13753181], [71.96701226, 34.13757684], [71.96708963, 34.13755872]]]]}, "properties": {"id": "8J6H4XQ8+2R7V", "height": 10.114362716674805, "hmax": 0.198, "ratio": 0.02, "vulnClass": "none"}}, {"type": "Feature", "geometry": {"type": "MultiPolygon", "coordinates": [[[[71.9672705, 34.13755754], [71.96726244, 34.13752611], [71.96722648, 34.13753249], [71.96723454, 34.13756392], [71.9672705, 34.13755754]]]]}, "properties": {"id": "8J6H4XQ8+2V9X", "height": 6.285890579223633, "hmax": 0.198, "ratio": 0.032, "vulnClass": "none"}}, {"type": "Feature", "geometry": {"type": "MultiPolygon", "coordinates": [[[[71.96729862, 34.13751233], [71.96726447, 34.13752254], [71.96727585, 34.13754886], [71.96731, 34.13753865], [71.96729862, 34.13751233]]]]}, "properties": {"id": "8J6H4XQ8+2W76", "height": 5.113202095031738, "hmax": 0.198, "ratio": 0.039, "vulnClass": "none"}}, {"type": "Feature", "geometry": {"type": "MultiPolygon", "coordinates": [[[[71.96721762, 34.13738561], [71.96719025, 34.1373826], [71.96718625, 34.13740779], [71.96721362, 34.13741079], [71.96721762, 34.13738561]]]]}, "properties": {"id": "8J6H4XP8+XV4V", "height": 8.139609336853027, "hmax": 0.198, "ratio": 0.024, "vulnClass": "none"}}, {"type": "Feature", "geometry": {"type": "MultiPolygon", "coordinates": [[[[71.96729882, 34.13749865], [71.9672487, 34.13737346], [71.96721617, 34.13738246], [71.96723559, 34.13743098], [71.96719407, 34.13744247], [71.96720778, 34.13747673], [71.96707634, 34.13751312], [71.96709332, 34.13755554], [71.96729882, 34.13749865]]]]}, "properties": {"id": "8J6H4XP8+XVW8", "height": 8.971628189086914, "hmax": 0.198, "ratio": 0.022, "vulnClass": "none"}}, {"type": "Feature", "geometry": {"type": "MultiPolygon", "coordinates": [[[[71.96734541, 34.13724368], [71.96725486, 34.1372711], [71.9673765, 34.13754884], [71.96742459, 34.13753428], [71.96740814, 34.13749673], [71.9674506, 34.13748387], [71.96734541, 34.13724368]]]]}, "properties": {"id": "8J6H4XP8+XW5F", "height": 7.145960330963135, "hmax": 0.198, "ratio": 0.028, "vulnClass": "none"}}, {"type": "Feature", "geometry": {"type": "MultiPolygon", "coordinates": [[[[71.96782117, 34.13743405], [71.9677757, 34.13743177], [71.96776521, 34.13757677], [71.96781068, 34.13757905], [71.96782117, 34.13743405]]]]}, "properties": {"id": "8J6H4XQ9+2437", "height": 9.330275535583496, "hmax": 0.198, "ratio": 0.021, "vulnClass": "none"}}, {"type": "Feature", "geometry": {"type": "MultiPolygon", "coordinates": [[[[71.96762762, 34.13710745], [71.96759012, 34.13710736], [71.96758995, 34.1371518], [71.96762745, 34.1371519], [71.96762762, 34.13710745]]]]}, "properties": {"id": "8J6H4XP9+V253", "height": 4.967241287231445, "hmax": 0.198, "ratio": 0.04, "vulnClass": "none"}}, {"type": "Feature", "geometry": {"type": "MultiPolygon", "coordinates": [[[[71.96772348, 34.13707336], [71.96772479, 34.13714066], [71.96788069, 34.13713855], [71.96787938, 34.13707126], [71.96772348, 34.13707336]]]]}, "properties": {"id": "8J6H4XP9+R4V8", "height": 4.667172431945801, "hmax": 0.198, "ratio": 0.042, "vulnClass": "none"}}, {"type": "Feature", "geometry": {"type": "MultiPolygon", "coordinates": [[[[71.96747406, 34.13706134], [71.96743133, 34.13707457], [71.96748339, 34.13719083], [71.96752612, 34.1371776], [71.96747406, 34.13706134]]]]}, "properties": {"id": "8J6H4XP8+VX53", "height": 6.344264030456543, "hmax": 0.198, "ratio": 0.031, "vulnClass": "none"}}, {"type": "Feature", "geometry": {"type": "MultiPolygon", "coordinates": [[[[71.96757007, 34.13719929], [71.96747024, 34.13721792], [71.96748187, 34.13726101], [71.9675817, 34.13724239], [71.96757007, 34.13719929]]]]}, "properties": {"id": "8J6H4XP9+V2R9", "height": 6.955058574676514, "hmax": 0.198, "ratio": 0.029, "vulnClass": "none"}}, {"type": "Feature", "geometry": {"type": "MultiPolygon", "coordinates": [[[[71.96746222, 34.13722342], [71.96744021, 34.13717315], [71.96732931, 34.13720673], [71.96735133, 34.137257], [71.96746222, 34.13722342]]]]}, "properties": {"id": "8J6H4XP8+VXJP", "height": 6.841387271881104, "hmax": 0.198, "ratio": 0.029, "vulnClass": "none"}}, {"type": "Feature", "geometry": {"type": "MultiPolygon", "coordinates": [[[[71.96709084, 34.13729658], [71.96702495, 34.13719162], [71.96683637, 34.13727346], [71.96690226, 34.13737843], [71.96709084, 34.13729658]]]]}, "properties": {"id": "8J6H4XP8+WQ8H", "height": 4.35170316696167, "hmax": 0.195, "ratio": 0.045, "vulnClass": "none"}}, {"type": "Feature", "geometry": {"type": "MultiPolygon", "coordinates": [[[[71.96729156, 34.13720691], [71.96721272, 34.1370892], [71.96702336, 34.13717689], [71.96710219, 34.1372946], [71.96729156, 34.13720691]]]]}, "properties": {"id": "8J6H4XP8+VVFJ", "height": 7.55572509765625, "hmax": 0.198, "ratio": 0.026, "vulnClass": "none"}}, {"type": "Feature", "geometry": {"type": "MultiPolygon", "coordinates": [[[[71.96722545, 34.13710821], [71.96740114, 34.13702686], [71.96737708, 34.13699094], [71.9672014, 34.1370723], [71.96722545, 34.13710821]]]]}, "properties": {"id": "8J6H4XP8+RW7W", "height": 5.859698295593262, "hmax": 0.198, "ratio": 0.034, "vulnClass": "none"}}, {"type": "Feature", "geometry": {"type": "MultiPolygon", "coordinates": [[[[71.96696881, 34.13687834], [71.96696802, 34.13685596], [71.96693011, 34.13685688], [71.9669309, 34.13687926], [71.96696881, 34.13687834]]]]}, "properties": {"id": "8J6H4XP8+PQWM", "height": 5.195548057556152, "hmax": 0.239, "ratio": 0.046, "vulnClass": "none"}}, {"type": "Feature", "geometry": {"type": "MultiPolygon", "coordinates": [[[[71.96691712, 34.13675982], [71.96689114, 34.13675832], [71.96688926, 34.13678083], [71.96691538, 34.13681465], [71.96695302, 34.13681682], [71.96695516, 34.13679123], [71.96691712, 34.13675982]]]]}, "properties": {"id": "8J6H4XP8+PQ7F", "height": 4.445079803466797, "hmax": 0.238, "ratio": 0.053, "vulnClass": "low"}}, {"type": "Feature", "geometry": {"type": "MultiPolygon", "coordinates": [[[[71.96722844, 34.13678628], [71.96721096, 34.13672648], [71.96716249, 34.13673628], [71.96717998, 34.13679608], [71.96722844, 34.13678628]]]]}, "properties": {"id": "8J6H4XP8+PV4F", "height": 8.958885192871094, "hmax": 0.239, "ratio": 0.027, "vulnClass": "none"}}, {"type": "Feature", "geometry": {"type": "MultiPolygon", "coordinates": [[[[71.96725666, 34.13681207], [71.96719889, 34.13683204], [71.96726172, 34.1369577], [71.96734556, 34.13692871], [71.96732161, 34.1368808], [71.96729553, 34.13688982], [71.96725666, 34.13681207]]]]}, "properties": {"id": "8J6H4XP8+QW2G", "height": 8.095529556274414, "hmax": 0.239, "ratio": 0.03, "vulnClass": "none"}}, {"type": "Feature", "geometry": {"type": "MultiPolygon", "coordinates": [[[[71.96750886, 34.13685155], [71.96743534, 34.13674054], [71.96738863, 34.13676193], [71.96746215, 34.13687294], [71.96750886, 34.13685155]]]]}, "properties": {"id": "8J6H4XP8+PXG7", "height": 3.031205654144287, "hmax": 0.239, "ratio": 0.079, "vulnClass": "low"}}, {"type": "Feature", "geometry": {"type": "MultiPolygon", "coordinates": [[[[71.96742249, 34.13690185], [71.96739909, 34.13685546], [71.96732149, 34.13688253], [71.96734489, 34.13692892], [71.96742249, 34.13690185]]]]}, "properties": {"id": "8J6H4XP8+QW5Q", "height": 3.490284442901611, "hmax": 0.239, "ratio": 0.068, "vulnClass": "low"}}, {"type": "Feature", "geometry": {"type": "MultiPolygon", "coordinates": [[[[71.96755961, 34.13699758], [71.96752915, 34.13694879], [71.96753967, 34.13694425], [71.96752891, 34.13692701], [71.96738741, 34.13698811], [71.96742864, 34.13705413], [71.96755961, 34.13699758]]]]}, "properties": {"id": "8J6H4XP8+QXXJ", "height": 5.425581455230713, "hmax": 0.214, "ratio": 0.039, "vulnClass": "none"}}, {"type": "Feature", "geometry": {"type": "MultiPolygon", "coordinates": [[[[71.96772294, 34.13713741], [71.96765442, 34.13686962], [71.96754964, 34.13688816], [71.96755819, 34.13692159], [71.96757874, 34.13691796], [71.9676387, 34.13715232], [71.96772294, 34.13713741]]]]}, "properties": {"id": "8J6H4XP9+R328", "height": 5.037148475646973, "hmax": 0.216, "ratio": 0.043, "vulnClass": "none"}}, {"type": "Feature", "geometry": {"type": "MultiPolygon", "coordinates": [[[[71.96759692, 34.1369815], [71.96758019, 34.13693871], [71.96754136, 34.13694921], [71.96755809, 34.136992], [71.96759692, 34.1369815]]]]}, "properties": {"id": "8J6H4XP9+Q2PJ", "height": 3.083305835723877, "hmax": 0.238, "ratio": 0.077, "vulnClass": "low"}}, {"type": "Feature", "geometry": {"type": "MultiPolygon", "coordinates": [[[[71.96781342, 34.13702538], [71.9677906, 34.1369094], [71.96774193, 34.13691602], [71.96776475, 34.137032], [71.96781342, 34.13702538]]]]}, "properties": {"id": "8J6H4XP9+Q4JX", "height": 3.179170846939087, "hmax": 0.226, "ratio": 0.071, "vulnClass": "low"}}, {"type": "Feature", "geometry": {"type": "MultiPolygon", "coordinates": [[[[71.9678173, 34.13682904], [71.9677724, 34.13683505], [71.96779505, 34.13695204], [71.96783995, 34.13694602], [71.9678173, 34.13682904]]]]}, "properties": {"id": "8J6H4XP9+Q43Q", "height": 3.625799179077148, "hmax": 0.239, "ratio": 0.066, "vulnClass": "low"}}, {"type": "Feature", "geometry": {"type": "MultiPolygon", "coordinates": [[[[71.96775993, 34.13678367], [71.96771167, 34.13679058], [71.96772433, 34.13685179], [71.9677726, 34.13684489], [71.96775993, 34.13678367]]]]}, "properties": {"id": "8J6H4XP9+P3HP", "height": 2.79460597038269, "hmax": 0.239, "ratio": 0.086, "vulnClass": "low"}}, {"type": "Feature", "geometry": {"type": "MultiPolygon", "coordinates": [[[[71.96803257, 34.13708612], [71.96798105, 34.13708394], [71.96797862, 34.13712367], [71.96795313, 34.13712259], [71.96795032, 34.1371685], [71.96802734, 34.13717175], [71.96803257, 34.13708612]]]]}, "properties": {"id": "8J6H4XP9+V559", "height": 6.729607582092285, "hmax": 0.203, "ratio": 0.03, "vulnClass": "none"}}, {"type": "Feature", "geometry": {"type": "MultiPolygon", "coordinates": [[[[71.96820077, 34.13721243], [71.96802001, 34.13720477], [71.9680155, 34.13727842], [71.96819626, 34.13728608], [71.96820077, 34.13721243]]]]}, "properties": {"id": "8J6H4XP9+V6XV", "height": 6.98347282409668, "hmax": 0.204, "ratio": 0.029, "vulnClass": "none"}}, {"type": "Feature", "geometry": {"type": "MultiPolygon", "coordinates": [[[[71.96831425, 34.13704938], [71.96827191, 34.13699989], [71.96823611, 34.13702106], [71.96827845, 34.13707056], [71.96831425, 34.13704938]]]]}, "properties": {"id": "8J6H4XP9+R86H", "height": 9.074075698852539, "hmax": 0.205, "ratio": 0.023, "vulnClass": "none"}}, {"type": "Feature", "geometry": {"type": "MultiPolygon", "coordinates": [[[[71.96840523, 34.13718919], [71.96832835, 34.1371851], [71.96832505, 34.13722803], [71.96840193, 34.13723212], [71.96840523, 34.13718919]]]]}, "properties": {"id": "8J6H4XP9+V8Q8", "height": 5.477068901062012, "hmax": 0.204, "ratio": 0.037, "vulnClass": "none"}}, {"type": "Feature", "geometry": {"type": "MultiPolygon", "coordinates": [[[[71.96874758, 34.13708007], [71.9685979, 34.13707378], [71.9685958, 34.13710825], [71.96860807, 34.13710877], [71.96860523, 34.13715545], [71.96874264, 34.13716123], [71.96874758, 34.13708007]]]]}, "properties": {"id": "8J6H4XP9+RFVP", "height": 5.978168487548828, "hmax": 0.204, "ratio": 0.034, "vulnClass": "none"}}, {"type": "Feature", "geometry": {"type": "MultiPolygon", "coordinates": [[[[71.96869469, 34.13698283], [71.9685959, 34.1369824], [71.96859532, 34.13707542], [71.9686941, 34.13707585], [71.96869469, 34.13698283]]]]}, "properties": {"id": "8J6H4XP9+RF64", "height": 7.046531200408936, "hmax": 0.23, "ratio": 0.033, "vulnClass": "none"}}, {"type": "Feature", "geometry": {"type": "MultiPolygon", "coordinates": [[[[71.9687682, 34.13694362], [71.96869266, 34.1369431], [71.96869207, 34.13700324], [71.96876761, 34.13700375], [71.9687682, 34.13694362]]]]}, "properties": {"id": "8J6H4XP9+QFQV", "height": 6.541563034057617, "hmax": 0.283, "ratio": 0.043, "vulnClass": "none"}}, {"type": "Feature", "geometry": {"type": "MultiPolygon", "coordinates": [[[[71.96867584, 34.13689166], [71.96859647, 34.13689131], [71.9685959, 34.1369824], [71.96867528, 34.13698275], [71.96867584, 34.13689166]]]]}, "properties": {"id": "8J6H4XP9+QFCF", "height": 7.111039161682129, "hmax": 0.283, "ratio": 0.04, "vulnClass": "none"}}, {"type": "Feature", "geometry": {"type": "MultiPolygon", "coordinates": [[[[71.96859616, 34.13694212], [71.96838513, 34.13694121], [71.96838463, 34.13702228], [71.96859565, 34.13702319], [71.96859616, 34.13694212]]]]}, "properties": {"id": "8J6H4XP9+Q9X8", "height": 7.144731521606445, "hmax": 0.27, "ratio": 0.038, "vulnClass": "none"}}, {"type": "Feature", "geometry": {"type": "MultiPolygon", "coordinates": [[[[71.96839061, 34.13694159], [71.96833222, 34.13694157], [71.9683322, 34.13698112], [71.96839058, 34.13698115], [71.96839061, 34.13694159]]]]}, "properties": {"id": "8J6H4XP9+Q8QG", "height": 7.513323783874512, "hmax": 0.283, "ratio": 0.038, "vulnClass": "none"}}, {"type": "Feature", "geometry": {"type": "MultiPolygon", "coordinates": [[[[71.9684187, 34.13683581], [71.96838579, 34.13683567], [71.96838557, 34.13687055], [71.96841848, 34.13687069], [71.9684187, 34.13683581]]]]}, "properties": {"id": "8J6H4XP9+P9R5", "height": 4.939732074737549, "hmax": 0.283, "ratio": 0.057, "vulnClass": "low"}}, {"type": "Feature", "geometry": {"type": "MultiPolygon", "coordinates": [[[[71.96859616, 34.13694212], [71.9685966, 34.13687146], [71.9685493, 34.13687126], [71.96854952, 34.13683638], [71.96850132, 34.13683617], [71.9685011, 34.13687105], [71.96831431, 34.13687024], [71.96831387, 34.13694091], [71.96859616, 34.13694212]]]]}, "properties": {"id": "8J6H4XP9+Q984", "height": 7.513323783874512, "hmax": 0.283, "ratio": 0.038, "vulnClass": "none"}}, {"type": "Feature", "geometry": {"type": "MultiPolygon", "coordinates": [[[[71.96839002, 34.13674485], [71.96833234, 34.13674483], [71.96833227, 34.13686605], [71.96838994, 34.13686608], [71.96839002, 34.13674485]]]]}, "properties": {"id": "8J6H4XP9+P8H8", "height": 4.145313739776611, "hmax": 0.283, "ratio": 0.068, "vulnClass": "low"}}, {"type": "Feature", "geometry": {"type": "MultiPolygon", "coordinates": [[[[71.96880449, 34.13681414], [71.96867233, 34.13681324], [71.96867155, 34.13689176], [71.96880371, 34.13689266], [71.96880449, 34.13681414]]]]}, "properties": {"id": "8J6H4XP9+PFX4", "height": 6.891351699829102, "hmax": 0.283, "ratio": 0.041, "vulnClass": "none"}}, {"type": "Feature", "geometry": {"type": "MultiPolygon", "coordinates": [[[[71.96880573, 34.13666551], [71.9686449, 34.13667802], [71.96865341, 34.13675366], [71.96881424, 34.13674115], [71.96880573, 34.13666551]]]]}, "properties": {"id": "8J6H4XP9+MFQ7", "height": 5.670820236206055, "hmax": 0.283, "ratio": 0.05, "vulnClass": "none"}}, {"type": "Feature", "geometry": {"type": "MultiPolygon", "coordinates": [[[[71.96862985, 34.1366838], [71.9685603, 34.13669018], [71.96858721, 34.13689308], [71.96865676, 34.1368867], [71.96862985, 34.1366838]]]]}, "properties": {"id": "8J6H4XP9+PC9F", "height": 7.197182655334473, "hmax": 0.283, "ratio": 0.039, "vulnClass": "none"}}, {"type": "Feature", "geometry": {"type": "MultiPolygon", "coordinates": [[[[71.96855058, 34.13666706], [71.96852978, 34.13666697], [71.96852957, 34.13670164], [71.96855036, 34.13670173], [71.96855058, 34.13666706]]]]}, "properties": {"id": "8J6H4XP9+MCF7", "height": 6.010612010955811, "hmax": 0.283, "ratio": 0.047, "vulnClass": "none"}}, {"type": "Feature", "geometry": {"type": "MultiPolygon", "coordinates": [[[[71.96882761, 34.13660007], [71.96881659, 34.13652065], [71.96870497, 34.13653135], [71.96871598, 34.13661078], [71.96882761, 34.13660007]]]]}, "properties": {"id": "8J6H4XP9+JGCP", "height": 5.391504287719727, "hmax": 0.283, "ratio": 0.052, "vulnClass": "low"}}, {"type": "Feature", "geometry": {"type": "MultiPolygon", "coordinates": [[[[71.96857954, 34.13657681], [71.96854096, 34.13658303], [71.96856476, 34.13668505], [71.96860334, 34.13667883], [71.96857954, 34.13657681]]]]}, "properties": {"id": "8J6H4XP9+MC47", "height": 6.23594331741333, "hmax": 0.283, "ratio": 0.045, "vulnClass": "none"}}, {"type": "Feature", "geometry": {"type": "MultiPolygon", "coordinates": [[[[71.96853576, 34.13657901], [71.96850567, 34.13658564], [71.96851329, 34.13660958], [71.96854339, 34.13660295], [71.96853576, 34.13657901]]]]}, "properties": {"id": "8J6H4XP9+JCJQ", "height": 2.613796234130859, "hmax": 0.283, "ratio": 0.108, "vulnClass": "low"}}, {"type": "Feature", "geometry": {"type": "MultiPolygon", "coordinates": [[[[71.96836061, 34.13660388], [71.96832219, 34.13660146], [71.96831987, 34.13662705], [71.96835829, 34.13662946], [71.96836061, 34.13660388]]]]}, "properties": {"id": "8J6H4XP9+J8WQ", "height": 2.549457311630249, "hmax": 0.283, "ratio": 0.111, "vulnClass": "low"}}, {"type": "Feature", "geometry": {"type": "MultiPolygon", "coordinates": [[[[71.96829806, 34.13659894], [71.96825536, 34.13661211], [71.96827183, 34.13664903], [71.96831453, 34.13663586], [71.96829806, 34.13659894]]]]}, "properties": {"id": "8J6H4XP9+J8VR", "height": 2.881245136260986, "hmax": 0.283, "ratio": 0.098, "vulnClass": "low"}}, {"type": "Feature", "geometry": {"type": "MultiPolygon", "coordinates": [[[[71.96827649, 34.13667509], [71.96825608, 34.13660869], [71.96821278, 34.13661789], [71.96823319, 34.1366843], [71.96827649, 34.13667509]]]]}, "properties": {"id": "8J6H4XP9+M75X", "height": 4.905515193939209, "hmax": 0.283, "ratio": 0.058, "vulnClass": "low"}}, {"type": "Feature", "geometry": {"type": "MultiPolygon", "coordinates": [[[[71.96801602, 34.1364357], [71.96792601, 34.13646576], [71.96798479, 34.13658745], [71.96803525, 34.1365706], [71.96804817, 34.13659734], [71.96808772, 34.13658413], [71.96801602, 34.1364357]]]]}, "properties": {"id": "8J6H4XP9+J62J", "height": 5.716603755950928, "hmax": 0.27, "ratio": 0.047, "vulnClass": "none"}}, {"type": "Feature", "geometry": {"type": "MultiPolygon", "coordinates": [[[[71.9679658, 34.13643705], [71.96794955, 34.13638273], [71.96789854, 34.13639327], [71.96791478, 34.1364476], [71.9679658, 34.13643705]]]]}, "properties": {"id": "8J6H4XP9+H57Q", "height": 2.774861335754395, "hmax": 0.239, "ratio": 0.086, "vulnClass": "low"}}, {"type": "Feature", "geometry": {"type": "MultiPolygon", "coordinates": [[[[71.96833543, 34.136327], [71.96831518, 34.13628994], [71.96818411, 34.13633947], [71.96820436, 34.13637652], [71.96833543, 34.136327]]]]}, "properties": {"id": "8J6H4XP9+G8J7", "height": 2.943952560424805, "hmax": 0.283, "ratio": 0.096, "vulnClass": "low"}}, {"type": "Feature", "geometry": {"type": "MultiPolygon", "coordinates": [[[[71.96869479, 34.13639497], [71.96862775, 34.1364011], [71.96863279, 34.13643926], [71.96869983, 34.13643313], [71.96869479, 34.13639497]]]]}, "properties": {"id": "8J6H4XP9+HF7J", "height": 3.317651748657227, "hmax": 0.283, "ratio": 0.085, "vulnClass": "low"}}, {"type": "Feature", "geometry": {"type": "MultiPolygon", "coordinates": [[[[71.96881094, 34.13635551], [71.96869102, 34.13636647], [71.96871236, 34.13652792], [71.96883228, 34.13651697], [71.96881094, 34.13635551]]]]}, "properties": {"id": "8J6H4XP9+HGCM", "height": 5.879310607910156, "hmax": 0.283, "ratio": 0.048, "vulnClass": "none"}}, {"type": "Feature", "geometry": {"type": "MultiPolygon", "coordinates": [[[[71.96857698, 34.13627976], [71.96851695, 34.13618136], [71.96844094, 34.13621343], [71.96850097, 34.13631183], [71.96857698, 34.13627976]]]]}, "properties": {"id": "8J6H4XP9+FCRV", "height": 3.595339298248291, "hmax": 0.283, "ratio": 0.079, "vulnClass": "low"}}, {"type": "Feature", "geometry": {"type": "MultiPolygon", "coordinates": [[[[71.96851689, 34.13618622], [71.96844655, 34.13606781], [71.9683692, 34.13609959], [71.96843954, 34.13621799], [71.96851689, 34.13618622]]]]}, "properties": {"id": "8J6H4XP9+F94J", "height": 5.083111763000488, "hmax": 0.261, "ratio": 0.051, "vulnClass": "low"}}, {"type": "Feature", "geometry": {"type": "MultiPolygon", "coordinates": [[[[71.96860974, 34.13614222], [71.96854123, 34.13602994], [71.96844844, 34.13606908], [71.96851695, 34.13618136], [71.96860974, 34.13614222]]]]}, "properties": {"id": "8J6H4XP9+CCR9", "height": 4.568782806396484, "hmax": 0.222, "ratio": 0.049, "vulnClass": "none"}}, {"type": "Feature", "geometry": {"type": "MultiPolygon", "coordinates": [[[[71.96870364, 34.13600605], [71.96866407, 34.13602507], [71.96869188, 34.13606507], [71.96864011, 34.13608996], [71.9687093, 34.1361895], [71.96880064, 34.1361456], [71.96870364, 34.13600605]]]]}, "properties": {"id": "8J6H4XP9+CFW9", "height": 3.723360061645508, "hmax": 0.221, "ratio": 0.059, "vulnClass": "low"}}, {"type": "Feature", "geometry": {"type": "MultiPolygon", "coordinates": [[[[71.96889534, 34.13612023], [71.9688322, 34.13601573], [71.96873708, 34.13605547], [71.96880022, 34.13615997], [71.96889534, 34.13612023]]]]}, "properties": {"id": "8J6H4XP9+CGPC", "height": 3.061833381652832, "hmax": 0.194, "ratio": 0.063, "vulnClass": "low"}}, {"type": "Feature", "geometry": {"type": "MultiPolygon", "coordinates": [[[[71.96864359, 34.13601566], [71.96862245, 34.13597853], [71.96855038, 34.13600689], [71.96857153, 34.13604403], [71.96864359, 34.13601566]]]]}, "properties": {"id": "8J6H4XP9+CC5C", "height": 4.354241371154785, "hmax": 0.168, "ratio": 0.039, "vulnClass": "none"}}, {"type": "Feature", "geometry": {"type": "MultiPolygon", "coordinates": [[[[71.96889797, 34.1358438], [71.96888236, 34.13579372], [71.96860563, 34.13585335], [71.96862124, 34.13590343], [71.96889797, 34.1358438]]]]}, "properties": {"id": "8J6H4XP9+8GJR", "height": 5.360860824584961, "hmax": 0.168, "ratio": 0.031, "vulnClass": "none"}}, {"type": "Feature", "geometry": {"type": "MultiPolygon", "coordinates": [[[[71.96846171, 34.13598896], [71.96841787, 34.13588781], [71.96837324, 34.13590118], [71.96841708, 34.13600233], [71.96846171, 34.13598896]]]]}, "properties": {"id": "8J6H4XP9+99FV", "height": 3.959632396697998, "hmax": 0.168, "ratio": 0.042, "vulnClass": "none"}}, {"type": "Feature", "geometry": {"type": "MultiPolygon", "coordinates": [[[[71.9681087, 34.13596311], [71.96810265, 34.13593172], [71.96807196, 34.13593581], [71.96807801, 34.1359672], [71.9681087, 34.13596311]]]]}, "properties": {"id": "8J6H4XP9+96GX", "height": 3.05878210067749, "hmax": 0.168, "ratio": 0.055, "vulnClass": "low"}}, {"type": "Feature", "geometry": {"type": "MultiPolygon", "coordinates": [[[[71.96829528, 34.13596874], [71.96827569, 34.13592019], [71.96816954, 34.13594981], [71.96818913, 34.13599836], [71.96829528, 34.13596874]]]]}, "properties": {"id": "8J6H4XP9+97Q7", "height": 2.928700685501099, "hmax": 0.168, "ratio": 0.057, "vulnClass": "low"}}, {"type": "Feature", "geometry": {"type": "MultiPolygon", "coordinates": [[[[71.96818913, 34.13599836], [71.96809944, 34.13577612], [71.96805048, 34.13578978], [71.96814017, 34.13601203], [71.96818913, 34.13599836]]]]}, "properties": {"id": "8J6H4XP9+965Q", "height": 3.294984340667725, "hmax": 0.168, "ratio": 0.051, "vulnClass": "low"}}, {"type": "Feature", "geometry": {"type": "MultiPolygon", "coordinates": [[[[71.96814902, 34.13604314], [71.96813748, 34.13599741], [71.96806301, 34.13601041], [71.96807455, 34.13605614], [71.96814902, 34.13604314]]]]}, "properties": {"id": "8J6H4XP9+C693", "height": 3.054743766784668, "hmax": 0.168, "ratio": 0.055, "vulnClass": "low"}}, {"type": "Feature", "geometry": {"type": "MultiPolygon", "coordinates": [[[[71.96825506, 34.13607555], [71.96824625, 34.13603902], [71.96815976, 34.13605345], [71.96816857, 34.13608998], [71.96825506, 34.13607555]]]]}, "properties": {"id": "8J6H4XP9+C7GG", "height": 3.087852954864502, "hmax": 0.168, "ratio": 0.054, "vulnClass": "low"}}, {"type": "Feature", "geometry": {"type": "MultiPolygon", "coordinates": [[[[71.96821972, 34.13615718], [71.96820559, 34.13612001], [71.96809938, 34.13614793], [71.96813514, 34.13624197], [71.96819039, 34.13622744], [71.96816877, 34.13617057], [71.96821972, 34.13615718]]]]}, "properties": {"id": "8J6H4XP9+F7C5", "height": 2.633668422698975, "hmax": 0.283, "ratio": 0.107, "vulnClass": "low"}}, {"type": "Feature", "geometry": {"type": "MultiPolygon", "coordinates": [[[[71.96828975, 34.13623277], [71.96827501, 34.13619938], [71.96813125, 34.13624325], [71.96814599, 34.13627664], [71.96828975, 34.13623277]]]]}, "properties": {"id": "8J6H4XP9+F7WG", "height": 2.749758005142212, "hmax": 0.283, "ratio": 0.103, "vulnClass": "low"}}, {"type": "Feature", "geometry": {"type": "MultiPolygon", "coordinates": [[[[71.96794936, 34.13622381], [71.96790972, 34.13623015], [71.9679224, 34.13628504], [71.96796205, 34.13627871], [71.96794936, 34.13622381]]]]}, "properties": {"id": "8J6H4XP9+G535", "height": 3.614208459854126, "hmax": 0.239, "ratio": 0.066, "vulnClass": "low"}}, {"type": "Feature", "geometry": {"type": "MultiPolygon", "coordinates": [[[[71.96795382, 34.13615975], [71.96789322, 34.13616902], [71.9679062, 34.13622767], [71.9679668, 34.13621839], [71.96795382, 34.13615975]]]]}, "properties": {"id": "8J6H4XP9+F5FQ", "height": 2.923637866973877, "hmax": 0.239, "ratio": 0.082, "vulnClass": "low"}}, {"type": "Feature", "geometry": {"type": "MultiPolygon", "coordinates": [[[[71.96788013, 34.13607342], [71.96786965, 34.13600018], [71.96775099, 34.13601192], [71.96776717, 34.13612497], [71.96784328, 34.13611745], [71.96783758, 34.13607763], [71.96788013, 34.13607342]]]]}, "properties": {"id": "8J6H4XP9+C4F9", "height": 2.766777515411377, "hmax": 0.155, "ratio": 0.056, "vulnClass": "low"}}, {"type": "Feature", "geometry": {"type": "MultiPolygon", "coordinates": [[[[71.96706892, 34.13640565], [71.96705967, 34.13637126], [71.96694354, 34.13639287], [71.96695279, 34.13642727], [71.96706892, 34.13640565]]]]}, "properties": {"id": "8J6H4XP8+HR2R", "height": 2.774802207946777, "hmax": 0.239, "ratio": 0.086, "vulnClass": "low"}}, {"type": "Feature", "geometry": {"type": "MultiPolygon", "coordinates": [[[[71.96713083, 34.13644555], [71.96711131, 34.13638987], [71.96706926, 34.13640007], [71.96708877, 34.13645574], [71.96713083, 34.13644555]]]]}, "properties": {"id": "8J6H4XP8+HR9R", "height": 2.915802955627441, "hmax": 0.239, "ratio": 0.082, "vulnClass": "low"}}, {"type": "Feature", "geometry": {"type": "MultiPolygon", "coordinates": [[[[71.96716208, 34.13657741], [71.96713387, 34.13645729], [71.96708806, 34.13646473], [71.96711627, 34.13658485], [71.96716208, 34.13657741]]]]}, "properties": {"id": "8J6H4XP8+JV2R", "height": 4.043745994567871, "hmax": 0.239, "ratio": 0.059, "vulnClass": "low"}}, {"type": "Feature", "geometry": {"type": "MultiPolygon", "coordinates": [[[[71.96735347, 34.13631245], [71.96727251, 34.13633161], [71.96733277, 34.13650768], [71.96741373, 34.13648852], [71.96735347, 34.13631245]]]]}, "properties": {"id": "8J6H4XP8+HW8H", "height": 3.565032243728638, "hmax": 0.239, "ratio": 0.067, "vulnClass": "low"}}, {"type": "Feature", "geometry": {"type": "MultiPolygon", "coordinates": [[[[71.96718523, 34.13632522], [71.96715107, 34.13624477], [71.96707992, 34.13626566], [71.96711408, 34.13634611], [71.96718523, 34.13632522]]]]}, "properties": {"id": "8J6H4XP8+GV6R", "height": 2.735386848449707, "hmax": 0.239, "ratio": 0.087, "vulnClass": "low"}}, {"type": "Feature", "geometry": {"type": "MultiPolygon", "coordinates": [[[[71.96773441, 34.13668961], [71.96771601, 34.13665331], [71.96766441, 34.1366714], [71.96768281, 34.13670769], [71.96773441, 34.13668961]]]]}, "properties": {"id": "8J6H4XP9+M3G7", "height": 2.571960926055908, "hmax": 0.239, "ratio": 0.093, "vulnClass": "low"}}, {"type": "Feature", "geometry": {"type": "MultiPolygon", "coordinates": [[[[71.96767783, 34.13670953], [71.9676597, 34.13666814], [71.96756872, 34.13669571], [71.96758685, 34.1367371], [71.96767783, 34.13670953]]]]}, "properties": {"id": "8J6H4XP9+M2Q5", "height": 2.571960926055908, "hmax": 0.239, "ratio": 0.093, "vulnClass": "low"}}, {"type": "Feature", "geometry": {"type": "MultiPolygon", "coordinates": [[[[71.96747192, 34.13670427], [71.96742985, 34.13672116], [71.9674666, 34.13678446], [71.96750867, 34.13676758], [71.96747192, 34.13670427]]]]}, "properties": {"id": "8J6H4XP8+MXXJ", "height": 2.956943511962891, "hmax": 0.239, "ratio": 0.081, "vulnClass": "low"}}, {"type": "Feature", "geometry": {"type": "MultiPolygon", "coordinates": [[[[71.96739691, 34.1367016], [71.96737684, 34.13666203], [71.967263, 34.13670195], [71.96728307, 34.13674152], [71.96739691, 34.1367016]]]]}, "properties": {"id": "8J6H4XP8+MWP4", "height": 9.056219100952148, "hmax": 0.239, "ratio": 0.026, "vulnClass": "none"}}, {"type": "Feature", "geometry": {"type": "MultiPolygon", "coordinates": [[[[71.96721049, 34.13664886], [71.96719122, 34.13661086], [71.96710838, 34.13663991], [71.96715843, 34.13673861], [71.967263, 34.13670195], [71.96724132, 34.13665921], [71.96718346, 34.1366795], [71.96717434, 34.13666153], [71.96721049, 34.13664886]]]]}, "properties": {"id": "8J6H4XP8+MVF5", "height": 9.056219100952148, "hmax": 0.239, "ratio": 0.026, "vulnClass": "none"}}, {"type": "Feature", "geometry": {"type": "MultiPolygon", "coordinates": [[[[71.96723771, 34.13659686], [71.96719907, 34.13660451], [71.9672058, 34.13662801], [71.96724443, 34.13662036], [71.96723771, 34.13659686]]]]}, "properties": {"id": "8J6H4XP8+JVXC", "height": 3.518454313278198, "hmax": 0.239, "ratio": 0.068, "vulnClass": "low"}}, {"type": "Feature", "geometry": {"type": "MultiPolygon", "coordinates": [[[[71.96737684, 34.13666203], [71.96735517, 34.13661929], [71.96724132, 34.13665921], [71.967263, 34.13670195], [71.96737684, 34.13666203]]]]}, "properties": {"id": "8J6H4XP8+MW7H", "height": 8.416727066040039, "hmax": 0.239, "ratio": 0.028, "vulnClass": "none"}}, {"type": "Feature", "geometry": {"type": "MultiPolygon", "coordinates": [[[[71.96732688, 34.13658904], [71.96732026, 34.13656703], [71.96726072, 34.13657941], [71.96726734, 34.13660142], [71.96732688, 34.13658904]]]]}, "properties": {"id": "8J6H4XP8+JWM7", "height": 3.508902311325073, "hmax": 0.239, "ratio": 0.068, "vulnClass": "low"}}, {"type": "Feature", "geometry": {"type": "MultiPolygon", "coordinates": [[[[71.96728917, 34.13652536], [71.96727603, 34.13648986], [71.96721911, 34.13650442], [71.96723224, 34.13653992], [71.96728917, 34.13652536]]]]}, "properties": {"id": "8J6H4XP8+JW2C", "height": 3.877246856689453, "hmax": 0.239, "ratio": 0.062, "vulnClass": "low"}}, {"type": "Feature", "geometry": {"type": "MultiPolygon", "coordinates": [[[[71.96722877, 34.13654486], [71.96721443, 34.13650865], [71.96714453, 34.13652778], [71.96715886, 34.136564], [71.96722877, 34.13654486]]]]}, "properties": {"id": "8J6H4XP8+JV7H", "height": 4.043745994567871, "hmax": 0.239, "ratio": 0.059, "vulnClass": "low"}}, {"type": "Feature", "geometry": {"type": "MultiPolygon", "coordinates": [[[[71.96703126, 34.13657923], [71.96699415, 34.13658396], [71.96699958, 34.13661343], [71.96703669, 34.1366087], [71.96703126, 34.13657923]]]]}, "properties": {"id": "8J6H4XP8+JRJV", "height": 2.663341522216797, "hmax": 0.239, "ratio": 0.09, "vulnClass": "low"}}, {"type": "Feature", "geometry": {"type": "MultiPolygon", "coordinates": [[[[71.96712765, 34.13667791], [71.96710838, 34.13663991], [71.96703618, 34.13666522], [71.96705545, 34.13670322], [71.96712765, 34.13667791]]]]}, "properties": {"id": "8J6H4XP8+MR8W", "height": 4.638785362243652, "hmax": 0.239, "ratio": 0.052, "vulnClass": "low"}}, {"type": "Feature", "geometry": {"type": "MultiPolygon", "coordinates": [[[[71.96842669, 34.13568381], [71.96839011, 34.1356021], [71.96825353, 34.13564437], [71.96836884, 34.13590197], [71.96845586, 34.13587503], [71.96837713, 34.13569915], [71.96842669, 34.13568381]]]]}, "properties": {"id": "8J6H4XP9+78XM", "height": 4.45368766784668, "hmax": 0.168, "ratio": 0.038, "vulnClass": "none"}}, {"type": "Feature", "geometry": {"type": "MultiPolygon", "coordinates": [[[[71.96829664, 34.13573608], [71.96826999, 34.13573456], [71.96826753, 34.13576441], [71.96829419, 34.13576593], [71.96829664, 34.13573608]]]]}, "properties": {"id": "8J6H4XP9+8832", "height": 3.652184009552002, "hmax": 0.168, "ratio": 0.046, "vulnClass": "none"}}, {"type": "Feature", "geometry": {"type": "MultiPolygon", "coordinates": [[[[71.96854122, 34.13564468], [71.96850295, 34.13565328], [71.9685147, 34.13568945], [71.96855297, 34.13568085], [71.96854122, 34.13564468]]]]}, "properties": {"id": "8J6H4XP9+7C6Q", "height": 6.540587425231934, "hmax": 0.168, "ratio": 0.026, "vulnClass": "none"}}, {"type": "Feature", "geometry": {"type": "MultiPolygon", "coordinates": [[[[71.96867867, 34.13569524], [71.96866576, 34.13565551], [71.96855297, 34.13568085], [71.96856588, 34.13572058], [71.96867867, 34.13569524]]]]}, "properties": {"id": "8J6H4XP9+7CHG", "height": 6.057319164276123, "hmax": 0.168, "ratio": 0.028, "vulnClass": "none"}}, {"type": "Feature", "geometry": {"type": "MultiPolygon", "coordinates": [[[[71.96855297, 34.13568085], [71.9685147, 34.13568945], [71.96852761, 34.13572918], [71.96856588, 34.13572058], [71.96855297, 34.13568085]]]]}, "properties": {"id": "8J6H4XP9+7CM7", "height": 6.205300807952881, "hmax": 0.168, "ratio": 0.027, "vulnClass": "none"}}, {"type": "Feature", "geometry": {"type": "MultiPolygon", "coordinates": [[[[71.96865885, 34.13584239], [71.96862098, 34.13572222], [71.96856815, 34.13573373], [71.96860602, 34.1358539], [71.96865885, 34.13584239]]]]}, "properties": {"id": "8J6H4XP9+8C9G", "height": 5.576512336730957, "hmax": 0.168, "ratio": 0.03, "vulnClass": "none"}}, {"type": "Feature", "geometry": {"type": "MultiPolygon", "coordinates": [[[[71.96852698, 34.13544825], [71.96848077, 34.13545864], [71.96855297, 34.13568085], [71.96866576, 34.13565551], [71.96865401, 34.13561934], [71.96862848, 34.13562507], [71.96857466, 34.13545944], [71.96853361, 34.13546867], [71.96852698, 34.13544825]]]]}, "properties": {"id": "8J6H4XP9+6CGJ", "height": 6.540587425231934, "hmax": 0.168, "ratio": 0.026, "vulnClass": "none"}}, {"type": "Feature", "geometry": {"type": "MultiPolygon", "coordinates": [[[[71.96839465, 34.13549286], [71.9683642, 34.1354936], [71.96836538, 34.13552736], [71.96839583, 34.13552662], [71.96839465, 34.13549286]]]]}, "properties": {"id": "8J6H4XP9+692C", "height": 2.641730070114136, "hmax": 0.168, "ratio": 0.064, "vulnClass": "low"}}, {"type": "Feature", "geometry": {"type": "MultiPolygon", "coordinates": [[[[71.9623976, 34.13635896], [71.96232178, 34.13636079], [71.96232335, 34.13640583], [71.96239917, 34.136404], [71.9623976, 34.13635896]]]]}, "properties": {"id": "8J6H4XP6+HW58", "height": 4.048207759857178, "hmax": 0.011, "ratio": 0.003, "vulnClass": "none"}}, {"type": "Feature", "geometry": {"type": "MultiPolygon", "coordinates": [[[[71.96271132, 34.13636579], [71.96270971, 34.13628451], [71.96264684, 34.13628538], [71.96264764, 34.13632599], [71.96252146, 34.13632772], [71.96252227, 34.13636838], [71.96271132, 34.13636579]]]]}, "properties": {"id": "8J6H4XP7+G3JC", "height": 3.859657049179077, "hmax": 0.01, "ratio": 0.003, "vulnClass": "none"}}, {"type": "Feature", "geometry": {"type": "MultiPolygon", "coordinates": [[[[71.9623531, 34.13615903], [71.96231991, 34.13615733], [71.96231427, 34.13623352], [71.96234746, 34.13623522], [71.9623531, 34.13615903]]]]}, "properties": {"id": "8J6H4XP6+FWGW", "height": 4.238712310791016, "hmax": 0.011, "ratio": 0.003, "vulnClass": "none"}}, {"type": "Feature", "geometry": {"type": "MultiPolygon", "coordinates": [[[[71.95819147, 34.13657646], [71.95813931, 34.13658156], [71.95814374, 34.13661285], [71.9581959, 34.13660774], [71.95819147, 34.13657646]]]]}, "properties": {"id": "8J6H4XP5+J7MM", "height": 3.452064275741577, "hmax": 0.003, "ratio": 0.001, "vulnClass": "none"}}, {"type": "Feature", "geometry": {"type": "MultiPolygon", "coordinates": [[[[71.95775147, 34.13649111], [71.95765293, 34.13648936], [71.95764984, 34.13660965], [71.95774837, 34.1366114], [71.95775147, 34.13649111]]]]}, "properties": {"id": "8J6H4XP5+J3G3", "height": 4.424620628356934, "hmax": 0.003, "ratio": 0.001, "vulnClass": "none"}}, {"type": "Feature", "geometry": {"type": "MultiPolygon", "coordinates": [[[[71.95770099, 34.13661056], [71.95760722, 34.13660889], [71.95760619, 34.13664885], [71.95769996, 34.13665052], [71.95770099, 34.13661056]]]]}, "properties": {"id": "8J6H4XP5+M325", "height": 3.294891595840454, "hmax": 0.003, "ratio": 0.001, "vulnClass": "none"}}, {"type": "Feature", "geometry": {"type": "MultiPolygon", "coordinates": [[[[71.95814444, 34.13661344], [71.95811509, 34.13641517], [71.95797934, 34.13642906], [71.95800869, 34.13662733], [71.95814444, 34.13661344]]]]}, "properties": {"id": "8J6H4XP5+J63X", "height": 6.849747180938721, "hmax": 0.003, "ratio": 0.0, "vulnClass": "none"}}, {"type": "Feature", "geometry": {"type": "MultiPolygon", "coordinates": [[[[71.95862814, 34.13755752], [71.95847955, 34.13755524], [71.95847764, 34.1376414], [71.95862624, 34.13764367], [71.95862814, 34.13755752]]]]}, "properties": {"id": "8J6H4XQ5+2CMW", "height": 2.758757352828979, "hmax": 0.006, "ratio": 0.002, "vulnClass": "none"}}, {"type": "Feature", "geometry": {"type": "MultiPolygon", "coordinates": [[[[71.95864609, 34.13742754], [71.95855402, 34.13742976], [71.95855685, 34.13751082], [71.95864891, 34.1375086], [71.95864609, 34.13742754]]]]}, "properties": {"id": "8J6H4XP5+XCQJ", "height": 3.246732950210571, "hmax": 0.006, "ratio": 0.002, "vulnClass": "none"}}, {"type": "Feature", "geometry": {"type": "MultiPolygon", "coordinates": [[[[71.95818643, 34.13821723], [71.95812186, 34.13821643], [71.9581211, 34.13825847], [71.95818567, 34.13825927], [71.95818643, 34.13821723]]]]}, "properties": {"id": "8J6H4XQ5+77RH", "height": 2.845277309417725, "hmax": 0.006, "ratio": 0.002, "vulnClass": "none"}}, {"type": "Feature", "geometry": {"type": "MultiPolygon", "coordinates": [[[[71.95812197, 34.13798168], [71.9580536, 34.13798585], [71.95805775, 34.13803295], [71.95812612, 34.13802878], [71.95812197, 34.13798168]]]]}, "properties": {"id": "8J6H4XQ5+6649", "height": 2.55407190322876, "hmax": 0.005, "ratio": 0.002, "vulnClass": "none"}}, {"type": "Feature", "geometry": {"type": "MultiPolygon", "coordinates": [[[[71.95825504, 34.13805873], [71.95823133, 34.13805334], [71.95822203, 34.13808164], [71.95824574, 34.13808702], [71.95825504, 34.13805873]]]]}, "properties": {"id": "8J6H4XQ5+67HW", "height": 2.572891473770142, "hmax": 0.008, "ratio": 0.003, "vulnClass": "none"}}, {"type": "Feature", "geometry": {"type": "MultiPolygon", "coordinates": [[[[71.95852664, 34.13802188], [71.95830429, 34.13802348], [71.95830516, 34.13810691], [71.95852751, 34.13810531], [71.95852664, 34.13802188]]]]}, "properties": {"id": "8J6H4XQ5+69FF", "height": 2.493900775909424, "hmax": 0.008, "ratio": 0.003, "vulnClass": "none"}}, {"type": "Feature", "geometry": {"type": "MultiPolygon", "coordinates": [[[[71.95808675, 34.13811751], [71.95804489, 34.13811712], [71.95804421, 34.13816701], [71.95808607, 34.13816741], [71.95808675, 34.13811751]]]]}, "properties": {"id": "8J6H4XQ5+764J", "height": 3.302430629730225, "hmax": 0.005, "ratio": 0.002, "vulnClass": "none"}}, {"type": "Feature", "geometry": {"type": "MultiPolygon", "coordinates": [[[[71.95825521, 34.13797539], [71.9582474, 34.13789237], [71.95778652, 34.13792234], [71.9577908, 34.1379679], [71.95782114, 34.13796593], [71.95782466, 34.13800339], [71.95825521, 34.13797539]]]]}, "properties": {"id": "8J6H4XQ5+56CX", "height": 3.59771203994751, "hmax": 0.006, "ratio": 0.002, "vulnClass": "none"}}, {"type": "Feature", "geometry": {"type": "MultiPolygon", "coordinates": [[[[71.97245464, 34.13392193], [71.97238512, 34.13393829], [71.9724057, 34.13399876], [71.97247522, 34.13398241], [71.97245464, 34.13392193]]]]}, "properties": {"id": "8J6H4XMC+HXMH", "height": 4.890410900115967, "hmax": 0.088, "ratio": 0.018, "vulnClass": "none"}}, {"type": "Feature", "geometry": {"type": "MultiPolygon", "coordinates": [[[[71.97267163, 34.13406435], [71.97263438, 34.13401116], [71.97260681, 34.13402451], [71.97261841, 34.13404106], [71.97248352, 34.13410638], [71.97250918, 34.13414301], [71.97267163, 34.13406435]]]]}, "properties": {"id": "8J6H4XMF+J2P8", "height": 6.140554428100586, "hmax": 0.109, "ratio": 0.018, "vulnClass": "none"}}, {"type": "Feature", "geometry": {"type": "MultiPolygon", "coordinates": [[[[71.97260803, 34.13393787], [71.97256532, 34.13386849], [71.97252029, 34.13388765], [71.972563, 34.13395703], [71.97260803, 34.13393787]]]]}, "properties": {"id": "8J6H4XMF+H28C", "height": 2.600648641586304, "hmax": 0.109, "ratio": 0.042, "vulnClass": "none"}}, {"type": "Feature", "geometry": {"type": "MultiPolygon", "coordinates": [[[[71.97127784, 34.13669951], [71.97128217, 34.13666062], [71.97111132, 34.13664747], [71.97108514, 34.13688255], [71.97116369, 34.1368886], [71.97118553, 34.13669241], [71.97127784, 34.13669951]]]]}, "properties": {"id": "8J6H4XPC+PF25", "height": 3.986705780029297, "hmax": 0.162, "ratio": 0.041, "vulnClass": "none"}}, {"type": "Feature", "geometry": {"type": "MultiPolygon", "coordinates": [[[[71.97092735, 34.13662364], [71.9708793, 34.13661819], [71.97086432, 34.13670954], [71.97083219, 34.1367059], [71.97082594, 34.13674406], [71.97085806, 34.1367477], [71.97084905, 34.13680267], [71.9708971, 34.13680812], [71.970891, 34.13684527], [71.97101509, 34.13685934], [71.97105143, 34.13663771], [71.97099421, 34.13663122], [71.97098851, 34.13666601], [71.97092164, 34.13665843], [71.97092735, 34.13662364]]]]}, "properties": {"id": "8J6H4XPC+M9WM", "height": 4.357456207275391, "hmax": 0.164, "ratio": 0.038, "vulnClass": "none"}}, {"type": "Feature", "geometry": {"type": "MultiPolygon", "coordinates": [[[[71.970917, 34.13651037], [71.97075689, 34.1365002], [71.97075106, 34.13656357], [71.97091118, 34.13657374], [71.970917, 34.13651037]]]]}, "properties": {"id": "8J6H4XPC+J88G", "height": 2.797028303146362, "hmax": 0.164, "ratio": 0.059, "vulnClass": "low"}}, {"type": "Feature", "geometry": {"type": "MultiPolygon", "coordinates": [[[[71.97111171, 34.13652282], [71.97095145, 34.13651569], [71.97094621, 34.13659712], [71.97110647, 34.13660425], [71.97111171, 34.13652282]]]]}, "properties": {"id": "8J6H4XPC+JCC9", "height": 3.560257434844971, "hmax": 0.164, "ratio": 0.046, "vulnClass": "none"}}, {"type": "Feature", "geometry": {"type": "MultiPolygon", "coordinates": [[[[71.97115082, 34.13652456], [71.97111171, 34.13652282], [71.97110647, 34.13660425], [71.97114558, 34.13660599], [71.97115082, 34.13652456]]]]}, "properties": {"id": "8J6H4XPC+JFCC", "height": 3.554887771606445, "hmax": 0.164, "ratio": 0.046, "vulnClass": "none"}}, {"type": "Feature", "geometry": {"type": "MultiPolygon", "coordinates": [[[[71.97106219, 34.13625824], [71.9709617, 34.13625789], [71.9709607, 34.13645348], [71.97106119, 34.13645384], [71.97106219, 34.13625824]]]]}, "properties": {"id": "8J6H4XPC+GCR7", "height": 3.578059196472168, "hmax": 0.164, "ratio": 0.046, "vulnClass": "none"}}, {"type": "Feature", "geometry": {"type": "MultiPolygon", "coordinates": [[[[71.9716395, 34.1362975], [71.9714992, 34.1362464], [71.9714281, 34.1363813], [71.9715684, 34.1364324], [71.9716395, 34.1362975]]]]}, "properties": {"id": "8J6H4XPC+GJMC", "height": 2.890005111694336, "hmax": 0.142, "ratio": 0.049, "vulnClass": "none"}}, {"type": "Feature", "geometry": {"type": "MultiPolygon", "coordinates": [[[[71.9713256, 34.1366082], [71.9712957, 34.1363023], [71.9712115, 34.1363079], [71.9712414, 34.1366139], [71.9713256, 34.1366082]]]]}, "properties": {"id": "8J6H4XPC+HGJ8", "height": 4.443090438842773, "hmax": 0.145, "ratio": 0.033, "vulnClass": "none"}}, {"type": "Feature", "geometry": {"type": "MultiPolygon", "coordinates": [[[[71.97165531, 34.13508091], [71.97164049, 34.13504384], [71.97145809, 34.13509427], [71.97147291, 34.13513134], [71.97165531, 34.13508091]]]]}, "properties": {"id": "8J6H4XPC+2JMH", "height": 3.308440208435059, "hmax": 0.034, "ratio": 0.01, "vulnClass": "none"}}, {"type": "Feature", "geometry": {"type": "MultiPolygon", "coordinates": [[[[71.97168419, 34.1348857], [71.97159274, 34.13491212], [71.97167692, 34.13511362], [71.97176838, 34.1350872], [71.97168419, 34.1348857]]]]}, "properties": {"id": "8J6H4XMC+XMVX", "height": 5.64417552947998, "hmax": 0.034, "ratio": 0.006, "vulnClass": "none"}}, {"type": "Feature", "geometry": {"type": "MultiPolygon", "coordinates": [[[[71.9717376, 34.13486525], [71.97173217, 34.13483019], [71.97166683, 34.13483719], [71.97167226, 34.13487225], [71.9717376, 34.13486525]]]]}, "properties": {"id": "8J6H4XMC+WMW3", "height": 4.40546178817749, "hmax": 0.034, "ratio": 0.008, "vulnClass": "none"}}, {"type": "Feature", "geometry": {"type": "MultiPolygon", "coordinates": [[[[71.97117667, 34.13545605], [71.97113245, 34.13546188], [71.9711484, 34.13554554], [71.97124309, 34.13553306], [71.97123947, 34.13551406], [71.971189, 34.13552072], [71.97117667, 34.13545605]]]]}, "properties": {"id": "8J6H4XPC+6F38", "height": 3.96196985244751, "hmax": 0.1, "ratio": 0.025, "vulnClass": "none"}}, {"type": "Feature", "geometry": {"type": "MultiPolygon", "coordinates": [[[[71.97131839, 34.13544226], [71.97122305, 34.13545338], [71.9712383, 34.13554376], [71.97133364, 34.13553264], [71.97131839, 34.13544226]]]]}, "properties": {"id": "8J6H4XPC+5GRQ", "height": 3.490780591964722, "hmax": 0.118, "ratio": 0.034, "vulnClass": "none"}}, {"type": "Feature", "geometry": {"type": "MultiPolygon", "coordinates": [[[[71.97010479, 34.13555836], [71.97008246, 34.13551298], [71.9699575, 34.13555549], [71.97006455, 34.13577307], [71.97018951, 34.13573056], [71.97015194, 34.1356542], [71.97018105, 34.1356443], [71.97013389, 34.13554846], [71.97010479, 34.13555836]]]]}, "properties": {"id": "8J6H4XPC+724G", "height": 2.834214210510254, "hmax": 0.118, "ratio": 0.042, "vulnClass": "none"}}, {"type": "Feature", "geometry": {"type": "MultiPolygon", "coordinates": [[[[71.96972151, 34.13554625], [71.96968213, 34.13548787], [71.96962665, 34.13551374], [71.96966603, 34.13557212], [71.96972151, 34.13554625]]]]}, "properties": {"id": "8J6H4XP9+6V74", "height": 2.932394504547119, "hmax": 0.118, "ratio": 0.04, "vulnClass": "none"}}, {"type": "Feature", "geometry": {"type": "MultiPolygon", "coordinates": [[[[71.96899384, 34.13620316], [71.96888266, 34.1362062], [71.96888834, 34.13634971], [71.9692104, 34.1363409], [71.9692087, 34.1362981], [71.96899783, 34.13630387], [71.96899384, 34.13620316]]]]}, "properties": {"id": "8J6H4XP9+GH9Q", "height": 5.443652153015137, "hmax": 0.26, "ratio": 0.048, "vulnClass": "none"}}, {"type": "Feature", "geometry": {"type": "MultiPolygon", "coordinates": [[[[71.96966447, 34.13609468], [71.96961199, 34.13610272], [71.9696183, 34.13613117], [71.96967077, 34.13612312], [71.96966447, 34.13609468]]]]}, "properties": {"id": "8J6H4XP9+CVRG", "height": 2.755011081695557, "hmax": 0.118, "ratio": 0.043, "vulnClass": "none"}}, {"type": "Feature", "geometry": {"type": "MultiPolygon", "coordinates": [[[[71.97020765, 34.1362535], [71.97020112, 34.13618925], [71.97010688, 34.13619587], [71.97011341, 34.13626012], [71.97020765, 34.1362535]]]]}, "properties": {"id": "8J6H4XPC+F3MR", "height": 2.568054914474487, "hmax": 0.175, "ratio": 0.068, "vulnClass": "low"}}, {"type": "Feature", "geometry": {"type": "MultiPolygon", "coordinates": [[[[71.97063879, 34.13634512], [71.97062444, 34.13627574], [71.97055058, 34.1362863], [71.97056492, 34.13635568], [71.97063879, 34.13634512]]]]}, "properties": {"id": "8J6H4XPC+G6HJ", "height": 3.00109338760376, "hmax": 0.164, "ratio": 0.055, "vulnClass": "low"}}, {"type": "Feature", "geometry": {"type": "MultiPolygon", "coordinates": [[[[71.9707153, 34.13625929], [71.97063124, 34.13627034], [71.9706535, 34.13638748], [71.97073756, 34.13637643], [71.9707153, 34.13625929]]]]}, "properties": {"id": "8J6H4XPC+G7FX", "height": 3.31878662109375, "hmax": 0.164, "ratio": 0.049, "vulnClass": "none"}}, {"type": "Feature", "geometry": {"type": "MultiPolygon", "coordinates": [[[[71.97065551, 34.13637938], [71.97060665, 34.13638229], [71.97061398, 34.13646715], [71.97066284, 34.13646423], [71.97065551, 34.13637938]]]]}, "properties": {"id": "8J6H4XPC+H76V", "height": 3.412689685821533, "hmax": 0.164, "ratio": 0.048, "vulnClass": "none"}}, {"type": "Feature", "geometry": {"type": "MultiPolygon", "coordinates": [[[[71.97074668, 34.13656576], [71.9707449, 34.13638556], [71.97065746, 34.13638615], [71.97065923, 34.13656636], [71.97074668, 34.13656576]]]]}, "properties": {"id": "8J6H4XPC+H7W3", "height": 3.614619255065918, "hmax": 0.164, "ratio": 0.045, "vulnClass": "none"}}, {"type": "Feature", "geometry": {"type": "MultiPolygon", "coordinates": [[[[71.97031752, 34.13644883], [71.97030955, 34.13653551], [71.97066254, 34.13655794], [71.97067051, 34.13647126], [71.97031752, 34.13644883]]]]}, "properties": {"id": "8J6H4XPC+J554", "height": 3.632239818572998, "hmax": 0.164, "ratio": 0.045, "vulnClass": "none"}}, {"type": "Feature", "geometry": {"type": "MultiPolygon", "coordinates": [[[[71.97045423, 34.13666413], [71.97045736, 34.13657647], [71.97025579, 34.13657148], [71.97024917, 34.13675644], [71.97029818, 34.13675766], [71.97030166, 34.13666035], [71.97045423, 34.13666413]]]]}, "properties": {"id": "8J6H4XPC+M44H", "height": 2.978165149688721, "hmax": 0.164, "ratio": 0.055, "vulnClass": "low"}}, {"type": "Feature", "geometry": {"type": "MultiPolygon", "coordinates": [[[[71.97066321, 34.1366116], [71.97061265, 34.13660603], [71.97058044, 34.13680802], [71.97068434, 34.13681948], [71.97069611, 34.13674563], [71.97064278, 34.13673975], [71.97066321, 34.1366116]]]]}, "properties": {"id": "8J6H4XPC+M7R3", "height": 5.47465181350708, "hmax": 0.164, "ratio": 0.03, "vulnClass": "none"}}, {"type": "Feature", "geometry": {"type": "MultiPolygon", "coordinates": [[[[71.97071655, 34.13661748], [71.97066321, 34.1366116], [71.97064278, 34.13673975], [71.97069611, 34.13674563], [71.97071655, 34.13661748]]]]}, "properties": {"id": "8J6H4XPC+M7F4", "height": 4.792482376098633, "hmax": 0.164, "ratio": 0.034, "vulnClass": "none"}}, {"type": "Feature", "geometry": {"type": "MultiPolygon", "coordinates": [[[[71.97019079, 34.13662152], [71.97010927, 34.1366195], [71.97010798, 34.13665556], [71.9701895, 34.13665758], [71.97019079, 34.13662152]]]]}, "properties": {"id": "8J6H4XPC+M32H", "height": 3.716812133789062, "hmax": 0.174, "ratio": 0.047, "vulnClass": "none"}}, {"type": "Feature", "geometry": {"type": "MultiPolygon", "coordinates": [[[[71.97025394, 34.13662308], [71.97019079, 34.13662152], [71.9701895, 34.13665758], [71.97025265, 34.13665914], [71.97025394, 34.13662308]]]]}, "properties": {"id": "8J6H4XPC+M35J", "height": 3.51435923576355, "hmax": 0.164, "ratio": 0.047, "vulnClass": "none"}}, {"type": "Feature", "geometry": {"type": "MultiPolygon", "coordinates": [[[[71.97006111, 34.13652643], [71.97000722, 34.1365251], [71.97000265, 34.13665296], [71.97010798, 34.13665556], [71.97010927, 34.1366195], [71.97005782, 34.13661823], [71.97006111, 34.13652643]]]]}, "properties": {"id": "8J6H4XPC+J2MV", "height": 3.63207483291626, "hmax": 0.184, "ratio": 0.051, "vulnClass": "low"}}, {"type": "Feature", "geometry": {"type": "MultiPolygon", "coordinates": [[[[71.9693228, 34.1362819], [71.9692302, 34.1362901], [71.9692484, 34.1364323], [71.969341, 34.1364241], [71.9693228, 34.1362819]]]]}, "properties": {"id": "8J6H4XP9+GPV6", "height": 2.58423900604248, "hmax": 0.184, "ratio": 0.071, "vulnClass": "low"}}, {"type": "Feature", "geometry": {"type": "MultiPolygon", "coordinates": [[[[71.9689356, 34.1364569], [71.9688863, 34.1364536], [71.9688754, 34.1365697], [71.9692065, 34.1365912], [71.96921, 34.1365544], [71.96905, 34.136544], [71.9690533, 34.1365088], [71.9689315, 34.1365009], [71.9689356, 34.1364569]]]]}, "properties": {"id": "8J6H4XP9+JJ6J", "height": 5.482532501220703, "hmax": 0.258, "ratio": 0.047, "vulnClass": "none"}}, {"type": "Feature", "geometry": {"type": "MultiPolygon", "coordinates": [[[[71.96905616, 34.13658037], [71.96895896, 34.1365737], [71.96895471, 34.13661649], [71.96905191, 34.13662316], [71.96905616, 34.13658037]]]]}, "properties": {"id": "8J6H4XP9+JJJR", "height": 3.358078956604004, "hmax": 0.283, "ratio": 0.084, "vulnClass": "low"}}, {"type": "Feature", "geometry": {"type": "MultiPolygon", "coordinates": [[[[71.96898859, 34.13666121], [71.96893446, 34.13665653], [71.96893004, 34.13669189], [71.96898417, 34.13669657], [71.96898859, 34.13666121]]]]}, "properties": {"id": "8J6H4XP9+MHG4", "height": 3.492547273635864, "hmax": 0.283, "ratio": 0.081, "vulnClass": "low"}}, {"type": "Feature", "geometry": {"type": "MultiPolygon", "coordinates": [[[[71.96892542, 34.13671424], [71.96886813, 34.13671065], [71.96886205, 34.13677781], [71.96891934, 34.1367814], [71.96892542, 34.13671424]]]]}, "properties": {"id": "8J6H4XP9+MHRW", "height": 6.28319787979126, "hmax": 0.283, "ratio": 0.045, "vulnClass": "none"}}, {"type": "Feature", "geometry": {"type": "MultiPolygon", "coordinates": [[[[71.9688154, 34.13677865], [71.96880988, 34.13674198], [71.96877309, 34.1367458], [71.96877861, 34.13678248], [71.9688154, 34.13677865]]]]}, "properties": {"id": "8J6H4XP9+PG3F", "height": 5.8686842918396, "hmax": 0.283, "ratio": 0.048, "vulnClass": "none"}}, {"type": "Feature", "geometry": {"type": "MultiPolygon", "coordinates": [[[[71.96906535, 34.13679053], [71.96886205, 34.13677781], [71.9688564, 34.13684031], [71.96905969, 34.13685303], [71.96906535, 34.13679053]]]]}, "properties": {"id": "8J6H4XP9+PHGP", "height": 6.28319787979126, "hmax": 0.281, "ratio": 0.045, "vulnClass": "none"}}, {"type": "Feature", "geometry": {"type": "MultiPolygon", "coordinates": [[[[71.96890396, 34.1369251], [71.96883941, 34.13692159], [71.96883402, 34.13699011], [71.96889857, 34.13699361], [71.96890396, 34.1369251]]]]}, "properties": {"id": "8J6H4XP9+QGQ9", "height": 6.812392711639404, "hmax": 0.283, "ratio": 0.042, "vulnClass": "none"}}, {"type": "Feature", "geometry": {"type": "MultiPolygon", "coordinates": [[[[71.96930987, 34.13673323], [71.96927312, 34.1367332], [71.9692731, 34.13675395], [71.96930985, 34.13675398], [71.96930987, 34.13673323]]]]}, "properties": {"id": "8J6H4XP9+MPVM", "height": 3.707010746002197, "hmax": 0.184, "ratio": 0.05, "vulnClass": "none"}}, {"type": "Feature", "geometry": {"type": "MultiPolygon", "coordinates": [[[[71.96932879, 34.13708044], [71.96930212, 34.13708038], [71.96930197, 34.13712921], [71.96932864, 34.13712927], [71.96932879, 34.13708044]]]]}, "properties": {"id": "8J6H4XP9+RPW2", "height": 2.753139019012451, "hmax": 0.071, "ratio": 0.026, "vulnClass": "none"}}, {"type": "Feature", "geometry": {"type": "MultiPolygon", "coordinates": [[[[71.96918552, 34.13716515], [71.96915834, 34.13716488], [71.96915803, 34.13718661], [71.96918521, 34.13718688], [71.96918552, 34.13716515]]]]}, "properties": {"id": "8J6H4XP9+VMF3", "height": 3.109724044799805, "hmax": 0.071, "ratio": 0.023, "vulnClass": "none"}}, {"type": "Feature", "geometry": {"type": "MultiPolygon", "coordinates": [[[[71.96896825, 34.13725481], [71.96898087, 34.13707154], [71.96893726, 34.13706947], [71.96892464, 34.13725274], [71.96896825, 34.13725481]]]]}, "properties": {"id": "8J6H4XP9+VH8F", "height": 6.308923721313477, "hmax": 0.204, "ratio": 0.032, "vulnClass": "none"}}, {"type": "Feature", "geometry": {"type": "MultiPolygon", "coordinates": [[[[71.9689325, 34.13717714], [71.96877039, 34.13716819], [71.96876703, 34.13721026], [71.96892914, 34.13721921], [71.9689325, 34.13717714]]]]}, "properties": {"id": "8J6H4XP9+VGHJ", "height": 5.397954940795898, "hmax": 0.204, "ratio": 0.038, "vulnClass": "none"}}, {"type": "Feature", "geometry": {"type": "MultiPolygon", "coordinates": [[[[71.96910182, 34.13726122], [71.96896971, 34.13725393], [71.96896655, 34.13729362], [71.96909865, 34.13730091], [71.96910182, 34.13726122]]]]}, "properties": {"id": "8J6H4XP9+WJ72", "height": 6.042624473571777, "hmax": 0.145, "ratio": 0.024, "vulnClass": "none"}}, {"type": "Feature", "geometry": {"type": "MultiPolygon", "coordinates": [[[[71.96917548, 34.13726529], [71.96910182, 34.13726122], [71.96909865, 34.13730091], [71.96917232, 34.13730497], [71.96917548, 34.13726529]]]]}, "properties": {"id": "8J6H4XP9+WM67", "height": 5.220212459564209, "hmax": 0.071, "ratio": 0.014, "vulnClass": "none"}}, {"type": "Feature", "geometry": {"type": "MultiPolygon", "coordinates": [[[[71.96923578, 34.13732028], [71.96915382, 34.13731582], [71.96914393, 34.13744169], [71.96922589, 34.13744615], [71.96923578, 34.13732028]]]]}, "properties": {"id": "8J6H4XP9+XM46", "height": 3.487220525741577, "hmax": 0.071, "ratio": 0.02, "vulnClass": "none"}}, {"type": "Feature", "geometry": {"type": "MultiPolygon", "coordinates": [[[[71.96884942, 34.13742019], [71.96877682, 34.13741155], [71.96876972, 34.13745281], [71.96884233, 34.13746144], [71.96884942, 34.13742019]]]]}, "properties": {"id": "8J6H4XP9+XGFH", "height": 3.841042995452881, "hmax": 0.204, "ratio": 0.053, "vulnClass": "low"}}, {"type": "Feature", "geometry": {"type": "MultiPolygon", "coordinates": [[[[71.96888367, 34.13747048], [71.9687856, 34.13746651], [71.96878333, 34.13750518], [71.9688814, 34.13750915], [71.96888367, 34.13747048]]]]}, "properties": {"id": "8J6H4XP9+XGWG", "height": 2.796461582183838, "hmax": 0.204, "ratio": 0.073, "vulnClass": "low"}}, {"type": "Feature", "geometry": {"type": "MultiPolygon", "coordinates": [[[[71.96898113, 34.1374584], [71.96891506, 34.13745688], [71.96891364, 34.1374996], [71.96897971, 34.13750112], [71.96898113, 34.1374584]]]]}, "properties": {"id": "8J6H4XP9+XHW3", "height": 2.860928058624268, "hmax": 0.204, "ratio": 0.071, "vulnClass": "low"}}, {"type": "Feature", "geometry": {"type": "MultiPolygon", "coordinates": [[[[71.96891242, 34.1375009], [71.96887989, 34.13750018], [71.96887793, 34.13756078], [71.96891046, 34.1375615], [71.96891242, 34.1375009]]]]}, "properties": {"id": "8J6H4XQ9+2H68", "height": 4.245808124542236, "hmax": 0.204, "ratio": 0.048, "vulnClass": "none"}}, {"type": "Feature", "geometry": {"type": "MultiPolygon", "coordinates": [[[[71.9690279, 34.13769204], [71.96883325, 34.13768768], [71.96883193, 34.1377286], [71.96898102, 34.13773194], [71.96897951, 34.13777862], [71.96902507, 34.13777964], [71.9690279, 34.13769204]]]]}, "properties": {"id": "8J6H4XQ9+3HPM", "height": 4.020650386810303, "hmax": 0.203, "ratio": 0.05, "vulnClass": "low"}}, {"type": "Feature", "geometry": {"type": "MultiPolygon", "coordinates": [[[[71.96911775, 34.13760154], [71.96891611, 34.13759886], [71.96891436, 34.1376901], [71.96911599, 34.13769278], [71.96911775, 34.13760154]]]]}, "properties": {"id": "8J6H4XQ9+3J2W", "height": 5.067452430725098, "hmax": 0.146, "ratio": 0.029, "vulnClass": "none"}}, {"type": "Feature", "geometry": {"type": "MultiPolygon", "coordinates": [[[[71.969309, 34.13769331], [71.96923876, 34.13769047], [71.9692371, 34.1377189], [71.96930734, 34.13772174], [71.969309, 34.13769331]]]]}, "properties": {"id": "8J6H4XQ9+3PJ8", "height": 4.99968147277832, "hmax": 0.071, "ratio": 0.014, "vulnClass": "none"}}, {"type": "Feature", "geometry": {"type": "MultiPolygon", "coordinates": [[[[71.97058707, 34.13676644], [71.97047134, 34.13675368], [71.97046471, 34.13679526], [71.97058044, 34.13680802], [71.97058707, 34.13676644]]]]}, "properties": {"id": "8J6H4XPC+P669", "height": 3.548419952392578, "hmax": 0.164, "ratio": 0.046, "vulnClass": "none"}}, {"type": "Feature", "geometry": {"type": "MultiPolygon", "coordinates": [[[[71.97074933, 34.13678433], [71.97069097, 34.13677789], [71.97068434, 34.13681948], [71.9707427, 34.13682591], [71.97074933, 34.13678433]]]]}, "properties": {"id": "8J6H4XPC+P7G5", "height": 4.38212776184082, "hmax": 0.164, "ratio": 0.037, "vulnClass": "none"}}, {"type": "Feature", "geometry": {"type": "MultiPolygon", "coordinates": [[[[71.97086128, 34.1367871], [71.97075681, 34.13678034], [71.9707533, 34.13681781], [71.97085777, 34.13682458], [71.97086128, 34.1367871]]]]}, "properties": {"id": "8J6H4XPC+P8F5", "height": 3.601449012756348, "hmax": 0.164, "ratio": 0.045, "vulnClass": "none"}}, {"type": "Feature", "geometry": {"type": "MultiPolygon", "coordinates": [[[[71.97089073, 34.1368129], [71.97085904, 34.13681244], [71.97085848, 34.13683878], [71.97089018, 34.13683924], [71.97089073, 34.1368129]]]]}, "properties": {"id": "8J6H4XPC+P8Q5", "height": 3.601449012756348, "hmax": 0.164, "ratio": 0.045, "vulnClass": "none"}}, {"type": "Feature", "geometry": {"type": "MultiPolygon", "coordinates": [[[[71.97121382, 34.13684092], [71.97116938, 34.13683749], [71.97116557, 34.13687165], [71.97121002, 34.13687507], [71.97121382, 34.13684092]]]]}, "properties": {"id": "8J6H4XPC+PFW6", "height": 2.956590175628662, "hmax": 0.164, "ratio": 0.056, "vulnClass": "low"}}, {"type": "Feature", "geometry": {"type": "MultiPolygon", "coordinates": [[[[71.97132172, 34.13673517], [71.97127428, 34.13673151], [71.97126989, 34.13677096], [71.97131733, 34.13677461], [71.97132172, 34.13673517]]]]}, "properties": {"id": "8J6H4XPC+PG33", "height": 3.298747301101685, "hmax": 0.142, "ratio": 0.043, "vulnClass": "none"}}, {"type": "Feature", "geometry": {"type": "MultiPolygon", "coordinates": [[[[71.96936953, 34.13780066], [71.96935716, 34.13770689], [71.96929487, 34.13771257], [71.96930723, 34.13780634], [71.96936953, 34.13780066]]]]}, "properties": {"id": "8J6H4XQ9+4P48", "height": 3.863779544830322, "hmax": 0.071, "ratio": 0.018, "vulnClass": "none"}}, {"type": "Feature", "geometry": {"type": "MultiPolygon", "coordinates": [[[[71.96881686, 34.13778396], [71.96876727, 34.13777238], [71.96875567, 34.1378067], [71.96880527, 34.13781828], [71.96881686, 34.13778396]]]]}, "properties": {"id": "8J6H4XQ9+4G7R", "height": 3.913536548614502, "hmax": 0.204, "ratio": 0.052, "vulnClass": "low"}}, {"type": "Feature", "geometry": {"type": "MultiPolygon", "coordinates": [[[[71.96900999, 34.13785535], [71.96887133, 34.13785097], [71.96886945, 34.13789226], [71.9690081, 34.13789664], [71.96900999, 34.13785535]]]]}, "properties": {"id": "8J6H4XQ9+4HWR", "height": 2.652614593505859, "hmax": 0.204, "ratio": 0.077, "vulnClass": "low"}}, {"type": "Feature", "geometry": {"type": "MultiPolygon", "coordinates": [[[[71.96290048, 34.13603148], [71.96289242, 34.13596318], [71.96286766, 34.1359652], [71.96286995, 34.13598464], [71.9627901, 34.13599116], [71.96279586, 34.13604002], [71.96290048, 34.13603148]]]]}, "properties": {"id": "8J6H4XP7+C456", "height": 4.233256816864014, "hmax": 0.01, "ratio": 0.002, "vulnClass": "none"}}, {"type": "Feature", "geometry": {"type": "MultiPolygon", "coordinates": [[[[71.96295556, 34.13587494], [71.96294116, 34.13576322], [71.96275977, 34.13577939], [71.96278293, 34.13595904], [71.96288318, 34.1359501], [71.96287442, 34.13588218], [71.96295556, 34.13587494]]]]}, "properties": {"id": "8J6H4XP7+84X2", "height": 3.845510959625244, "hmax": 0.008, "ratio": 0.002, "vulnClass": "none"}}, {"type": "Feature", "geometry": {"type": "MultiPolygon", "coordinates": [[[[71.96244493, 34.13584188], [71.96234367, 34.1358367], [71.96231991, 34.13615733], [71.96245897, 34.13616446], [71.96246163, 34.13612855], [71.96242383, 34.13612661], [71.96244493, 34.13584188]]]]}, "properties": {"id": "8J6H4XP6+CX27", "height": 4.311658382415771, "hmax": 0.01, "ratio": 0.002, "vulnClass": "none"}}, {"type": "Feature", "geometry": {"type": "MultiPolygon", "coordinates": [[[[71.9623531, 34.13615903], [71.96231991, 34.13615733], [71.96231427, 34.13623352], [71.96234746, 34.13623522], [71.9623531, 34.13615903]]]]}, "properties": {"id": "8J6H4XP6+FWGW", "height": 4.238712310791016, "hmax": 0.011, "ratio": 0.003, "vulnClass": "none"}}, {"type": "Feature", "geometry": {"type": "MultiPolygon", "coordinates": [[[[71.9597794, 34.13587684], [71.95977319, 34.13583213], [71.9595745, 34.13585121], [71.95958478, 34.13592522], [71.95967954, 34.13591612], [71.95967547, 34.13588682], [71.9597794, 34.13587684]]]]}, "properties": {"id": "8J6H4XP5+8VVV", "height": 2.479923486709595, "hmax": 0.012, "ratio": 0.005, "vulnClass": "none"}}, {"type": "Feature", "geometry": {"type": "MultiPolygon", "coordinates": [[[[71.95962571, 34.13592901], [71.95956841, 34.13593461], [71.95958744, 34.13606909], [71.95964474, 34.13606348], [71.95962571, 34.13592901]]]]}, "properties": {"id": "8J6H4XP5+9RXV", "height": 2.507597684860229, "hmax": 0.01, "ratio": 0.004, "vulnClass": "none"}}, {"type": "Feature", "geometry": {"type": "MultiPolygon", "coordinates": [[[[71.9591018, 34.13588541], [71.95905683, 34.13588649], [71.9590657, 34.13614076], [71.95911067, 34.13613967], [71.9591018, 34.13588541]]]]}, "properties": {"id": "8J6H4XP5+CJ4G", "height": 2.69363260269165, "hmax": 0.007, "ratio": 0.003, "vulnClass": "none"}}, {"type": "Feature", "geometry": {"type": "MultiPolygon", "coordinates": [[[[71.959217, 34.13609584], [71.95934715, 34.13608251], [71.95933497, 34.13600024], [71.95920482, 34.13601357], [71.959217, 34.13609584]]]]}, "properties": {"id": "8J6H4XP5+CP6X", "height": 4.680645942687988, "hmax": 0.008, "ratio": 0.002, "vulnClass": "none"}}, {"type": "Feature", "geometry": {"type": "MultiPolygon", "coordinates": [[[[71.9594982, 34.13605549], [71.95948835, 34.13598642], [71.95933548, 34.1360015], [71.95934533, 34.13607057], [71.9594982, 34.13605549]]]]}, "properties": {"id": "8J6H4XP5+CQ73", "height": 2.718684196472168, "hmax": 0.01, "ratio": 0.004, "vulnClass": "none"}}, {"type": "Feature", "geometry": {"type": "MultiPolygon", "coordinates": [[[[71.95940357, 34.13611383], [71.95939667, 34.1360655], [71.95934533, 34.13607057], [71.95935223, 34.1361189], [71.95940357, 34.13611383]]]]}, "properties": {"id": "8J6H4XP5+CPQQ", "height": 2.538874387741089, "hmax": 0.01, "ratio": 0.004, "vulnClass": "none"}}, {"type": "Feature", "geometry": {"type": "MultiPolygon", "coordinates": [[[[71.95775147, 34.13649111], [71.95765293, 34.13648936], [71.95764984, 34.13660965], [71.95774837, 34.1366114], [71.95775147, 34.13649111]]]]}, "properties": {"id": "8J6H4XP5+J3G3", "height": 4.424620628356934, "hmax": 0.003, "ratio": 0.001, "vulnClass": "none"}}, {"type": "Feature", "geometry": {"type": "MultiPolygon", "coordinates": [[[[71.95776643, 34.13628899], [71.9577143, 34.13628937], [71.9577145, 34.13630918], [71.95776663, 34.13630881], [71.95776643, 34.13628899]]]]}, "properties": {"id": "8J6H4XP5+G39W", "height": 4.458161354064941, "hmax": 0.003, "ratio": 0.001, "vulnClass": "none"}}, {"type": "Feature", "geometry": {"type": "MultiPolygon", "coordinates": [[[[71.95771686, 34.13627411], [71.95769047, 34.13627373], [71.95768994, 34.136299], [71.95771634, 34.13629938], [71.95771686, 34.13627411]]]]}, "properties": {"id": "8J6H4XP5+G38G", "height": 2.628264427185059, "hmax": 0.003, "ratio": 0.001, "vulnClass": "none"}}, {"type": "Feature", "geometry": {"type": "MultiPolygon", "coordinates": [[[[71.95775276, 34.13644113], [71.9576116, 34.13643861], [71.95761032, 34.1364886], [71.95775147, 34.13649111], [71.95775276, 34.13644113]]]]}, "properties": {"id": "8J6H4XP5+H3MH", "height": 5.298047065734863, "hmax": 0.003, "ratio": 0.001, "vulnClass": "none"}}, {"type": "Feature", "geometry": {"type": "MultiPolygon", "coordinates": [[[[71.95814444, 34.13661344], [71.95811509, 34.13641517], [71.95797934, 34.13642906], [71.95800869, 34.13662733], [71.95814444, 34.13661344]]]]}, "properties": {"id": "8J6H4XP5+J63X", "height": 6.849747180938721, "hmax": 0.003, "ratio": 0.0, "vulnClass": "none"}}, {"type": "Feature", "geometry": {"type": "MultiPolygon", "coordinates": [[[[71.95793294, 34.13632292], [71.95790364, 34.13632282], [71.95790346, 34.13636257], [71.95793276, 34.13636267], [71.95793294, 34.13632292]]]]}, "properties": {"id": "8J6H4XP5+G5MM", "height": 3.871623039245605, "hmax": 0.003, "ratio": 0.001, "vulnClass": "none"}}, {"type": "Feature", "geometry": {"type": "MultiPolygon", "coordinates": [[[[71.95819601, 34.13631853], [71.958189, 34.13627443], [71.95796633, 34.13629893], [71.95797334, 34.13634303], [71.95819601, 34.13631853]]]]}, "properties": {"id": "8J6H4XP5+G6G8", "height": 4.789022922515869, "hmax": 0.003, "ratio": 0.001, "vulnClass": "none"}}, {"type": "Feature", "geometry": {"type": "MultiPolygon", "coordinates": [[[[71.95799408, 34.13613119], [71.95791391, 34.13613028], [71.95791294, 34.13618905], [71.95799311, 34.13618997], [71.95799408, 34.13613119]]]]}, "properties": {"id": "8J6H4XP5+F58G", "height": 3.104349851608276, "hmax": 0.003, "ratio": 0.001, "vulnClass": "none"}}, {"type": "Feature", "geometry": {"type": "MultiPolygon", "coordinates": [[[[71.95781832, 34.1359882], [71.95777369, 34.13598708], [71.95777252, 34.13604102], [71.95781638, 34.13604168], [71.95781832, 34.1359882]]]]}, "properties": {"id": "8J6H4XP5+C43F", "height": 2.653123140335083, "hmax": 0.003, "ratio": 0.001, "vulnClass": "none"}}, {"type": "Feature", "geometry": {"type": "MultiPolygon", "coordinates": [[[[71.95783603, 34.13617017], [71.95782822, 34.13608296], [71.95770233, 34.13609184], [71.95771465, 34.13622936], [71.95780336, 34.13622386], [71.95779876, 34.13617256], [71.95783603, 34.13617017]]]]}, "properties": {"id": "8J6H4XP5+F463", "height": 2.642496347427368, "hmax": 0.003, "ratio": 0.001, "vulnClass": "none"}}, {"type": "Feature", "geometry": {"type": "MultiPolygon", "coordinates": [[[[71.95776464, 34.13607944], [71.95774864, 34.13600203], [71.9576851, 34.13601111], [71.95770111, 34.13608852], [71.95776464, 34.13607944]]]]}, "properties": {"id": "8J6H4XP5+C39R", "height": 3.017977237701416, "hmax": 0.003, "ratio": 0.001, "vulnClass": "none"}}, {"type": "Feature", "geometry": {"type": "MultiPolygon", "coordinates": [[[[71.95809269, 34.13591323], [71.95799701, 34.13591205], [71.9579933, 34.13611968], [71.95816074, 34.13612175], [71.95816193, 34.13605477], [71.95809017, 34.13605388], [71.95809269, 34.13591323]]]]}, "properties": {"id": "8J6H4XP5+C679", "height": 4.543498039245605, "hmax": 0.003, "ratio": 0.001, "vulnClass": "none"}}, {"type": "Feature", "geometry": {"type": "MultiPolygon", "coordinates": [[[[71.95819078, 34.13574666], [71.95810792, 34.13574581], [71.95810586, 34.13588443], [71.95818872, 34.13588528], [71.95819078, 34.13574666]]]]}, "properties": {"id": "8J6H4XP5+87CP", "height": 2.834917306900024, "hmax": 0.003, "ratio": 0.001, "vulnClass": "none"}}, {"type": "Feature", "geometry": {"type": "MultiPolygon", "coordinates": [[[[71.95809269, 34.13591323], [71.95809017, 34.13605388], [71.95816193, 34.13605477], [71.95816389, 34.1359457], [71.95828495, 34.1359472], [71.95828551, 34.13591561], [71.95809269, 34.13591323]]]]}, "properties": {"id": "8J6H4XP5+97JQ", "height": 2.52982759475708, "hmax": 0.003, "ratio": 0.001, "vulnClass": "none"}}, {"type": "Feature", "geometry": {"type": "MultiPolygon", "coordinates": [[[[71.95823571, 34.13612337], [71.9581703, 34.13612177], [71.95816749, 34.13620125], [71.9582329, 34.13620285], [71.95823571, 34.13612337]]]]}, "properties": {"id": "8J6H4XP5+F78F", "height": 2.715790748596191, "hmax": 0.003, "ratio": 0.001, "vulnClass": "none"}}, {"type": "Feature", "geometry": {"type": "MultiPolygon", "coordinates": [[[[71.95881833, 34.13613439], [71.95881284, 34.13608515], [71.95870078, 34.13609379], [71.95870627, 34.13614303], [71.95881833, 34.13613439]]]]}, "properties": {"id": "8J6H4XP5+CGRF", "height": 2.534385204315186, "hmax": 0.007, "ratio": 0.003, "vulnClass": "none"}}, {"type": "Feature", "geometry": {"type": "MultiPolygon", "coordinates": [[[[71.95807754, 34.13526903], [71.95801743, 34.13526809], [71.95801313, 34.13545679], [71.95807324, 34.13545774], [71.95807754, 34.13526903]]]]}, "properties": {"id": "8J6H4XP5+46VF", "height": 2.590718030929565, "hmax": 0.004, "ratio": 0.002, "vulnClass": "none"}}, {"type": "Feature", "geometry": {"type": "MultiPolygon", "coordinates": [[[[71.95809655, 34.13569705], [71.95800088, 34.13569587], [71.95799701, 34.13591205], [71.95809269, 34.13591323], [71.95809655, 34.13569705]]]]}, "properties": {"id": "8J6H4XP5+86F3", "height": 3.952780723571777, "hmax": 0.003, "ratio": 0.001, "vulnClass": "none"}}, {"type": "Feature", "geometry": {"type": "MultiPolygon", "coordinates": [[[[71.95780624, 34.13550745], [71.95765912, 34.13551847], [71.95769463, 34.13584645], [71.95784175, 34.13583543], [71.95783743, 34.13579556], [71.95778256, 34.13579967], [71.95775483, 34.1355436], [71.95780971, 34.13553949], [71.95780624, 34.13550745]]]]}, "properties": {"id": "8J6H4XP5+73H3", "height": 4.39076566696167, "hmax": 0.004, "ratio": 0.001, "vulnClass": "none"}}, {"type": "Feature", "geometry": {"type": "MultiPolygon", "coordinates": [[[[71.95766937, 34.13561314], [71.95762657, 34.13561635], [71.95763133, 34.13566029], [71.95767413, 34.13565709], [71.95766937, 34.13561314]]]]}, "properties": {"id": "8J6H4XP5+732H", "height": 3.595461130142212, "hmax": 0.004, "ratio": 0.001, "vulnClass": "none"}}, {"type": "Feature", "geometry": {"type": "MultiPolygon", "coordinates": [[[[71.95768921, 34.13570879], [71.9576356, 34.13569963], [71.95761584, 34.1357796], [71.95766944, 34.13578876], [71.95768921, 34.13570879]]]]}, "properties": {"id": "8J6H4XP5+73RQ", "height": 3.657481670379639, "hmax": 0.004, "ratio": 0.001, "vulnClass": "none"}}, {"type": "Feature", "geometry": {"type": "MultiPolygon", "coordinates": [[[[71.95810239, 34.13545806], [71.95800606, 34.13545634], [71.95800306, 34.13557238], [71.95809939, 34.1355741], [71.95810239, 34.13545806]]]]}, "properties": {"id": "8J6H4XP5+663P", "height": 2.59922194480896, "hmax": 0.004, "ratio": 0.002, "vulnClass": "none"}}, {"type": "Feature", "geometry": {"type": "MultiPolygon", "coordinates": [[[[71.95963032, 34.1356104], [71.95957577, 34.13561089], [71.9595788, 34.13584478], [71.95963335, 34.13584429], [71.95963032, 34.1356104]]]]}, "properties": {"id": "8J6H4XP5+7RX3", "height": 2.79902458190918, "hmax": 0.013, "ratio": 0.005, "vulnClass": "none"}}, {"type": "Feature", "geometry": {"type": "MultiPolygon", "coordinates": [[[[71.95996225, 34.13582508], [71.9599608, 34.135713], [71.95989299, 34.13571361], [71.95989324, 34.1357331], [71.95991919, 34.13573287], [71.95991989, 34.13578703], [71.95978198, 34.13578827], [71.95978128, 34.13573411], [71.95968103, 34.135735], [71.95968222, 34.13582759], [71.95996225, 34.13582508]]]]}, "properties": {"id": "8J6H4XP5+8W86", "height": 2.460819244384766, "hmax": 0.013, "ratio": 0.005, "vulnClass": "none"}}, {"type": "Feature", "geometry": {"type": "MultiPolygon", "coordinates": [[[[71.96237326, 34.13135383], [71.96237886, 34.13147799], [71.9624485, 34.13147584], [71.9624468, 34.13143815], [71.96242805, 34.13143873], [71.96242415, 34.13135226], [71.96237326, 34.13135383]]]]}, "properties": {"id": "Pakistan_123102310_512028", "height": 3.156416177749634, "hmax": 0.149, "ratio": 0.047, "vulnClass": "none"}}, {"type": "Feature", "geometry": {"type": "MultiPolygon", "coordinates": [[[[71.96212386, 34.13259487], [71.96213077, 34.13233879], [71.96201818, 34.1323367], [71.96201127, 34.13259278], [71.96212386, 34.13259487]]]]}, "properties": {"id": "Pakistan_123102310_2404", "height": 2.571715593338013, "hmax": 0.277, "ratio": 0.108, "vulnClass": "low"}}, {"type": "Feature", "geometry": {"type": "MultiPolygon", "coordinates": [[[[71.96589945, 34.1293346], [71.96587593, 34.1291479], [71.96576323, 34.12915763], [71.9658101, 34.12952991], [71.96589099, 34.12952294], [71.9658968, 34.12956906], [71.96583714, 34.12957421], [71.96584377, 34.12962692], [71.96598175, 34.12961502], [71.96597165, 34.12953485], [71.96594512, 34.12953714], [71.96592659, 34.12938998], [71.96616402, 34.12936948], [71.96615682, 34.12931238], [71.96589945, 34.1293346]]]]}, "properties": {"id": "Pakistan_123102310_720937", "height": 3.03946328163147, "hmax": 0.004, "ratio": 0.001, "vulnClass": "none"}}, {"type": "Feature", "geometry": {"type": "MultiPolygon", "coordinates": [[[[71.9677367, 34.12796879], [71.96819298, 34.12795243], [71.96818113, 34.12772638], [71.96772487, 34.12774274], [71.9677367, 34.12796879]]]]}, "properties": {"id": "Pakistan_123102310_919728", "height": 3.378660678863525, "hmax": 0.046, "ratio": 0.014, "vulnClass": "none"}}, {"type": "Feature", "geometry": {"type": "MultiPolygon", "coordinates": [[[[71.9726723, 34.1324626], [71.97247663, 34.13246684], [71.97247895, 34.13254005], [71.97267462, 34.13253581], [71.9726723, 34.1324626]]]]}, "properties": {"id": "Pakistan_123102310_867629", "height": 3.578465938568115, "hmax": 0.045, "ratio": 0.013, "vulnClass": "none"}}, {"type": "Feature", "geometry": {"type": "MultiPolygon", "coordinates": [[[[71.97252524, 34.13258528], [71.97252303, 34.13254985], [71.9724829, 34.13255157], [71.97248511, 34.132587], [71.97252524, 34.13258528]]]]}, "properties": {"id": "Pakistan_123102310_97975", "height": 3.56938648223877, "hmax": 0.045, "ratio": 0.013, "vulnClass": "none"}}, {"type": "Feature", "geometry": {"type": "MultiPolygon", "coordinates": [[[[71.97068135, 34.13448349], [71.97067174, 34.1344499], [71.97059592, 34.13446489], [71.97060553, 34.13449848], [71.97068135, 34.13448349]]]]}, "properties": {"id": "8J6H4XMC+Q7JV", "height": 3.670259237289429, "hmax": 0.01, "ratio": 0.003, "vulnClass": "none"}}, {"type": "Feature", "geometry": {"type": "MultiPolygon", "coordinates": [[[[71.97053006, 34.13460862], [71.9704788, 34.13442671], [71.97040133, 34.1344418], [71.97045258, 34.13462371], [71.97053006, 34.13460862]]]]}, "properties": {"id": "8J6H4XMC+R585", "height": 5.20408296585083, "hmax": 0.01, "ratio": 0.002, "vulnClass": "none"}}, {"type": "Feature", "geometry": {"type": "MultiPolygon", "coordinates": [[[[71.97059777, 34.13437238], [71.97059837, 34.13433843], [71.97054566, 34.13433779], [71.97054506, 34.13437174], [71.97059777, 34.13437238]]]]}, "properties": {"id": "8J6H4XMC+P6W7", "height": 3.319786071777344, "hmax": 0.013, "ratio": 0.004, "vulnClass": "none"}}, {"type": "Feature", "geometry": {"type": "MultiPolygon", "coordinates": [[[[71.97048045, 34.13430476], [71.97047169, 34.13427304], [71.97037489, 34.13429153], [71.97041525, 34.13443764], [71.97045677, 34.1344297], [71.97044193, 34.13437596], [71.97047153, 34.13437031], [71.97045478, 34.13430966], [71.97048045, 34.13430476]]]]}, "properties": {"id": "8J6H4XMC+P5MW", "height": 4.468219757080078, "hmax": 0.013, "ratio": 0.003, "vulnClass": "none"}}, {"type": "Feature", "geometry": {"type": "MultiPolygon", "coordinates": [[[[71.97115979, 34.13391945], [71.97113204, 34.13391795], [71.97112974, 34.13394721], [71.97115749, 34.13394872], [71.97115979, 34.13391945]]]]}, "properties": {"id": "8J6H4XMC+HFC8", "height": 3.297630786895752, "hmax": 0.016, "ratio": 0.005, "vulnClass": "none"}}, {"type": "Feature", "geometry": {"type": "MultiPolygon", "coordinates": [[[[71.97152816, 34.1338558], [71.97146834, 34.13386097], [71.97147838, 34.13394141], [71.97153821, 34.13393624], [71.97152816, 34.1338558]]]]}, "properties": {"id": "8J6H4XMC+HJ2R", "height": 2.623790979385376, "hmax": 0.023, "ratio": 0.009, "vulnClass": "none"}}, {"type": "Feature", "geometry": {"type": "MultiPolygon", "coordinates": [[[[71.97083342, 34.13442239], [71.97080312, 34.13442755], [71.97083135, 34.13454218], [71.97086166, 34.13453702], [71.97083342, 34.13442239]]]]}, "properties": {"id": "8J6H4XMC+Q8W8", "height": 2.947409629821777, "hmax": 0.01, "ratio": 0.003, "vulnClass": "none"}}, {"type": "Feature", "geometry": {"type": "MultiPolygon", "coordinates": [[[[71.97245464, 34.13392193], [71.97238512, 34.13393829], [71.9724057, 34.13399876], [71.97247522, 34.13398241], [71.97245464, 34.13392193]]]]}, "properties": {"id": "8J6H4XMC+HXMH", "height": 4.890410900115967, "hmax": 0.088, "ratio": 0.018, "vulnClass": "none"}}, {"type": "Feature", "geometry": {"type": "MultiPolygon", "coordinates": [[[[71.97260803, 34.13393787], [71.97256532, 34.13386849], [71.97252029, 34.13388765], [71.972563, 34.13395703], [71.97260803, 34.13393787]]]]}, "properties": {"id": "8J6H4XMF+H28C", "height": 2.600648641586304, "hmax": 0.109, "ratio": 0.042, "vulnClass": "none"}}, {"type": "Feature", "geometry": {"type": "MultiPolygon", "coordinates": [[[[71.97231234, 34.13379499], [71.97257201, 34.13359273], [71.97254688, 34.13357042], [71.97250999, 34.13359915], [71.97249752, 34.13358809], [71.97224802, 34.13378242], [71.97232916, 34.13385446], [71.97235589, 34.13383364], [71.97231234, 34.13379499]]]]}, "properties": {"id": "8J6H4XMC+FXJ8", "height": 3.340788841247559, "hmax": 0.056, "ratio": 0.017, "vulnClass": "none"}}, {"type": "Feature", "geometry": {"type": "MultiPolygon", "coordinates": [[[[71.97152701, 34.13364978], [71.97147478, 34.13365364], [71.97147753, 34.13367939], [71.97152976, 34.13367552], [71.97152701, 34.13364978]]]]}, "properties": {"id": "8J6H4XMC+FJ6C", "height": 2.612271785736084, "hmax": 0.023, "ratio": 0.009, "vulnClass": "none"}}, {"type": "Feature", "geometry": {"type": "MultiPolygon", "coordinates": [[[[71.97116059, 34.133664], [71.9711172, 34.13366433], [71.9711178, 34.13371934], [71.97116119, 34.13371901], [71.97116059, 34.133664]]]]}, "properties": {"id": "8J6H4XMC+FFCM", "height": 2.689937829971313, "hmax": 0.016, "ratio": 0.006, "vulnClass": "none"}}, {"type": "Feature", "geometry": {"type": "MultiPolygon", "coordinates": [[[[71.97153168, 34.13372904], [71.97151805, 34.13367854], [71.97147718, 34.13368617], [71.97146967, 34.13365836], [71.97111646, 34.13372427], [71.97113759, 34.13380258], [71.97153168, 34.13372904]]]]}, "properties": {"id": "8J6H4XMC+FGW2", "height": 2.962314605712891, "hmax": 0.019, "ratio": 0.006, "vulnClass": "none"}}, {"type": "Feature", "geometry": {"type": "MultiPolygon", "coordinates": [[[[71.97123407, 34.13349479], [71.971233, 34.13345659], [71.97110469, 34.13345907], [71.97111018, 34.13365535], [71.97118767, 34.13365386], [71.97118667, 34.13361799], [71.97116243, 34.13361846], [71.97116041, 34.13354639], [71.97118465, 34.13354593], [71.97118325, 34.13349577], [71.97123407, 34.13349479]]]]}, "properties": {"id": "8J6H4XMC+CF6Q", "height": 2.665048360824585, "hmax": 0.017, "ratio": 0.006, "vulnClass": "none"}}]}