{"type": "FeatureCollection", "features": [{"type": "Feature", "geometry": {"type": "MultiPolygon", "coordinates": [[[[72.3307898714544, 34.20250939917444], [72.33070686232662, 34.202506149305165], [72.33070501742326, 34.20253712071086], [72.3307880265812, 34.20254037058281], [72.3307898714544, 34.20250939917444]]]]}, "properties": {"id": "Pakistan_123102310_448126", "height": 2.682420253753662, "hmax": 0.276, "ratio": 0.103, "vulnClass": "low"}}, {"type": "Feature", "geometry": {"type": "MultiPolygon", "coordinates": [[[[72.32918580678603, 34.20259499214995], [72.32900893009001, 34.20259907157391], [72.32901479588982, 34.202774180313874], [72.32910600214173, 34.202772110791216], [72.329101072399, 34.20262578026073], [72.32918684864485, 34.20262386281502], [72.32918580678603, 34.20259499214995]]]]}, "properties": {"id": "Pakistan_123102310_281204", "height": 3.082946538925171, "hmax": 0.376, "ratio": 0.122, "vulnClass": "low"}}, {"type": "Feature", "geometry": {"type": "MultiPolygon", "coordinates": [[[[72.32986071057198, 34.20240496406632], [72.3298748849563, 34.202492177323144], [72.33007773576936, 34.202469550571756], [72.33003937256488, 34.20223423508082], [72.33000246268722, 34.202238299271364], [72.33002664839204, 34.202386491611186], [72.32986071057198, 34.20240496406632]]]]}, "properties": {"id": "Pakistan_123102310_234030", "height": 3.274623870849609, "hmax": 0.259, "ratio": 0.079, "vulnClass": "low"}}, {"type": "Feature", "geometry": {"type": "MultiPolygon", "coordinates": [[[[72.32844678616883, 34.20204574239822], [72.32843589951395, 34.20200565889775], [72.32835928710922, 34.20201976548085], [72.32833130558153, 34.2019162946454], [72.3282316647485, 34.201934677211646], [72.32827052988654, 34.202078321664175], [72.32844678616883, 34.20204574239822]]]]}, "properties": {"id": "Pakistan_123102310_941024", "height": 2.816742897033691, "hmax": 0.517, "ratio": 0.184, "vulnClass": "low"}}, {"type": "Feature", "geometry": {"type": "MultiPolygon", "coordinates": [[[[72.32848274706429, 34.201917070859416], [72.32847244554799, 34.20187907356054], [72.3284009576954, 34.2018923903523], [72.32841125918038, 34.201930387655665], [72.32848274706429, 34.201917070859416]]]]}, "properties": {"id": "Pakistan_123102310_870055", "height": 2.686823844909668, "hmax": 0.735, "ratio": 0.273, "vulnClass": "low"}}, {"type": "Feature", "geometry": {"type": "MultiPolygon", "coordinates": [[[[72.33149120773764, 34.200538123367444], [72.3314791147063, 34.20047087869416], [72.33120996658855, 34.20050414473029], [72.331222059407, 34.20057138941993], [72.33149120773764, 34.200538123367444]]]]}, "properties": {"id": "Pakistan_123102310_111148", "height": 3.314594507217407, "hmax": 0.17, "ratio": 0.051, "vulnClass": "low"}}, {"type": "Feature", "geometry": {"type": "MultiPolygon", "coordinates": [[[[72.33138053822645, 34.200555366991786], [72.33139098586014, 34.20060941395794], [72.33150865187088, 34.20059394532267], [72.33149831258646, 34.20053990072309], [72.33138053822645, 34.200555366991786]]]]}, "properties": {"id": "Pakistan_123102310_7108", "height": 3.053446054458618, "hmax": 0.17, "ratio": 0.056, "vulnClass": "low"}}, {"type": "Feature", "geometry": {"type": "MultiPolygon", "coordinates": [[[[72.3294755450757, 34.20081949137194], [72.32948427701668, 34.200876295741395], [72.32959520468003, 34.200864648772814], [72.32958647266467, 34.20080784440771], [72.3294755450757, 34.20081949137194]]]]}, "properties": {"id": "Pakistan_123102310_282171", "height": 2.876375436782837, "hmax": 0.319, "ratio": 0.111, "vulnClass": "low"}}, {"type": "Feature", "geometry": {"type": "MultiPolygon", "coordinates": [[[[72.32909712481597, 34.20050590942866], [72.32908694771942, 34.20033332105775], [72.3289730982063, 34.20033787222703], [72.32897929307376, 34.20044411365012], [72.32889901168666, 34.20044732268266], [72.32890288519587, 34.20051366726602], [72.32909712481597, 34.20050590942866]]]]}, "properties": {"id": "Pakistan_123102310_72736", "height": 5.107120037078857, "hmax": 0.143, "ratio": 0.028, "vulnClass": "low"}}, {"type": "Feature", "geometry": {"type": "MultiPolygon", "coordinates": [[[[72.32907820393048, 34.20027002561202], [72.3290763812789, 34.20022464049266], [72.32889307846182, 34.20022966166732], [72.32889490101478, 34.200275046784746], [72.32907820393048, 34.20027002561202]]]]}, "properties": {"id": "Pakistan_123102310_680565", "height": 4.160886764526367, "hmax": 0.134, "ratio": 0.032, "vulnClass": "low"}}, {"type": "Feature", "geometry": {"type": "MultiPolygon", "coordinates": [[[[72.32940766029488, 34.2005501771166], [72.32930759167112, 34.20055466820251], [72.32932526196524, 34.20082676501535], [72.32942543933609, 34.20082227629234], [72.32940766029488, 34.2005501771166]]]]}, "properties": {"id": "Pakistan_123102310_647015", "height": 2.527535915374756, "hmax": 0.295, "ratio": 0.117, "vulnClass": "low"}}, {"type": "Feature", "geometry": {"type": "MultiPolygon", "coordinates": [[[[72.33024405181409, 34.19988704149965], [72.33023798342211, 34.19984553051515], [72.33008734922156, 34.19986055039135], [72.33009341753964, 34.199902061379774], [72.33024405181409, 34.19988704149965]]]]}, "properties": {"id": "Pakistan_123102310_424399", "height": 4.26789665222168, "hmax": 0.0, "ratio": 0.0, "vulnClass": "none"}}, {"type": "Feature", "geometry": {"type": "MultiPolygon", "coordinates": [[[[72.3316786028771, 34.19970128327915], [72.3317106993681, 34.1999221281708], [72.33200260349868, 34.1998931425269], [72.33197061466883, 34.199672300034955], [72.3316786028771, 34.19970128327915]]]]}, "properties": {"id": "Pakistan_123102310_169031", "height": 2.859234094619751, "hmax": 0.0, "ratio": 0.0, "vulnClass": "none"}}, {"type": "Feature", "geometry": {"type": "MultiPolygon", "coordinates": [[[[72.33141806753359, 34.19926532630754], [72.3314300410368, 34.199315710341146], [72.33152142725991, 34.19930093168816], [72.3315095621254, 34.199250550020935], [72.33141806753359, 34.19926532630754]]]]}, "properties": {"id": "Pakistan_123102310_623332", "height": 2.567431688308716, "hmax": 0.135, "ratio": 0.053, "vulnClass": "low"}}, {"type": "Feature", "geometry": {"type": "MultiPolygon", "coordinates": [[[[72.33234730257122, 34.19940770356769], [72.33230451258547, 34.19940560048416], [72.3323013126325, 34.19945204825849], [72.33234399421892, 34.19945414898491], [72.33234730257122, 34.19940770356769]]]]}, "properties": {"id": "Pakistan_123102310_215076", "height": 2.50243616104126, "hmax": 0.131, "ratio": 0.052, "vulnClass": "low"}}, {"type": "Feature", "geometry": {"type": "MultiPolygon", "coordinates": [[[[72.32868367347852, 34.19644493196952], [72.32868517530927, 34.19653141849602], [72.32899091157866, 34.196527892986815], [72.32898756260637, 34.19633489910996], [72.32892591562879, 34.19633562944719], [72.32892711039534, 34.196404349746345], [72.32891365230161, 34.19640450727837], [72.32891430712255, 34.19644220422751], [72.32868367347852, 34.19644493196952]]]]}, "properties": {"id": "Pakistan_123102310_452769", "height": 2.634085178375244, "hmax": 0.0, "ratio": 0.0, "vulnClass": "none"}}, {"type": "Feature", "geometry": {"type": "MultiPolygon", "coordinates": [[[[72.32978252057246, 34.19624106126919], [72.32977999430176, 34.1963452196258], [72.32999719045306, 34.19634886825816], [72.32999971929866, 34.196244619796396], [72.32978252057246, 34.19624106126919]]]]}, "properties": {"id": "Pakistan_123102310_524050", "height": 2.931253433227539, "hmax": 0.0, "ratio": 0.0, "vulnClass": "none"}}, {"type": "Feature", "geometry": {"type": "MultiPolygon", "coordinates": [[[[72.33020364345951, 34.19599141212113], [72.33002134609967, 34.19602332181841], [72.3300522463826, 34.19614434501167], [72.33022690642562, 34.19611380150977], [72.33020623378657, 34.196033117829046], [72.33021397976975, 34.19603175396197], [72.33020364345951, 34.19599141212113]]]]}, "properties": {"id": "Pakistan_123102310_604368", "height": 2.98512077331543, "hmax": 0.0, "ratio": 0.0, "vulnClass": "none"}}, {"type": "Feature", "geometry": {"type": "MultiPolygon", "coordinates": [[[[72.33033763175696, 34.1959570077917], [72.3303183840279, 34.195886181505266], [72.3301995413047, 34.195908204491005], [72.33017882939409, 34.19583220775021], [72.33007166130265, 34.19585214095112], [72.33011140382796, 34.19599895929635], [72.33033763175696, 34.1959570077917]]]]}, "properties": {"id": "Pakistan_123102310_647033", "height": 3.423998594284058, "hmax": 0.0, "ratio": 0.0, "vulnClass": "none"}}, {"type": "Feature", "geometry": {"type": "MultiPolygon", "coordinates": [[[[72.32905338862683, 34.19564127699728], [72.32905715543106, 34.195745392126476], [72.32934238336085, 34.19573844391676], [72.32933861904694, 34.19563423869158], [72.32905338862683, 34.19564127699728]]]]}, "properties": {"id": "Pakistan_123102310_325279", "height": 3.363626003265381, "hmax": 0.0, "ratio": 0.0, "vulnClass": "none"}}, {"type": "Feature", "geometry": {"type": "MultiPolygon", "coordinates": [[[[72.32918556128999, 34.1954546612124], [72.32918358502316, 34.195366000732534], [72.32904953359957, 34.19536803859673], [72.32905150688309, 34.19545678916012], [72.32918556128999, 34.1954546612124]]]]}, "properties": {"id": "Pakistan_123102310_452773", "height": 3.543045997619629, "hmax": 0.0, "ratio": 0.0, "vulnClass": "none"}}, {"type": "Feature", "geometry": {"type": "MultiPolygon", "coordinates": [[[[72.32967732880452, 34.19568245455961], [72.32966505505522, 34.19563819403016], [72.32959116476454, 34.19565218053946], [72.32956018938725, 34.19554044105631], [72.329496558611, 34.19555248738293], [72.32950240144572, 34.19557361960049], [72.32932395382706, 34.195607324982745], [72.32936124843013, 34.19574228056771], [72.32967732880452, 34.19568245455961]]]]}, "properties": {"id": "Pakistan_123102310_945673", "height": 2.894639253616333, "hmax": 0.0, "ratio": 0.0, "vulnClass": "none"}}, {"type": "Feature", "geometry": {"type": "MultiPolygon", "coordinates": [[[[72.33022748254075, 34.195761868460565], [72.3300455107065, 34.19576971524767], [72.33005015064097, 34.195842747642764], [72.33019192565786, 34.195836639846995], [72.33019553658707, 34.195894144031], [72.33030797920586, 34.195889290480615], [72.33030484868071, 34.19584063145941], [72.3302582436883, 34.19584259153082], [72.33025643678128, 34.195813884482675], [72.33023079904909, 34.195814948883104], [72.33022748254075, 34.195761868460565]]]]}, "properties": {"id": "Pakistan_123102310_7092", "height": 3.259713172912598, "hmax": 0.0, "ratio": 0.0, "vulnClass": "none"}}, {"type": "Feature", "geometry": {"type": "MultiPolygon", "coordinates": [[[[72.33000975354499, 34.19550687048074], [72.33001166136843, 34.19556677162821], [72.33015106254793, 34.195563677269725], [72.33014915178413, 34.19550386620786], [72.33000975354499, 34.19550687048074]]]]}, "properties": {"id": "Pakistan_123102310_243460", "height": 2.956365823745728, "hmax": 0.0, "ratio": 0.0, "vulnClass": "none"}}, {"type": "Feature", "geometry": {"type": "MultiPolygon", "coordinates": [[[[72.33001263279506, 34.195666678980466], [72.33000637994436, 34.19554159490845], [72.32978145257515, 34.19554922700674], [72.32977786578522, 34.19547720919262], [72.32961723529662, 34.195482635374425], [72.32962341325822, 34.195606636021466], [72.32977600688395, 34.195601485543065], [72.32977707658188, 34.19562260393904], [72.32989220085618, 34.19561871066909], [72.32989379407994, 34.195650748615925], [72.32982417626529, 34.19565310881926], [72.32982861553626, 34.19574281459659], [72.330323977844, 34.195726016610344], [72.33032053923955, 34.195656165628755], [72.33001263279506, 34.195666678980466]]]]}, "properties": {"id": "Pakistan_123102310_912702", "height": 3.76244592666626, "hmax": 0.0, "ratio": 0.0, "vulnClass": "none"}}, {"type": "Feature", "geometry": {"type": "MultiPolygon", "coordinates": [[[[72.33008720171604, 34.19531816034363], [72.33008366449388, 34.19538903136257], [72.33012918266581, 34.195390563533394], [72.33013271985006, 34.19531969251136], [72.33008720171604, 34.19531816034363]]]]}, "properties": {"id": "Pakistan_123102310_599702", "height": 2.442093133926392, "hmax": 0.0, "ratio": 0.0, "vulnClass": "none"}}, {"type": "Feature", "geometry": {"type": "MultiPolygon", "coordinates": [[[[72.3301297351392, 34.19544872231609], [72.3303142305474, 34.19545715733963], [72.33031931338479, 34.195381992766336], [72.33013482098038, 34.195373467669974], [72.3301297351392, 34.19544872231609]]]]}, "properties": {"id": "Pakistan_123102310_452788", "height": 2.787716865539551, "hmax": 0.0, "ratio": 0.0, "vulnClass": "none"}}, {"type": "Feature", "geometry": {"type": "MultiPolygon", "coordinates": [[[[72.33023407085578, 34.19532938206496], [72.33023734340554, 34.19537353668214], [72.33029993092438, 34.19537048224664], [72.33029676960018, 34.19532623990233], [72.33023407085578, 34.19532938206496]]]]}, "properties": {"id": "Pakistan_123102310_101480", "height": 2.480841398239136, "hmax": 0.0, "ratio": 0.0, "vulnClass": "none"}}, {"type": "Feature", "geometry": {"type": "MultiPolygon", "coordinates": [[[[72.33020174357192, 34.1955769511984], [72.33015349781255, 34.195575900552974], [72.33015094294898, 34.19565346406565], [72.33019918591107, 34.19565460480227], [72.33020174357192, 34.1955769511984]]]]}, "properties": {"id": "Pakistan_123102310_325289", "height": 4.004104614257812, "hmax": 0.0, "ratio": 0.0, "vulnClass": "none"}}, {"type": "Feature", "geometry": {"type": "MultiPolygon", "coordinates": [[[[72.33051825715452, 34.19603315106775], [72.33070858389927, 34.196028730900984], [72.33070566769733, 34.19594230369651], [72.33051653658592, 34.195946659747804], [72.3305184386173, 34.196003315367086], [72.33038326784035, 34.196006412094704], [72.33038543911601, 34.19607172797643], [72.33051952581663, 34.19606860764409], [72.33051825715452, 34.19603315106775]]]]}, "properties": {"id": "Pakistan_123102310_576159", "height": 2.50621223449707, "hmax": 0.0, "ratio": 0.0, "vulnClass": "none"}}, {"type": "Feature", "geometry": {"type": "MultiPolygon", "coordinates": [[[[72.3305108263591, 34.19595915641242], [72.33037057182655, 34.19596520753236], [72.33037303631887, 34.19600402569879], [72.33051329091602, 34.19599797457909], [72.3305108263591, 34.19595915641242]]]]}, "properties": {"id": "Pakistan_123102310_334714", "height": 2.606412887573242, "hmax": 0.0, "ratio": 0.0, "vulnClass": "none"}}, {"type": "Feature", "geometry": {"type": "MultiPolygon", "coordinates": [[[[72.33055160002391, 34.1964070079487], [72.3305323382158, 34.19614740727889], [72.33049224098617, 34.19614941898649], [72.33049933220869, 34.196244501347756], [72.33022940740061, 34.19625809596622], [72.3302305449568, 34.196273626537625], [72.33016534620303, 34.19627689450463], [72.33016732969155, 34.19630344179751], [72.33041965393377, 34.196290636015746], [72.33042358981862, 34.19634472157013], [72.33026482963592, 34.19635271348686], [72.33026993708154, 34.19642124855486], [72.33055160002391, 34.1964070079487]]]]}, "properties": {"id": "Pakistan_123102310_524059", "height": 2.575695753097534, "hmax": 0.0, "ratio": 0.0, "vulnClass": "none"}}, {"type": "Feature", "geometry": {"type": "MultiPolygon", "coordinates": [[[[72.33130799030212, 34.1957814268762], [72.33130602388357, 34.19573712040684], [72.3312578097208, 34.19573850493292], [72.33125977327377, 34.195782901490034], [72.33130799030212, 34.1957814268762]]]]}, "properties": {"id": "Pakistan_123102310_931558", "height": 2.635430574417114, "hmax": 0.0, "ratio": 0.0, "vulnClass": "none"}}, {"type": "Feature", "geometry": {"type": "MultiPolygon", "coordinates": [[[[72.33233147709676, 34.190686962997226], [72.3323123678739, 34.19125900043457], [72.33239269840527, 34.19126083840785], [72.33239585028805, 34.19116769176915], [72.33245482357457, 34.19116906501709], [72.33245573188715, 34.19114023674265], [72.33258712151672, 34.1911432756186], [72.33259440119191, 34.19092599190614], [72.3325006279151, 34.19092386160575], [72.33250255290272, 34.19086620741092], [72.33260814298315, 34.19086859479148], [72.33261398581733, 34.190693470067025], [72.33233147709676, 34.190686962997226]]]]}, "properties": {"id": "Pakistan_123102310_311044", "height": 3.231460809707642, "hmax": 0.0, "ratio": 0.0, "vulnClass": "none"}}, {"type": "Feature", "geometry": {"type": "MultiPolygon", "coordinates": [[[[72.3324623203823, 34.18788722236956], [72.33246081333795, 34.187935059313006], [72.33265106915285, 34.18793919837393], [72.33265257892795, 34.18789127133468], [72.3324623203823, 34.18788722236956]]]]}, "properties": {"id": "Pakistan_123102310_524070", "height": 2.787022352218628, "hmax": 0.0, "ratio": 0.0, "vulnClass": "none"}}, {"type": "Feature", "geometry": {"type": "MultiPolygon", "coordinates": [[[[72.3321624101509, 34.18813032290394], [72.33216619207059, 34.18801717661435], [72.33213507899241, 34.188016499638124], [72.3321376716142, 34.18794110038098], [72.33205886195654, 34.187939295413145], [72.33205249003727, 34.18812775085624], [72.3321624101509, 34.18813032290394]]]]}, "properties": {"id": "Pakistan_123102310_83733", "height": 2.473080158233643, "hmax": 0.0, "ratio": 0.0, "vulnClass": "none"}}, {"type": "Feature", "geometry": {"type": "MultiPolygon", "coordinates": [[[[72.33243855188346, 34.18807007066635], [72.3324400347811, 34.18813663373872], [72.33254835380043, 34.1881349335493], [72.33254676240938, 34.18806836811574], [72.33243855188346, 34.18807007066635]]]]}, "properties": {"id": "Pakistan_123102310_149186", "height": 2.555640697479248, "hmax": 0.0, "ratio": 0.0, "vulnClass": "none"}}, {"type": "Feature", "geometry": {"type": "MultiPolygon", "coordinates": [[[[72.33243475136845, 34.188066742576], [72.33230607104949, 34.18806394290484], [72.33230373795723, 34.18813799556261], [72.33243241838844, 34.18814079524151], [72.33243475136845, 34.188066742576]]]]}, "properties": {"id": "Pakistan_123102310_486093", "height": 2.555640697479248, "hmax": 0.0, "ratio": 0.0, "vulnClass": "none"}}, {"type": "Feature", "geometry": {"type": "MultiPolygon", "coordinates": [[[[72.33219113690748, 34.188640566688825], [72.33219440147913, 34.1884853090343], [72.33223191935039, 34.18848585490537], [72.33223604505137, 34.188292933222], [72.3321958170581, 34.18829232838678], [72.33219513234195, 34.18832783264376], [72.3320529777948, 34.18832573117098], [72.3320513607382, 34.1884011516482], [72.33216131242982, 34.188402732741466], [72.33215979710442, 34.18847148432518], [72.33203921845126, 34.18846976214025], [72.33203553347683, 34.188638352855406], [72.33219113690748, 34.188640566688825]]]]}, "properties": {"id": "Pakistan_123102310_112097", "height": 5.04691219329834, "hmax": 0.0, "ratio": 0.0, "vulnClass": "none"}}, {"type": "Feature", "geometry": {"type": "MultiPolygon", "coordinates": [[[[72.33219002524922, 34.188324656417215], [72.33218967010237, 34.18829805439851], [72.33210643862137, 34.18829885774542], [72.33210679374201, 34.18832545976313], [72.33219002524922, 34.188324656417215]]]]}, "properties": {"id": "Pakistan_123102310_576175", "height": 2.444621562957764, "hmax": 0.0, "ratio": 0.0, "vulnClass": "none"}}, {"type": "Feature", "geometry": {"type": "MultiPolygon", "coordinates": [[[[72.33229070421235, 34.18867563787721], [72.33228859990491, 34.18850484772831], [72.33219734030574, 34.188505656759375], [72.33219955283754, 34.18867644925991], [72.33229070421235, 34.18867563787721]]]]}, "properties": {"id": "Pakistan_123102310_566502", "height": 4.896832942962646, "hmax": 0.0, "ratio": 0.0, "vulnClass": "none"}}, {"type": "Feature", "geometry": {"type": "MultiPolygon", "coordinates": [[[[72.33079337446867, 34.18938255160693], [72.33078347495714, 34.18946256967267], [72.33089491540389, 34.18947202740693], [72.33090481481236, 34.189392009327364], [72.33079337446867, 34.18938255160693]]]]}, "properties": {"id": "Pakistan_123102310_566489", "height": 2.515841722488403, "hmax": 0.0, "ratio": 0.0, "vulnClass": "none"}}, {"type": "Feature", "geometry": {"type": "MultiPolygon", "coordinates": [[[[72.3304682036202, 34.189855341049956], [72.33066570376114, 34.189877580900834], [72.33068367307379, 34.189768710215134], [72.33058357224554, 34.1897574257131], [72.33060544386915, 34.189624569927986], [72.33071073401902, 34.189636418134704], [72.33071717884414, 34.18959716285655], [72.33061718662078, 34.189585880751245], [72.33062391362884, 34.18954455817041], [72.33058186436693, 34.18953976623411], [72.33060012151097, 34.189428648071434], [72.33053958539313, 34.18942183092965], [72.3304682036202, 34.189855341049956]]]]}, "properties": {"id": "Pakistan_123102310_386659", "height": 3.230432987213135, "hmax": 0.0, "ratio": 0.0, "vulnClass": "none"}}, {"type": "Feature", "geometry": {"type": "MultiPolygon", "coordinates": [[[[72.33092586287756, 34.18891359021467], [72.33122407948946, 34.18892404828793], [72.33122804206089, 34.1888465152965], [72.33092982572047, 34.18883605724565], [72.33092586287756, 34.18891359021467]]]]}, "properties": {"id": "Pakistan_123102310_339420", "height": 3.380452632904053, "hmax": 0.0, "ratio": 0.0, "vulnClass": "none"}}, {"type": "Feature", "geometry": {"type": "MultiPolygon", "coordinates": [[[[72.33119672612817, 34.18874901244337], [72.33119856079111, 34.18867359673692], [72.33096088920713, 34.188669685318175], [72.3309590543329, 34.18874510101107], [72.33119672612817, 34.18874901244337]]]]}, "properties": {"id": "Pakistan_123102310_651778", "height": 3.064925909042358, "hmax": 0.0, "ratio": 0.0, "vulnClass": "none"}}, {"type": "Feature", "geometry": {"type": "MultiPolygon", "coordinates": [[[[72.33165119016748, 34.188796316030206], [72.33164866222161, 34.18870097233769], [72.3316343323906, 34.18870129152932], [72.33163086097738, 34.18857392400999], [72.33142451786664, 34.18857763685456], [72.33142316664515, 34.188527574131065], [72.33134099633672, 34.18852912124821], [72.33134091864939, 34.18852470220171], [72.33121489735792, 34.18852700764691], [72.3312171236322, 34.18861125630809], [72.33133239839869, 34.18860916771207], [72.3313340133463, 34.18866807088586], [72.33123382718416, 34.18866985685395], [72.33123741309498, 34.18880389796803], [72.33165119016748, 34.188796316030206]]]]}, "properties": {"id": "Pakistan_123102310_571290", "height": 2.744857788085938, "hmax": 0.0, "ratio": 0.0, "vulnClass": "none"}}, {"type": "Feature", "geometry": {"type": "MultiPolygon", "coordinates": [[[[72.33185387897888, 34.18869858686361], [72.33172885295784, 34.18870028343939], [72.33173072770185, 34.18879570306756], [72.33185575386413, 34.18879400649657], [72.33185387897888, 34.18869858686361]]]]}, "properties": {"id": "Pakistan_123102310_747236", "height": 2.673075437545776, "hmax": 0.0, "ratio": 0.0, "vulnClass": "none"}}, {"type": "Feature", "geometry": {"type": "MultiPolygon", "coordinates": [[[[72.33183326090656, 34.18869534353396], [72.33183324157793, 34.18864431814191], [72.3317822554173, 34.188644290404916], [72.33178227471518, 34.1886953157955], [72.33183326090656, 34.18869534353396]]]]}, "properties": {"id": "Pakistan_123102310_452809", "height": 2.753451347351074, "hmax": 0.0, "ratio": 0.0, "vulnClass": "none"}}, {"type": "Feature", "geometry": {"type": "MultiPolygon", "coordinates": [[[[72.33163729255484, 34.18850753318988], [72.33164302606417, 34.188614756312845], [72.33173675591787, 34.188611296952764], [72.33173091104192, 34.18850416155765], [72.33163729255484, 34.18850753318988]]]]}, "properties": {"id": "Pakistan_123102310_296747", "height": 2.827170372009277, "hmax": 0.0, "ratio": 0.0, "vulnClass": "none"}}, {"type": "Feature", "geometry": {"type": "MultiPolygon", "coordinates": [[[[72.33176952360644, 34.1883150555254], [72.33177001564394, 34.18826845861642], [72.33171372622567, 34.18826804499792], [72.33171234495627, 34.18839449556632], [72.33191082315734, 34.18839592993696], [72.33191171217113, 34.188316076265586], [72.33176952360644, 34.1883150555254]]]]}, "properties": {"id": "Pakistan_123102310_353652", "height": 2.738643169403076, "hmax": 0.0, "ratio": 0.0, "vulnClass": "none"}}, {"type": "Feature", "geometry": {"type": "MultiPolygon", "coordinates": [[[[72.33199952278763, 34.188534888268364], [72.33199995049608, 34.188497214819904], [72.33188737701849, 34.188496207577174], [72.33188850966316, 34.188405180593], [72.3318375350004, 34.188404792532396], [72.331836272778, 34.18850681501057], [72.33173964103122, 34.188505974242915], [72.33173847131113, 34.188598172365204], [72.33185483921615, 34.18859926231956], [72.33185560498785, 34.18853364969049], [72.33199952278763, 34.188534888268364]]]]}, "properties": {"id": "Pakistan_123102310_580841", "height": 3.599776029586792, "hmax": 0.0, "ratio": 0.0, "vulnClass": "none"}}, {"type": "Feature", "geometry": {"type": "MultiPolygon", "coordinates": [[[[72.33182582421931, 34.18849757262324], [72.33182530329245, 34.18848656297153], [72.33179218191951, 34.18848764520309], [72.33179047898541, 34.1884521791444], [72.33164050571695, 34.188457209198795], [72.33164272949095, 34.18850368490791], [72.33182582421931, 34.18849757262324]]]]}, "properties": {"id": "Pakistan_123102310_363053", "height": 3.38192081451416, "hmax": 0.0, "ratio": 0.0, "vulnClass": "none"}}, {"type": "Feature", "geometry": {"type": "MultiPolygon", "coordinates": [[[[72.33139926695794, 34.1885183093987], [72.33139617039163, 34.18843413194361], [72.33121496986767, 34.18843866211589], [72.33121795784474, 34.18852283720734], [72.33139926695794, 34.1885183093987]]]]}, "properties": {"id": "Pakistan_123102310_718691", "height": 2.727818727493286, "hmax": 0.0, "ratio": 0.0, "vulnClass": "none"}}, {"type": "Feature", "geometry": {"type": "MultiPolygon", "coordinates": [[[[72.33139647086229, 34.18838329381715], [72.33169417955772, 34.18838571628303], [72.33169517718338, 34.18830586498199], [72.33135192027366, 34.1883029920696], [72.33135154469248, 34.18832867667842], [72.33139720444876, 34.18832903941255], [72.33139647086229, 34.18838329381715]]]]}, "properties": {"id": "Pakistan_123102310_803844", "height": 2.848376750946045, "hmax": 0.0, "ratio": 0.0, "vulnClass": "none"}}, {"type": "Feature", "geometry": {"type": "MultiPolygon", "coordinates": [[[[72.33085068537267, 34.187908673173865], [72.33127176828644, 34.18791008616122], [72.3312718656213, 34.18789323020739], [72.33148902278889, 34.18789398999044], [72.33148980470985, 34.18774525929917], [72.33143079410469, 34.187745146936216], [72.33143058737706, 34.18779301215363], [72.33140639828912, 34.187792936441156], [72.33140736409868, 34.18757641685905], [72.33130279699392, 34.187576124265], [72.33130206895007, 34.187743787648344], [72.33115183937103, 34.187743222249374], [72.33115151525185, 34.18780857402988], [72.33109522048271, 34.18780834031841], [72.33109549719539, 34.18773072709136], [72.33102846162129, 34.18773053000412], [72.33102829442159, 34.18777713397395], [72.33098002467429, 34.18777698474566], [72.33098041273766, 34.18769928379501], [72.33111816968835, 34.18769975821274], [72.33111844524286, 34.18765315659961], [72.33084379876415, 34.187652226496596], [72.33084341724629, 34.18773659869471], [72.33085144507825, 34.187736593153446], [72.33085068537267, 34.187908673173865]]]]}, "properties": {"id": "Pakistan_123102310_197233", "height": 3.111080169677734, "hmax": 0.0, "ratio": 0.0, "vulnClass": "none"}}, {"type": "Feature", "geometry": {"type": "MultiPolygon", "coordinates": [[[[72.33035957738277, 34.18786769074942], [72.33045977960484, 34.18786536492244], [72.33045648794814, 34.187766759197565], [72.33035617743566, 34.187769082667046], [72.33035957738277, 34.18786769074942]]]]}, "properties": {"id": "Pakistan_123102310_178261", "height": 2.765141248703003, "hmax": 0.0, "ratio": 0.0, "vulnClass": "none"}}, {"type": "Feature", "geometry": {"type": "MultiPolygon", "coordinates": [[[[72.33078658459517, 34.18788419930972], [72.3307912829838, 34.18778333347164], [72.3307002519122, 34.18778036007598], [72.3307015545765, 34.187752802503056], [72.33059014862336, 34.18774920515658], [72.33058686914883, 34.18781881978753], [72.33051621015287, 34.18781656022904], [72.33051337984206, 34.187875366623025], [72.33078658459517, 34.18788419930972]]]]}, "properties": {"id": "Pakistan_123102310_130849", "height": 4.604483604431152, "hmax": 0.0, "ratio": 0.0, "vulnClass": "none"}}, {"type": "Feature", "geometry": {"type": "MultiPolygon", "coordinates": [[[[72.33039033915459, 34.1879689680332], [72.33048139596411, 34.187971130873805], [72.3304837088706, 34.18790465045857], [72.33032826367955, 34.18790090538266], [72.33032703615646, 34.18793639779226], [72.33028681975085, 34.18793543198587], [72.3302859818206, 34.187962008018225], [72.33032608983106, 34.18796297146507], [72.33032405515634, 34.18802062322264], [72.33038844369986, 34.18802220546951], [72.33039033915459, 34.1879689680332]]]]}, "properties": {"id": "Pakistan_123102310_101482", "height": 3.431318759918213, "hmax": 0.0, "ratio": 0.0, "vulnClass": "none"}}, {"type": "Feature", "geometry": {"type": "MultiPolygon", "coordinates": [[[[72.3293969857026, 34.18801657103591], [72.3293987829382, 34.188038696948105], [72.32935336053654, 34.18804113329426], [72.32935427783441, 34.18805332353321], [72.32948522171026, 34.18804625909984], [72.32948250713544, 34.188011942948954], [72.3293969857026, 34.18801657103591]]]]}, "properties": {"id": "Pakistan_123102310_898468", "height": 3.338534593582153, "hmax": 0.0, "ratio": 0.0, "vulnClass": "none"}}, {"type": "Feature", "geometry": {"type": "MultiPolygon", "coordinates": [[[[72.32975971406174, 34.18829978944016], [72.3312000573882, 34.18829914575125], [72.33120012553638, 34.18829698363187], [72.33142002516847, 34.188296811606094], [72.33141998206719, 34.18825687416509], [72.33124835824525, 34.188257015173626], [72.33124829673748, 34.18816947807266], [72.3312295984252, 34.18816384237725], [72.331366289108, 34.18816375242563], [72.33137865770644, 34.18813616524085], [72.33116236894094, 34.1880699751652], [72.3311623142006, 34.187989109320235], [72.33114479251124, 34.18795302848496], [72.33091220158019, 34.18795319421708], [72.33090029773257, 34.18797979981802], [72.33085657816008, 34.187979839739846], [72.33085666261023, 34.18809072620978], [72.33058838241882, 34.18809083558679], [72.33058843660402, 34.188171701404876], [72.33070039034514, 34.188171704688465], [72.33053648845797, 34.18822628317056], [72.33034175966536, 34.18822637061978], [72.33034163283472, 34.188051476680265], [72.33027727596772, 34.18807297352121], [72.3302773658222, 34.18816646112125], [72.33017040172098, 34.188166475949075], [72.33006892974025, 34.18795791283061], [72.33007476202091, 34.18794496806908], [72.33003844407209, 34.18793390011213], [72.3300386082073, 34.18822112185459], [72.32975967831251, 34.18813580567518], [72.32975971406174, 34.18829978944016]]]]}, "properties": {"id": "Pakistan_123102310_74261", "height": 3.694398164749146, "hmax": 0.0, "ratio": 0.0, "vulnClass": "none"}}, {"type": "Feature", "geometry": {"type": "MultiPolygon", "coordinates": [[[[72.329859971015, 34.187931095389274], [72.32975010908993, 34.187933570952715], [72.32975661687377, 34.18813312465049], [72.32986658746644, 34.18813065145436], [72.329859971015, 34.187931095389274]]]]}, "properties": {"id": "Pakistan_123102310_509810", "height": 3.077364921569824, "hmax": 0.0, "ratio": 0.0, "vulnClass": "none"}}, {"type": "Feature", "geometry": {"type": "MultiPolygon", "coordinates": [[[[72.3302592509625, 34.187505807407334], [72.3300795327921, 34.18750811447181], [72.33008498402852, 34.1877996884163], [72.32996973030122, 34.18780114527201], [72.32996950074774, 34.187791223763774], [72.32979629212028, 34.18779349184995], [72.3297976739651, 34.18786663365868], [72.3302293879306, 34.1878611598909], [72.33022528387613, 34.18764038310046], [72.330261748491, 34.18763991498106], [72.3302592509625, 34.187505807407334]]]]}, "properties": {"id": "Pakistan_123102310_713902", "height": 3.022293567657471, "hmax": 0.0, "ratio": 0.0, "vulnClass": "none"}}, {"type": "Feature", "geometry": {"type": "MultiPolygon", "coordinates": [[[[72.32929454685886, 34.18772522850311], [72.32929108312, 34.18756333368294], [72.3291238373971, 34.187565730711135], [72.32912665876606, 34.187703271017796], [72.32924040030127, 34.187701601714245], [72.32924093113459, 34.18772604394506], [72.32929454685886, 34.18772522850311]]]]}, "properties": {"id": "Pakistan_123102310_306240", "height": 3.188419342041016, "hmax": 0.0, "ratio": 0.0, "vulnClass": "none"}}, {"type": "Feature", "geometry": {"type": "MultiPolygon", "coordinates": [[[[72.32929932994497, 34.187693960463534], [72.32929986734156, 34.187725073942566], [72.32942586746499, 34.18772340103017], [72.32942533002199, 34.1876922875495], [72.32929932994497, 34.187693960463534]]]]}, "properties": {"id": "Pakistan_123102310_391341", "height": 2.701192855834961, "hmax": 0.0, "ratio": 0.0, "vulnClass": "none"}}, {"type": "Feature", "geometry": {"type": "MultiPolygon", "coordinates": [[[[72.32911022974005, 34.18789051541968], [72.32953639395451, 34.187899347220934], [72.32954142203577, 34.18773303969586], [72.3294476468467, 34.1877310874051], [72.32944488836579, 34.18782198874596], [72.32934308809374, 34.18781995173117], [72.32934535795953, 34.18774454556457], [72.32925418454847, 34.18774264979565], [72.32925313602782, 34.187775892331146], [72.32911382688033, 34.18777303809677], [72.32911022974005, 34.18789051541968]]]]}, "properties": {"id": "Pakistan_123102310_836944", "height": 3.17374587059021, "hmax": 0.0, "ratio": 0.0, "vulnClass": "none"}}, {"type": "Feature", "geometry": {"type": "MultiPolygon", "coordinates": [[[[72.32954986799203, 34.18812222121025], [72.32955004855914, 34.187951390757696], [72.32941585741413, 34.18795135283068], [72.32941594792041, 34.187900329862934], [72.32918792183825, 34.18790023114639], [72.32918792652987, 34.187937913974864], [72.32934348813839, 34.1879379668832], [72.32934349660488, 34.18798241105046], [72.32948832026806, 34.187982410187885], [72.3294882494797, 34.1880534469012], [72.32935145639179, 34.1880533522282], [72.32935145652074, 34.18812213673091], [72.32954986799203, 34.18812222121025]]]]}, "properties": {"id": "Pakistan_123102310_656591", "height": 3.438962936401367, "hmax": 0.0, "ratio": 0.0, "vulnClass": "none"}}, {"type": "Feature", "geometry": {"type": "MultiPolygon", "coordinates": [[[[72.32916216132867, 34.1879499737439], [72.32911229952298, 34.187948707295746], [72.3291115261596, 34.187969785563396], [72.32916138797765, 34.187971052012465], [72.32916216132867, 34.1879499737439]]]]}, "properties": {"id": "Pakistan_123102310_386641", "height": 4.137794494628906, "hmax": 0.0, "ratio": 0.0, "vulnClass": "none"}}, {"type": "Feature", "geometry": {"type": "MultiPolygon", "coordinates": [[[[72.32910548175487, 34.18797569394969], [72.32910390612923, 34.18792247109158], [72.32899936757647, 34.187924701341515], [72.32900206265997, 34.188011213956884], [72.32916012017981, 34.188007805621055], [72.32915910615966, 34.187974608310114], [72.32910548175487, 34.18797569394969]]]]}, "properties": {"id": "Pakistan_123102310_396158", "height": 4.137794494628906, "hmax": 0.0, "ratio": 0.0, "vulnClass": "none"}}, {"type": "Feature", "geometry": {"type": "MultiPolygon", "coordinates": [[[[72.32896518033087, 34.18795614016223], [72.3289631505155, 34.18792075712139], [72.32887854190284, 34.18792396233211], [72.32888057168272, 34.18795934537266], [72.32896518033087, 34.18795614016223]]]]}, "properties": {"id": "Pakistan_123102310_410206", "height": 2.482501983642578, "hmax": 0.0, "ratio": 0.0, "vulnClass": "none"}}, {"type": "Feature", "geometry": {"type": "MultiPolygon", "coordinates": [[[[72.32887717332969, 34.18797766194958], [72.32887538662457, 34.18806524887738], [72.3289252655401, 34.18806597489616], [72.32892705219369, 34.187978387965195], [72.32887717332969, 34.18797766194958]]]]}, "properties": {"id": "Pakistan_123102310_315701", "height": 2.494054317474365, "hmax": 0.0, "ratio": 0.0, "vulnClass": "none"}}, {"type": "Feature", "geometry": {"type": "MultiPolygon", "coordinates": [[[[72.32888694641812, 34.187877627998134], [72.32888954517374, 34.18780556456795], [72.32877594561563, 34.18780272913201], [72.32877334676368, 34.187874792555235], [72.32888694641812, 34.187877627998134]]]]}, "properties": {"id": "Pakistan_123102310_287074", "height": 3.683184385299683, "hmax": 0.0, "ratio": 0.0, "vulnClass": "none"}}, {"type": "Feature", "geometry": {"type": "MultiPolygon", "coordinates": [[[[72.32872042154611, 34.18778150615648], [72.32875791343186, 34.18778286386883], [72.3287615963612, 34.18771082406325], [72.32872410166507, 34.18770955644165], [72.32872042154611, 34.18778150615648]]]]}, "properties": {"id": "Pakistan_123102310_818105", "height": 3.183331251144409, "hmax": 0.0, "ratio": 0.0, "vulnClass": "none"}}, {"type": "Feature", "geometry": {"type": "MultiPolygon", "coordinates": [[[[72.32858375648038, 34.18774986090858], [72.32858538819951, 34.187821926348235], [72.3284878162827, 34.18782340644976], [72.3284887995723, 34.187864446144445], [72.32876067850619, 34.187860272854245], [72.32875889762404, 34.18778261486049], [72.32865057920964, 34.18778431171743], [72.32864823081512, 34.1876833826464], [72.328485754813, 34.18768588271391], [72.32848726871958, 34.18775136463299], [72.32858375648038, 34.18774986090858]]]]}, "properties": {"id": "Pakistan_123102310_101434", "height": 3.229691505432129, "hmax": 0.0, "ratio": 0.0, "vulnClass": "none"}}, {"type": "Feature", "geometry": {"type": "MultiPolygon", "coordinates": [[[[72.3282495091264, 34.18777440095954], [72.3282509348719, 34.187894241428026], [72.32836367821884, 34.18789327239606], [72.32836214390618, 34.187773429559165], [72.3282495091264, 34.18777440095954]]]]}, "properties": {"id": "Pakistan_123102310_851051", "height": 2.925419330596924, "hmax": 0.0, "ratio": 0.0, "vulnClass": "none"}}, {"type": "Feature", "geometry": {"type": "MultiPolygon", "coordinates": [[[[72.32848175808914, 34.18780912089402], [72.32837081513613, 34.18781148151785], [72.32837287706494, 34.18788022077765], [72.32848382010827, 34.18787786015625], [72.32848175808914, 34.18780912089402]]]]}, "properties": {"id": "Pakistan_123102310_83637", "height": 2.54076623916626, "hmax": 0.0, "ratio": 0.0, "vulnClass": "none"}}, {"type": "Feature", "geometry": {"type": "MultiPolygon", "coordinates": [[[[72.32868814621685, 34.188178725299565], [72.32868252446336, 34.18792365848418], [72.32863693930788, 34.1879243781686], [72.32863849676433, 34.187995360188644], [72.3285474376278, 34.18799671177789], [72.32854698494182, 34.187980114306555], [72.32851323323726, 34.187980550870435], [72.32851258812656, 34.18795286075109], [72.32850184441139, 34.18795298726383], [72.32850510809102, 34.188100543844456], [72.32836195345105, 34.18810265335604], [72.32836449712606, 34.188218010679755], [72.32836992320411, 34.18821794861141], [72.32837281112351, 34.188349901041136], [72.32877069830664, 34.18834387571239], [72.32876864741907, 34.188250706032484], [72.3292073410569, 34.188244125883486], [72.32920365744803, 34.18807889073367], [72.32915004150128, 34.18807970612515], [72.3291520213519, 34.18817170231314], [72.32868814621685, 34.188178725299565]]]]}, "properties": {"id": "Pakistan_123102310_462362", "height": 4.952408313751221, "hmax": 0.0, "ratio": 0.0, "vulnClass": "none"}}, {"type": "Feature", "geometry": {"type": "MultiPolygon", "coordinates": [[[[72.32836582936802, 34.18809327205641], [72.3283655726428, 34.188018892680375], [72.32840419417565, 34.1880188327174], [72.32840417151677, 34.18799548336319], [72.32848727425787, 34.187995310773665], [72.32848707745205, 34.187946535312186], [72.32854609662347, 34.18794637883508], [72.32854607108179, 34.18792311956691], [72.3282258105764, 34.18792380406956], [72.32822624587506, 34.18806471806101], [72.32815485963123, 34.18806487533875], [72.32815492847199, 34.188093634699385], [72.32836582936802, 34.18809327205641]]]]}, "properties": {"id": "Pakistan_123102310_623287", "height": 4.26452112197876, "hmax": 0.0, "ratio": 0.0, "vulnClass": "none"}}, {"type": "Feature", "geometry": {"type": "MultiPolygon", "coordinates": [[[[72.32850336140146, 34.18809401498388], [72.32850254671152, 34.188006371391566], [72.32840869170998, 34.188006940759486], [72.3284095063026, 34.18809458434781], [72.32850336140146, 34.18809401498388]]]]}, "properties": {"id": "Pakistan_123102310_912689", "height": 2.885144948959351, "hmax": 0.0, "ratio": 0.0, "vulnClass": "none"}}, {"type": "Feature", "geometry": {"type": "MultiPolygon", "coordinates": [[[[72.3288588901828, 34.18817207790706], [72.3288639599955, 34.188080145152625], [72.3288086976341, 34.188078129874945], [72.32880373616962, 34.18817006498606], [72.3288588901828, 34.18817207790706]]]]}, "properties": {"id": "Pakistan_123102310_789637", "height": 3.834907293319702, "hmax": 0.0, "ratio": 0.0, "vulnClass": "none"}}, {"type": "Feature", "geometry": {"type": "MultiPolygon", "coordinates": [[[[72.32894908890104, 34.18808452389508], [72.32895028270815, 34.188118897072556], [72.32903767317619, 34.188116924367996], [72.32903647933351, 34.18808255118968], [72.32894908890104, 34.18808452389508]]]]}, "properties": {"id": "Pakistan_123102310_414954", "height": 3.003188610076904, "hmax": 0.0, "ratio": 0.0, "vulnClass": "none"}}, {"type": "Feature", "geometry": {"type": "MultiPolygon", "coordinates": [[[[72.32887164257552, 34.188410892756], [72.32887257635376, 34.18837097662716], [72.32875027212918, 34.1883689431633], [72.32874933829339, 34.1884088592885], [72.32887164257552, 34.188410892756]]]]}, "properties": {"id": "Pakistan_123102310_433811", "height": 3.377956628799438, "hmax": 0.0, "ratio": 0.0, "vulnClass": "none"}}, {"type": "Feature", "geometry": {"type": "MultiPolygon", "coordinates": [[[[72.32833150638507, 34.188362793978605], [72.32825549568207, 34.18836510429299], [72.32825764652726, 34.18841383217832], [72.32833365727417, 34.18841152186468], [72.32833150638507, 34.188362793978605]]]]}, "properties": {"id": "Pakistan_123102310_623285", "height": 3.517744779586792, "hmax": 0.0, "ratio": 0.0, "vulnClass": "none"}}, {"type": "Feature", "geometry": {"type": "MultiPolygon", "coordinates": [[[[72.32825447465315, 34.18841809026311], [72.32825671271301, 34.18848124405357], [72.32830491417198, 34.188480130778075], [72.32830278448417, 34.188416979349], [72.32825447465315, 34.18841809026311]]]]}, "properties": {"id": "Pakistan_123102310_377230", "height": 3.505221366882324, "hmax": 0.0, "ratio": 0.0, "vulnClass": "none"}}, {"type": "Feature", "geometry": {"type": "MultiPolygon", "coordinates": [[[[72.32832641839995, 34.18847591155426], [72.32832396670437, 34.18841608865984], [72.32830789672089, 34.18841654984496], [72.32831034840507, 34.18847637273916], [72.32832641839995, 34.18847591155426]]]]}, "properties": {"id": "Pakistan_123102310_879490", "height": 3.552186727523804, "hmax": 0.0, "ratio": 0.0, "vulnClass": "none"}}, {"type": "Feature", "geometry": {"type": "MultiPolygon", "coordinates": [[[[72.32818620852045, 34.188590952845615], [72.32818213264152, 34.188623858937646], [72.3282421798922, 34.188628953723985], [72.32824625859098, 34.1885959575408], [72.32818620852045, 34.188590952845615]]]]}, "properties": {"id": "Pakistan_123102310_685272", "height": 3.992138147354126, "hmax": 0.0, "ratio": 0.0, "vulnClass": "none"}}, {"type": "Feature", "geometry": {"type": "MultiPolygon", "coordinates": [[[[72.32860880251086, 34.188609897120266], [72.32901093476077, 34.18861721558862], [72.32901294797189, 34.188539640251676], [72.32861081893188, 34.18853223171919], [72.32860880251086, 34.188609897120266]]]]}, "properties": {"id": "Pakistan_123102310_566462", "height": 5.467576503753662, "hmax": 0.0, "ratio": 0.0, "vulnClass": "none"}}, {"type": "Feature", "geometry": {"type": "MultiPolygon", "coordinates": [[[[72.32843641117583, 34.18886126558519], [72.32849714562592, 34.18886177757271], [72.32849912258165, 34.18871316324163], [72.3284383910806, 34.188712561172025], [72.32843641117583, 34.18886126558519]]]]}, "properties": {"id": "Pakistan_123102310_709015", "height": 4.411128997802734, "hmax": 0.091, "ratio": 0.021, "vulnClass": "none"}}, {"type": "Feature", "geometry": {"type": "MultiPolygon", "coordinates": [[[[72.32829886497, 34.188771544163856], [72.32821042917179, 34.188768805742626], [72.32820237858044, 34.18894829931238], [72.32828539696831, 34.18895082954659], [72.3282908351148, 34.18883005685939], [72.328296252704, 34.18883026506044], [72.32829886497, 34.188771544163856]]]]}, "properties": {"id": "Pakistan_123102310_855842", "height": 3.636850595474243, "hmax": 0.0, "ratio": 0.0, "vulnClass": "none"}}, {"type": "Feature", "geometry": {"type": "MultiPolygon", "coordinates": [[[[72.32828994121255, 34.18902340918853], [72.32829268955881, 34.18895693835675], [72.32818560441362, 34.18895388368523], [72.32818274757477, 34.189020352148276], [72.32828994121255, 34.18902340918853]]]]}, "properties": {"id": "Pakistan_123102310_504917", "height": 3.636850595474243, "hmax": 0.0, "ratio": 0.0, "vulnClass": "none"}}, {"type": "Feature", "geometry": {"type": "MultiPolygon", "coordinates": [[[[72.3283391509457, 34.188980037515385], [72.32847216085482, 34.188990057580746], [72.32847594837473, 34.188955973244724], [72.32892183113991, 34.188989847926365], [72.32892926330263, 34.18892275790483], [72.32843457098166, 34.18888520539721], [72.32842867448328, 34.188937994985245], [72.32834458583277, 34.18893156507633], [72.3283391509457, 34.188980037515385]]]]}, "properties": {"id": "Pakistan_123102310_53960", "height": 4.294360637664795, "hmax": 0.097, "ratio": 0.023, "vulnClass": "none"}}, {"type": "Feature", "geometry": {"type": "MultiPolygon", "coordinates": [[[[72.32895815676711, 34.188873444224946], [72.32889643684922, 34.18886290434231], [72.32888164625709, 34.188922531901156], [72.32894336621564, 34.18893307179313], [72.32895815676711, 34.188873444224946]]]]}, "properties": {"id": "Pakistan_123102310_27065", "height": 3.525948047637939, "hmax": 0.0, "ratio": 0.0, "vulnClass": "none"}}, {"type": "Feature", "geometry": {"type": "MultiPolygon", "coordinates": [[[[72.32904624260341, 34.18895262172571], [72.32904294302523, 34.18900907392625], [72.32910546087956, 34.1890115176157], [72.32910875757456, 34.18895515549966], [72.32904624260341, 34.18895262172571]]]]}, "properties": {"id": "Pakistan_123102310_121501", "height": 3.359982967376709, "hmax": 0.0, "ratio": 0.0, "vulnClass": "none"}}, {"type": "Feature", "geometry": {"type": "MultiPolygon", "coordinates": [[[[72.3289225582929, 34.18877422486094], [72.32896549379177, 34.18877497991035], [72.32896729675576, 34.188704071100254], [72.3289244725433, 34.18870322832674], [72.3289225582929, 34.18877422486094]]]]}, "properties": {"id": "Pakistan_123102310_855848", "height": 3.895317554473877, "hmax": 0.0, "ratio": 0.0, "vulnClass": "none"}}, {"type": "Feature", "geometry": {"type": "MultiPolygon", "coordinates": [[[[72.32911387572797, 34.188631267709304], [72.3286987022964, 34.188617805697845], [72.32869562907233, 34.18868426947193], [72.32911069441957, 34.18869772914756], [72.32911387572797, 34.188631267709304]]]]}, "properties": {"id": "Pakistan_123102310_613903", "height": 5.166256904602051, "hmax": 0.091, "ratio": 0.018, "vulnClass": "none"}}, {"type": "Feature", "geometry": {"type": "MultiPolygon", "coordinates": [[[[72.32928560762107, 34.18919520095721], [72.32949874339384, 34.189203178917154], [72.32950569102468, 34.18907576790913], [72.32946549115483, 34.189074261279096], [72.32946308054692, 34.18911973455275], [72.32929003646129, 34.189113260880774], [72.32928560762107, 34.18919520095721]]]]}, "properties": {"id": "Pakistan_123102310_244367", "height": 3.650690317153931, "hmax": 0.112, "ratio": 0.031, "vulnClass": "low"}}, {"type": "Feature", "geometry": {"type": "MultiPolygon", "coordinates": [[[[72.32926371534536, 34.1893148941066], [72.32944459873353, 34.18933767543432], [72.32946450944371, 34.18922920784325], [72.32928362343644, 34.18920651664343], [72.32926371534536, 34.1893148941066]]]]}, "properties": {"id": "Pakistan_123102310_917465", "height": 3.53438925743103, "hmax": 0.122, "ratio": 0.035, "vulnClass": "low"}}, {"type": "Feature", "geometry": {"type": "MultiPolygon", "coordinates": [[[[72.32997574375118, 34.18927550043489], [72.3300655242053, 34.1892803403276], [72.3300683751951, 34.18924497343262], [72.32997848636874, 34.18924013118295], [72.32997574375118, 34.18927550043489]]]]}, "properties": {"id": "Pakistan_123102310_396169", "height": 2.459686040878296, "hmax": 0.0, "ratio": 0.0, "vulnClass": "none"}}, {"type": "Feature", "geometry": {"type": "MultiPolygon", "coordinates": [[[[72.32924206480075, 34.18947506988517], [72.32934123680793, 34.18947795128614], [72.32934461890297, 34.18939824216081], [72.32938851620942, 34.18939946877013], [72.32938981893041, 34.18936848552768], [72.32924686101293, 34.189364289801794], [72.32924206480075, 34.18947506988517]]]]}, "properties": {"id": "Pakistan_123102310_742512", "height": 4.427011489868164, "hmax": 0.122, "ratio": 0.028, "vulnClass": "low"}}, {"type": "Feature", "geometry": {"type": "MultiPolygon", "coordinates": [[[[72.3293562934546, 34.18940300395677], [72.3293438681809, 34.189463314144554], [72.3294089947638, 34.18947248561442], [72.32942141999332, 34.18941217541799], [72.3293562934546, 34.18940300395677]]]]}, "properties": {"id": "Pakistan_123102310_120808", "height": 4.427011489868164, "hmax": 0.122, "ratio": 0.028, "vulnClass": "low"}}, {"type": "Feature", "geometry": {"type": "MultiPolygon", "coordinates": [[[[72.32883048085552, 34.18930987374396], [72.32882803862819, 34.189356337956355], [72.3289548207451, 34.189360902981115], [72.32895318979517, 34.18939196921443], [72.32905667532113, 34.1893956660141], [72.32906159647062, 34.189301566422685], [72.32896613050481, 34.18929813448622], [72.32896528235067, 34.189314703616716], [72.32883048085552, 34.18930987374396]]]]}, "properties": {"id": "Pakistan_123102310_348911", "height": 4.474849700927734, "hmax": 0.081, "ratio": 0.018, "vulnClass": "none"}}, {"type": "Feature", "geometry": {"type": "MultiPolygon", "coordinates": [[[[72.32880506600574, 34.1893933398849], [72.32881211257997, 34.18929721316488], [72.32865711818594, 34.189289418972415], [72.32864725719918, 34.18942316707287], [72.32873910597283, 34.18942778255464], [72.32874181176133, 34.189390158791205], [72.32880506600574, 34.1893933398849]]]]}, "properties": {"id": "Pakistan_123102310_72732", "height": 3.492704391479492, "hmax": 0.093, "ratio": 0.026, "vulnClass": "none"}}, {"type": "Feature", "geometry": {"type": "MultiPolygon", "coordinates": [[[[72.32897607710811, 34.18919260517317], [72.32908312000295, 34.1891970104914], [72.32908926117588, 34.18909518456835], [72.32893682344572, 34.18908888883362], [72.32893412427224, 34.189133183852505], [72.32897963050995, 34.18913498655602], [72.32897607710811, 34.18919260517317]]]]}, "properties": {"id": "Pakistan_123102310_827452", "height": 3.316372632980347, "hmax": 0.0, "ratio": 0.0, "vulnClass": "none"}}, {"type": "Feature", "geometry": {"type": "MultiPolygon", "coordinates": [[[[72.32929622742168, 34.18909239077162], [72.32929847357829, 34.1890314982622], [72.32899475428454, 34.18902352996875], [72.32899239665937, 34.189084510188806], [72.32929622742168, 34.18909239077162]]]]}, "properties": {"id": "Pakistan_123102310_320541", "height": 3.935754060745239, "hmax": 0.0, "ratio": 0.0, "vulnClass": "none"}}, {"type": "Feature", "geometry": {"type": "MultiPolygon", "coordinates": [[[[72.32885010239646, 34.18916245515566], [72.32884839904219, 34.18908921621431], [72.32868222873442, 34.189091816289874], [72.32868382637776, 34.18916496277666], [72.32885010239646, 34.18916245515566]]]]}, "properties": {"id": "Pakistan_123102310_832235", "height": 3.394474506378174, "hmax": 0.101, "ratio": 0.03, "vulnClass": "low"}}, {"type": "Feature", "geometry": {"type": "MultiPolygon", "coordinates": [[[[72.32885157879019, 34.189246326856384], [72.32895970097438, 34.189257787500644], [72.3289662147723, 34.189216370234405], [72.32885798707233, 34.18920481714837], [72.32885157879019, 34.189246326856384]]]]}, "properties": {"id": "Pakistan_123102310_281194", "height": 2.70565128326416, "hmax": 0.081, "ratio": 0.03, "vulnClass": "none"}}, {"type": "Feature", "geometry": {"type": "MultiPolygon", "coordinates": [[[[72.32858240702713, 34.189164556088215], [72.32858039490536, 34.18927990428808], [72.32867430573307, 34.18928104889149], [72.32867631772706, 34.18916570068404], [72.32858240702713, 34.189164556088215]]]]}, "properties": {"id": "Pakistan_123102310_637611", "height": 3.639517784118652, "hmax": 0.101, "ratio": 0.028, "vulnClass": "low"}}, {"type": "Feature", "geometry": {"type": "MultiPolygon", "coordinates": [[[[72.32851854191327, 34.18915667377232], [72.32851712723502, 34.18918431900776], [72.32857867803003, 34.18918647144831], [72.3285800955307, 34.189158736123105], [72.32851854191327, 34.18915667377232]]]]}, "properties": {"id": "Pakistan_123102310_514526", "height": 3.965875864028931, "hmax": 0.101, "ratio": 0.025, "vulnClass": "low"}}, {"type": "Feature", "geometry": {"type": "MultiPolygon", "coordinates": [[[[72.32850595431894, 34.1892736846941], [72.32850959915366, 34.1891650431748], [72.32840607132614, 34.18916269724872], [72.32839969708041, 34.18935439761225], [72.32856588289368, 34.18935819892388], [72.32856679246777, 34.18932937073245], [72.32847833332569, 34.18932735318157], [72.32848015576664, 34.18927303242393], [72.32850595431894, 34.1892736846941]]]]}, "properties": {"id": "Pakistan_123102310_599686", "height": 3.813639163970947, "hmax": 0.101, "ratio": 0.026, "vulnClass": "low"}}, {"type": "Feature", "geometry": {"type": "MultiPolygon", "coordinates": [[[[72.32842823676606, 34.18915128041693], [72.32865319736308, 34.18915924704942], [72.32865652767515, 34.18909495248385], [72.32855737323173, 34.1890915300222], [72.32856158594537, 34.189009585279905], [72.32843577724006, 34.1890051312213], [72.32842823676606, 34.18915128041693]]]]}, "properties": {"id": "Pakistan_123102310_699483", "height": 4.004105091094971, "hmax": 0.101, "ratio": 0.025, "vulnClass": "low"}}, {"type": "Feature", "geometry": {"type": "MultiPolygon", "coordinates": [[[[72.32819800671466, 34.18903871466821], [72.32819064060048, 34.189217141345004], [72.32825491584174, 34.189218902567866], [72.32826228182103, 34.18904047588084], [72.32819800671466, 34.18903871466821]]]]}, "properties": {"id": "Pakistan_123102310_296713", "height": 3.15684175491333, "hmax": 0.0, "ratio": 0.0, "vulnClass": "none"}}, {"type": "Feature", "geometry": {"type": "MultiPolygon", "coordinates": [[[[72.32817217447479, 34.18922133659417], [72.32816661801435, 34.189332100034754], [72.32826566429227, 34.18933552046281], [72.32827097292144, 34.1892291689652], [72.32839050273519, 34.18923321593669], [72.32839258908905, 34.18919116133529], [72.32825973070157, 34.18918664362899], [72.32825789198523, 34.18922428627157], [72.32817217447479, 34.18922133659417]]]]}, "properties": {"id": "Pakistan_123102310_742499", "height": 3.595498561859131, "hmax": 0.0, "ratio": 0.0, "vulnClass": "none"}}, {"type": "Feature", "geometry": {"type": "MultiPolygon", "coordinates": [[[[72.32832865795932, 34.18923006534456], [72.32832338674473, 34.18933867141237], [72.32838125740925, 34.18934056346395], [72.32838663411657, 34.18923204984046], [72.32832865795932, 34.18923006534456]]]]}, "properties": {"id": "Pakistan_123102310_936268", "height": 3.488986968994141, "hmax": 0.0, "ratio": 0.0, "vulnClass": "none"}}, {"type": "Feature", "geometry": {"type": "MultiPolygon", "coordinates": [[[[72.32857015104918, 34.18936045552018], [72.32864961509883, 34.189362186874675], [72.32865213380143, 34.18928579452382], [72.32857267266567, 34.18928397308624], [72.32857015104918, 34.18936045552018]]]]}, "properties": {"id": "Pakistan_123102310_377234", "height": 3.167558431625366, "hmax": 0.101, "ratio": 0.032, "vulnClass": "low"}}, {"type": "Feature", "geometry": {"type": "MultiPolygon", "coordinates": [[[[72.32854815538293, 34.189483391660325], [72.3286553610107, 34.18948608805663], [72.32865729215884, 34.189435195364304], [72.32855008943773, 34.1894324088846], [72.32854815538293, 34.189483391660325]]]]}, "properties": {"id": "Pakistan_123102310_83643", "height": 3.70268726348877, "hmax": 0.128, "ratio": 0.035, "vulnClass": "low"}}, {"type": "Feature", "geometry": {"type": "MultiPolygon", "coordinates": [[[[72.32817766238341, 34.18944277448034], [72.32826611309568, 34.18944506251789], [72.32826983901312, 34.18934417568488], [72.3281814939723, 34.189341980105446], [72.32817766238341, 34.18944277448034]]]]}, "properties": {"id": "Pakistan_123102310_893666", "height": 3.817917823791504, "hmax": 0.0, "ratio": 0.0, "vulnClass": "none"}}, {"type": "Feature", "geometry": {"type": "MultiPolygon", "coordinates": [[[[72.32817199988958, 34.18944688813709], [72.3281624677309, 34.18969738761102], [72.32826164842986, 34.18969999963219], [72.32827118029621, 34.189449500136746], [72.32817199988958, 34.18944688813709]]]]}, "properties": {"id": "Pakistan_123102310_936265", "height": 3.838780641555786, "hmax": 0.074, "ratio": 0.019, "vulnClass": "none"}}, {"type": "Feature", "geometry": {"type": "MultiPolygon", "coordinates": [[[[72.3283934549479, 34.18975506859816], [72.3284069090873, 34.189679365292555], [72.32841569439945, 34.18966567361777], [72.32842532523999, 34.18961143285582], [72.32852755957168, 34.18962384739883], [72.32854759776707, 34.1896695393152], [72.32860952042029, 34.189677108852976], [72.32861321248856, 34.18965636463943], [72.3286370610763, 34.18961911138736], [72.32862187688995, 34.18958461369648], [72.32859603071525, 34.18959234436332], [72.32857131496955, 34.189581438599106], [72.32846746022088, 34.189568808486236], [72.32845359447504, 34.18953722430467], [72.328458586702, 34.18950965702379], [72.32843205077839, 34.18949799037203], [72.32841605911447, 34.18946158191283], [72.3283991984065, 34.189459591824686], [72.32835790733138, 34.189472034303115], [72.32838281078674, 34.189528560110695], [72.32829451878523, 34.18951780151175], [72.32826930094191, 34.18955718845778], [72.32827425766654, 34.189568565220746], [72.3283603872103, 34.18957909641556], [72.32834377120918, 34.18967249037284], [72.32827028571, 34.18966349678832], [72.32825288267414, 34.18976120077996], [72.3283206395896, 34.18976952864893], [72.32834937840016, 34.18983515303845], [72.32854131184216, 34.18985844695458], [72.32855026982939, 34.189808338423205], [72.32857058155305, 34.189776597425116], [72.3283934549479, 34.18975506859816]]]]}, "properties": {"id": "Pakistan_123102310_410203", "height": 3.843865871429443, "hmax": 0.109, "ratio": 0.028, "vulnClass": "low"}}, {"type": "Feature", "geometry": {"type": "MultiPolygon", "coordinates": [[[[72.32887213969376, 34.18977406235252], [72.328591812498, 34.18975010515276], [72.32857847332805, 34.18985655214518], [72.3287605606822, 34.18987214873772], [72.32876549721794, 34.189832590276204], [72.32890614596744, 34.18984466948024], [72.32891004503733, 34.189813923112446], [72.32905859066476, 34.18982671507904], [72.32906553076775, 34.18977178459147], [72.32895138852592, 34.18976199587689], [72.32895557260242, 34.189729092114874], [72.32892365422421, 34.18972641346225], [72.32893234720706, 34.189657187315085], [72.3288872312892, 34.189653319639554], [72.32887213969376, 34.18977406235252]]]]}, "properties": {"id": "Pakistan_123102310_709023", "height": 4.707331657409668, "hmax": 0.099, "ratio": 0.021, "vulnClass": "none"}}, {"type": "Feature", "geometry": {"type": "MultiPolygon", "coordinates": [[[[72.3286151164967, 34.18959257990428], [72.32879845914313, 34.1895890018198], [72.32879586664733, 34.18949924605521], [72.32861263260536, 34.189502826507095], [72.3286151164967, 34.18959257990428]]]]}, "properties": {"id": "Pakistan_123102310_282149", "height": 2.824527978897095, "hmax": 0.132, "ratio": 0.047, "vulnClass": "low"}}, {"type": "Feature", "geometry": {"type": "MultiPolygon", "coordinates": [[[[72.32879631896571, 34.1895605579325], [72.32879260826682, 34.189640350018585], [72.32892113956999, 34.18964450244734], [72.32892484730633, 34.189564800439804], [72.32879631896571, 34.1895605579325]]]]}, "properties": {"id": "Pakistan_123102310_363012", "height": 3.238045454025269, "hmax": 0.076, "ratio": 0.023, "vulnClass": "none"}}, {"type": "Feature", "geometry": {"type": "MultiPolygon", "coordinates": [[[[72.32892576338334, 34.18961485366716], [72.32897902706358, 34.18961835792673], [72.32898370278454, 34.18956986891652], [72.32893043913437, 34.189566364660394], [72.32892576338334, 34.18961485366716]]]]}, "properties": {"id": "Pakistan_123102310_467089", "height": 3.190197944641113, "hmax": 0.076, "ratio": 0.024, "vulnClass": "none"}}, {"type": "Feature", "geometry": {"type": "MultiPolygon", "coordinates": [[[[72.32874272280313, 34.19005242076035], [72.3293027683938, 34.19016441729895], [72.329324175981, 34.190091050723666], [72.32924310609219, 34.19007486080348], [72.32923823826623, 34.19009161282518], [72.32913431329766, 34.190070868227856], [72.32914963549193, 34.190018464231045], [72.32896712296987, 34.189981944138054], [72.3289733169291, 34.1899609839665], [72.32906193272908, 34.18997869069544], [72.32907847261909, 34.189922076182654], [72.32895180127342, 34.1898967791702], [72.32893526130593, 34.189953393662314], [72.32890238095476, 34.18994681759372], [72.32887782185364, 34.190030662983126], [72.32875622011977, 34.19000628756208], [72.32874272280313, 34.19005242076035]]]]}, "properties": {"id": "Pakistan_123102310_585622", "height": 4.581108093261719, "hmax": 0.0, "ratio": 0.0, "vulnClass": "none"}}, {"type": "Feature", "geometry": {"type": "MultiPolygon", "coordinates": [[[[72.32920996673329, 34.190004272646135], [72.32934495295709, 34.19001703935667], [72.3293570468442, 34.18992940649347], [72.32919285538921, 34.18991393016588], [72.32917059990795, 34.190076076035496], [72.32919969691956, 34.190078783318555], [72.32920996673329, 34.190004272646135]]]]}, "properties": {"id": "Pakistan_123102310_827455", "height": 3.143474102020264, "hmax": 0.0, "ratio": 0.0, "vulnClass": "none"}}, {"type": "Feature", "geometry": {"type": "MultiPolygon", "coordinates": [[[[72.32910887341897, 34.189948791797924], [72.32918730636925, 34.18995915475973], [72.32919314536066, 34.189928811239014], [72.32911460118528, 34.189918536008754], [72.32910887341897, 34.189948791797924]]]]}, "properties": {"id": "Pakistan_123102310_642297", "height": 3.431080341339111, "hmax": 0.0, "ratio": 0.0, "vulnClass": "none"}}, {"type": "Feature", "geometry": {"type": "MultiPolygon", "coordinates": [[[[72.32932130028591, 34.18958722963637], [72.3292328067185, 34.189586293674466], [72.329232127243, 34.18962846909442], [72.32932062085446, 34.18962940505891], [72.32932130028591, 34.18958722963637]]]]}, "properties": {"id": "Pakistan_123102310_196164", "height": 3.99032187461853, "hmax": 0.0, "ratio": 0.0, "vulnClass": "none"}}, {"type": "Feature", "geometry": {"type": "MultiPolygon", "coordinates": [[[[72.32932533206366, 34.18963825223372], [72.32940051118015, 34.189638267071494], [72.32940049990158, 34.189593913001666], [72.3293254292342, 34.18959390052715], [72.32932533206366, 34.18963825223372]]]]}, "properties": {"id": "Pakistan_123102310_363018", "height": 4.501513481140137, "hmax": 0.155, "ratio": 0.034, "vulnClass": "low"}}, {"type": "Feature", "geometry": {"type": "MultiPolygon", "coordinates": [[[[72.32942673587759, 34.18948783694801], [72.3292790381401, 34.18947569496114], [72.32927435279474, 34.18951417712282], [72.32942215900762, 34.18952632147973], [72.32942673587759, 34.18948783694801]]]]}, "properties": {"id": "Pakistan_123102310_187585", "height": 4.834831714630127, "hmax": 0.155, "ratio": 0.032, "vulnClass": "low"}}, {"type": "Feature", "geometry": {"type": "MultiPolygon", "coordinates": [[[[72.3312395200927, 34.189587167932814], [72.33088596413687, 34.18953917466191], [72.33087267645766, 34.189606227513906], [72.33108526602493, 34.18963501552079], [72.33106488569092, 34.189737793742026], [72.3311223553744, 34.18974553553294], [72.33114287244881, 34.18964185877601], [72.33122648073672, 34.18965323458384], [72.3312395200927, 34.189587167932814]]]]}, "properties": {"id": "Pakistan_123102310_7941", "height": 2.94539213180542, "hmax": 0.0, "ratio": 0.0, "vulnClass": "none"}}, {"type": "Feature", "geometry": {"type": "MultiPolygon", "coordinates": [[[[72.3309534883629, 34.18955488831697], [72.33111515912547, 34.18956084164334], [72.33111791866276, 34.18950771315443], [72.33095635641072, 34.189501762196386], [72.3309534883629, 34.18955488831697]]]]}, "properties": {"id": "Pakistan_123102310_235043", "height": 2.600181341171265, "hmax": 0.0, "ratio": 0.0, "vulnClass": "none"}}, {"type": "Feature", "geometry": {"type": "MultiPolygon", "coordinates": [[[[72.33121602446631, 34.189688976874876], [72.33119126483803, 34.190023615990164], [72.33116714610266, 34.190079795403], [72.33121712819042, 34.19009449602814], [72.3312171310301, 34.19009440593985], [72.33121959388681, 34.19006101386379], [72.33144618101325, 34.19012760839644], [72.33145333043244, 34.19012794430324], [72.3314574191211, 34.1900739432334], [72.33143315504364, 34.19007278407628], [72.33131524245472, 34.19003803406198], [72.33133226578754, 34.189807710489625], [72.33132383271855, 34.189827450108794], [72.33133159126346, 34.189722413813556], [72.33138769655955, 34.189725257677715], [72.33138581740941, 34.18975045880589], [72.33141473269285, 34.18975893121231], [72.3314130244271, 34.18978215275805], [72.33139358873864, 34.18982743583758], [72.3313916925491, 34.189853177495216], [72.33146815918302, 34.18985709554483], [72.33147894118753, 34.189711196893334], [72.33144228569645, 34.18970048258558], [72.33121602446631, 34.189688976874876]]]]}, "properties": {"id": "Pakistan_123102310_490775", "height": 3.046586275100708, "hmax": 0.0, "ratio": 0.0, "vulnClass": "none"}}, {"type": "Feature", "geometry": {"type": "MultiPolygon", "coordinates": [[[[72.3311563316549, 34.18979306300591], [72.33115966096447, 34.189773482754994], [72.33107189323088, 34.1897632784578], [72.33106258643957, 34.18981761667392], [72.33109771466577, 34.189821716893526], [72.331103692114, 34.18978695892267], [72.3311563316549, 34.18979306300591]]]]}, "properties": {"id": "Pakistan_123102310_467114", "height": 3.390457153320312, "hmax": 0.0, "ratio": 0.0, "vulnClass": "none"}}, {"type": "Feature", "geometry": {"type": "MultiPolygon", "coordinates": [[[[72.33060270904431, 34.190347874608484], [72.33059347096719, 34.1903862577087], [72.33063631692595, 34.190393320748505], [72.33064555782519, 34.19035484755594], [72.33060270904431, 34.190347874608484]]]]}, "properties": {"id": "Pakistan_123102310_680579", "height": 2.77068042755127, "hmax": 0.0, "ratio": 0.0, "vulnClass": "none"}}, {"type": "Feature", "geometry": {"type": "MultiPolygon", "coordinates": [[[[72.33009113820867, 34.19050468522348], [72.33028280725938, 34.190539870507095], [72.33031943156799, 34.190403639883066], [72.33051627583025, 34.190439838984894], [72.33053324756669, 34.19037638225322], [72.33032885445772, 34.190338756711604], [72.33035269835918, 34.1902500273234], [72.33016858173004, 34.190216178572214], [72.33009113820867, 34.19050468522348]]]]}, "properties": {"id": "Pakistan_123102310_865285", "height": 2.658244848251343, "hmax": 0.0, "ratio": 0.0, "vulnClass": "none"}}, {"type": "Feature", "geometry": {"type": "MultiPolygon", "coordinates": [[[[72.33037757634209, 34.190861335701676], [72.33037610839702, 34.19080811520242], [72.33032780285109, 34.19080904669398], [72.3303293791771, 34.190862269552944], [72.33037757634209, 34.190861335701676]]]]}, "properties": {"id": "Pakistan_123102310_509817", "height": 2.535949468612671, "hmax": 0.0, "ratio": 0.0, "vulnClass": "none"}}, {"type": "Feature", "geometry": {"type": "MultiPolygon", "coordinates": [[[[72.33116384484772, 34.19099673022305], [72.33115972868913, 34.19102062054591], [72.33127278372125, 34.19103398958668], [72.33129268880946, 34.19091876029317], [72.33106398572792, 34.190891695256305], [72.33104819652968, 34.19098303418119], [72.33116384484772, 34.19099673022305]]]]}, "properties": {"id": "Pakistan_123102310_822753", "height": 3.011982679367065, "hmax": 0.0, "ratio": 0.0, "vulnClass": "none"}}, {"type": "Feature", "geometry": {"type": "MultiPolygon", "coordinates": [[[[72.33129003473371, 34.191068351663795], [72.33103841908569, 34.191059178456456], [72.33103154772175, 34.19118767303511], [72.33128316374926, 34.19119684627442], [72.33129003473371, 34.191068351663795]]]]}, "properties": {"id": "Pakistan_123102310_519374", "height": 3.473336458206177, "hmax": 0.0, "ratio": 0.0, "vulnClass": "none"}}, {"type": "Feature", "geometry": {"type": "MultiPolygon", "coordinates": [[[[72.33009349688469, 34.19101471544623], [72.33037144813461, 34.19102816017801], [72.33037727981194, 34.19094643090248], [72.3300993288278, 34.19093298619642], [72.33009349688469, 34.19101471544623]]]]}, "properties": {"id": "Pakistan_123102310_770790", "height": 3.01628851890564, "hmax": 0.0, "ratio": 0.0, "vulnClass": "none"}}, {"type": "Feature", "geometry": {"type": "MultiPolygon", "coordinates": [[[[72.32978996544674, 34.19114846890365], [72.33002151873804, 34.19115396238602], [72.33001860857938, 34.191239361256976], [72.32980038687099, 34.19123424825892], [72.32979789983776, 34.19130622397712], [72.33006327809568, 34.191312454053126], [72.33007621161241, 34.1909332941396], [72.32995566373013, 34.19093048868256], [72.32995618365318, 34.19091400254611], [72.32987845832876, 34.19091212956868], [72.32988333273987, 34.19077133119829], [72.32993807758746, 34.19077261356482], [72.32993926801258, 34.190734866618044], [72.33004268664007, 34.19073729906836], [72.33004646935822, 34.19062766882686], [72.32979030818889, 34.19062163950462], [72.32979143092669, 34.19058948038905], [72.32975815158521, 34.19058866545659], [72.32975572992248, 34.19065856915205], [72.32980668030244, 34.19065976893602], [72.32978996544674, 34.19114846890365]]]]}, "properties": {"id": "Pakistan_123102310_675811", "height": 3.013577461242676, "hmax": 0.0, "ratio": 0.0, "vulnClass": "none"}}, {"type": "Feature", "geometry": {"type": "MultiPolygon", "coordinates": [[[[72.3301049096588, 34.19318469512761], [72.33010271147093, 34.19332663354941], [72.33030247927897, 34.19332882010704], [72.3303037015631, 34.193252219195955], [72.33017898231019, 34.193250855593206], [72.33018006638986, 34.1931855204295], [72.3301049096588, 34.19318469512761]]]]}, "properties": {"id": "Pakistan_123102310_694806", "height": 2.794782876968384, "hmax": 0.0, "ratio": 0.0, "vulnClass": "none"}}, {"type": "Feature", "geometry": {"type": "MultiPolygon", "coordinates": [[[[72.33017818380603, 34.19516814877322], [72.33012192723902, 34.195169988771205], [72.33012800410481, 34.19530065831467], [72.33018425791765, 34.195298908406144], [72.33017818380603, 34.19516814877322]]]]}, "properties": {"id": "Pakistan_123102310_613916", "height": 2.792733430862427, "hmax": 0.0, "ratio": 0.0, "vulnClass": "none"}}, {"type": "Feature", "geometry": {"type": "MultiPolygon", "coordinates": [[[[72.3293960144293, 34.194035056216805], [72.3293438698838, 34.1940372558976], [72.32934840080259, 34.19411028594289], [72.32940054539326, 34.194108086262325], [72.3293960144293, 34.194035056216805]]]]}, "properties": {"id": "Pakistan_123102310_495510", "height": 2.989024877548218, "hmax": 0.0, "ratio": 0.0, "vulnClass": "none"}}, {"type": "Feature", "geometry": {"type": "MultiPolygon", "coordinates": [[[[72.32948162457001, 34.193890246969694], [72.32947432200937, 34.1938534870033], [72.32932810413034, 34.19387329022165], [72.32933540662795, 34.193910050193715], [72.32948162457001, 34.193890246969694]]]]}, "properties": {"id": "Pakistan_123102310_139580", "height": 2.952435493469238, "hmax": 0.0, "ratio": 0.0, "vulnClass": "none"}}, {"type": "Feature", "geometry": {"type": "MultiPolygon", "coordinates": [[[[72.32998015051838, 34.19522090102791], [72.32997923770192, 34.19517760914795], [72.32977007963424, 34.1951806264305], [72.32977247899322, 34.19529372678194], [72.32982067015249, 34.195293063534365], [72.3298191834629, 34.19522325505809], [72.32998015051838, 34.19522090102791]]]]}, "properties": {"id": "Pakistan_123102310_448118", "height": 2.870455741882324, "hmax": 0.0, "ratio": 0.0, "vulnClass": "none"}}, {"type": "Feature", "geometry": {"type": "MultiPolygon", "coordinates": [[[[72.32987843309549, 34.195470474676426], [72.3298880163603, 34.19531111790083], [72.32978909125605, 34.19530707019793], [72.32977950780636, 34.1954664269571], [72.32987843309549, 34.195470474676426]]]]}, "properties": {"id": "Pakistan_123102310_101472", "height": 2.870455741882324, "hmax": 0.0, "ratio": 0.0, "vulnClass": "none"}}, {"type": "Feature", "geometry": {"type": "MultiPolygon", "coordinates": [[[[72.32253753306699, 34.193598610116645], [72.32255521240569, 34.19371880531595], [72.32274023199551, 34.19370021815064], [72.32274987517172, 34.193765787349584], [72.32282932257375, 34.193757876192166], [72.32274566814637, 34.193792469976884], [72.32275361613782, 34.19384646298025], [72.32277134889407, 34.1938757883026], [72.32277339797616, 34.19388989642012], [72.32289768610326, 34.193877465257465], [72.32309995221239, 34.193793805371584], [72.3230999550611, 34.19379371528396], [72.32303871611704, 34.19369240200384], [72.32296666660567, 34.19369966348625], [72.32295656333416, 34.19368294545968], [72.32290998250299, 34.193687607780255], [72.32289230266014, 34.19356741260801], [72.32274886001247, 34.193581769396296], [72.3227630391825, 34.19357594883855], [72.32253753306699, 34.193598610116645]]]]}, "properties": {"id": "Pakistan_123102310_547352", "height": 3.018985271453857, "hmax": 0.0, "ratio": 0.0, "vulnClass": "none"}}, {"type": "Feature", "geometry": {"type": "MultiPolygon", "coordinates": [[[[72.32263239635161, 34.1937550182654], [72.32263177831665, 34.193712814654205], [72.32253920682597, 34.193713767984164], [72.32253982766399, 34.19375588150604], [72.32263239635161, 34.1937550182654]]]]}, "properties": {"id": "Pakistan_123102310_7725", "height": 3.018985271453857, "hmax": 0.0, "ratio": 0.0, "vulnClass": "none"}}, {"type": "Feature", "geometry": {"type": "MultiPolygon", "coordinates": [[[[72.32374171391581, 34.192611797954896], [72.32375016095872, 34.19255050013672], [72.32356747009582, 34.19253326009567], [72.32357281445721, 34.192494612324616], [72.32328682589868, 34.19246763440148], [72.32329201639472, 34.1924304256839], [72.32316102759471, 34.19241810009942], [72.32315315337584, 34.1924749930316], [72.32313054636509, 34.19247287674438], [72.32311844552581, 34.19256050863763], [72.3230019525602, 34.19254949102364], [72.32299546145921, 34.192596948408365], [72.32326025262688, 34.19262184153214], [72.32326784160719, 34.19256710596152], [72.32374171391581, 34.192611797954896]]]]}, "properties": {"id": "Pakistan_123102310_542730", "height": 3.483171224594116, "hmax": 0.107, "ratio": 0.031, "vulnClass": "low"}}, {"type": "Feature", "geometry": {"type": "MultiPolygon", "coordinates": [[[[72.32248010695054, 34.192810798814094], [72.32230037223864, 34.1928098484002], [72.3222993079735, 34.19295325351676], [72.3224641818065, 34.192954149841086], [72.32246459597805, 34.192896463000096], [72.32259335098132, 34.19289711123655], [72.32259461074645, 34.192733787261034], [72.32251824801943, 34.19273338172252], [72.32251896344178, 34.19264901710897], [72.32248143259588, 34.19264882852965], [72.32248010695054, 34.192810798814094]]]]}, "properties": {"id": "Pakistan_123102310_789564", "height": 2.84760308265686, "hmax": 0.064, "ratio": 0.023, "vulnClass": "none"}}, {"type": "Feature", "geometry": {"type": "MultiPolygon", "coordinates": [[[[72.3224743580598, 34.19280733772046], [72.32247161057563, 34.192736419956304], [72.32243013408032, 34.192737497438316], [72.32243288152962, 34.19280841520177], [72.3224743580598, 34.19280733772046]]]]}, "properties": {"id": "Pakistan_123102310_599611", "height": 2.799210071563721, "hmax": 0.064, "ratio": 0.023, "vulnClass": "none"}}, {"type": "Feature", "geometry": {"type": "MultiPolygon", "coordinates": [[[[72.32246650991544, 34.192956003681466], [72.32247003109187, 34.19304019036431], [72.32259197606149, 34.19303663314015], [72.32258704977971, 34.192921404232855], [72.32247585499502, 34.192924655331936], [72.32247715152434, 34.1929556951858], [72.32246650991544, 34.192956003681466]]]]}, "properties": {"id": "Pakistan_123102310_215957", "height": 2.442862510681152, "hmax": 0.0, "ratio": 0.0, "vulnClass": "none"}}, {"type": "Feature", "geometry": {"type": "MultiPolygon", "coordinates": [[[[72.32261773022978, 34.19337832249126], [72.32271159947473, 34.193377487581685], [72.3227113390159, 34.19335827998151], [72.32245522856995, 34.19336071029364], [72.32245639609727, 34.19344727961541], [72.32234646441405, 34.19344830441889], [72.32234752029355, 34.1935281100636], [72.32252191276031, 34.19352650973364], [72.32252269400082, 34.19358413252775], [72.32269166018766, 34.19358259375431], [72.32269127093453, 34.1935537373113], [72.3226201884166, 34.19355443877195], [72.32261773022978, 34.19337832249126]]]]}, "properties": {"id": "Pakistan_123102310_429005", "height": 2.779052495956421, "hmax": 0.0, "ratio": 0.0, "vulnClass": "none"}}, {"type": "Feature", "geometry": {"type": "MultiPolygon", "coordinates": [[[[72.32063629861779, 34.192432005604424], [72.32052909285208, 34.19242921193965], [72.32052655494286, 34.192495687007714], [72.32063376079243, 34.19249848067867], [72.32063629861779, 34.192432005604424]]]]}, "properties": {"id": "Pakistan_123102310_46009", "height": 2.686093091964722, "hmax": 0.0, "ratio": 0.0, "vulnClass": "none"}}, {"type": "Feature", "geometry": {"type": "MultiPolygon", "coordinates": [[[[72.32139112176344, 34.1924604890666], [72.3213898391926, 34.19240501891919], [72.32125036653342, 34.1924071102098], [72.32125164901264, 34.1924625803543], [72.32139112176344, 34.1924604890666]]]]}, "properties": {"id": "Pakistan_123102310_580707", "height": 3.390061855316162, "hmax": 0.0, "ratio": 0.0, "vulnClass": "none"}}, {"type": "Feature", "geometry": {"type": "MultiPolygon", "coordinates": [[[[72.32139288447681, 34.19244592331064], [72.32139949312999, 34.19248735630243], [72.32144956819889, 34.19248195953315], [72.32144295952125, 34.192440526542875], [72.32139288447681, 34.19244592331064]]]]}, "properties": {"id": "Pakistan_123102310_571196", "height": 3.279421329498291, "hmax": 0.0, "ratio": 0.0, "vulnClass": "none"}}, {"type": "Feature", "geometry": {"type": "MultiPolygon", "coordinates": [[[[72.32246359682985, 34.19219056803822], [72.32260304640401, 34.19218919604889], [72.32260180742908, 34.19210487889685], [72.3224596448371, 34.19210628178873], [72.32245914123965, 34.19207075175703], [72.3224162728075, 34.19207125794537], [72.322417245634, 34.19213997336187], [72.32225902087188, 34.192141566130175], [72.32226119216975, 34.19229243420935], [72.32246499607166, 34.192290394458], [72.32246359682985, 34.19219056803822]]]]}, "properties": {"id": "Pakistan_123102310_467010", "height": 4.013248443603516, "hmax": 0.0, "ratio": 0.0, "vulnClass": "none"}}, {"type": "Feature", "geometry": {"type": "MultiPolygon", "coordinates": [[[[72.32138307326059, 34.192053106576346], [72.32138188771322, 34.19209743437758], [72.32144076124281, 34.1920985403183], [72.32144205517159, 34.19205421488354], [72.32138307326059, 34.192053106576346]]]]}, "properties": {"id": "Pakistan_123102310_358249", "height": 4.375395774841309, "hmax": 0.0, "ratio": 0.0, "vulnClass": "none"}}, {"type": "Feature", "geometry": {"type": "MultiPolygon", "coordinates": [[[[72.32153587194804, 34.192346456708925], [72.32153411836724, 34.19228529683224], [72.32138398727358, 34.1922882372273], [72.3213857407456, 34.19234939710097], [72.32153587194804, 34.192346456708925]]]]}, "properties": {"id": "Pakistan_123102310_353563", "height": 3.469678640365601, "hmax": 0.0, "ratio": 0.0, "vulnClass": "none"}}, {"type": "Feature", "geometry": {"type": "MultiPolygon", "coordinates": [[[[72.32137478695728, 34.19230471393326], [72.32132924231958, 34.192304079470425], [72.32132744446247, 34.192388330251276], [72.32137309470762, 34.19238905717306], [72.32137478695728, 34.19230471393326]]]]}, "properties": {"id": "Pakistan_123102310_233866", "height": 3.242799758911133, "hmax": 0.0, "ratio": 0.0, "vulnClass": "none"}}, {"type": "Feature", "geometry": {"type": "MultiPolygon", "coordinates": [[[[72.3211399395454, 34.19239640366847], [72.32113495670758, 34.19222473973833], [72.3210331319483, 34.192226751884505], [72.32103800616648, 34.19239841344007], [72.3211399395454, 34.19239640366847]]]]}, "properties": {"id": "Pakistan_123102310_599600", "height": 2.577741146087646, "hmax": 0.0, "ratio": 0.0, "vulnClass": "none"}}, {"type": "Feature", "geometry": {"type": "MultiPolygon", "coordinates": [[[[72.3213861098182, 34.1922863003046], [72.32138922625083, 34.19222209158393], [72.32149228936233, 34.19222551518334], [72.32149543421151, 34.19216040558011], [72.32144460594813, 34.19215875423347], [72.32144553544653, 34.19213966278217], [72.32150980111977, 34.19214178799186], [72.32151164298429, 34.1921041456119], [72.32138040424535, 34.19209974586198], [72.32137710814553, 34.192166204403065], [72.32133159208638, 34.19216466906938], [72.32132967887827, 34.192204563630504], [72.3212079774404, 34.19220046221427], [72.32120404248842, 34.192280248957545], [72.3213861098182, 34.1922863003046]]]]}, "properties": {"id": "Pakistan_123102310_728025", "height": 4.375395774841309, "hmax": 0.0, "ratio": 0.0, "vulnClass": "none"}}, {"type": "Feature", "geometry": {"type": "MultiPolygon", "coordinates": [[[[72.32137854599873, 34.19206589908761], [72.3213813507392, 34.19197725295879], [72.32123781319495, 34.19197411690612], [72.32123500830463, 34.19206276302455], [72.32137854599873, 34.19206589908761]]]]}, "properties": {"id": "Pakistan_123102310_7705", "height": 4.457723617553711, "hmax": 0.0, "ratio": 0.0, "vulnClass": "none"}}, {"type": "Feature", "geometry": {"type": "MultiPolygon", "coordinates": [[[[72.32109159505345, 34.191681992013656], [72.32110039991014, 34.19170886873999], [72.32116289313635, 34.19169499888087], [72.32115419667225, 34.19166812452683], [72.32109159505345, 34.191681992013656]]]]}, "properties": {"id": "Pakistan_123102310_372443", "height": 4.347786903381348, "hmax": 0.0, "ratio": 0.0, "vulnClass": "none"}}, {"type": "Feature", "geometry": {"type": "MultiPolygon", "coordinates": [[[[72.32152419942685, 34.19184442788352], [72.32152563527555, 34.1918710534454], [72.32160861589675, 34.19186799816473], [72.3216047706386, 34.19179408146639], [72.3212299573514, 34.19180752873293], [72.32122845309068, 34.191779639577824], [72.32114819140655, 34.19178248356072], [72.32114656726846, 34.19175152669278], [72.3210073297132, 34.19175650766426], [72.3210128613369, 34.19186282499298], [72.32152419942685, 34.19184442788352]]]]}, "properties": {"id": "Pakistan_123102310_547344", "height": 3.853264331817627, "hmax": 0.0, "ratio": 0.0, "vulnClass": "none"}}, {"type": "Feature", "geometry": {"type": "MultiPolygon", "coordinates": [[[[72.32106097261396, 34.19172062822137], [72.32106241815458, 34.19168523093621], [72.32098860692898, 34.19168307722211], [72.32098705009524, 34.19171856222356], [72.32106097261396, 34.19172062822137]]]]}, "properties": {"id": "Pakistan_123102310_244177", "height": 3.155831336975098, "hmax": 0.0, "ratio": 0.0, "vulnClass": "none"}}, {"type": "Feature", "geometry": {"type": "MultiPolygon", "coordinates": [[[[72.3209817026253, 34.19167499317502], [72.32126051428718, 34.19167152926363], [72.3212595455163, 34.19161300087451], [72.32108513999268, 34.191615140119005], [72.32108434575802, 34.191571670561444], [72.32101738459447, 34.191572461184805], [72.32101853313414, 34.19163901683187], [72.32098098281598, 34.19163945842681], [72.3209817026253, 34.19167499317502]]]]}, "properties": {"id": "Pakistan_123102310_628067", "height": 4.917284488677979, "hmax": 0.0, "ratio": 0.0, "vulnClass": "none"}}, {"type": "Feature", "geometry": {"type": "MultiPolygon", "coordinates": [[[[72.32117266868113, 34.191533483725784], [72.3211747930486, 34.19160006069598], [72.3212647916464, 34.191598060477695], [72.32126255594605, 34.19153157122456], [72.32117266868113, 34.191533483725784]]]]}, "properties": {"id": "Pakistan_123102310_917380", "height": 4.698027610778809, "hmax": 0.0, "ratio": 0.0, "vulnClass": "none"}}, {"type": "Feature", "geometry": {"type": "MultiPolygon", "coordinates": [[[[72.32145834474862, 34.19155306738541], [72.32144376496387, 34.19150983755074], [72.3212893510684, 34.19154531852815], [72.32130393077786, 34.19158854837751], [72.32145834474862, 34.19155306738541]]]]}, "properties": {"id": "Pakistan_123102310_917381", "height": 2.888879060745239, "hmax": 0.0, "ratio": 0.0, "vulnClass": "none"}}, {"type": "Feature", "geometry": {"type": "MultiPolygon", "coordinates": [[[[72.32189110858565, 34.19146011099998], [72.32177153235025, 34.19141972621481], [72.3217518228176, 34.19145977293999], [72.3218715103588, 34.191500070026926], [72.32189110858565, 34.19146011099998]]]]}, "properties": {"id": "Pakistan_123102310_471794", "height": 4.080916404724121, "hmax": 0.0, "ratio": 0.0, "vulnClass": "none"}}, {"type": "Feature", "geometry": {"type": "MultiPolygon", "coordinates": [[[[72.32166925026813, 34.19162826215566], [72.32205775343908, 34.19167587351966], [72.32208175586061, 34.19154126319038], [72.32185611070734, 34.19151361671505], [72.32184400234868, 34.191580874438976], [72.32168135877392, 34.19156100445637], [72.32166925026813, 34.19162826215566]]]]}, "properties": {"id": "Pakistan_123102310_428990", "height": 5.019217491149902, "hmax": 0.0, "ratio": 0.0, "vulnClass": "none"}}, {"type": "Feature", "geometry": {"type": "MultiPolygon", "coordinates": [[[[72.32134691876968, 34.19168711982228], [72.32147832798198, 34.191689540020434], [72.3214804196131, 34.19160971298435], [72.32139194720952, 34.19160805056256], [72.32139258272298, 34.19158453534702], [72.32134964604978, 34.19158377757954], [72.32134691876968, 34.19168711982228]]]]}, "properties": {"id": "Pakistan_123102310_424305", "height": 2.4545738697052, "hmax": 0.0, "ratio": 0.0, "vulnClass": "none"}}, {"type": "Feature", "geometry": {"type": "MultiPolygon", "coordinates": [[[[72.32138397679167, 34.1919251135956], [72.32151384295726, 34.19192831140127], [72.32151557323219, 34.191880479653896], [72.32138570999003, 34.19187719176599], [72.32138397679167, 34.1919251135956]]]]}, "properties": {"id": "Pakistan_123102310_481282", "height": 3.63952112197876, "hmax": 0.0, "ratio": 0.0, "vulnClass": "none"}}, {"type": "Feature", "geometry": {"type": "MultiPolygon", "coordinates": [[[[72.32188857606778, 34.19197228696017], [72.32189312943032, 34.19181119854649], [72.32183414766773, 34.19181009046419], [72.32183120412846, 34.19191342800574], [72.32166889711482, 34.191910333208035], [72.32166728991916, 34.19196799397776], [72.32188857606778, 34.19197228696017]]]]}, "properties": {"id": "Pakistan_123102310_803737", "height": 3.943921089172363, "hmax": 0.0, "ratio": 0.0, "vulnClass": "none"}}, {"type": "Feature", "geometry": {"type": "MultiPolygon", "coordinates": [[[[72.32206717590368, 34.191731251018886], [72.32194151226838, 34.191725531259195], [72.32193877209524, 34.191767571371926], [72.322064438642, 34.19177320104976], [72.32206717590368, 34.191731251018886]]]]}, "properties": {"id": "Pakistan_123102310_44544", "height": 3.104599475860596, "hmax": 0.0, "ratio": 0.0, "vulnClass": "none"}}, {"type": "Feature", "geometry": {"type": "MultiPolygon", "coordinates": [[[[72.32189296752595, 34.19150766056233], [72.32198302416056, 34.19153468932405], [72.32199564734061, 34.19150602695345], [72.32207624643266, 34.19153023472492], [72.32209121163268, 34.19149612435824], [72.32192055313844, 34.19144497794648], [72.32189296752595, 34.19150766056233]]]]}, "properties": {"id": "Pakistan_123102310_879410", "height": 4.145378112792969, "hmax": 0.0, "ratio": 0.0, "vulnClass": "none"}}, {"type": "Feature", "geometry": {"type": "MultiPolygon", "coordinates": [[[[72.32251060832785, 34.19159597474945], [72.32256745666868, 34.191613082584055], [72.32258581349393, 34.19157120318237], [72.32252896517636, 34.19155409535731], [72.32251060832785, 34.19159597474945]]]]}, "properties": {"id": "Pakistan_123102310_604288", "height": 3.568877696990967, "hmax": 0.0, "ratio": 0.0, "vulnClass": "none"}}, {"type": "Feature", "geometry": {"type": "MultiPolygon", "coordinates": [[[[72.32267895471531, 34.19160361764013], [72.32259698693582, 34.19160209813082], [72.32259395903016, 34.191711564064235], [72.3226759269154, 34.19171308358058], [72.32267895471531, 34.19160361764013]]]]}, "properties": {"id": "Pakistan_123102310_869992", "height": 2.636973857879639, "hmax": 0.0, "ratio": 0.0, "vulnClass": "none"}}, {"type": "Feature", "geometry": {"type": "MultiPolygon", "coordinates": [[[[72.32268912847371, 34.19160780639731], [72.32268816045561, 34.191652138981574], [72.32281036614593, 34.191653996171766], [72.32281133410015, 34.19160966358352], [72.32268912847371, 34.19160780639731]]]]}, "properties": {"id": "Pakistan_123102310_580722", "height": 3.623626708984375, "hmax": 0.0, "ratio": 0.0, "vulnClass": "none"}}, {"type": "Feature", "geometry": {"type": "MultiPolygon", "coordinates": [[[[72.3226884719995, 34.19160112097351], [72.32283318736728, 34.191604731777204], [72.32283546383795, 34.19153960314568], [72.3226907457322, 34.19153608243755], [72.3226884719995, 34.19160112097351]]]]}, "properties": {"id": "Pakistan_123102310_140381", "height": 3.492237567901611, "hmax": 0.0, "ratio": 0.0, "vulnClass": "none"}}, {"type": "Feature", "geometry": {"type": "MultiPolygon", "coordinates": [[[[72.32328361906352, 34.19157742472225], [72.32328957014909, 34.19140978575512], [72.32314756249625, 34.19140632476706], [72.32314150271876, 34.19157396134705], [72.32328361906352, 34.19157742472225]]]]}, "properties": {"id": "Pakistan_123102310_590213", "height": 6.84455394744873, "hmax": 0.0, "ratio": 0.0, "vulnClass": "none"}}, {"type": "Feature", "geometry": {"type": "MultiPolygon", "coordinates": [[[[72.32318566236464, 34.19161152632858], [72.32318997493243, 34.191646688778555], [72.32327492937213, 34.19163952856084], [72.32327050835724, 34.191604363745284], [72.32318566236464, 34.19161152632858]]]]}, "properties": {"id": "Pakistan_123102310_167974", "height": 3.937150955200195, "hmax": 0.0, "ratio": 0.0, "vulnClass": "none"}}, {"type": "Feature", "geometry": {"type": "MultiPolygon", "coordinates": [[[[72.32308422953396, 34.19162175239606], [72.32308470776795, 34.19165809322877], [72.32318117985446, 34.19165722458951], [72.32318070157899, 34.19162088375521], [72.32308422953396, 34.19162175239606]]]]}, "properties": {"id": "Pakistan_123102310_609031", "height": 2.910889148712158, "hmax": 0.0, "ratio": 0.0, "vulnClass": "none"}}, {"type": "Feature", "geometry": {"type": "MultiPolygon", "coordinates": [[[[72.32295713427075, 34.19162700070604], [72.32282501502688, 34.19163331112891], [72.32283324262322, 34.19175050528558], [72.32306967105268, 34.19173908008766], [72.32306346156884, 34.191650687804795], [72.32300609481213, 34.19165340184561], [72.3230061775867, 34.191654215001606], [72.32295923829896, 34.19165652564802], [72.32295713427075, 34.19162700070604]]]]}, "properties": {"id": "Pakistan_123102310_362936", "height": 4.762348175048828, "hmax": 0.0, "ratio": 0.0, "vulnClass": "none"}}, {"type": "Feature", "geometry": {"type": "MultiPolygon", "coordinates": [[[[72.3231841158643, 34.191663869630666], [72.3231827456147, 34.19170377610033], [72.32327500126455, 34.19170588042635], [72.32327637147081, 34.191665973953604], [72.3231841158643, 34.191663869630666]]]]}, "properties": {"id": "Pakistan_123102310_609034", "height": 4.4869704246521, "hmax": 0.0, "ratio": 0.0, "vulnClass": "none"}}, {"type": "Feature", "geometry": {"type": "MultiPolygon", "coordinates": [[[[72.32325631472219, 34.191710160249684], [72.32317585602361, 34.19170894452167], [72.32317495661732, 34.1917511150172], [72.32325541535592, 34.19175233074768], [72.32325631472219, 34.191710160249684]]]]}, "properties": {"id": "Pakistan_123102310_926712", "height": 5.270089149475098, "hmax": 0.0, "ratio": 0.0, "vulnClass": "none"}}, {"type": "Feature", "geometry": {"type": "MultiPolygon", "coordinates": [[[[72.32317363996229, 34.19177903272564], [72.32316995317213, 34.19182015071523], [72.32325408107002, 34.19182541315088], [72.32325776781987, 34.19178429515687], [72.32317363996229, 34.19177903272564]]]]}, "properties": {"id": "Pakistan_123102310_348845", "height": 5.470397472381592, "hmax": 0.107, "ratio": 0.02, "vulnClass": "low"}}, {"type": "Feature", "geometry": {"type": "MultiPolygon", "coordinates": [[[[72.32314925274865, 34.19188812249824], [72.3232656109668, 34.19190337405144], [72.32324483276025, 34.19201155098813], [72.32329193815309, 34.19201771794989], [72.32330103661177, 34.19197013716479], [72.32340313583056, 34.19198345458917], [72.32341549422384, 34.191918546039005], [72.32337368397924, 34.19191303562585], [72.32337849272697, 34.19188789864714], [72.3232607308418, 34.19187243625628], [72.3232646240775, 34.191852237537034], [72.32315874771487, 34.19183829663535], [72.32314925274865, 34.19188812249824]]]]}, "properties": {"id": "Pakistan_123102310_452696", "height": 4.910101413726807, "hmax": 0.107, "ratio": 0.022, "vulnClass": "low"}}, {"type": "Feature", "geometry": {"type": "MultiPolygon", "coordinates": [[[[72.32281032768367, 34.19168608867708], [72.32273254229406, 34.19168610298045], [72.32273253083211, 34.19174821597221], [72.32281031627883, 34.191748201671565], [72.32281032768367, 34.19168608867708]]]]}, "properties": {"id": "Pakistan_123102310_884187", "height": 4.561422348022461, "hmax": 0.0, "ratio": 0.0, "vulnClass": "none"}}, {"type": "Feature", "geometry": {"type": "MultiPolygon", "coordinates": [[[[72.32314013229396, 34.19178199729132], [72.32307044066735, 34.19178336046866], [72.32306984046052, 34.19176117050024], [72.3230001488527, 34.19176253363836], [72.32299988595547, 34.19175369321284], [72.32261647659826, 34.19176109730786], [72.32261816245195, 34.191820993616126], [72.3231409553816, 34.19181086321518], [72.32314013229396, 34.19178199729132]]]]}, "properties": {"id": "Pakistan_123102310_509738", "height": 5.464645385742188, "hmax": 0.078, "ratio": 0.014, "vulnClass": "none"}}, {"type": "Feature", "geometry": {"type": "MultiPolygon", "coordinates": [[[[72.32243954998592, 34.19172631213942], [72.32243728843872, 34.19181497018677], [72.32254040244194, 34.19181677130604], [72.3225425583186, 34.19172802079656], [72.32243954998592, 34.19172631213942]]]]}, "properties": {"id": "Pakistan_123102310_443158", "height": 3.853116512298584, "hmax": 0.0, "ratio": 0.0, "vulnClass": "none"}}, {"type": "Feature", "geometry": {"type": "MultiPolygon", "coordinates": [[[[72.32236825819149, 34.19187431374888], [72.32243781596435, 34.19187718509275], [72.32244058709631, 34.19183072829741], [72.32237102936134, 34.1918278569569], [72.32236825819149, 34.19187431374888]]]]}, "properties": {"id": "Pakistan_123102310_490665", "height": 3.568455219268799, "hmax": 0.0, "ratio": 0.0, "vulnClass": "none"}}, {"type": "Feature", "geometry": {"type": "MultiPolygon", "coordinates": [[[[72.32244582719935, 34.19188114634337], [72.32287761766125, 34.1918807491212], [72.32287764281985, 34.19186966123955], [72.32293134381702, 34.191869661866235], [72.32293124249078, 34.19183855795651], [72.32244574841766, 34.19183904465045], [72.32244582719935, 34.19188114634337]]]]}, "properties": {"id": "Pakistan_123102310_850989", "height": 5.000607967376709, "hmax": 0.077, "ratio": 0.015, "vulnClass": "none"}}, {"type": "Feature", "geometry": {"type": "MultiPolygon", "coordinates": [[[[72.32243701943915, 34.19207044893786], [72.32260853590638, 34.19206707275093], [72.32260552709518, 34.19195981888976], [72.32251705439319, 34.19196158295905], [72.32251598021661, 34.191926941964134], [72.32243293670336, 34.191928554088804], [72.32243701943915, 34.19207044893786]]]]}, "properties": {"id": "Pakistan_123102310_64571", "height": 4.092565059661865, "hmax": 0.0, "ratio": 0.0, "vulnClass": "none"}}, {"type": "Feature", "geometry": {"type": "MultiPolygon", "coordinates": [[[[72.32334096952506, 34.19213796650864], [72.32340004422822, 34.19200231856597], [72.32330976406074, 34.1919754662443], [72.32329291653541, 34.1920142234657], [72.32330432669644, 34.192037641085996], [72.32328418194733, 34.192036570234514], [72.32322388675449, 34.19201866627008], [72.32320726739891, 34.192057067860404], [72.32300786550846, 34.19204685444995], [72.32299535098323, 34.19207551930216], [72.32299722132863, 34.192050678782685], [72.32296656913816, 34.19204910800372], [72.32297026426353, 34.19200086836837], [72.32292587743999, 34.19198763880608], [72.32291823650236, 34.19197196619171], [72.32299351175526, 34.1919758635626], [72.3229983843257, 34.19191097191252], [72.32292516611108, 34.19190720961157], [72.32290305815404, 34.19195793199253], [72.32279944349547, 34.19199254077826], [72.32271485334385, 34.19198816943076], [72.32270940175609, 34.19206107175493], [72.32285107113098, 34.1920684023357], [72.32284788349227, 34.1921108834567], [72.32289141161229, 34.19212382384874], [72.32285358487478, 34.19213643020615], [72.32286917204951, 34.1921684131573], [72.32294390825878, 34.19217220864281], [72.32294801679153, 34.19211775769684], [72.32334096952506, 34.19213796650864]]]]}, "properties": {"id": "Pakistan_123102310_723351", "height": 5.389549732208252, "hmax": 0.094, "ratio": 0.018, "vulnClass": "none"}}, {"type": "Feature", "geometry": {"type": "MultiPolygon", "coordinates": [[[[72.32276767478672, 34.19196795736009], [72.32276990052398, 34.19191472740567], [72.32270714416822, 34.19191290626985], [72.32270480997951, 34.19196613385388], [72.32276767478672, 34.19196795736009]]]]}, "properties": {"id": "Pakistan_123102310_485981", "height": 3.105600595474243, "hmax": 0.0, "ratio": 0.0, "vulnClass": "none"}}, {"type": "Feature", "geometry": {"type": "MultiPolygon", "coordinates": [[[[72.3227999729992, 34.19209243836486], [72.32274643725489, 34.19209063828866], [72.32274416829542, 34.19213494246309], [72.32279781247996, 34.19213674490891], [72.3227999729992, 34.19209243836486]]]]}, "properties": {"id": "Pakistan_123102310_282013", "height": 2.577536106109619, "hmax": 0.098, "ratio": 0.038, "vulnClass": "none"}}, {"type": "Feature", "geometry": {"type": "MultiPolygon", "coordinates": [[[[72.32321943065325, 34.192135583489836], [72.32317118143219, 34.19213471036651], [72.32316978603049, 34.19218570471566], [72.32321803528055, 34.19218657784091], [72.32321943065325, 34.192135583489836]]]]}, "properties": {"id": "Pakistan_123102310_670906", "height": 3.633388996124268, "hmax": 0.098, "ratio": 0.027, "vulnClass": "none"}}, {"type": "Feature", "geometry": {"type": "MultiPolygon", "coordinates": [[[[72.32359002918278, 34.19212852894019], [72.3239037320866, 34.1921847787164], [72.3239153353077, 34.19214031764574], [72.32380400894762, 34.19212030844224], [72.32381608857531, 34.19207450553269], [72.3238402533464, 34.192078819290174], [72.32386886213308, 34.19197000180687], [72.32380478420075, 34.19195850634988], [72.32377197386347, 34.19208354923007], [72.32360940521892, 34.19205439797562], [72.32359002918278, 34.19212852894019]]]]}, "properties": {"id": "Pakistan_123102310_271490", "height": 3.596522331237793, "hmax": 0.094, "ratio": 0.026, "vulnClass": "none"}}, {"type": "Feature", "geometry": {"type": "MultiPolygon", "coordinates": [[[[72.32346395766567, 34.192032742113845], [72.32344895393669, 34.19208524238792], [72.32340075849034, 34.19207580629332], [72.32338625387204, 34.19212624400774], [72.32353871171533, 34.192156076338705], [72.32355371540493, 34.19210357605215], [72.32350541152137, 34.192094137631045], [72.32351991606276, 34.192043699898655], [72.32346395766567, 34.192032742113845]]]]}, "properties": {"id": "Pakistan_123102310_761365", "height": 3.734026432037354, "hmax": 0.098, "ratio": 0.026, "vulnClass": "none"}}, {"type": "Feature", "geometry": {"type": "MultiPolygon", "coordinates": [[[[72.32334648574357, 34.192165943242514], [72.32330031022614, 34.192157813304014], [72.32328720065237, 34.1922087322103], [72.32333337619565, 34.19221686215492], [72.32334648574357, 34.192165943242514]]]]}, "properties": {"id": "Pakistan_123102310_110944", "height": 2.97816276550293, "hmax": 0.098, "ratio": 0.033, "vulnClass": "none"}}, {"type": "Feature", "geometry": {"type": "MultiPolygon", "coordinates": [[[[72.32348644670171, 34.192337128236794], [72.32348168067327, 34.19236091390323], [72.32357717576441, 34.19237381657208], [72.3235849137299, 34.19233495060186], [72.32374803311585, 34.19235699208401], [72.32376082497179, 34.19229209295851], [72.32334168212549, 34.19223552420855], [72.32332580954363, 34.192315501199765], [72.32348644670171, 34.192337128236794]]]]}, "properties": {"id": "Pakistan_123102310_83519", "height": 2.723798036575317, "hmax": 0.096, "ratio": 0.035, "vulnClass": "none"}}, {"type": "Feature", "geometry": {"type": "MultiPolygon", "coordinates": [[[[72.32377778754817, 34.19222223647764], [72.32390654163041, 34.1922228832858], [72.32390688968611, 34.19217411980332], [72.32372455141862, 34.192173204837765], [72.3237244240383, 34.19219096158064], [72.32377800830895, 34.19219122974248], [72.32377778754817, 34.19222223647764]]]]}, "properties": {"id": "Pakistan_123102310_111935", "height": 3.596522331237793, "hmax": 0.08, "ratio": 0.022, "vulnClass": "none"}}, {"type": "Feature", "geometry": {"type": "MultiPolygon", "coordinates": [[[[72.32390826283279, 34.19218902450376], [72.32395609290306, 34.19219286313437], [72.32395845113311, 34.19217317178502], [72.32391062392142, 34.19216924306814], [72.32390826283279, 34.19218902450376]]]]}, "properties": {"id": "Pakistan_123102310_481313", "height": 3.272107362747192, "hmax": 0.078, "ratio": 0.024, "vulnClass": "none"}}, {"type": "Feature", "geometry": {"type": "MultiPolygon", "coordinates": [[[[72.3240077328857, 34.19221688832443], [72.32432511834322, 34.192252753388686], [72.32433596970172, 34.192187451241985], [72.32401858448077, 34.19215158621692], [72.3240077328857, 34.19221688832443]]]]}, "properties": {"id": "Pakistan_123102310_443173", "height": 3.930839538574219, "hmax": 0.105, "ratio": 0.027, "vulnClass": "low"}}, {"type": "Feature", "geometry": {"type": "MultiPolygon", "coordinates": [[[[72.32424557199136, 34.19202356921578], [72.32415437157086, 34.192022390141624], [72.32415358105023, 34.19206456303148], [72.32424478151609, 34.19206574210838], [72.32424557199136, 34.19202356921578]]]]}, "properties": {"id": "Pakistan_123102310_775530", "height": 3.172991991043091, "hmax": 0.13, "ratio": 0.041, "vulnClass": "low"}}, {"type": "Feature", "geometry": {"type": "MultiPolygon", "coordinates": [[[[72.32390805122566, 34.191986362974745], [72.32390387112356, 34.192025937678864], [72.32398764844028, 34.19203200331297], [72.32399183135142, 34.19199233851645], [72.32390805122566, 34.191986362974745]]]]}, "properties": {"id": "Pakistan_123102310_372468", "height": 3.270380020141602, "hmax": 0.107, "ratio": 0.033, "vulnClass": "low"}}, {"type": "Feature", "geometry": {"type": "MultiPolygon", "coordinates": [[[[72.3238841307751, 34.19196402458969], [72.32417986122479, 34.19199851583555], [72.32418039168452, 34.191995462316854], [72.32433182465526, 34.192013101059], [72.324338880221, 34.19197178609025], [72.32418225776941, 34.191953583349765], [72.32419038855463, 34.191905710916174], [72.32415882615373, 34.19190204712435], [72.32415098336061, 34.19194767209385], [72.32389211060193, 34.19191750113342], [72.3238841307751, 34.19196402458969]]]]}, "properties": {"id": "Pakistan_123102310_367717", "height": 3.519331455230713, "hmax": 0.12, "ratio": 0.034, "vulnClass": "low"}}, {"type": "Feature", "geometry": {"type": "MultiPolygon", "coordinates": [[[[72.32420467013422, 34.19185544852381], [72.32411485341828, 34.191851685277115], [72.32411257907391, 34.191889318288204], [72.3242022874173, 34.19189307917237], [72.32420467013422, 34.19185544852381]]]]}, "properties": {"id": "Pakistan_123102310_467032", "height": 2.713595390319824, "hmax": 0.13, "ratio": 0.048, "vulnClass": "low"}}, {"type": "Feature", "geometry": {"type": "MultiPolygon", "coordinates": [[[[72.32408250924468, 34.1918933497925], [72.32409645794402, 34.19185705338017], [72.324063425996, 34.191848399247355], [72.32404947728443, 34.19188469565537], [72.32408250924468, 34.1918933497925]]]]}, "properties": {"id": "Pakistan_123102310_481315", "height": 3.260822772979736, "hmax": 0.107, "ratio": 0.033, "vulnClass": "low"}}, {"type": "Feature", "geometry": {"type": "MultiPolygon", "coordinates": [[[[72.3242420799073, 34.191931540124195], [72.32424486165951, 34.1918881485908], [72.32439728658692, 34.191894990909944], [72.32440247388287, 34.191816673710626], [72.3242152715931, 34.19180835120794], [72.32420730520285, 34.191929969835265], [72.3242420799073, 34.191931540124195]]]]}, "properties": {"id": "Pakistan_123102310_362952", "height": 2.729208707809448, "hmax": 0.13, "ratio": 0.048, "vulnClass": "low"}}, {"type": "Feature", "geometry": {"type": "MultiPolygon", "coordinates": [[[[72.32381715560616, 34.191827968928706], [72.32392207653037, 34.19184468305479], [72.3239171707223, 34.19186603164598], [72.3239597000108, 34.19187281966627], [72.32398281433125, 34.191773077509524], [72.3238353614095, 34.19174966548093], [72.32381715560616, 34.191827968928706]]]]}, "properties": {"id": "Pakistan_123102310_675745", "height": 4.892142295837402, "hmax": 0.087, "ratio": 0.018, "vulnClass": "none"}}, {"type": "Feature", "geometry": {"type": "MultiPolygon", "coordinates": [[[[72.32366411651773, 34.19185428763554], [72.32364446319222, 34.19191660292764], [72.32374747302082, 34.19193886477933], [72.32376712627789, 34.191876549467565], [72.32366411651773, 34.19185428763554]]]]}, "properties": {"id": "Pakistan_123102310_818047", "height": 4.287518501281738, "hmax": 0.097, "ratio": 0.023, "vulnClass": "none"}}, {"type": "Feature", "geometry": {"type": "MultiPolygon", "coordinates": [[[[72.32359715639916, 34.19177610840636], [72.32358251504948, 34.19187892023701], [72.3236512999815, 34.19188565046537], [72.3236574570467, 34.191841881883605], [72.32362317300839, 34.191838519143275], [72.32363154882283, 34.19177947351928], [72.32359715639916, 34.19177610840636]]]]}, "properties": {"id": "Pakistan_123102310_827396", "height": 3.626808166503906, "hmax": 0.094, "ratio": 0.026, "vulnClass": "none"}}, {"type": "Feature", "geometry": {"type": "MultiPolygon", "coordinates": [[[[72.3235486946266, 34.191902071656024], [72.32345246415233, 34.19189185741974], [72.32343527536592, 34.192003177850246], [72.32361324636246, 34.19202211802494], [72.32362360457843, 34.19195527264006], [72.32354175582923, 34.19194654436408], [72.3235486946266, 34.191902071656024]]]]}, "properties": {"id": "Pakistan_123102310_846316", "height": 3.325419187545776, "hmax": 0.097, "ratio": 0.029, "vulnClass": "none"}}, {"type": "Feature", "geometry": {"type": "MultiPolygon", "coordinates": [[[[72.32337872706304, 34.1917329361539], [72.32337920542096, 34.191769276990904], [72.32359646833547, 34.19176698824973], [72.3235958786242, 34.19173073513026], [72.32337872706304, 34.1917329361539]]]]}, "properties": {"id": "Pakistan_123102310_362941", "height": 4.142064094543457, "hmax": 0.057, "ratio": 0.014, "vulnClass": "none"}}, {"type": "Feature", "geometry": {"type": "MultiPolygon", "coordinates": [[[[72.32332766896185, 34.191697384230395], [72.3232944237247, 34.19169891217093], [72.32329684206849, 34.191735655960706], [72.32333008447189, 34.19173421810788], [72.32332766896185, 34.191697384230395]]]]}, "properties": {"id": "Pakistan_123102310_855794", "height": 4.154397010803223, "hmax": 0.0, "ratio": 0.0, "vulnClass": "none"}}, {"type": "Feature", "geometry": {"type": "MultiPolygon", "coordinates": [[[[72.32333480616037, 34.191680952473405], [72.32333775305635, 34.19173186133006], [72.32342334683801, 34.19172850126332], [72.32342050830223, 34.191677594773], [72.32333480616037, 34.191680952473405]]]]}, "properties": {"id": "Pakistan_123102310_206637", "height": 3.808714866638184, "hmax": 0.0, "ratio": 0.0, "vulnClass": "none"}}, {"type": "Feature", "geometry": {"type": "MultiPolygon", "coordinates": [[[[72.32342773742918, 34.19172688426672], [72.323585941561, 34.19172592056494], [72.32358536704874, 34.19165486992845], [72.32342705463807, 34.191655831269074], [72.32342773742918, 34.19172688426672]]]]}, "properties": {"id": "Pakistan_123102310_732843", "height": 3.245513200759888, "hmax": 0.057, "ratio": 0.018, "vulnClass": "none"}}, {"type": "Feature", "geometry": {"type": "MultiPolygon", "coordinates": [[[[72.32361170353818, 34.191724319340125], [72.32359467678454, 34.191768752138266], [72.32365568501976, 34.191784688185926], [72.32363712360896, 34.19183305408385], [72.32371028848665, 34.1918522304211], [72.32374576814215, 34.19175942932443], [72.32361170353818, 34.191724319340125]]]]}, "properties": {"id": "Pakistan_123102310_926718", "height": 4.238207817077637, "hmax": 0.073, "ratio": 0.017, "vulnClass": "none"}}, {"type": "Feature", "geometry": {"type": "MultiPolygon", "coordinates": [[[[72.32357320748518, 34.19154534284962], [72.32356935462595, 34.19141670502986], [72.3234621016393, 34.19141887117752], [72.32346595433508, 34.19154750899289], [72.32357320748518, 34.19154534284962]]]]}, "properties": {"id": "Pakistan_123102310_794297", "height": 2.557400465011597, "hmax": 0.057, "ratio": 0.022, "vulnClass": "none"}}, {"type": "Feature", "geometry": {"type": "MultiPolygon", "coordinates": [[[[72.3241343402461, 34.191547494132195], [72.32410366771775, 34.191677001126585], [72.32438936996584, 34.191723262908994], [72.32440940353757, 34.19163859860591], [72.32435252102393, 34.1916294240618], [72.32436316244517, 34.191584491198384], [72.3241343402461, 34.191547494132195]]]]}, "properties": {"id": "Pakistan_123102310_287034", "height": 4.899479866027832, "hmax": 0.11, "ratio": 0.022, "vulnClass": "low"}}, {"type": "Feature", "geometry": {"type": "MultiPolygon", "coordinates": [[[[72.32463664708492, 34.19186631789569], [72.32462518355227, 34.19190293905449], [72.32452324621924, 34.19188106194062], [72.32450889034693, 34.19192681525907], [72.32465964243083, 34.191959133168304], [72.32468556730846, 34.19187685111797], [72.32463664708492, 34.19186631789569]]]]}, "properties": {"id": "Pakistan_123102310_6956", "height": 2.555118560791016, "hmax": 0.0, "ratio": 0.0, "vulnClass": "none"}}, {"type": "Feature", "geometry": {"type": "MultiPolygon", "coordinates": [[[[72.32468042120777, 34.19184401441452], [72.32468178147064, 34.19183529955663], [72.3248456131477, 34.19185194610801], [72.324857894963, 34.19176882543143], [72.3245831088289, 34.191741013218], [72.3245694693244, 34.19183275862313], [72.32468042120777, 34.19184401441452]]]]}, "properties": {"id": "Pakistan_123102310_35306", "height": 3.089457035064697, "hmax": 0.0, "ratio": 0.0, "vulnClass": "none"}}, {"type": "Feature", "geometry": {"type": "MultiPolygon", "coordinates": [[[[72.32475918516654, 34.191758107376295], [72.32484748692198, 34.191761746942774], [72.32485050462276, 34.191710878093026], [72.32476220292, 34.19170723853121], [72.32475918516654, 34.191758107376295]]]]}, "properties": {"id": "Pakistan_123102310_571227", "height": 2.454229354858398, "hmax": 0.0, "ratio": 0.0, "vulnClass": "none"}}, {"type": "Feature", "geometry": {"type": "MultiPolygon", "coordinates": [[[[72.3249286600092, 34.19173692383828], [72.32504102923825, 34.19174108838278], [72.32504340538503, 34.19169678647107], [72.32493103621442, 34.1916926219315], [72.3249286600092, 34.19173692383828]]]]}, "properties": {"id": "Pakistan_123102310_44612", "height": 2.52401876449585, "hmax": 0.0, "ratio": 0.0, "vulnClass": "none"}}, {"type": "Feature", "geometry": {"type": "MultiPolygon", "coordinates": [[[[72.32484731228743, 34.19203850332183], [72.32502137144071, 34.1920439237681], [72.32502921887472, 34.19187109731911], [72.32497036811, 34.19186927240576], [72.32496587596958, 34.19196680673819], [72.32485077621486, 34.19196321358817], [72.32484731228743, 34.19203850332183]]]]}, "properties": {"id": "Pakistan_123102310_206677", "height": 2.483568668365479, "hmax": 0.0, "ratio": 0.0, "vulnClass": "none"}}, {"type": "Feature", "geometry": {"type": "MultiPolygon", "coordinates": [[[[72.32503067018885, 34.191859499646064], [72.32503366291184, 34.19181971868305], [72.3248612358519, 34.19181072788096], [72.32485813748315, 34.19185041638273], [72.32503067018885, 34.191859499646064]]]]}, "properties": {"id": "Pakistan_123102310_334649", "height": 3.237631559371948, "hmax": 0.0, "ratio": 0.0, "vulnClass": "none"}}, {"type": "Feature", "geometry": {"type": "MultiPolygon", "coordinates": [[[[72.32545247819259, 34.192223171336714], [72.32543889419873, 34.19217239105687], [72.32532890270237, 34.19219252905993], [72.32534248663175, 34.19224330934885], [72.32545247819259, 34.192223171336714]]]]}, "properties": {"id": "Pakistan_123102310_747184", "height": 2.460553169250488, "hmax": 0.0, "ratio": 0.0, "vulnClass": "none"}}, {"type": "Feature", "geometry": {"type": "MultiPolygon", "coordinates": [[[[72.32550745036254, 34.192461104185355], [72.32549529837468, 34.19222419558182], [72.32540819483313, 34.19222725370243], [72.32541018924589, 34.19226714347065], [72.3253662052257, 34.19226861800322], [72.3253699709741, 34.192341721579766], [72.32540743887566, 34.192340465497864], [72.32540991610591, 34.19238911033934], [72.3249467009999, 34.192405418373326], [72.32494820648658, 34.19243330753888], [72.32482504416362, 34.19243765192372], [72.32482745249837, 34.19248503316613], [72.32550745036254, 34.192461104185355]]]]}, "properties": {"id": "Pakistan_123102310_528575", "height": 2.548893690109253, "hmax": 0.067, "ratio": 0.026, "vulnClass": "none"}}, {"type": "Feature", "geometry": {"type": "MultiPolygon", "coordinates": [[[[72.32511422440128, 34.19228809223939], [72.32521491400907, 34.192287674628716], [72.32521380296406, 34.19211681631895], [72.3250327115401, 34.192117643355964], [72.32503390487447, 34.19232708761027], [72.32511441265974, 34.192326770654404], [72.32511422440128, 34.19228809223939]]]]}, "properties": {"id": "Pakistan_123102310_642249", "height": 3.084782600402832, "hmax": 0.0, "ratio": 0.0, "vulnClass": "none"}}, {"type": "Feature", "geometry": {"type": "MultiPolygon", "coordinates": [[[[72.32457262811393, 34.19196967508813], [72.32456239112342, 34.192046439705564], [72.3248432092393, 34.19207222000695], [72.32485344598132, 34.1919954553544], [72.32457262811393, 34.19196967508813]]]]}, "properties": {"id": "Pakistan_123102310_405533", "height": 2.609989643096924, "hmax": 0.0, "ratio": 0.0, "vulnClass": "none"}}, {"type": "Feature", "geometry": {"type": "MultiPolygon", "coordinates": [[[[72.3249632651202, 34.19252324509411], [72.32477701718261, 34.192519000978145], [72.32477434665618, 34.192600077607175], [72.32496059477158, 34.1926043217356], [72.3249632651202, 34.19252324509411]]]]}, "properties": {"id": "Pakistan_123102310_613863", "height": 2.515280723571777, "hmax": 0.0, "ratio": 0.0, "vulnClass": "none"}}, {"type": "Feature", "geometry": {"type": "MultiPolygon", "coordinates": [[[[72.32426940400929, 34.1928175885499], [72.32425138466249, 34.19291059055431], [72.32444358321057, 34.192935970273126], [72.32446822759256, 34.19280840510924], [72.32432832199972, 34.19278984612509], [72.32432169386051, 34.1928244993245], [72.32426940400929, 34.1928175885499]]]]}, "properties": {"id": "Pakistan_123102310_424337", "height": 2.590754508972168, "hmax": 0.053, "ratio": 0.02, "vulnClass": "none"}}, {"type": "Feature", "geometry": {"type": "MultiPolygon", "coordinates": [[[[72.32763346270376, 34.19216281959005], [72.3276141830524, 34.19211371837098], [72.32754973641865, 34.192131064813985], [72.327569124448, 34.19218016840459], [72.32763346270376, 34.19216281959005]]]]}, "properties": {"id": "Pakistan_123102310_471860", "height": 2.574305057525635, "hmax": 0.0, "ratio": 0.0, "vulnClass": "none"}}, {"type": "Feature", "geometry": {"type": "MultiPolygon", "coordinates": [[[[72.32737389053447, 34.1920378930916], [72.3274061085963, 34.19214794731136], [72.3275227096562, 34.19212461595029], [72.32752358868123, 34.19212770020987], [72.32764259467488, 34.192103790104845], [72.32760938887418, 34.19199064931065], [72.32737389053447, 34.1920378930916]]]]}, "properties": {"id": "Pakistan_123102310_766157", "height": 2.489794969558716, "hmax": 0.0, "ratio": 0.0, "vulnClass": "none"}}, {"type": "Feature", "geometry": {"type": "MultiPolygon", "coordinates": [[[[72.32637811224615, 34.192373716931236], [72.32636214798598, 34.19244981594136], [72.3263043302593, 34.19245648828015], [72.32629590889559, 34.19249642134927], [72.32624614500466, 34.19250227764602], [72.32625951221738, 34.19258054884877], [72.32640803658323, 34.192563233601845], [72.32641910046164, 34.19262856312165], [72.3265237437143, 34.192616330868425], [72.32654740618241, 34.19264686677673], [72.32676986475177, 34.19262097631492], [72.32679334586365, 34.19250952206183], [72.32688513928663, 34.19249881231892], [72.32687974418822, 34.19246696190836], [72.32691174153078, 34.192449990150955], [72.32689490257651, 34.19235108912118], [72.32684835577444, 34.19234439481504], [72.32683585103184, 34.19240371128661], [72.32676534618224, 34.19244111880441], [72.32672193194608, 34.19243485335107], [72.32670189282464, 34.192530065500826], [72.32645286500748, 34.1925590726136], [72.32642806836192, 34.19241330033818], [72.32650178548249, 34.19240472089505], [72.32653170232177, 34.19244332638297], [72.32656273376632, 34.19243976599716], [72.32657205044276, 34.19239552523161], [72.32666079396871, 34.192385199899746], [72.32665502789274, 34.19235135809336], [72.32677164741217, 34.19233776405795], [72.32665209509274, 34.19232055301377], [72.32660078694816, 34.192347831472176], [72.32637811224615, 34.192373716931236]]]]}, "properties": {"id": "Pakistan_123102310_789607", "height": 2.60338830947876, "hmax": 0.0, "ratio": 0.0, "vulnClass": "none"}}, {"type": "Feature", "geometry": {"type": "MultiPolygon", "coordinates": [[[[72.32663693678779, 34.19215813289068], [72.32664229938817, 34.19230438288036], [72.32705357921496, 34.19229396784418], [72.32704684307492, 34.19211216882628], [72.32693153809981, 34.19211506394935], [72.32693146065255, 34.192110644913114], [72.32688195049919, 34.19211190936028], [72.32688340354575, 34.19215178731942], [72.32663693678779, 34.19215813289068]]]]}, "properties": {"id": "Pakistan_123102310_528589", "height": 2.579410314559937, "hmax": 0.0, "ratio": 0.0, "vulnClass": "none"}}, {"type": "Feature", "geometry": {"type": "MultiPolygon", "coordinates": [[[[72.32767683793634, 34.19181975271574], [72.32760466889704, 34.19161777628311], [72.32780201058004, 34.19156952009788], [72.32777938010348, 34.19150628247295], [72.3275500065159, 34.19156231452134], [72.32756236330962, 34.19159702115539], [72.32753524960565, 34.19160364214974], [72.32756665238423, 34.191691411519535], [72.32750739529116, 34.191705896116936], [72.32748187699983, 34.19163448199772], [72.32737834045454, 34.191659810977136], [72.3273892018252, 34.19169033812994], [72.32744102432869, 34.19167767482941], [72.32744321601459, 34.19168385280216], [72.32714233717158, 34.19175743715693], [72.32715619485926, 34.19179614314635], [72.32714876024862, 34.191797964367076], [72.32717866447845, 34.19188164440835], [72.32698864798124, 34.191928075962565], [72.3270083899756, 34.19198313724807], [72.32767683793634, 34.19181975271574]]]]}, "properties": {"id": "Pakistan_123102310_35372", "height": 2.587232112884521, "hmax": 0.0, "ratio": 0.0, "vulnClass": "none"}}, {"type": "Feature", "geometry": {"type": "MultiPolygon", "coordinates": [[[[72.32741095917959, 34.19101829359398], [72.32746140775787, 34.19119004718166], [72.32763467686247, 34.19115514960589], [72.32759401977744, 34.19101687484697], [72.32749531918589, 34.19103681020645], [72.32748542182217, 34.191003238975334], [72.32741095917959, 34.19101829359398]]]]}, "properties": {"id": "Pakistan_123102310_419652", "height": 3.569915771484375, "hmax": 0.0, "ratio": 0.0, "vulnClass": "none"}}, {"type": "Feature", "geometry": {"type": "MultiPolygon", "coordinates": [[[[72.32811464223553, 34.19128505892655], [72.32806024816169, 34.191100778891894], [72.32798687531219, 34.191115677311096], [72.32800196427505, 34.19116694089795], [72.32784255737079, 34.19119916617101], [72.32784716081223, 34.191214862449634], [72.32774333056194, 34.191235768004745], [72.32777792612634, 34.191352995810135], [72.32811464223553, 34.19128505892655]]]]}, "properties": {"id": "Pakistan_123102310_775573", "height": 3.209503412246704, "hmax": 0.0, "ratio": 0.0, "vulnClass": "none"}}, {"type": "Feature", "geometry": {"type": "MultiPolygon", "coordinates": [[[[72.32662850245949, 34.19120903060894], [72.32660618743456, 34.191153011663665], [72.32654326767081, 34.1911701204352], [72.32656557981227, 34.191226229477955], [72.32662850245949, 34.19120903060894]]]]}, "properties": {"id": "Pakistan_123102310_91852", "height": 2.66765832901001, "hmax": 0.0, "ratio": 0.0, "vulnClass": "none"}}, {"type": "Feature", "geometry": {"type": "MultiPolygon", "coordinates": [[[[72.32663689789594, 34.19116990828735], [72.32669554473081, 34.19131560727205], [72.32679797666415, 34.191287460131015], [72.32675451646783, 34.19117959469807], [72.32684764790822, 34.19115394922464], [72.32688225633979, 34.191239805345866], [72.32693292591742, 34.19122585501851], [72.32688313626522, 34.19110198523753], [72.32663689789594, 34.19116990828735]]]]}, "properties": {"id": "Pakistan_123102310_580770", "height": 2.899197578430176, "hmax": 0.0, "ratio": 0.0, "vulnClass": "none"}}, {"type": "Feature", "geometry": {"type": "MultiPolygon", "coordinates": [[[[72.32658041603754, 34.19098657380248], [72.32662175032533, 34.19115488355762], [72.32682897231258, 34.19112009640667], [72.32678764046445, 34.19095169661394], [72.32658041603754, 34.19098657380248]]]]}, "properties": {"id": "Pakistan_123102310_571244", "height": 2.832665920257568, "hmax": 0.0, "ratio": 0.0, "vulnClass": "none"}}, {"type": "Feature", "geometry": {"type": "MultiPolygon", "coordinates": [[[[72.32608416493981, 34.19135870901169], [72.3260809844606, 34.19129796873921], [72.32604503478007, 34.19129925815118], [72.32604821523339, 34.191359998423366], [72.32608416493981, 34.19135870901169]]]]}, "properties": {"id": "Pakistan_123102310_443191", "height": 2.786139965057373, "hmax": 0.0, "ratio": 0.0, "vulnClass": "none"}}, {"type": "Feature", "geometry": {"type": "MultiPolygon", "coordinates": [[[[72.32628894922894, 34.19143204956374], [72.32628708122343, 34.191374403013164], [72.3259949384571, 34.19138092321065], [72.32599680626309, 34.19143856975621], [72.32628894922894, 34.19143204956374]]]]}, "properties": {"id": "Pakistan_123102310_599659", "height": 2.53515625, "hmax": 0.0, "ratio": 0.0, "vulnClass": "none"}}, {"type": "Feature", "geometry": {"type": "MultiPolygon", "coordinates": [[[[72.32604411295132, 34.191362793752916], [72.32604079279092, 34.19130304208311], [72.32590426048105, 34.19130826795486], [72.32590758054471, 34.19136801962375], [72.32604411295132, 34.191362793752916]]]]}, "properties": {"id": "Pakistan_123102310_680529", "height": 2.703930854797363, "hmax": 0.0, "ratio": 0.0, "vulnClass": "none"}}, {"type": "Feature", "geometry": {"type": "MultiPolygon", "coordinates": [[[[72.32603556569252, 34.19129679788699], [72.32603692541144, 34.191215963046794], [72.32595385660541, 34.19121496268164], [72.32595420032533, 34.19119721064064], [72.32589086811751, 34.19119646038965], [72.32588916452579, 34.19129504726182], [72.32603556569252, 34.19129679788699]]]]}, "properties": {"id": "Pakistan_123102310_282077", "height": 2.862978935241699, "hmax": 0.0, "ratio": 0.0, "vulnClass": "none"}}, {"type": "Feature", "geometry": {"type": "MultiPolygon", "coordinates": [[[[72.32646804646953, 34.19131912075728], [72.32645391461094, 34.19124101319084], [72.32651272711098, 34.19123373140073], [72.32649607776347, 34.19114258734919], [72.3262353345023, 34.191175124960466], [72.32622840142976, 34.19113702063811], [72.32612722062584, 34.19114959864807], [72.32616493703821, 34.19135686455617], [72.32646804646953, 34.19131912075728]]]]}, "properties": {"id": "Pakistan_123102310_291846", "height": 3.1973876953125, "hmax": 0.0, "ratio": 0.0, "vulnClass": "none"}}, {"type": "Feature", "geometry": {"type": "MultiPolygon", "coordinates": [[[[72.32601617262354, 34.191141407187935], [72.32588762005243, 34.19114473363409], [72.325889441412, 34.19119354447434], [72.32601810246894, 34.19119022039421], [72.32601617262354, 34.191141407187935]]]]}, "properties": {"id": "Pakistan_123102310_524014", "height": 2.446115255355835, "hmax": 0.0, "ratio": 0.0, "vulnClass": "none"}}, {"type": "Feature", "geometry": {"type": "MultiPolygon", "coordinates": [[[[72.3244680739702, 34.19146075111366], [72.32457878905772, 34.191479484258906], [72.32459633267152, 34.19140837821633], [72.324485617671, 34.19138964509097], [72.3244680739702, 34.19146075111366]]]]}, "properties": {"id": "Pakistan_123102310_713845", "height": 2.615767478942871, "hmax": 0.0, "ratio": 0.0, "vulnClass": "none"}}, {"type": "Feature", "geometry": {"type": "MultiPolygon", "coordinates": [[[[72.32431819735822, 34.19136300327646], [72.32436373020006, 34.19136399695628], [72.32436302981232, 34.191386158544965], [72.32440054021254, 34.19138697713585], [72.32440156230855, 34.19135463562941], [72.32445522601358, 34.19135580671357], [72.3244561626775, 34.19132616783851], [72.32431945864502, 34.191323094400566], [72.32431819735822, 34.19136300327646]]]]}, "properties": {"id": "Pakistan_123102310_196070", "height": 2.77611255645752, "hmax": 0.08, "ratio": 0.029, "vulnClass": "none"}}, {"type": "Feature", "geometry": {"type": "MultiPolygon", "coordinates": [[[[72.3243554718977, 34.19111383108013], [72.32436378795829, 34.19128664960917], [72.32446283000877, 34.19128340198545], [72.32445957599634, 34.19121472690453], [72.32444350264691, 34.19121527764416], [72.32443844041568, 34.19111113419339], [72.3243554718977, 34.19111383108013]]]]}, "properties": {"id": "Pakistan_123102310_296683", "height": 3.155802249908447, "hmax": 0.11, "ratio": 0.035, "vulnClass": "low"}}, {"type": "Feature", "geometry": {"type": "MultiPolygon", "coordinates": [[[[72.32434424249601, 34.191153342121694], [72.3243429106544, 34.19111653189983], [72.32425714052424, 34.191118626679916], [72.32425847232845, 34.19115543690095], [72.32434424249601, 34.191153342121694]]]]}, "properties": {"id": "Pakistan_123102310_83533", "height": 3.032599210739136, "hmax": 0.114, "ratio": 0.038, "vulnClass": "low"}}, {"type": "Feature", "geometry": {"type": "MultiPolygon", "coordinates": [[[[72.32596082344796, 34.19090851468732], [72.32598456285315, 34.19111520535428], [72.32653214665676, 34.19107224553757], [72.32651444175552, 34.19091833410139], [72.32647191929009, 34.19092164391919], [72.32646588347244, 34.190868864729616], [72.32596082344796, 34.19090851468732]]]]}, "properties": {"id": "Pakistan_123102310_224558", "height": 3.38570499420166, "hmax": 0.0, "ratio": 0.0, "vulnClass": "none"}}, {"type": "Feature", "geometry": {"type": "MultiPolygon", "coordinates": [[[[72.3243800943727, 34.19048575317392], [72.3245057775856, 34.190507968246465], [72.32452665825662, 34.190427379131684], [72.32457898106658, 34.190436634378], [72.32460913964962, 34.19031991728638], [72.32448507713723, 34.19029791799248], [72.32451684439299, 34.190174925534095], [72.32446301255206, 34.19016536688541], [72.3243800943727, 34.19048575317392]]]]}, "properties": {"id": "Pakistan_123102310_216001", "height": 2.984818935394287, "hmax": 0.087, "ratio": 0.029, "vulnClass": "none"}}, {"type": "Feature", "geometry": {"type": "MultiPolygon", "coordinates": [[[[72.3248059019404, 34.19009081251546], [72.32501279719017, 34.1901418439874], [72.32502742667405, 34.190101144949935], [72.32500869711406, 34.19009649927215], [72.32504578850629, 34.18999381639454], [72.3250999344229, 34.19000716793496], [72.32511943840863, 34.189952962590574], [72.32500371761512, 34.189924474724954], [72.32498790159201, 34.18996839327079], [72.3249745527049, 34.18996512708103], [72.3249875107346, 34.189929259675694], [72.32492195315496, 34.18991313490799], [72.32493918966138, 34.18986546106631], [72.32489882352186, 34.18985547520772], [72.324890494787, 34.189878732468244], [72.32481159125119, 34.18985925135694], [72.32479208709728, 34.18991345664473], [72.32486356448705, 34.18993106289274], [72.3248059019404, 34.19009081251546]]]]}, "properties": {"id": "Pakistan_123102310_74133", "height": 4.737112998962402, "hmax": 0.0, "ratio": 0.0, "vulnClass": "none"}}, {"type": "Feature", "geometry": {"type": "MultiPolygon", "coordinates": [[[[72.32493031109469, 34.189899253874636], [72.32504209181965, 34.189925402098865], [72.32505966177627, 34.189874039366494], [72.32494788111154, 34.189847891161065], [72.32493031109469, 34.189899253874636]]]]}, "properties": {"id": "Pakistan_123102310_537999", "height": 3.849937200546265, "hmax": 0.0, "ratio": 0.0, "vulnClass": "none"}}, {"type": "Feature", "geometry": {"type": "MultiPolygon", "coordinates": [[[[72.3244782271106, 34.189869285991065], [72.32447420255599, 34.1899245502138], [72.32456507574238, 34.189929147548234], [72.32456910023826, 34.18987388331975], [72.3244782271106, 34.189869285991065]]]]}, "properties": {"id": "Pakistan_123102310_903211", "height": 2.597602367401123, "hmax": 0.0, "ratio": 0.0, "vulnClass": "none"}}, {"type": "Feature", "geometry": {"type": "MultiPolygon", "coordinates": [[[[72.32455348859096, 34.19003148530418], [72.32482669306447, 34.190040511754475], [72.3248317181307, 34.189936408088265], [72.32455862240101, 34.18992738403059], [72.32455348859096, 34.19003148530418]]]]}, "properties": {"id": "Pakistan_123102310_917410", "height": 3.590077877044678, "hmax": 0.0, "ratio": 0.0, "vulnClass": "none"}}, {"type": "Feature", "geometry": {"type": "MultiPolygon", "coordinates": [[[[72.32445743890872, 34.18992292230019], [72.32444626236679, 34.18998136599702], [72.32438089936687, 34.18997281777952], [72.32438870784435, 34.18993169952251], [72.32435467551473, 34.18992726069948], [72.32434142270782, 34.1899964770637], [72.32453772576515, 34.19002221649764], [72.32455423808454, 34.18993567230161], [72.32445743890872, 34.18992292230019]]]]}, "properties": {"id": "Pakistan_123102310_467036", "height": 3.7116379737854, "hmax": 0.0, "ratio": 0.0, "vulnClass": "none"}}, {"type": "Feature", "geometry": {"type": "MultiPolygon", "coordinates": [[[[72.32436308497779, 34.18978473691115], [72.32436070208865, 34.18986014038428], [72.32446423611526, 34.18986230958816], [72.32446661891247, 34.18978690610865], [72.32436308497779, 34.18978473691115]]]]}, "properties": {"id": "Pakistan_123102310_205420", "height": 2.454068899154663, "hmax": 0.0, "ratio": 0.0, "vulnClass": "none"}}, {"type": "Feature", "geometry": {"type": "MultiPolygon", "coordinates": [[[[72.32455307898356, 34.18975606837898], [72.32471715784308, 34.189775064294935], [72.32470394308677, 34.18985338668], [72.32480295312446, 34.189864832475706], [72.32482164869057, 34.189753815091635], [72.32474014703132, 34.189744464190035], [72.3247440082309, 34.18972183065979], [72.32471341944307, 34.189718278423996], [72.32472223115596, 34.18966600343981], [72.3247475220977, 34.189668989326925], [72.32475819593918, 34.18960584682924], [72.32479505535137, 34.18961007677217], [72.32480318547637, 34.18956220425449], [72.3246953118513, 34.1895497537158], [72.3246779763969, 34.1896520562159], [72.32457280722434, 34.189639844878066], [72.32455307898356, 34.18975606837898]]]]}, "properties": {"id": "Pakistan_123102310_552173", "height": 4.081665515899658, "hmax": 0.0, "ratio": 0.0, "vulnClass": "none"}}, {"type": "Feature", "geometry": {"type": "MultiPolygon", "coordinates": [[[[72.32484669385698, 34.18955170451772], [72.32485571186164, 34.1895924687451], [72.32505290302235, 34.189562604203424], [72.32504388492387, 34.18952183998605], [72.32484669385698, 34.18955170451772]]]]}, "properties": {"id": "Pakistan_123102310_637568", "height": 3.721214771270752, "hmax": 0.0, "ratio": 0.0, "vulnClass": "none"}}, {"type": "Feature", "geometry": {"type": "MultiPolygon", "coordinates": [[[[72.32482001505305, 34.189688781352736], [72.32475576811571, 34.18968611743625], [72.3247524997786, 34.18974148832449], [72.32481674960411, 34.18974406215684], [72.32482001505305, 34.189688781352736]]]]}, "properties": {"id": "Pakistan_123102310_566419", "height": 4.356025218963623, "hmax": 0.0, "ratio": 0.0, "vulnClass": "none"}}, {"type": "Feature", "geometry": {"type": "MultiPolygon", "coordinates": [[[[72.3248818141217, 34.1896899494281], [72.32488646050422, 34.18959782743066], [72.32483661214448, 34.189596108760576], [72.3248305839644, 34.189714794832994], [72.3248493331087, 34.18971538421659], [72.3248455413342, 34.18979075697085], [72.32490709519577, 34.189792821184476], [72.32490450846865, 34.18984378960374], [72.32496075029974, 34.189845737891744], [72.32496478700932, 34.189766043279334], [72.3249370455529, 34.1897650774192], [72.32494076608559, 34.18969195685355], [72.3248818141217, 34.1896899494281]]]]}, "properties": {"id": "Pakistan_123102310_224528", "height": 4.356025218963623, "hmax": 0.0, "ratio": 0.0, "vulnClass": "none"}}, {"type": "Feature", "geometry": {"type": "MultiPolygon", "coordinates": [[[[72.32506439958918, 34.18955582332893], [72.32515566959864, 34.18956845221714], [72.32514614173326, 34.189615933670076], [72.32527824258364, 34.189634141035214], [72.32529522210191, 34.18954995080397], [72.32507174299589, 34.18951911221693], [72.32506439958918, 34.18955582332893]]]]}, "properties": {"id": "Pakistan_123102310_728067", "height": 2.586323499679565, "hmax": 0.0, "ratio": 0.0, "vulnClass": "none"}}, {"type": "Feature", "geometry": {"type": "MultiPolygon", "coordinates": [[[[72.32687047443665, 34.18971628442083], [72.32687168200889, 34.18987389291051], [72.32698159504719, 34.18987331426313], [72.32698079711655, 34.18976457599016], [72.32708278757671, 34.18976409497521], [72.32708250516268, 34.18973524082341], [72.32733194950755, 34.189734007477576], [72.32733143999714, 34.18966079457764], [72.32730735315646, 34.18966090056995], [72.3273071015998, 34.18962762973937], [72.32723733452777, 34.189628002043605], [72.32723741837093, 34.18963909232008], [72.32699871539647, 34.18964028920493], [72.32699926477062, 34.18971566656775], [72.32687047443665, 34.18971628442083]]]]}, "properties": {"id": "Pakistan_123102310_448074", "height": 3.28353214263916, "hmax": 0.092, "ratio": 0.028, "vulnClass": "none"}}, {"type": "Feature", "geometry": {"type": "MultiPolygon", "coordinates": [[[[72.32639445954689, 34.190440717659996], [72.32657944841945, 34.19038849786902], [72.32655859477264, 34.19033773947844], [72.32651382820893, 34.19035028583218], [72.32644500405532, 34.19018335990187], [72.32632634944437, 34.19021683246619], [72.32633944706691, 34.19024867056833], [72.32629620964802, 34.190260889588735], [72.3262896608431, 34.190244970535865], [72.32624160784796, 34.19025852692221], [72.32637351154646, 34.19057846074273], [72.32644323769715, 34.190558795968066], [72.32639445954689, 34.190440717659996]]]]}, "properties": {"id": "Pakistan_123102310_642268", "height": 2.861763715744019, "hmax": 0.0, "ratio": 0.0, "vulnClass": "none"}}, {"type": "Feature", "geometry": {"type": "MultiPolygon", "coordinates": [[[[72.32811266462438, 34.19013425106058], [72.32831271751915, 34.190178727243655], [72.32839656634455, 34.18992119273021], [72.32819640842892, 34.189876624258645], [72.32811266462438, 34.19013425106058]]]]}, "properties": {"id": "Pakistan_123102310_91892", "height": 3.124241828918457, "hmax": 0.074, "ratio": 0.024, "vulnClass": "none"}}, {"type": "Feature", "geometry": {"type": "MultiPolygon", "coordinates": [[[[72.32788059897653, 34.18989759826418], [72.32792618950636, 34.18991049165708], [72.32796143336832, 34.18982498618749], [72.32791584003427, 34.189812182897505], [72.32788059897653, 34.18989759826418]]]]}, "properties": {"id": "Pakistan_123102310_945652", "height": 2.4728684425354, "hmax": 0.064, "ratio": 0.026, "vulnClass": "none"}}, {"type": "Feature", "geometry": {"type": "MultiPolygon", "coordinates": [[[[72.32807523265286, 34.19022033993663], [72.32811022619671, 34.19006370061527], [72.32812836235038, 34.19006652989064], [72.32814036140218, 34.19001288166795], [72.32813777093067, 34.19001246461651], [72.32815027183705, 34.18995666372821], [72.32807242944297, 34.189944780424334], [72.3280926294055, 34.189854710019276], [72.32803810699214, 34.18984639998929], [72.32801371818368, 34.18995576134847], [72.32799547080536, 34.189953019782834], [72.32797208281066, 34.19005816589064], [72.32779988226046, 34.19003178529872], [72.32778358572865, 34.19010472206933], [72.32776641674381, 34.19010218427239], [72.32773951807744, 34.19022230885963], [72.3277940406921, 34.19023061903211], [72.32780553810318, 34.190179123516195], [72.32807523265286, 34.19022033993663]]]]}, "properties": {"id": "Pakistan_123102310_74211", "height": 2.440974235534668, "hmax": 0.068, "ratio": 0.028, "vulnClass": "none"}}, {"type": "Feature", "geometry": {"type": "MultiPolygon", "coordinates": [[[[72.32738661986785, 34.189796050439284], [72.32781751765943, 34.18994048710411], [72.32784361017623, 34.1898871460738], [72.32769010234027, 34.18983566027998], [72.32773264966092, 34.18974905196326], [72.32778932988961, 34.18976804685651], [72.32781692551701, 34.18971176363949], [72.32769014473391, 34.18966933445212], [72.32766683601115, 34.18971696652517], [72.3274594387223, 34.18964744783258], [72.32738661986785, 34.189796050439284]]]]}, "properties": {"id": "Pakistan_123102310_36593", "height": 2.878830194473267, "hmax": 0.1, "ratio": 0.035, "vulnClass": "low"}}, {"type": "Feature", "geometry": {"type": "MultiPolygon", "coordinates": [[[[72.32725772599211, 34.189476904423486], [72.32720213155092, 34.189471635759425], [72.32719608212953, 34.18951549708073], [72.32725167944263, 34.18952067566085], [72.32725772599211, 34.189476904423486]]]]}, "properties": {"id": "Pakistan_123102310_205480", "height": 2.592504501342773, "hmax": 0.086, "ratio": 0.033, "vulnClass": "none"}}, {"type": "Feature", "geometry": {"type": "MultiPolygon", "coordinates": [[[[72.32762994129855, 34.189187973506776], [72.32763269150064, 34.189052718289645], [72.32752013751588, 34.18905107638543], [72.32751931147966, 34.189090994832426], [72.32750488740875, 34.189090860734105], [72.32750372120525, 34.1891518668667], [72.32731330955842, 34.18914915874101], [72.32731416662779, 34.18910482362476], [72.32726417875033, 34.189104094558644], [72.32726056481688, 34.18928043932084], [72.3273669426082, 34.18928185669284], [72.32736818035966, 34.1892220240747], [72.32751023035682, 34.18922403859775], [72.32751098815832, 34.189186282264394], [72.32762994129855, 34.189187973506776]]]]}, "properties": {"id": "Pakistan_123102310_728093", "height": 2.766206741333008, "hmax": 0.073, "ratio": 0.026, "vulnClass": "none"}}, {"type": "Feature", "geometry": {"type": "MultiPolygon", "coordinates": [[[[72.32681616814557, 34.18948810276464], [72.32681245742693, 34.18943726742233], [72.32665740752508, 34.18944497528025], [72.32665362547101, 34.18939296643026], [72.32654670902407, 34.18939829793752], [72.32655662386868, 34.18953437013788], [72.32660475731907, 34.1895319939658], [72.32660233500432, 34.18949876595835], [72.32681616814557, 34.18948810276464]]]]}, "properties": {"id": "Pakistan_123102310_433792", "height": 2.967020511627197, "hmax": 0.124, "ratio": 0.042, "vulnClass": "low"}}, {"type": "Feature", "geometry": {"type": "MultiPolygon", "coordinates": [[[[72.32657083433423, 34.18935230659469], [72.32657206413515, 34.189385508600736], [72.32671135225056, 34.18938223513755], [72.32671023364838, 34.18934894540603], [72.32657083433423, 34.18935230659469]]]]}, "properties": {"id": "Pakistan_123102310_756601", "height": 3.712461471557617, "hmax": 0.0, "ratio": 0.0, "vulnClass": "none"}}, {"type": "Feature", "geometry": {"type": "MultiPolygon", "coordinates": [[[[72.32680053214314, 34.18934424308916], [72.32679662775338, 34.18920676939015], [72.32670012701647, 34.18920863197843], [72.32670159268726, 34.189261852423336], [72.32650587517954, 34.189265698447116], [72.32650336222403, 34.18917693607675], [72.32653820415705, 34.18917634355215], [72.32653535930064, 34.18907747714616], [72.32643353815499, 34.1890794939674], [72.32644133692156, 34.18935128589305], [72.32680053214314, 34.18934424308916]]]]}, "properties": {"id": "Pakistan_123102310_704225", "height": 3.817398071289062, "hmax": 0.065, "ratio": 0.017, "vulnClass": "none"}}, {"type": "Feature", "geometry": {"type": "MultiPolygon", "coordinates": [[[[72.32708298058309, 34.188740806643715], [72.3270821789327, 34.18876963716628], [72.32714375777951, 34.18877088943186], [72.32714455940899, 34.188742058907884], [72.32708298058309, 34.188740806643715]]]]}, "properties": {"id": "Pakistan_123102310_538025", "height": 3.048934936523438, "hmax": 0.0, "ratio": 0.0, "vulnClass": "none"}}, {"type": "Feature", "geometry": {"type": "MultiPolygon", "coordinates": [[[[72.3267805448915, 34.188953367734854], [72.32677862440553, 34.188917987068685], [72.32660365956323, 34.188924269031894], [72.3266054687227, 34.18895973742153], [72.3267805448915, 34.188953367734854]]]]}, "properties": {"id": "Pakistan_123102310_7817", "height": 2.568269491195679, "hmax": 0.062, "ratio": 0.024, "vulnClass": "none"}}, {"type": "Feature", "geometry": {"type": "MultiPolygon", "coordinates": [[[[72.3264337831414, 34.18876253199255], [72.32643693670818, 34.18883787598907], [72.32647982632975, 34.18883664761125], [72.32647667272465, 34.18876130361399], [72.3264337831414, 34.18876253199255]]]]}, "properties": {"id": "Pakistan_123102310_27013", "height": 2.491316556930542, "hmax": 0.184, "ratio": 0.074, "vulnClass": "low"}}, {"type": "Feature", "geometry": {"type": "MultiPolygon", "coordinates": [[[[72.32722802605619, 34.18886440897479], [72.32721128746716, 34.18874171054003], [72.32714774659443, 34.18874762753733], [72.32715560331454, 34.18880459330943], [72.32696486927546, 34.188822431831674], [72.3269569355601, 34.18876447272219], [72.32685803108821, 34.18877376549289], [72.32686436037176, 34.18882069132853], [72.32676904753058, 34.18882961158002], [72.32676279826558, 34.18878358898534], [72.3266674854612, 34.18879250915933], [72.32666350306162, 34.188764025083614], [72.32660355100852, 34.18876965944608], [72.32662427110121, 34.18892084199807], [72.32722802605619, 34.18886440897479]]]]}, "properties": {"id": "Pakistan_123102310_571252", "height": 3.269825458526611, "hmax": 0.1, "ratio": 0.031, "vulnClass": "low"}}, {"type": "Feature", "geometry": {"type": "MultiPolygon", "coordinates": [[[[72.32664260014992, 34.18876293827289], [72.32680077590362, 34.18875926515203], [72.32679894511313, 34.18870729884286], [72.32664087786516, 34.18871097432969], [72.32664260014992, 34.18876293827289]]]]}, "properties": {"id": "Pakistan_123102310_381915", "height": 3.652539491653442, "hmax": 0.113, "ratio": 0.031, "vulnClass": "low"}}, {"type": "Feature", "geometry": {"type": "MultiPolygon", "coordinates": [[[[72.32663403712645, 34.188745532919356], [72.32663283124435, 34.188663470140774], [72.32654970517342, 34.18866436214481], [72.32655091097479, 34.18874642492039], [72.32663403712645, 34.188745532919356]]]]}, "properties": {"id": "Pakistan_123102310_836916", "height": 3.268853425979614, "hmax": 0.113, "ratio": 0.034, "vulnClass": "low"}}, {"type": "Feature", "geometry": {"type": "MultiPolygon", "coordinates": [[[[72.3265365327553, 34.18859366778956], [72.32643478299462, 34.18859000673461], [72.32642659533508, 34.188746238412605], [72.32652823687397, 34.18874989711934], [72.3265365327553, 34.18859366778956]]]]}, "properties": {"id": "Pakistan_123102310_310984", "height": 3.319255113601685, "hmax": 0.147, "ratio": 0.044, "vulnClass": "low"}}, {"type": "Feature", "geometry": {"type": "MultiPolygon", "coordinates": [[[[72.3269781181918, 34.188650173585636], [72.32697703829706, 34.18872217988795], [72.32722917313325, 34.18872497193074], [72.32723011984712, 34.1886640511677], [72.3270959732496, 34.188662569238204], [72.3270961062338, 34.18865148368758], [72.3269781181918, 34.188650173585636]]]]}, "properties": {"id": "Pakistan_123102310_860473", "height": 3.67816686630249, "hmax": 0.0, "ratio": 0.0, "vulnClass": "none"}}, {"type": "Feature", "geometry": {"type": "MultiPolygon", "coordinates": [[[[72.32763385111237, 34.188930049403076], [72.3276335072056, 34.1888068969942], [72.32756808851477, 34.188807003680346], [72.3275682630629, 34.188839281187846], [72.3272366078266, 34.18883998509906], [72.32723731230755, 34.18906510500073], [72.32728559121318, 34.18906498547403], [72.32728525774404, 34.18895526565665], [72.32734590655616, 34.18895505515048], [72.32734603412112, 34.18897507123131], [72.32744356751509, 34.18897485333549], [72.32744334042134, 34.18893049458374], [72.32763385111237, 34.188930049403076]]]]}, "properties": {"id": "Pakistan_123102310_263255", "height": 4.147763729095459, "hmax": 0.107, "ratio": 0.026, "vulnClass": "low"}}, {"type": "Feature", "geometry": {"type": "MultiPolygon", "coordinates": [[[[72.32728934349687, 34.18895986222021], [72.32729297896654, 34.1890818242663], [72.32734562836241, 34.18908071818652], [72.32734199281668, 34.188958756138376], [72.32728934349687, 34.18895986222021]]]]}, "properties": {"id": "Pakistan_123102310_391308", "height": 2.685190677642822, "hmax": 0.0, "ratio": 0.0, "vulnClass": "none"}}, {"type": "Feature", "geometry": {"type": "MultiPolygon", "coordinates": [[[[72.3275817946721, 34.18892612013316], [72.32758033102546, 34.188979366885555], [72.32749457116589, 34.18897776806721], [72.32749554293854, 34.1889401065468], [72.32745000559557, 34.1889392942667], [72.32744718938328, 34.18904570003472], [72.3276374668168, 34.18904921637101], [72.32764077469174, 34.18892722535711], [72.3275817946721, 34.18892612013316]]]]}, "properties": {"id": "Pakistan_123102310_438517", "height": 3.363746166229248, "hmax": 0.079, "ratio": 0.024, "vulnClass": "none"}}, {"type": "Feature", "geometry": {"type": "MultiPolygon", "coordinates": [[[[72.32762718942502, 34.18846743464787], [72.32762422105064, 34.1883999377394], [72.32739760101859, 34.188406807847834], [72.32740056921169, 34.18847430475319], [72.32762718942502, 34.18846743464787]]]]}, "properties": {"id": "Pakistan_123102310_214980", "height": 4.093327045440674, "hmax": 0.064, "ratio": 0.016, "vulnClass": "none"}}, {"type": "Feature", "geometry": {"type": "MultiPolygon", "coordinates": [[[[72.32740999313762, 34.188622536482825], [72.32835475103471, 34.18858534000762], [72.32835171826599, 34.18853361795555], [72.32827023233915, 34.18850660036117], [72.32825144360513, 34.18850727274579], [72.32823449883031, 34.188542332470114], [72.32820755956976, 34.188543458291875], [72.32814185902738, 34.1885215625416], [72.32768512112372, 34.18853955520551], [72.32769102671008, 34.188541486919135], [72.32764051737567, 34.18854354130035], [72.32763609310697, 34.18846717795907], [72.32755767175158, 34.18847024664546], [72.32754722975973, 34.18849174520184], [72.32740820005887, 34.188497188888405], [72.32741056083682, 34.18853925025088], [72.32749354392965, 34.18853601064176], [72.32749424414267, 34.18854819615543], [72.32739963861168, 34.18855190362477], [72.3273980182008, 34.188524192251634], [72.32733447714911, 34.18852668364648], [72.32731985372041, 34.188556925734815], [72.32726391904336, 34.18853839764655], [72.32722557986527, 34.18853981564852], [72.32722376794372, 34.18850786304963], [72.32714882130138, 34.188510826917664], [72.32715468845618, 34.188613635669164], [72.32724571089398, 34.188610030584215], [72.32725179248439, 34.188716359857416], [72.32741504595958, 34.188709911827324], [72.32740999313762, 34.188622536482825]]]]}, "properties": {"id": "Pakistan_123102310_186754", "height": 4.157914161682129, "hmax": 0.064, "ratio": 0.015, "vulnClass": "none"}}, {"type": "Feature", "geometry": {"type": "MultiPolygon", "coordinates": [[[[72.32796407708256, 34.18817025008791], [72.32796313974961, 34.18810369894083], [72.32787090225074, 34.18810457359327], [72.32787183666802, 34.18817121482569], [72.32796407708256, 34.18817025008791]]]]}, "properties": {"id": "Pakistan_123102310_912682", "height": 3.116166114807129, "hmax": 0.0, "ratio": 0.0, "vulnClass": "none"}}, {"type": "Feature", "geometry": {"type": "MultiPolygon", "coordinates": [[[[72.3283695929929, 34.188348749119115], [72.32836649581365, 34.18825781039651], [72.32822449644722, 34.188261116863636], [72.32822307966316, 34.1882200677259], [72.32813731522691, 34.188222075278865], [72.32813918134694, 34.188276386262636], [72.32806405504498, 34.188278174832114], [72.32806670537484, 34.188355761612065], [72.3283695929929, 34.188348749119115]]]]}, "properties": {"id": "Pakistan_123102310_723410", "height": 3.574715137481689, "hmax": 0.0, "ratio": 0.0, "vulnClass": "none"}}, {"type": "Feature", "geometry": {"type": "MultiPolygon", "coordinates": [[[[72.32818734723526, 34.188162945315234], [72.32804561716098, 34.18817491184956], [72.32805018867838, 34.188212243434535], [72.32819191881525, 34.188200276897916], [72.32818734723526, 34.188162945315234]]]]}, "properties": {"id": "Pakistan_123102310_377228", "height": 3.474692106246948, "hmax": 0.0, "ratio": 0.0, "vulnClass": "none"}}, {"type": "Feature", "geometry": {"type": "MultiPolygon", "coordinates": [[[[72.32796629950018, 34.18809294979729], [72.32796785960615, 34.188167267418784], [72.32815019502343, 34.188164569777], [72.32814863475701, 34.18809025215023], [72.32796629950018, 34.18809294979729]]]]}, "properties": {"id": "Pakistan_123102310_55477", "height": 4.26452112197876, "hmax": 0.0, "ratio": 0.0, "vulnClass": "none"}}, {"type": "Feature", "geometry": {"type": "MultiPolygon", "coordinates": [[[[72.32808160598412, 34.188024514516655], [72.32800402311207, 34.18802165187037], [72.32800083454781, 34.18808144200301], [72.3280784146315, 34.18808439474196], [72.32808160598412, 34.188024514516655]]]]}, "properties": {"id": "Pakistan_123102310_17577", "height": 3.561156272888184, "hmax": 0.0, "ratio": 0.0, "vulnClass": "none"}}, {"type": "Feature", "geometry": {"type": "MultiPolygon", "coordinates": [[[[72.32813040185478, 34.18798392854205], [72.32812386437533, 34.18794357916613], [72.32801946948696, 34.18795500701117], [72.32802600691676, 34.18799535639027], [72.32813040185478, 34.18798392854205]]]]}, "properties": {"id": "Pakistan_123102310_680550", "height": 3.970699548721313, "hmax": 0.0, "ratio": 0.0, "vulnClass": "none"}}, {"type": "Feature", "geometry": {"type": "MultiPolygon", "coordinates": [[[[72.32811262142911, 34.187918272456294], [72.3281139379413, 34.18782842156103], [72.3280469166226, 34.18782777239866], [72.32804610700227, 34.18788436897583], [72.32788354461344, 34.1878827194493], [72.32788303758672, 34.187915973759665], [72.32811262142911, 34.187918272456294]]]]}, "properties": {"id": "Pakistan_123102310_718654", "height": 3.867461919784546, "hmax": 0.0, "ratio": 0.0, "vulnClass": "none"}}, {"type": "Feature", "geometry": {"type": "MultiPolygon", "coordinates": [[[[72.32811649847632, 34.1877404007744], [72.32803444027492, 34.18774185798162], [72.32803470371528, 34.18775069842582], [72.32797728237598, 34.1877517909809], [72.32797811001429, 34.187780566877386], [72.32803433605035, 34.18777953842427], [72.32803553915825, 34.18782391845871], [72.32811868435543, 34.18782239478999], [72.32811649847632, 34.1877404007744]]]]}, "properties": {"id": "Pakistan_123102310_500092", "height": 4.499983787536621, "hmax": 0.0, "ratio": 0.0, "vulnClass": "none"}}, {"type": "Feature", "geometry": {"type": "MultiPolygon", "coordinates": [[[[72.32802490404208, 34.187748411419086], [72.32802670867093, 34.18771184983231], [72.32796883629447, 34.18771004775399], [72.32796714289088, 34.18774652161315], [72.32802490404208, 34.187748411419086]]]]}, "properties": {"id": "Pakistan_123102310_197167", "height": 3.188660860061646, "hmax": 0.0, "ratio": 0.0, "vulnClass": "none"}}, {"type": "Feature", "geometry": {"type": "MultiPolygon", "coordinates": [[[[72.32810351136233, 34.187705049401906], [72.32810468672066, 34.187654050094295], [72.32805112507872, 34.18765315334352], [72.32804994968818, 34.18770415264908], [72.32810351136233, 34.187705049401906]]]]}, "properties": {"id": "Pakistan_123102310_35380", "height": 4.335938453674316, "hmax": 0.0, "ratio": 0.0, "vulnClass": "none"}}, {"type": "Feature", "geometry": {"type": "MultiPolygon", "coordinates": [[[[72.32796712014779, 34.18774724231777], [72.32795663046272, 34.187670566492166], [72.3277130170391, 34.18769347420727], [72.3277243087365, 34.18777566667906], [72.32767023131669, 34.18778079857001], [72.32767933310073, 34.18784644586068], [72.32788421181924, 34.18782720157264], [72.32787441888348, 34.18775594992867], [72.32796712014779, 34.18774724231777]]]]}, "properties": {"id": "Pakistan_123102310_7841", "height": 3.489156723022461, "hmax": 0.0, "ratio": 0.0, "vulnClass": "none"}}, {"type": "Feature", "geometry": {"type": "MultiPolygon", "coordinates": [[[[72.32771557892713, 34.18777385371512], [72.32771251453597, 34.187716271211734], [72.32765364981465, 34.18771841395755], [72.3276567141656, 34.18777599646049], [72.32771557892713, 34.18777385371512]]]]}, "properties": {"id": "Pakistan_123102310_680546", "height": 2.615579605102539, "hmax": 0.0, "ratio": 0.0, "vulnClass": "none"}}, {"type": "Feature", "geometry": {"type": "MultiPolygon", "coordinates": [[[[72.32765860448087, 34.18781921952114], [72.32765286078384, 34.187729665513366], [72.32749936015985, 34.18773650678869], [72.3275038521944, 34.18780728231385], [72.32761085796848, 34.187802492763126], [72.3276121094918, 34.18782127124522], [72.32765860448087, 34.18781921952114]]]]}, "properties": {"id": "Pakistan_123102310_224596", "height": 2.860195875167847, "hmax": 0.0, "ratio": 0.0, "vulnClass": "none"}}, {"type": "Feature", "geometry": {"type": "MultiPolygon", "coordinates": [[[[72.32734250752914, 34.18763302133583], [72.32734515824973, 34.18774838098514], [72.32749526450999, 34.187745973419865], [72.32749344461986, 34.18766615098557], [72.32745057264377, 34.18766683921902], [72.3274497387829, 34.187631392086125], [72.32734250752914, 34.18763302133583]]]]}, "properties": {"id": "Pakistan_123102310_481359", "height": 3.531363725662231, "hmax": 0.0, "ratio": 0.0, "vulnClass": "none"}}, {"type": "Feature", "geometry": {"type": "MultiPolygon", "coordinates": [[[[72.32772583196976, 34.18793364271916], [72.32770662900143, 34.18784776197318], [72.32759925638533, 34.18786417296339], [72.32760221326615, 34.18787703871353], [72.3274932059578, 34.187893684429916], [72.32748265415918, 34.187846486277486], [72.32743338108527, 34.18785406668114], [72.32742626281264, 34.187821818117904], [72.3274625614744, 34.18781629881702], [72.3274687321721, 34.18784419952363], [72.32751287881788, 34.18783749901814], [72.3274917752182, 34.187743102714826], [72.3273569333895, 34.18776369270855], [72.3273689093283, 34.187817322564115], [72.3272807216, 34.187830815906196], [72.32729697013708, 34.18790374085519], [72.327372186377, 34.187892218507564], [72.3273827381173, 34.18793941666655], [72.32732561699432, 34.18794817820721], [72.32733569492179, 34.18799320244099], [72.32772583196976, 34.18793364271916]]]]}, "properties": {"id": "Pakistan_123102310_718648", "height": 4.660171031951904, "hmax": 0.0, "ratio": 0.0, "vulnClass": "none"}}, {"type": "Feature", "geometry": {"type": "MultiPolygon", "coordinates": [[[[72.32727682886666, 34.18784416340295], [72.32716061445397, 34.18785199731859], [72.32716416690394, 34.187887233262664], [72.32728027295782, 34.187879396982865], [72.32727682886666, 34.18784416340295]]]]}, "properties": {"id": "Pakistan_123102310_476668", "height": 3.310109615325928, "hmax": 0.0, "ratio": 0.0, "vulnClass": "none"}}, {"type": "Feature", "geometry": {"type": "MultiPolygon", "coordinates": [[[[72.32777434717916, 34.18798788859763], [72.32743392774356, 34.18800859572241], [72.32743825195803, 34.18805719068515], [72.32754498685019, 34.18805068244561], [72.32755345840305, 34.18814660641034], [72.3275561742822, 34.18814648530603], [72.32756651084605, 34.188262373072625], [72.3278161747723, 34.18824717016071], [72.32780129056674, 34.188079437181266], [72.32763162271564, 34.188089802705605], [72.32762865227419, 34.18805674305646], [72.327779734028, 34.18804750501562], [72.32777434717916, 34.18798788859763]]]]}, "properties": {"id": "Pakistan_123102310_519328", "height": 4.286250114440918, "hmax": 0.074, "ratio": 0.017, "vulnClass": "none"}}, {"type": "Feature", "geometry": {"type": "MultiPolygon", "coordinates": [[[[72.32732642980308, 34.18800147458162], [72.32730879218681, 34.18793131400741], [72.32703468937487, 34.18797843713372], [72.32705232676825, 34.18804859773663], [72.32732642980308, 34.18800147458162]]]]}, "properties": {"id": "Pakistan_123102310_471851", "height": 4.508480072021484, "hmax": 0.0, "ratio": 0.0, "vulnClass": "none"}}, {"type": "Feature", "geometry": {"type": "MultiPolygon", "coordinates": [[[[72.32724780037363, 34.187945850888575], [72.32724158215925, 34.18789883733492], [72.32714780230475, 34.187907340577084], [72.32715401762323, 34.187954444221006], [72.32724780037363, 34.187945850888575]]]]}, "properties": {"id": "Pakistan_123102310_186748", "height": 3.24918532371521, "hmax": 0.0, "ratio": 0.0, "vulnClass": "none"}}, {"type": "Feature", "geometry": {"type": "MultiPolygon", "coordinates": [[[[72.32714270303359, 34.18786612101244], [72.32706080115048, 34.18786262272035], [72.32705859943847, 34.18789800367491], [72.32714050135553, 34.18790150197006], [72.32714270303359, 34.18786612101244]]]]}, "properties": {"id": "Pakistan_123102310_272717", "height": 2.563556909561157, "hmax": 0.0, "ratio": 0.0, "vulnClass": "none"}}, {"type": "Feature", "geometry": {"type": "MultiPolygon", "coordinates": [[[[72.32726284418678, 34.18773044984436], [72.32705470136297, 34.18774313113605], [72.32706133591496, 34.18781819042536], [72.32713600790775, 34.18781359790769], [72.32713266909747, 34.18777503106977], [72.32726603164546, 34.18776693993093], [72.32726284418678, 34.18773044984436]]]]}, "properties": {"id": "Pakistan_123102310_214974", "height": 3.384602785110474, "hmax": 0.0, "ratio": 0.0, "vulnClass": "none"}}, {"type": "Feature", "geometry": {"type": "MultiPolygon", "coordinates": [[[[72.32734108112872, 34.18768852265313], [72.32732486989997, 34.1876178522717], [72.3271876148536, 34.18763929098026], [72.3271922841214, 34.18765976666818], [72.32699550314983, 34.187690545240756], [72.32700704203879, 34.18774083004797], [72.32734108112872, 34.18768852265313]]]]}, "properties": {"id": "Pakistan_123102310_476670", "height": 4.110208034515381, "hmax": 0.0, "ratio": 0.0, "vulnClass": "none"}}, {"type": "Feature", "geometry": {"type": "MultiPolygon", "coordinates": [[[[72.32698318658667, 34.187709568833036], [72.32697950584468, 34.18761654393437], [72.32690187541763, 34.18761863781298], [72.32690544766697, 34.187711660346494], [72.32698318658667, 34.187709568833036]]]]}, "properties": {"id": "Pakistan_123102310_514498", "height": 4.055558204650879, "hmax": 0.0, "ratio": 0.0, "vulnClass": "none"}}, {"type": "Feature", "geometry": {"type": "MultiPolygon", "coordinates": [[[[72.32689869725098, 34.188056066482034], [72.32685428353919, 34.18795782634099], [72.3269310791357, 34.18793407830008], [72.32702468270818, 34.18793116068263], [72.3270199364064, 34.187823778706], [72.32706912451368, 34.18782232681749], [72.32704042744764, 34.187758866663366], [72.32700361770054, 34.18775995734676], [72.32700357754726, 34.18775779287128], [72.32691247606375, 34.1877604945763], [72.32691516065069, 34.18781978165536], [72.32683017708358, 34.18763212972361], [72.32679955512316, 34.18763308480241], [72.32680574503338, 34.187773763606515], [72.3268358629259, 34.18784031988796], [72.32682655161072, 34.187843181982934], [72.3267064741416, 34.187578227500644], [72.32649158421152, 34.18758472068563], [72.32649533489182, 34.187668641961345], [72.32644909282007, 34.18756648536909], [72.32632201243845, 34.187605814359124], [72.32637840099936, 34.18773018884376], [72.32646841836933, 34.18772746389707], [72.32647342124348, 34.1878404407723], [72.32656952091426, 34.187837487777955], [72.32647420822882, 34.1878670521794], [72.32639428965064, 34.18786945643668], [72.32639769731108, 34.1879470597314], [72.32632537855052, 34.18794926905962], [72.3263308985928, 34.18807334565834], [72.32689869725098, 34.188056066482034]]]]}, "properties": {"id": "Pakistan_123102310_922038", "height": 4.351072311401367, "hmax": 0.152, "ratio": 0.035, "vulnClass": "low"}}, {"type": "Feature", "geometry": {"type": "MultiPolygon", "coordinates": [[[[72.3263899062056, 34.18794643909194], [72.32638656363861, 34.18789425951294], [72.32632399019894, 34.18789704194379], [72.32632733557188, 34.187949131434706], [72.3263899062056, 34.18794643909194]]]]}, "properties": {"id": "Pakistan_123102310_287050", "height": 3.008203506469727, "hmax": 0.154, "ratio": 0.051, "vulnClass": "low"}}, {"type": "Feature", "geometry": {"type": "MultiPolygon", "coordinates": [[[[72.32649214828861, 34.18813032072588], [72.32644655736983, 34.18813121976507], [72.32644779977467, 34.1881777642485], [72.32637377189526, 34.188179124982724], [72.32637448172831, 34.18820474305642], [72.32653534670537, 34.1882017599427], [72.32653271609611, 34.18810641404636], [72.3264914700252, 34.188107137389764], [72.32649214828861, 34.18813032072588]]]]}, "properties": {"id": "Pakistan_123102310_471843", "height": 3.065890789031982, "hmax": 0.095, "ratio": 0.031, "vulnClass": "none"}}, {"type": "Feature", "geometry": {"type": "MultiPolygon", "coordinates": [[[[72.32686988408119, 34.188089064258094], [72.32681235445665, 34.18809357959912], [72.32682069454998, 34.18816615187801], [72.32687811581631, 34.18816163417197], [72.32686988408119, 34.188089064258094]]]]}, "properties": {"id": "Pakistan_123102310_348883", "height": 4.063167095184326, "hmax": 0.0, "ratio": 0.0, "vulnClass": "none"}}, {"type": "Feature", "geometry": {"type": "MultiPolygon", "coordinates": [[[[72.3278154437253, 34.188266897082976], [72.32739764055923, 34.188292137898024], [72.32740329016495, 34.18835716905199], [72.32735090103996, 34.18836035429177], [72.32733683565905, 34.18840728629921], [72.32720091804731, 34.188379442089534], [72.32720928821063, 34.18837890335134], [72.32715086951082, 34.188366902015424], [72.32714141242535, 34.18836750720519], [72.32715314806748, 34.18850091458917], [72.32738791815142, 34.188486740142], [72.32738087774848, 34.188407344821094], [72.32762901586953, 34.188392379494275], [72.32763557665625, 34.18846635535258], [72.32785437083041, 34.1884530939006], [72.3278500435282, 34.188404589031116], [72.32807394408461, 34.18839107786871], [72.32805054803433, 34.188468998542795], [72.32812978226242, 34.18846423440317], [72.32813790697108, 34.18843709599437], [72.32820127378461, 34.188433248132576], [72.32819544370108, 34.188367041117104], [72.32806371202898, 34.18837498848675], [72.32806242667088, 34.18836071677187], [72.32788569752447, 34.188371379504275], [72.32782350717679, 34.188358575089566], [72.3278154437253, 34.188266897082976]]]]}, "properties": {"id": "Pakistan_123102310_158470", "height": 3.796087741851807, "hmax": 0.07, "ratio": 0.018, "vulnClass": "none"}}, {"type": "Feature", "geometry": {"type": "MultiPolygon", "coordinates": [[[[72.32714755613465, 34.1885543417877], [72.32710731394866, 34.18855418571756], [72.32710763418261, 34.188475311449146], [72.32704862606276, 34.18847510686371], [72.32704847519632, 34.18850737727407], [72.3269841522149, 34.18850714694076], [72.32698349176093, 34.18863803033551], [72.32714706530142, 34.18863862133728], [72.32714755613465, 34.1885543417877]]]]}, "properties": {"id": "Pakistan_123102310_789614", "height": 3.403962850570679, "hmax": 0.0, "ratio": 0.0, "vulnClass": "none"}}, {"type": "Feature", "geometry": {"type": "MultiPolygon", "coordinates": [[[[72.3267504653489, 34.18836331129372], [72.32675184094239, 34.18839877023204], [72.32680536569988, 34.18839741300933], [72.32680409849182, 34.18836195643409], [72.3267504653489, 34.18836331129372]]]]}, "properties": {"id": "Pakistan_123102310_661469", "height": 2.558720588684082, "hmax": 0.0, "ratio": 0.0, "vulnClass": "none"}}, {"type": "Feature", "geometry": {"type": "MultiPolygon", "coordinates": [[[[72.32656121789464, 34.18858834628777], [72.32656135727366, 34.18858393197765], [72.32662836205745, 34.188585122508215], [72.3266304795243, 34.188500878440145], [72.32654742756968, 34.18849942816317], [72.326548604227, 34.18845185462769], [72.32643335230883, 34.18844979231745], [72.3264298072845, 34.188586111937845], [72.32656121789464, 34.18858834628777]]]]}, "properties": {"id": "Pakistan_123102310_486027", "height": 3.542672872543335, "hmax": 0.095, "ratio": 0.027, "vulnClass": "none"}}, {"type": "Feature", "geometry": {"type": "MultiPolygon", "coordinates": [[[[72.32664580395227, 34.18870269778835], [72.3269709806443, 34.18871131997544], [72.32697379791988, 34.18863926139994], [72.32694973697107, 34.1886385565438], [72.32695318597155, 34.18854992414187], [72.32681282016881, 34.188546142720625], [72.32680996863441, 34.1886192823428], [72.32671718541071, 34.18861680866299], [72.32672102180081, 34.188519350020954], [72.32680415944047, 34.18852152324872], [72.32680718162241, 34.18844297834681], [72.32688760899289, 34.18844509242575], [72.32688845402446, 34.18842176200034], [72.32695717616059, 34.18842353068879], [72.32695319785161, 34.18852549375224], [72.3269889668467, 34.18852645385324], [72.32698995154486, 34.18850213482157], [72.3270434966169, 34.18850357258906], [72.32704627968451, 34.18843259506248], [72.32699804664976, 34.18843127310402], [72.3270008581887, 34.18835939469944], [72.32681334094735, 34.18835440504156], [72.32681059751037, 34.188424121322754], [72.3267104456023, 34.18842139683869], [72.32670833099023, 34.1884746293772], [72.32665478595223, 34.188473191464325], [72.32664580395227, 34.18870269778835]]]]}, "properties": {"id": "Pakistan_123102310_243380", "height": 3.895472288131714, "hmax": 0.113, "ratio": 0.029, "vulnClass": "low"}}, {"type": "Feature", "geometry": {"type": "MultiPolygon", "coordinates": [[[[72.3262501213871, 34.18842929931085], [72.32605185555457, 34.18843489208571], [72.32605374818294, 34.18848145074633], [72.32609663761981, 34.18848022249428], [72.32609938196562, 34.18854446912342], [72.32619037018168, 34.18854194587631], [72.32618829165283, 34.188490965813436], [72.32625257161322, 34.18848912217723], [72.3262501213871, 34.18842929931085]]]]}, "properties": {"id": "Pakistan_123102310_689965", "height": 3.042964458465576, "hmax": 0.095, "ratio": 0.031, "vulnClass": "none"}}, {"type": "Feature", "geometry": {"type": "MultiPolygon", "coordinates": [[[[72.32600092629193, 34.18842963448501], [72.32585894322283, 34.18842554625466], [72.32585591673872, 34.18849732976959], [72.3259978970826, 34.188501508097026], [72.32600092629193, 34.18842963448501]]]]}, "properties": {"id": "Pakistan_123102310_832207", "height": 2.9075767993927, "hmax": 0.0, "ratio": 0.0, "vulnClass": "none"}}, {"type": "Feature", "geometry": {"type": "MultiPolygon", "coordinates": [[[[72.32566694204831, 34.188394223403726], [72.32566916279673, 34.18847847190557], [72.32583643001666, 34.188475449068356], [72.32583420910136, 34.18839120056162], [72.32566694204831, 34.188394223403726]]]]}, "properties": {"id": "Pakistan_123102310_874697", "height": 2.741884231567383, "hmax": 0.0, "ratio": 0.0, "vulnClass": "none"}}, {"type": "Feature", "geometry": {"type": "MultiPolygon", "coordinates": [[[[72.32564671240611, 34.18846112418086], [72.32565034880326, 34.18841468611762], [72.32555579979312, 34.18840973899965], [72.3255522745981, 34.18845608933443], [72.32564671240611, 34.18846112418086]]]]}, "properties": {"id": "Pakistan_123102310_936245", "height": 2.527480840682983, "hmax": 0.0, "ratio": 0.0, "vulnClass": "none"}}, {"type": "Feature", "geometry": {"type": "MultiPolygon", "coordinates": [[[[72.32546186212677, 34.18845069147171], [72.32547527567614, 34.188551501265174], [72.32553195829671, 34.18854633703778], [72.32551843627186, 34.18844552488259], [72.32546186212677, 34.18845069147171]]]]}, "properties": {"id": "Pakistan_123102310_244275", "height": 3.227829694747925, "hmax": 0.0, "ratio": 0.0, "vulnClass": "none"}}, {"type": "Feature", "geometry": {"type": "MultiPolygon", "coordinates": [[[[72.3254384648471, 34.18843584725393], [72.32531511021736, 34.18846020137813], [72.3253386668007, 34.18854212065794], [72.32546212995432, 34.18851776888039], [72.3254384648471, 34.18843584725393]]]]}, "properties": {"id": "Pakistan_123102310_799058", "height": 3.714349269866943, "hmax": 0.0, "ratio": 0.0, "vulnClass": "none"}}, {"type": "Feature", "geometry": {"type": "MultiPolygon", "coordinates": [[[[72.32564643507425, 34.188349692780115], [72.32558050919343, 34.188352131248585], [72.32557630047792, 34.188272437031884], [72.3254317423735, 34.18827775789074], [72.32543930797836, 34.188419458353785], [72.32564979225492, 34.1884116990296], [72.32564643507425, 34.188349692780115]]]]}, "properties": {"id": "Pakistan_123102310_832200", "height": 2.888075590133667, "hmax": 0.0, "ratio": 0.0, "vulnClass": "none"}}, {"type": "Feature", "geometry": {"type": "MultiPolygon", "coordinates": [[[[72.3256562662976, 34.188388761849815], [72.32585462932137, 34.18838695813232], [72.3258539543131, 34.188332763280116], [72.32565548016335, 34.1883346547259], [72.3256562662976, 34.188388761849815]]]]}, "properties": {"id": "Pakistan_123102310_832201", "height": 2.90546178817749, "hmax": 0.0, "ratio": 0.0, "vulnClass": "none"}}, {"type": "Feature", "geometry": {"type": "MultiPolygon", "coordinates": [[[[72.32579374783842, 34.188294939419954], [72.32566774960989, 34.18829309276043], [72.32566705590033, 34.188321925617515], [72.32579316257946, 34.18832377464422], [72.32579374783842, 34.188294939419954]]]]}, "properties": {"id": "Pakistan_123102310_348869", "height": 3.19057822227478, "hmax": 0.0, "ratio": 0.0, "vulnClass": "none"}}, {"type": "Feature", "geometry": {"type": "MultiPolygon", "coordinates": [[[[72.32558444075812, 34.18825169979934], [72.32594467662669, 34.18825964698396], [72.3259496871069, 34.18810442785787], [72.32574761839251, 34.18809993057445], [72.32574754726043, 34.18810218277217], [72.3255626069633, 34.188098058768496], [72.32556127527738, 34.18814021990335], [72.32558805193328, 34.1881408039644], [72.32558444075812, 34.18825169979934]]]]}, "properties": {"id": "Pakistan_123102310_82196", "height": 4.545135498046875, "hmax": 0.0, "ratio": 0.0, "vulnClass": "none"}}, {"type": "Feature", "geometry": {"type": "MultiPolygon", "coordinates": [[[[72.32630163702824, 34.18826139148469], [72.32629974086299, 34.18817715005401], [72.32644181428353, 34.188174929233966], [72.32644025867896, 34.188103947274975], [72.32610770542797, 34.188109136116516], [72.32611126513602, 34.18826436185522], [72.32630163702824, 34.18826139148469]]]]}, "properties": {"id": "Pakistan_123102310_808625", "height": 2.861151218414307, "hmax": 0.095, "ratio": 0.033, "vulnClass": "none"}}, {"type": "Feature", "geometry": {"type": "MultiPolygon", "coordinates": [[[[72.32610624708681, 34.188265244071324], [72.32610042639458, 34.18809229962974], [72.32600554168513, 34.18809455754472], [72.32601266888987, 34.18830169731874], [72.3260860578007, 34.1882999622713], [72.32608485947175, 34.18826576929768], [72.32610624708681, 34.188265244071324]]]]}, "properties": {"id": "Pakistan_123102310_225539", "height": 3.963065624237061, "hmax": 0.0, "ratio": 0.0, "vulnClass": "none"}}, {"type": "Feature", "geometry": {"type": "MultiPolygon", "coordinates": [[[[72.32603755906713, 34.18793262524413], [72.3260391135991, 34.18796240863844], [72.32608831031166, 34.18796068688456], [72.32609166812199, 34.18802611884575], [72.3262352387615, 34.18802113626124], [72.32623132650397, 34.187945775712315], [72.32631972652518, 34.18794274516177], [72.32631762323736, 34.18790285300385], [72.32621857943207, 34.18790628249536], [72.32621957684883, 34.18792622739206], [72.32603755906713, 34.18793262524413]]]]}, "properties": {"id": "Pakistan_123102310_870035", "height": 2.826620578765869, "hmax": 0.154, "ratio": 0.055, "vulnClass": "low"}}, {"type": "Feature", "geometry": {"type": "MultiPolygon", "coordinates": [[[[72.32632180658662, 34.188072696646664], [72.32632154245017, 34.18802265764607], [72.32608557140202, 34.18802337153859], [72.326085208872, 34.18795584129927], [72.32592539971577, 34.18795632266028], [72.32592591761302, 34.188073889520055], [72.32632180658662, 34.188072696646664]]]]}, "properties": {"id": "Pakistan_123102310_253779", "height": 4.028116226196289, "hmax": 0.139, "ratio": 0.034, "vulnClass": "low"}}, {"type": "Feature", "geometry": {"type": "MultiPolygon", "coordinates": [[[[72.32631229767779, 34.18791003902237], [72.32630052144337, 34.18772299145666], [72.3261330164166, 34.18773015668034], [72.32613485038395, 34.18775796286921], [72.32604284183121, 34.18776190624458], [72.32604405886622, 34.18778176578152], [72.32595574181919, 34.18778560929636], [72.32596446636006, 34.1879249911332], [72.32631229767779, 34.18791003902237]]]]}, "properties": {"id": "Pakistan_123102310_438499", "height": 3.722877025604248, "hmax": 0.154, "ratio": 0.042, "vulnClass": "low"}}, {"type": "Feature", "geometry": {"type": "MultiPolygon", "coordinates": [[[[72.32566289271051, 34.18803470717642], [72.3256559894136, 34.187834243378816], [72.32555687143706, 34.187836588918636], [72.32556366609117, 34.18803705034601], [72.32566289271051, 34.18803470717642]]]]}, "properties": {"id": "Pakistan_123102310_590234", "height": 5.73451042175293, "hmax": 0.144, "ratio": 0.025, "vulnClass": "low"}}, {"type": "Feature", "geometry": {"type": "MultiPolygon", "coordinates": [[[[72.32556148115006, 34.18804096928559], [72.32555738370064, 34.18796118734294], [72.32537797048126, 34.18796755087216], [72.32537401887701, 34.18789002585757], [72.32527117231257, 34.1878936420783], [72.32527933225789, 34.18805086130809], [72.32556148115006, 34.18804096928559]]]]}, "properties": {"id": "Pakistan_123102310_922019", "height": 3.617591619491577, "hmax": 0.126, "ratio": 0.035, "vulnClass": "low"}}, {"type": "Feature", "geometry": {"type": "MultiPolygon", "coordinates": [[[[72.32500461902235, 34.18792496878], [72.32500263947004, 34.18796702561826], [72.32510169238819, 34.18797017825953], [72.32510367189154, 34.187928121417364], [72.32500461902235, 34.18792496878]]]]}, "properties": {"id": "Pakistan_123102310_661453", "height": 4.833458423614502, "hmax": 0.0, "ratio": 0.0, "vulnClass": "none"}}, {"type": "Feature", "geometry": {"type": "MultiPolygon", "coordinates": [[[[72.32511227076401, 34.18797185143757], [72.324994364034, 34.18797486841865], [72.32499604186134, 34.18801790654895], [72.32509951055734, 34.18801520563576], [72.32510199464927, 34.188080798842854], [72.32524400496963, 34.18807713563467], [72.3252395111018, 34.18795840026107], [72.32511194191225, 34.18796165731882], [72.32511227076401, 34.18797185143757]]]]}, "properties": {"id": "Pakistan_123102310_197119", "height": 5.399168968200684, "hmax": 0.124, "ratio": 0.023, "vulnClass": "low"}}, {"type": "Feature", "geometry": {"type": "MultiPolygon", "coordinates": [[[[72.32487849081818, 34.18789291825455], [72.32475256158398, 34.187888908574834], [72.32474902682672, 34.18796645055003], [72.32487484776843, 34.18797045787357], [72.32487849081818, 34.18789291825455]]]]}, "properties": {"id": "Pakistan_123102310_566420", "height": 4.384576320648193, "hmax": 0.0, "ratio": 0.0, "vulnClass": "none"}}, {"type": "Feature", "geometry": {"type": "MultiPolygon", "coordinates": [[[[72.32488186801199, 34.18788559964233], [72.3248839333687, 34.18792323723148], [72.32495083741954, 34.18792073032138], [72.32494877203297, 34.187883092731916], [72.32488186801199, 34.18788559964233]]]]}, "properties": {"id": "Pakistan_123102310_362965", "height": 3.444055318832397, "hmax": 0.0, "ratio": 0.0, "vulnClass": "none"}}, {"type": "Feature", "geometry": {"type": "MultiPolygon", "coordinates": [[[[72.32475547583473, 34.18783100574746], [72.32475733310741, 34.18787179404537], [72.32494106531509, 34.18786606655123], [72.32493746779264, 34.18778764775755], [72.32484104014225, 34.18779068246383], [72.32484278026018, 34.187828312957485], [72.32475547583473, 34.18783100574746]]]]}, "properties": {"id": "Pakistan_123102310_604310", "height": 4.384576320648193, "hmax": 0.0, "ratio": 0.0, "vulnClass": "none"}}, {"type": "Feature", "geometry": {"type": "MultiPolygon", "coordinates": [[[[72.32548259805611, 34.18783199386836], [72.32547306542743, 34.18767357274671], [72.32547034956369, 34.18767369380545], [72.32546691879995, 34.18761745554201], [72.3252251242784, 34.18762741637138], [72.32522818074807, 34.187678327624695], [72.32525490291331, 34.18767719771697], [72.32525795940072, 34.187728108970106], [72.32513868951351, 34.1877330796612], [72.32513640722819, 34.187695437340196], [72.3250962169879, 34.18769708475132], [72.3250928263167, 34.18763958525919], [72.32511574853856, 34.18763855278147], [72.32511327764621, 34.187596579147396], [72.32501160684164, 34.187600761708886], [72.3250186421461, 34.187718019984324], [72.32505340066595, 34.18771661469804], [72.32505505730721, 34.18774315492612], [72.32512566128287, 34.18774027788594], [72.3251282377418, 34.18778234397225], [72.32500669123172, 34.187787264865975], [72.32501063008588, 34.187851447413976], [72.32548259805611, 34.18783199386836]]]]}, "properties": {"id": "Pakistan_123102310_851021", "height": 4.971120357513428, "hmax": 0.124, "ratio": 0.025, "vulnClass": "low"}}, {"type": "Feature", "geometry": {"type": "MultiPolygon", "coordinates": [[[[72.32501111161372, 34.18772975548604], [72.32500494021214, 34.18760575481175], [72.32468794299177, 34.18761650792073], [72.3246904571032, 34.18766740734532], [72.32484042879817, 34.187662385751224], [72.3248440857523, 34.187735486996424], [72.32501111161372, 34.18772975548604]]]]}, "properties": {"id": "Pakistan_123102310_870018", "height": 4.971120357513428, "hmax": 0.0, "ratio": 0.0, "vulnClass": "none"}}, {"type": "Feature", "geometry": {"type": "MultiPolygon", "coordinates": [[[[72.3245223715071, 34.18769294828279], [72.32451360145399, 34.18764434639607], [72.32436407289406, 34.187662809600205], [72.324378199589, 34.1877410074164], [72.32446107868704, 34.18773073588255], [72.32445572193093, 34.187701139961895], [72.3245223715071, 34.18769294828279]]]]}, "properties": {"id": "Pakistan_123102310_187477", "height": 4.68736457824707, "hmax": 0.0, "ratio": 0.0, "vulnClass": "none"}}, {"type": "Feature", "geometry": {"type": "MultiPolygon", "coordinates": [[[[72.32438316637939, 34.18774174685101], [72.32438216904677, 34.18780077329386], [72.32443476351024, 34.18780138009729], [72.32443576080622, 34.18774235365229], [72.32438316637939, 34.18774174685101]]]]}, "properties": {"id": "Pakistan_123102310_651697", "height": 3.226563215255737, "hmax": 0.0, "ratio": 0.0, "vulnClass": "none"}}, {"type": "Feature", "geometry": {"type": "MultiPolygon", "coordinates": [[[[72.32429063281442, 34.18787215780299], [72.32454271626018, 34.18787648674348], [72.32454441468745, 34.18780900150124], [72.32436312973674, 34.18780594711314], [72.32436233596302, 34.18783793301738], [72.32429153764178, 34.18783665847626], [72.32429063281442, 34.18787215780299]]]]}, "properties": {"id": "Pakistan_123102310_537994", "height": 4.025256156921387, "hmax": 0.0, "ratio": 0.0, "vulnClass": "none"}}, {"type": "Feature", "geometry": {"type": "MultiPolygon", "coordinates": [[[[72.32455755686013, 34.187839398350384], [72.32455557141937, 34.187922833868804], [72.32469337968188, 34.18792511964817], [72.32469452604016, 34.18787853714173], [72.3247256417249, 34.18787912591443], [72.32472648065828, 34.18784227289296], [72.32455755686013, 34.187839398350384]]]]}, "properties": {"id": "Pakistan_123102310_917411", "height": 4.5100417137146, "hmax": 0.0, "ratio": 0.0, "vulnClass": "none"}}, {"type": "Feature", "geometry": {"type": "MultiPolygon", "coordinates": [[[[72.324551403318, 34.18792084976967], [72.32455027937618, 34.187880888822555], [72.32447256027088, 34.187882348167214], [72.3244736841759, 34.18792230911328], [72.324551403318, 34.18792084976967]]]]}, "properties": {"id": "Pakistan_123102310_206663", "height": 4.025256156921387, "hmax": 0.0, "ratio": 0.0, "vulnClass": "none"}}, {"type": "Feature", "geometry": {"type": "MultiPolygon", "coordinates": [[[[72.32436849111018, 34.18803107833892], [72.32446499350912, 34.18803255314041], [72.3244665577479, 34.18796245062603], [72.32437005542872, 34.18796097582953], [72.32436849111018, 34.18803107833892]]]]}, "properties": {"id": "Pakistan_123102310_44596", "height": 3.019691467285156, "hmax": 0.0, "ratio": 0.0, "vulnClass": "none"}}, {"type": "Feature", "geometry": {"type": "MultiPolygon", "coordinates": [[[[72.32436490143424, 34.18797645929647], [72.32426585711765, 34.18797303579704], [72.32426327013606, 34.18802400420058], [72.32436231451193, 34.188027427704895], [72.32436490143424, 34.18797645929647]]]]}, "properties": {"id": "Pakistan_123102310_187475", "height": 2.548226118087769, "hmax": 0.0, "ratio": 0.0, "vulnClass": "none"}}, {"type": "Feature", "geometry": {"type": "MultiPolygon", "coordinates": [[[[72.32476022702996, 34.188085782999075], [72.3247750464177, 34.188032196677014], [72.32457274462989, 34.187993886147446], [72.32456404289046, 34.18802551919854], [72.32447583258885, 34.188008809781046], [72.32446971764803, 34.18803067292891], [72.32476022702996, 34.188085782999075]]]]}, "properties": {"id": "Pakistan_123102310_870014", "height": 3.249925136566162, "hmax": 0.0, "ratio": 0.0, "vulnClass": "none"}}, {"type": "Feature", "geometry": {"type": "MultiPolygon", "coordinates": [[[[72.32505386202561, 34.18808317446216], [72.32505346280725, 34.18804773682278], [72.32499617534549, 34.18804801954361], [72.32499646328638, 34.18808354490477], [72.32505386202561, 34.18808317446216]]]]}, "properties": {"id": "Pakistan_123102310_111959", "height": 5.47600793838501, "hmax": 0.0, "ratio": 0.0, "vulnClass": "none"}}, {"type": "Feature", "geometry": {"type": "MultiPolygon", "coordinates": [[[[72.32519532063561, 34.18817595972263], [72.32519458991756, 34.18813384375438], [72.32515432805774, 34.18813431766744], [72.3251551643173, 34.18817652608782], [72.32519532063561, 34.18817595972263]]]]}, "properties": {"id": "Pakistan_123102310_429040", "height": 2.903217554092407, "hmax": 0.0, "ratio": 0.0, "vulnClass": "none"}}, {"type": "Feature", "geometry": {"type": "MultiPolygon", "coordinates": [[[[72.32542595931073, 34.18841619222322], [72.32541058026355, 34.188315790299654], [72.32541167003211, 34.18831563377163], [72.32538990023752, 34.18817371360927], [72.32516187577659, 34.18819758729167], [72.32517958930981, 34.188313365659546], [72.32517534433404, 34.18831381395247], [72.32519466773172, 34.188440445431574], [72.32542595931073, 34.18841619222322]]]]}, "properties": {"id": "Pakistan_123102310_780229", "height": 4.200048923492432, "hmax": 0.0, "ratio": 0.0, "vulnClass": "none"}}, {"type": "Feature", "geometry": {"type": "MultiPolygon", "coordinates": [[[[72.32531778981031, 34.18843375574646], [72.32506207069349, 34.18843800343673], [72.32506090020905, 34.18838920678059], [72.32500196363023, 34.188390174719615], [72.32500332863864, 34.18844654821459], [72.32500593611938, 34.1884464248023], [72.32500902084467, 34.188571980821564], [72.3250823928934, 34.18857078691462], [72.32508080739827, 34.188504221666086], [72.32523254384014, 34.188501762328244], [72.3252334851626, 34.18853721179308], [72.32515305808198, 34.188538522329736], [72.32515392822131, 34.18857622398989], [72.3251244042386, 34.18857675184368], [72.32512617838177, 34.188647648404825], [72.32530841476515, 34.18864468241726], [72.32530653125826, 34.18856350637483], [72.32532085819321, 34.18856327801121], [72.32531778981031, 34.18843375574646]]]]}, "properties": {"id": "Pakistan_123102310_325235", "height": 5.157632350921631, "hmax": 0.087, "ratio": 0.017, "vulnClass": "none"}}, {"type": "Feature", "geometry": {"type": "MultiPolygon", "coordinates": [[[[72.32516176937169, 34.1883726561714], [72.32508133649877, 34.188370721140494], [72.32507944647959, 34.1884271137729], [72.32515988225185, 34.18842895871972], [72.32516176937169, 34.1883726561714]]]]}, "properties": {"id": "Pakistan_123102310_320500", "height": 2.940206527709961, "hmax": 0.0, "ratio": 0.0, "vulnClass": "none"}}, {"type": "Feature", "geometry": {"type": "MultiPolygon", "coordinates": [[[[72.3259336126691, 34.18878516029542], [72.32593085861345, 34.18877274968548], [72.32594250797304, 34.18871990542344], [72.32586196259508, 34.188707781497456], [72.32587324692803, 34.188656191380666], [72.32584377098998, 34.18865176220732], [72.32585315606059, 34.18860878506525], [72.32584964856495, 34.1885927520224], [72.32581585339764, 34.18858768773974], [72.32583612644474, 34.18849536558965], [72.32573690354411, 34.18848040017426], [72.32572207754608, 34.18848269115096], [72.32567942997021, 34.188476261800204], [72.32566016345035, 34.18856418852641], [72.3255276250172, 34.188583925198294], [72.32554789342872, 34.188677221762475], [72.32547464757914, 34.18868815489416], [72.32546539632578, 34.18873032357106], [72.32543062830582, 34.188725147810075], [72.32542399303556, 34.1886948028366], [72.32531128995001, 34.18871163640023], [72.3253040634192, 34.18874465393661], [72.32523855716477, 34.18875440351219], [72.32522661095774, 34.18869987263477], [72.32512949559295, 34.188714341581836], [72.32516702358873, 34.18888626488403], [72.32518501058892, 34.188883502036866], [72.32519792949961, 34.188824825808595], [72.32529526464708, 34.188810271454926], [72.32531260474067, 34.18888980137761], [72.32560079037984, 34.18884686584333], [72.32560357089176, 34.18883439564902], [72.3259336126691, 34.18878516029542]]]]}, "properties": {"id": "Pakistan_123102310_524011", "height": 4.489429950714111, "hmax": 0.099, "ratio": 0.022, "vulnClass": "none"}}, {"type": "Feature", "geometry": {"type": "MultiPolygon", "coordinates": [[[[72.32457935882117, 34.18825835008139], [72.32457764543918, 34.18831600865174], [72.32460713232041, 34.18831665206723], [72.32460884568239, 34.18825899349552], [72.32457935882117, 34.18825835008139]]]]}, "properties": {"id": "Pakistan_123102310_490694", "height": 3.782064199447632, "hmax": 0.0, "ratio": 0.0, "vulnClass": "none"}}, {"type": "Feature", "geometry": {"type": "MultiPolygon", "coordinates": [[[[72.32459986198488, 34.1884609136182], [72.32491200001277, 34.1884735839373], [72.32491576388321, 34.188409389149136], [72.32482215647528, 34.188405543808315], [72.32482307966973, 34.18839005816166], [72.32474279790678, 34.18838677395589], [72.32474070076101, 34.188422247272705], [72.32467374459328, 34.188419524224074], [72.32467534315246, 34.18839296487359], [72.32461651474699, 34.18839050928961], [72.32461928444029, 34.18834405235932], [72.32447204664858, 34.188338044866896], [72.32446717961508, 34.188419975096785], [72.32460195919161, 34.18842544030683], [72.32459986198488, 34.1884609136182]]]]}, "properties": {"id": "Pakistan_123102310_756578", "height": 5.077718257904053, "hmax": 0.0, "ratio": 0.0, "vulnClass": "none"}}, {"type": "Feature", "geometry": {"type": "MultiPolygon", "coordinates": [[[[72.32430308181105, 34.18833300545427], [72.32430220475504, 34.18835732679421], [72.3242459411717, 34.18835609895345], [72.32424429258532, 34.188404834084245], [72.32433806243313, 34.188406970562816], [72.32434059085777, 34.18833382399969], [72.32430308181105, 34.18833300545427]]]]}, "properties": {"id": "Pakistan_123102310_82160", "height": 3.629324674606323, "hmax": 0.0, "ratio": 0.0, "vulnClass": "none"}}, {"type": "Feature", "geometry": {"type": "MultiPolygon", "coordinates": [[[[72.32433303003819, 34.188535324385406], [72.32433273226141, 34.18856191211455], [72.32438728423247, 34.18856238136846], [72.32438769040004, 34.18853579600407], [72.32433303003819, 34.188535324385406]]]]}, "properties": {"id": "Pakistan_123102310_585569", "height": 3.843872547149658, "hmax": 0.0, "ratio": 0.0, "vulnClass": "none"}}, {"type": "Feature", "geometry": {"type": "MultiPolygon", "coordinates": [[[[72.32480039432657, 34.18867200294921], [72.32479528813951, 34.18863790501278], [72.32470549851729, 34.18864712446634], [72.32471060751465, 34.18868113231695], [72.32480039432657, 34.18867200294921]]]]}, "properties": {"id": "Pakistan_123102310_481323", "height": 2.966856479644775, "hmax": 0.0, "ratio": 0.0, "vulnClass": "none"}}, {"type": "Feature", "geometry": {"type": "MultiPolygon", "coordinates": [[[[72.32494239244971, 34.18879923756084], [72.32494550587928, 34.18873502858313], [72.32484645492845, 34.18873178568593], [72.32484748034457, 34.18870963117478], [72.32477259876082, 34.18870709585378], [72.32477121703577, 34.1887336599362], [72.32468820482197, 34.188730947160074], [72.32468533908406, 34.1887907441843], [72.32494239244971, 34.18879923756084]]]]}, "properties": {"id": "Pakistan_123102310_523996", "height": 3.398659944534302, "hmax": 0.0, "ratio": 0.0, "vulnClass": "none"}}, {"type": "Feature", "geometry": {"type": "MultiPolygon", "coordinates": [[[[72.32450909505133, 34.18873452134442], [72.32450758734323, 34.18867237514512], [72.32437723265062, 34.188674488826045], [72.32437863470142, 34.188736542568876], [72.32450909505133, 34.18873452134442]]]]}, "properties": {"id": "Pakistan_123102310_216007", "height": 3.309373140335083, "hmax": 0.0, "ratio": 0.0, "vulnClass": "none"}}, {"type": "Feature", "geometry": {"type": "MultiPolygon", "coordinates": [[[[72.32438777060506, 34.18875296892076], [72.32429302469687, 34.18875081117002], [72.32429485547674, 34.18869631042124], [72.32425734911787, 34.18869540176647], [72.32425312643232, 34.18881872485258], [72.32438549008565, 34.18882170354536], [72.32438777060506, 34.18875296892076]]]]}, "properties": {"id": "Pakistan_123102310_281108", "height": 3.447109222412109, "hmax": 0.0, "ratio": 0.0, "vulnClass": "none"}}, {"type": "Feature", "geometry": {"type": "MultiPolygon", "coordinates": [[[[72.32449203214873, 34.18885909680607], [72.3244967044671, 34.18876616403998], [72.32439495185723, 34.18876259137317], [72.32439027658101, 34.18885561421793], [72.32449203214873, 34.18885909680607]]]]}, "properties": {"id": "Pakistan_123102310_55407", "height": 2.652844667434692, "hmax": 0.0, "ratio": 0.0, "vulnClass": "none"}}, {"type": "Feature", "geometry": {"type": "MultiPolygon", "coordinates": [[[[72.32460797953253, 34.188969626495386], [72.32497375465005, 34.189042695586664], [72.32499588150203, 34.18896727209098], [72.32482005490942, 34.18893215387728], [72.3248353794844, 34.18887975052817], [72.32476951199077, 34.188866593884036], [72.32474677746188, 34.188944077524546], [72.32462614587597, 34.188919989682724], [72.32463807646783, 34.18887887119446], [72.32458234246597, 34.188867738563154], [72.32459547670939, 34.18882286004662], [72.32450330571378, 34.18880444150611], [72.32448712815322, 34.18885980114334], [72.32447192797937, 34.18885676495529], [72.32445988890332, 34.18889788105816], [72.32453847738708, 34.18891356920209], [72.32452132722847, 34.188972243167214], [72.32460239495724, 34.18898843612163], [72.32460797953253, 34.188969626495386]]]]}, "properties": {"id": "Pakistan_123102310_339351", "height": 2.539566040039062, "hmax": 0.0, "ratio": 0.0, "vulnClass": "none"}}, {"type": "Feature", "geometry": {"type": "MultiPolygon", "coordinates": [[[[72.32450747201003, 34.18873782147496], [72.32451043812075, 34.18880874404065], [72.32468286373951, 34.18880385206259], [72.32467978029449, 34.18872977168955], [72.32463689074432, 34.18873099943859], [72.3246370079321, 34.188734157243175], [72.32450747201003, 34.18873782147496]]]]}, "properties": {"id": "Pakistan_123102310_813233", "height": 3.089863300323486, "hmax": 0.0, "ratio": 0.0, "vulnClass": "none"}}, {"type": "Feature", "geometry": {"type": "MultiPolygon", "coordinates": [[[[72.32521104314925, 34.18892481772771], [72.32515798441844, 34.18916895819923], [72.32505756555112, 34.189154056275655], [72.3249892884293, 34.18946782097902], [72.32533135984637, 34.189518645766135], [72.32533960455805, 34.189480872497256], [72.32519405239107, 34.18945921650517], [72.32523008856847, 34.189293766172575], [72.32549862602194, 34.189333700832115], [72.32550700750166, 34.189295029032586], [72.32535638029506, 34.18927263148758], [72.32542504938519, 34.18895671148422], [72.32521104314925, 34.18892481772771]]]]}, "properties": {"id": "Pakistan_123102310_234911", "height": 4.13661527633667, "hmax": 0.0, "ratio": 0.0, "vulnClass": "none"}}, {"type": "Feature", "geometry": {"type": "MultiPolygon", "coordinates": [[[[72.32514363734026, 34.18879208890039], [72.32504105721425, 34.18878723661725], [72.32503457980192, 34.18888238378596], [72.32513716288818, 34.18888714599207], [72.32514363734026, 34.18879208890039]]]]}, "properties": {"id": "Pakistan_123102310_419629", "height": 2.645362854003906, "hmax": 0.0, "ratio": 0.0, "vulnClass": "none"}}, {"type": "Feature", "geometry": {"type": "MultiPolygon", "coordinates": [[[[72.32505928618218, 34.188625725020245], [72.32506866593023, 34.18865847378404], [72.3251296844397, 34.18864655294414], [72.32512030466873, 34.188613804183916], [72.32505928618218, 34.188625725020245]]]]}, "properties": {"id": "Pakistan_123102310_874685", "height": 3.31645941734314, "hmax": 0.0, "ratio": 0.0, "vulnClass": "none"}}, {"type": "Feature", "geometry": {"type": "MultiPolygon", "coordinates": [[[[72.32490307223223, 34.188611949608415], [72.32479647728861, 34.188631169713496], [72.32480732960025, 34.18867224441834], [72.32491392174822, 34.1886531143941], [72.32490307223223, 34.188611949608415]]]]}, "properties": {"id": "Pakistan_123102310_25966", "height": 3.811671257019043, "hmax": 0.0, "ratio": 0.0, "vulnClass": "none"}}, {"type": "Feature", "geometry": {"type": "MultiPolygon", "coordinates": [[[[72.32514624521976, 34.188572179930496], [72.32514770674192, 34.18850874625319], [72.32508774576502, 34.18850779873442], [72.32508628419802, 34.188571232408876], [72.32514624521976, 34.188572179930496]]]]}, "properties": {"id": "Pakistan_123102310_196096", "height": 4.383558750152588, "hmax": 0.0, "ratio": 0.0, "vulnClass": "none"}}, {"type": "Feature", "geometry": {"type": "MultiPolygon", "coordinates": [[[[72.32532300439223, 34.188574323123404], [72.32537873519352, 34.18865423975811], [72.32541486505342, 34.188636907752006], [72.32535913138143, 34.18855708122034], [72.32532300439223, 34.188574323123404]]]]}, "properties": {"id": "Pakistan_123102310_206687", "height": 3.078982353210449, "hmax": 0.087, "ratio": 0.028, "vulnClass": "none"}}, {"type": "Feature", "geometry": {"type": "MultiPolygon", "coordinates": [[[[72.32603251788116, 34.18848729824114], [72.32603410697155, 34.18855377342507], [72.32609477821613, 34.188552842821345], [72.32609319192292, 34.18848627754801], [72.32603251788116, 34.18848729824114]]]]}, "properties": {"id": "Pakistan_123102310_344127", "height": 2.740044832229614, "hmax": 0.0, "ratio": 0.0, "vulnClass": "none"}}, {"type": "Feature", "geometry": {"type": "MultiPolygon", "coordinates": [[[[72.32603141183506, 34.188628809571995], [72.32611805243344, 34.1886265521648], [72.3261207657984, 34.18869521546573], [72.32621185689592, 34.18869287475039], [72.32620857998222, 34.18860770171492], [72.32611911794403, 34.18860998780677], [72.32611741080346, 34.18856442484175], [72.3260290328942, 34.18856673451155], [72.32603141183506, 34.188628809571995]]]]}, "properties": {"id": "Pakistan_123102310_841570", "height": 3.532993793487549, "hmax": 0.136, "ratio": 0.038, "vulnClass": "low"}}, {"type": "Feature", "geometry": {"type": "MultiPolygon", "coordinates": [[[[72.32611675469235, 34.188695127991345], [72.32611259818486, 34.18863094071681], [72.32601525960868, 34.18863530870884], [72.32601941888711, 34.18869940589523], [72.32611675469235, 34.188695127991345]]]]}, "properties": {"id": "Pakistan_123102310_206703", "height": 2.897001266479492, "hmax": 0.087, "ratio": 0.03, "vulnClass": "none"}}, {"type": "Feature", "geometry": {"type": "MultiPolygon", "coordinates": [[[[72.32596455949623, 34.18870866685838], [72.32596460227904, 34.188642046966265], [72.32587607860569, 34.188642099595235], [72.32587603859838, 34.18870862939612], [72.32596455949623, 34.18870866685838]]]]}, "properties": {"id": "Pakistan_123102310_186712", "height": 3.45753288269043, "hmax": 0.087, "ratio": 0.025, "vulnClass": "none"}}, {"type": "Feature", "geometry": {"type": "MultiPolygon", "coordinates": [[[[72.32630541358827, 34.18904875357774], [72.32614119802055, 34.18905472837674], [72.32614292957061, 34.18908577772688], [72.32600195324231, 34.18909099703565], [72.32600593925117, 34.18916401528646], [72.32632079977523, 34.189152400964616], [72.32632264864117, 34.18918660812077], [72.32643603521967, 34.189182499687654], [72.32643082855851, 34.18908628628107], [72.32632374119858, 34.18909017147682], [72.32631595700117, 34.188945040575504], [72.3262410156665, 34.18894782369229], [72.32624204437734, 34.18896677761936], [72.32630091280342, 34.18896454550707], [72.32630541358827, 34.18904875357774]]]]}, "properties": {"id": "Pakistan_123102310_244299", "height": 2.863384008407593, "hmax": 0.072, "ratio": 0.025, "vulnClass": "none"}}, {"type": "Feature", "geometry": {"type": "MultiPolygon", "coordinates": [[[[72.32630156238645, 34.18905047259539], [72.32629848006529, 34.18897287640461], [72.32595548802657, 34.18898216430693], [72.32595857003231, 34.18905976049134], [72.32630156238645, 34.18905047259539]]]]}, "properties": {"id": "Pakistan_123102310_149026", "height": 2.67753005027771, "hmax": 0.072, "ratio": 0.027, "vulnClass": "none"}}, {"type": "Feature", "geometry": {"type": "MultiPolygon", "coordinates": [[[[72.32605154033722, 34.189406701844376], [72.32610845939458, 34.18978567149914], [72.32681731925486, 34.189712781609444], [72.32681158134238, 34.18967461321703], [72.32672875454398, 34.18968317459016], [72.3267114439108, 34.18956830668972], [72.32682071648536, 34.189557076514824], [72.32681023123017, 34.189487161974576], [72.32660681487445, 34.18950805893624], [72.32662259529293, 34.189612976986254], [72.32648262883374, 34.18962741414319], [72.326469985798, 34.18954338913484], [72.3263977174925, 34.18955082826889], [72.32637547462048, 34.18940321848992], [72.32632268848859, 34.189408648363376], [72.32631830100257, 34.18937925394765], [72.32605154033722, 34.189406701844376]]]]}, "properties": {"id": "Pakistan_123102310_187525", "height": 2.591240406036377, "hmax": 0.125, "ratio": 0.048, "vulnClass": "low"}}, {"type": "Feature", "geometry": {"type": "MultiPolygon", "coordinates": [[[[72.32483826090855, 34.189355083831074], [72.32474708894196, 34.189353094543264], [72.32474155535945, 34.18952822525627], [72.32483261910484, 34.18953021219173], [72.32483826090855, 34.189355083831074]]]]}, "properties": {"id": "Pakistan_123102310_306196", "height": 3.568798065185547, "hmax": 0.0, "ratio": 0.0, "vulnClass": "none"}}, {"type": "Feature", "geometry": {"type": "MultiPolygon", "coordinates": [[[[72.32485777960657, 34.189307279490315], [72.32486166376196, 34.18920837961403], [72.32476519415223, 34.1892058240075], [72.32476370757475, 34.189242572741854], [72.32462973416963, 34.18923901841637], [72.32462733922812, 34.189301079454886], [72.32485777960657, 34.189307279490315]]]]}, "properties": {"id": "Pakistan_123102310_799052", "height": 4.093589305877686, "hmax": 0.0, "ratio": 0.0, "vulnClass": "none"}}, {"type": "Feature", "geometry": {"type": "MultiPolygon", "coordinates": [[[[72.32461605781991, 34.189283885104], [72.32447933713706, 34.18928144261427], [72.32447794268799, 34.1893324370391], [72.32461466345302, 34.18933487953426], [72.32461605781991, 34.189283885104]]]]}, "properties": {"id": "Pakistan_123102310_140431", "height": 3.007186412811279, "hmax": 0.0, "ratio": 0.0, "vulnClass": "none"}}, {"type": "Feature", "geometry": {"type": "MultiPolygon", "coordinates": [[[[72.32466084575779, 34.189500681305574], [72.32466228545366, 34.18952721679687], [72.32473451136525, 34.18952455571232], [72.32472805243889, 34.189402802533955], [72.32448813562203, 34.189411540643576], [72.32449315455897, 34.18950675832736], [72.32466084575779, 34.189500681305574]]]]}, "properties": {"id": "Pakistan_123102310_580748", "height": 3.296482801437378, "hmax": 0.0, "ratio": 0.0, "vulnClass": "none"}}, {"type": "Feature", "geometry": {"type": "MultiPolygon", "coordinates": [[[[72.3239794278106, 34.18947075570517], [72.32397755521536, 34.18940643795318], [72.32389972346554, 34.18940798458885], [72.32390121848039, 34.1894567883163], [72.3238127483624, 34.18945855344732], [72.32381484375281, 34.18952954715366], [72.32385229615922, 34.18952874192765], [72.32385326800053, 34.18955977470506], [72.3239417382257, 34.189558009549785], [72.32393915394522, 34.189471589539345], [72.3239794278106, 34.18947075570517]]]]}, "properties": {"id": "Pakistan_123102310_836888", "height": 3.258925437927246, "hmax": 0.0, "ratio": 0.0, "vulnClass": "none"}}, {"type": "Feature", "geometry": {"type": "MultiPolygon", "coordinates": [[[[72.32418536584348, 34.1893529168572], [72.32393631331225, 34.18934522752573], [72.32393419078095, 34.18939178869911], [72.32408949813903, 34.1893965306027], [72.32408833014478, 34.18942318948384], [72.32401604410732, 34.189420890631574], [72.32401364806414, 34.18947267453188], [72.32394666833933, 34.189470671750044], [72.32394270251892, 34.18955839119613], [72.32414265769324, 34.189564648418056], [72.32413919338171, 34.18963993813275], [72.32433037332311, 34.18964582323788], [72.32433358955599, 34.18957494544536], [72.32429609134799, 34.18957376652074], [72.32429701728893, 34.18955476509657], [72.32423264214981, 34.18955272915992], [72.3242360636639, 34.18947879075416], [72.32417981642149, 34.18947702232128], [72.32418536584348, 34.1893529168572]]]]}, "properties": {"id": "Pakistan_123102310_780213", "height": 3.302640199661255, "hmax": 0.0, "ratio": 0.0, "vulnClass": "none"}}, {"type": "Feature", "geometry": {"type": "MultiPolygon", "coordinates": [[[[72.323518458985, 34.18937189620446], [72.32339520945774, 34.18936884506903], [72.32339204181287, 34.18945531981006], [72.32351529146555, 34.189458370954604], [72.323518458985, 34.18937189620446]]]]}, "properties": {"id": "Pakistan_123102310_940971", "height": 3.196205615997314, "hmax": 0.0, "ratio": 0.0, "vulnClass": "none"}}, {"type": "Feature", "geometry": {"type": "MultiPolygon", "coordinates": [[[[72.32325482687226, 34.189495956799995], [72.3233861926348, 34.18949278462205], [72.32338474119923, 34.1894529066863], [72.32325348675585, 34.189455991144676], [72.32325482687226, 34.189495956799995]]]]}, "properties": {"id": "Pakistan_123102310_898405", "height": 3.182751655578613, "hmax": 0.0, "ratio": 0.0, "vulnClass": "none"}}, {"type": "Feature", "geometry": {"type": "MultiPolygon", "coordinates": [[[[72.3232493495807, 34.18859172399286], [72.32344633942964, 34.188568168089944], [72.3234573634783, 34.188631243222176], [72.32351518724549, 34.18862430184677], [72.32348974024853, 34.18847869516452], [72.32324538248531, 34.18850788813405], [72.32324198656343, 34.188488341618914], [72.32319995320192, 34.18849337385418], [72.32321097705945, 34.188556449000096], [72.32324244932444, 34.18855262859611], [72.3232493495807, 34.18859172399286]]]]}, "properties": {"id": "Pakistan_123102310_339331", "height": 3.225001335144043, "hmax": 0.0, "ratio": 0.0, "vulnClass": "none"}}, {"type": "Feature", "geometry": {"type": "MultiPolygon", "coordinates": [[[[72.32341401283341, 34.188650490457185], [72.32341215887551, 34.188606186385414], [72.32335591529151, 34.1886077532148], [72.32335517542899, 34.18858997753361], [72.3232463798479, 34.188593011407654], [72.32324886515079, 34.188655088791826], [72.32341401283341, 34.188650490457185]]]]}, "properties": {"id": "Pakistan_123102310_594905", "height": 2.891671180725098, "hmax": 0.0, "ratio": 0.0, "vulnClass": "none"}}, {"type": "Feature", "geometry": {"type": "MultiPolygon", "coordinates": [[[[72.32358498685852, 34.188660623364974], [72.32359502340023, 34.18881328593234], [72.32386509569409, 34.18880115097854], [72.32385726592531, 34.18868162160345], [72.32364868111095, 34.18869104198191], [72.32364647677863, 34.18865781870085], [72.32358498685852, 34.188660623364974]]]]}, "properties": {"id": "Pakistan_123102310_884198", "height": 3.513084888458252, "hmax": 0.0, "ratio": 0.0, "vulnClass": "none"}}, {"type": "Feature", "geometry": {"type": "MultiPolygon", "coordinates": [[[[72.32334666604054, 34.18865325729495], [72.32334890289711, 34.18870946951164], [72.32348288062408, 34.188705993619536], [72.32348064367827, 34.188649781401054], [72.32334666604054, 34.18865325729495]]]]}, "properties": {"id": "Pakistan_123102310_291809", "height": 2.891671180725098, "hmax": 0.0, "ratio": 0.0, "vulnClass": "none"}}, {"type": "Feature", "geometry": {"type": "MultiPolygon", "coordinates": [[[[72.32420598899593, 34.18908481034726], [72.32452817532793, 34.18915719994232], [72.32452133844296, 34.18917787538512], [72.3246413372202, 34.18920483432769], [72.32465622596304, 34.18915936304123], [72.32489353051108, 34.18921268089072], [72.32492942858235, 34.18910312059944], [72.32493201331332, 34.18910371789236], [72.3249441466282, 34.189066480242225], [72.3248342728694, 34.189041815961744], [72.3248119399274, 34.18911002293226], [72.32467449003161, 34.189079167530224], [72.32470233646701, 34.188994403153366], [72.32461734583835, 34.18897533001769], [72.32460990147841, 34.188998065659796], [72.3245049834017, 34.188974500872376], [72.32449417620185, 34.18900753036613], [72.32455913093601, 34.189022109641584], [72.32454148403279, 34.18907590467325], [72.32428673182689, 34.189018599397876], [72.32433415375075, 34.18887395201346], [72.32427921566986, 34.188861664665325], [72.32420598899593, 34.18908481034726]]]]}, "properties": {"id": "Pakistan_123102310_865230", "height": 3.68815279006958, "hmax": 0.0, "ratio": 0.0, "vulnClass": "none"}}, {"type": "Feature", "geometry": {"type": "MultiPolygon", "coordinates": [[[[72.3240965177094, 34.18870072648881], [72.32423055852831, 34.18870211924928], [72.32423121198651, 34.188660844847035], [72.32409717123292, 34.1886594520904], [72.3240965177094, 34.18870072648881]]]]}, "properties": {"id": "Pakistan_123102310_623235", "height": 2.838506698608398, "hmax": 0.0, "ratio": 0.0, "vulnClass": "none"}}, {"type": "Feature", "geometry": {"type": "MultiPolygon", "coordinates": [[[[72.32408288561314, 34.188816271613234], [72.32407846854183, 34.18866769830308], [72.32399976735839, 34.18866931619476], [72.32400160276472, 34.18873137939303], [72.32387123092136, 34.188734033057216], [72.32387381231419, 34.188820543161775], [72.32408288561314, 34.188816271613234]]]]}, "properties": {"id": "Pakistan_123102310_874667", "height": 3.513084888458252, "hmax": 0.0, "ratio": 0.0, "vulnClass": "none"}}, {"type": "Feature", "geometry": {"type": "MultiPolygon", "coordinates": [[[[72.32375221851333, 34.188631278839715], [72.32375437224626, 34.18867640080321], [72.32384005425554, 34.18867358318931], [72.32383790332416, 34.18862837113737], [72.32375221851333, 34.188631278839715]]]]}, "properties": {"id": "Pakistan_123102310_46085", "height": 3.025083541870117, "hmax": 0.0, "ratio": 0.0, "vulnClass": "none"}}, {"type": "Feature", "geometry": {"type": "MultiPolygon", "coordinates": [[[[72.32391282146789, 34.1885782602778], [72.3239149005159, 34.18856739751582], [72.32385990881437, 34.188560247360115], [72.32384752295287, 34.18862605690385], [72.32398365577104, 34.18864363242731], [72.32399407090105, 34.18858868799495], [72.32391282146789, 34.1885782602778]]]]}, "properties": {"id": "Pakistan_123102310_263175", "height": 4.190869331359863, "hmax": 0.0, "ratio": 0.0, "vulnClass": "none"}}, {"type": "Feature", "geometry": {"type": "MultiPolygon", "coordinates": [[[[72.32393857390248, 34.18848425508985], [72.3239422462964, 34.188543112986075], [72.32398243978339, 34.18854137588605], [72.3239786589536, 34.18848251562365], [72.32393857390248, 34.18848425508985]]]]}, "properties": {"id": "Pakistan_123102310_713840", "height": 4.958214282989502, "hmax": 0.0, "ratio": 0.0, "vulnClass": "none"}}, {"type": "Feature", "geometry": {"type": "MultiPolygon", "coordinates": [[[[72.32455219076613, 34.188537943244135], [72.32455560905503, 34.18850529340935], [72.32459468950294, 34.18849758192455], [72.32458022497988, 34.18844723308981], [72.3245111274455, 34.18846078036323], [72.32450712463887, 34.18849819538795], [72.32431923604301, 34.18848435910703], [72.3243141668348, 34.188531487043065], [72.32439393251077, 34.18853737461889], [72.32439068234791, 34.18856813496785], [72.32432141228584, 34.188563107481585], [72.3243158669635, 34.18861500297291], [72.32426694625818, 34.18861141118121], [72.32427138543237, 34.1885704898437], [72.32416055790922, 34.18856230159907], [72.32415730481331, 34.18859315202544], [72.32405080790235, 34.1885852384921], [72.32404558742022, 34.18863371535959], [72.32425046786618, 34.18864882438635], [72.32424554117513, 34.18869487362847], [72.32449759199504, 34.188645382506024], [72.32448244266902, 34.188592674820136], [72.32478700185911, 34.18861518673177], [72.32494157214904, 34.188584843110384], [72.32493014073924, 34.188544927730234], [72.32484379516067, 34.18856188517407], [72.32482747566243, 34.18850500509679], [72.32479197764054, 34.18850233742816], [72.32479136184295, 34.18850809358812], [72.32472490754951, 34.188503217917614], [72.32471984141067, 34.18855025579313], [72.32455219076613, 34.188537943244135]]]]}, "properties": {"id": "Pakistan_123102310_82168", "height": 4.288785934448242, "hmax": 0.0, "ratio": 0.0, "vulnClass": "none"}}, {"type": "Feature", "geometry": {"type": "MultiPolygon", "coordinates": [[[[72.32410043838011, 34.188535477109234], [72.324284246933, 34.18854111119645], [72.32428696728942, 34.188479057266036], [72.32429867248857, 34.18847940285728], [72.32430191710509, 34.188407624174744], [72.32423927451346, 34.188405716222555], [72.32424073018754, 34.1883733841679], [72.32400327444643, 34.188366128424775], [72.32400096979431, 34.1884184552265], [72.3241054463811, 34.18842163690976], [72.32410043838011, 34.188535477109234]]]]}, "properties": {"id": "Pakistan_123102310_628094", "height": 4.529489994049072, "hmax": 0.0, "ratio": 0.0, "vulnClass": "none"}}, {"type": "Feature", "geometry": {"type": "MultiPolygon", "coordinates": [[[[72.32422670282058, 34.18832980608091], [72.32412753261478, 34.18832692061141], [72.32412595163, 34.18836321652547], [72.32422512187811, 34.188366101998255], [72.32422670282058, 34.18832980608091]]]]}, "properties": {"id": "Pakistan_123102310_855800", "height": 4.455146312713623, "hmax": 0.0, "ratio": 0.0, "vulnClass": "none"}}, {"type": "Feature", "geometry": {"type": "MultiPolygon", "coordinates": [[[[72.32400118579861, 34.18836013294506], [72.32405198343648, 34.18836268400387], [72.32405651555896, 34.18830166127191], [72.32400572080452, 34.18829902012891], [72.32400118579861, 34.18836013294506]]]]}, "properties": {"id": "Pakistan_123102310_139454", "height": 2.842690944671631, "hmax": 0.0, "ratio": 0.0, "vulnClass": "none"}}, {"type": "Feature", "geometry": {"type": "MultiPolygon", "coordinates": [[[[72.3239839847438, 34.18847532971825], [72.323987015478, 34.1885373288565], [72.3240781291322, 34.188534269020074], [72.32407310451593, 34.18843238010302], [72.3239552771101, 34.18843629929542], [72.3239572708695, 34.18847618907257], [72.3239839847438, 34.18847532971825]]]]}, "properties": {"id": "Pakistan_123102310_580742", "height": 4.958214282989502, "hmax": 0.0, "ratio": 0.0, "vulnClass": "none"}}, {"type": "Feature", "geometry": {"type": "MultiPolygon", "coordinates": [[[[72.3234028480759, 34.18836537304927], [72.32340571854151, 34.188477041287584], [72.32360945619796, 34.18847337524818], [72.32360776060426, 34.18840689775603], [72.32347370911265, 34.188409290388236], [72.323472534043, 34.188364099636146], [72.3234028480759, 34.18836537304927]]]]}, "properties": {"id": "Pakistan_123102310_818044", "height": 3.367658138275146, "hmax": 0.0, "ratio": 0.0, "vulnClass": "none"}}, {"type": "Feature", "geometry": {"type": "MultiPolygon", "coordinates": [[[[72.32376753720987, 34.18832852921202], [72.32378647767578, 34.1883848355714], [72.32373556288574, 34.188379126598264], [72.32373003898473, 34.18841317284106], [72.32374787500127, 34.18841518485326], [72.32380218643384, 34.18840266752815], [72.3238455316066, 34.188531175734475], [72.3237778590659, 34.188523658612944], [72.32364158672229, 34.18855512136885], [72.323609158332, 34.188551438563174], [72.32358883215457, 34.188556133416014], [72.32357941257166, 34.18861389418599], [72.32359101135312, 34.188648494485214], [72.32368214301283, 34.18865859722631], [72.32368942081011, 34.188613681132935], [72.32384372291094, 34.18857810435996], [72.32384574481222, 34.188565617653694], [72.32390049281022, 34.1885530196661], [72.3239036097486, 34.188533344866045], [72.32387375796372, 34.188444707000976], [72.32395429795359, 34.18842609098437], [72.32396264783961, 34.18837470747432], [72.3239295662049, 34.18837110064739], [72.32388814941599, 34.18838065407461], [72.32385161297493, 34.18837652107183], [72.3239823106199, 34.18834637880071], [72.32398999885875, 34.188298767143436], [72.32392708502792, 34.18829171456856], [72.32376753720987, 34.18832852921202]]]]}, "properties": {"id": "Pakistan_123102310_713834", "height": 4.494828224182129, "hmax": 0.0, "ratio": 0.0, "vulnClass": "none"}}, {"type": "Feature", "geometry": {"type": "MultiPolygon", "coordinates": [[[[72.3236416373768, 34.18829954749112], [72.32351024478845, 34.18830019520861], [72.32351066161289, 34.188355646498245], [72.32364205143985, 34.18835508887214], [72.3236416373768, 34.18829954749112]]]]}, "properties": {"id": "Pakistan_123102310_851000", "height": 3.152864217758179, "hmax": 0.0, "ratio": 0.0, "vulnClass": "none"}}, {"type": "Feature", "geometry": {"type": "MultiPolygon", "coordinates": [[[[72.32399169244414, 34.188282937721056], [72.32398972977047, 34.188238631275674], [72.32370849025416, 34.18824718725211], [72.32371045278013, 34.18829149369497], [72.32399169244414, 34.188282937721056]]]]}, "properties": {"id": "Pakistan_123102310_358277", "height": 3.915789604187012, "hmax": 0.0, "ratio": 0.0, "vulnClass": "none"}}, {"type": "Feature", "geometry": {"type": "MultiPolygon", "coordinates": [[[[72.32379029995727, 34.188140342289245], [72.32372069979485, 34.18814233896044], [72.32372240829248, 34.18818438611123], [72.32379211404962, 34.18818248189467], [72.32379029995727, 34.188140342289245]]]]}, "properties": {"id": "Pakistan_123102310_457454", "height": 2.715023756027222, "hmax": 0.0, "ratio": 0.0, "vulnClass": "none"}}, {"type": "Feature", "geometry": {"type": "MultiPolygon", "coordinates": [[[[72.32365748488121, 34.188155112658556], [72.3236563062122, 34.18819583468958], [72.32371528554242, 34.18819694177686], [72.32371646418315, 34.18815621974394], [72.32365748488121, 34.188155112658556]]]]}, "properties": {"id": "Pakistan_123102310_766111", "height": 2.868751525878906, "hmax": 0.0, "ratio": 0.0, "vulnClass": "none"}}, {"type": "Feature", "geometry": {"type": "MultiPolygon", "coordinates": [[[[72.32362860232281, 34.18819369741728], [72.32332483739825, 34.18820789101588], [72.32333232353979, 34.1883176767212], [72.32337675905146, 34.18831558167445], [72.32337995679363, 34.18836198853071], [72.32350554652155, 34.18835616588889], [72.32349970471944, 34.1882698550587], [72.32342484963529, 34.188273359545434], [72.3234237104919, 34.18825791904481], [72.32359851686148, 34.18824974499272], [72.32359712914943, 34.188228439323005], [72.32363080949605, 34.18822683061225], [72.32362860232281, 34.18819369741728]]]]}, "properties": {"id": "Pakistan_123102310_262276", "height": 3.630231857299805, "hmax": 0.0, "ratio": 0.0, "vulnClass": "none"}}, {"type": "Feature", "geometry": {"type": "MultiPolygon", "coordinates": [[[[72.32340198694416, 34.18806659747586], [72.32341562274057, 34.18810538915406], [72.32347650963857, 34.18809076176346], [72.32346276825616, 34.18805187763651], [72.32340198694416, 34.18806659747586]]]]}, "properties": {"id": "Pakistan_123102310_348848", "height": 2.742458343505859, "hmax": 0.0, "ratio": 0.0, "vulnClass": "none"}}, {"type": "Feature", "geometry": {"type": "MultiPolygon", "coordinates": [[[[72.32356106636719, 34.18817500457589], [72.3235427980163, 34.188045961881535], [72.32347402836791, 34.18805257418864], [72.32348049262028, 34.18809860160154], [72.32340910976065, 34.188105517425605], [72.32340538250924, 34.18807929258765], [72.32335772357303, 34.18808384147668], [72.32337324899093, 34.18819326178337], [72.32356106636719, 34.18817500457589]]]]}, "properties": {"id": "Pakistan_123102310_272617", "height": 3.487200260162354, "hmax": 0.0, "ratio": 0.0, "vulnClass": "none"}}, {"type": "Feature", "geometry": {"type": "MultiPolygon", "coordinates": [[[[72.32355643798631, 34.188057167765045], [72.32356226984275, 34.188167818853756], [72.32364263652416, 34.18816497548765], [72.3236368074098, 34.188054234310016], [72.32355643798631, 34.188057167765045]]]]}, "properties": {"id": "Pakistan_123102310_728055", "height": 3.020171165466309, "hmax": 0.0, "ratio": 0.0, "vulnClass": "none"}}, {"type": "Feature", "geometry": {"type": "MultiPolygon", "coordinates": [[[[72.32383604145728, 34.1880831939806], [72.32381620201586, 34.188021008261494], [72.32373242156662, 34.18803919286703], [72.32375225810146, 34.188101468684586], [72.32383604145728, 34.1880831939806]]]]}, "properties": {"id": "Pakistan_123102310_414894", "height": 3.245228290557861, "hmax": 0.0, "ratio": 0.0, "vulnClass": "none"}}, {"type": "Feature", "geometry": {"type": "MultiPolygon", "coordinates": [[[[72.32407706329427, 34.18801534282132], [72.32391053222513, 34.188050021963036], [72.32389362869341, 34.18799448127778], [72.32381893434801, 34.188010069609426], [72.32385117765733, 34.18811570786986], [72.32409229769681, 34.18806534791126], [72.32407706329427, 34.18801534282132]]]]}, "properties": {"id": "Pakistan_123102310_865226", "height": 4.308786392211914, "hmax": 0.0, "ratio": 0.0, "vulnClass": "none"}}, {"type": "Feature", "geometry": {"type": "MultiPolygon", "coordinates": [[[[72.32423923253992, 34.18820107497979], [72.32424132740198, 34.18812791895708], [72.32419731116005, 34.18812704852344], [72.32419832444391, 34.18809155156653], [72.32407873977938, 34.188089302345986], [72.32407751576294, 34.18813146579567], [72.32394351287515, 34.18812890176955], [72.32394169130171, 34.1881968350501], [72.3240006706458, 34.188197942000194], [72.32400144770176, 34.18816992233492], [72.3240496918484, 34.18817088511275], [72.3240480181888, 34.18823070813212], [72.32399706097381, 34.18822977628936], [72.32399559796332, 34.18828293281019], [72.32415269476016, 34.188285910638754], [72.32415356571947, 34.18825491807348], [72.32412244991067, 34.188254329149146], [72.32412398686238, 34.18819883034031], [72.32423923253992, 34.18820107497979]]]]}, "properties": {"id": "Pakistan_123102310_656530", "height": 3.981127738952637, "hmax": 0.0, "ratio": 0.0, "vulnClass": "none"}}, {"type": "Feature", "geometry": {"type": "MultiPolygon", "coordinates": [[[[72.32394096512289, 34.18817175752385], [72.32394243712969, 34.1881251821441], [72.32379770763477, 34.18812220354317], [72.32379623839596, 34.188168688829656], [72.32394096512289, 34.18817175752385]]]]}, "properties": {"id": "Pakistan_123102310_523985", "height": 2.52800989151001, "hmax": 0.0, "ratio": 0.0, "vulnClass": "none"}}, {"type": "Feature", "geometry": {"type": "MultiPolygon", "coordinates": [[[[72.32460681398999, 34.18833359330866], [72.32506786133737, 34.1883542903197], [72.32508145366624, 34.188147241977674], [72.3246936396144, 34.18812976568184], [72.32469673446919, 34.18808331584183], [72.32443457941567, 34.18807155542998], [72.32443617257607, 34.18804860196268], [72.3241408707071, 34.18803530625508], [72.3241381318689, 34.18807734649703], [72.32435316382335, 34.188086997419816], [72.32434936493715, 34.18814542182321], [72.32425999430504, 34.1881413980667], [72.32425593321067, 34.188204684838844], [72.32418476074496, 34.18820150891479], [72.32417832254303, 34.188298820475644], [72.32456505591905, 34.18831618469089], [72.32457380770083, 34.188183404508095], [72.32461659734494, 34.18818532984179], [72.32460681398999, 34.18833359330866]]]]}, "properties": {"id": "Pakistan_123102310_789588", "height": 5.225239753723145, "hmax": 0.0, "ratio": 0.0, "vulnClass": "none"}}, {"type": "Feature", "geometry": {"type": "MultiPolygon", "coordinates": [[[[72.32446542126067, 34.18794692003774], [72.32446687162779, 34.18788042103509], [72.32414776131084, 34.187875620818055], [72.32414631069351, 34.18794211980509], [72.32446542126067, 34.18794692003774]]]]}, "properties": {"id": "Pakistan_123102310_353587", "height": 4.025256156921387, "hmax": 0.0, "ratio": 0.0, "vulnClass": "none"}}, {"type": "Feature", "geometry": {"type": "MultiPolygon", "coordinates": [[[[72.3240163200295, 34.1879533462168], [72.32402442928586, 34.18802284849061], [72.32413970821325, 34.18801373505292], [72.32413170726919, 34.187944235148095], [72.3240163200295, 34.1879533462168]]]]}, "properties": {"id": "Pakistan_123102310_936225", "height": 2.628563404083252, "hmax": 0.0, "ratio": 0.0, "vulnClass": "none"}}, {"type": "Feature", "geometry": {"type": "MultiPolygon", "coordinates": [[[[72.32382262178285, 34.18775610762704], [72.32374441896386, 34.187776307136545], [72.32377725435941, 34.187863207155985], [72.32385545725374, 34.18784300762921], [72.32382262178285, 34.18775610762704]]]]}, "properties": {"id": "Pakistan_123102310_921999", "height": 4.098859310150146, "hmax": 0.0, "ratio": 0.0, "vulnClass": "none"}}, {"type": "Feature", "geometry": {"type": "MultiPolygon", "coordinates": [[[[72.32420335644245, 34.187781275184065], [72.32410957942031, 34.187789686004685], [72.32412007436619, 34.18786951743242], [72.32421385147687, 34.18786110660802], [72.32420335644245, 34.187781275184065]]]]}, "properties": {"id": "Pakistan_123102310_405526", "height": 3.009873390197754, "hmax": 0.0, "ratio": 0.0, "vulnClass": "none"}}, {"type": "Feature", "geometry": {"type": "MultiPolygon", "coordinates": [[[[72.32400319528395, 34.187654663523446], [72.32400925180711, 34.187699870669306], [72.32408878188988, 34.187692591393045], [72.32408272532422, 34.187647384249075], [72.32400319528395, 34.187654663523446]]]]}, "properties": {"id": "Pakistan_123102310_262280", "height": 4.140084266662598, "hmax": 0.0, "ratio": 0.0, "vulnClass": "none"}}, {"type": "Feature", "geometry": {"type": "MultiPolygon", "coordinates": [[[[72.32410520831573, 34.18778039531636], [72.32408834958645, 34.18771313614155], [72.32413884942333, 34.18770450206427], [72.32412074082029, 34.18763216721988], [72.32408572873415, 34.187638164354055], [72.32410094667081, 34.18769898707559], [72.32394148503404, 34.18772624796833], [72.32396112585985, 34.18780501692083], [72.32410520831573, 34.18778039531636]]]]}, "properties": {"id": "Pakistan_123102310_424335", "height": 4.147031784057617, "hmax": 0.0, "ratio": 0.0, "vulnClass": "none"}}, {"type": "Feature", "geometry": {"type": "MultiPolygon", "coordinates": [[[[72.32386200985653, 34.18774551828541], [72.32388181796183, 34.18780869496365], [72.32393708471527, 34.18779682946754], [72.32391727657026, 34.187733652796304], [72.32386200985653, 34.18774551828541]]]]}, "properties": {"id": "Pakistan_123102310_462323", "height": 3.326431035995483, "hmax": 0.0, "ratio": 0.0, "vulnClass": "none"}}, {"type": "Feature", "geometry": {"type": "MultiPolygon", "coordinates": [[[[72.32399193518856, 34.18769859123405], [72.32398174015421, 34.187667627601776], [72.32394776086508, 34.18767526993541], [72.32393698089365, 34.18764222008505], [72.32380958779491, 34.18767081176638], [72.32379622563079, 34.18763022310121], [72.32379775471387, 34.187629895876356], [72.3237879535225, 34.187600202924855], [72.32368306591967, 34.187623786550056], [72.32370067664264, 34.1876775396995], [72.32367827956433, 34.18768254997029], [72.32370469566624, 34.18776317969475], [72.32399193518856, 34.18769859123405]]]]}, "properties": {"id": "Pakistan_123102310_500058", "height": 4.24347972869873, "hmax": 0.0, "ratio": 0.0, "vulnClass": "none"}}, {"type": "Feature", "geometry": {"type": "MultiPolygon", "coordinates": [[[[72.323364327394, 34.187717075529434], [72.32338427788888, 34.18778259928476], [72.32343571057173, 34.18777191241697], [72.32339366094787, 34.187633335570965], [72.32327408705169, 34.1876582209373], [72.3232961860425, 34.187731274051195], [72.323364327394, 34.187717075529434]]]]}, "properties": {"id": "Pakistan_123102310_315647", "height": 4.946366310119629, "hmax": 0.0, "ratio": 0.0, "vulnClass": "none"}}, {"type": "Feature", "geometry": {"type": "MultiPolygon", "coordinates": [[[[72.32331211707752, 34.18780040621476], [72.3232991111208, 34.18774855653976], [72.3232425005429, 34.1877583189611], [72.32325550646563, 34.187810168640475], [72.32331211707752, 34.18780040621476]]]]}, "properties": {"id": "Pakistan_123102310_386569", "height": 2.466077327728271, "hmax": 0.0, "ratio": 0.0, "vulnClass": "none"}}, {"type": "Feature", "geometry": {"type": "MultiPolygon", "coordinates": [[[[72.32330799250246, 34.18775929796587], [72.32331404220372, 34.18779098250165], [72.32337787618853, 34.187782639834595], [72.32337182646353, 34.18775095530083], [72.32330799250246, 34.18775929796587]]]]}, "properties": {"id": "Pakistan_123102310_386568", "height": 4.209141254425049, "hmax": 0.0, "ratio": 0.0, "vulnClass": "none"}}, {"type": "Feature", "geometry": {"type": "MultiPolygon", "coordinates": [[[[72.32343788213875, 34.18778214676116], [72.32333994290164, 34.187791818378535], [72.32334688360545, 34.18783992964663], [72.32344482005051, 34.1878303481141], [72.32343788213875, 34.18778214676116]]]]}, "properties": {"id": "Pakistan_123102310_348849", "height": 4.785402774810791, "hmax": 0.0, "ratio": 0.0, "vulnClass": "none"}}, {"type": "Feature", "geometry": {"type": "MultiPolygon", "coordinates": [[[[72.32336467468821, 34.18785708591464], [72.32330075881102, 34.18788174391792], [72.3233439032723, 34.187958231408494], [72.32340781919778, 34.18793357338512], [72.32336467468821, 34.18785708591464]]]]}, "properties": {"id": "Pakistan_123102310_215979", "height": 2.551612854003906, "hmax": 0.0, "ratio": 0.0, "vulnClass": "none"}}, {"type": "Feature", "geometry": {"type": "MultiPolygon", "coordinates": [[[[72.32380599687697, 34.188010959176324], [72.32388889252107, 34.18798644471318], [72.32388938794192, 34.18797076944055], [72.32408156140896, 34.18791420262656], [72.32408230426473, 34.18788726401169], [72.32412544654106, 34.187874592921204], [72.32409340467282, 34.18780033129386], [72.32405274922145, 34.18779953415949], [72.32405171026498, 34.187835841904054], [72.32400769418142, 34.18783497140955], [72.32400584093023, 34.18789704425878], [72.32394263676737, 34.18789575495752], [72.32394284745868, 34.18788908846188], [72.32374098501617, 34.187884952981314], [72.3237314866749, 34.187862839229226], [72.32364913884614, 34.1878871852459], [72.32364711877544, 34.18788245335641], [72.32369376714468, 34.187868687001775], [72.32365586233834, 34.18778086495847], [72.3234988349823, 34.187827200032324], [72.3235553310805, 34.18795833930298], [72.32353277425561, 34.18796496875612], [72.32343390128281, 34.187962990723065], [72.32346573718858, 34.18803688741269], [72.32354141110844, 34.188038359014634], [72.32354256419673, 34.187998447776025], [72.32372480233161, 34.18800224539469], [72.32372581601356, 34.187970174151566], [72.32378133366615, 34.18795380671004], [72.32380599687697, 34.188010959176324]]]]}, "properties": {"id": "Pakistan_123102310_661442", "height": 4.633837699890137, "hmax": 0.0, "ratio": 0.0, "vulnClass": "none"}}, {"type": "Feature", "geometry": {"type": "MultiPolygon", "coordinates": [[[[72.32331622734642, 34.18804786727827], [72.32329219099809, 34.18797089542834], [72.32323932610272, 34.18798227216405], [72.32323154512636, 34.18795731107207], [72.32317627818945, 34.18796917623997], [72.32319776070655, 34.18803770841496], [72.32327814644748, 34.18802053186732], [72.32328859527826, 34.18805375483947], [72.32331622734642, 34.18804786727827]]]]}, "properties": {"id": "Pakistan_123102310_252680", "height": 2.797026395797729, "hmax": 0.0, "ratio": 0.0, "vulnClass": "none"}}, {"type": "Feature", "geometry": {"type": "MultiPolygon", "coordinates": [[[[72.32278556893125, 34.187926659198986], [72.32275478720871, 34.18792923247094], [72.32276048936455, 34.187975333421626], [72.3227912711039, 34.18797276014903], [72.32278556893125, 34.187926659198986]]]]}, "properties": {"id": "Pakistan_123102310_205390", "height": 2.46613883972168, "hmax": 0.0, "ratio": 0.0, "vulnClass": "none"}}, {"type": "Feature", "geometry": {"type": "MultiPolygon", "coordinates": [[[[72.3229550782402, 34.18800022649092], [72.32287151898446, 34.18799425516169], [72.3228532982188, 34.18799755346709], [72.32284566485777, 34.188070858955534], [72.3228683961863, 34.18807243708138], [72.32298012860046, 34.1880519785688], [72.32298977780171, 34.187959515154084], [72.32300831892981, 34.18802843388742], [72.3230466323999, 34.188031253686695], [72.32304555170899, 34.18804141703007], [72.32306302573478, 34.18810634586266], [72.32311409070559, 34.188097003356845], [72.32307993580692, 34.18796950691578], [72.32307929996306, 34.18797589367623], [72.32302810601145, 34.18797216161871], [72.32299755265808, 34.18797780503388], [72.32300050957237, 34.18794947237655], [72.32299479142694, 34.18792789185573], [72.32299699269038, 34.18790630394201], [72.32298981648701, 34.18787937274293], [72.32293274938081, 34.1878898462492], [72.32292995781958, 34.18791637951703], [72.32294072352484, 34.187956731275584], [72.32294149342015, 34.187949536093925], [72.3229550782402, 34.18800022649092]]]]}, "properties": {"id": "Pakistan_123102310_808584", "height": 3.653854608535767, "hmax": 0.0, "ratio": 0.0, "vulnClass": "none"}}, {"type": "Feature", "geometry": {"type": "MultiPolygon", "coordinates": [[[[72.32298226769994, 34.18787452013282], [72.32294284990526, 34.187752227594125], [72.32289784167007, 34.18776215302654], [72.32293715099539, 34.18788444320974], [72.32298226769994, 34.18787452013282]]]]}, "properties": {"id": "Pakistan_123102310_495432", "height": 3.244410276412964, "hmax": 0.0, "ratio": 0.0, "vulnClass": "none"}}, {"type": "Feature", "geometry": {"type": "MultiPolygon", "coordinates": [[[[72.32319963586063, 34.18784113242188], [72.3231547304944, 34.18785466619003], [72.32317972986199, 34.18791146551111], [72.32322474366262, 34.187897934101834], [72.32319963586063, 34.18784113242188]]]]}, "properties": {"id": "Pakistan_123102310_789573", "height": 3.485981464385986, "hmax": 0.0, "ratio": 0.0, "vulnClass": "none"}}, {"type": "Feature", "geometry": {"type": "MultiPolygon", "coordinates": [[[[72.32309686300535, 34.18772575055697], [72.32311219451796, 34.18778982125905], [72.32315864924405, 34.187782181074766], [72.32314331769683, 34.18771811037683], [72.32309686300535, 34.18772575055697]]]]}, "properties": {"id": "Pakistan_123102310_846311", "height": 3.734159469604492, "hmax": 0.0, "ratio": 0.0, "vulnClass": "none"}}, {"type": "Feature", "geometry": {"type": "MultiPolygon", "coordinates": [[[[72.32310356434995, 34.188107411228316], [72.32303427626692, 34.18813041924779], [72.3230717606235, 34.18820750445043], [72.32314105161043, 34.1881844063248], [72.32310356434995, 34.188107411228316]]]]}, "properties": {"id": "Pakistan_123102310_17463", "height": 2.640031814575195, "hmax": 0.0, "ratio": 0.0, "vulnClass": "none"}}, {"type": "Feature", "geometry": {"type": "MultiPolygon", "coordinates": [[[[72.32329944012572, 34.18812935690934], [72.32330825128606, 34.18815947903146], [72.32323226436525, 34.18817476833036], [72.32325078257445, 34.188237556337924], [72.32337993702795, 34.18821161806526], [72.32335261039509, 34.18811861786579], [72.32329944012572, 34.18812935690934]]]]}, "properties": {"id": "Pakistan_123102310_206633", "height": 3.368886232376099, "hmax": 0.0, "ratio": 0.0, "vulnClass": "none"}}, {"type": "Feature", "geometry": {"type": "MultiPolygon", "coordinates": [[[[72.32308067014385, 34.188210493616445], [72.32310062476952, 34.18824843163415], [72.32314802639398, 34.18823143654499], [72.32312807459809, 34.188193408446374], [72.32308067014385, 34.188210493616445]]]]}, "properties": {"id": "Pakistan_123102310_381876", "height": 2.457864284515381, "hmax": 0.0, "ratio": 0.0, "vulnClass": "none"}}, {"type": "Feature", "geometry": {"type": "MultiPolygon", "coordinates": [[[[72.32333827527265, 34.18843482121947], [72.32323822425896, 34.188446069331555], [72.32324822956737, 34.18850704879103], [72.32331050367388, 34.18850002436794], [72.32330575786901, 34.188471703845046], [72.32340319573125, 34.18846075923245], [72.3233895403324, 34.18837797397446], [72.32332998790244, 34.18838469725697], [72.32333827527265, 34.18843482121947]]]]}, "properties": {"id": "Pakistan_123102310_214862", "height": 2.920623302459717, "hmax": 0.0, "ratio": 0.0, "vulnClass": "none"}}, {"type": "Feature", "geometry": {"type": "MultiPolygon", "coordinates": [[[[72.32031871792721, 34.18911530547149], [72.32031394359926, 34.18918732097134], [72.32039692170287, 34.189191117775756], [72.32040159040362, 34.18911900981261], [72.32031871792721, 34.18911530547149]]]]}, "properties": {"id": "Pakistan_123102310_841519", "height": 2.775810718536377, "hmax": 0.0, "ratio": 0.0, "vulnClass": "none"}}, {"type": "Feature", "geometry": {"type": "MultiPolygon", "coordinates": [[[[72.32053190442348, 34.189193616990124], [72.320533283698, 34.18912260908009], [72.32042603651128, 34.189121256923066], [72.320424659998, 34.189192174740135], [72.32053190442348, 34.189193616990124]]]]}, "properties": {"id": "Pakistan_123102310_334605", "height": 2.846174955368042, "hmax": 0.0, "ratio": 0.0, "vulnClass": "none"}}, {"type": "Feature", "geometry": {"type": "MultiPolygon", "coordinates": [[[[72.32063665592547, 34.189215558826255], [72.32063468075108, 34.189298543641854], [72.32069637662521, 34.18929953126818], [72.3206975850395, 34.18924763138111], [72.32072707785277, 34.189248095569326], [72.3207278445417, 34.189217010636256], [72.32063665592547, 34.189215558826255]]]]}, "properties": {"id": "Pakistan_123102310_120598", "height": 2.634054183959961, "hmax": 0.0, "ratio": 0.0, "vulnClass": "none"}}, {"type": "Feature", "geometry": {"type": "MultiPolygon", "coordinates": [[[[72.32078274667626, 34.18941212261626], [72.32078021147905, 34.18933453837486], [72.32064527142371, 34.18933753949958], [72.32064769808818, 34.189415121368825], [72.32078274667626, 34.18941212261626]]]]}, "properties": {"id": "Pakistan_123102310_225431", "height": 2.999211311340332, "hmax": 0.0, "ratio": 0.0, "vulnClass": "none"}}, {"type": "Feature", "geometry": {"type": "MultiPolygon", "coordinates": [[[[72.32078609417538, 34.189577169928164], [72.32078275531039, 34.189415278048514], [72.3206755277674, 34.18941672117415], [72.32067647887557, 34.189465513007505], [72.32059605674824, 34.18946664033219], [72.32059677643997, 34.18950217508533], [72.32055922707772, 34.18950261659605], [72.32056089194417, 34.18958027196516], [72.32078609417538, 34.189577169928164]]]]}, "properties": {"id": "Pakistan_123102310_514438", "height": 3.113463401794434, "hmax": 0.0, "ratio": 0.0, "vulnClass": "none"}}, {"type": "Feature", "geometry": {"type": "MultiPolygon", "coordinates": [[[[72.32045459805121, 34.18948707799877], [72.32044850359914, 34.189449983386304], [72.32040636980022, 34.18945474200012], [72.32041246708499, 34.1894917465263], [72.32045459805121, 34.18948707799877]]]]}, "properties": {"id": "Pakistan_123102310_756552", "height": 3.02112865447998, "hmax": 0.0, "ratio": 0.0, "vulnClass": "none"}}, {"type": "Feature", "geometry": {"type": "MultiPolygon", "coordinates": [[[[72.3205586639683, 34.18958554211432], [72.32055689142108, 34.18954214131955], [72.32040520761079, 34.18954630880276], [72.32040698008, 34.18958970959603], [72.3205586639683, 34.18958554211432]]]]}, "properties": {"id": "Pakistan_123102310_770685", "height": 2.84912371635437, "hmax": 0.0, "ratio": 0.0, "vulnClass": "none"}}, {"type": "Feature", "geometry": {"type": "MultiPolygon", "coordinates": [[[[72.32065069174035, 34.189587913828746], [72.32039766553318, 34.18959266126971], [72.32039958121312, 34.18966581462776], [72.32057760007586, 34.18966249312489], [72.32057696051426, 34.18963813869992], [72.3206519680563, 34.18963671276767], [72.32065069174035, 34.189587913828746]]]]}, "properties": {"id": "Pakistan_123102310_281046", "height": 2.905408143997192, "hmax": 0.0, "ratio": 0.0, "vulnClass": "none"}}, {"type": "Feature", "geometry": {"type": "MultiPolygon", "coordinates": [[[[72.32110039090483, 34.189556000899984], [72.32104617081717, 34.189716454846966], [72.3210685716937, 34.1897216320899], [72.32104283798691, 34.189797787312564], [72.32119210413725, 34.18983233065105], [72.32121783772448, 34.18975617539155], [72.32137205651287, 34.18979190851568], [72.32140054554368, 34.18970751962701], [72.3212861731878, 34.189681041039734], [72.32131190663634, 34.1896048857526], [72.32110039090483, 34.189556000899984]]]]}, "properties": {"id": "Pakistan_123102310_931444", "height": 3.548485279083252, "hmax": 0.0, "ratio": 0.0, "vulnClass": "none"}}, {"type": "Feature", "geometry": {"type": "MultiPolygon", "coordinates": [[[[72.32090872523436, 34.18982947442679], [72.32102697739504, 34.18984990795464], [72.32104743319782, 34.18976912992462], [72.32092918114242, 34.18974869642139], [72.32090872523436, 34.18982947442679]]]]}, "properties": {"id": "Pakistan_123102310_936194", "height": 2.473659038543701, "hmax": 0.0, "ratio": 0.0, "vulnClass": "none"}}, {"type": "Feature", "geometry": {"type": "MultiPolygon", "coordinates": [[[[72.32077579252305, 34.18982043946276], [72.3207746675526, 34.18978056866299], [72.32064060261109, 34.18978331843774], [72.32064183307654, 34.18982328169232], [72.32077579252305, 34.18982043946276]]]]}, "properties": {"id": "Pakistan_123102310_82074", "height": 4.055583000183105, "hmax": 0.0, "ratio": 0.0, "vulnClass": "none"}}, {"type": "Feature", "geometry": {"type": "MultiPolygon", "coordinates": [[[[72.32062189200087, 34.18984664546516], [72.32061078512575, 34.1898171040556], [72.32051781334766, 34.189841125567206], [72.32052892304334, 34.189870576896205], [72.32062189200087, 34.18984664546516]]]]}, "properties": {"id": "Pakistan_123102310_566358", "height": 4.181678295135498, "hmax": 0.0, "ratio": 0.0, "vulnClass": "none"}}, {"type": "Feature", "geometry": {"type": "MultiPolygon", "coordinates": [[[[72.32216621344115, 34.18999604648961], [72.32211293603153, 34.18999984110265], [72.322116083968, 34.19003065095469], [72.32216936139706, 34.19002685634122], [72.32216621344115, 34.18999604648961]]]]}, "properties": {"id": "Pakistan_123102310_428997", "height": 2.849026679992676, "hmax": 0.0, "ratio": 0.0, "vulnClass": "none"}}, {"type": "Feature", "geometry": {"type": "MultiPolygon", "coordinates": [[[[72.32253034164569, 34.18994630286121], [72.32242841972351, 34.189948043669084], [72.32242751963612, 34.18991475871576], [72.32233536600704, 34.18991635217267], [72.3223342743481, 34.1898719746037], [72.322291401335, 34.189872660976576], [72.3222936618179, 34.189965835141884], [72.32220259508229, 34.18996736208483], [72.32220350105456, 34.19000731825465], [72.32253162788754, 34.19000168296255], [72.32253034164569, 34.18994630286121]]]]}, "properties": {"id": "Pakistan_123102310_101304", "height": 2.865777969360352, "hmax": 0.0, "ratio": 0.0, "vulnClass": "none"}}, {"type": "Feature", "geometry": {"type": "MultiPolygon", "coordinates": [[[[72.32198536322383, 34.18983505542968], [72.32201892110604, 34.190046558737265], [72.32211123144728, 34.190036585009686], [72.32207767618416, 34.18982499162872], [72.32198536322383, 34.18983505542968]]]]}, "properties": {"id": "Pakistan_123102310_685215", "height": 4.48652982711792, "hmax": 0.0, "ratio": 0.0, "vulnClass": "none"}}, {"type": "Feature", "geometry": {"type": "MultiPolygon", "coordinates": [[[[72.32179056642022, 34.18992635932341], [72.32157497433512, 34.18992399368628], [72.32157408332407, 34.189983022361645], [72.32148548140336, 34.189982078419916], [72.3214845049345, 34.19004723541399], [72.32187165833517, 34.19005154577997], [72.32187309304327, 34.18996503327253], [72.32178991444843, 34.18996411786401], [72.32179056642022, 34.18992635932341]]]]}, "properties": {"id": "Pakistan_123102310_680481", "height": 2.555381059646606, "hmax": 0.0, "ratio": 0.0, "vulnClass": "none"}}, {"type": "Feature", "geometry": {"type": "MultiPolygon", "coordinates": [[[[72.32158442386897, 34.18986190658136], [72.32158671860017, 34.18980651456298], [72.32137775111147, 34.18980050701014], [72.32137238307705, 34.189929033537936], [72.32146245136687, 34.189931632292016], [72.3214655244565, 34.18985849776632], [72.32158442386897, 34.18986190658136]]]]}, "properties": {"id": "Pakistan_123102310_898386", "height": 2.699572563171387, "hmax": 0.0, "ratio": 0.0, "vulnClass": "none"}}, {"type": "Feature", "geometry": {"type": "MultiPolygon", "coordinates": [[[[72.32196409726316, 34.189742547942295], [72.32184981967988, 34.18974050255369], [72.32185114449473, 34.18969176042722], [72.3218045228543, 34.18969092235218], [72.32180110127604, 34.18982309742859], [72.32196200068475, 34.18982598090425], [72.32196409726316, 34.189742547942295]]]]}, "properties": {"id": "Pakistan_123102310_542717", "height": 4.532541751861572, "hmax": 0.0, "ratio": 0.0, "vulnClass": "none"}}, {"type": "Feature", "geometry": {"type": "MultiPolygon", "coordinates": [[[[72.32209223139797, 34.18982098234127], [72.32209133093785, 34.18970196487425], [72.32209675424733, 34.18970199317611], [72.32209645006607, 34.18965673130801], [72.32202397007298, 34.18965713153415], [72.32202518028, 34.18982123068838], [72.32209223139797, 34.18982098234127]]]]}, "properties": {"id": "Pakistan_123102310_547349", "height": 4.035745143890381, "hmax": 0.0, "ratio": 0.0, "vulnClass": "none"}}, {"type": "Feature", "geometry": {"type": "MultiPolygon", "coordinates": [[[[72.32258992348058, 34.18987007509891], [72.32258956652944, 34.18979902921356], [72.32228382679484, 34.18980001506937], [72.32228418633825, 34.189870970855814], [72.32258992348058, 34.18987007509891]]]]}, "properties": {"id": "Pakistan_123102310_675731", "height": 2.506616115570068, "hmax": 0.0, "ratio": 0.0, "vulnClass": "none"}}, {"type": "Feature", "geometry": {"type": "MultiPolygon", "coordinates": [[[[72.32299757447907, 34.189877984736746], [72.32286191716321, 34.18987619468265], [72.3228604030552, 34.18995152691138], [72.32294086291381, 34.18995265267971], [72.32294027663319, 34.18998148783676], [72.32309480310124, 34.18998350948265], [72.32309893178521, 34.189770575471265], [72.3229997087242, 34.18976931058948], [72.32299757447907, 34.189877984736746]]]]}, "properties": {"id": "Pakistan_123102310_571211", "height": 3.293524742126465, "hmax": 0.0, "ratio": 0.0, "vulnClass": "none"}}, {"type": "Feature", "geometry": {"type": "MultiPolygon", "coordinates": [[[[72.32320876996505, 34.190036571763414], [72.32330518875874, 34.190033898817774], [72.3233040802347, 34.19000376455771], [72.32327194254714, 34.190004595489846], [72.32326703480443, 34.18988188451093], [72.32320275667442, 34.189883636439376], [72.32320876996505, 34.190036571763414]]]]}, "properties": {"id": "Pakistan_123102310_490674", "height": 3.048353433609009, "hmax": 0.0, "ratio": 0.0, "vulnClass": "none"}}, {"type": "Feature", "geometry": {"type": "MultiPolygon", "coordinates": [[[[72.32353107960186, 34.18956635457053], [72.32353005565392, 34.18951981487503], [72.32338267093057, 34.189521826154404], [72.3233881029251, 34.189785813451415], [72.32344334597809, 34.189785036134644], [72.3234389348602, 34.18956767861346], [72.32353107960186, 34.18956635457053]]]]}, "properties": {"id": "Pakistan_123102310_566396", "height": 3.571322441101074, "hmax": 0.0, "ratio": 0.0, "vulnClass": "none"}}, {"type": "Feature", "geometry": {"type": "MultiPolygon", "coordinates": [[[[72.32332250667366, 34.18967827501198], [72.32332677368683, 34.189714878868365], [72.32338626440527, 34.18971013756276], [72.32338199451836, 34.189673623794945], [72.32332250667366, 34.18967827501198]]]]}, "properties": {"id": "Pakistan_123102310_82144", "height": 3.15269947052002, "hmax": 0.0, "ratio": 0.0, "vulnClass": "none"}}, {"type": "Feature", "geometry": {"type": "MultiPolygon", "coordinates": [[[[72.32354064953486, 34.18969259302181], [72.32397486492242, 34.189683770484535], [72.32397228346036, 34.18959726038682], [72.32400181063508, 34.18959664274022], [72.32400087596648, 34.18956786452162], [72.32386420655686, 34.189570651146425], [72.32386551869219, 34.18961494338626], [72.32353855438022, 34.18962159932316], [72.32354064953486, 34.18969259302181]]]]}, "properties": {"id": "Pakistan_123102310_737609", "height": 3.614030838012695, "hmax": 0.0, "ratio": 0.0, "vulnClass": "none"}}, {"type": "Feature", "geometry": {"type": "MultiPolygon", "coordinates": [[[[72.32363131004111, 34.18947740096215], [72.32353515729923, 34.18948197313697], [72.3235382095051, 34.189526123061285], [72.32363435944964, 34.18952164097419], [72.32363131004111, 34.18947740096215]]]]}, "properties": {"id": "Pakistan_123102310_320487", "height": 3.00697660446167, "hmax": 0.0, "ratio": 0.0, "vulnClass": "none"}}, {"type": "Feature", "geometry": {"type": "MultiPolygon", "coordinates": [[[[72.32354137219532, 34.18975895911482], [72.32354047517677, 34.18983881233369], [72.32387299830802, 34.18984165333347], [72.32387377054994, 34.189779466760484], [72.32375576980864, 34.18977851383422], [72.32375670668719, 34.189700825075455], [72.32362525761143, 34.189699758779796], [72.32362455638464, 34.189759693150116], [72.32354137219532, 34.18975895911482]]]]}, "properties": {"id": "Pakistan_123102310_167982", "height": 3.242146492004395, "hmax": 0.0, "ratio": 0.0, "vulnClass": "none"}}, {"type": "Feature", "geometry": {"type": "MultiPolygon", "coordinates": [[[[72.32339809956282, 34.18978873618087], [72.32338874547786, 34.18990275187672], [72.32352919892368, 34.1899106860878], [72.32354029191261, 34.18977597386167], [72.3234585310845, 34.18977139439574], [72.32345679197381, 34.1897920909044], [72.32339809956282, 34.18978873618087]]]]}, "properties": {"id": "Pakistan_123102310_64595", "height": 3.192156553268433, "hmax": 0.0, "ratio": 0.0, "vulnClass": "none"}}, {"type": "Feature", "geometry": {"type": "MultiPolygon", "coordinates": [[[[72.32339677654227, 34.190063934888414], [72.32340286234145, 34.1900224185005], [72.32331299601103, 34.190013424938776], [72.323306910169, 34.19005494132025], [72.32339677654227, 34.190063934888414]]]]}, "properties": {"id": "Pakistan_123102310_291812", "height": 3.074800968170166, "hmax": 0.0, "ratio": 0.0, "vulnClass": "none"}}, {"type": "Feature", "geometry": {"type": "MultiPolygon", "coordinates": [[[[72.32343329216677, 34.1901442442392], [72.32344346335502, 34.19010389883355], [72.32331744161912, 34.19008212604988], [72.32330726752673, 34.19012256153017], [72.32343329216677, 34.1901442442392]]]]}, "properties": {"id": "Pakistan_123102310_424328", "height": 2.947167873382568, "hmax": 0.0, "ratio": 0.0, "vulnClass": "none"}}, {"type": "Feature", "geometry": {"type": "MultiPolygon", "coordinates": [[[[72.32357991428353, 34.19025905052909], [72.32357741506284, 34.190156225105504], [72.32345671515166, 34.19015827805258], [72.3234583705078, 34.19022259105428], [72.32339932427493, 34.19022355579404], [72.32340027637561, 34.1902620705772], [72.32357991428353, 34.19025905052909]]]]}, "properties": {"id": "Pakistan_123102310_903202", "height": 3.213536739349365, "hmax": 0.0, "ratio": 0.0, "vulnClass": "none"}}, {"type": "Feature", "geometry": {"type": "MultiPolygon", "coordinates": [[[[72.32355741672453, 34.19011278706068], [72.3238627408481, 34.190152446580285], [72.32387173315361, 34.190104773261176], [72.3235665176046, 34.19006511613818], [72.32355741672453, 34.19011278706068]]]]}, "properties": {"id": "Pakistan_123102310_874665", "height": 3.383631706237793, "hmax": 0.0, "ratio": 0.0, "vulnClass": "none"}}, {"type": "Feature", "geometry": {"type": "MultiPolygon", "coordinates": [[[[72.32375910656528, 34.19024610400216], [72.32385703521715, 34.19025058542552], [72.32386261901931, 34.19016659745417], [72.3236834456618, 34.190158359327235], [72.32368057241652, 34.190201207955084], [72.32376192851684, 34.19020487695011], [72.32375910656528, 34.19024610400216]]]]}, "properties": {"id": "Pakistan_123102310_462321", "height": 3.384963035583496, "hmax": 0.082, "ratio": 0.024, "vulnClass": "none"}}, {"type": "Feature", "geometry": {"type": "MultiPolygon", "coordinates": [[[[72.32386625217185, 34.18995212000858], [72.32374299322134, 34.18994933944581], [72.32374173172798, 34.18998924831185], [72.32386499073641, 34.189992028878606], [72.32386625217185, 34.18995212000858]]]]}, "properties": {"id": "Pakistan_123102310_74109", "height": 2.83168363571167, "hmax": 0.0, "ratio": 0.0, "vulnClass": "none"}}, {"type": "Feature", "geometry": {"type": "MultiPolygon", "coordinates": [[[[72.3238911893641, 34.190096723836845], [72.32388399107353, 34.19023179156089], [72.32400665429915, 34.190236271837975], [72.32401799601678, 34.19021380160535], [72.32402007626565, 34.190175443152455], [72.32408357604308, 34.190177730557636], [72.32409676902877, 34.190151604575085], [72.32455794840764, 34.19016843018873], [72.32456095999977, 34.190110890112024], [72.32463031105354, 34.190113395064145], [72.32455884449118, 34.190088576920886], [72.32441385751366, 34.190083339596924], [72.3244158749443, 34.190046963059146], [72.32436797772043, 34.19004528677005], [72.32434322071289, 34.19009405850026], [72.32425089818554, 34.19009069146555], [72.32425534623128, 34.19000830137619], [72.32422017744963, 34.1900775803344], [72.32416148085366, 34.19005718754876], [72.32416221892389, 34.19004413192102], [72.32408742603836, 34.19001815911321], [72.3240587116824, 34.19001708166859], [72.32403868973931, 34.19005676138743], [72.32411595329029, 34.190083509346444], [72.32403099697095, 34.190080483212014], [72.3240259080367, 34.190090468931814], [72.32397584545654, 34.19008865507873], [72.32397029155463, 34.19009962229652], [72.3238911893641, 34.190096723836845]]]]}, "properties": {"id": "Pakistan_123102310_301325", "height": 4.433191299438477, "hmax": 0.082, "ratio": 0.018, "vulnClass": "none"}}, {"type": "Feature", "geometry": {"type": "MultiPolygon", "coordinates": [[[[72.3242819214905, 34.18997408347918], [72.32408092699754, 34.1899697870748], [72.3240795261466, 34.19001411025187], [72.32428052074448, 34.1900184066635], [72.3242819214905, 34.18997408347918]]]]}, "properties": {"id": "Pakistan_123102310_566408", "height": 3.957126379013062, "hmax": 0.0, "ratio": 0.0, "vulnClass": "none"}}, {"type": "Feature", "geometry": {"type": "MultiPolygon", "coordinates": [[[[72.32370423751372, 34.19020758426693], [72.32359175390013, 34.19021053789135], [72.32359335104691, 34.190252672751456], [72.3237059459744, 34.19024963140691], [72.32370423751372, 34.19020758426693]]]]}, "properties": {"id": "Pakistan_123102310_689934", "height": 2.858905792236328, "hmax": 0.0, "ratio": 0.0, "vulnClass": "none"}}, {"type": "Feature", "geometry": {"type": "MultiPolygon", "coordinates": [[[[72.3241468497384, 34.19025925475709], [72.32397793584961, 34.190262780150825], [72.32397955089961, 34.19031465158981], [72.3236391153814, 34.19032182505158], [72.32363780622698, 34.19027744273123], [72.32348767005368, 34.190280656140715], [72.323489876402, 34.19035156211106], [72.32357031655029, 34.19034989239865], [72.32357158845359, 34.19039202015822], [72.32395219013769, 34.19038401072712], [72.32395465702763, 34.190463847224045], [72.32401089046617, 34.19046264052916], [72.32401186235298, 34.19049367330437], [72.32415396517091, 34.19049064453562], [72.3241468497384, 34.19025925475709]]]]}, "properties": {"id": "Pakistan_123102310_414898", "height": 3.240976333618164, "hmax": 0.082, "ratio": 0.025, "vulnClass": "none"}}, {"type": "Feature", "geometry": {"type": "MultiPolygon", "coordinates": [[[[72.3232514422385, 34.19028586629288], [72.32325259061496, 34.19031473932378], [72.32348027689623, 34.19030862151037], [72.323479234004, 34.190279840932206], [72.3232514422385, 34.19028586629288]]]]}, "properties": {"id": "Pakistan_123102310_780204", "height": 3.740400552749634, "hmax": 0.0, "ratio": 0.0, "vulnClass": "none"}}, {"type": "Feature", "geometry": {"type": "MultiPolygon", "coordinates": [[[[72.32332715265711, 34.19039948532008], [72.32349612412155, 34.19040101048282], [72.32349716969466, 34.1903233241113], [72.32342743350873, 34.19032270325311], [72.32342703306146, 34.19035595981616], [72.3233411380434, 34.19035516645096], [72.32334150737863, 34.19032632655375], [72.32325843105826, 34.19032559466683], [72.32325714940548, 34.19042103540152], [72.32332688566451, 34.190421656360414], [72.32332715265711, 34.19039948532008]]]]}, "properties": {"id": "Pakistan_123102310_818043", "height": 3.826407909393311, "hmax": 0.0, "ratio": 0.0, "vulnClass": "none"}}, {"type": "Feature", "geometry": {"type": "MultiPolygon", "coordinates": [[[[72.32336136819026, 34.190573139746355], [72.3236668737452, 34.19056592581498], [72.3236634931097, 34.19046695759917], [72.32387519509732, 34.19046202269238], [72.3238732575271, 34.19040662836925], [72.32391082158078, 34.19040573542237], [72.32391279639883, 34.19046338430578], [72.3239529651738, 34.19046245804884], [72.32395180760193, 34.190427003876124], [72.32393302699387, 34.190427405313216], [72.32393172379581, 34.190389694214595], [72.32359669140462, 34.19039752638048], [72.32359814007808, 34.19043749440145], [72.323504339751, 34.190439683828004], [72.32350352259506, 34.19041748911927], [72.32336423289867, 34.19042075884823], [72.32336490439911, 34.19044069663024], [72.32327913782625, 34.19044270066948], [72.32328219224085, 34.19053138467733], [72.32335981673344, 34.19052956348723], [72.32336136819026, 34.190573139746355]]]]}, "properties": {"id": "Pakistan_123102310_443169", "height": 3.380434513092041, "hmax": 0.082, "ratio": 0.024, "vulnClass": "none"}}, {"type": "Feature", "geometry": {"type": "MultiPolygon", "coordinates": [[[[72.32313053359462, 34.19039402075308], [72.3229965674439, 34.19039704569321], [72.32299857330891, 34.190460554994594], [72.3231326479707, 34.190457532424], [72.32313053359462, 34.19039402075308]]]]}, "properties": {"id": "Pakistan_123102310_448025", "height": 2.813611745834351, "hmax": 0.0, "ratio": 0.0, "vulnClass": "none"}}, {"type": "Feature", "geometry": {"type": "MultiPolygon", "coordinates": [[[[72.32329303232632, 34.19008213405912], [72.3231725545185, 34.19007373419179], [72.32313404946234, 34.19008037596272], [72.32311245730925, 34.18999471291283], [72.3231037945895, 34.190079985858844], [72.32302390781058, 34.19007445536338], [72.32301872664077, 34.19012509661563], [72.32310554030327, 34.19013113895059], [72.3231105367465, 34.19015153175942], [72.32304602416039, 34.19014696799034], [72.32304445014108, 34.19016243940146], [72.322993791228, 34.19015889927836], [72.323007301642, 34.19002667395592], [72.32296639734237, 34.19003371403891], [72.32294173454227, 34.19027504763727], [72.32317608621503, 34.19029143309118], [72.32318266453731, 34.19022748015336], [72.32315332815946, 34.19022548741572], [72.32315990364208, 34.19016162456677], [72.32323177957805, 34.19016661948321], [72.32322752810487, 34.190208446356294], [72.32334378381998, 34.19021657370149], [72.3232683027227, 34.19022953011763], [72.32326499508228, 34.19026209216055], [72.32339283366349, 34.190271013234906], [72.32339865901783, 34.19021371493423], [72.32332061220197, 34.19020831494646], [72.32330992584717, 34.19016544075674], [72.32328470621366, 34.190163628075275], [72.32329303232632, 34.19008213405912]]]]}, "properties": {"id": "Pakistan_123102310_272613", "height": 3.293175935745239, "hmax": 0.0, "ratio": 0.0, "vulnClass": "none"}}, {"type": "Feature", "geometry": {"type": "MultiPolygon", "coordinates": [[[[72.32256611345278, 34.19077393849554], [72.32256052527768, 34.19072423404523], [72.32247537485821, 34.19073075846078], [72.32248096298318, 34.19078046291258], [72.32256611345278, 34.19077393849554]]]]}, "properties": {"id": "Pakistan_123102310_708943", "height": 3.320937871932983, "hmax": 0.0, "ratio": 0.0, "vulnClass": "none"}}, {"type": "Feature", "geometry": {"type": "MultiPolygon", "coordinates": [[[[72.32312958825919, 34.19088026849392], [72.323000998814, 34.190877911667634], [72.32300033528081, 34.19090232779204], [72.32288876631154, 34.19090034247388], [72.32289092775798, 34.19081826314905], [72.32280678966237, 34.190816786560426], [72.32280793720673, 34.19077020414235], [72.32275817103003, 34.19076929775219], [72.32275527748611, 34.190877955292585], [72.32249950518454, 34.19087336158611], [72.32249832028042, 34.19091768943428], [72.3226683283633, 34.19092077095186], [72.32266764194216, 34.190945907770875], [72.32298293776478, 34.190951620502794], [72.3229820207051, 34.190984054428554], [72.32312687479853, 34.1909866762389], [72.32312958825919, 34.19088026849392]]]]}, "properties": {"id": "Pakistan_123102310_590211", "height": 3.618149757385254, "hmax": 0.0, "ratio": 0.0, "vulnClass": "none"}}, {"type": "Feature", "geometry": {"type": "MultiPolygon", "coordinates": [[[[72.32235658082963, 34.19075484848396], [72.32235916813337, 34.190885712411934], [72.32246260038725, 34.19088427512395], [72.32246001292326, 34.19075341119054], [72.32235658082963, 34.19075484848396]]]]}, "properties": {"id": "Pakistan_123102310_903192", "height": 3.483615636825562, "hmax": 0.0, "ratio": 0.0, "vulnClass": "none"}}, {"type": "Feature", "geometry": {"type": "MultiPolygon", "coordinates": [[[[72.3225356797535, 34.190799777945706], [72.32248520912142, 34.190803994601566], [72.32249281191477, 34.19086546252975], [72.32254328258355, 34.19086124587253], [72.3225356797535, 34.190799777945706]]]]}, "properties": {"id": "Pakistan_123102310_841531", "height": 3.618149757385254, "hmax": 0.0, "ratio": 0.0, "vulnClass": "none"}}, {"type": "Feature", "geometry": {"type": "MultiPolygon", "coordinates": [[[[72.32259517680323, 34.190791431190405], [72.32259268741902, 34.19081869223312], [72.32265938293206, 34.19082285317257], [72.32266187229509, 34.1907955921275], [72.32259517680323, 34.190791431190405]]]]}, "properties": {"id": "Pakistan_123102310_576065", "height": 3.489655256271362, "hmax": 0.0, "ratio": 0.0, "vulnClass": "none"}}, {"type": "Feature", "geometry": {"type": "MultiPolygon", "coordinates": [[[[72.32265026481122, 34.19075441062261], [72.32264827769521, 34.190721192084304], [72.32259592124774, 34.19072329416009], [72.32259779993252, 34.19075651033085], [72.32265026481122, 34.19075441062261]]]]}, "properties": {"id": "Pakistan_123102310_869991", "height": 3.146270513534546, "hmax": 0.0, "ratio": 0.0, "vulnClass": "none"}}, {"type": "Feature", "geometry": {"type": "MultiPolygon", "coordinates": [[[[72.3226544713412, 34.19072087658553], [72.32265519141043, 34.190746134268345], [72.32271142216567, 34.19074501826741], [72.32271070207962, 34.19071976058411], [72.3226544713412, 34.19072087658553]]]]}, "properties": {"id": "Pakistan_123102310_803743", "height": 2.802157163619995, "hmax": 0.0, "ratio": 0.0, "vulnClass": "none"}}, {"type": "Feature", "geometry": {"type": "MultiPolygon", "coordinates": [[[[72.32328772135091, 34.19086091301316], [72.32321798188356, 34.19086038210253], [72.32321768369819, 34.19088696980298], [72.32314523394226, 34.19088637967822], [72.32314479935948, 34.19092414298296], [72.32328688025719, 34.19092526165623], [72.32328772135091, 34.19086091301316]]]]}, "properties": {"id": "Pakistan_123102310_74091", "height": 3.410305261611938, "hmax": 0.0, "ratio": 0.0, "vulnClass": "none"}}, {"type": "Feature", "geometry": {"type": "MultiPolygon", "coordinates": [[[[72.32477047886184, 34.191084843885115], [72.32475988296054, 34.19091891715578], [72.32467373654731, 34.190922626721274], [72.32477098118763, 34.190883550102704], [72.32476732554477, 34.190827577394195], [72.32471539697194, 34.19082987001268], [72.32471642509674, 34.1908453982306], [72.32450893042272, 34.190854483126664], [72.32450403835794, 34.190779281504376], [72.32422060526768, 34.19079175716817], [72.32422582844154, 34.19087363711357], [72.3244426664262, 34.190864125544074], [72.32448848370136, 34.19094193309298], [72.32422829841987, 34.190953383524466], [72.32422531703234, 34.1909069814131], [72.32418034094762, 34.19090897478545], [72.32413540009752, 34.190927015590745], [72.32414436974186, 34.191065411133664], [72.32408415463941, 34.191089609349575], [72.32407805777675, 34.1909941878517], [72.32400342563842, 34.19099742704644], [72.32403204338377, 34.19104619169388], [72.32403160404455, 34.191046362404734], [72.32341791118547, 34.19107344382375], [72.32341268594881, 34.19099165397044], [72.3233565207055, 34.190994123968], [72.32336111766087, 34.191064901822195], [72.32325139463725, 34.19106971836834], [72.32325257095641, 34.19108741342344], [72.32314295631508, 34.19109223223763], [72.32314663953596, 34.19115072976381], [72.32314993494212, 34.19115630085409], [72.32477047886184, 34.191084843885115]]]]}, "properties": {"id": "Pakistan_123102310_102693", "height": 5.606029510498047, "hmax": 0.102, "ratio": 0.018, "vulnClass": "low"}}, {"type": "Feature", "geometry": {"type": "MultiPolygon", "coordinates": [[[[72.3232280055279, 34.190831572685084], [72.32333302367576, 34.19082457999079], [72.32331819761761, 34.190672443933934], [72.32292269201831, 34.19069887710611], [72.32293333578767, 34.19080828099001], [72.32299726073252, 34.19080399731384], [72.32299456051706, 34.19077617219962], [72.32308631547208, 34.19077006207231], [72.32308901571781, 34.190797887185965], [72.3231279349844, 34.190795311225685], [72.32312406447619, 34.190756462278536], [72.32322006166343, 34.19074999392186], [72.3232280055279, 34.190831572685084]]]]}, "properties": {"id": "Pakistan_123102310_879429", "height": 3.481695652008057, "hmax": 0.0, "ratio": 0.0, "vulnClass": "none"}}, {"type": "Feature", "geometry": {"type": "MultiPolygon", "coordinates": [[[[72.32308189078233, 34.19065953188218], [72.32335255412359, 34.1906529102623], [72.32334991977172, 34.19057838895618], [72.32307111734283, 34.190585103321474], [72.32307389705956, 34.19066188154768], [72.32299724529777, 34.190663813941654], [72.32299424279636, 34.19058035976128], [72.32294332425529, 34.190581591885056], [72.32294689807506, 34.19068128551487], [72.32299401661061, 34.190680150721], [72.32299457072945, 34.190693504999345], [72.32308294794856, 34.190691287716184], [72.32308189078233, 34.19065953188218]]]]}, "properties": {"id": "Pakistan_123102310_780202", "height": 2.994786977767944, "hmax": 0.0, "ratio": 0.0, "vulnClass": "none"}}, {"type": "Feature", "geometry": {"type": "MultiPolygon", "coordinates": [[[[72.32300873237062, 34.19045834276137], [72.32292729365281, 34.19046071149704], [72.32293164073951, 34.1905633969577], [72.32301307955645, 34.19056102822386], [72.32300873237062, 34.19045834276137]]]]}, "properties": {"id": "Pakistan_123102310_917400", "height": 2.868354558944702, "hmax": 0.0, "ratio": 0.0, "vulnClass": "none"}}, {"type": "Feature", "geometry": {"type": "MultiPolygon", "coordinates": [[[[72.32337230873219, 34.190566797649446], [72.32336606786535, 34.19064410014593], [72.32341252471541, 34.19064673703957], [72.32341876838835, 34.190569344451056], [72.32337230873219, 34.190566797649446]]]]}, "properties": {"id": "Pakistan_123102310_537984", "height": 2.44857382774353, "hmax": 0.0, "ratio": 0.0, "vulnClass": "none"}}, {"type": "Feature", "geometry": {"type": "MultiPolygon", "coordinates": [[[[72.32395893149145, 34.19071302466486], [72.32395619119175, 34.19078256056766], [72.32403271494792, 34.19078468152624], [72.32403478583967, 34.190732890538236], [72.32420626310152, 34.190737534524466], [72.32421046730008, 34.19063197060049], [72.32403097071719, 34.190627061448815], [72.32403135817074, 34.1906182352159], [72.32387332123442, 34.19061397450291], [72.32387346361163, 34.190609470116215], [72.32366719258457, 34.19060388587505], [72.32366485643884, 34.19066062930533], [72.32372219424067, 34.19066224149977], [72.32371938540597, 34.190733939493946], [72.32377726531355, 34.190735563497086], [72.3237783506704, 34.19070809147362], [72.32395893149145, 34.19071302466486]]]]}, "properties": {"id": "Pakistan_123102310_566403", "height": 3.679179430007935, "hmax": 0.065, "ratio": 0.018, "vulnClass": "none"}}, {"type": "Feature", "geometry": {"type": "MultiPolygon", "coordinates": [[[[72.32464534762553, 34.19051299712921], [72.32415730199322, 34.19051893427798], [72.32415810943996, 34.190565469246366], [72.32432437084445, 34.19056350843161], [72.32432544756087, 34.190625555060045], [72.32464722660046, 34.19062175891954], [72.32464534762553, 34.19051299712921]]]]}, "properties": {"id": "Pakistan_123102310_35304", "height": 4.184084892272949, "hmax": 0.0, "ratio": 0.0, "vulnClass": "none"}}, {"type": "Feature", "geometry": {"type": "MultiPolygon", "coordinates": [[[[72.32456546018007, 34.19071688584481], [72.32436874381315, 34.19072133761295], [72.32436810054836, 34.19070049894823], [72.3243144688016, 34.19070176258111], [72.32431495479914, 34.190717278969686], [72.32419976876376, 34.19071990371051], [72.32420185831023, 34.19078422618818], [72.32463068448119, 34.19077447250051], [72.32462651350892, 34.19064898296642], [72.32456333026778, 34.190650398887186], [72.32456546018007, 34.19071688584481]]]]}, "properties": {"id": "Pakistan_123102310_101338", "height": 4.047736167907715, "hmax": 0.0, "ratio": 0.0, "vulnClass": "none"}}, {"type": "Feature", "geometry": {"type": "MultiPolygon", "coordinates": [[[[72.32395365218485, 34.19078394754862], [72.32395144546086, 34.19071304157212], [72.32387263396451, 34.19071465692513], [72.32387483777475, 34.19078565298763], [72.32395365218485, 34.19078394754862]]]]}, "properties": {"id": "Pakistan_123102310_391269", "height": 2.688899755477905, "hmax": 0.065, "ratio": 0.024, "vulnClass": "none"}}, {"type": "Feature", "geometry": {"type": "MultiPolygon", "coordinates": [[[[72.32411533584201, 34.19074835135369], [72.32405709998778, 34.19075798847773], [72.3240664085496, 34.190796415194974], [72.3241246472771, 34.19078668798003], [72.32411533584201, 34.19074835135369]]]]}, "properties": {"id": "Pakistan_123102310_632791", "height": 2.64007043838501, "hmax": 0.065, "ratio": 0.024, "vulnClass": "none"}}, {"type": "Feature", "geometry": {"type": "MultiPolygon", "coordinates": [[[[72.32422301173638, 34.19085978270758], [72.32402721074922, 34.19086272134674], [72.3240277028064, 34.190884908958814], [72.32394727637455, 34.19088612850902], [72.32394802856285, 34.19091724663723], [72.32422415057134, 34.19091299599889], [72.32422301173638, 34.19085978270758]]]]}, "properties": {"id": "Pakistan_123102310_832185", "height": 4.344747066497803, "hmax": 0.065, "ratio": 0.015, "vulnClass": "none"}}, {"type": "Feature", "geometry": {"type": "MultiPolygon", "coordinates": [[[[72.32393977688047, 34.1908522487642], [72.32375744165591, 34.19085475968229], [72.32375885536213, 34.19093015584097], [72.32394119074945, 34.1909276449285], [72.32393977688047, 34.1908522487642]]]]}, "properties": {"id": "Pakistan_123102310_576083", "height": 3.538054466247559, "hmax": 0.065, "ratio": 0.018, "vulnClass": "none"}}, {"type": "Feature", "geometry": {"type": "MultiPolygon", "coordinates": [[[[72.32370329407992, 34.190916953103375], [72.32370030080557, 34.190857208544756], [72.32364936784869, 34.19085889139309], [72.32365235823913, 34.190918726038944], [72.32370329407992, 34.190916953103375]]]]}, "properties": {"id": "Pakistan_123102310_628091", "height": 3.31842041015625, "hmax": 0.0, "ratio": 0.0, "vulnClass": "none"}}, {"type": "Feature", "geometry": {"type": "MultiPolygon", "coordinates": [[[[72.32364549592226, 34.190950489298764], [72.3236476120449, 34.190886979827816], [72.32349334910427, 34.190883432042895], [72.32349212143737, 34.190918834143], [72.32358751732433, 34.19092109691358], [72.32358652322175, 34.19094911182423], [72.32364549592226, 34.190950489298764]]]]}, "properties": {"id": "Pakistan_123102310_111931", "height": 2.851766109466553, "hmax": 0.0, "ratio": 0.0, "vulnClass": "none"}}, {"type": "Feature", "geometry": {"type": "MultiPolygon", "coordinates": [[[[72.323678509757, 34.190798405906165], [72.32368041547458, 34.19084793978912], [72.32375543840732, 34.19084606156681], [72.32375353549338, 34.190796437595196], [72.323678509757, 34.190798405906165]]]]}, "properties": {"id": "Pakistan_123102310_139444", "height": 3.274155139923096, "hmax": 0.0, "ratio": 0.0, "vulnClass": "none"}}, {"type": "Feature", "geometry": {"type": "MultiPolygon", "coordinates": [[[[72.32358827743212, 34.19073919105476], [72.3235877164033, 34.19075693833379], [72.32365471136137, 34.190758490920786], [72.32365408199897, 34.1907784003059], [72.3237398291859, 34.19078045233387], [72.32374204204643, 34.19071387987358], [72.32350083693913, 34.19070834414645], [72.32349981718366, 34.190737169845356], [72.32358827743212, 34.19073919105476]]]]}, "properties": {"id": "Pakistan_123102310_718601", "height": 3.552124500274658, "hmax": 0.0, "ratio": 0.0, "vulnClass": "none"}}, {"type": "Feature", "geometry": {"type": "MultiPolygon", "coordinates": [[[[72.32401670040034, 34.19114033390015], [72.32364648341989, 34.191159478267004], [72.32365408065809, 34.19125889911829], [72.32357812456765, 34.19126283034555], [72.3235851451135, 34.1913564690173], [72.32395383950474, 34.19133747192593], [72.32394612475326, 34.19123489327428], [72.32389266108716, 34.1912376929299], [72.32388892649841, 34.19118766838113], [72.32401975549803, 34.19118096802868], [72.32401670040034, 34.19114033390015]]]]}, "properties": {"id": "Pakistan_123102310_523986", "height": 3.726962566375732, "hmax": 0.085, "ratio": 0.023, "vulnClass": "none"}}, {"type": "Feature", "geometry": {"type": "MultiPolygon", "coordinates": [[[[72.3237603126473, 34.190969853597835], [72.32370029588256, 34.19097061698501], [72.32370148662358, 34.19103933718405], [72.32376161184821, 34.191038576165006], [72.3237603126473, 34.190969853597835]]]]}, "properties": {"id": "Pakistan_123102310_893601", "height": 2.465975761413574, "hmax": 0.0, "ratio": 0.0, "vulnClass": "none"}}, {"type": "Feature", "geometry": {"type": "MultiPolygon", "coordinates": [[[[72.32399225882719, 34.190942282038236], [72.32393059313188, 34.19094373074833], [72.32393328229348, 34.19101996609594], [72.32399483963346, 34.19101851502096], [72.32399225882719, 34.190942282038236]]]]}, "properties": {"id": "Pakistan_123102310_533296", "height": 2.798120975494385, "hmax": 0.073, "ratio": 0.026, "vulnClass": "none"}}, {"type": "Feature", "geometry": {"type": "MultiPolygon", "coordinates": [[[[72.32405203849925, 34.190983342880564], [72.32404993957368, 34.19095021206138], [72.32399649317317, 34.19095247124468], [72.32399858923029, 34.19098569215152], [72.32405203849925, 34.190983342880564]]]]}, "properties": {"id": "Pakistan_123102310_72628", "height": 2.504305839538574, "hmax": 0.065, "ratio": 0.026, "vulnClass": "none"}}, {"type": "Feature", "geometry": {"type": "MultiPolygon", "coordinates": [[[[72.32435614683499, 34.191315601270745], [72.32434688909682, 34.191227503091525], [72.32415519043607, 34.191241349426406], [72.32416079116923, 34.19129411919566], [72.32400106211999, 34.19130559791503], [72.32400472170552, 34.19134083624373], [72.32435614683499, 34.191315601270745]]]]}, "properties": {"id": "Pakistan_123102310_26963", "height": 3.965213298797607, "hmax": 0.09, "ratio": 0.023, "vulnClass": "none"}}, {"type": "Feature", "geometry": {"type": "MultiPolygon", "coordinates": [[[[72.3241646645129, 34.191370650834614], [72.32416577596231, 34.19139726930822], [72.32425416533412, 34.19139469086278], [72.32425305100959, 34.1913681624764], [72.3241646645129, 34.191370650834614]]]]}, "properties": {"id": "Pakistan_123102310_504868", "height": 3.379275321960449, "hmax": 0.08, "ratio": 0.024, "vulnClass": "none"}}, {"type": "Feature", "geometry": {"type": "MultiPolygon", "coordinates": [[[[72.32435572449377, 34.19153492673851], [72.32435550457801, 34.19148696219777], [72.32426816199329, 34.19148730981191], [72.32426786283851, 34.191448719131074], [72.32416327145994, 34.19144905083219], [72.3241628920595, 34.19135808131695], [72.32380235307916, 34.191359317226535], [72.32380234572926, 34.19138014168756], [72.32393232522965, 34.19137973338548], [72.32393246151388, 34.191416607660926], [72.32397000323715, 34.19141643541906], [72.32397066374259, 34.19153625902583], [72.32435572449377, 34.19153492673851]]]]}, "properties": {"id": "Pakistan_123102310_670927", "height": 4.014114856719971, "hmax": 0.08, "ratio": 0.02, "vulnClass": "none"}}, {"type": "Feature", "geometry": {"type": "MultiPolygon", "coordinates": [[[[72.32379647853112, 34.19174764480612], [72.3240697225072, 34.19175559214841], [72.3240731382718, 34.19167498255731], [72.32387880131247, 34.191669298475574], [72.32388201201798, 34.19159174951341], [72.32382846799122, 34.19159022018699], [72.32383069018837, 34.19153708026598], [72.3237786639624, 34.19153558404858], [72.3237853106869, 34.191376794903505], [72.32373718452729, 34.19137547395107], [72.323730936404, 34.191521650809904], [72.32358092598342, 34.191517384582816], [72.32357756387874, 34.19159628247385], [72.32380257545721, 34.19160281689348], [72.32379647853112, 34.19174764480612]]]]}, "properties": {"id": "Pakistan_123102310_291820", "height": 5.013319969177246, "hmax": 0.057, "ratio": 0.011, "vulnClass": "none"}}, {"type": "Feature", "geometry": {"type": "MultiPolygon", "coordinates": [[[[72.3235778767879, 34.19116771682152], [72.3235784887166, 34.19119297214395], [72.32363362713014, 34.19119210233073], [72.32363312359615, 34.19116684937432], [72.3235778767879, 34.19116771682152]]]]}, "properties": {"id": "Pakistan_123102310_205404", "height": 3.435447216033936, "hmax": 0.0, "ratio": 0.0, "vulnClass": "none"}}, {"type": "Feature", "geometry": {"type": "MultiPolygon", "coordinates": [[[[72.32346267975366, 34.19155843579041], [72.32345202184686, 34.191411709589865], [72.32351884587287, 34.191408390439896], [72.32351936836896, 34.19141588428511], [72.32358206421642, 34.19141274543164], [72.32357879801212, 34.191368500695376], [72.32346122909433, 34.191374408245], [72.32346213699918, 34.191386868746726], [72.32329795699613, 34.191395003979046], [72.3233103419256, 34.19156601820312], [72.32346267975366, 34.19155843579041]]]]}, "properties": {"id": "Pakistan_123102310_234867", "height": 6.428943157196045, "hmax": 0.057, "ratio": 0.009, "vulnClass": "none"}}, {"type": "Feature", "geometry": {"type": "MultiPolygon", "coordinates": [[[[72.32312555030568, 34.191598133814104], [72.32312099827041, 34.19150878607054], [72.32298176677497, 34.1915135891354], [72.322975427214, 34.19138814241832], [72.32286834267914, 34.191391844271465], [72.32287021308285, 34.191428756401365], [72.32282742204417, 34.19143025608048], [72.32283137125181, 34.191507781034495], [72.32283669481417, 34.191507536678884], [72.32284176344616, 34.19160798413686], [72.32312555030568, 34.191598133814104]]]]}, "properties": {"id": "Pakistan_123102310_325218", "height": 3.286276817321777, "hmax": 0.0, "ratio": 0.0, "vulnClass": "none"}}, {"type": "Feature", "geometry": {"type": "MultiPolygon", "coordinates": [[[[72.32331225052468, 34.19123800452079], [72.32331185157362, 34.1911922898295], [72.32339236390364, 34.19119179377896], [72.32339288949402, 34.19125752450619], [72.32345083239967, 34.1912571667509], [72.32344994283963, 34.19116176877018], [72.32314688268528, 34.19116362650263], [72.32314753695428, 34.191239006070774], [72.32331225052468, 34.19123800452079]]]]}, "properties": {"id": "Pakistan_123102310_215973", "height": 3.113168478012085, "hmax": 0.0, "ratio": 0.0, "vulnClass": "none"}}, {"type": "Feature", "geometry": {"type": "MultiPolygon", "coordinates": [[[[72.32315300919467, 34.19107622474725], [72.32324139072793, 34.19109447147328], [72.32325073527142, 34.191063123032805], [72.32316235376796, 34.1910448763149], [72.32315300919467, 34.19107622474725]]]]}, "properties": {"id": "Pakistan_123102310_186634", "height": 3.40162467956543, "hmax": 0.0, "ratio": 0.0, "vulnClass": "none"}}, {"type": "Feature", "geometry": {"type": "MultiPolygon", "coordinates": [[[[72.32341247142253, 34.19098128205208], [72.32341134807798, 34.190941321135874], [72.32317014860959, 34.1909458816487], [72.32317116627735, 34.190985750107096], [72.32341247142253, 34.19098128205208]]]]}, "properties": {"id": "Pakistan_123102310_287024", "height": 2.508538961410522, "hmax": 0.0, "ratio": 0.0, "vulnClass": "none"}}, {"type": "Feature", "geometry": {"type": "MultiPolygon", "coordinates": [[[[72.32292479413735, 34.19116418642044], [72.32292467970116, 34.191157512832454], [72.32303462267664, 34.19115603692999], [72.32303290952416, 34.19106954581077], [72.32292188255097, 34.19107099804567], [72.32292226590437, 34.19109318328066], [72.32251049860035, 34.19109861567748], [72.32251183396471, 34.19116959276672], [72.32292479413735, 34.19116418642044]]]]}, "properties": {"id": "Pakistan_123102310_893589", "height": 2.938198566436768, "hmax": 0.0, "ratio": 0.0, "vulnClass": "none"}}, {"type": "Feature", "geometry": {"type": "MultiPolygon", "coordinates": [[[[72.32293326076962, 34.190968475650266], [72.32274936171981, 34.190965541921656], [72.32274832808451, 34.191008520830415], [72.32293223007609, 34.191011364477326], [72.32293326076962, 34.190968475650266]]]]}, "properties": {"id": "Pakistan_123102310_252674", "height": 3.235571384429932, "hmax": 0.0, "ratio": 0.0, "vulnClass": "none"}}, {"type": "Feature", "geometry": {"type": "MultiPolygon", "coordinates": [[[[72.3226913743822, 34.190987894943056], [72.32263088679912, 34.19098639377763], [72.32262984109768, 34.19101603024266], [72.32269032870185, 34.1910175314096], [72.3226913743822, 34.190987894943056]]]]}, "properties": {"id": "Pakistan_123102310_410144", "height": 3.143658876419067, "hmax": 0.0, "ratio": 0.0, "vulnClass": "none"}}, {"type": "Feature", "geometry": {"type": "MultiPolygon", "coordinates": [[[[72.32244696152988, 34.19097056759343], [72.3224441235773, 34.190919661103955], [72.3223503855692, 34.19092329338952], [72.32235333187606, 34.19097420224611], [72.32244696152988, 34.19097056759343]]]]}, "properties": {"id": "Pakistan_123102310_566383", "height": 2.868286848068237, "hmax": 0.0, "ratio": 0.0, "vulnClass": "none"}}, {"type": "Feature", "geometry": {"type": "MultiPolygon", "coordinates": [[[[72.32240316584873, 34.19109302627811], [72.32240633015186, 34.19117134544576], [72.32250665587257, 34.191168668337575], [72.32250349432535, 34.19109025908045], [72.32240316584873, 34.19109302627811]]]]}, "properties": {"id": "Pakistan_123102310_850988", "height": 2.772810697555542, "hmax": 0.0, "ratio": 0.0, "vulnClass": "none"}}, {"type": "Feature", "geometry": {"type": "MultiPolygon", "coordinates": [[[[72.3224073598508, 34.191234833421085], [72.3224112774609, 34.19117956697616], [72.32233372348288, 34.191175709648604], [72.32232980582265, 34.19123097608869], [72.3224073598508, 34.191234833421085]]]]}, "properties": {"id": "Pakistan_123102310_708939", "height": 2.592160701751709, "hmax": 0.0, "ratio": 0.0, "vulnClass": "none"}}, {"type": "Feature", "geometry": {"type": "MultiPolygon", "coordinates": [[[[72.32256633641795, 34.19117511018522], [72.32250631938994, 34.19117244728278], [72.32250287822315, 34.19122637188949], [72.32256278687788, 34.191229032427934], [72.32256633641795, 34.19117511018522]]]]}, "properties": {"id": "Pakistan_123102310_528545", "height": 2.70314359664917, "hmax": 0.0, "ratio": 0.0, "vulnClass": "none"}}, {"type": "Feature", "geometry": {"type": "MultiPolygon", "coordinates": [[[[72.32266945180082, 34.191224870924984], [72.32267136432463, 34.19118497630624], [72.3225711182027, 34.19118170539765], [72.32256920563191, 34.191221600012604], [72.32266945180082, 34.191224870924984]]]]}, "properties": {"id": "Pakistan_123102310_879420", "height": 3.13446044921875, "hmax": 0.0, "ratio": 0.0, "vulnClass": "none"}}, {"type": "Feature", "geometry": {"type": "MultiPolygon", "coordinates": [[[[72.32287791021874, 34.19118533957103], [72.32273046534108, 34.191182300284495], [72.32272931172365, 34.191222211476735], [72.32287664825941, 34.19122524840075], [72.32287791021874, 34.19118533957103]]]]}, "properties": {"id": "Pakistan_123102310_140385", "height": 2.934400081634521, "hmax": 0.0, "ratio": 0.0, "vulnClass": "none"}}, {"type": "Feature", "geometry": {"type": "MultiPolygon", "coordinates": [[[[72.32266500812868, 34.19137911042533], [72.32295721913125, 34.19137386177469], [72.32295546416385, 34.19130585046584], [72.3228203211417, 34.19130830857977], [72.32282092128794, 34.19133049854761], [72.32266385350161, 34.1913332890901], [72.32266500812868, 34.19137911042533]]]]}, "properties": {"id": "Pakistan_123102310_689922", "height": 3.119990825653076, "hmax": 0.0, "ratio": 0.0, "vulnClass": "none"}}, {"type": "Feature", "geometry": {"type": "MultiPolygon", "coordinates": [[[[72.32281273569275, 34.19144183517215], [72.32281331003122, 34.19139965758404], [72.32262557577663, 34.19139790199843], [72.32262500134469, 34.19144007958123], [72.32281273569275, 34.19144183517215]]]]}, "properties": {"id": "Pakistan_123102310_675733", "height": 2.507421970367432, "hmax": 0.0, "ratio": 0.0, "vulnClass": "none"}}, {"type": "Feature", "geometry": {"type": "MultiPolygon", "coordinates": [[[[72.3222744862124, 34.191409075932214], [72.32232829044611, 34.19142981353309], [72.32234886143681, 34.19139339151511], [72.32229505721997, 34.19137265392402], [72.3222744862124, 34.191409075932214]]]]}, "properties": {"id": "Pakistan_123102310_344074", "height": 2.622898101806641, "hmax": 0.0, "ratio": 0.0, "vulnClass": "none"}}, {"type": "Feature", "geometry": {"type": "MultiPolygon", "coordinates": [[[[72.32252961983687, 34.19138589005131], [72.32237685679546, 34.19138291449064], [72.32237490521919, 34.1914480502015], [72.32251975433988, 34.191450852941564], [72.32251950077233, 34.191458870739886], [72.32256893926147, 34.19145986023121], [72.32257026375748, 34.19141111809079], [72.32252895615376, 34.19141030616473], [72.32252961983687, 34.19138589005131]]]]}, "properties": {"id": "Pakistan_123102310_656519", "height": 2.539685726165771, "hmax": 0.0, "ratio": 0.0, "vulnClass": "none"}}, {"type": "Feature", "geometry": {"type": "MultiPolygon", "coordinates": [[[[72.32229605326036, 34.191594985168514], [72.32247719020113, 34.19162355199596], [72.32251276830289, 34.191469361395356], [72.32247239334976, 34.19146307067682], [72.32246558751889, 34.19149303209258], [72.32237642139822, 34.19147900470794], [72.32237341208197, 34.19149183041268], [72.32216377736589, 34.191458764574804], [72.32218402120031, 34.191370950036934], [72.32211676873277, 34.19136037602543], [72.3220886092402, 34.191482364743415], [72.32225171805831, 34.19150810408358], [72.32224720262883, 34.19152738767834], [72.32230938269954, 34.19153712964195], [72.32229605326036, 34.191594985168514]]]]}, "properties": {"id": "Pakistan_123102310_334617", "height": 4.333673477172852, "hmax": 0.0, "ratio": 0.0, "vulnClass": "none"}}, {"type": "Feature", "geometry": {"type": "MultiPolygon", "coordinates": [[[[72.32179225075302, 34.19118317491026], [72.32179355262988, 34.19121060889503], [72.32184600923799, 34.19120877980838], [72.32184459893298, 34.191181343455256], [72.32179225075302, 34.19118317491026]]]]}, "properties": {"id": "Pakistan_123102310_921977", "height": 3.714925050735474, "hmax": 0.0, "ratio": 0.0, "vulnClass": "none"}}, {"type": "Feature", "geometry": {"type": "MultiPolygon", "coordinates": [[[[72.3218976672952, 34.191455115724416], [72.32193429338358, 34.191459882347665], [72.3219496278455, 34.1913798036539], [72.3219130017903, 34.191375037036785], [72.3218976672952, 34.191455115724416]]]]}, "properties": {"id": "Pakistan_123102310_467005", "height": 3.828345775604248, "hmax": 0.0, "ratio": 0.0, "vulnClass": "none"}}, {"type": "Feature", "geometry": {"type": "MultiPolygon", "coordinates": [[[[72.32190014701227, 34.19122925442843], [72.32176814203437, 34.191221683147255], [72.32175954115036, 34.19132552816081], [72.3221023893992, 34.19134509708608], [72.32210588834195, 34.19130307353773], [72.32189493692319, 34.191291073553266], [72.32190014701227, 34.19122925442843]]]]}, "properties": {"id": "Pakistan_123102310_784939", "height": 3.149124383926392, "hmax": 0.0, "ratio": 0.0, "vulnClass": "none"}}, {"type": "Feature", "geometry": {"type": "MultiPolygon", "coordinates": [[[[72.32174335556302, 34.19104498894643], [72.32174506303552, 34.191087036063216], [72.32179598756417, 34.191085624277676], [72.32179428006627, 34.1910435771604], [72.32174335556302, 34.19104498894643]]]]}, "properties": {"id": "Pakistan_123102310_940950", "height": 4.929431915283203, "hmax": 0.0, "ratio": 0.0, "vulnClass": "none"}}, {"type": "Feature", "geometry": {"type": "MultiPolygon", "coordinates": [[[[72.32150030295269, 34.19118698414617], [72.32146294674382, 34.19118472564045], [72.32146565892688, 34.191153863506415], [72.32138293553196, 34.191148810844744], [72.32137650720448, 34.19122169175003], [72.321496589747, 34.191228912839506], [72.32150030295269, 34.19118698414617]]]]}, "properties": {"id": "Pakistan_123102310_694718", "height": 2.477098226547241, "hmax": 0.0, "ratio": 0.0, "vulnClass": "none"}}, {"type": "Feature", "geometry": {"type": "MultiPolygon", "coordinates": [[[[72.32149532447448, 34.19109059537992], [72.32148515612396, 34.191165107433896], [72.32176715388276, 34.19119119092161], [72.32177721073043, 34.191116766552305], [72.32149532447448, 34.19109059537992]]]]}, "properties": {"id": "Pakistan_123102310_780187", "height": 4.714539527893066, "hmax": 0.0, "ratio": 0.0, "vulnClass": "none"}}, {"type": "Feature", "geometry": {"type": "MultiPolygon", "coordinates": [[[[72.32165314746477, 34.19099190341455], [72.3216503387987, 34.191036105621166], [72.3218081880083, 34.1910428893176], [72.32181262465005, 34.190971226969495], [72.3216601904121, 34.19096474187275], [72.32166257420192, 34.190927111320946], [72.32161859079547, 34.19092515884258], [72.3216145788656, 34.19099024952101], [72.32165314746477, 34.19099190341455]]]]}, "properties": {"id": "Pakistan_123102310_91720", "height": 4.556543350219727, "hmax": 0.0, "ratio": 0.0, "vulnClass": "none"}}, {"type": "Feature", "geometry": {"type": "MultiPolygon", "coordinates": [[[[72.32191568578834, 34.19096094735696], [72.32189960529644, 34.19099945068518], [72.32195325491844, 34.191014776076045], [72.3219693325402, 34.19097636282744], [72.32191568578834, 34.19096094735696]]]]}, "properties": {"id": "Pakistan_123102310_500031", "height": 3.399295091629028, "hmax": 0.0, "ratio": 0.0, "vulnClass": "none"}}, {"type": "Feature", "geometry": {"type": "MultiPolygon", "coordinates": [[[[72.3218002317362, 34.191140077331966], [72.32194920335563, 34.19116000910334], [72.32195722712594, 34.19111898589324], [72.32185795078668, 34.191105638805055], [72.32186715832215, 34.19105806052181], [72.32181757154864, 34.19105147822471], [72.3218002317362, 34.191140077331966]]]]}, "properties": {"id": "Pakistan_123102310_187421", "height": 5.040432453155518, "hmax": 0.0, "ratio": 0.0, "vulnClass": "none"}}, {"type": "Feature", "geometry": {"type": "MultiPolygon", "coordinates": [[[[72.32195248642397, 34.19122084179897], [72.32203374374089, 34.191231090745944], [72.32205534738047, 34.191114007234646], [72.32197409017144, 34.19110375830705], [72.32195248642397, 34.19122084179897]]]]}, "properties": {"id": "Pakistan_123102310_827375", "height": 4.595017433166504, "hmax": 0.0, "ratio": 0.0, "vulnClass": "none"}}, {"type": "Feature", "geometry": {"type": "MultiPolygon", "coordinates": [[[[72.32223797070559, 34.191315063490414], [72.32224313413076, 34.191162101841584], [72.32228877234907, 34.19116318874168], [72.32229140522419, 34.191083373487245], [72.32221909794745, 34.19108170412356], [72.32221779850565, 34.19111935837456], [72.32213465010084, 34.19111745218262], [72.32212678220552, 34.19135248124981], [72.32235454586397, 34.191357726175596], [72.3223559164868, 34.19131781973145], [72.32223797070559, 34.191315063490414]]]]}, "properties": {"id": "Pakistan_123102310_874647", "height": 4.174829483032227, "hmax": 0.0, "ratio": 0.0, "vulnClass": "none"}}, {"type": "Feature", "geometry": {"type": "MultiPolygon", "coordinates": [[[[72.32231422592214, 34.19094837668018], [72.32231222142433, 34.19090542157805], [72.32225325180771, 34.19090737907353], [72.32225525912479, 34.19095024408759], [72.32231422592214, 34.19094837668018]]]]}, "properties": {"id": "Pakistan_123102310_742429", "height": 2.803205966949463, "hmax": 0.0, "ratio": 0.0, "vulnClass": "none"}}, {"type": "Feature", "geometry": {"type": "MultiPolygon", "coordinates": [[[[72.32195279497546, 34.19091956780842], [72.32195087655393, 34.19096306827317], [72.3220676036523, 34.190966609508614], [72.32206828494259, 34.1909519299663], [72.32213363671117, 34.19095398839831], [72.32213656413195, 34.190888874005275], [72.32207120956386, 34.19088690566478], [72.32206951916466, 34.190923199126814], [72.32195279497546, 34.19091956780842]]]]}, "properties": {"id": "Pakistan_123102310_35238", "height": 4.001393795013428, "hmax": 0.0, "ratio": 0.0, "vulnClass": "none"}}, {"type": "Feature", "geometry": {"type": "MultiPolygon", "coordinates": [[[[72.32193092053193, 34.19088744741809], [72.32185605124064, 34.19087760839774], [72.3218431898318, 34.19094466938045], [72.32191795076905, 34.19095450604328], [72.32193092053193, 34.19088744741809]]]]}, "properties": {"id": "Pakistan_123102310_646955", "height": 3.26955509185791, "hmax": 0.0, "ratio": 0.0, "vulnClass": "none"}}, {"type": "Feature", "geometry": {"type": "MultiPolygon", "coordinates": [[[[72.32227741094539, 34.19085354635966], [72.32210606779584, 34.19084809124702], [72.3221077325307, 34.190812608571676], [72.32202200537601, 34.19080992478858], [72.32202030071186, 34.190846668687364], [72.3220577994033, 34.190847848333604], [72.32205610900027, 34.19088414179541], [72.32227567789701, 34.19089119114312], [72.32227741094539, 34.19085354635966]]]]}, "properties": {"id": "Pakistan_123102310_723336", "height": 3.813510656356812, "hmax": 0.0, "ratio": 0.0, "vulnClass": "none"}}, {"type": "Feature", "geometry": {"type": "MultiPolygon", "coordinates": [[[[72.32189985326671, 34.190754969761926], [72.32182753786523, 34.190756996139655], [72.32183139842594, 34.19085444228415], [72.32195463260076, 34.190851184224925], [72.32195317913776, 34.190814822094985], [72.32190225477056, 34.19081623395377], [72.32189985326671, 34.190754969761926]]]]}, "properties": {"id": "Pakistan_123102310_178075", "height": 3.723545789718628, "hmax": 0.0, "ratio": 0.0, "vulnClass": "none"}}, {"type": "Feature", "geometry": {"type": "MultiPolygon", "coordinates": [[[[72.32221824092902, 34.190693770649226], [72.32230944974256, 34.19072893780398], [72.32235301041653, 34.190651639086], [72.32226169040413, 34.1906165596863], [72.32221824092902, 34.190693770649226]]]]}, "properties": {"id": "Pakistan_123102310_281989", "height": 3.365556240081787, "hmax": 0.0, "ratio": 0.0, "vulnClass": "none"}}, {"type": "Feature", "geometry": {"type": "MultiPolygon", "coordinates": [[[[72.32199016074176, 34.19064371413336], [72.32193650614485, 34.19064227172957], [72.32193163775038, 34.190761884368605], [72.3219852895732, 34.19076341686569], [72.32199016074176, 34.19064371413336]]]]}, "properties": {"id": "Pakistan_123102310_888902", "height": 3.084927082061768, "hmax": 0.0, "ratio": 0.0, "vulnClass": "none"}}, {"type": "Feature", "geometry": {"type": "MultiPolygon", "coordinates": [[[[72.3214163920119, 34.190499381294146], [72.32132461665864, 34.190482140924736], [72.32131358568343, 34.190522196891294], [72.3214053582266, 34.19053952735836], [72.3214163920119, 34.190499381294146]]]]}, "properties": {"id": "Pakistan_123102310_808568", "height": 3.57462215423584, "hmax": 0.0, "ratio": 0.0, "vulnClass": "none"}}, {"type": "Feature", "geometry": {"type": "MultiPolygon", "coordinates": [[[[72.32136267159693, 34.19077433654651], [72.3213702726515, 34.19080497324853], [72.321444881494, 34.190792179268705], [72.32143727756278, 34.1907616326576], [72.32136267159693, 34.19077433654651]]]]}, "properties": {"id": "Pakistan_123102310_438461", "height": 2.864288330078125, "hmax": 0.0, "ratio": 0.0, "vulnClass": "none"}}, {"type": "Feature", "geometry": {"type": "MultiPolygon", "coordinates": [[[[72.32163355102654, 34.190911782881926], [72.3216872257291, 34.19091259481321], [72.32168930797, 34.19081590953767], [72.32163574173924, 34.190815099978444], [72.32163355102654, 34.190911782881926]]]]}, "properties": {"id": "Pakistan_123102310_827371", "height": 3.767971038818359, "hmax": 0.0, "ratio": 0.0, "vulnClass": "none"}}, {"type": "Feature", "geometry": {"type": "MultiPolygon", "coordinates": [[[[72.32097912937265, 34.19075865436719], [72.32098742912287, 34.190784348117056], [72.32105855166077, 34.19076859340215], [72.32105025188982, 34.19074289965607], [72.32097912937265, 34.19075865436719]]]]}, "properties": {"id": "Pakistan_123102310_490649", "height": 2.9766526222229, "hmax": 0.0, "ratio": 0.0, "vulnClass": "none"}}, {"type": "Feature", "geometry": {"type": "MultiPolygon", "coordinates": [[[[72.32096076601502, 34.19079043659531], [72.32095952082076, 34.190737221001314], [72.32088712554703, 34.190738343579596], [72.32088837069564, 34.19079155917215], [72.32096076601502, 34.19079043659531]]]]}, "properties": {"id": "Pakistan_123102310_178053", "height": 2.954480648040771, "hmax": 0.0, "ratio": 0.0, "vulnClass": "none"}}, {"type": "Feature", "geometry": {"type": "MultiPolygon", "coordinates": [[[[72.32123518047187, 34.19045611691256], [72.32116853135548, 34.19046421659418], [72.32117590438169, 34.19050548600293], [72.32124255353044, 34.190497386318846], [72.32123518047187, 34.19045611691256]]]]}, "properties": {"id": "Pakistan_123102310_471784", "height": 4.459247589111328, "hmax": 0.0, "ratio": 0.0, "vulnClass": "none"}}, {"type": "Feature", "geometry": {"type": "MultiPolygon", "coordinates": [[[[72.32156579329245, 34.19052283873286], [72.32142393849601, 34.19051802687532], [72.3214197558668, 34.190602225580086], [72.32150114065105, 34.19060499521429], [72.32149702934024, 34.19068694173513], [72.32125872608971, 34.19067885064311], [72.32126081891569, 34.19063670625427], [72.32112427322494, 34.1906321001895], [72.32112070047204, 34.19070387152659], [72.32125886958381, 34.19070860321714], [72.32125677960296, 34.19075065751785], [72.32155403556948, 34.19076075770949], [72.32156579329245, 34.19052283873286]]]]}, "properties": {"id": "Pakistan_123102310_888898", "height": 6.122546672821045, "hmax": 0.0, "ratio": 0.0, "vulnClass": "none"}}, {"type": "Feature", "geometry": {"type": "MultiPolygon", "coordinates": [[[[72.32086300165349, 34.19062990712099], [72.32086056400391, 34.19057666546953], [72.32073459149929, 34.190580764094285], [72.32073714033052, 34.190633918025995], [72.32086300165349, 34.19062990712099]]]]}, "properties": {"id": "Pakistan_123102310_751801", "height": 3.000259876251221, "hmax": 0.0, "ratio": 0.0, "vulnClass": "none"}}, {"type": "Feature", "geometry": {"type": "MultiPolygon", "coordinates": [[[[72.32070421357783, 34.19044027791162], [72.32070834539952, 34.19047769022166], [72.32081209360368, 34.19046968028571], [72.32080796173601, 34.19043226797695], [72.32070421357783, 34.19044027791162]]]]}, "properties": {"id": "Pakistan_123102310_158308", "height": 3.672653675079346, "hmax": 0.0, "ratio": 0.0, "vulnClass": "none"}}, {"type": "Feature", "geometry": {"type": "MultiPolygon", "coordinates": [[[[72.3204854113686, 34.1909060782017], [72.32050947852224, 34.19090660418024], [72.32051143712683, 34.19083786269295], [72.32048736999266, 34.1908373367157], [72.3204854113686, 34.1909060782017]]]]}, "properties": {"id": "Pakistan_123102310_35204", "height": 4.221756935119629, "hmax": 0.0, "ratio": 0.0, "vulnClass": "none"}}, {"type": "Feature", "geometry": {"type": "MultiPolygon", "coordinates": [[[[72.32093418985598, 34.19108518663741], [72.32072775292589, 34.19108824817056], [72.32072922648995, 34.19115481092115], [72.32093566358274, 34.191151749393256], [72.32093418985598, 34.19108518663741]]]]}, "properties": {"id": "Pakistan_123102310_855769", "height": 4.690602779388428, "hmax": 0.0, "ratio": 0.0, "vulnClass": "none"}}, {"type": "Feature", "geometry": {"type": "MultiPolygon", "coordinates": [[[[72.32066098785975, 34.19103486286746], [72.3205805414309, 34.191036710810785], [72.3205818802563, 34.19107667642741], [72.32066232957426, 34.191074738397525], [72.32066098785975, 34.19103486286746]]]]}, "properties": {"id": "Pakistan_123102310_381854", "height": 2.742097616195679, "hmax": 0.0, "ratio": 0.0, "vulnClass": "none"}}, {"type": "Feature", "geometry": {"type": "MultiPolygon", "coordinates": [[[[72.32090912533835, 34.191016756147015], [72.32091055917572, 34.190968016435335], [72.32076842133225, 34.19096527106017], [72.32076709582401, 34.19101401313536], [72.32090912533835, 34.191016756147015]]]]}, "properties": {"id": "Pakistan_123102310_262222", "height": 3.249947786331177, "hmax": 0.0, "ratio": 0.0, "vulnClass": "none"}}, {"type": "Feature", "geometry": {"type": "MultiPolygon", "coordinates": [[[[72.32090050672255, 34.19101828066503], [72.32090051349361, 34.19106263451515], [72.32096755700472, 34.191062657093], [72.32096765860929, 34.19101830561008], [72.32090050672255, 34.19101828066503]]]]}, "properties": {"id": "Pakistan_123102310_566362", "height": 3.230735063552856, "hmax": 0.0, "ratio": 0.0, "vulnClass": "none"}}, {"type": "Feature", "geometry": {"type": "MultiPolygon", "coordinates": [[[[72.32122412103439, 34.19100795273832], [72.32118032031686, 34.191010511583556], [72.32118307143057, 34.191043566522914], [72.32122686931487, 34.19104109776505], [72.32122412103439, 34.19100795273832]]]]}, "properties": {"id": "Pakistan_123102310_632750", "height": 2.895208835601807, "hmax": 0.0, "ratio": 0.0, "vulnClass": "none"}}, {"type": "Feature", "geometry": {"type": "MultiPolygon", "coordinates": [[[[72.32111805865034, 34.19113022239831], [72.3211193546982, 34.19116126224968], [72.32118091779321, 34.19115963242075], [72.32117973013366, 34.19112859493763], [72.32111805865034, 34.19113022239831]]]]}, "properties": {"id": "Pakistan_123102310_637525", "height": 2.537895917892456, "hmax": 0.0, "ratio": 0.0, "vulnClass": "none"}}, {"type": "Feature", "geometry": {"type": "MultiPolygon", "coordinates": [[[[72.32083331026388, 34.19118764618068], [72.3208341188707, 34.19124094238055], [72.32092408286778, 34.19124002344474], [72.32092337976445, 34.1911868196992], [72.32083331026388, 34.19118764618068]]]]}, "properties": {"id": "Pakistan_123102310_708928", "height": 4.277234077453613, "hmax": 0.0, "ratio": 0.0, "vulnClass": "none"}}, {"type": "Feature", "geometry": {"type": "MultiPolygon", "coordinates": [[[[72.3213930733194, 34.19138729828225], [72.32136736891772, 34.19120878097715], [72.32129706743889, 34.19121571912002], [72.3212984856275, 34.19122575673376], [72.32123123104357, 34.19123240080809], [72.32123613044813, 34.191266133732086], [72.3212636639283, 34.191263399756735], [72.32127362828385, 34.191332491915844], [72.32082820502008, 34.1913763984444], [72.32084964248519, 34.19152516330814], [72.32096075531689, 34.19151415896793], [72.32094918474324, 34.19143412356777], [72.32102590549249, 34.19142660469622], [72.32104252388105, 34.19154253985801], [72.32112457969116, 34.191534416301444], [72.32110740764178, 34.191415403957166], [72.3213930733194, 34.19138729828225]]]]}, "properties": {"id": "Pakistan_123102310_386555", "height": 4.961910247802734, "hmax": 0.0, "ratio": 0.0, "vulnClass": "none"}}, {"type": "Feature", "geometry": {"type": "MultiPolygon", "coordinates": [[[[72.32113928640635, 34.1912067726513], [72.32113245181225, 34.191244486237096], [72.32116908345239, 34.19124907290783], [72.32117592088129, 34.19121126923175], [72.32113928640635, 34.1912067726513]]]]}, "properties": {"id": "Pakistan_123102310_585539", "height": 2.672449350357056, "hmax": 0.0, "ratio": 0.0, "vulnClass": "none"}}, {"type": "Feature", "geometry": {"type": "MultiPolygon", "coordinates": [[[[72.32000109340801, 34.191150616479035], [72.31999632775954, 34.19105441264688], [72.31975914233134, 34.19106238970431], [72.31976390770926, 34.1911585935328], [72.32000109340801, 34.191150616479035]]]]}, "properties": {"id": "Pakistan_123102310_263115", "height": 3.873030662536621, "hmax": 0.0, "ratio": 0.0, "vulnClass": "none"}}, {"type": "Feature", "geometry": {"type": "MultiPolygon", "coordinates": [[[[72.31955648397091, 34.191209951784145], [72.31976029357506, 34.19120764614904], [72.3197584951498, 34.191103393701574], [72.31966201528914, 34.19110452993621], [72.31966121892108, 34.19106115048856], [72.31959426105426, 34.19106185026526], [72.31959306791954, 34.19098988466792], [72.31955280479454, 34.19099035667395], [72.31955648397091, 34.191209951784145]]]]}, "properties": {"id": "Pakistan_123102310_44498", "height": 4.832721710205078, "hmax": 0.0, "ratio": 0.0, "vulnClass": "none"}}, {"type": "Feature", "geometry": {"type": "MultiPolygon", "coordinates": [[[[72.31955361173675, 34.1909374564034], [72.31955257080455, 34.19098404107483], [72.31965992013859, 34.190985666739834], [72.31966085260125, 34.1909390796947], [72.31955361173675, 34.1909374564034]]]]}, "properties": {"id": "Pakistan_123102310_609000", "height": 6.022990226745605, "hmax": 0.0, "ratio": 0.0, "vulnClass": "none"}}, {"type": "Feature", "geometry": {"type": "MultiPolygon", "coordinates": [[[[72.31975521590239, 34.190984234168866], [72.31975661166516, 34.191049803564155], [72.3198155471336, 34.19104892832704], [72.31981415132508, 34.19098335893026], [72.31975521590239, 34.190984234168866]]]]}, "properties": {"id": "Pakistan_123102310_594865", "height": 4.136438369750977, "hmax": 0.0, "ratio": 0.0, "vulnClass": "none"}}, {"type": "Feature", "geometry": {"type": "MultiPolygon", "coordinates": [[[[72.32008403598896, 34.19113160487346], [72.32007362162743, 34.19104591524565], [72.31999661302214, 34.19105225528772], [72.32000702730556, 34.19113794491834], [72.32008403598896, 34.19113160487346]]]]}, "properties": {"id": "Pakistan_123102310_168781", "height": 3.707046747207642, "hmax": 0.0, "ratio": 0.0, "vulnClass": "none"}}, {"type": "Feature", "geometry": {"type": "MultiPolygon", "coordinates": [[[[72.32009007070258, 34.19098893953088], [72.32008859646938, 34.191038940434616], [72.32018085686127, 34.19104086687791], [72.32018233389164, 34.19099077588303], [72.32009007070258, 34.19098893953088]]]]}, "properties": {"id": "Pakistan_123102310_921965", "height": 3.897594928741455, "hmax": 0.0, "ratio": 0.0, "vulnClass": "none"}}, {"type": "Feature", "geometry": {"type": "MultiPolygon", "coordinates": [[[[72.32023533592049, 34.19102997755723], [72.32023947174743, 34.19097471598602], [72.32018878403235, 34.19097207556051], [72.32018453976194, 34.19102733475891], [72.32023533592049, 34.19102997755723]]]]}, "properties": {"id": "Pakistan_123102310_310919", "height": 3.770406723022461, "hmax": 0.0, "ratio": 0.0, "vulnClass": "none"}}, {"type": "Feature", "geometry": {"type": "MultiPolygon", "coordinates": [[[[72.3204854908063, 34.190883001591146], [72.32048298729364, 34.19080442640875], [72.32024708345817, 34.19080963779712], [72.32024958675122, 34.1908882129739], [72.3204854908063, 34.190883001591146]]]]}, "properties": {"id": "Pakistan_123102310_301287", "height": 5.636957168579102, "hmax": 0.0, "ratio": 0.0, "vulnClass": "none"}}, {"type": "Feature", "geometry": {"type": "MultiPolygon", "coordinates": [[[[72.32016600237452, 34.190896663146866], [72.32017293833053, 34.19093116181535], [72.32022512934581, 34.19092400877776], [72.32021819622017, 34.190889420023765], [72.32016600237452, 34.190896663146866]]]]}, "properties": {"id": "Pakistan_123102310_855757", "height": 3.814794063568115, "hmax": 0.0, "ratio": 0.0, "vulnClass": "none"}}, {"type": "Feature", "geometry": {"type": "MultiPolygon", "coordinates": [[[[72.32007912766433, 34.191039905412225], [72.3200741786838, 34.19089808178368], [72.31997777038283, 34.19090039178476], [72.31998271920136, 34.19104221540948], [72.32007912766433, 34.191039905412225]]]]}, "properties": {"id": "Pakistan_123102310_936188", "height": 3.723249197006226, "hmax": 0.0, "ratio": 0.0, "vulnClass": "none"}}, {"type": "Feature", "geometry": {"type": "MultiPolygon", "coordinates": [[[[72.32026932744697, 34.19080264154164], [72.32026729769348, 34.19072281461686], [72.32023625526632, 34.19072330808298], [72.32023828499047, 34.19080313500687], [72.32026932744697, 34.19080264154164]]]]}, "properties": {"id": "Pakistan_123102310_855759", "height": 4.355768203735352, "hmax": 0.0, "ratio": 0.0, "vulnClass": "none"}}, {"type": "Feature", "geometry": {"type": "MultiPolygon", "coordinates": [[[[72.3201435261901, 34.1904620105127], [72.32014092778536, 34.190499546179474], [72.32025217937174, 34.190504682294474], [72.32025467216896, 34.19046705416611], [72.3201435261901, 34.1904620105127]]]]}, "properties": {"id": "Pakistan_123102310_737584", "height": 3.356795310974121, "hmax": 0.0, "ratio": 0.0, "vulnClass": "none"}}, {"type": "Feature", "geometry": {"type": "MultiPolygon", "coordinates": [[[[72.31972745602812, 34.19060689141826], [72.31972278989906, 34.19072344321942], [72.31983530268532, 34.19072644369664], [72.31983996580828, 34.190609981971335], [72.31972745602812, 34.19060689141826]]]]}, "properties": {"id": "Pakistan_123102310_666173", "height": 3.656537055969238, "hmax": 0.0, "ratio": 0.0, "vulnClass": "none"}}, {"type": "Feature", "geometry": {"type": "MultiPolygon", "coordinates": [[[[72.32000369811436, 34.19051998556059], [72.32000114095122, 34.190449973433125], [72.31976261063365, 34.19045593784892], [72.31976516759889, 34.19052594997194], [72.32000369811436, 34.19051998556059]]]]}, "properties": {"id": "Pakistan_123102310_542700", "height": 5.315765857696533, "hmax": 0.0, "ratio": 0.0, "vulnClass": "none"}}, {"type": "Feature", "geometry": {"type": "MultiPolygon", "coordinates": [[[[72.31962298787685, 34.1905279803081], [72.3195640185211, 34.19052651082684], [72.31956032493149, 34.19063289695524], [72.31961929436109, 34.19063436644176], [72.31962298787685, 34.1905279803081]]]]}, "properties": {"id": "Pakistan_123102310_685194", "height": 4.777191162109375, "hmax": 0.0, "ratio": 0.0, "vulnClass": "none"}}, {"type": "Feature", "geometry": {"type": "MultiPolygon", "coordinates": [[[[72.31954403059689, 34.19046224780912], [72.31954543448268, 34.19049329002235], [72.31942489974449, 34.19049696528319], [72.31942630358616, 34.190528007495566], [72.31971287680943, 34.1905191274227], [72.31971006891543, 34.19045704299434], [72.31954403059689, 34.19046224780912]]]]}, "properties": {"id": "Pakistan_123102310_148874", "height": 4.929845333099365, "hmax": 0.0, "ratio": 0.0, "vulnClass": "none"}}, {"type": "Feature", "geometry": {"type": "MultiPolygon", "coordinates": [[[[72.31938702849571, 34.190637762569594], [72.31953168753437, 34.190632811774144], [72.31952940200107, 34.1905884982704], [72.3193848514485, 34.190593451437024], [72.31938702849571, 34.190637762569594]]]]}, "properties": {"id": "Pakistan_123102310_637508", "height": 5.399999141693115, "hmax": 0.0, "ratio": 0.0, "vulnClass": "none"}}, {"type": "Feature", "geometry": {"type": "MultiPolygon", "coordinates": [[[[72.3191767935196, 34.190846460219625], [72.31921932749799, 34.1908496439783], [72.31922240280572, 34.19082104359705], [72.31917986884145, 34.19081785984012], [72.3191767935196, 34.190846460219625]]]]}, "properties": {"id": "Pakistan_123102310_547324", "height": 2.978627681732178, "hmax": 0.0, "ratio": 0.0, "vulnClass": "none"}}, {"type": "Feature", "geometry": {"type": "MultiPolygon", "coordinates": [[[[72.31921995838766, 34.190942782471616], [72.31921873992292, 34.190878479053254], [72.3191532971074, 34.19087930186865], [72.31915451552234, 34.19094360528529], [72.31921995838766, 34.190942782471616]]]]}, "properties": {"id": "Pakistan_123102310_263103", "height": 2.953956604003906, "hmax": 0.0, "ratio": 0.0, "vulnClass": "none"}}, {"type": "Feature", "geometry": {"type": "MultiPolygon", "coordinates": [[[[72.31893031963529, 34.19083944802814], [72.31893635362427, 34.19094352263654], [72.31904345464238, 34.19093928367706], [72.3190374205212, 34.19083520906764], [72.31893031963529, 34.19083944802814]]]]}, "properties": {"id": "Pakistan_123102310_148866", "height": 3.950374126434326, "hmax": 0.0, "ratio": 0.0, "vulnClass": "none"}}, {"type": "Feature", "geometry": {"type": "MultiPolygon", "coordinates": [[[[72.31892295625441, 34.19079790827479], [72.31892120738206, 34.190746935422546], [72.31886486257912, 34.190748227485415], [72.31886661141743, 34.19079920033684], [72.31892295625441, 34.19079790827479]]]]}, "properties": {"id": "Pakistan_123102310_931421", "height": 4.054352760314941, "hmax": 0.0, "ratio": 0.0, "vulnClass": "none"}}, {"type": "Feature", "geometry": {"type": "MultiPolygon", "coordinates": [[[[72.31910151950491, 34.19080830365011], [72.3192490317606, 34.190809185169876], [72.31924938529077, 34.190760331730345], [72.31910187312019, 34.19075945021504], [72.31910233515372, 34.190714024841064], [72.31904224450753, 34.190713702533934], [72.31904145729587, 34.1907968033933], [72.3189325591249, 34.19079613497021], [72.3189322310763, 34.1908339005419], [72.31910122002779, 34.19083489127932], [72.31910151950491, 34.19080830365011]]]]}, "properties": {"id": "Pakistan_123102310_723304", "height": 3.850753307342529, "hmax": 0.0, "ratio": 0.0, "vulnClass": "none"}}, {"type": "Feature", "geometry": {"type": "MultiPolygon", "coordinates": [[[[72.3189264024511, 34.19067880566382], [72.31892639963445, 34.19071657834798], [72.31903369151809, 34.190716580601745], [72.31903369428682, 34.19067880791532], [72.3189264024511, 34.19067880566382]]]]}, "properties": {"id": "Pakistan_123102310_414849", "height": 4.270696640014648, "hmax": 0.0, "ratio": 0.0, "vulnClass": "none"}}, {"type": "Feature", "geometry": {"type": "MultiPolygon", "coordinates": [[[[72.31917313818158, 34.1906466985816], [72.31910071449755, 34.190645295289656], [72.31909913985834, 34.19069844921482], [72.31917156073517, 34.19069994259724], [72.31917313818158, 34.1906466985816]]]]}, "properties": {"id": "Pakistan_123102310_64519", "height": 2.924259662628174, "hmax": 0.0, "ratio": 0.0, "vulnClass": "none"}}, {"type": "Feature", "geometry": {"type": "MultiPolygon", "coordinates": [[[[72.31907307803765, 34.19049026445579], [72.31907428495694, 34.19054122545933], [72.31912790225945, 34.19054041455623], [72.31912669816037, 34.190489363464295], [72.31907307803765, 34.19049026445579]]]]}, "properties": {"id": "Pakistan_123102310_325188", "height": 2.842886447906494, "hmax": 0.0, "ratio": 0.0, "vulnClass": "none"}}, {"type": "Feature", "geometry": {"type": "MultiPolygon", "coordinates": [[[[72.31903533168541, 34.19060654361615], [72.31903304345524, 34.19051778622102], [72.31896878487545, 34.19051890528915], [72.31896961227157, 34.19055444238498], [72.31891979216667, 34.1905552461036], [72.31892114163887, 34.1906085541167], [72.31903533168541, 34.19060654361615]]]]}, "properties": {"id": "Pakistan_123102310_704156", "height": 3.553893804550171, "hmax": 0.0, "ratio": 0.0, "vulnClass": "none"}}, {"type": "Feature", "geometry": {"type": "MultiPolygon", "coordinates": [[[[72.31892157244626, 34.19062920783055], [72.31892502449982, 34.19067778388436], [72.31894903449783, 34.190676686222645], [72.31894569369334, 34.19062802245209], [72.31892157244626, 34.19062920783055]]]]}, "properties": {"id": "Pakistan_123102310_447991", "height": 4.104696750640869, "hmax": 0.0, "ratio": 0.0, "vulnClass": "none"}}, {"type": "Feature", "geometry": {"type": "MultiPolygon", "coordinates": [[[[72.31866353061851, 34.190686038624946], [72.3186550691384, 34.19058668885707], [72.3186112686253, 34.190589246790616], [72.31861973005381, 34.19068859655905], [72.31866353061851, 34.190686038624946]]]]}, "properties": {"id": "Pakistan_123102310_623195", "height": 3.014963150024414, "hmax": 0.0, "ratio": 0.0, "vulnClass": "none"}}, {"type": "Feature", "geometry": {"type": "MultiPolygon", "coordinates": [[[[72.31884939128119, 34.19057561298816], [72.3187484501238, 34.190584043237116], [72.31875828112493, 34.19066413090528], [72.31880875175327, 34.190659915789574], [72.31881503381753, 34.190711618823755], [72.31890792709477, 34.19070382388439], [72.3188987920598, 34.19062916042908], [72.31885636947567, 34.190632740229255], [72.31884939128119, 34.19057561298816]]]]}, "properties": {"id": "Pakistan_123102310_832142", "height": 5.131577014923096, "hmax": 0.0, "ratio": 0.0, "vulnClass": "none"}}, {"type": "Feature", "geometry": {"type": "MultiPolygon", "coordinates": [[[[72.31843257224519, 34.19049744258624], [72.31844598351367, 34.19053641014679], [72.31857004168778, 34.19050712023466], [72.31855652195506, 34.190468150314075], [72.31843257224519, 34.19049744258624]]]]}, "properties": {"id": "Pakistan_123102310_262188", "height": 3.333003044128418, "hmax": 0.0, "ratio": 0.0, "vulnClass": "none"}}, {"type": "Feature", "geometry": {"type": "MultiPolygon", "coordinates": [[[[72.31838074816264, 34.190736197562565], [72.31838805951502, 34.19085129838784], [72.318446940617, 34.19084870977283], [72.31843962918425, 34.19073360894722], [72.31838074816264, 34.190736197562565]]]]}, "properties": {"id": "Pakistan_123102310_424280", "height": 4.475245475769043, "hmax": 0.0, "ratio": 0.0, "vulnClass": "none"}}, {"type": "Feature", "geometry": {"type": "MultiPolygon", "coordinates": [[[[72.31877665652385, 34.19080669890149], [72.31859732015961, 34.190813865344495], [72.31859408228271, 34.19075853274042], [72.31854063887481, 34.19076069945511], [72.31854674940891, 34.190865767392545], [72.3187795293534, 34.19085643423621], [72.31877665652385, 34.19080669890149]]]]}, "properties": {"id": "Pakistan_123102310_680458", "height": 5.405333518981934, "hmax": 0.0, "ratio": 0.0, "vulnClass": "none"}}, {"type": "Feature", "geometry": {"type": "MultiPolygon", "coordinates": [[[[72.31864237335388, 34.19075463062682], [72.31864150331903, 34.19071359346633], [72.31855033604776, 34.19071484501997], [72.31855120318512, 34.19075597226636], [72.31864237335388, 34.19075463062682]]]]}, "properties": {"id": "Pakistan_123102310_396051", "height": 4.827579975128174, "hmax": 0.0, "ratio": 0.0, "vulnClass": "none"}}, {"type": "Feature", "geometry": {"type": "MultiPolygon", "coordinates": [[[[72.31886632897863, 34.19079099053339], [72.31885054957255, 34.19074115325788], [72.31875912263035, 34.190760879985895], [72.31877490198464, 34.190810717270644], [72.31886632897863, 34.19079099053339]]]]}, "properties": {"id": "Pakistan_123102310_860402", "height": 3.812960624694824, "hmax": 0.0, "ratio": 0.0, "vulnClass": "none"}}, {"type": "Feature", "geometry": {"type": "MultiPolygon", "coordinates": [[[[72.31878002294387, 34.19081344360171], [72.31878371742256, 34.1908509365393], [72.31883590561092, 34.19084729987443], [72.31883220825615, 34.190809897024636], [72.31878002294387, 34.19081344360171]]]]}, "properties": {"id": "Pakistan_123102310_917358", "height": 2.763736009597778, "hmax": 0.0, "ratio": 0.0, "vulnClass": "none"}}, {"type": "Feature", "geometry": {"type": "MultiPolygon", "coordinates": [[[[72.31849699756344, 34.19087468590338], [72.31849955917488, 34.19094451782475], [72.31872843084686, 34.19093870528345], [72.31872586619296, 34.19086896344519], [72.31849699756344, 34.19087468590338]]]]}, "properties": {"id": "Pakistan_123102310_561621", "height": 3.83197546005249, "hmax": 0.0, "ratio": 0.0, "vulnClass": "none"}}, {"type": "Feature", "geometry": {"type": "MultiPolygon", "coordinates": [[[[72.31844939123845, 34.19085354130724], [72.31838511814964, 34.190855110493324], [72.31838753133005, 34.190922775574755], [72.3184518044704, 34.190921206389866], [72.31844939123845, 34.19085354130724]]]]}, "properties": {"id": "Pakistan_123102310_424281", "height": 4.475245475769043, "hmax": 0.0, "ratio": 0.0, "vulnClass": "none"}}, {"type": "Feature", "geometry": {"type": "MultiPolygon", "coordinates": [[[[72.31846196311066, 34.19103889367752], [72.31845762437779, 34.19092584116566], [72.31839063241253, 34.19092762133707], [72.31839497105565, 34.19104067384701], [72.31846196311066, 34.19103889367752]]]]}, "properties": {"id": "Pakistan_123102310_281022", "height": 3.841527938842773, "hmax": 0.0, "ratio": 0.0, "vulnClass": "none"}}, {"type": "Feature", "geometry": {"type": "MultiPolygon", "coordinates": [[[[72.31838445172292, 34.191153581682855], [72.31852371957613, 34.19115788976036], [72.31852527456124, 34.19112249492325], [72.31843152784144, 34.19111954307462], [72.31843319412725, 34.19108406052405], [72.31838767592419, 34.191082614213855], [72.31838445172292, 34.191153581682855]]]]}, "properties": {"id": "Pakistan_123102310_286970", "height": 2.999122858047485, "hmax": 0.0, "ratio": 0.0, "vulnClass": "none"}}, {"type": "Feature", "geometry": {"type": "MultiPolygon", "coordinates": [[[[72.31861425983323, 34.19110794366768], [72.31883402545574, 34.19110193178984], [72.31883117257547, 34.191031011703195], [72.31861140713768, 34.19103702358472], [72.31861425983323, 34.19110794366768]]]]}, "properties": {"id": "Pakistan_123102310_140311", "height": 6.677459716796875, "hmax": 0.0, "ratio": 0.0, "vulnClass": "none"}}, {"type": "Feature", "geometry": {"type": "MultiPolygon", "coordinates": [[[[72.31871853396095, 34.19102512274954], [72.31895429850887, 34.19103117999958], [72.31895711995635, 34.19095578635729], [72.3187213556176, 34.190949729122586], [72.31871853396095, 34.19102512274954]]]]}, "properties": {"id": "Pakistan_123102310_898372", "height": 6.830021858215332, "hmax": 0.0, "ratio": 0.0, "vulnClass": "none"}}, {"type": "Feature", "geometry": {"type": "MultiPolygon", "coordinates": [[[[72.31870316834441, 34.19094166865307], [72.31860428940439, 34.19094662803045], [72.31861063686115, 34.19103394164761], [72.31870951305048, 34.19102907235733], [72.31870316834441, 34.19094166865307]]]]}, "properties": {"id": "Pakistan_123102310_841508", "height": 5.8721022605896, "hmax": 0.0, "ratio": 0.0, "vulnClass": "none"}}, {"type": "Feature", "geometry": {"type": "MultiPolygon", "coordinates": [[[[72.31887127879678, 34.191138265449695], [72.31922733118857, 34.191151910811186], [72.31923266287802, 34.19105547700135], [72.3191925708951, 34.19105396933537], [72.31919456209113, 34.19101849387018], [72.31916888018257, 34.19101757172589], [72.31917090276502, 34.190981105300125], [72.31914684987967, 34.190980128621106], [72.31914859005023, 34.19094915515566], [72.3189451006385, 34.19094137001708], [72.31894279267533, 34.19098341948071], [72.31905407042282, 34.19098774592377], [72.31905055862718, 34.19105068380913], [72.31897405779209, 34.191047839034205], [72.31897157295865, 34.1910920482244], [72.31887416024031, 34.19108838550227], [72.31887127879678, 34.191138265449695]]]]}, "properties": {"id": "Pakistan_123102310_869940", "height": 3.960083961486816, "hmax": 0.0, "ratio": 0.0, "vulnClass": "none"}}, {"type": "Feature", "geometry": {"type": "MultiPolygon", "coordinates": [[[[72.31922598392802, 34.19098889059604], [72.31922467710581, 34.19094450834225], [72.31916302004993, 34.19094568438648], [72.31916432683973, 34.19099006663937], [72.31922598392802, 34.19098889059604]]]]}, "properties": {"id": "Pakistan_123102310_628052", "height": 2.764691829681396, "hmax": 0.0, "ratio": 0.0, "vulnClass": "none"}}, {"type": "Feature", "geometry": {"type": "MultiPolygon", "coordinates": [[[[72.31891033236386, 34.19118626778274], [72.31892087973657, 34.19163427220147], [72.31902670637463, 34.19163261975422], [72.3190181613343, 34.191275530060324], [72.31906917723882, 34.191274662310654], [72.3190669574684, 34.19118374282534], [72.31891033236386, 34.19118626778274]]]]}, "properties": {"id": "Pakistan_123102310_263093", "height": 4.267659664154053, "hmax": 0.0, "ratio": 0.0, "vulnClass": "none"}}, {"type": "Feature", "geometry": {"type": "MultiPolygon", "coordinates": [[[[72.31906668094169, 34.19127812356578], [72.31901050981212, 34.191280771730455], [72.31901509740354, 34.191344878366735], [72.3190711601648, 34.191342227831434], [72.31906668094169, 34.19127812356578]]]]}, "properties": {"id": "Pakistan_123102310_7669", "height": 2.808542966842651, "hmax": 0.0, "ratio": 0.0, "vulnClass": "none"}}, {"type": "Feature", "geometry": {"type": "MultiPolygon", "coordinates": [[[[72.31858833159234, 34.19138539839736], [72.31819692499624, 34.191378189814706], [72.31819895117654, 34.19130395076195], [72.31815601475115, 34.191303191883264], [72.31815199937552, 34.19145392453666], [72.3185863399729, 34.19146198211344], [72.31858833159234, 34.19138539839736]]]]}, "properties": {"id": "Pakistan_123102310_704153", "height": 5.968045711517334, "hmax": 0.0, "ratio": 0.0, "vulnClass": "none"}}, {"type": "Feature", "geometry": {"type": "MultiPolygon", "coordinates": [[[[72.31874214693725, 34.191372264895726], [72.31872971712765, 34.191168705404365], [72.31852636129483, 34.191177239580156], [72.31852816136494, 34.19120603671448], [72.31827396646197, 34.19121670395636], [72.31827065746086, 34.19116362353908], [72.31822253448443, 34.19116563603185], [72.3182274979414, 34.191245256657396], [72.3181792665077, 34.19124726675957], [72.31818227878347, 34.19129601350013], [72.31830003589863, 34.19129101664441], [72.31829779374998, 34.19125562890944], [72.31852787305345, 34.19124596674113], [72.31853618304211, 34.191380922338574], [72.31874214693725, 34.191372264895726]]]]}, "properties": {"id": "Pakistan_123102310_590170", "height": 5.268957614898682, "hmax": 0.0, "ratio": 0.0, "vulnClass": "none"}}, {"type": "Feature", "geometry": {"type": "MultiPolygon", "coordinates": [[[[72.31824804621122, 34.191034936050364], [72.31825258451038, 34.19112797968662], [72.31838377290339, 34.191123637124946], [72.31837934287007, 34.19103059585781], [72.31824804621122, 34.191034936050364]]]]}, "properties": {"id": "Pakistan_123102310_685186", "height": 2.481685161590576, "hmax": 0.0, "ratio": 0.0, "vulnClass": "none"}}, {"type": "Feature", "geometry": {"type": "MultiPolygon", "coordinates": [[[[72.31783776165749, 34.19095591486417], [72.31781577235819, 34.191112384473605], [72.31769247252237, 34.191100581910746], [72.31768251485781, 34.191171762632656], [72.31800168715509, 34.19120236419789], [72.31802228097648, 34.191055690342466], [72.31794127267196, 34.19104787823708], [72.31795262527586, 34.19096690168229], [72.31783776165749, 34.19095591486417]]]]}, "properties": {"id": "Pakistan_123102310_642181", "height": 5.197815418243408, "hmax": 0.0, "ratio": 0.0, "vulnClass": "none"}}, {"type": "Feature", "geometry": {"type": "MultiPolygon", "coordinates": [[[[72.31770053055399, 34.19140780811753], [72.31760964223649, 34.19140365607087], [72.31760258824124, 34.191506452705454], [72.31769358222506, 34.19151069722155], [72.31770053055399, 34.19140780811753]]]]}, "properties": {"id": "Pakistan_123102310_121273", "height": 2.533701658248901, "hmax": 0.0, "ratio": 0.0, "vulnClass": "none"}}, {"type": "Feature", "geometry": {"type": "MultiPolygon", "coordinates": [[[[72.31776975791693, 34.19153066413847], [72.31758897701775, 34.19150119667844], [72.31761900595352, 34.191375193326294], [72.31755446449877, 34.19136467613328], [72.31750565621891, 34.19156978062902], [72.31752627141483, 34.19157311646299], [72.31751813715887, 34.19160728552924], [72.31774284756186, 34.19164384434755], [72.31776975791693, 34.19153066413847]]]]}, "properties": {"id": "Pakistan_123102310_841497", "height": 3.122781276702881, "hmax": 0.266, "ratio": 0.085, "vulnClass": "low"}}, {"type": "Feature", "geometry": {"type": "MultiPolygon", "coordinates": [[[[72.3175631836881, 34.19057930231844], [72.31778812067132, 34.190533288801205], [72.3178187224153, 34.19063573729715], [72.31789460962229, 34.190620268966676], [72.3178384097942, 34.190432069011294], [72.31775236643688, 34.19044965901938], [72.31774747394556, 34.190432874288156], [72.31769429594915, 34.19044379096717], [72.31771058237517, 34.19049814695306], [72.31754876018935, 34.19053120740413], [72.3175631836881, 34.19057930231844]]]]}, "properties": {"id": "Pakistan_123102310_637493", "height": 4.234238147735596, "hmax": 0.196, "ratio": 0.046, "vulnClass": "low"}}, {"type": "Feature", "geometry": {"type": "MultiPolygon", "coordinates": [[[[72.31762304268122, 34.19080607636714], [72.31761193598706, 34.19102309418143], [72.3178223835715, 34.191030402712265], [72.31782447527206, 34.190988348553276], [72.31767839790842, 34.19098325966359], [72.31768719584535, 34.19080829124529], [72.31762304268122, 34.19080607636714]]]]}, "properties": {"id": "Pakistan_123102310_903156", "height": 5.150175094604492, "hmax": 0.139, "ratio": 0.027, "vulnClass": "low"}}, {"type": "Feature", "geometry": {"type": "MultiPolygon", "coordinates": [[[[72.31795763121114, 34.19078490874934], [72.31786386779059, 34.19078249700864], [72.31786228111172, 34.190822308474935], [72.31795615013257, 34.19082481267774], [72.31795763121114, 34.19078490874934]]]]}, "properties": {"id": "Pakistan_123102310_537944", "height": 2.692254066467285, "hmax": 0.135, "ratio": 0.05, "vulnClass": "low"}}, {"type": "Feature", "geometry": {"type": "MultiPolygon", "coordinates": [[[[72.31784795668759, 34.190822445859844], [72.31785008261083, 34.19077931065087], [72.31764385793238, 34.19077227487118], [72.31764172905048, 34.19081550015892], [72.31784795668759, 34.190822445859844]]]]}, "properties": {"id": "Pakistan_123102310_623186", "height": 3.150840520858765, "hmax": 0.135, "ratio": 0.043, "vulnClass": "low"}}, {"type": "Feature", "geometry": {"type": "MultiPolygon", "coordinates": [[[[72.31768785665483, 34.19067785906192], [72.3176860957494, 34.19072659153472], [72.31783612110071, 34.190730324375956], [72.31783799033018, 34.19068159426851], [72.31768785665483, 34.19067785906192]]]]}, "properties": {"id": "Pakistan_123102310_272515", "height": 2.929733753204346, "hmax": 0.135, "ratio": 0.046, "vulnClass": "low"}}, {"type": "Feature", "geometry": {"type": "MultiPolygon", "coordinates": [[[[72.31798337967153, 34.19068441416101], [72.31798537626133, 34.19072754940533], [72.31806573960866, 34.190724889997625], [72.31806418793829, 34.190691680955986], [72.31801162612486, 34.19069341597606], [72.31801118117052, 34.190683489772844], [72.31798337967153, 34.19068441416101]]]]}, "properties": {"id": "Pakistan_123102310_689884", "height": 3.735274314880371, "hmax": 0.0, "ratio": 0.0, "vulnClass": "none"}}, {"type": "Feature", "geometry": {"type": "MultiPolygon", "coordinates": [[[[72.31813896877148, 34.190950874495144], [72.31814023294946, 34.190910965818574], [72.31805448318202, 34.19090899995887], [72.3180531105533, 34.19094890626123], [72.31813896877148, 34.190950874495144]]]]}, "properties": {"id": "Pakistan_123102310_552114", "height": 2.644130229949951, "hmax": 0.0, "ratio": 0.0, "vulnClass": "none"}}, {"type": "Feature", "geometry": {"type": "MultiPolygon", "coordinates": [[[[72.31814508002708, 34.19091206348986], [72.31814570157597, 34.190957512547996], [72.31834950188812, 34.190955479494704], [72.3183488802296, 34.1909100304324], [72.31814508002708, 34.19091206348986]]]]}, "properties": {"id": "Pakistan_123102310_348802", "height": 3.200200796127319, "hmax": 0.0, "ratio": 0.0, "vulnClass": "none"}}, {"type": "Feature", "geometry": {"type": "MultiPolygon", "coordinates": [[[[72.31819797987256, 34.1907489677935], [72.31820320039543, 34.19078622367278], [72.3182588006328, 34.19078103919134], [72.31825368849564, 34.190743785684504], [72.31819797987256, 34.1907489677935]]]]}, "properties": {"id": "Pakistan_123102310_17389", "height": 3.926766633987427, "hmax": 0.0, "ratio": 0.0, "vulnClass": "none"}}, {"type": "Feature", "geometry": {"type": "MultiPolygon", "coordinates": [[[[72.31827131374803, 34.19073876221467], [72.31827949279123, 34.19077166546564], [72.31834493270769, 34.19076065613239], [72.31833675649294, 34.19072766279726], [72.31827131374803, 34.19073876221467]]]]}, "properties": {"id": "Pakistan_123102310_651641", "height": 4.287571430206299, "hmax": 0.0, "ratio": 0.0, "vulnClass": "none"}}, {"type": "Feature", "geometry": {"type": "MultiPolygon", "coordinates": [[[[72.318337929625, 34.19062897449605], [72.31835887537807, 34.19066639401538], [72.31849219721683, 34.19061522011662], [72.31847124856105, 34.19057789070494], [72.318337929625, 34.19062897449605]]]]}, "properties": {"id": "Pakistan_123102310_945566", "height": 5.05977725982666, "hmax": 0.0, "ratio": 0.0, "vulnClass": "none"}}, {"type": "Feature", "geometry": {"type": "MultiPolygon", "coordinates": [[[[72.31791736716191, 34.19062103725305], [72.3179479694526, 34.19068922883705], [72.31804700238854, 34.19065885112874], [72.31806980513097, 34.190709563325136], [72.31810277902483, 34.19069946663717], [72.31804937673128, 34.19058047280295], [72.31791736716191, 34.19062103725305]]]]}, "properties": {"id": "Pakistan_123102310_214778", "height": 3.788595676422119, "hmax": 0.135, "ratio": 0.036, "vulnClass": "low"}}, {"type": "Feature", "geometry": {"type": "MultiPolygon", "coordinates": [[[[72.31823475583711, 34.19045786736513], [72.31820290953533, 34.19038784564189], [72.31812303701973, 34.19041269271874], [72.31815477485208, 34.190482712088496], [72.31823475583711, 34.19045786736513]]]]}, "properties": {"id": "Pakistan_123102310_7653", "height": 4.608738899230957, "hmax": 0.125, "ratio": 0.027, "vulnClass": "low"}}, {"type": "Feature", "geometry": {"type": "MultiPolygon", "coordinates": [[[[72.31829703370468, 34.19057408031501], [72.31824350190753, 34.19058589099097], [72.31821475679126, 34.190496735209116], [72.31816821463224, 34.190507076043204], [72.31818560259754, 34.19056091516969], [72.3180542864757, 34.19058986562321], [72.31806436832164, 34.19062091736518], [72.31820311344082, 34.19059032640415], [72.318226124373, 34.190661867715804], [72.31829276530208, 34.19064718853906], [72.31830570008151, 34.19068749793717], [72.31835180298077, 34.19067732774508], [72.31832750815842, 34.190601791784424], [72.31835645937994, 34.190595393330064], [72.31829808743103, 34.19041408758057], [72.3182490347801, 34.19042491443474], [72.31829703370468, 34.19057408031501]]]]}, "properties": {"id": "Pakistan_123102310_17391", "height": 5.19577169418335, "hmax": 0.125, "ratio": 0.024, "vulnClass": "low"}}, {"type": "Feature", "geometry": {"type": "MultiPolygon", "coordinates": [[[[72.31809059235354, 34.19026909569811], [72.31810444277875, 34.19030789259896], [72.3181513471582, 34.190296387762785], [72.31813738830307, 34.190257588494916], [72.31809059235354, 34.19026909569811]]]]}, "properties": {"id": "Pakistan_123102310_45963", "height": 3.226943492889404, "hmax": 0.0, "ratio": 0.0, "vulnClass": "none"}}, {"type": "Feature", "geometry": {"type": "MultiPolygon", "coordinates": [[[[72.31804347389205, 34.190294208437784], [72.3180223886587, 34.19024750039515], [72.31793627125055, 34.19027428419135], [72.31795746770442, 34.190320904530836], [72.31804347389205, 34.190294208437784]]]]}, "properties": {"id": "Pakistan_123102310_675682", "height": 4.176742076873779, "hmax": 0.163, "ratio": 0.039, "vulnClass": "low"}}, {"type": "Feature", "geometry": {"type": "MultiPolygon", "coordinates": [[[[72.31819856574, 34.19023043934012], [72.31814548488548, 34.190245144634005], [72.31821899953813, 34.19042786346432], [72.31827207764542, 34.19041324823113], [72.31819856574, 34.19023043934012]]]]}, "properties": {"id": "Pakistan_123102310_367667", "height": 5.897639274597168, "hmax": 0.125, "ratio": 0.021, "vulnClass": "low"}}, {"type": "Feature", "geometry": {"type": "MultiPolygon", "coordinates": [[[[72.31832332843449, 34.19015834395104], [72.31834293610864, 34.19019005477181], [72.31840319480101, 34.1901645081121], [72.31838369551829, 34.190132799671154], [72.31832332843449, 34.19015834395104]]]]}, "properties": {"id": "Pakistan_123102310_537947", "height": 4.089262962341309, "hmax": 0.0, "ratio": 0.0, "vulnClass": "none"}}, {"type": "Feature", "geometry": {"type": "MultiPolygon", "coordinates": [[[[72.31826513057473, 34.1900160768309], [72.31822176445826, 34.189950130331304], [72.31810873890706, 34.19000102672432], [72.31815210495601, 34.19006697326049], [72.31826513057473, 34.1900160768309]]]]}, "properties": {"id": "Pakistan_123102310_325186", "height": 3.376792907714844, "hmax": 0.0, "ratio": 0.0, "vulnClass": "none"}}, {"type": "Feature", "geometry": {"type": "MultiPolygon", "coordinates": [[[[72.31793668163894, 34.190038731923245], [72.31794026171968, 34.19006612560715], [72.31798791336503, 34.19006184915568], [72.31798433326884, 34.19003445547242], [72.31793668163894, 34.190038731923245]]]]}, "properties": {"id": "Pakistan_123102310_381837", "height": 3.77549409866333, "hmax": 0.0, "ratio": 0.0, "vulnClass": "none"}}, {"type": "Feature", "geometry": {"type": "MultiPolygon", "coordinates": [[[[72.31810025011653, 34.190179968566056], [72.31812766294352, 34.190242681358164], [72.3182287522184, 34.190212438615525], [72.31820123091374, 34.190149723471414], [72.31810025011653, 34.190179968566056]]]]}, "properties": {"id": "Pakistan_123102310_751782", "height": 3.785507678985596, "hmax": 0.0, "ratio": 0.0, "vulnClass": "none"}}, {"type": "Feature", "geometry": {"type": "MultiPolygon", "coordinates": [[[[72.31811261013875, 34.19001580581016], [72.3178484067254, 34.19014732442049], [72.31788957886982, 34.190203757329726], [72.31794920422048, 34.19019135890329], [72.31798558937878, 34.19024137658447], [72.31798785164314, 34.190248728199535], [72.3180207254814, 34.19024178458064], [72.31796479833392, 34.190164835407195], [72.31806598188363, 34.1901144914694], [72.31807741893982, 34.19013015725047], [72.31812568688638, 34.19012012464408], [72.3181076999684, 34.1900612240227], [72.31816030361914, 34.19013350280043], [72.31816678805298, 34.19015482982555], [72.3181993309075, 34.190148059217], [72.31823436394839, 34.19019624425788], [72.31826035659026, 34.19019077275696], [72.31837531945925, 34.19013351797002], [72.31841430410107, 34.19012544580052], [72.31840280146858, 34.19008787222739], [72.31829381282044, 34.19011064021286], [72.31827562302071, 34.19008554132839], [72.31822440522713, 34.19009623067106], [72.31820153392435, 34.19006480904584], [72.31823724921499, 34.19004692924947], [72.31814366044344, 34.190066427949965], [72.31811684084268, 34.190029510962084], [72.31811261013875, 34.19001580581016]]]]}, "properties": {"id": "Pakistan_123102310_874620", "height": 5.104445934295654, "hmax": 0.0, "ratio": 0.0, "vulnClass": "none"}}, {"type": "Feature", "geometry": {"type": "MultiPolygon", "coordinates": [[[[72.31781176048689, 34.189989121315634], [72.317799927205, 34.18995172075855], [72.31774869803122, 34.1899627702527], [72.31776053129136, 34.19000017081367], [72.31781176048689, 34.189989121315634]]]]}, "properties": {"id": "Pakistan_123102310_315605", "height": 3.28808331489563, "hmax": 0.0, "ratio": 0.0, "vulnClass": "none"}}, {"type": "Feature", "geometry": {"type": "MultiPolygon", "coordinates": [[[[72.31766059223939, 34.190000959376555], [72.31768791906295, 34.19006637486897], [72.31777900031541, 34.190040421033295], [72.317751676281, 34.18997491547071], [72.31766059223939, 34.190000959376555]]]]}, "properties": {"id": "Pakistan_123102310_130589", "height": 3.379481315612793, "hmax": 0.0, "ratio": 0.0, "vulnClass": "none"}}, {"type": "Feature", "geometry": {"type": "MultiPolygon", "coordinates": [[[[72.31765813272585, 34.1902361061963], [72.31758128717487, 34.19025786390205], [72.317603456159, 34.19031144710354], [72.31768029890075, 34.190289779473375], [72.31765813272585, 34.1902361061963]]]]}, "properties": {"id": "Pakistan_123102310_301272", "height": 3.367381572723389, "hmax": 0.26, "ratio": 0.077, "vulnClass": "low"}}, {"type": "Feature", "geometry": {"type": "MultiPolygon", "coordinates": [[[[72.31795639209966, 34.190327461931986], [72.31791474644491, 34.190255152332924], [72.31786662950358, 34.190274112979644], [72.31790838353396, 34.19034642496488], [72.31795639209966, 34.190327461931986]]]]}, "properties": {"id": "Pakistan_123102310_205308", "height": 3.446005821228027, "hmax": 0.195, "ratio": 0.057, "vulnClass": "low"}}, {"type": "Feature", "geometry": {"type": "MultiPolygon", "coordinates": [[[[72.31764198627339, 34.190379361454305], [72.31767203194393, 34.19044799167247], [72.31772657369619, 34.190431695855025], [72.31769652798535, 34.19036306564826], [72.31764198627339, 34.190379361454305]]]]}, "properties": {"id": "Pakistan_123102310_44488", "height": 4.491606712341309, "hmax": 0.195, "ratio": 0.043, "vulnClass": "low"}}, {"type": "Feature", "geometry": {"type": "MultiPolygon", "coordinates": [[[[72.3176343029873, 34.19000209707476], [72.31786861327798, 34.189923834528926], [72.31788542488431, 34.18995818874387], [72.31789321040328, 34.18995556441543], [72.31793049952748, 34.19003183545781], [72.31798587117224, 34.19001330392657], [72.31800995777533, 34.19003717959658], [72.31812720021794, 34.1899559049256], [72.31805693169454, 34.1898864851215], [72.3180406335377, 34.189853043657145], [72.31795993414394, 34.189880036147095], [72.31793191668035, 34.18982271907817], [72.31791327875483, 34.18983574367772], [72.31760364118021, 34.189939222950784], [72.3176343029873, 34.19000209707476]]]]}, "properties": {"id": "Pakistan_123102310_926670", "height": 5.055779457092285, "hmax": 0.0, "ratio": 0.0, "vulnClass": "none"}}, {"type": "Feature", "geometry": {"type": "MultiPolygon", "coordinates": [[[[72.31821447042408, 34.18983791466119], [72.31819429245901, 34.18978311301385], [72.31809772554092, 34.18980759493113], [72.3181251039408, 34.18988166583766], [72.31818394166044, 34.18986672586846], [72.31817684956316, 34.18984745899638], [72.31821447042408, 34.18983791466119]]]]}, "properties": {"id": "Pakistan_123102310_367668", "height": 2.933446407318115, "hmax": 0.0, "ratio": 0.0, "vulnClass": "none"}}, {"type": "Feature", "geometry": {"type": "MultiPolygon", "coordinates": [[[[72.31805248983557, 34.18987944642936], [72.31814354152057, 34.1899503124865], [72.31817902578568, 34.18991917564086], [72.31808797410086, 34.18984830960995], [72.31805248983557, 34.18987944642936]]]]}, "properties": {"id": "Pakistan_123102310_462280", "height": 3.200084209442139, "hmax": 0.0, "ratio": 0.0, "vulnClass": "none"}}, {"type": "Feature", "geometry": {"type": "MultiPolygon", "coordinates": [[[[72.31804607105144, 34.18985947308081], [72.31804485593295, 34.189836187868785], [72.31799934979938, 34.18983780678628], [72.31800056490532, 34.189861091998154], [72.31804607105144, 34.18985947308081]]]]}, "properties": {"id": "Pakistan_123102310_83427", "height": 3.611895084381104, "hmax": 0.0, "ratio": 0.0, "vulnClass": "none"}}, {"type": "Feature", "geometry": {"type": "MultiPolygon", "coordinates": [[[[72.31821922900761, 34.18983837934432], [72.31817947413447, 34.18985707227677], [72.31820830495407, 34.18989899147824], [72.31824805984182, 34.18988029853718], [72.31821922900761, 34.18983837934432]]]]}, "properties": {"id": "Pakistan_123102310_471758", "height": 2.524765968322754, "hmax": 0.0, "ratio": 0.0, "vulnClass": "none"}}, {"type": "Feature", "geometry": {"type": "MultiPolygon", "coordinates": [[[[72.31841673612513, 34.18981917015669], [72.31834613017976, 34.18987342858536], [72.31839635191507, 34.18991815949611], [72.31846695786952, 34.18986390103909], [72.31841673612513, 34.18981917015669]]]]}, "properties": {"id": "Pakistan_123102310_523945", "height": 2.564076662063599, "hmax": 0.0, "ratio": 0.0, "vulnClass": "none"}}, {"type": "Feature", "geometry": {"type": "MultiPolygon", "coordinates": [[[[72.3183037082406, 34.18982904855367], [72.31825652787086, 34.18976707537882], [72.31820270263172, 34.189795016436534], [72.31824988297481, 34.18985698963075], [72.3183037082406, 34.18982904855367]]]]}, "properties": {"id": "Pakistan_123102310_353541", "height": 3.369455099105835, "hmax": 0.087, "ratio": 0.026, "vulnClass": "none"}}, {"type": "Feature", "geometry": {"type": "MultiPolygon", "coordinates": [[[[72.31835479184298, 34.18980546482439], [72.31829040595402, 34.189718143866], [72.31824542753023, 34.18974077930932], [72.31830981338676, 34.18982810028967], [72.31835479184298, 34.18980546482439]]]]}, "properties": {"id": "Pakistan_123102310_841504", "height": 3.388530969619751, "hmax": 0.087, "ratio": 0.026, "vulnClass": "none"}}, {"type": "Feature", "geometry": {"type": "MultiPolygon", "coordinates": [[[[72.31829659088925, 34.189731801606335], [72.31837158672872, 34.18979582553567], [72.31842468164513, 34.189753264169966], [72.3183495773899, 34.189689237901526], [72.31829659088925, 34.189731801606335]]]]}, "properties": {"id": "Pakistan_123102310_632719", "height": 3.384224414825439, "hmax": 0.087, "ratio": 0.026, "vulnClass": "none"}}, {"type": "Feature", "geometry": {"type": "MultiPolygon", "coordinates": [[[[72.318208908798, 34.189619630634475], [72.31826348085227, 34.189677708762204], [72.31830201462931, 34.18965303920811], [72.31824744541557, 34.189594871009504], [72.318208908798, 34.189619630634475]]]]}, "properties": {"id": "Pakistan_123102310_462283", "height": 2.640249490737915, "hmax": 0.087, "ratio": 0.033, "vulnClass": "none"}}, {"type": "Feature", "geometry": {"type": "MultiPolygon", "coordinates": [[[[72.31820215889766, 34.189623810181885], [72.3181607978938, 34.18965211400282], [72.31821347851896, 34.18970483194555], [72.3182548423868, 34.189676438020115], [72.31820215889766, 34.189623810181885]]]]}, "properties": {"id": "Pakistan_123102310_177276", "height": 3.014195919036865, "hmax": 0.087, "ratio": 0.029, "vulnClass": "none"}}, {"type": "Feature", "geometry": {"type": "MultiPolygon", "coordinates": [[[[72.31811048165319, 34.18968914674896], [72.31816033790332, 34.189745408924004], [72.31820922482312, 34.189715827323134], [72.31815936855517, 34.189659565167005], [72.31811048165319, 34.18968914674896]]]]}, "properties": {"id": "Pakistan_123102310_798994", "height": 3.129882574081421, "hmax": 0.087, "ratio": 0.028, "vulnClass": "none"}}, {"type": "Feature", "geometry": {"type": "MultiPolygon", "coordinates": [[[[72.31824984757004, 34.18958753127174], [72.31831342606863, 34.18965581299353], [72.3184672157501, 34.18955775812818], [72.3184037427455, 34.18948956894121], [72.31824984757004, 34.18958753127174]]]]}, "properties": {"id": "Pakistan_123102310_699386", "height": 2.59624195098877, "hmax": 0.087, "ratio": 0.034, "vulnClass": "none"}}, {"type": "Feature", "geometry": {"type": "MultiPolygon", "coordinates": [[[[72.31856728530273, 34.18965902126813], [72.31853211243535, 34.189625527671794], [72.31846328693496, 34.189674957027805], [72.31849845979293, 34.189708450643344], [72.31856728530273, 34.18965902126813]]]]}, "properties": {"id": "Pakistan_123102310_244143", "height": 3.151718378067017, "hmax": 0.0, "ratio": 0.0, "vulnClass": "none"}}, {"type": "Feature", "geometry": {"type": "MultiPolygon", "coordinates": [[[[72.31849832280717, 34.189723051907], [72.31847301517477, 34.18968292267101], [72.31840966719354, 34.18971011465446], [72.31843497194899, 34.18975033398969], [72.31849832280717, 34.189723051907]]]]}, "properties": {"id": "Pakistan_123102310_732806", "height": 2.520402908325195, "hmax": 0.0, "ratio": 0.0, "vulnClass": "none"}}, {"type": "Feature", "geometry": {"type": "MultiPolygon", "coordinates": [[[[72.3186997980052, 34.18965047023201], [72.3186662854451, 34.189622782566495], [72.31861671116714, 34.18966379834246], [72.3186502237254, 34.18969148602137], [72.3186997980052, 34.18965047023201]]]]}, "properties": {"id": "Pakistan_123102310_74003", "height": 3.32056999206543, "hmax": 0.0, "ratio": 0.0, "vulnClass": "none"}}, {"type": "Feature", "geometry": {"type": "MultiPolygon", "coordinates": [[[[72.3188701539571, 34.189663030292465], [72.31878216875945, 34.189731693502026], [72.31887262755447, 34.189811020141356], [72.31896061562277, 34.18974226678066], [72.3188701539571, 34.189663030292465]]]]}, "properties": {"id": "Pakistan_123102310_471762", "height": 2.98424768447876, "hmax": 0.0, "ratio": 0.0, "vulnClass": "none"}}, {"type": "Feature", "geometry": {"type": "MultiPolygon", "coordinates": [[[[72.3191942082523, 34.189703741998926], [72.31926129381706, 34.18977435367481], [72.31942544710256, 34.18966759934878], [72.31935836147314, 34.18959698775921], [72.3191942082523, 34.189703741998926]]]]}, "properties": {"id": "Pakistan_123102310_666170", "height": 3.409459114074707, "hmax": 0.0, "ratio": 0.0, "vulnClass": "none"}}, {"type": "Feature", "geometry": {"type": "MultiPolygon", "coordinates": [[[[72.31901980996128, 34.18980855913877], [72.31895409969468, 34.18975276196984], [72.31886325874383, 34.18982596042752], [72.31892886059156, 34.18988175527383], [72.31901980996128, 34.18980855913877]]]]}, "properties": {"id": "Pakistan_123102310_642189", "height": 3.332314729690552, "hmax": 0.0, "ratio": 0.0, "vulnClass": "none"}}, {"type": "Feature", "geometry": {"type": "MultiPolygon", "coordinates": [[[[72.31898203810724, 34.189870838033684], [72.319023590255, 34.189894734824186], [72.319078935764, 34.18982905389079], [72.31903738648289, 34.189805067032225], [72.31898203810724, 34.189870838033684]]]]}, "properties": {"id": "Pakistan_123102310_16268", "height": 2.637601375579834, "hmax": 0.0, "ratio": 0.0, "vulnClass": "none"}}, {"type": "Feature", "geometry": {"type": "MultiPolygon", "coordinates": [[[[72.31921359693538, 34.18982118033031], [72.3191150527591, 34.189740234747326], [72.31904262719117, 34.18980058398859], [72.31914117136049, 34.18988152962917], [72.31921359693538, 34.18982118033031]]]]}, "properties": {"id": "Pakistan_123102310_291770", "height": 4.319026947021484, "hmax": 0.0, "ratio": 0.0, "vulnClass": "none"}}, {"type": "Feature", "geometry": {"type": "MultiPolygon", "coordinates": [[[[72.31935955580484, 34.18986421780206], [72.31934758479626, 34.18981058740672], [72.31930866597344, 34.18981658787427], [72.31932063695764, 34.18987021827224], [72.31935955580484, 34.18986421780206]]]]}, "properties": {"id": "Pakistan_123102310_25866", "height": 3.394798040390015, "hmax": 0.0, "ratio": 0.0, "vulnClass": "none"}}, {"type": "Feature", "geometry": {"type": "MultiPolygon", "coordinates": [[[[72.319149558743, 34.18986674816103], [72.31917057954624, 34.1900559813965], [72.31933283123855, 34.19004357244642], [72.31932650604993, 34.18998636934872], [72.3192440750724, 34.18999268053657], [72.31922927081388, 34.18986064803515], [72.319149558743, 34.18986674816103]]]]}, "properties": {"id": "Pakistan_123102310_215919", "height": 5.345720291137695, "hmax": 0.0, "ratio": 0.0, "vulnClass": "none"}}, {"type": "Feature", "geometry": {"type": "MultiPolygon", "coordinates": [[[[72.31904335512966, 34.189952321958344], [72.31907782947782, 34.190014738215204], [72.31912438265803, 34.189997185284405], [72.3190899082809, 34.1899347690392], [72.31904335512966, 34.189952321958344]]]]}, "properties": {"id": "Pakistan_123102310_561628", "height": 2.566407680511475, "hmax": 0.0, "ratio": 0.0, "vulnClass": "none"}}, {"type": "Feature", "geometry": {"type": "MultiPolygon", "coordinates": [[[[72.31903051711912, 34.18992607810731], [72.318980206578, 34.18987728876708], [72.31890785781027, 34.18992835417615], [72.31895816833597, 34.189977143545214], [72.31903051711912, 34.18992607810731]]]]}, "properties": {"id": "Pakistan_123102310_519248", "height": 2.696164608001709, "hmax": 0.0, "ratio": 0.0, "vulnClass": "none"}}, {"type": "Feature", "geometry": {"type": "MultiPolygon", "coordinates": [[[[72.31866195156678, 34.18989322720207], [72.31862059630882, 34.18990422255134], [72.31865098497585, 34.189982596223686], [72.31869234026959, 34.18997160086589], [72.31866195156678, 34.18989322720207]]]]}, "properties": {"id": "Pakistan_123102310_694694", "height": 4.629005908966064, "hmax": 0.0, "ratio": 0.0, "vulnClass": "none"}}, {"type": "Feature", "geometry": {"type": "MultiPolygon", "coordinates": [[[[72.318681399738, 34.189779252480285], [72.31861646552211, 34.1898188505467], [72.31870928354247, 34.18992302008226], [72.31886459388937, 34.189828333517745], [72.31879094703321, 34.18974567838052], [72.31870067654928, 34.189800859238176], [72.318681399738, 34.189779252480285]]]]}, "properties": {"id": "Pakistan_123102310_632727", "height": 6.28437614440918, "hmax": 0.0, "ratio": 0.0, "vulnClass": "none"}}, {"type": "Feature", "geometry": {"type": "MultiPolygon", "coordinates": [[[[72.31855431549309, 34.189914402312795], [72.31847981550159, 34.18993404830118], [72.31849926621649, 34.18998441666295], [72.31857376910256, 34.18996468057741], [72.31855431549309, 34.189914402312795]]]]}, "properties": {"id": "Pakistan_123102310_604255", "height": 3.886791229248047, "hmax": 0.0, "ratio": 0.0, "vulnClass": "none"}}, {"type": "Feature", "geometry": {"type": "MultiPolygon", "coordinates": [[[[72.31846866049153, 34.19000538323071], [72.31849668696347, 34.190055578553256], [72.31860935860719, 34.19001242693671], [72.31858122366992, 34.18996222926622], [72.31846866049153, 34.19000538323071]]]]}, "properties": {"id": "Pakistan_123102310_234761", "height": 6.273571491241455, "hmax": 0.0, "ratio": 0.0, "vulnClass": "none"}}, {"type": "Feature", "geometry": {"type": "MultiPolygon", "coordinates": [[[[72.31837975042501, 34.19004499768518], [72.3184130175498, 34.190104412771525], [72.31849999339326, 34.190071066473905], [72.31846672621725, 34.190011651408604], [72.31837975042501, 34.19004499768518]]]]}, "properties": {"id": "Pakistan_123102310_898370", "height": 4.068077564239502, "hmax": 0.0, "ratio": 0.0, "vulnClass": "none"}}, {"type": "Feature", "geometry": {"type": "MultiPolygon", "coordinates": [[[[72.3184708310612, 34.190125239715535], [72.31856589483303, 34.19008657112673], [72.31865395151655, 34.19023490010216], [72.318701537644, 34.190215566933134], [72.31859112583287, 34.190029787689355], [72.31840748581759, 34.19010438193437], [72.3184722685617, 34.19021343760549], [72.31851326169337, 34.19019675495724], [72.3184708310612, 34.190125239715535]]]]}, "properties": {"id": "Pakistan_123102310_571166", "height": 6.970004558563232, "hmax": 0.0, "ratio": 0.0, "vulnClass": "none"}}, {"type": "Feature", "geometry": {"type": "MultiPolygon", "coordinates": [[[[72.31864689372463, 34.19010835580277], [72.31865704420703, 34.19014409678998], [72.31875615900323, 34.19012480869242], [72.31874600848015, 34.190089067711455], [72.31864689372463, 34.19010835580277]]]]}, "properties": {"id": "Pakistan_123102310_110858", "height": 5.692021369934082, "hmax": 0.0, "ratio": 0.0, "vulnClass": "none"}}, {"type": "Feature", "geometry": {"type": "MultiPolygon", "coordinates": [[[[72.3185174694044, 34.19027969459834], [72.31847423388257, 34.19029182071642], [72.31849698543148, 34.19034758010557], [72.31854032938934, 34.19033545635173], [72.3185174694044, 34.19027969459834]]]]}, "properties": {"id": "Pakistan_123102310_689890", "height": 3.273940086364746, "hmax": 0.0, "ratio": 0.0, "vulnClass": "none"}}, {"type": "Feature", "geometry": {"type": "MultiPolygon", "coordinates": [[[[72.31853206152059, 34.19039441376178], [72.3185703812257, 34.19049297415068], [72.31873810282292, 34.19044832188205], [72.31869857331527, 34.190346850291334], [72.3186062338413, 34.19037142504607], [72.31860733219564, 34.1903744240086], [72.31853206152059, 34.19039441376178]]]]}, "properties": {"id": "Pakistan_123102310_348806", "height": 5.302482604980469, "hmax": 0.0, "ratio": 0.0, "vulnClass": "none"}}, {"type": "Feature", "geometry": {"type": "MultiPolygon", "coordinates": [[[[72.31886342742625, 34.19033107320239], [72.31890574155493, 34.190437113125284], [72.31915983403606, 34.190367935073034], [72.31911752246405, 34.190261805135975], [72.31886342742625, 34.19033107320239]]]]}, "properties": {"id": "Pakistan_123102310_817996", "height": 5.86770486831665, "hmax": 0.0, "ratio": 0.0, "vulnClass": "none"}}, {"type": "Feature", "geometry": {"type": "MultiPolygon", "coordinates": [[[[72.31914412913734, 34.19043565474756], [72.31909610357286, 34.1904380303243], [72.31909481971567, 34.190420332898825], [72.31901724392084, 34.190424045592486], [72.31902205404857, 34.19049140249178], [72.31914765549816, 34.190485314221256], [72.31914412913734, 34.19043565474756]]]]}, "properties": {"id": "Pakistan_123102310_817997", "height": 5.64671802520752, "hmax": 0.0, "ratio": 0.0, "vulnClass": "none"}}, {"type": "Feature", "geometry": {"type": "MultiPolygon", "coordinates": [[[[72.31936744944677, 34.190252214698354], [72.31931923292049, 34.190267477607115], [72.31934299207389, 34.19031884154494], [72.31939120862646, 34.19030357862813], [72.31936744944677, 34.190252214698354]]]]}, "properties": {"id": "Pakistan_123102310_36445", "height": 2.941568374633789, "hmax": 0.0, "ratio": 0.0, "vulnClass": "none"}}, {"type": "Feature", "geometry": {"type": "MultiPolygon", "coordinates": [[[[72.31923628498306, 34.19021130369255], [72.31924056153548, 34.190226993107466], [72.31929927098291, 34.19021610653846], [72.31929499727224, 34.19020032703768], [72.31923628498306, 34.19021130369255]]]]}, "properties": {"id": "Pakistan_123102310_500015", "height": 2.975374221801758, "hmax": 0.0, "ratio": 0.0, "vulnClass": "none"}}, {"type": "Feature", "geometry": {"type": "MultiPolygon", "coordinates": [[[[72.31911106016163, 34.19011643256632], [72.31904246268287, 34.19012782403037], [72.31906691503285, 34.19022923629226], [72.31930062310205, 34.19019053356761], [72.31930993228616, 34.190228870456515], [72.31938212730552, 34.19021692645038], [72.3193635117326, 34.190140162592485], [72.31912631475124, 34.19017942020306], [72.31911106016163, 34.19011643256632]]]]}, "properties": {"id": "Pakistan_123102310_140317", "height": 4.495565414428711, "hmax": 0.0, "ratio": 0.0, "vulnClass": "none"}}, {"type": "Feature", "geometry": {"type": "MultiPolygon", "coordinates": [[[[72.31911670859719, 34.19004425596291], [72.31902337106254, 34.19007295611081], [72.31903998918584, 34.19011001044127], [72.31913332675747, 34.19008131028256], [72.31911670859719, 34.19004425596291]]]]}, "properties": {"id": "Pakistan_123102310_320450", "height": 3.730547904968262, "hmax": 0.0, "ratio": 0.0, "vulnClass": "none"}}, {"type": "Feature", "geometry": {"type": "MultiPolygon", "coordinates": [[[[72.3194202262778, 34.19003809092827], [72.31936486903318, 34.190039044225905], [72.31936606753827, 34.19008342411665], [72.31942131640254, 34.19008246844969], [72.3194202262778, 34.19003809092827]]]]}, "properties": {"id": "Pakistan_123102310_566349", "height": 3.721953868865967, "hmax": 0.0, "ratio": 0.0, "vulnClass": "none"}}, {"type": "Feature", "geometry": {"type": "MultiPolygon", "coordinates": [[[[72.31974548110355, 34.19012660684704], [72.31973683283438, 34.19001941000152], [72.31966304318166, 34.19002347633156], [72.31967179976655, 34.190130675547756], [72.31974548110355, 34.19012660684704]]]]}, "properties": {"id": "Pakistan_123102310_737579", "height": 3.241883277893066, "hmax": 0.0, "ratio": 0.0, "vulnClass": "none"}}, {"type": "Feature", "geometry": {"type": "MultiPolygon", "coordinates": [[[[72.31966722496472, 34.19025119593927], [72.3196624653811, 34.19015481192713], [72.3195661378284, 34.19015802488841], [72.31957078604019, 34.19025449661643], [72.31966722496472, 34.19025119593927]]]]}, "properties": {"id": "Pakistan_123102310_799009", "height": 3.153667688369751, "hmax": 0.0, "ratio": 0.0, "vulnClass": "none"}}, {"type": "Feature", "geometry": {"type": "MultiPolygon", "coordinates": [[[[72.31941763207905, 34.19030505783154], [72.3195634202187, 34.19029183789042], [72.31955929467387, 34.190261096774485], [72.3195063080608, 34.190265978399545], [72.31950693002544, 34.19027031918631], [72.31946188583534, 34.19027447293535], [72.31946021109803, 34.190262266101705], [72.31941255652188, 34.19026663321128], [72.31941763207905, 34.19030505783154]]]]}, "properties": {"id": "Pakistan_123102310_320453", "height": 3.991134643554688, "hmax": 0.0, "ratio": 0.0, "vulnClass": "none"}}, {"type": "Feature", "geometry": {"type": "MultiPolygon", "coordinates": [[[[72.31934802768946, 34.1903619530817], [72.31935696893747, 34.190408485551465], [72.31948094118312, 34.19039217439032], [72.31947200271959, 34.19034555183893], [72.31934802768946, 34.1903619530817]]]]}, "properties": {"id": "Pakistan_123102310_64523", "height": 3.571626663208008, "hmax": 0.0, "ratio": 0.0, "vulnClass": "none"}}, {"type": "Feature", "geometry": {"type": "MultiPolygon", "coordinates": [[[[72.31969773577768, 34.190449110649105], [72.31969360440578, 34.1904116983261], [72.31962280710576, 34.19041718228538], [72.31961959162798, 34.190388534511584], [72.31969832563951, 34.19038250285999], [72.31969740977112, 34.19037373830993], [72.31977451191521, 34.19036785123409], [72.31976961300951, 34.19032384120011], [72.3195089447626, 34.19034374514761], [72.31952221452799, 34.190462582206166], [72.31969773577768, 34.190449110649105]]]]}, "properties": {"id": "Pakistan_123102310_594864", "height": 4.395319938659668, "hmax": 0.0, "ratio": 0.0, "vulnClass": "none"}}, {"type": "Feature", "geometry": {"type": "MultiPolygon", "coordinates": [[[[72.31977004599295, 34.190265613908146], [72.31976830816062, 34.19022798346049], [72.31973356002901, 34.19022902684396], [72.31973518658423, 34.1902667450089], [72.31977004599295, 34.190265613908146]]]]}, "properties": {"id": "Pakistan_123102310_780172", "height": 4.323283195495605, "hmax": 0.0, "ratio": 0.0, "vulnClass": "none"}}, {"type": "Feature", "geometry": {"type": "MultiPolygon", "coordinates": [[[[72.31982105179759, 34.19042611371383], [72.32055459990252, 34.19047153571627], [72.32056513609093, 34.190354571234984], [72.32050114567191, 34.190350648583454], [72.32050568075665, 34.19029990320864], [72.32047103237966, 34.19029779373822], [72.32047938952016, 34.19020512208767], [72.32030074163103, 34.19019400570293], [72.32029774097758, 34.19022711524484], [72.32016965482549, 34.19021917718249], [72.32016747560975, 34.19024346999456], [72.3200821571091, 34.190238179456294], [72.32007951291273, 34.19026687944223], [72.32003414626176, 34.190264084820896], [72.32003629414915, 34.19024078297513], [72.31989229175797, 34.190231865672835], [72.319886321494, 34.190297093758744], [72.31983305233292, 34.19029376571885], [72.31982105179759, 34.19042611371383]]]]}, "properties": {"id": "Pakistan_123102310_16276", "height": 5.465138912200928, "hmax": 0.0, "ratio": 0.0, "vulnClass": "none"}}, {"type": "Feature", "geometry": {"type": "MultiPolygon", "coordinates": [[[[72.32012519444507, 34.18997182602131], [72.32004906840814, 34.18998116035613], [72.32005505709719, 34.19001473682892], [72.32013118601566, 34.19000531240434], [72.32012519444507, 34.18997182602131]]]]}, "properties": {"id": "Pakistan_123102310_756551", "height": 5.862173080444336, "hmax": 0.0, "ratio": 0.0, "vulnClass": "none"}}, {"type": "Feature", "geometry": {"type": "MultiPolygon", "coordinates": [[[[72.3202136654537, 34.189997469130034], [72.32020854294485, 34.18990224913544], [72.32014152895115, 34.18990475100453], [72.32014675979376, 34.18999997336786], [72.3202136654537, 34.189997469130034]]]]}, "properties": {"id": "Pakistan_123102310_860410", "height": 3.895745754241943, "hmax": 0.0, "ratio": 0.0, "vulnClass": "none"}}, {"type": "Feature", "geometry": {"type": "MultiPolygon", "coordinates": [[[[72.32035640213319, 34.18976872351056], [72.32035870540649, 34.18982277358017], [72.3204220106148, 34.189820911733534], [72.32041930774521, 34.18975891974828], [72.32036143159318, 34.189760629799586], [72.32035999027158, 34.18972733302225], [72.3202715998684, 34.189729998823246], [72.32027333513923, 34.18977114505779], [72.32035640213319, 34.18976872351056]]]]}, "properties": {"id": "Pakistan_123102310_205328", "height": 5.758055210113525, "hmax": 0.0, "ratio": 0.0, "vulnClass": "none"}}, {"type": "Feature", "geometry": {"type": "MultiPolygon", "coordinates": [[[[72.32011644772199, 34.18980260397865], [72.32011910738086, 34.18985224449844], [72.32012442798698, 34.18985209034353], [72.3201265311841, 34.189891892372735], [72.32021754353623, 34.18988865293943], [72.32021278343196, 34.18979912030187], [72.32011644772199, 34.18980260397865]]]]}, "properties": {"id": "Pakistan_123102310_121303", "height": 5.235076904296875, "hmax": 0.0, "ratio": 0.0, "vulnClass": "none"}}, {"type": "Feature", "geometry": {"type": "MultiPolygon", "coordinates": [[[[72.3201530889387, 34.19009134329486], [72.32014604731474, 34.19004647508785], [72.32005896329986, 34.19005584036483], [72.3200465093056, 34.18997632648036], [72.32013250344221, 34.18996711768784], [72.32012761312879, 34.189936540168716], [72.31993874731286, 34.189956932658646], [72.31996324424055, 34.190111804567685], [72.3201530889387, 34.19009134329486]]]]}, "properties": {"id": "Pakistan_123102310_613803", "height": 5.917752265930176, "hmax": 0.0, "ratio": 0.0, "vulnClass": "none"}}, {"type": "Feature", "geometry": {"type": "MultiPolygon", "coordinates": [[[[72.31938974847321, 34.18996593581426], [72.31938459590397, 34.18992651786078], [72.31934217083092, 34.18993018793465], [72.3193473205281, 34.18996969597637], [72.31938974847321, 34.18996593581426]]]]}, "properties": {"id": "Pakistan_123102310_405482", "height": 3.338177442550659, "hmax": 0.0, "ratio": 0.0, "vulnClass": "none"}}, {"type": "Feature", "geometry": {"type": "MultiPolygon", "coordinates": [[[[72.31951248145766, 34.189896228841555], [72.31952237298641, 34.18996757326683], [72.31948788174036, 34.18997078579392], [72.31948974477609, 34.18998389824204], [72.31944730826741, 34.18998792870081], [72.31945128825062, 34.19001641289348], [72.3195519376934, 34.19000689387001], [72.31955650830606, 34.19004070980929], [72.31947185205031, 34.19004877549597], [72.31948525280788, 34.19014634007799], [72.31963617299142, 34.19013206029553], [72.31962346251099, 34.190040100102195], [72.31963140491833, 34.190039372237095], [72.31962673442219, 34.19000528366692], [72.31962945321247, 34.19000507265428], [72.31962185831722, 34.18995027585294], [72.31971195204288, 34.189941788028065], [72.31969854248266, 34.18984449371937], [72.31938604479376, 34.18987390207108], [72.31939072374537, 34.18990772038389], [72.31951248145766, 34.189896228841555]]]]}, "properties": {"id": "Pakistan_123102310_495401", "height": 5.092371463775635, "hmax": 0.0, "ratio": 0.0, "vulnClass": "none"}}, {"type": "Feature", "geometry": {"type": "MultiPolygon", "coordinates": [[[[72.31981625661162, 34.18975511420982], [72.31983698947629, 34.18984039837419], [72.31998901583913, 34.18981514404668], [72.31998288465417, 34.189789497637676], [72.31992453787095, 34.189799220525416], [72.31991004734178, 34.189739495065744], [72.31981625661162, 34.18975511420982]]]]}, "properties": {"id": "Pakistan_123102310_642196", "height": 6.122148990631104, "hmax": 0.0, "ratio": 0.0, "vulnClass": "none"}}, {"type": "Feature", "geometry": {"type": "MultiPolygon", "coordinates": [[[[72.31990605892877, 34.1897318353004], [72.31989080064136, 34.18964495796944], [72.31979007180102, 34.18965699974257], [72.3198052187246, 34.18974396479875], [72.31990605892877, 34.1897318353004]]]]}, "properties": {"id": "Pakistan_123102310_471771", "height": 6.611040115356445, "hmax": 0.0, "ratio": 0.0, "vulnClass": "none"}}, {"type": "Feature", "geometry": {"type": "MultiPolygon", "coordinates": [[[[72.31936010442739, 34.18957620126813], [72.31943557753871, 34.18965601120937], [72.31954976280446, 34.189582150715424], [72.31950735460116, 34.18953732063845], [72.31947246429318, 34.189559996793776], [72.31943929378396, 34.18952492453042], [72.31936010442739, 34.18957620126813]]]]}, "properties": {"id": "Pakistan_123102310_26873", "height": 2.747055530548096, "hmax": 0.0, "ratio": 0.0, "vulnClass": "none"}}, {"type": "Feature", "geometry": {"type": "MultiPolygon", "coordinates": [[[[72.31979653165908, 34.18973737426501], [72.31978265416004, 34.18964115152965], [72.31994404055132, 34.189625206988126], [72.31992286172856, 34.18947861123138], [72.31979858558233, 34.189490859495024], [72.31981530763674, 34.189606887215284], [72.3196645881175, 34.18962171252992], [72.31966546401672, 34.18962831261219], [72.31944868925767, 34.18964962678562], [72.31946566762113, 34.189767823738116], [72.31939950392432, 34.1897743103828], [72.319411261199, 34.18985525148275], [72.3194958174099, 34.189846913196426], [72.31948453364876, 34.18976814604936], [72.31979653165908, 34.18973737426501]]]]}, "properties": {"id": "Pakistan_123102310_685198", "height": 5.486555576324463, "hmax": 0.108, "ratio": 0.02, "vulnClass": "low"}}, {"type": "Feature", "geometry": {"type": "MultiPolygon", "coordinates": [[[[72.31999410831187, 34.18962341660362], [72.31999925329706, 34.18971106451274], [72.32007409539797, 34.18970801262419], [72.32006905589243, 34.18962045717152], [72.31999410831187, 34.18962341660362]]]]}, "properties": {"id": "Pakistan_123102310_271430", "height": 4.16841459274292, "hmax": 0.0, "ratio": 0.0, "vulnClass": "none"}}, {"type": "Feature", "geometry": {"type": "MultiPolygon", "coordinates": [[[[72.32029195606987, 34.18946729645958], [72.32029768809903, 34.18950212941192], [72.32040829616459, 34.189489852375104], [72.32040267534987, 34.18945493170754], [72.32029195606987, 34.18946729645958]]]]}, "properties": {"id": "Pakistan_123102310_344062", "height": 3.02145528793335, "hmax": 0.0, "ratio": 0.0, "vulnClass": "none"}}, {"type": "Feature", "geometry": {"type": "MultiPolygon", "coordinates": [[[[72.32050000623187, 34.18944741280202], [72.32049653275138, 34.18937206180154], [72.3202779412291, 34.18937882364516], [72.32028130610561, 34.18945417227314], [72.32050000623187, 34.18944741280202]]]]}, "properties": {"id": "Pakistan_123102310_884164", "height": 3.375644445419312, "hmax": 0.0, "ratio": 0.0, "vulnClass": "none"}}, {"type": "Feature", "geometry": {"type": "MultiPolygon", "coordinates": [[[[72.31988140527436, 34.18936258374806], [72.3198456761176, 34.189363786027805], [72.31984752240172, 34.18940141884964], [72.31988335998304, 34.189400218939845], [72.31988140527436, 34.18936258374806]]]]}, "properties": {"id": "Pakistan_123102310_26877", "height": 3.498815536499023, "hmax": 0.108, "ratio": 0.031, "vulnClass": "low"}}, {"type": "Feature", "geometry": {"type": "MultiPolygon", "coordinates": [[[[72.31988078760736, 34.18904280892547], [72.3199592181892, 34.18905317770298], [72.31996763630649, 34.18900999965657], [72.31988920861453, 34.18899954079879], [72.31988078760736, 34.18904280892547]]]]}, "properties": {"id": "Pakistan_123102310_471770", "height": 2.999502182006836, "hmax": 0.0, "ratio": 0.0, "vulnClass": "none"}}, {"type": "Feature", "geometry": {"type": "MultiPolygon", "coordinates": [[[[72.31989361521038, 34.18913107552569], [72.31989517341076, 34.189170955795994], [72.31995152288154, 34.18916948303341], [72.3199498590978, 34.18912951030545], [72.31989361521038, 34.18913107552569]]]]}, "properties": {"id": "Pakistan_123102310_566353", "height": 3.582228183746338, "hmax": 0.0, "ratio": 0.0, "vulnClass": "none"}}, {"type": "Feature", "geometry": {"type": "MultiPolygon", "coordinates": [[[[72.31966975833939, 34.18917053572523], [72.31985743880361, 34.189173827090144], [72.31985852519456, 34.189132652381886], [72.31967084482143, 34.18912936102295], [72.31966975833939, 34.18917053572523]]]]}, "properties": {"id": "Pakistan_123102310_761328", "height": 4.632030487060547, "hmax": 0.0, "ratio": 0.0, "vulnClass": "none"}}, {"type": "Feature", "geometry": {"type": "MultiPolygon", "coordinates": [[[[72.31968530157958, 34.18899823866414], [72.31968241494974, 34.18903802176809], [72.31974209365269, 34.18904103921899], [72.31974508866286, 34.18900125848214], [72.31968530157958, 34.18899823866414]]]]}, "properties": {"id": "Pakistan_123102310_186576", "height": 3.41703724861145, "hmax": 0.0, "ratio": 0.0, "vulnClass": "none"}}, {"type": "Feature", "geometry": {"type": "MultiPolygon", "coordinates": [[[[72.31946444898858, 34.18903190443476], [72.31947723271057, 34.18904615713491], [72.31940100791535, 34.18909290108783], [72.31945559765113, 34.18915386387956], [72.31962430548172, 34.189050544357315], [72.31955693480238, 34.18897523885885], [72.31946444898858, 34.18903190443476]]]]}, "properties": {"id": "Pakistan_123102310_704159", "height": 4.48647403717041, "hmax": 0.0, "ratio": 0.0, "vulnClass": "none"}}, {"type": "Feature", "geometry": {"type": "MultiPolygon", "coordinates": [[[[72.31936472460804, 34.18937202288621], [72.31944515286827, 34.189439230036626], [72.31960786144771, 34.189306120115994], [72.3195836576355, 34.18928593833098], [72.31962029652135, 34.18925599823297], [72.31948353834326, 34.189141673463375], [72.31944689946414, 34.18917161352103], [72.31952732476176, 34.189238910700944], [72.31936472460804, 34.18937202288621]]]]}, "properties": {"id": "Pakistan_123102310_462290", "height": 3.541795492172241, "hmax": 0.0, "ratio": 0.0, "vulnClass": "none"}}, {"type": "Feature", "geometry": {"type": "MultiPolygon", "coordinates": [[[[72.31978133767157, 34.18929548846132], [72.31973053117062, 34.189293205874], [72.31972814662001, 34.18933083635854], [72.31977895314336, 34.189333118947914], [72.31978133767157, 34.18929548846132]]]]}, "properties": {"id": "Pakistan_123102310_504825", "height": 4.736727237701416, "hmax": 0.108, "ratio": 0.023, "vulnClass": "low"}}, {"type": "Feature", "geometry": {"type": "MultiPolygon", "coordinates": [[[[72.3197250741473, 34.189335366832154], [72.31972491662606, 34.18928208486338], [72.3196578688693, 34.18928224184739], [72.31965802634829, 34.189335523814236], [72.3197250741473, 34.189335366832154]]]]}, "properties": {"id": "Pakistan_123102310_509722", "height": 4.348265647888184, "hmax": 0.108, "ratio": 0.025, "vulnClass": "low"}}, {"type": "Feature", "geometry": {"type": "MultiPolygon", "coordinates": [[[[72.31965260021865, 34.18933558549303], [72.31965074662878, 34.18940784510014], [72.31975537805356, 34.18940959151361], [72.31975635328527, 34.189371930220645], [72.31984211587718, 34.18937344438021], [72.31984299411124, 34.189338846057986], [72.31965260021865, 34.18933558549303]]]]}, "properties": {"id": "Pakistan_123102310_457409", "height": 4.636711597442627, "hmax": 0.108, "ratio": 0.023, "vulnClass": "low"}}, {"type": "Feature", "geometry": {"type": "MultiPolygon", "coordinates": [[[[72.31984832781595, 34.18947193359203], [72.31985169330405, 34.18940331301915], [72.3197606642879, 34.18940024134399], [72.31975729872643, 34.18946886191089], [72.31984832781595, 34.18947193359203]]]]}, "properties": {"id": "Pakistan_123102310_252634", "height": 4.314445495605469, "hmax": 0.108, "ratio": 0.025, "vulnClass": "low"}}, {"type": "Feature", "geometry": {"type": "MultiPolygon", "coordinates": [[[[72.31965905990552, 34.18941253432644], [72.31966011879929, 34.18945790281716], [72.31974683714742, 34.18945664329608], [72.31974653168413, 34.18943887711033], [72.31971060564146, 34.18943944399723], [72.31971006899339, 34.189411846430886], [72.31965905990552, 34.18941253432644]]]]}, "properties": {"id": "Pakistan_123102310_121297", "height": 3.576641321182251, "hmax": 0.108, "ratio": 0.03, "vulnClass": "low"}}, {"type": "Feature", "geometry": {"type": "MultiPolygon", "coordinates": [[[[72.31965220160743, 34.18940986020284], [72.31961299480062, 34.18941125683814], [72.31961767723769, 34.18949979614111], [72.31965688408565, 34.18949839950627], [72.31965220160743, 34.18940986020284]]]]}, "properties": {"id": "Pakistan_123102310_585526", "height": 2.505437612533569, "hmax": 0.108, "ratio": 0.043, "vulnClass": "low"}}, {"type": "Feature", "geometry": {"type": "MultiPolygon", "coordinates": [[[[72.31951140547287, 34.189515592952844], [72.31941291842722, 34.189439697245106], [72.31933802279615, 34.189506122857225], [72.31937392338976, 34.18953377240433], [72.31941723523269, 34.18949523373744], [72.31947981883376, 34.18954357002344], [72.31951140547287, 34.189515592952844]]]]}, "properties": {"id": "Pakistan_123102310_926680", "height": 3.345243692398071, "hmax": 0.0, "ratio": 0.0, "vulnClass": "none"}}, {"type": "Feature", "geometry": {"type": "MultiPolygon", "coordinates": [[[[72.31911193030953, 34.18939345046058], [72.31919103472362, 34.18947505279029], [72.319251982969, 34.18943455590494], [72.3191728756762, 34.18935304370049], [72.31911193030953, 34.18939345046058]]]]}, "properties": {"id": "Pakistan_123102310_590172", "height": 4.168519973754883, "hmax": 0.0, "ratio": 0.0, "vulnClass": "none"}}, {"type": "Feature", "geometry": {"type": "MultiPolygon", "coordinates": [[[[72.31912123930012, 34.18942151028517], [72.3190187250696, 34.18953105443782], [72.31908634944294, 34.18957436260588], [72.31918897205476, 34.18946482076603], [72.31912123930012, 34.18942151028517]]]]}, "properties": {"id": "Pakistan_123102310_205312", "height": 3.28983736038208, "hmax": 0.0, "ratio": 0.0, "vulnClass": "none"}}, {"type": "Feature", "geometry": {"type": "MultiPolygon", "coordinates": [[[[72.31848413652757, 34.1894174044335], [72.31855150942363, 34.189478917639065], [72.31864584783283, 34.189408320087246], [72.31857847777034, 34.189346716844966], [72.31848413652757, 34.1894174044335]]]]}, "properties": {"id": "Pakistan_123102310_243216", "height": 3.376775503158569, "hmax": 0.0, "ratio": 0.0, "vulnClass": "none"}}, {"type": "Feature", "geometry": {"type": "MultiPolygon", "coordinates": [[[[72.31927492016518, 34.189015049595724], [72.31908715793067, 34.1891376947933], [72.31914585271055, 34.18919919822602], [72.31933361500879, 34.189076552942026], [72.31927492016518, 34.189015049595724]]]]}, "properties": {"id": "Pakistan_123102310_281028", "height": 6.242292404174805, "hmax": 0.0, "ratio": 0.0, "vulnClass": "none"}}, {"type": "Feature", "geometry": {"type": "MultiPolygon", "coordinates": [[[[72.31933851141285, 34.18920629537899], [72.31926772614318, 34.18914975637465], [72.3190492842448, 34.189336818849014], [72.31912006950772, 34.189393357978524], [72.31933851141285, 34.18920629537899]]]]}, "properties": {"id": "Pakistan_123102310_784922", "height": 5.948010921478271, "hmax": 0.0, "ratio": 0.0, "vulnClass": "none"}}, {"type": "Feature", "geometry": {"type": "MultiPolygon", "coordinates": [[[[72.31930346161487, 34.18925457053939], [72.31934550724553, 34.18929713901066], [72.31947731685875, 34.18920797783741], [72.31943527119988, 34.189165409409775], [72.31930346161487, 34.18925457053939]]]]}, "properties": {"id": "Pakistan_123102310_718562", "height": 4.618000030517578, "hmax": 0.0, "ratio": 0.0, "vulnClass": "none"}}, {"type": "Feature", "geometry": {"type": "MultiPolygon", "coordinates": [[[[72.31929990354028, 34.189168219408], [72.31935925738357, 34.189212338244765], [72.31943658330994, 34.18914109765475], [72.31937722947117, 34.18909697885547], [72.31929990354028, 34.189168219408]]]]}, "properties": {"id": "Pakistan_123102310_168775", "height": 5.186711311340332, "hmax": 0.0, "ratio": 0.0, "vulnClass": "none"}}, {"type": "Feature", "geometry": {"type": "MultiPolygon", "coordinates": [[[[72.31914474504829, 34.18904231339783], [72.31917264602329, 34.18907249257936], [72.31921891900808, 34.1890432139991], [72.3191910180248, 34.18901303482762], [72.31914474504829, 34.18904231339783]]]]}, "properties": {"id": "Pakistan_123102310_348810", "height": 5.615459442138672, "hmax": 0.0, "ratio": 0.0, "vulnClass": "none"}}, {"type": "Feature", "geometry": {"type": "MultiPolygon", "coordinates": [[[[72.31912245842868, 34.18899927540215], [72.31916559359651, 34.189034836071535], [72.31927555873814, 34.18894348463181], [72.31923242356535, 34.18890792400069], [72.31912245842868, 34.18899927540215]]]]}, "properties": {"id": "Pakistan_123102310_940934", "height": 5.349902153015137, "hmax": 0.0, "ratio": 0.0, "vulnClass": "none"}}, {"type": "Feature", "geometry": {"type": "MultiPolygon", "coordinates": [[[[72.31934708796811, 34.18893540250024], [72.31927552413049, 34.18888632891384], [72.31924382072312, 34.18891799951774], [72.31931549582681, 34.1889669854056], [72.31934708796811, 34.18893540250024]]]]}, "properties": {"id": "Pakistan_123102310_945572", "height": 5.272915840148926, "hmax": 0.0, "ratio": 0.0, "vulnClass": "none"}}, {"type": "Feature", "geometry": {"type": "MultiPolygon", "coordinates": [[[[72.31957316249527, 34.18876419236589], [72.31951931759582, 34.1887139737365], [72.31947733557254, 34.18874478864592], [72.31953118046415, 34.18879500729329], [72.31957316249527, 34.18876419236589]]]]}, "properties": {"id": "Pakistan_123102310_196987", "height": 3.258849143981934, "hmax": 0.0, "ratio": 0.0, "vulnClass": "none"}}, {"type": "Feature", "geometry": {"type": "MultiPolygon", "coordinates": [[[[72.31986212374359, 34.18900183354057], [72.31986683766834, 34.18886662173777], [72.31975431879262, 34.18886389166846], [72.3197494962807, 34.188999101088626], [72.31986212374359, 34.18900183354057]]]]}, "properties": {"id": "Pakistan_123102310_334594", "height": 3.366052865982056, "hmax": 0.0, "ratio": 0.0, "vulnClass": "none"}}, {"type": "Feature", "geometry": {"type": "MultiPolygon", "coordinates": [[[[72.32014744354356, 34.18873076928062], [72.32014285589304, 34.1888825714324], [72.32045486837006, 34.18888893991523], [72.32045665587088, 34.18882902935353], [72.32037089949176, 34.18882733547472], [72.32037089949176, 34.18882733547472], [72.32022877100304, 34.18882440946916], [72.32023016804197, 34.18877684090417], [72.32035885387526, 34.18877947311601], [72.32036025660766, 34.18873515006505], [72.32014744354356, 34.18873076928062]]]]}, "properties": {"id": "Pakistan_123102310_661400", "height": 2.603614807128906, "hmax": 0.0, "ratio": 0.0, "vulnClass": "none"}}, {"type": "Feature", "geometry": {"type": "MultiPolygon", "coordinates": [[[[72.32015488673689, 34.187919763956465], [72.32001322565094, 34.18779244121248], [72.3198927274333, 34.18788419419772], [72.32003438847245, 34.18801151707803], [72.32015488673689, 34.187919763956465]]]]}, "properties": {"id": "Pakistan_123102310_846281", "height": 3.190642595291138, "hmax": 0.0, "ratio": 0.0, "vulnClass": "none"}}, {"type": "Feature", "geometry": {"type": "MultiPolygon", "coordinates": [[[[72.31815588445298, 34.191841563161525], [72.31815652046713, 34.19186258195774], [72.3182476005261, 34.19186069777399], [72.31824573236666, 34.1917963801611], [72.31821620447643, 34.19179699638175], [72.31821754499549, 34.191840297568696], [72.31815588445298, 34.191841563161525]]]]}, "properties": {"id": "Pakistan_123102310_836834", "height": 3.618043422698975, "hmax": 0.0, "ratio": 0.0, "vulnClass": "none"}}, {"type": "Feature", "geometry": {"type": "MultiPolygon", "coordinates": [[[[72.31835812377518, 34.19179640443603], [72.31835580387, 34.19186621972919], [72.31848329311394, 34.19186909830885], [72.31848628060953, 34.191778202575655], [72.31839630189009, 34.191776144440254], [72.31839563417252, 34.191797224871365], [72.31835812377518, 34.19179640443603]]]]}, "properties": {"id": "Pakistan_123102310_628045", "height": 2.663126468658447, "hmax": 0.0, "ratio": 0.0, "vulnClass": "none"}}, {"type": "Feature", "geometry": {"type": "MultiPolygon", "coordinates": [[[[72.31806401497694, 34.19176220511599], [72.318059300936, 34.19185964398873], [72.31815575302453, 34.19186283561984], [72.3181604698088, 34.19176530665087], [72.31806401497694, 34.19176220511599]]]]}, "properties": {"id": "Pakistan_123102310_723300", "height": 3.437300205230713, "hmax": 0.0, "ratio": 0.0, "vulnClass": "none"}}, {"type": "Feature", "geometry": {"type": "MultiPolygon", "coordinates": [[[[72.31790678254663, 34.19165031549076], [72.31791039248368, 34.191567186276636], [72.31782736947315, 34.191564738993094], [72.31782375945497, 34.191647868200924], [72.31790678254663, 34.19165031549076]]]]}, "properties": {"id": "Pakistan_123102310_296608", "height": 3.156644344329834, "hmax": 0.0, "ratio": 0.0, "vulnClass": "none"}}, {"type": "Feature", "geometry": {"type": "MultiPolygon", "coordinates": [[[[72.31776101438822, 34.191690218139314], [72.31776569951343, 34.1916450654831], [72.31760334231414, 34.191633309838366], [72.31759854869246, 34.19167846011248], [72.31776101438822, 34.191690218139314]]]]}, "properties": {"id": "Pakistan_123102310_490628", "height": 2.574050426483154, "hmax": 0.23, "ratio": 0.089, "vulnClass": "low"}}, {"type": "Feature", "geometry": {"type": "MultiPolygon", "coordinates": [[[[72.3190973113383, 34.19192444581611], [72.31909459517514, 34.191842350158105], [72.3190489966582, 34.191843426519995], [72.31905171562981, 34.19192543208953], [72.3190973113383, 34.19192444581611]]]]}, "properties": {"id": "Pakistan_123102310_670874", "height": 4.570751667022705, "hmax": 0.0, "ratio": 0.0, "vulnClass": "none"}}, {"type": "Feature", "geometry": {"type": "MultiPolygon", "coordinates": [[[[72.31908204778549, 34.191755532038634], [72.3190796512408, 34.191714731950675], [72.31897798122472, 34.191718729078715], [72.31897327382511, 34.191637851972494], [72.3189251534288, 34.19163977464172], [72.3189353840819, 34.191816872151065], [72.31898089699442, 34.191815072761344], [72.31897765887263, 34.191759740161714], [72.31908204778549, 34.191755532038634]]]]}, "properties": {"id": "Pakistan_123102310_102579", "height": 3.646880149841309, "hmax": 0.0, "ratio": 0.0, "vulnClass": "none"}}, {"type": "Feature", "geometry": {"type": "MultiPolygon", "coordinates": [[[[72.31882321958345, 34.192652361072156], [72.31913225281937, 34.19264018743102], [72.319123274262, 34.19248520400771], [72.31881423874094, 34.19249746774063], [72.31882321958345, 34.192652361072156]]]]}, "properties": {"id": "Pakistan_123102310_528523", "height": 3.037922382354736, "hmax": 0.132, "ratio": 0.043, "vulnClass": "low"}}, {"type": "Feature", "geometry": {"type": "MultiPolygon", "coordinates": [[[[72.31891234894323, 34.1928148668583], [72.31891197525252, 34.19276158019788], [72.31887171985444, 34.19276178167771], [72.31887209351979, 34.19281506833705], [72.31891234894323, 34.1928148668583]]]]}, "properties": {"id": "Pakistan_123102310_121287", "height": 3.010850429534912, "hmax": 0.0, "ratio": 0.0, "vulnClass": "none"}}, {"type": "Feature", "geometry": {"type": "MultiPolygon", "coordinates": [[[[72.31886711793379, 34.19281802461916], [72.31887099215294, 34.19289780169925], [72.31912273287183, 34.19288942357528], [72.31911885556173, 34.192809736579136], [72.31886711793379, 34.19281802461916]]]]}, "properties": {"id": "Pakistan_123102310_466980", "height": 3.656743288040161, "hmax": 0.0, "ratio": 0.0, "vulnClass": "none"}}, {"type": "Feature", "geometry": {"type": "MultiPolygon", "coordinates": [[[[72.31898671157302, 34.19316275810775], [72.31898453185133, 34.19326926741593], [72.31910522745686, 34.19327091504349], [72.31910620027693, 34.19322306681094], [72.31903647046495, 34.193222173079576], [72.31903757170278, 34.19316341953956], [72.31898671157302, 34.19316275810775]]]]}, "properties": {"id": "Pakistan_123102310_36441", "height": 4.256895065307617, "hmax": 0.145, "ratio": 0.034, "vulnClass": "low"}}, {"type": "Feature", "geometry": {"type": "MultiPolygon", "coordinates": [[[[72.31903851033458, 34.193164612011266], [72.31904144035663, 34.193191991449574], [72.31909994364581, 34.193187681455726], [72.31909701645768, 34.193160211930554], [72.31903851033458, 34.193164612011266]]]]}, "properties": {"id": "Pakistan_123102310_396054", "height": 4.311316013336182, "hmax": 0.145, "ratio": 0.034, "vulnClass": "low"}}, {"type": "Feature", "geometry": {"type": "MultiPolygon", "coordinates": [[[[72.31907433515696, 34.193047389401855], [72.31912519807344, 34.193047960706686], [72.3191278368475, 34.19289269042158], [72.31907686561118, 34.19289211675162], [72.31907433515696, 34.193047389401855]]]]}, "properties": {"id": "Pakistan_123102310_799005", "height": 3.866842746734619, "hmax": 0.145, "ratio": 0.037, "vulnClass": "low"}}, {"type": "Feature", "geometry": {"type": "MultiPolygon", "coordinates": [[[[72.31912631360632, 34.19306069621131], [72.31889204117137, 34.193069005585215], [72.31889561871468, 34.1931375976095], [72.31912978292685, 34.19312928586723], [72.31912631360632, 34.19306069621131]]]]}, "properties": {"id": "Pakistan_123102310_912584", "height": 4.472163200378418, "hmax": 0.145, "ratio": 0.032, "vulnClass": "low"}}, {"type": "Feature", "geometry": {"type": "MultiPolygon", "coordinates": [[[[72.31897893434457, 34.19315483516159], [72.31878727667257, 34.19315695437941], [72.31878888833756, 34.1932567853638], [72.31898065464955, 34.193254668524986], [72.31897893434457, 34.19315483516159]]]]}, "properties": {"id": "Pakistan_123102310_594858", "height": 3.606055021286011, "hmax": 0.211, "ratio": 0.059, "vulnClass": "low"}}, {"type": "Feature", "geometry": {"type": "MultiPolygon", "coordinates": [[[[72.31844407837399, 34.19339826159868], [72.31847083370693, 34.193399567989886], [72.31847685691656, 34.19331559005106], [72.3184501016099, 34.193314283662424], [72.31844407837399, 34.19339826159868]]]]}, "properties": {"id": "Pakistan_123102310_500012", "height": 2.985790014266968, "hmax": 0.332, "ratio": 0.111, "vulnClass": "low"}}, {"type": "Feature", "geometry": {"type": "MultiPolygon", "coordinates": [[[[72.31844208700223, 34.19339605445015], [72.31844033875862, 34.19330397336099], [72.31824064107302, 34.19330645675888], [72.31824228068531, 34.193398535469115], [72.31844208700223, 34.19339605445015]]]]}, "properties": {"id": "Pakistan_123102310_452657", "height": 4.818487167358398, "hmax": 0.332, "ratio": 0.069, "vulnClass": "low"}}, {"type": "Feature", "geometry": {"type": "MultiPolygon", "coordinates": [[[[72.31816797756365, 34.193384469497076], [72.31822809287176, 34.19338749731258], [72.31823229871847, 34.193330073801164], [72.31817218345073, 34.19332704598961], [72.31816797756365, 34.193384469497076]]]]}, "properties": {"id": "Pakistan_123102310_907791", "height": 3.698354244232178, "hmax": 0.358, "ratio": 0.097, "vulnClass": "low"}}, {"type": "Feature", "geometry": {"type": "MultiPolygon", "coordinates": [[[[72.31792545604513, 34.193409995440746], [72.3179278303967, 34.19335902265669], [72.31785012074566, 34.19335660143115], [72.31784774920179, 34.19340748412424], [72.31792545604513, 34.193409995440746]]]]}, "properties": {"id": "Pakistan_123102310_320441", "height": 2.611155033111572, "hmax": 0.411, "ratio": 0.157, "vulnClass": "low"}}, {"type": "Feature", "geometry": {"type": "MultiPolygon", "coordinates": [[[[72.31813481554791, 34.19327718714902], [72.31784857303622, 34.193251362881604], [72.31783844101513, 34.193328038910344], [72.31793644955816, 34.193336944237835], [72.31792717643627, 34.193407058136806], [72.31798819040515, 34.19341253977158], [72.3179954576399, 34.193357797584284], [72.31812267796472, 34.193369234935076], [72.31813481554791, 34.19327718714902]]]]}, "properties": {"id": "Pakistan_123102310_339307", "height": 3.689303874969482, "hmax": 0.405, "ratio": 0.11, "vulnClass": "low"}}, {"type": "Feature", "geometry": {"type": "MultiPolygon", "coordinates": [[[[72.317733774861, 34.19323821372904], [72.31765203976931, 34.1932361550608], [72.31764653963229, 34.19338577335435], [72.31772827486792, 34.19338783203307], [72.317733774861, 34.19323821372904]]]]}, "properties": {"id": "Pakistan_123102310_140297", "height": 2.673572063446045, "hmax": 0.448, "ratio": 0.167, "vulnClass": "low"}}, {"type": "Feature", "geometry": {"type": "MultiPolygon", "coordinates": [[[[72.31852886625794, 34.19342039974662], [72.31844353057491, 34.19340185560542], [72.31842906273494, 34.193447605661724], [72.3185142928994, 34.19346605735644], [72.31852886625794, 34.19342039974662]]]]}, "properties": {"id": "Pakistan_123102310_556838", "height": 4.009869575500488, "hmax": 0.335, "ratio": 0.084, "vulnClass": "low"}}, {"type": "Feature", "geometry": {"type": "MultiPolygon", "coordinates": [[[[72.31901139267926, 34.19346935613375], [72.31894974234433, 34.19347026172069], [72.31895196757847, 34.1935678523786], [72.31878839672116, 34.1935703153254], [72.31879013680116, 34.19365238961959], [72.31901535828355, 34.19364902109532], [72.31901139267926, 34.19346935613375]]]]}, "properties": {"id": "Pakistan_123102310_177284", "height": 3.498182058334351, "hmax": 0.338, "ratio": 0.097, "vulnClass": "low"}}, {"type": "Feature", "geometry": {"type": "MultiPolygon", "coordinates": [[[[72.32014968832942, 34.19386250429021], [72.32009550224639, 34.19372014535524], [72.31978679941678, 34.193800571906564], [72.31984098501309, 34.1939429309542], [72.32014968832942, 34.19386250429021]]]]}, "properties": {"id": "Pakistan_123102310_832147", "height": 3.351290941238403, "hmax": 0.231, "ratio": 0.069, "vulnClass": "low"}}, {"type": "Feature", "geometry": {"type": "MultiPolygon", "coordinates": [[[[72.31858457374446, 34.195305927160994], [72.31856726755832, 34.19524262416361], [72.31828917715916, 34.19529486838479], [72.31827789661365, 34.195253693678765], [72.318140162348, 34.19527952869086], [72.31815319452782, 34.19532705220238], [72.31824247250104, 34.19531025400094], [72.31827894455158, 34.19544321122885], [72.31833504435296, 34.195432628740825], [72.31831423205725, 34.195356718215756], [72.31858457374446, 34.195305927160994]]]]}, "properties": {"id": "Pakistan_123102310_912578", "height": 3.097757816314697, "hmax": 0.0, "ratio": 0.0, "vulnClass": "none"}}, {"type": "Feature", "geometry": {"type": "MultiPolygon", "coordinates": [[[[72.31790222394281, 34.195245836216046], [72.31782361642155, 34.19526142522076], [72.31779104779193, 34.195149107398], [72.31772259152572, 34.195162754836566], [72.31777823995681, 34.19535472902799], [72.31792530396675, 34.19532549254962], [72.31790222394281, 34.195245836216046]]]]}, "properties": {"id": "Pakistan_123102310_410112", "height": 2.983332633972168, "hmax": 0.065, "ratio": 0.022, "vulnClass": "none"}}, {"type": "Feature", "geometry": {"type": "MultiPolygon", "coordinates": [[[[72.3198353849074, 34.19828982772464], [72.31980571509207, 34.19832226400767], [72.31988263653462, 34.19837028261862], [72.31991230919243, 34.198337756229265], [72.3198353849074, 34.19828982772464]]]]}, "properties": {"id": "Pakistan_123102310_36453", "height": 3.719413757324219, "hmax": 0.864, "ratio": 0.232, "vulnClass": "low"}}, {"type": "Feature", "geometry": {"type": "MultiPolygon", "coordinates": [[[[72.32006815420189, 34.1964139427514], [72.32004997964515, 34.19637802646999], [72.31996091204643, 34.19640871362362], [72.31997897815248, 34.19644462754652], [72.32006815420189, 34.1964139427514]]]]}, "properties": {"id": "Pakistan_123102310_571187", "height": 2.935287714004517, "hmax": 0.229, "ratio": 0.078, "vulnClass": "low"}}, {"type": "Feature", "geometry": {"type": "MultiPolygon", "coordinates": [[[[72.32019303819463, 34.19651989405317], [72.32005836102286, 34.19656905663398], [72.32008017622393, 34.196609920582596], [72.3203082606548, 34.19652664965976], [72.32021505647272, 34.196352155965954], [72.32012176070387, 34.19638617650651], [72.32019303819463, 34.19651989405317]]]]}, "properties": {"id": "Pakistan_123102310_362912", "height": 3.913037776947021, "hmax": 0.238, "ratio": 0.061, "vulnClass": "low"}}, {"type": "Feature", "geometry": {"type": "MultiPolygon", "coordinates": [[[[72.31998413097831, 34.19646006564122], [72.32001341838385, 34.196501363395654], [72.32010113072312, 34.19645865666851], [72.32007184043445, 34.19641744902081], [72.31998413097831, 34.19646006564122]]]]}, "properties": {"id": "Pakistan_123102310_358238", "height": 3.432127475738525, "hmax": 0.229, "ratio": 0.067, "vulnClass": "low"}}, {"type": "Feature", "geometry": {"type": "MultiPolygon", "coordinates": [[[[72.31941042796652, 34.1965969009228], [72.3197094213227, 34.1965801794862], [72.31971202066526, 34.19661115766374], [72.31981070652574, 34.19660565244309], [72.31981573409104, 34.19666616265912], [72.319877141393, 34.1966627271906], [72.31986603042496, 34.19652707942566], [72.31964713796955, 34.19653933221419], [72.3196404727543, 34.19645859265534], [72.3194802714875, 34.196467530682796], [72.31948349274214, 34.19650627533542], [72.31940339206461, 34.19651074427032], [72.31941042796652, 34.1965969009228]]]]}, "properties": {"id": "Pakistan_123102310_262204", "height": 2.562294006347656, "hmax": 0.155, "ratio": 0.061, "vulnClass": "low"}}, {"type": "Feature", "geometry": {"type": "MultiPolygon", "coordinates": [[[[72.3198059133434, 34.19660969454125], [72.31966144377245, 34.196615190436454], [72.31966509035755, 34.19668162034363], [72.31980956004233, 34.196676124449546], [72.3198059133434, 34.19660969454125]]]]}, "properties": {"id": "Pakistan_123102310_129982", "height": 2.562294006347656, "hmax": 0.153, "ratio": 0.06, "vulnClass": "low"}}, {"type": "Feature", "geometry": {"type": "MultiPolygon", "coordinates": [[[[72.31916663903671, 34.196737522531144], [72.31915501561477, 34.196635218910956], [72.31894499599015, 34.196651631043665], [72.31895661630415, 34.19675402475886], [72.31916663903671, 34.196737522531144]]]]}, "properties": {"id": "Pakistan_123102310_566342", "height": 4.23367166519165, "hmax": 0.0, "ratio": 0.0, "vulnClass": "none"}}, {"type": "Feature", "geometry": {"type": "MultiPolygon", "coordinates": [[[[72.31919850810752, 34.196865150177], [72.31919424850307, 34.19676327803412], [72.31899867386633, 34.196768917707836], [72.31899885930434, 34.19677333909759], [72.31873096128899, 34.19678109284491], [72.3187350349097, 34.196878543587744], [72.31919850810752, 34.196865150177]]]]}, "properties": {"id": "Pakistan_123102310_353546", "height": 3.151411294937134, "hmax": 0.067, "ratio": 0.021, "vulnClass": "none"}}, {"type": "Feature", "geometry": {"type": "MultiPolygon", "coordinates": [[[[72.31837285939083, 34.19680057569026], [72.31838110573455, 34.19698889841935], [72.31849741284616, 34.19698540240733], [72.31849545316769, 34.19694109605701], [72.31867756720777, 34.19693570369715], [72.3186789735727, 34.19696665579385], [72.31878507222807, 34.19696347713268], [72.31878144639374, 34.196882713874366], [72.31863147558695, 34.196887186727984], [72.31863014626515, 34.19685722796236], [72.31852404774673, 34.19686040649546], [72.31852130933027, 34.19679616003456], [72.31837285939083, 34.19680057569026]]]]}, "properties": {"id": "Pakistan_123102310_386532", "height": 2.735843181610107, "hmax": 0.06, "ratio": 0.022, "vulnClass": "none"}}, {"type": "Feature", "geometry": {"type": "MultiPolygon", "coordinates": [[[[72.3184925677964, 34.19703559994657], [72.31849210304894, 34.197002324554234], [72.31839019844905, 34.197003250807896], [72.31839066315638, 34.197036526198715], [72.3184925677964, 34.19703559994657]]]]}, "properties": {"id": "Pakistan_123102310_571167", "height": 2.94131064414978, "hmax": 0.0, "ratio": 0.0, "vulnClass": "none"}}, {"type": "Feature", "geometry": {"type": "MultiPolygon", "coordinates": [[[[72.31863953521453, 34.19694100205991], [72.31863787098662, 34.19705518529354], [72.31867648217307, 34.19705557902973], [72.31867814634893, 34.196941395793104], [72.31863953521453, 34.19694100205991]]]]}, "properties": {"id": "Pakistan_123102310_761317", "height": 2.471507549285889, "hmax": 0.0, "ratio": 0.0, "vulnClass": "none"}}, {"type": "Feature", "geometry": {"type": "MultiPolygon", "coordinates": [[[[72.31839764622342, 34.19716541266276], [72.3187273952956, 34.19716081542864], [72.31872648546069, 34.19711418814942], [72.3185853788953, 34.1971162404645], [72.31858466020452, 34.19708070577591], [72.31848979413519, 34.1970820565064], [72.31848888439717, 34.197038854917764], [72.31839499414278, 34.19704022691977], [72.31839764622342, 34.19716541266276]]]]}, "properties": {"id": "Pakistan_123102310_613793", "height": 2.989459276199341, "hmax": 0.238, "ratio": 0.08, "vulnClass": "low"}}, {"type": "Feature", "geometry": {"type": "MultiPolygon", "coordinates": [[[[72.31802174217489, 34.196000389268995], [72.31798510002588, 34.195807749177725], [72.31791330806857, 34.195817086701105], [72.31793396267986, 34.19592535756338], [72.3177648862626, 34.195947351203294], [72.31778097903272, 34.1960318129191], [72.31802174217489, 34.196000389268995]]]]}, "properties": {"id": "Pakistan_123102310_661385", "height": 3.00045919418335, "hmax": 0.0, "ratio": 0.0, "vulnClass": "none"}}, {"type": "Feature", "geometry": {"type": "MultiPolygon", "coordinates": [[[[72.31766837011203, 34.19591864539222], [72.3176640541723, 34.19587681167152], [72.31762675590593, 34.195879511444026], [72.3176310718272, 34.19592134516515], [72.31766837011203, 34.19591864539222]]]]}, "properties": {"id": "Pakistan_123102310_168745", "height": 2.459410190582275, "hmax": 0.0, "ratio": 0.0, "vulnClass": "none"}}, {"type": "Feature", "geometry": {"type": "MultiPolygon", "coordinates": [[[[72.31772757820278, 34.19535803796469], [72.31764532437057, 34.19537228497965], [72.31765642197848, 34.195415799624605], [72.31773867585215, 34.1954015526042], [72.31772757820278, 34.19535803796469]]]]}, "properties": {"id": "Pakistan_123102310_485950", "height": 2.980878114700317, "hmax": 0.0, "ratio": 0.0, "vulnClass": "none"}}, {"type": "Feature", "geometry": {"type": "MultiPolygon", "coordinates": [[[[72.31775184906883, 34.19536244541007], [72.31779257931534, 34.19553561252635], [72.31798755796856, 34.195504178865505], [72.31796346819237, 34.19540160243636], [72.31803467779594, 34.1953900885421], [72.3180180340199, 34.19531958799485], [72.31775184906883, 34.19536244541007]]]]}, "properties": {"id": "Pakistan_123102310_590163", "height": 4.371137619018555, "hmax": 0.0, "ratio": 0.0, "vulnClass": "none"}}, {"type": "Feature", "geometry": {"type": "MultiPolygon", "coordinates": [[[[72.31769131661737, 34.1954786762035], [72.31763640651073, 34.195485948885704], [72.31765009134662, 34.19555737638291], [72.3177363766869, 34.195546012212915], [72.31775341937788, 34.195634731751056], [72.31780309704277, 34.19562824603981], [72.317769120003, 34.19545080934252], [72.3177482041875, 34.195453506977074], [72.3177419622435, 34.19542109683305], [72.31768182536558, 34.19542897638011], [72.31769131661737, 34.1954786762035]]]]}, "properties": {"id": "Pakistan_123102310_215889", "height": 2.729493856430054, "hmax": 0.0, "ratio": 0.0, "vulnClass": "none"}}, {"type": "Feature", "geometry": {"type": "MultiPolygon", "coordinates": [[[[72.31800090444344, 34.19551438730276], [72.31786615417322, 34.19552820721614], [72.31787053601907, 34.19555769187123], [72.31781132347179, 34.195563788708355], [72.31782180164458, 34.19563370363977], [72.31801576752346, 34.19561369679057], [72.31800090444344, 34.19551438730276]]]]}, "properties": {"id": "Pakistan_123102310_552111", "height": 4.644710063934326, "hmax": 0.0, "ratio": 0.0, "vulnClass": "none"}}, {"type": "Feature", "geometry": {"type": "MultiPolygon", "coordinates": [[[[72.31776484652426, 34.195767141163245], [72.31776288721466, 34.195722834812926], [72.31770011969908, 34.19572470693148], [72.3177020789757, 34.195769013281236], [72.31776484652426, 34.195767141163245]]]]}, "properties": {"id": "Pakistan_123102310_396044", "height": 2.57813572883606, "hmax": 0.0, "ratio": 0.0, "vulnClass": "none"}}, {"type": "Feature", "geometry": {"type": "MultiPolygon", "coordinates": [[[[72.31775497158525, 34.195794601060804], [72.31776234875235, 34.19584596746904], [72.31781110497212, 34.19584117444167], [72.31780362221339, 34.19578971557579], [72.31775497158525, 34.195794601060804]]]]}, "properties": {"id": "Pakistan_123102310_447980", "height": 2.550811290740967, "hmax": 0.0, "ratio": 0.0, "vulnClass": "none"}}, {"type": "Feature", "geometry": {"type": "MultiPolygon", "coordinates": [[[[72.31834486206247, 34.19568778678285], [72.31834971770259, 34.19571601969278], [72.31841538399142, 34.1957082607666], [72.31840374124562, 34.195640844592084], [72.31829603788414, 34.19565363387922], [72.3182854907462, 34.19559273243771], [72.3181278045327, 34.195611369762624], [72.31814503010243, 34.19571145211557], [72.31834486206247, 34.19568778678285]]]]}, "properties": {"id": "Pakistan_123102310_623191", "height": 2.673326969146729, "hmax": 0.0, "ratio": 0.0, "vulnClass": "none"}}, {"type": "Feature", "geometry": {"type": "MultiPolygon", "coordinates": [[[[72.3180861367665, 34.19551571095129], [72.31810369064048, 34.19559515621645], [72.31838539116136, 34.19555227682951], [72.31836772575595, 34.19547291930791], [72.3180861367665, 34.19551571095129]]]]}, "properties": {"id": "Pakistan_123102310_462281", "height": 3.016649484634399, "hmax": 0.0, "ratio": 0.0, "vulnClass": "none"}}, {"type": "Feature", "geometry": {"type": "MultiPolygon", "coordinates": [[[[72.3201487441235, 34.196280930572165], [72.31992987835265, 34.196336907078994], [72.31995327709046, 34.19639971204629], [72.3201722542837, 34.196343647787664], [72.3201487441235, 34.196280930572165]]]]}, "properties": {"id": "Pakistan_123102310_723311", "height": 2.745871543884277, "hmax": 0.284, "ratio": 0.104, "vulnClass": "low"}}, {"type": "Feature", "geometry": {"type": "MultiPolygon", "coordinates": [[[[72.3227011809697, 34.1972811971972], [72.32263658621723, 34.19713843167449], [72.32248363208708, 34.19718575538413], [72.32254822660651, 34.19732852097598], [72.3227011809697, 34.1972811971972]]]]}, "properties": {"id": "Pakistan_123102310_504857", "height": 2.673594236373901, "hmax": 0.257, "ratio": 0.096, "vulnClass": "low"}}, {"type": "Feature", "geometry": {"type": "MultiPolygon", "coordinates": [[[[72.32618951291013, 34.19589248216713], [72.32619038984821, 34.19604332205642], [72.32629770315297, 34.19604286782934], [72.32629730955735, 34.195976328625925], [72.32638585230872, 34.19597591570475], [72.32638543361323, 34.19591703869295], [72.32624860528597, 34.19591766065626], [72.32624854040037, 34.19589223697192], [72.32618951291013, 34.19589248216713]]]]}, "properties": {"id": "Pakistan_123102310_642264", "height": 2.442213535308838, "hmax": 0.113, "ratio": 0.046, "vulnClass": "low"}}, {"type": "Feature", "geometry": {"type": "MultiPolygon", "coordinates": [[[[72.32572614110417, 34.199254340598095], [72.32572821700151, 34.199161170949345], [72.32558084355024, 34.19915885750055], [72.32557865906922, 34.19925202477387], [72.32572614110417, 34.199254340598095]]]]}, "properties": {"id": "Pakistan_123102310_320512", "height": 2.943031072616577, "hmax": 0.13, "ratio": 0.044, "vulnClass": "low"}}, {"type": "Feature", "geometry": {"type": "MultiPolygon", "coordinates": [[[[72.32421895244671, 34.198484207815255], [72.32477421340492, 34.19861180787628], [72.32478044070739, 34.19859328275559], [72.32482525048903, 34.19860354601529], [72.32484321918575, 34.19854993837597], [72.32451361309842, 34.198474321753324], [72.32452821869691, 34.19843100799592], [72.32444689368778, 34.19841237512092], [72.32446833425574, 34.198348476083936], [72.3244011212896, 34.19833303596085], [72.32437549295555, 34.198409284260194], [72.32425345276206, 34.19838128855272], [72.32421895244671, 34.198484207815255]]]]}, "properties": {"id": "Pakistan_123102310_632792", "height": 2.852925300598145, "hmax": 0.158, "ratio": 0.055, "vulnClass": "low"}}, {"type": "Feature", "geometry": {"type": "MultiPolygon", "coordinates": [[[[72.32455465526962, 34.19869644509753], [72.32453951891519, 34.198739386673346], [72.32446382295747, 34.198721147100095], [72.32444975347113, 34.19876122715342], [72.3246194517713, 34.19880207237195], [72.32464865749904, 34.198719050706515], [72.32455465526962, 34.19869644509753]]]]}, "properties": {"id": "Pakistan_123102310_646974", "height": 2.974636554718018, "hmax": 0.192, "ratio": 0.064, "vulnClass": "low"}}, {"type": "Feature", "geometry": {"type": "MultiPolygon", "coordinates": [[[[72.32499693472407, 34.19907931678874], [72.32481264695859, 34.199033195468985], [72.32480445401953, 34.19905555413783], [72.32487571362245, 34.19907342625261], [72.32486977432562, 34.1990897039159], [72.32487720415375, 34.199091488741324], [72.32487863334346, 34.19908746318634], [72.32492438502251, 34.199098828767305], [72.32491107725154, 34.1991354096542], [72.32497103525556, 34.19915042075764], [72.32499693472407, 34.19907931678874]]]]}, "properties": {"id": "Pakistan_123102310_214910", "height": 4.135323524475098, "hmax": 0.314, "ratio": 0.076, "vulnClass": "low"}}, {"type": "Feature", "geometry": {"type": "MultiPolygon", "coordinates": [[[[72.32504652911491, 34.199168204869736], [72.32514170379976, 34.19917776397375], [72.32514779255827, 34.19913615745695], [72.32505261791893, 34.19912659835977], [72.32504652911491, 34.199168204869736]]]]}, "properties": {"id": "Pakistan_123102310_689951", "height": 2.735230684280396, "hmax": 0.33, "ratio": 0.121, "vulnClass": "low"}}, {"type": "Feature", "geometry": {"type": "MultiPolygon", "coordinates": [[[[72.32524546233438, 34.19916632508064], [72.32515516307268, 34.199146685504466], [72.32514238918901, 34.19918697421032], [72.32523268848948, 34.1992066137977], [72.32524546233438, 34.19916632508064]]]]}, "properties": {"id": "Pakistan_123102310_836906", "height": 2.549371480941772, "hmax": 0.261, "ratio": 0.102, "vulnClass": "low"}}, {"type": "Feature", "geometry": {"type": "MultiPolygon", "coordinates": [[[[72.32511507186288, 34.19921711925549], [72.32511393746256, 34.19927704413487], [72.32522119787203, 34.19927839279971], [72.32522233219649, 34.19921846791575], [72.32511507186288, 34.19921711925549]]]]}, "properties": {"id": "Pakistan_123102310_306201", "height": 2.945280075073242, "hmax": 0.284, "ratio": 0.096, "vulnClass": "low"}}, {"type": "Feature", "geometry": {"type": "MultiPolygon", "coordinates": [[[[72.32404558174619, 34.19899193357374], [72.32449188068001, 34.19914122650206], [72.32454222190206, 34.19903829228357], [72.32409592339752, 34.198888999557944], [72.32404558174619, 34.19899193357374]]]]}, "properties": {"id": "Pakistan_123102310_414896", "height": 3.484273910522461, "hmax": 0.278, "ratio": 0.08, "vulnClass": "low"}}, {"type": "Feature", "geometry": {"type": "MultiPolygon", "coordinates": [[[[72.32437870739679, 34.198777796685434], [72.32434572108455, 34.19886371070871], [72.3241265362918, 34.19880609889685], [72.32409320166606, 34.198892726440505], [72.32465596161983, 34.19904059418884], [72.3246651873399, 34.19901645507302], [72.32457749315019, 34.19899335608542], [72.32462395273198, 34.19887248745182], [72.32451097053676, 34.198842796512764], [72.32452149427002, 34.19881535019279], [72.32437870739679, 34.198777796685434]]]]}, "properties": {"id": "Pakistan_123102310_590221", "height": 3.483608245849609, "hmax": 0.249, "ratio": 0.071, "vulnClass": "low"}}, {"type": "Feature", "geometry": {"type": "MultiPolygon", "coordinates": [[[[72.32359573188639, 34.198834898799994], [72.32400504476185, 34.198959766744565], [72.32402769629591, 34.198909056104974], [72.32407401282445, 34.19892313882244], [72.32409934597266, 34.19886653681503], [72.32364371986942, 34.19872749625577], [72.32359573188639, 34.198834898799994]]]]}, "properties": {"id": "Pakistan_123102310_689932", "height": 2.456680297851562, "hmax": 0.293, "ratio": 0.119, "vulnClass": "low"}}, {"type": "Feature", "geometry": {"type": "MultiPolygon", "coordinates": [[[[72.32120084510133, 34.20084206105587], [72.32118379808702, 34.20075334184314], [72.32097831373252, 34.20078040382533], [72.32096134686779, 34.20069258783564], [72.3209131899835, 34.20069892769148], [72.32089362367437, 34.200597261982296], [72.32095115050984, 34.20058968450713], [72.3209428639843, 34.200546411861524], [72.32081048840418, 34.200563802550846], [72.32087246291574, 34.20088527853114], [72.32120084510133, 34.20084206105587]]]]}, "properties": {"id": "Pakistan_123102310_495414", "height": 7.201217174530029, "hmax": 0.0, "ratio": 0.0, "vulnClass": "none"}}, {"type": "Feature", "geometry": {"type": "MultiPolygon", "coordinates": [[[[72.3214554884234, 34.201466052161315], [72.32139156788251, 34.20112370933091], [72.32125789891866, 34.201140801772404], [72.32127005509855, 34.201205794883045], [72.32132768219985, 34.20119848988114], [72.3213645162273, 34.2013956407706], [72.32104357891149, 34.20143667743292], [72.32105851144432, 34.20151678622897], [72.3214554884234, 34.201466052161315]]]]}, "properties": {"id": "Pakistan_123102310_500026", "height": 2.461138248443604, "hmax": 0.073, "ratio": 0.03, "vulnClass": "none"}}, {"type": "Feature", "geometry": {"type": "MultiPolygon", "coordinates": [[[[72.32384626879055, 34.20091363282231], [72.32430313476914, 34.201020696788405], [72.3243639846053, 34.20084280715017], [72.32410830444118, 34.200782866089405], [72.32412264545462, 34.20074107917953], [72.32407795162982, 34.200730547720276], [72.324027271555, 34.20087845902545], [72.32393045099764, 34.20085570121548], [72.32397121485273, 34.20073660171844], [72.32391165546538, 34.20072268060265], [72.32384626879055, 34.20091363282231]]]]}, "properties": {"id": "Pakistan_123102310_670914", "height": 3.572712659835815, "hmax": 0.626, "ratio": 0.175, "vulnClass": "low"}}, {"type": "Feature", "geometry": {"type": "MultiPolygon", "coordinates": [[[[72.32406341782627, 34.200476458847845], [72.32404636019386, 34.2005115153693], [72.32412838660431, 34.200538908393675], [72.32420878747168, 34.200374066546345], [72.32413492158369, 34.200349375898654], [72.32411600391413, 34.20038835842174], [72.32390835899918, 34.200319098253296], [72.32394966364247, 34.20023435762028], [72.32386291256063, 34.20020541894849], [72.32377739876266, 34.200380966912974], [72.32406341782627, 34.200476458847845]]]]}, "properties": {"id": "Pakistan_123102310_467029", "height": 4.293895244598389, "hmax": 0.62, "ratio": 0.144, "vulnClass": "low"}}, {"type": "Feature", "geometry": {"type": "MultiPolygon", "coordinates": [[[[72.3241776404682, 34.19999340534753], [72.32413061707614, 34.20015951664739], [72.3242206602017, 34.2001769878134], [72.3242105246745, 34.200212736349584], [72.32431987019142, 34.200233964299905], [72.32434186128309, 34.20015610411259], [72.32445012823648, 34.20017712810528], [72.3244584379611, 34.20014765018372], [72.32434661018014, 34.20012600758212], [72.32437347069806, 34.20003139565517], [72.3241776404682, 34.19999340534753]]]]}, "properties": {"id": "Pakistan_123102310_120688", "height": 3.908734798431396, "hmax": 0.398, "ratio": 0.102, "vulnClass": "low"}}, {"type": "Feature", "geometry": {"type": "MultiPolygon", "coordinates": [[[[72.32380628415933, 34.20003019367462], [72.32403562476765, 34.200109844060535], [72.32405471937054, 34.20007212750695], [72.32399998495984, 34.200053173228014], [72.32402810335266, 34.19999771384918], [72.32398023967487, 34.199981073134985], [72.32399238456748, 34.19995726825196], [72.32388742411496, 34.19992090043093], [72.32386636665667, 34.19996236040005], [72.32384447350593, 34.19995476064212], [72.32380628415933, 34.20003019367462]]]]}, "properties": {"id": "Pakistan_123102310_832180", "height": 3.201310634613037, "hmax": 0.47, "ratio": 0.147, "vulnClass": "low"}}, {"type": "Feature", "geometry": {"type": "MultiPolygon", "coordinates": [[[[72.32414122803374, 34.199432690213975], [72.324120109309, 34.19949668634628], [72.3242360250956, 34.1995228357015], [72.32425714374187, 34.19945883954559], [72.32414122803374, 34.199432690213975]]]]}, "properties": {"id": "Pakistan_123102310_808599", "height": 3.423755645751953, "hmax": 0.406, "ratio": 0.119, "vulnClass": "low"}}, {"type": "Feature", "geometry": {"type": "MultiPolygon", "coordinates": [[[[72.32424067105528, 34.199338130026185], [72.32388934531727, 34.1992321980174], [72.32385311117619, 34.19931443499586], [72.32420443719624, 34.19942036712131], [72.32424067105528, 34.199338130026185]]]]}, "properties": {"id": "Pakistan_123102310_334645", "height": 3.597819566726685, "hmax": 0.347, "ratio": 0.096, "vulnClass": "low"}}, {"type": "Feature", "geometry": {"type": "MultiPolygon", "coordinates": [[[[72.32419419034365, 34.19925030124929], [72.32412391187597, 34.19922541846948], [72.32408461044751, 34.19930172883465], [72.32415489181213, 34.19932652155156], [72.32419419034365, 34.19925030124929]]]]}, "properties": {"id": "Pakistan_123102310_177362", "height": 3.066324949264526, "hmax": 0.338, "ratio": 0.11, "vulnClass": "low"}}, {"type": "Feature", "geometry": {"type": "MultiPolygon", "coordinates": [[[[72.32436819924709, 34.19931612226792], [72.32427607419173, 34.199299326988886], [72.32425920114468, 34.1993628749183], [72.32435132911215, 34.19937958012536], [72.32436819924709, 34.19931612226792]]]]}, "properties": {"id": "Pakistan_123102310_130695", "height": 3.374881029129028, "hmax": 0.268, "ratio": 0.079, "vulnClass": "low"}}, {"type": "Feature", "geometry": {"type": "MultiPolygon", "coordinates": [[[[72.32424658991994, 34.199411731298646], [72.32429799139118, 34.19942971121649], [72.32431488044266, 34.19939654411317], [72.32426347898699, 34.19937856420311], [72.32424658991994, 34.199411731298646]]]]}, "properties": {"id": "Pakistan_123102310_158386", "height": 3.035966396331787, "hmax": 0.342, "ratio": 0.113, "vulnClass": "low"}}, {"type": "Feature", "geometry": {"type": "MultiPolygon", "coordinates": [[[[72.32423982083385, 34.199540047010686], [72.32450522366543, 34.19959434016802], [72.32452828436281, 34.19951695402481], [72.32426288175245, 34.19946266092763], [72.32423982083385, 34.199540047010686]]]]}, "properties": {"id": "Pakistan_123102310_25956", "height": 3.166280269622803, "hmax": 0.339, "ratio": 0.107, "vulnClass": "low"}}, {"type": "Feature", "geometry": {"type": "MultiPolygon", "coordinates": [[[[72.32454173875928, 34.19940023321158], [72.32446607659699, 34.19938433825855], [72.324452757592, 34.19942813082697], [72.32452831136796, 34.19944402342364], [72.32454173875928, 34.19940023321158]]]]}, "properties": {"id": "Pakistan_123102310_822675", "height": 2.890568017959595, "hmax": 0.317, "ratio": 0.11, "vulnClass": "low"}}, {"type": "Feature", "geometry": {"type": "MultiPolygon", "coordinates": [[[[72.3247801382492, 34.1994026411971], [72.324717364417, 34.19939432978363], [72.32470868774662, 34.19943885474002], [72.32458951417071, 34.199423092111964], [72.3245734356969, 34.19950612978735], [72.32484430141075, 34.19954206072212], [72.3248594555252, 34.19946423152306], [72.32477053750009, 34.1994523746822], [72.3247801382492, 34.1994026411971]]]]}, "properties": {"id": "Pakistan_123102310_737620", "height": 3.533545732498169, "hmax": 0.262, "ratio": 0.074, "vulnClass": "low"}}, {"type": "Feature", "geometry": {"type": "MultiPolygon", "coordinates": [[[[72.32473520169265, 34.199379213272486], [72.32478035138064, 34.199389033226666], [72.32478819040722, 34.19936414264356], [72.32488010757925, 34.199384088248316], [72.32490577546301, 34.19930315292128], [72.32476870873317, 34.199273387399934], [72.32473520169265, 34.199379213272486]]]]}, "properties": {"id": "Pakistan_123102310_120702", "height": 3.628641366958618, "hmax": 0.245, "ratio": 0.068, "vulnClass": "low"}}, {"type": "Feature", "geometry": {"type": "MultiPolygon", "coordinates": [[[[72.32497096757872, 34.199293306742284], [72.32496677576258, 34.19932981609992], [72.32503322715334, 34.19933505238596], [72.32503741609415, 34.199298633112434], [72.32497096757872, 34.199293306742284]]]]}, "properties": {"id": "Pakistan_123102310_457466", "height": 3.477742433547974, "hmax": 0.33, "ratio": 0.095, "vulnClass": "low"}}, {"type": "Feature", "geometry": {"type": "MultiPolygon", "coordinates": [[[[72.32500696099879, 34.19942805476324], [72.32486405085513, 34.1994012269314], [72.32484418007706, 34.19947381466736], [72.3249869819119, 34.19950064016178], [72.32500696099879, 34.19942805476324]]]]}, "properties": {"id": "Pakistan_123102310_396119", "height": 3.459888458251953, "hmax": 0.26, "ratio": 0.075, "vulnClass": "low"}}, {"type": "Feature", "geometry": {"type": "MultiPolygon", "coordinates": [[[[72.32461385279457, 34.19999859871025], [72.3245602663993, 34.19999824059218], [72.32456000563343, 34.200027082836435], [72.32450902136512, 34.2000267814847], [72.32450742552382, 34.20020425160247], [72.32477557785747, 34.20020595674939], [72.32477632883668, 34.20012384666821], [72.32461274756278, 34.20012280101231], [72.32461385279457, 34.19999859871025]]]]}, "properties": {"id": "Pakistan_123102310_495446", "height": 2.459236860275269, "hmax": 0.271, "ratio": 0.11, "vulnClass": "low"}}, {"type": "Feature", "geometry": {"type": "MultiPolygon", "coordinates": [[[[72.32700416548586, 34.19936974880739], [72.32700834785246, 34.19946062091991], [72.32718341737063, 34.199455152573194], [72.32717823121847, 34.19934109005844], [72.32705398877854, 34.199344962131065], [72.3270551007633, 34.1993681548937], [72.32700416548586, 34.19936974880739]]]]}, "properties": {"id": "Pakistan_123102310_836922", "height": 4.191189289093018, "hmax": 0.099, "ratio": 0.024, "vulnClass": "none"}}, {"type": "Feature", "geometry": {"type": "MultiPolygon", "coordinates": [[[[72.32636804196439, 34.20075410123184], [72.3263621972436, 34.20066779051485], [72.32622854874823, 34.20067398075001], [72.32623428775456, 34.2007601990143], [72.32636804196439, 34.20075410123184]]]]}, "properties": {"id": "Pakistan_123102310_149030", "height": 2.609878540039062, "hmax": 0.195, "ratio": 0.075, "vulnClass": "low"}}, {"type": "Feature", "geometry": {"type": "MultiPolygon", "coordinates": [[[[72.32610423361051, 34.200868967862036], [72.32617037532141, 34.20098363870196], [72.32640099112538, 34.200892568789016], [72.3263702287404, 34.200839430671174], [72.32623575053051, 34.20089248072475], [72.3262003681809, 34.2008310381672], [72.32610423361051, 34.200868967862036]]]]}, "properties": {"id": "Pakistan_123102310_893634", "height": 2.560248613357544, "hmax": 0.235, "ratio": 0.092, "vulnClass": "low"}}, {"type": "Feature", "geometry": {"type": "MultiPolygon", "coordinates": [[[[72.32570863827385, 34.200553378434584], [72.32571764641975, 34.200793643921145], [72.32605915141639, 34.2007848663873], [72.32605606082558, 34.200704114877055], [72.32578155316024, 34.20071119869149], [72.32577597826115, 34.20056142837124], [72.32634399517835, 34.20054677304802], [72.32634146176055, 34.2004792857142], [72.32551728749958, 34.20050061322712], [72.32551948002478, 34.200558266793884], [72.32570863827385, 34.200553378434584]]]]}, "properties": {"id": "Pakistan_123102310_756590", "height": 2.579230785369873, "hmax": 0.254, "ratio": 0.098, "vulnClass": "low"}}, {"type": "Feature", "geometry": {"type": "MultiPolygon", "coordinates": [[[[72.3246393362601, 34.20210983183301], [72.32463428355975, 34.20226279587934], [72.32464772832243, 34.20226308930021], [72.32464814697308, 34.2022498464201], [72.3247312009016, 34.20225165897034], [72.32473583194249, 34.20211202788047], [72.3246393362601, 34.20210983183301]]]]}, "properties": {"id": "Pakistan_123102310_907849", "height": 4.187357425689697, "hmax": 0.679, "ratio": 0.162, "vulnClass": "low"}}, {"type": "Feature", "geometry": {"type": "MultiPolygon", "coordinates": [[[[72.32640695136313, 34.201950607052545], [72.3261497133259, 34.20191921366118], [72.32613810830846, 34.201984319153134], [72.32593069777396, 34.20195897036084], [72.32595125852941, 34.20184393695078], [72.32585809216037, 34.20183252906459], [72.32581839644745, 34.202055234659625], [72.32605326182656, 34.202083887005834], [72.32605853247613, 34.20205443283299], [72.32638137734546, 34.202093838258705], [72.32640695136313, 34.201950607052545]]]]}, "properties": {"id": "Pakistan_123102310_879474", "height": 3.51650857925415, "hmax": 0.809, "ratio": 0.23, "vulnClass": "low"}}, {"type": "Feature", "geometry": {"type": "MultiPolygon", "coordinates": [[[[72.32586421962958, 34.20181373126911], [72.32608849544636, 34.2018375548893], [72.32606966166527, 34.201959747832326], [72.32613562459275, 34.201966775913974], [72.32616291119206, 34.20178995623761], [72.32611425085992, 34.20178474797647], [72.32611958381831, 34.20174988616873], [72.32602723368426, 34.20174011891368], [72.32602150425267, 34.20177722581375], [72.3258722762817, 34.201761349676126], [72.32586421962958, 34.20181373126911]]]]}, "properties": {"id": "Pakistan_123102310_140475", "height": 3.60350513458252, "hmax": 0.65, "ratio": 0.18, "vulnClass": "low"}}, {"type": "Feature", "geometry": {"type": "MultiPolygon", "coordinates": [[[[72.32580563100113, 34.20159050436256], [72.32552301043093, 34.20158298657411], [72.32552139263511, 34.201623879290715], [72.32560302509948, 34.201626020821315], [72.32560178906589, 34.20165826748683], [72.32580277738403, 34.20166364376044], [72.32580563100113, 34.20159050436256]]]]}, "properties": {"id": "Pakistan_123102310_642259", "height": 3.808311223983765, "hmax": 0.437, "ratio": 0.115, "vulnClass": "low"}}, {"type": "Feature", "geometry": {"type": "MultiPolygon", "coordinates": [[[[72.32764010166926, 34.20219304373954], [72.32762578106008, 34.202103663496196], [72.3275599104893, 34.20211088190296], [72.32757423102902, 34.20220026215067], [72.32764010166926, 34.20219304373954]]]]}, "properties": {"id": "Pakistan_123102310_271568", "height": 2.774828433990479, "hmax": 0.443, "ratio": 0.16, "vulnClass": "low"}}, {"type": "Feature", "geometry": {"type": "MultiPolygon", "coordinates": [[[[72.32759197427877, 34.20203351112288], [72.32751443111319, 34.20204272878975], [72.327524071875, 34.202098200824956], [72.32760161509123, 34.20208898315441], [72.32759197427877, 34.20203351112288]]]]}, "properties": {"id": "Pakistan_123102310_637602", "height": 2.556006669998169, "hmax": 0.491, "ratio": 0.192, "vulnClass": "low"}}, {"type": "Feature", "geometry": {"type": "MultiPolygon", "coordinates": [[[[72.32750528476414, 34.20199565146875], [72.3275069548064, 34.20203553411263], [72.32760067676466, 34.202032799338184], [72.32759900667808, 34.201992916693506], [72.32750528476414, 34.20199565146875]]]]}, "properties": {"id": "Pakistan_123102310_500089", "height": 2.502780675888062, "hmax": 0.491, "ratio": 0.196, "vulnClass": "low"}}, {"type": "Feature", "geometry": {"type": "MultiPolygon", "coordinates": [[[[72.32479331890275, 34.202654902283605], [72.3248843689211, 34.20266806781101], [72.32490199719474, 34.20258407230827], [72.32481094441447, 34.20257099688558], [72.32479331890275, 34.202654902283605]]]]}, "properties": {"id": "Pakistan_123102310_694755", "height": 3.186792373657227, "hmax": 0.633, "ratio": 0.199, "vulnClass": "low"}}, {"type": "Feature", "geometry": {"type": "MultiPolygon", "coordinates": [[[[72.32448112045601, 34.20234734914149], [72.32460578996746, 34.20235070110184], [72.32460854784964, 34.202280624768235], [72.324483878441, 34.20227727281554], [72.32448112045601, 34.20234734914149]]]]}, "properties": {"id": "Pakistan_123102310_680513", "height": 3.356552839279175, "hmax": 0.679, "ratio": 0.202, "vulnClass": "low"}}, {"type": "Feature", "geometry": {"type": "MultiPolygon", "coordinates": [[[[72.32461435803654, 34.20234394656282], [72.32471629214659, 34.20234229473273], [72.32471448161958, 34.20226914375265], [72.32461265602339, 34.20227079795175], [72.32461435803654, 34.20234394656282]]]]}, "properties": {"id": "Pakistan_123102310_556891", "height": 3.935371875762939, "hmax": 0.679, "ratio": 0.173, "vulnClass": "low"}}, {"type": "Feature", "geometry": {"type": "MultiPolygon", "coordinates": [[[[72.3187345947128, 34.20231726195907], [72.31878865957785, 34.202528583224854], [72.31893496839922, 34.20250302548643], [72.31893496839922, 34.20250302548643], [72.31899661113536, 34.20249229360207], [72.3189922685498, 34.202475250500015], [72.32016819134898, 34.20226981903884], [72.32015304000598, 34.202210349647], [72.31992959615062, 34.20224936765382], [72.31992101619065, 34.20221537395563], [72.31982336808936, 34.202232440937415], [72.31979924048248, 34.20213779719333], [72.31957590512718, 34.20217681692728], [72.31954819409918, 34.20206857234154], [72.31941585015646, 34.2020917317181], [72.31942869837955, 34.20214168511521], [72.31929646557572, 34.20216475663922], [72.31929405743985, 34.202155148117825], [72.31922084774354, 34.20216797109944], [72.31923146748032, 34.20220949186526], [72.31918007970431, 34.20221846484652], [72.31918413699644, 34.202234239609325], [72.31884907755989, 34.20229281119028], [72.31885013609086, 34.202297071373884], [72.3187345947128, 34.20231726195907]]]]}, "properties": {"id": "Pakistan_123102310_685188", "height": 2.862501382827759, "hmax": 0.239, "ratio": 0.084, "vulnClass": "low"}}, {"type": "Feature", "geometry": {"type": "MultiPolygon", "coordinates": [[[[72.31897843651109, 34.202014553878776], [72.31898064750123, 34.20205435821735], [72.31905831959271, 34.20205136912855], [72.31905610856589, 34.20201156478964], [72.31897843651109, 34.202014553878776]]]]}, "properties": {"id": "Pakistan_123102310_102577", "height": 3.209936141967773, "hmax": 0.08, "ratio": 0.025, "vulnClass": "none"}}, {"type": "Feature", "geometry": {"type": "MultiPolygon", "coordinates": [[[[72.31946488986662, 34.20193080515493], [72.31948176396699, 34.202048909554215], [72.31961802538564, 34.202035662070976], [72.31960995345557, 34.20197878145338], [72.31960995345557, 34.20197878145338], [72.31959246002206, 34.20185624619219], [72.31953281796237, 34.20186206390775], [72.31954162027007, 34.201923287682575], [72.31946488986662, 34.20193080515493]]]]}, "properties": {"id": "Pakistan_123102310_761324", "height": 2.864954233169556, "hmax": 0.221, "ratio": 0.077, "vulnClass": "low"}}, {"type": "Feature", "geometry": {"type": "MultiPolygon", "coordinates": [[[[72.31939943810534, 34.20207550650233], [72.31938921214181, 34.20200099959345], [72.31933893444709, 34.20200575988678], [72.31934905194151, 34.20208026442677], [72.31939943810534, 34.20207550650233]]]]}, "properties": {"id": "Pakistan_123102310_243228", "height": 2.782943964004517, "hmax": 0.24, "ratio": 0.086, "vulnClass": "low"}}, {"type": "Feature", "geometry": {"type": "MultiPolygon", "coordinates": [[[[72.31968362524714, 34.20206783743146], [72.31969352048961, 34.20213566601747], [72.31992873112658, 34.2021122311298], [72.31991956615144, 34.202048745706556], [72.31999619106986, 34.202041135495016], [72.31998603878404, 34.20197113771563], [72.31981156065002, 34.201988598446285], [72.31982109361859, 34.202054165363315], [72.31968362524714, 34.20206783743146]]]]}, "properties": {"id": "Pakistan_123102310_689898", "height": 3.315694808959961, "hmax": 0.276, "ratio": 0.083, "vulnClass": "low"}}, {"type": "Feature", "geometry": {"type": "MultiPolygon", "coordinates": [[[[72.3197918044279, 34.20194092808948], [72.31980881293423, 34.20198628463029], [72.3198614302703, 34.20197274062934], [72.31984442173747, 34.20192738409453], [72.3197918044279, 34.20194092808948]]]]}, "properties": {"id": "Pakistan_123102310_689900", "height": 3.441579818725586, "hmax": 0.204, "ratio": 0.059, "vulnClass": "low"}}, {"type": "Feature", "geometry": {"type": "MultiPolygon", "coordinates": [[[[72.3204162203994, 34.20117676721312], [72.32000456443275, 34.20123538063992], [72.32001803214695, 34.20130004192374], [72.3199491488082, 34.20130989485738], [72.31996516735795, 34.20138651166726], [72.32044559898203, 34.201318042864614], [72.32043844550536, 34.20128353947804], [72.32060138631037, 34.201260326511374], [72.32059394457949, 34.20122464488603], [72.32043100384253, 34.2012478578461], [72.3204162203994, 34.20117676721312]]]]}, "properties": {"id": "Pakistan_123102310_149799", "height": 3.019927978515625, "hmax": 0.153, "ratio": 0.051, "vulnClass": "low"}}, {"type": "Feature", "geometry": {"type": "MultiPolygon", "coordinates": [[[[72.31982465730535, 34.20100291804633], [72.31987203627628, 34.20121301094571], [72.31994726802766, 34.20120140370121], [72.31995544277244, 34.20123791273115], [72.32041544706816, 34.20116692399518], [72.32040431317569, 34.20111763920472], [72.32032537517117, 34.20112979676638], [72.32028179291424, 34.2009368252944], [72.32017406868599, 34.20095349204078], [72.3202046223003, 34.20108848295176], [72.31992866164471, 34.20113113093821], [72.31992486674388, 34.20111391953763], [72.31996106593569, 34.201108310306225], [72.31993357715581, 34.2009861876005], [72.31982465730535, 34.20100291804633]]]]}, "properties": {"id": "Pakistan_123102310_917368", "height": 3.147677898406982, "hmax": 0.173, "ratio": 0.055, "vulnClass": "low"}}, {"type": "Feature", "geometry": {"type": "MultiPolygon", "coordinates": [[[[72.32058856619233, 34.200085395948925], [72.32057747535227, 34.19983597979768], [72.32049711185032, 34.19983837018041], [72.32050188085421, 34.199944760900536], [72.32027153809422, 34.19995171592172], [72.32027785930202, 34.20009474134208], [72.32058856619233, 34.200085395948925]]]]}, "properties": {"id": "Pakistan_123102310_552127", "height": 3.106464862823486, "hmax": 0.109, "ratio": 0.035, "vulnClass": "low"}}, {"type": "Feature", "geometry": {"type": "MultiPolygon", "coordinates": [[[[72.31961512422335, 34.19955107417569], [72.31961684173707, 34.199493415940246], [72.31954180834634, 34.199491955657216], [72.31953714922726, 34.19964934525166], [72.31980247144479, 34.199654695509786], [72.31980541268733, 34.19955496412619], [72.31961512422335, 34.19955107417569]]]]}, "properties": {"id": "Pakistan_123102310_708917", "height": 3.379052639007568, "hmax": 0.147, "ratio": 0.044, "vulnClass": "low"}}]}