{"type": "FeatureCollection", "features": [{"type": "Feature", "geometry": {"type": "MultiPolygon", "coordinates": [[[[71.89745531118518, 34.531253046018], [71.89745210822491, 34.531177973259595], [71.89722434824957, 34.5311845299322], [71.89722755100433, 34.53125960268551], [71.89745531118518, 34.531253046018]]]]}, "properties": {"id": "Pakistan_123102132_139228", "height": 4.014118194580078, "hmax": 0.0, "ratio": 0.0, "vulnClass": "none"}}, {"type": "Feature", "geometry": {"type": "MultiPolygon", "coordinates": [[[[71.89745177320908, 34.531110724932326], [71.89737342291107, 34.53111774600921], [71.89737811355728, 34.531152747061554], [71.89745646723141, 34.53114563593464], [71.89745177320908, 34.531110724932326]]]]}, "properties": {"id": "Pakistan_123102132_145262", "height": 2.628227949142456, "hmax": 0.0, "ratio": 0.0, "vulnClass": "none"}}, {"type": "Feature", "geometry": {"type": "MultiPolygon", "coordinates": [[[[71.89722817165263, 34.531052220629924], [71.89722855064093, 34.53106547993396], [71.89717492977809, 34.531066459841696], [71.89717818134136, 34.53118128283547], [71.89730951011694, 34.53117885390437], [71.89730598818072, 34.53105077436679], [71.89722817165263, 34.531052220629924]]]]}, "properties": {"id": "Pakistan_123102132_243986", "height": 4.014118194580078, "hmax": 0.242, "ratio": 0.06, "vulnClass": "low"}}, {"type": "Feature", "geometry": {"type": "MultiPolygon", "coordinates": [[[[71.8966471573356, 34.53148549921481], [71.89676239642021, 34.53148815981316], [71.89676521177728, 34.531406480090745], [71.89687087555417, 34.531408897048884], [71.89686920724225, 34.53145969006592], [71.89694418353088, 34.53146141662602], [71.89694828424435, 34.53134218379959], [71.89674729706714, 34.53133752279129], [71.89675418482487, 34.53113444632232], [71.89665918801612, 34.53113221044661], [71.8966471573356, 34.53148549921481]]]]}, "properties": {"id": "Pakistan_123102132_597533", "height": 2.556433200836182, "hmax": 0.0, "ratio": 0.0, "vulnClass": "none"}}, {"type": "Feature", "geometry": {"type": "MultiPolygon", "coordinates": [[[[71.89661385644, 34.53108887485723], [71.8965656608417, 34.53108746874015], [71.89656325101765, 34.531143560781445], [71.89661144664815, 34.53114496690123], [71.89661385644, 34.53108887485723]]]]}, "properties": {"id": "Pakistan_123102132_59178", "height": 2.479439735412598, "hmax": 0.0, "ratio": 0.0, "vulnClass": "none"}}, {"type": "Feature", "geometry": {"type": "MultiPolygon", "coordinates": [[[[71.89666923986881, 34.5309319184727], [71.89666757481076, 34.53098262143557], [71.89675876649129, 34.530984670388655], [71.89676043483809, 34.53093387737286], [71.89666923986881, 34.5309319184727]]]]}, "properties": {"id": "Pakistan_123102132_16065", "height": 2.513658046722412, "hmax": 0.0, "ratio": 0.0, "vulnClass": "none"}}, {"type": "Feature", "geometry": {"type": "MultiPolygon", "coordinates": [[[[71.89685674030625, 34.530859803137666], [71.89656975907856, 34.5308598049514], [71.89656976353307, 34.531003388155256], [71.89666091998785, 34.53100345334338], [71.8966609601284, 34.53092611959028], [71.8968567852135, 34.53092605260515], [71.89685674030625, 34.530859803137666]]]]}, "properties": {"id": "Pakistan_123102132_148343", "height": 2.611403465270996, "hmax": 0.0, "ratio": 0.0, "vulnClass": "none"}}, {"type": "Feature", "geometry": {"type": "MultiPolygon", "coordinates": [[[[71.89753567776171, 34.53054925177736], [71.89757073264198, 34.53058484462404], [71.89748983938851, 34.53039341663881], [71.89759111274957, 34.530364444869555], [71.89751729187235, 34.53041376384588], [71.89754031525278, 34.53046833940737], [71.89776840637451, 34.530402933128784], [71.89778839444513, 34.53038965085049], [71.89786039053543, 34.530368947862954], [71.89782955182514, 34.53029605675988], [71.8977883796738, 34.530307899109026], [71.89783740652014, 34.53027516514873], [71.89778944294585, 34.53022644517723], [71.89777422788222, 34.530190365347906], [71.8976306812088, 34.53023151211175], [71.8976032513734, 34.530166549272515], [71.8975505240785, 34.53018161295604], [71.89751558897551, 34.53009879303905], [71.89744029205214, 34.530120403367036], [71.89729533209525, 34.53021721648425], [71.89727562817318, 34.530222844533704], [71.89733309240164, 34.530358875534645], [71.89730326110639, 34.530367400745725], [71.89726159559518, 34.53032505995758], [71.89719785697055, 34.5303433586924], [71.89731187975316, 34.53061341476383], [71.89753567776171, 34.53054925177736]]]]}, "properties": {"id": "Pakistan_123102132_142255", "height": 5.161489963531494, "hmax": 0.0, "ratio": 0.0, "vulnClass": "none"}}, {"type": "Feature", "geometry": {"type": "MultiPolygon", "coordinates": [[[[71.89602626650766, 34.53026524824291], [71.89612212577967, 34.53048175446938], [71.89638249472254, 34.53040356171847], [71.89631256014898, 34.53024558100231], [71.89625815367803, 34.53026186327718], [71.89623222505263, 34.530203427976815], [71.89602626650766, 34.53026524824291]]]]}, "properties": {"id": "Pakistan_123102132_133016", "height": 3.777244567871094, "hmax": 0.0, "ratio": 0.0, "vulnClass": "none"}}, {"type": "Feature", "geometry": {"type": "MultiPolygon", "coordinates": [[[[71.89559876386514, 34.52996405135771], [71.89564343315119, 34.53006036909227], [71.89570899971692, 34.53003977420344], [71.89566422490024, 34.52994336367221], [71.89559876386514, 34.52996405135771]]]]}, "properties": {"id": "Pakistan_123102132_382439", "height": 2.480697154998779, "hmax": 0.0, "ratio": 0.0, "vulnClass": "none"}}, {"type": "Feature", "geometry": {"type": "MultiPolygon", "coordinates": [[[[71.89584223552305, 34.53000647944691], [71.89578375812023, 34.529877272201006], [71.89568482843734, 34.52990765410015], [71.89574330570092, 34.53003686138588], [71.89584223552305, 34.53000647944691]]]]}, "properties": {"id": "Pakistan_123102132_536431", "height": 3.545903205871582, "hmax": 0.0, "ratio": 0.0, "vulnClass": "none"}}, {"type": "Feature", "geometry": {"type": "MultiPolygon", "coordinates": [[[[71.89653233839472, 34.529750027485505], [71.89643793706237, 34.529778722512226], [71.89645624179467, 34.52981956803566], [71.89655064316912, 34.52979087299709], [71.89653233839472, 34.529750027485505]]]]}, "properties": {"id": "Pakistan_123102132_357922", "height": 2.954805374145508, "hmax": 0.0, "ratio": 0.0, "vulnClass": "none"}}, {"type": "Feature", "geometry": {"type": "MultiPolygon", "coordinates": [[[[71.89639864409406, 34.529651986446915], [71.89640152234244, 34.52970938473866], [71.89653532610926, 34.529704766187194], [71.89653244442457, 34.52964745794235], [71.89639864409406, 34.529651986446915]]]]}, "properties": {"id": "Pakistan_123102132_210376", "height": 2.500527620315552, "hmax": 0.0, "ratio": 0.0, "vulnClass": "none"}}, {"type": "Feature", "geometry": {"type": "MultiPolygon", "coordinates": [[[[71.89560013675461, 34.52945212658819], [71.89563100098026, 34.529503747282995], [71.89569137606222, 34.52947923468932], [71.89566062061242, 34.52942761677636], [71.89560013675461, 34.52945212658819]]]]}, "properties": {"id": "Pakistan_123102132_142240", "height": 2.603152275085449, "hmax": 0.0, "ratio": 0.0, "vulnClass": "none"}}, {"type": "Feature", "geometry": {"type": "MultiPolygon", "coordinates": [[[[71.89601356793129, 34.52963362834476], [71.89601544018552, 34.5296096102584], [71.89605951474422, 34.52959585939649], [71.89603411218015, 34.52954086252459], [71.89603641943057, 34.5295109968085], [71.89602110156777, 34.52947770831375], [71.89597164138138, 34.52947518821267], [71.89596015718787, 34.52945010927595], [71.89574208959483, 34.52951838109605], [71.89581904777327, 34.52952241206572], [71.89584626823046, 34.52958124084443], [71.89587648640152, 34.52958282080942], [71.89589381646799, 34.529620577065835], [71.89589191073165, 34.52964549563509], [71.89590813759105, 34.52968070007873], [71.8960042212308, 34.52965069625498], [71.89599667867063, 34.52974820937615], [71.89618896424834, 34.52975832859449], [71.89620323576187, 34.529573466733616], [71.89609638574338, 34.52956786440357], [71.89609323526042, 34.529608704990096], [71.89601356793129, 34.52963362834476]]]]}, "properties": {"id": "Pakistan_123102132_281027", "height": 4.94998025894165, "hmax": 0.0, "ratio": 0.0, "vulnClass": "none"}}, {"type": "Feature", "geometry": {"type": "MultiPolygon", "coordinates": [[[[71.895909531498, 34.52971354422818], [71.8957566944152, 34.529752649756475], [71.89584878204977, 34.52999736221799], [71.89592585867942, 34.52997769096793], [71.89589701201369, 34.52990106448334], [71.89604512044743, 34.529863190499945], [71.89602459742002, 34.529808768424616], [71.89595235864836, 34.52982721081003], [71.895909531498, 34.52971354422818]]]]}, "properties": {"id": "Pakistan_123102132_606787", "height": 3.520606756210327, "hmax": 0.0, "ratio": 0.0, "vulnClass": "none"}}, {"type": "Feature", "geometry": {"type": "MultiPolygon", "coordinates": [[[[71.8954472885039, 34.52966158423532], [71.89540642715511, 34.52959763120713], [71.89531610204806, 34.529636794453886], [71.89535707214894, 34.52970075027784], [71.8954472885039, 34.52966158423532]]]]}, "properties": {"id": "Pakistan_123102132_505836", "height": 2.696702480316162, "hmax": 0.0, "ratio": 0.0, "vulnClass": "none"}}, {"type": "Feature", "geometry": {"type": "MultiPolygon", "coordinates": [[[[71.8955043464948, 34.52943905362806], [71.8954703320922, 34.52939014689837], [71.89543197589173, 34.52940827933066], [71.89546599362268, 34.529457096021495], [71.8955043464948, 34.52943905362806]]]]}, "properties": {"id": "Pakistan_123102132_123724", "height": 3.973901748657227, "hmax": 0.0, "ratio": 0.0, "vulnClass": "none"}}, {"type": "Feature", "geometry": {"type": "MultiPolygon", "coordinates": [[[[71.89517289851152, 34.529677496375136], [71.89485425424606, 34.52976474920512], [71.89487091269521, 34.529805913584205], [71.89475593087094, 34.52989312112964], [71.89477816052543, 34.529948488165424], [71.89479860996279, 34.529966764932574], [71.89483178048093, 34.52994165057933], [71.8948225112704, 34.529918520721594], [71.89490217422318, 34.52989666260092], [71.89497398114014, 34.530074521117236], [71.8953048412724, 34.52998388335767], [71.89532169418095, 34.530025683565746], [71.89537605046496, 34.530010752439196], [71.8953487228419, 34.529943087730324], [71.89537236693315, 34.529925211927825], [71.8953491290974, 34.52986765612687], [71.89540404125756, 34.52991691435288], [71.89544420077067, 34.52990594838628], [71.89546306842341, 34.52992283279274], [71.89562943127392, 34.529877311743995], [71.89556619084581, 34.52982063102191], [71.8955421526879, 34.52976116208298], [71.89544807906725, 34.5297868902559], [71.89543932908474, 34.52977909638807], [71.89532225717151, 34.52981117959173], [71.89517289851152, 34.529677496375136]]]]}, "properties": {"id": "Pakistan_123102132_284018", "height": 3.509724855422974, "hmax": 0.0, "ratio": 0.0, "vulnClass": "none"}}, {"type": "Feature", "geometry": {"type": "MultiPolygon", "coordinates": [[[[71.89657966842167, 34.53123816814285], [71.89638250956304, 34.53126533099547], [71.89636786546501, 34.53130479761839], [71.89635774925891, 34.53125460619304], [71.89626117460473, 34.53123033723152], [71.89630857649101, 34.53122379151107], [71.89629604600643, 34.53116236208311], [71.89635603778864, 34.53115406351908], [71.89636571361702, 34.531201449596516], [71.89650706609012, 34.531237042549584], [71.89649757769791, 34.531190472452614], [71.89647373158675, 34.53118445788261], [71.89645586325022, 34.53109666377002], [71.89647497796796, 34.53104532305686], [71.89644412867403, 34.530893564323705], [71.89650937315754, 34.53088458808169], [71.89650283827987, 34.53085233424329], [71.89596653807263, 34.5309262118587], [71.89597832157749, 34.53098428736267], [71.89613223958784, 34.53096305560297], [71.89615119586956, 34.531056736123574], [71.89618680172873, 34.53106575391506], [71.89621607508847, 34.53121008164263], [71.89606730409614, 34.53123054309424], [71.89608314949825, 34.531308280944074], [71.89640664002354, 34.53138978857417], [71.89641178688838, 34.5314154273455], [71.89661820327963, 34.531467457095594], [71.8965838576131, 34.53129839391534], [71.89659227449198, 34.53130050080746], [71.89657966842167, 34.53123816814285]]]]}, "properties": {"id": "Pakistan_123102132_34425", "height": 3.896158933639526, "hmax": 0.0, "ratio": 0.0, "vulnClass": "none"}}, {"type": "Feature", "geometry": {"type": "MultiPolygon", "coordinates": [[[[71.89114275495577, 34.5312042237347], [71.89109173764372, 34.5311849872348], [71.89105624450531, 34.53124906918387], [71.89110737400448, 34.53126821842433], [71.89114275495577, 34.5312042237347]]]]}, "properties": {"id": "Pakistan_123102132_52901", "height": 4.888379573822021, "hmax": 0.0, "ratio": 0.0, "vulnClass": "none"}}, {"type": "Feature", "geometry": {"type": "MultiPolygon", "coordinates": [[[[71.8908687904849, 34.53094216484488], [71.89116423758138, 34.53110688601448], [71.89128926983811, 34.53095459123645], [71.89114020961318, 34.530871565899], [71.89111978830297, 34.53089646324645], [71.89104979385404, 34.53085745460986], [71.89106348060714, 34.53084085823513], [71.89099359503948, 34.53080185234235], [71.89097374119626, 34.53082613318903], [71.89091847088902, 34.53079534128649], [71.89086245652375, 34.53086358721872], [71.89091111141722, 34.53089069536682], [71.8908687904849, 34.53094216484488]]]]}, "properties": {"id": "Pakistan_123102132_563689", "height": 5.610398769378662, "hmax": 0.0, "ratio": 0.0, "vulnClass": "none"}}, {"type": "Feature", "geometry": {"type": "MultiPolygon", "coordinates": [[[[71.89100831906212, 34.53081006914352], [71.89109667518592, 34.5308502667266], [71.89112158467584, 34.53081304530341], [71.89103322857662, 34.530772847739655], [71.89100831906212, 34.53081006914352]]]]}, "properties": {"id": "Pakistan_123102132_111214", "height": 3.762245178222656, "hmax": 0.0, "ratio": 0.0, "vulnClass": "none"}}, {"type": "Feature", "geometry": {"type": "MultiPolygon", "coordinates": [[[[71.89080748573109, 34.530710581748025], [71.89085509714579, 34.530756951914796], [71.89090048921179, 34.530725390085976], [71.89073727681148, 34.5305661111724], [71.89063396787097, 34.53063801900806], [71.89074957214143, 34.53075083781848], [71.89080748573109, 34.530710581748025]]]]}, "properties": {"id": "Pakistan_123102132_234698", "height": 3.239119529724121, "hmax": 0.0, "ratio": 0.0, "vulnClass": "none"}}, {"type": "Feature", "geometry": {"type": "MultiPolygon", "coordinates": [[[[71.89514698801824, 34.52770723442144], [71.89509699137463, 34.52781592539774], [71.89501452707536, 34.527790121803115], [71.8949595687476, 34.527835953367116], [71.89504688196199, 34.527907127531044], [71.89497165220658, 34.52807060860376], [71.89524596289404, 34.52815636562469], [71.89527557595493, 34.52809213268502], [71.89532749430508, 34.52809588733065], [71.89533910717303, 34.52807058482321], [71.8954462272435, 34.52810404596703], [71.89551129569871, 34.52804990870397], [71.89551463581239, 34.52801862713536], [71.89549824940919, 34.52800532109192], [71.8955451727433, 34.52800867815476], [71.89555735672661, 34.52789469852778], [71.89537934058102, 34.527881696686116], [71.89535090654255, 34.52790539946365], [71.89535020706603, 34.52791250223329], [71.89542980208624, 34.52797744078925], [71.89512943872836, 34.52788354016252], [71.89513577783018, 34.527824303321296], [71.89517238134702, 34.52782694726023], [71.89518849675493, 34.52779184462228], [71.89525710035075, 34.52784776063007], [71.89560271403467, 34.527872778268154], [71.89560543157756, 34.52784652834694], [71.89554156828474, 34.52784183898009], [71.89555304273959, 34.52773523226776], [71.89514497760702, 34.52770565099145], [71.89514698801824, 34.52770723442144]]]]}, "properties": {"id": "Pakistan_123102132_12987", "height": 2.838289737701416, "hmax": 0.0, "ratio": 0.0, "vulnClass": "none"}}, {"type": "Feature", "geometry": {"type": "MultiPolygon", "coordinates": [[[[71.89596769806377, 34.52775452431192], [71.89589678280925, 34.527754973631765], [71.8958990845276, 34.52798036663192], [71.89596999997376, 34.52797991732106], [71.89596769806377, 34.52775452431192]]]]}, "properties": {"id": "Pakistan_123102132_86566", "height": 2.62262487411499, "hmax": 0.0, "ratio": 0.0, "vulnClass": "none"}}, {"type": "Feature", "geometry": {"type": "MultiPolygon", "coordinates": [[[[71.89562486244922, 34.5277514809064], [71.8956028309738, 34.528112987734794], [71.89571243932755, 34.52811757901534], [71.89573457913707, 34.52775607490997], [71.89562486244922, 34.5277514809064]]]]}, "properties": {"id": "Pakistan_123102132_299441", "height": 2.78276252746582, "hmax": 0.0, "ratio": 0.0, "vulnClass": "none"}}, {"type": "Feature", "geometry": {"type": "MultiPolygon", "coordinates": [[[[71.89609930688067, 34.52819601254118], [71.89610058118606, 34.52824967455642], [71.89607347206443, 34.528293420906266], [71.89607527457208, 34.528370981808585], [71.8961101490851, 34.52837033667402], [71.89613064832434, 34.528337418497586], [71.8961565979283, 34.52834835384488], [71.89615825289393, 34.528418159489476], [71.89619857103504, 34.528417562668665], [71.89619834984246, 34.52841178848011], [71.89625256132784, 34.52832447581303], [71.89625170770498, 34.52828587683988], [71.89621524903963, 34.52827052804025], [71.89614670363837, 34.52827166871178], [71.89613736764976, 34.52788376582409], [71.896022071842, 34.52788570015421], [71.8960239111104, 34.52796227052289], [71.89606251560079, 34.52797848516552], [71.89604896610012, 34.52800022326677], [71.89605156482354, 34.52810619656653], [71.89588222125107, 34.528108919070604], [71.89586009168745, 34.52814468001039], [71.89580593205471, 34.52814555552778], [71.89578647553651, 34.528176787633626], [71.89584191160344, 34.52820019058303], [71.89609930688067, 34.52819601254118]]]]}, "properties": {"id": "Pakistan_123102132_213394", "height": 3.096025943756104, "hmax": 0.0, "ratio": 0.0, "vulnClass": "none"}}, {"type": "Feature", "geometry": {"type": "MultiPolygon", "coordinates": [[[[71.89541028575889, 34.528238963069334], [71.8956958247093, 34.52833032268235], [71.89574476321278, 34.52822665202414], [71.8958565874764, 34.52826248583933], [71.89587373211484, 34.528226057283554], [71.89559185585581, 34.52813578274961], [71.89559670819625, 34.528125360552515], [71.89548122167433, 34.528088441856156], [71.89541028575889, 34.528238963069334]]]]}, "properties": {"id": "Pakistan_123102132_160692", "height": 3.116645097732544, "hmax": 0.0, "ratio": 0.0, "vulnClass": "none"}}, {"type": "Feature", "geometry": {"type": "MultiPolygon", "coordinates": [[[[71.89527190534076, 34.52918770516459], [71.89522935010567, 34.52911658841695], [71.89503307120556, 34.52919640971286], [71.89498620393256, 34.52911824285958], [71.89490426715199, 34.529151490178734], [71.89499368940253, 34.52930077389401], [71.89527190534076, 34.52918770516459]]]]}, "properties": {"id": "Pakistan_123102132_74451", "height": 2.751045227050781, "hmax": 0.0, "ratio": 0.0, "vulnClass": "none"}}, {"type": "Feature", "geometry": {"type": "MultiPolygon", "coordinates": [[[[71.8953714186242, 34.529106412859896], [71.89524959188202, 34.52913458942181], [71.89526433047331, 34.52917759770937], [71.89538615727557, 34.52914942113601], [71.8953714186242, 34.529106412859896]]]]}, "properties": {"id": "Pakistan_123102132_391794", "height": 3.165622234344482, "hmax": 0.0, "ratio": 0.0, "vulnClass": "none"}}, {"type": "Feature", "geometry": {"type": "MultiPolygon", "coordinates": [[[[71.8956441868545, 34.529005102287094], [71.89572515012405, 34.52934696639611], [71.89581564634956, 34.529332503833736], [71.8957345772529, 34.52899054694813], [71.8956441868545, 34.529005102287094]]]]}, "properties": {"id": "Pakistan_123102132_250256", "height": 4.024080276489258, "hmax": 0.0, "ratio": 0.0, "vulnClass": "none"}}, {"type": "Feature", "geometry": {"type": "MultiPolygon", "coordinates": [[[[71.8965612857979, 34.528908914220494], [71.89628891283591, 34.52894389848453], [71.8963265227046, 34.52914233825722], [71.89659889631136, 34.52910735394411], [71.8965612857979, 34.528908914220494]]]]}, "properties": {"id": "Pakistan_123102132_376180", "height": 3.705734729766846, "hmax": 0.0, "ratio": 0.0, "vulnClass": "none"}}, {"type": "Feature", "geometry": {"type": "MultiPolygon", "coordinates": [[[[71.89748661065262, 34.52747624372686], [71.89736748251599, 34.52754622308026], [71.89725470086017, 34.52741590606738], [71.89713824745478, 34.52748424066472], [71.89747680406006, 34.52787537737577], [71.89758346570812, 34.527812652202925], [71.89755307711897, 34.52777753856122], [71.89768189205566, 34.527701856484946], [71.89748661065262, 34.52747624372686]]]]}, "properties": {"id": "Pakistan_123102132_370138", "height": 4.378567695617676, "hmax": 0.0, "ratio": 0.0, "vulnClass": "none"}}, {"type": "Feature", "geometry": {"type": "MultiPolygon", "coordinates": [[[[71.89752244094834, 34.52684252241831], [71.89740000372923, 34.52689898775771], [71.89743769131388, 34.52695456713155], [71.89756024074089, 34.526898014475265], [71.89752244094834, 34.52684252241831]]]]}, "properties": {"id": "Pakistan_123102132_530342", "height": 3.281903982162476, "hmax": 0.0, "ratio": 0.0, "vulnClass": "none"}}, {"type": "Feature", "geometry": {"type": "MultiPolygon", "coordinates": [[[[71.89754734371427, 34.52658825708654], [71.89748367599053, 34.52647856781066], [71.89724130730136, 34.526573895801725], [71.8973048626137, 34.52668367247177], [71.89754734371427, 34.52658825708654]]]]}, "properties": {"id": "Pakistan_123102132_572987", "height": 4.900411605834961, "hmax": 0.0, "ratio": 0.0, "vulnClass": "none"}}, {"type": "Feature", "geometry": {"type": "MultiPolygon", "coordinates": [[[[71.89717861690377, 34.5258071555676], [71.8972120307526, 34.52583702831588], [71.8973785673465, 34.5257102984183], [71.89727431503694, 34.52561724334727], [71.89714823933537, 34.52571309459181], [71.8972191832137, 34.5257763698463], [71.89717861690377, 34.5258071555676]]]]}, "properties": {"id": "Pakistan_123102132_588256", "height": 3.300772190093994, "hmax": 0.0, "ratio": 0.0, "vulnClass": "none"}}, {"type": "Feature", "geometry": {"type": "MultiPolygon", "coordinates": [[[[71.8966976778689, 34.52574012380524], [71.89664184308582, 34.525648299565965], [71.89650679952487, 34.52570408289849], [71.89656479197471, 34.525799387157804], [71.89662053419497, 34.525776378588375], [71.89661190972473, 34.52576227863467], [71.89668689769923, 34.52573128692801], [71.8967080471015, 34.52576589538971], [71.89674653868614, 34.52574992914694], [71.89677179279337, 34.5257913118915], [71.89681249384927, 34.52577450048], [71.89677277459694, 34.525709134809944], [71.8966976778689, 34.52574012380524]]]]}, "properties": {"id": "Pakistan_123102132_80514", "height": 4.821085929870605, "hmax": 0.0, "ratio": 0.0, "vulnClass": "none"}}, {"type": "Feature", "geometry": {"type": "MultiPolygon", "coordinates": [[[[71.89672404831616, 34.52598316431501], [71.89678159631073, 34.526052318367974], [71.89690028259052, 34.525985392843126], [71.89694521393275, 34.52603944402465], [71.89684309687459, 34.52609714664752], [71.89689375828324, 34.52615819374084], [71.89708541689166, 34.526050039781616], [71.89693217045738, 34.525865694836035], [71.89672404831616, 34.52598316431501]]]]}, "properties": {"id": "Pakistan_123102132_228573", "height": 4.616937160491943, "hmax": 0.0, "ratio": 0.0, "vulnClass": "none"}}, {"type": "Feature", "geometry": {"type": "MultiPolygon", "coordinates": [[[[71.89684594999024, 34.52634589842726], [71.89687931524922, 34.526406415532186], [71.89693265928891, 34.526386410392504], [71.89689929065379, 34.52632598334917], [71.89684594999024, 34.52634589842726]]]]}, "properties": {"id": "Pakistan_123102132_225454", "height": 3.00895094871521, "hmax": 0.0, "ratio": 0.0, "vulnClass": "none"}}, {"type": "Feature", "geometry": {"type": "MultiPolygon", "coordinates": [[[[71.89739194483373, 34.5264119699933], [71.89715329573234, 34.52613721273762], [71.89693150324696, 34.52626794514638], [71.89717015192426, 34.52654270281208], [71.89739194483373, 34.5264119699933]]]]}, "properties": {"id": "Pakistan_123102132_441201", "height": 5.355161666870117, "hmax": 0.0, "ratio": 0.0, "vulnClass": "none"}}, {"type": "Feature", "geometry": {"type": "MultiPolygon", "coordinates": [[[[71.89615244221227, 34.526246147836225], [71.89600423334984, 34.52628690387653], [71.89604124158811, 34.526378339623186], [71.89618944725787, 34.52633767359492], [71.89615244221227, 34.526246147836225]]]]}, "properties": {"id": "Pakistan_123102132_490501", "height": 3.199091196060181, "hmax": 0.0, "ratio": 0.0, "vulnClass": "none"}}, {"type": "Feature", "geometry": {"type": "MultiPolygon", "coordinates": [[[[71.89692555666724, 34.526806523785986], [71.89686107968988, 34.52670104991519], [71.89682624961836, 34.52670638337389], [71.89683860565079, 34.526760777896676], [71.89656578550586, 34.52631524826497], [71.89657842092716, 34.52637091178941], [71.8965254417987, 34.526284297751424], [71.89646662364255, 34.52629334742429], [71.89646169536226, 34.526285290301466], [71.89641262749913, 34.52629278526351], [71.89639958866441, 34.52627145244586], [71.89615823243612, 34.526371761374236], [71.8961752105332, 34.52636912869291], [71.89615120578011, 34.52637915387744], [71.89615559720121, 34.526398734482655], [71.89620252112502, 34.52647537006414], [71.89619774129463, 34.526454517707364], [71.89624035304905, 34.52652410328608], [71.8962425110906, 34.52653344196015], [71.89645488660311, 34.52644519477351], [71.89647111111645, 34.52647165610491], [71.89658929502903, 34.52645348052697], [71.8965332158955, 34.52647675089966], [71.89664749938035, 34.5266633502235], [71.89664123603167, 34.526635519847275], [71.8967823161281, 34.526865974667956], [71.89692555666724, 34.526806523785986]]]]}, "properties": {"id": "Pakistan_123102132_173193", "height": 3.128944158554077, "hmax": 0.0, "ratio": 0.0, "vulnClass": "none"}}, {"type": "Feature", "geometry": {"type": "MultiPolygon", "coordinates": [[[[71.89580749374683, 34.52637933366938], [71.89582282309001, 34.526421095052875], [71.8958808628162, 34.52640661786578], [71.8958655301012, 34.5263649465368], [71.89580749374683, 34.52637933366938]]]]}, "properties": {"id": "Pakistan_123102132_71358", "height": 2.474718332290649, "hmax": 0.0, "ratio": 0.0, "vulnClass": "none"}}, {"type": "Feature", "geometry": {"type": "MultiPolygon", "coordinates": [[[[71.8958489836105, 34.526273851009826], [71.89580818470402, 34.5262815560833], [71.89578166682219, 34.52618624099251], [71.89573077787523, 34.52619585256236], [71.89573422988477, 34.526208468979334], [71.89565263211497, 34.526223879037836], [71.89569720673305, 34.52638427945414], [71.89572780679332, 34.52637847816857], [71.89572991951624, 34.52638610315526], [71.89587260538529, 34.526359177696115], [71.8958489836105, 34.526273851009826]]]]}, "properties": {"id": "Pakistan_123102132_508931", "height": 2.495454788208008, "hmax": 0.0, "ratio": 0.0, "vulnClass": "none"}}, {"type": "Feature", "geometry": {"type": "MultiPolygon", "coordinates": [[[[71.89608932294843, 34.52591059652543], [71.89599841679126, 34.5259596603557], [71.89612451652074, 34.526118348829556], [71.89621542279131, 34.52606928491165], [71.89608932294843, 34.52591059652543]]]]}, "properties": {"id": "Pakistan_123102132_447376", "height": 3.407568693161011, "hmax": 0.0, "ratio": 0.0, "vulnClass": "none"}}, {"type": "Feature", "geometry": {"type": "MultiPolygon", "coordinates": [[[[71.89656787380217, 34.525557997030596], [71.89645313306013, 34.52562132710912], [71.89641595264645, 34.52557558494317], [71.89631711147159, 34.52563012563637], [71.8963542918507, 34.52567586783051], [71.89642722723876, 34.525635630427175], [71.8964500350124, 34.5256637013413], [71.896590681606, 34.525586067920116], [71.89656787380217, 34.525557997030596]]]]}, "properties": {"id": "Pakistan_123102132_123736", "height": 5.04215145111084, "hmax": 0.0, "ratio": 0.0, "vulnClass": "none"}}, {"type": "Feature", "geometry": {"type": "MultiPolygon", "coordinates": [[[[71.89616120607886, 34.52548519075886], [71.89619763369377, 34.525545335259565], [71.89634782705788, 34.52548335783511], [71.89631128720971, 34.525423300655774], [71.89616120607886, 34.52548519075886]]]]}, "properties": {"id": "Pakistan_123102132_219442", "height": 2.705879211425781, "hmax": 0.0, "ratio": 0.0, "vulnClass": "none"}}, {"type": "Feature", "geometry": {"type": "MultiPolygon", "coordinates": [[[[71.89628487119113, 34.525595054742155], [71.89619678843688, 34.525623820309015], [71.89624643154407, 34.52572693424186], [71.89629736336761, 34.52571029309915], [71.89627532316041, 34.52566448532009], [71.8963123653685, 34.525652358103706], [71.89628487119113, 34.525595054742155]]]]}, "properties": {"id": "Pakistan_123102132_465777", "height": 2.77776312828064, "hmax": 0.0, "ratio": 0.0, "vulnClass": "none"}}, {"type": "Feature", "geometry": {"type": "MultiPolygon", "coordinates": [[[[71.89545499478248, 34.52581270796683], [71.89555014949308, 34.52591022004335], [71.8956016215824, 34.52587610698942], [71.89550646684428, 34.525778594951475], [71.89545499478248, 34.52581270796683]]]]}, "properties": {"id": "Pakistan_123102132_194840", "height": 2.545223712921143, "hmax": 0.0, "ratio": 0.0, "vulnClass": "none"}}, {"type": "Feature", "geometry": {"type": "MultiPolygon", "coordinates": [[[[71.89511515790782, 34.52584642409297], [71.8951782455893, 34.525936450592184], [71.89526994341118, 34.525924722915455], [71.89525929410934, 34.52586838874361], [71.89525122902216, 34.52585682667865], [71.89527628651774, 34.52584484551262], [71.89526992806222, 34.52581079342712], [71.89524417103426, 34.5257741746858], [71.8952388187546, 34.52574528582566], [71.89516025092176, 34.525755364632566], [71.89516569525117, 34.52578470650645], [71.89511003982348, 34.525811231823404], [71.8950970188233, 34.525812883443045], [71.89504727094608, 34.52574194417263], [71.89491935255333, 34.525758338287936], [71.8949298208094, 34.52581367640484], [71.89501484481286, 34.52580277056179], [71.89502477462925, 34.52581690383691], [71.89499161702334, 34.525821197730274], [71.89494028842175, 34.52584557972433], [71.8948996435318, 34.52578758089862], [71.89481450147298, 34.52582804753236], [71.89482014321382, 34.52585793524441], [71.89483048144626, 34.525872799997906], [71.89488223908903, 34.52586618532183], [71.89490354497634, 34.52589656177141], [71.89504875462893, 34.52587790365682], [71.89511515790782, 34.52584642409297]]]]}, "properties": {"id": "Pakistan_123102132_521118", "height": 2.544847249984741, "hmax": 0.0, "ratio": 0.0, "vulnClass": "none"}}, {"type": "Feature", "geometry": {"type": "MultiPolygon", "coordinates": [[[[71.89475885477388, 34.52600383441915], [71.89481399307212, 34.52609969776219], [71.89481653612607, 34.52611625695597], [71.89483116481415, 34.52614168640892], [71.894835974705, 34.5261734457603], [71.894778177923, 34.52619604066974], [71.8947978167606, 34.52623025046644], [71.89477880837084, 34.526237698511125], [71.89479178312138, 34.52632230375993], [71.89486011246386, 34.52631520948019], [71.89486615043286, 34.526325638380094], [71.89512875493917, 34.52629834027669], [71.89512322504251, 34.5262625065935], [71.89509478769642, 34.526213020623366], [71.89514739042957, 34.52619245660913], [71.89514001722868, 34.52614467836519], [71.8950423885538, 34.52615481288007], [71.89503878736974, 34.52613155686567], [71.89499121842952, 34.52604886549222], [71.8949910543486, 34.526047419176656], [71.89494590166137, 34.52605212889371], [71.8949272805669, 34.52601983782713], [71.89498087580888, 34.525998938603266], [71.89497746548768, 34.525976408514225], [71.89496395665985, 34.52595308065118], [71.89486162630031, 34.525963726321784], [71.89475885477388, 34.52600383441915]]]]}, "properties": {"id": "Pakistan_123102132_250252", "height": 2.916438817977905, "hmax": 0.0, "ratio": 0.0, "vulnClass": "none"}}, {"type": "Feature", "geometry": {"type": "MultiPolygon", "coordinates": [[[[71.89516518813318, 34.52595081015337], [71.89519397336568, 34.52604663371987], [71.89530118614475, 34.52602475514255], [71.8952723974479, 34.52592902164352], [71.89516518813318, 34.52595081015337]]]]}, "properties": {"id": "Pakistan_123102132_234727", "height": 2.54953145980835, "hmax": 0.0, "ratio": 0.0, "vulnClass": "none"}}, {"type": "Feature", "geometry": {"type": "MultiPolygon", "coordinates": [[[[71.89483938844344, 34.526582830042194], [71.89501920735295, 34.526579474123366], [71.89503582012954, 34.5266189247756], [71.89510110005408, 34.52661770159971], [71.89510407935691, 34.526725126725644], [71.89519791257075, 34.52672336818008], [71.89519688034511, 34.5266866574713], [71.89535392290222, 34.52668371299242], [71.89535289553018, 34.526643937858026], [71.89517656483774, 34.52664720275668], [71.89515974776332, 34.52660738638828], [71.89519155638311, 34.52659837117733], [71.8952817956205, 34.52659661124846], [71.895280630954, 34.52655466941018], [71.8953165960679, 34.526553962097196], [71.8953145917125, 34.526478919798365], [71.89510720244536, 34.526482746360685], [71.89509379034722, 34.526450948397176], [71.8950926659132, 34.52640792597764], [71.89505103644377, 34.52640866935895], [71.89502934811068, 34.526414967643184], [71.89498096284628, 34.526415809492704], [71.8949678504514, 34.52638474021325], [71.89492228100812, 34.526397731617365], [71.89492341363815, 34.526437599562875], [71.89489115455764, 34.52643822080191], [71.89486803508615, 34.52638337194766], [71.89483086987984, 34.526384138724154], [71.89476372756673, 34.526403250983556], [71.89483938844344, 34.526582830042194]]]]}, "properties": {"id": "Pakistan_123102132_136065", "height": 2.683139085769653, "hmax": 0.0, "ratio": 0.0, "vulnClass": "none"}}, {"type": "Feature", "geometry": {"type": "MultiPolygon", "coordinates": [[[[71.8947490622559, 34.52685661110297], [71.89481763656057, 34.52685466071805], [71.89481343259116, 34.52675675860994], [71.89474485836715, 34.526758708996844], [71.8947490622559, 34.52685661110297]]]]}, "properties": {"id": "Pakistan_123102132_179426", "height": 3.635475158691406, "hmax": 0.0, "ratio": 0.0, "vulnClass": "none"}}, {"type": "Feature", "geometry": {"type": "MultiPolygon", "coordinates": [[[[71.89614675881265, 34.526712986488164], [71.89621938402092, 34.526833630185344], [71.8963786253412, 34.526768547994465], [71.89630610874755, 34.5266479071492], [71.89614675881265, 34.526712986488164]]]]}, "properties": {"id": "Pakistan_123102132_207230", "height": 2.977001190185547, "hmax": 0.0, "ratio": 0.0, "vulnClass": "none"}}, {"type": "Feature", "geometry": {"type": "MultiPolygon", "coordinates": [[[[71.89582326378509, 34.52678750011695], [71.89576895831208, 34.52680405521154], [71.89573144165026, 34.52672044809446], [71.89566061508029, 34.526741990862945], [71.89571775295563, 34.52686909099183], [71.8958427763195, 34.52683099032572], [71.89582326378509, 34.52678750011695]]]]}, "properties": {"id": "Pakistan_123102132_151430", "height": 2.563411235809326, "hmax": 0.0, "ratio": 0.0, "vulnClass": "none"}}, {"type": "Feature", "geometry": {"type": "MultiPolygon", "coordinates": [[[[71.89605795392806, 34.52700456368906], [71.89604816190659, 34.52692806141216], [71.89584013089555, 34.52694620414042], [71.89583159655335, 34.5268798288304], [71.89574517200498, 34.526887364634355], [71.89576360683269, 34.527030245000624], [71.89605795392806, 34.52700456368906]]]]}, "properties": {"id": "Pakistan_123102132_89673", "height": 3.160572528839111, "hmax": 0.0, "ratio": 0.0, "vulnClass": "none"}}, {"type": "Feature", "geometry": {"type": "MultiPolygon", "coordinates": [[[[71.89610820711555, 34.52727894740374], [71.89606886409462, 34.52708028320406], [71.89603147465174, 34.52704895700518], [71.89600462188439, 34.52708874399025], [71.89586005147618, 34.527022693693176], [71.8958960203949, 34.52720369602407], [71.89577463808972, 34.5272199868489], [71.89578565773316, 34.52727515866398], [71.89570203668845, 34.527286371098036], [71.89574468377393, 34.52750161392832], [71.89567419590692, 34.527511087375004], [71.89568399838717, 34.5275609103378], [71.8957596033483, 34.5275954622177], [71.8956363574022, 34.52761206600995], [71.89564654156852, 34.52766334082594], [71.89554795097247, 34.52774330489451], [71.8957770396734, 34.52771244877911], [71.89576932824248, 34.527673765474404], [71.89572565781393, 34.5276795947709], [71.89568699939804, 34.52764724470914], [71.895776533026, 34.527635191243284], [71.89577349768342, 34.52762015181593], [71.89602962114628, 34.52758565656331], [71.89604181800141, 34.52764725780403], [71.89611110242463, 34.52763793380135], [71.89615029297023, 34.52757971281143], [71.89612276829504, 34.52744110795756], [71.89606975975552, 34.527416865559545], [71.8960618673826, 34.52737718619452], [71.8959357795194, 34.52739407854388], [71.89584114069994, 34.52731487700693], [71.89610820711555, 34.52727894740374]]]]}, "properties": {"id": "Pakistan_123102132_256314", "height": 3.142556190490723, "hmax": 0.0, "ratio": 0.0, "vulnClass": "none"}}, {"type": "Feature", "geometry": {"type": "MultiPolygon", "coordinates": [[[[71.89585710263265, 34.527037580884446], [71.89577963146652, 34.5270415588589], [71.89578744067084, 34.52714505084144], [71.89586491527777, 34.527140982818544], [71.89585710263265, 34.527037580884446]]]]}, "properties": {"id": "Pakistan_123102132_265617", "height": 2.808261871337891, "hmax": 0.0, "ratio": 0.0, "vulnClass": "none"}}, {"type": "Feature", "geometry": {"type": "MultiPolygon", "coordinates": [[[[71.89611664782664, 34.52709564971386], [71.89611431374082, 34.52703826524819], [71.89606492879572, 34.52703962289229], [71.8960672628475, 34.52709700735706], [71.89611664782664, 34.52709564971386]]]]}, "properties": {"id": "Pakistan_123102132_179437", "height": 3.404128551483154, "hmax": 0.0, "ratio": 0.0, "vulnClass": "none"}}, {"type": "Feature", "geometry": {"type": "MultiPolygon", "coordinates": [[[[71.89571119081302, 34.526902093278714], [71.89564064011466, 34.52691913635994], [71.8956539505806, 34.526956610112], [71.89545142257279, 34.52700544752311], [71.89548327143386, 34.527095039612476], [71.89554151591186, 34.52708092834792], [71.8955687294204, 34.527157513354254], [71.8956724667762, 34.527132481520205], [71.89565895539604, 34.52709455198952], [71.89571686675109, 34.52708061243266], [71.89570453724943, 34.52704604792417], [71.89575783534254, 34.527033162720635], [71.89571119081302, 34.526902093278714]]]]}, "properties": {"id": "Pakistan_123102132_43638", "height": 3.090917825698853, "hmax": 0.0, "ratio": 0.0, "vulnClass": "none"}}, {"type": "Feature", "geometry": {"type": "MultiPolygon", "coordinates": [[[[71.89479780443818, 34.52686082592625], [71.8947958135628, 34.52690268745805], [71.89486009949623, 34.526904774071625], [71.89486209368505, 34.52686282248842], [71.89479780443818, 34.52686082592625]]]]}, "properties": {"id": "Pakistan_123102132_447363", "height": 3.807859420776367, "hmax": 0.0, "ratio": 0.0, "vulnClass": "none"}}, {"type": "Feature", "geometry": {"type": "MultiPolygon", "coordinates": [[[[71.89486373919536, 34.52692992387776], [71.8947166643499, 34.52693717739634], [71.89471941379092, 34.52697456273966], [71.89471133893267, 34.526974988179724], [71.89472211239566, 34.527124704111046], [71.89487715029598, 34.527117112433885], [71.89486373919536, 34.52692992387776]]]]}, "properties": {"id": "Pakistan_123102132_376167", "height": 2.57422399520874, "hmax": 0.0, "ratio": 0.0, "vulnClass": "none"}}, {"type": "Feature", "geometry": {"type": "MultiPolygon", "coordinates": [[[[71.89452965988728, 34.526996142759174], [71.89471044230723, 34.52699912120685], [71.89471241390926, 34.52691967341328], [71.89459976919198, 34.52691770801486], [71.89460160545691, 34.526844836544655], [71.89453347133083, 34.52684373346317], [71.89452965988728, 34.526996142759174]]]]}, "properties": {"id": "Pakistan_123102132_539411", "height": 2.57422399520874, "hmax": 0.0, "ratio": 0.0, "vulnClass": "none"}}, {"type": "Feature", "geometry": {"type": "MultiPolygon", "coordinates": [[[[71.89206974981629, 34.52595772501283], [71.89207907127839, 34.52600870769495], [71.89214198382591, 34.5260008460381], [71.89213265897726, 34.52594995340711], [71.89206974981629, 34.52595772501283]]]]}, "properties": {"id": "Pakistan_123102132_311826", "height": 3.167271137237549, "hmax": 0.0, "ratio": 0.0, "vulnClass": "none"}}, {"type": "Feature", "geometry": {"type": "MultiPolygon", "coordinates": [[[[71.89107288639356, 34.52620525524251], [71.89084491453589, 34.5262090909382], [71.89084630264325, 34.52626545983295], [71.89107427130573, 34.52626171419129], [71.89107288639356, 34.52620525524251]]]]}, "properties": {"id": "Pakistan_123102132_108111", "height": 2.882341384887695, "hmax": 0.0, "ratio": 0.0, "vulnClass": "none"}}, {"type": "Feature", "geometry": {"type": "MultiPolygon", "coordinates": [[[[71.89177076473202, 34.52626927273996], [71.89140305498293, 34.52632029512623], [71.8914214797083, 34.52641053763277], [71.89171102626374, 34.52637041326283], [71.89172392112941, 34.52643365503624], [71.89187783801606, 34.52641224814478], [71.89188943413693, 34.52646941786656], [71.89200164291775, 34.5264537985857], [71.8919797159332, 34.52634643167852], [71.89192487456316, 34.52635395802731], [71.89185992262468, 34.526035934392105], [71.8917931450484, 34.526045229721795], [71.891776472424, 34.525963504454474], [71.89171024225737, 34.52597272355043], [71.89177076473202, 34.52626927273996]]]]}, "properties": {"id": "Pakistan_123102132_579106", "height": 2.622148513793945, "hmax": 0.0, "ratio": 0.0, "vulnClass": "none"}}, {"type": "Feature", "geometry": {"type": "MultiPolygon", "coordinates": [[[[71.89249704922271, 34.52587685159586], [71.89255800487331, 34.52590111761367], [71.89259533387977, 34.52583735224253], [71.89253448706346, 34.52581308901588], [71.89249704922271, 34.52587685159586]]]]}, "properties": {"id": "Pakistan_123102132_459682", "height": 2.599412679672241, "hmax": 0.0, "ratio": 0.0, "vulnClass": "none"}}, {"type": "Feature", "geometry": {"type": "MultiPolygon", "coordinates": [[[[71.89245392577108, 34.52560436081942], [71.89235936755787, 34.525572929619464], [71.8923360370966, 34.52562046683445], [71.89243059535204, 34.52565189805472], [71.89245392577108, 34.52560436081942]]]]}, "properties": {"id": "Pakistan_123102132_333293", "height": 3.019271373748779, "hmax": 0.0, "ratio": 0.0, "vulnClass": "none"}}, {"type": "Feature", "geometry": {"type": "MultiPolygon", "coordinates": [[[[71.89440665231974, 34.52566101556508], [71.89435378793387, 34.525647592179936], [71.89433891979533, 34.52568723315042], [71.89439178420291, 34.52570065654315], [71.89440665231974, 34.52566101556508]]]]}, "properties": {"id": "Pakistan_123102132_364049", "height": 3.012219905853271, "hmax": 0.0, "ratio": 0.0, "vulnClass": "none"}}, {"type": "Feature", "geometry": {"type": "MultiPolygon", "coordinates": [[[[71.89429572093329, 34.52562177816571], [71.89426599563029, 34.525583525956414], [71.89418979865337, 34.52562358888585], [71.8942195239328, 34.52566184111241], [71.89429572093329, 34.52562177816571]]]]}, "properties": {"id": "Pakistan_123102132_12976", "height": 3.419674396514893, "hmax": 0.0, "ratio": 0.0, "vulnClass": "none"}}, {"type": "Feature", "geometry": {"type": "MultiPolygon", "coordinates": [[[[71.89452929662309, 34.525373275275335], [71.8944608999218, 34.525402720849335], [71.89450411059549, 34.525470789957176], [71.89450405894068, 34.52548097375749], [71.89443895229255, 34.52548048850675], [71.8943904905831, 34.52540426382859], [71.89424395519292, 34.525467413508636], [71.89424390685237, 34.52547750725856], [71.89430388838099, 34.52557196180937], [71.89435855970194, 34.52554847636409], [71.89438806493969, 34.52554868650584], [71.89438785614449, 34.525568961286886], [71.89444062997497, 34.525652236013116], [71.89453038690313, 34.525613599630006], [71.89449078010354, 34.5255511204088], [71.89452763658919, 34.525535203397], [71.89452929662309, 34.525373275275335]]]]}, "properties": {"id": "Pakistan_123102132_407220", "height": 3.829477310180664, "hmax": 0.0, "ratio": 0.0, "vulnClass": "none"}}, {"type": "Feature", "geometry": {"type": "MultiPolygon", "coordinates": [[[[71.89464026969988, 34.52548173624907], [71.8946026597992, 34.525488620746124], [71.89464930674875, 34.525543347326305], [71.89469744189276, 34.52553456745774], [71.89467476056943, 34.52545034611433], [71.89475140477423, 34.525436342909444], [71.894737818383, 34.52538579265219], [71.89481698836393, 34.52537122274385], [71.89485106495984, 34.52549755611386], [71.89496104236463, 34.525477460711315], [71.89492312871846, 34.52533714912604], [71.89495349527162, 34.525372803619945], [71.89498452685224, 34.525367103625996], [71.89506989350544, 34.52546716113128], [71.89512876161689, 34.52568543078153], [71.89526012277709, 34.52566137253407], [71.89524193572146, 34.52559394038201], [71.89525366779196, 34.52559180528134], [71.89514713568751, 34.525196652148466], [71.89497421854495, 34.525228305704005], [71.89494004307244, 34.52510169944499], [71.89499079357346, 34.525072345367725], [71.89507093734001, 34.52516641126977], [71.89512806415061, 34.52515596720943], [71.89512509940548, 34.52514489545025], [71.8947077787022, 34.52465539531311], [71.8946618368043, 34.52466378034718], [71.89460307218582, 34.52469779756467], [71.89459253935878, 34.52465886212582], [71.89442642234194, 34.524689245847206], [71.89464026969988, 34.52548173624907]]]]}, "properties": {"id": "Pakistan_123102132_545534", "height": 2.955393314361572, "hmax": 0.0, "ratio": 0.0, "vulnClass": "none"}}, {"type": "Feature", "geometry": {"type": "MultiPolygon", "coordinates": [[[[71.89431887076422, 34.524529765943605], [71.89434504060523, 34.52449663183574], [71.89420388708456, 34.524420842098785], [71.89417691881215, 34.52445494732498], [71.89414115006797, 34.524435739763774], [71.89408218867813, 34.52451022177801], [71.89425046553126, 34.52460049246559], [71.8943101131049, 34.52452512649483], [71.89431887076422, 34.524529765943605]]]]}, "properties": {"id": "Pakistan_123102132_173167", "height": 3.483412981033325, "hmax": 0.0, "ratio": 0.0, "vulnClass": "none"}}, {"type": "Feature", "geometry": {"type": "MultiPolygon", "coordinates": [[[[71.89378073108617, 34.524850554722754], [71.89372419354478, 34.52497701527901], [71.89382800309346, 34.52500859077984], [71.8939060336489, 34.524834185318134], [71.89377153074669, 34.52479335599318], [71.89375004088772, 34.52484121076812], [71.89378073108617, 34.524850554722754]]]]}, "properties": {"id": "Pakistan_123102132_117470", "height": 3.365747451782227, "hmax": 0.0, "ratio": 0.0, "vulnClass": "none"}}, {"type": "Feature", "geometry": {"type": "MultiPolygon", "coordinates": [[[[71.89351442518995, 34.52488965346081], [71.8934767502671, 34.524901222914096], [71.8934952735817, 34.524941984265666], [71.89358230689346, 34.52491508675086], [71.89351888297539, 34.52477556750247], [71.89346952802474, 34.52479080548908], [71.89351442518995, 34.52488965346081]]]]}, "properties": {"id": "Pakistan_123102132_231660", "height": 3.096068620681763, "hmax": 0.0, "ratio": 0.0, "vulnClass": "none"}}, {"type": "Feature", "geometry": {"type": "MultiPolygon", "coordinates": [[[[71.89330242616535, 34.52446089805536], [71.89321673212973, 34.52446349337318], [71.89321865576218, 34.524508428947776], [71.89309709623801, 34.52451200383497], [71.8931012999371, 34.5246069315476], [71.89327900539065, 34.524601721595225], [71.89327572730093, 34.52452583566647], [71.89330516351616, 34.52452496269842], [71.89330242616535, 34.52446089805536]]]]}, "properties": {"id": "Pakistan_123102132_447347", "height": 2.668726444244385, "hmax": 0.0, "ratio": 0.0, "vulnClass": "none"}}, {"type": "Feature", "geometry": {"type": "MultiPolygon", "coordinates": [[[[71.8928443146287, 34.52465311630995], [71.89278971718404, 34.52467462002115], [71.89290155947657, 34.52486801059528], [71.89306037235855, 34.52480562580242], [71.89300685383019, 34.52471313792227], [71.89304178024828, 34.52469933542229], [71.89301824570877, 34.52465862667986], [71.89298630376697, 34.52467124329312], [71.89295078943881, 34.52461003955127], [71.89284369864929, 34.52465210915408], [71.8928443146287, 34.52465311630995]]]]}, "properties": {"id": "Pakistan_123102132_551564", "height": 3.976729154586792, "hmax": 0.0, "ratio": 0.0, "vulnClass": "none"}}, {"type": "Feature", "geometry": {"type": "MultiPolygon", "coordinates": [[[[71.89306237224189, 34.524748892477085], [71.89309224248095, 34.52480959194768], [71.89314837154197, 34.524790831109655], [71.89316426833662, 34.52482314319641], [71.8931979042616, 34.524811831539594], [71.89317087283425, 34.524756792662345], [71.89321001902576, 34.52474372848881], [71.89319128333406, 34.5247057558364], [71.89306237224189, 34.524748892477085]]]]}, "properties": {"id": "Pakistan_123102132_256287", "height": 3.296005725860596, "hmax": 0.0, "ratio": 0.0, "vulnClass": "none"}}, {"type": "Feature", "geometry": {"type": "MultiPolygon", "coordinates": [[[[71.89306265076893, 34.525119349166054], [71.89301083699343, 34.52519779822157], [71.89310810178638, 34.52524137574354], [71.89317965172434, 34.525132963948565], [71.89313498473096, 34.52511289859772], [71.89311513969982, 34.52514285851486], [71.89306265076893, 34.525119349166054]]]]}, "properties": {"id": "Pakistan_123102132_160670", "height": 2.955932378768921, "hmax": 0.0, "ratio": 0.0, "vulnClass": "none"}}, {"type": "Feature", "geometry": {"type": "MultiPolygon", "coordinates": [[[[71.89307474186516, 34.524987430858175], [71.89311198392599, 34.52506075647759], [71.89322605011161, 34.52502147812672], [71.89318880796267, 34.5249481525373], [71.89307474186516, 34.524987430858175]]]]}, "properties": {"id": "Pakistan_123102132_317980", "height": 2.470035552978516, "hmax": 0.0, "ratio": 0.0, "vulnClass": "none"}}, {"type": "Feature", "geometry": {"type": "MultiPolygon", "coordinates": [[[[71.89321358278498, 34.5249642863211], [71.89324292923143, 34.52501857292787], [71.89333468122027, 34.52498485543677], [71.8933054401761, 34.52493066166781], [71.89321358278498, 34.5249642863211]]]]}, "properties": {"id": "Pakistan_123102132_65203", "height": 2.574769496917725, "hmax": 0.0, "ratio": 0.0, "vulnClass": "none"}}, {"type": "Feature", "geometry": {"type": "MultiPolygon", "coordinates": [[[[71.89361439992597, 34.52506543562687], [71.89365872255824, 34.52498634492489], [71.89356271655525, 34.52494992045325], [71.89351850600407, 34.52502892383819], [71.89361439992597, 34.52506543562687]]]]}, "properties": {"id": "Pakistan_123102132_101879", "height": 3.127542018890381, "hmax": 0.0, "ratio": 0.0, "vulnClass": "none"}}, {"type": "Feature", "geometry": {"type": "MultiPolygon", "coordinates": [[[[71.89305126445937, 34.525276252454844], [71.89298268217709, 34.52542493936519], [71.89321230143867, 34.525496853869164], [71.89327021774686, 34.52537142016511], [71.89319281655628, 34.52534718646015], [71.89320358767209, 34.52532402593364], [71.89305126445937, 34.525276252454844]]]]}, "properties": {"id": "Pakistan_123102132_163759", "height": 3.011417865753174, "hmax": 0.0, "ratio": 0.0, "vulnClass": "none"}}, {"type": "Feature", "geometry": {"type": "MultiPolygon", "coordinates": [[[[71.89247825066724, 34.525360177174555], [71.89259952183531, 34.52537318020013], [71.89260049434608, 34.52536752654252], [71.8928326220407, 34.52539245583229], [71.89283563994964, 34.52537279339718], [71.89287010300947, 34.52535681594827], [71.89291479690876, 34.525393737087086], [71.89294636427175, 34.525397064631285], [71.89301500734776, 34.52534049594856], [71.89300281497997, 34.52534622446113], [71.89309122949824, 34.52527339428753], [71.89304784304757, 34.52526868424026], [71.89296315523276, 34.5251445769711], [71.89302752976657, 34.52509150493375], [71.89303066980285, 34.52507148506624], [71.89298576175646, 34.525034468385634], [71.89294107317887, 34.52502963501482], [71.892929602181, 34.52501302872772], [71.8928469472624, 34.52500416403769], [71.8928117644456, 34.52497505630015], [71.89272588417833, 34.52501487173709], [71.89271892606192, 34.52505849953469], [71.89265162882367, 34.52511402072065], [71.89271163168262, 34.52520198691809], [71.89266439705851, 34.525163108201575], [71.89258665315612, 34.52522719642431], [71.89260390227109, 34.52525242245407], [71.8926280979048, 34.5252724173558], [71.89260217485823, 34.525269594001905], [71.8925524026762, 34.52531068935006], [71.89248710209245, 34.52530370849359], [71.89247825066724, 34.525360177174555]]]]}, "properties": {"id": "Pakistan_123102132_314936", "height": 3.919488906860352, "hmax": 0.0, "ratio": 0.0, "vulnClass": "none"}}, {"type": "Feature", "geometry": {"type": "MultiPolygon", "coordinates": [[[[71.89109984721597, 34.52509684754686], [71.89105348531096, 34.52516335670922], [71.89114231271554, 34.52520536879681], [71.89115382242534, 34.52518871690826], [71.89112160934476, 34.525173474808554], [71.8911563527088, 34.52512361473663], [71.89109984721597, 34.52509684754686]]]]}, "properties": {"id": "Pakistan_123102132_536400", "height": 2.771615028381348, "hmax": 0.0, "ratio": 0.0, "vulnClass": "none"}}, {"type": "Feature", "geometry": {"type": "MultiPolygon", "coordinates": [[[[71.89109697821397, 34.52509785605448], [71.8910083469364, 34.525047646771384], [71.89091636158689, 34.52515788000549], [71.89115868653809, 34.52529510841926], [71.89119937713008, 34.525246391327265], [71.89104557474641, 34.52515936954722], [71.89109697821397, 34.52509785605448]]]]}, "properties": {"id": "Pakistan_123102132_136035", "height": 2.771615028381348, "hmax": 0.376, "ratio": 0.136, "vulnClass": "low"}}, {"type": "Feature", "geometry": {"type": "MultiPolygon", "coordinates": [[[[71.89107935399942, 34.52491876210926], [71.89101214954798, 34.525068384264465], [71.89124560067383, 34.52513967896888], [71.8912721957752, 34.52508050776946], [71.89112984200644, 34.52503704192851], [71.89115430123738, 34.5249825934227], [71.89117077352171, 34.52498770004405], [71.89118703556933, 34.52495161022257], [71.89107935399942, 34.52491876210926]]]]}, "properties": {"id": "Pakistan_123102132_123694", "height": 3.555197954177856, "hmax": 0.0, "ratio": 0.0, "vulnClass": "none"}}, {"type": "Feature", "geometry": {"type": "MultiPolygon", "coordinates": [[[[71.89120085018445, 34.52513944019962], [71.89115040232507, 34.52521332639546], [71.8912094990315, 34.525240700382675], [71.89125994685895, 34.52516681416073], [71.89120085018445, 34.52513944019962]]]]}, "properties": {"id": "Pakistan_123102132_388731", "height": 2.892736196517944, "hmax": 0.0, "ratio": 0.0, "vulnClass": "none"}}, {"type": "Feature", "geometry": {"type": "MultiPolygon", "coordinates": [[[[71.89154109364942, 34.52465255320402], [71.89152318984394, 34.524683012969426], [71.89169188267616, 34.52475031363357], [71.8917666328004, 34.524623236415344], [71.89165803421571, 34.52457990995292], [71.8916011877655, 34.52467652732346], [71.89154109364942, 34.52465255320402]]]]}, "properties": {"id": "Pakistan_123102132_569794", "height": 2.452765703201294, "hmax": 0.125, "ratio": 0.051, "vulnClass": "low"}}, {"type": "Feature", "geometry": {"type": "MultiPolygon", "coordinates": [[[[71.89251058483575, 34.524915199320965], [71.89255122595132, 34.5249644558259], [71.8927580836515, 34.52484885417642], [71.89271755460706, 34.52479951045819], [71.89251058483575, 34.524915199320965]]]]}, "properties": {"id": "Pakistan_123102132_68323", "height": 4.44117546081543, "hmax": 0.0, "ratio": 0.0, "vulnClass": "none"}}, {"type": "Feature", "geometry": {"type": "MultiPolygon", "coordinates": [[[[71.89239305098091, 34.52449705027204], [71.89245300124561, 34.524630352498], [71.89251667097534, 34.52461088265011], [71.89245671727033, 34.52447767049883], [71.89239305098091, 34.52449705027204]]]]}, "properties": {"id": "Pakistan_123102132_391773", "height": 2.925119400024414, "hmax": 0.0, "ratio": 0.0, "vulnClass": "none"}}, {"type": "Feature", "geometry": {"type": "MultiPolygon", "coordinates": [[[[71.89196959153004, 34.524076517463186], [71.89197086660121, 34.5241418067365], [71.8920904989516, 34.52414025695153], [71.89208933258591, 34.5240749704455], [71.89196959153004, 34.524076517463186]]]]}, "properties": {"id": "Pakistan_123102132_407198", "height": 4.568334579467773, "hmax": 0.0, "ratio": 0.0, "vulnClass": "none"}}, {"type": "Feature", "geometry": {"type": "MultiPolygon", "coordinates": [[[[71.89218565331228, 34.524088239690414], [71.89218399232641, 34.524244218827164], [71.8919774592344, 34.524242744126354], [71.89197645768863, 34.52433997287378], [71.89226072746521, 34.52434198527897], [71.8922633895212, 34.52408877736577], [71.89218565331228, 34.524088239690414]]]]}, "properties": {"id": "Pakistan_123102132_139189", "height": 3.591245174407959, "hmax": 0.0, "ratio": 0.0, "vulnClass": "none"}}, {"type": "Feature", "geometry": {"type": "MultiPolygon", "coordinates": [[[[71.8923188983653, 34.52436203431414], [71.89172101627874, 34.524362219033584], [71.8916531424156, 34.52433074597504], [71.89154303883657, 34.52449189440623], [71.89192395378564, 34.52466834460566], [71.8919886412221, 34.52466836983802], [71.89201087176187, 34.52463576686015], [71.89188882545284, 34.5245792089639], [71.89188885245603, 34.52454919513301], [71.89174496616411, 34.524482526633165], [71.89174487170582, 34.52437670727882], [71.89178516437084, 34.524376742152754], [71.89178515912502, 34.524403241323526], [71.89186019570477, 34.52440316969742], [71.89186024066304, 34.52443417683208], [71.89190979137277, 34.524434177080195], [71.89191578378447, 34.524425316344], [71.89207217072682, 34.524425243562305], [71.89207222068086, 34.524476621041686], [71.89205748071544, 34.5244981481056], [71.8920239369161, 34.524498195081335], [71.89202388804804, 34.52455515833147], [71.89199336523903, 34.5245998984212], [71.89205653261651, 34.52462908821636], [71.89211618885899, 34.52454182595118], [71.8922282776018, 34.524593803600844], [71.89226640291616, 34.524537900224324], [71.89231900344306, 34.52453788784707], [71.8923188983653, 34.52436203431414]]]]}, "properties": {"id": "Pakistan_123102132_111224", "height": 6.843913078308105, "hmax": 0.125, "ratio": 0.018, "vulnClass": "low"}}, {"type": "Feature", "geometry": {"type": "MultiPolygon", "coordinates": [[[[71.89114030713618, 34.524416017201716], [71.89142889265528, 34.524509897594086], [71.89153703546604, 34.52428434387604], [71.89124845056476, 34.52419046377221], [71.89114030713618, 34.524416017201716]]]]}, "properties": {"id": "Pakistan_123102132_22209", "height": 3.646336078643799, "hmax": 0.12, "ratio": 0.033, "vulnClass": "low"}}, {"type": "Feature", "geometry": {"type": "MultiPolygon", "coordinates": [[[[71.89093093465678, 34.524069256440384], [71.89114000554176, 34.52412253428877], [71.89121459287506, 34.52392370685535], [71.89116712659542, 34.52391159139167], [71.89117619410027, 34.52388739617823], [71.89101458996555, 34.52384623395839], [71.89093093465678, 34.524069256440384]]]]}, "properties": {"id": "Pakistan_123102132_474987", "height": 2.709314584732056, "hmax": 0.0, "ratio": 0.0, "vulnClass": "none"}}, {"type": "Feature", "geometry": {"type": "MultiPolygon", "coordinates": [[[[71.89260328168508, 34.52407976707491], [71.89261099304154, 34.524080323981224], [71.89286862092312, 34.52400215855153], [71.89283956455616, 34.52393715333819], [71.8928655591268, 34.52392925253819], [71.89284535074417, 34.523884031641266], [71.89279951281327, 34.52386618971294], [71.89275490360868, 34.52387974559189], [71.89278486209535, 34.523946846870416], [71.89272066895056, 34.523942327978006], [71.89266527018003, 34.52395903415511], [71.89266177188603, 34.523965254432404], [71.89260476949048, 34.523943072112765], [71.89258287582832, 34.52398127208279], [71.8925810329638, 34.52399862096088], [71.89255713732443, 34.52399693084161], [71.89254688519411, 34.52409401417707], [71.8925345390061, 34.52411560226439], [71.89245198713995, 34.52408348545817], [71.8924275290504, 34.52412621690878], [71.89237003279, 34.524143680733125], [71.89236010514051, 34.524237888029475], [71.89237556469529, 34.52424387003163], [71.89237236929979, 34.52427416371341], [71.89234278579687, 34.524325868117415], [71.89233653724621, 34.52438555776299], [71.8924455845956, 34.52439338237093], [71.89246408727433, 34.52421791256875], [71.89252024283847, 34.52422186638254], [71.89256600713696, 34.524142091731356], [71.89256554683614, 34.52414568535812], [71.89260328168508, 34.52407976707491]]]]}, "properties": {"id": "Pakistan_123102132_821", "height": 4.77948522567749, "hmax": 0.0, "ratio": 0.0, "vulnClass": "none"}}, {"type": "Feature", "geometry": {"type": "MultiPolygon", "coordinates": [[[[71.89301706110335, 34.523700204583015], [71.89298327403439, 34.523569101056715], [71.89275735976518, 34.52360859575679], [71.89279114648564, 34.52373969932671], [71.89301706110335, 34.523700204583015]]]]}, "properties": {"id": "Pakistan_123102132_80479", "height": 3.58148717880249, "hmax": 0.0, "ratio": 0.0, "vulnClass": "none"}}, {"type": "Feature", "geometry": {"type": "MultiPolygon", "coordinates": [[[[71.89312898480406, 34.5236862894279], [71.89338480439737, 34.52370361858262], [71.89339158094667, 34.523635559859514], [71.89321408159378, 34.52362355973854], [71.8932274424626, 34.52348969076579], [71.89318475157258, 34.52348680117626], [71.89318107786963, 34.523524113144994], [71.8931454488318, 34.52352167373929], [71.89312898480406, 34.5236862894279]]]]}, "properties": {"id": "Pakistan_123102132_52916", "height": 2.777535676956177, "hmax": 0.0, "ratio": 0.0, "vulnClass": "none"}}, {"type": "Feature", "geometry": {"type": "MultiPolygon", "coordinates": [[[[71.89354744194448, 34.5237082096857], [71.89345773785695, 34.52368393338736], [71.89343791531535, 34.523733813505494], [71.89352751064948, 34.523758087051064], [71.89354744194448, 34.5237082096857]]]]}, "properties": {"id": "Pakistan_123102132_62212", "height": 5.172142028808594, "hmax": 0.0, "ratio": 0.0, "vulnClass": "none"}}, {"type": "Feature", "geometry": {"type": "MultiPolygon", "coordinates": [[[[71.89299272009914, 34.52392437834284], [71.89298093930384, 34.52386630265846], [71.89285736215002, 34.52388316575114], [71.89286903406081, 34.52394123867248], [71.89299272009914, 34.52392437834284]]]]}, "properties": {"id": "Pakistan_123102132_527269", "height": 3.553811311721802, "hmax": 0.0, "ratio": 0.0, "vulnClass": "none"}}, {"type": "Feature", "geometry": {"type": "MultiPolygon", "coordinates": [[[[71.893256956163, 34.5242719918291], [71.89324591569233, 34.524109019346426], [71.8931843922096, 34.524111779362805], [71.8931815898515, 34.524069976094324], [71.89304250258917, 34.52407634949319], [71.89305149535305, 34.524209435581284], [71.89305956994257, 34.52420901023705], [71.89306441285721, 34.52428087999354], [71.893256956163, 34.5242719918291]]]]}, "properties": {"id": "Pakistan_123102132_566752", "height": 3.255135297775269, "hmax": 0.0, "ratio": 0.0, "vulnClass": "none"}}, {"type": "Feature", "geometry": {"type": "MultiPolygon", "coordinates": [[[[71.89277502253863, 34.52419103897277], [71.89277066540633, 34.52415298172666], [71.89272545175564, 34.524156427221705], [71.89272980551986, 34.52419457451679], [71.89277502253863, 34.52419103897277]]]]}, "properties": {"id": "Pakistan_123102132_287117", "height": 2.457660675048828, "hmax": 0.0, "ratio": 0.0, "vulnClass": "none"}}, {"type": "Feature", "geometry": {"type": "MultiPolygon", "coordinates": [[[[71.89260988704137, 34.524335644633084], [71.8926130156505, 34.524477053967004], [71.89261977462611, 34.52447686555139], [71.89272900661221, 34.52461448716182], [71.89290029455178, 34.52461199862446], [71.8928979473182, 34.52450522053138], [71.8929191732683, 34.524493773220485], [71.89291994173766, 34.524528764672], [71.89298645537713, 34.524547042883164], [71.89298773788323, 34.52460629339493], [71.89307719654735, 34.52460496583456], [71.89307190890726, 34.52436633736155], [71.89300762003951, 34.524367314331194], [71.89300929267074, 34.5244424383134], [71.89294489829363, 34.524443322428006], [71.89294217259867, 34.52431742634601], [71.89300918476303, 34.52431642861678], [71.89300999347634, 34.52435619818164], [71.89307711447363, 34.52435520318696], [71.89307593404087, 34.524301994231486], [71.8930461798162, 34.52429384567639], [71.89304445355143, 34.52421430377422], [71.89296567439054, 34.52421545257932], [71.89302235033318, 34.524184898194044], [71.8930209840699, 34.52412204019744], [71.8929436878889, 34.524100873585915], [71.8929239650896, 34.52410118259665], [71.89292518059395, 34.524156375387], [71.89289031123779, 34.52415692965571], [71.8928922282087, 34.524243056174164], [71.89274273104911, 34.52424528840437], [71.89270675716112, 34.52433414553678], [71.89260988704137, 34.524335644633084]]]]}, "properties": {"id": "Pakistan_123102132_521096", "height": 3.45145845413208, "hmax": 0.0, "ratio": 0.0, "vulnClass": "none"}}, {"type": "Feature", "geometry": {"type": "MultiPolygon", "coordinates": [[[[71.89336110995382, 34.52419172049616], [71.89330314066586, 34.524611619848656], [71.89343157704644, 34.52465743285515], [71.89345733865524, 34.524755433143596], [71.89385693057042, 34.52479282588075], [71.8938800172709, 34.524748887483376], [71.89377952384403, 34.52471307002945], [71.8938762184433, 34.52469579213969], [71.89384530393615, 34.52457819186777], [71.89363980490123, 34.52450490969324], [71.89356468626345, 34.5246478423051], [71.89358121396579, 34.52452838518272], [71.89342168303389, 34.524513417656635], [71.89351789837072, 34.52433028176134], [71.89399284535638, 34.52449965536101], [71.89395530572546, 34.524771354423045], [71.89401667782086, 34.52479319669121], [71.8938853183651, 34.52485240583225], [71.89401224899746, 34.524897729246426], [71.89416482464348, 34.52475992254032], [71.89428821174299, 34.52480389360225], [71.89432442067213, 34.52473505164241], [71.89421651351111, 34.524696522109515], [71.89416888624929, 34.52471802358776], [71.89421705273183, 34.52462632163467], [71.89372917617719, 34.524259767636615], [71.8939924962531, 34.524353719924356], [71.89392277560323, 34.524248832223265], [71.89368673550409, 34.524226689775666], [71.89370911911949, 34.52418408551416], [71.89361281941916, 34.524149726704046], [71.89358000299872, 34.52421225531549], [71.89336110995382, 34.52419172049616]]]]}, "properties": {"id": "Pakistan_123102132_234715", "height": 4.448733806610107, "hmax": 0.0, "ratio": 0.0, "vulnClass": "none"}}, {"type": "Feature", "geometry": {"type": "MultiPolygon", "coordinates": [[[[71.89329629917, 34.52421260389064], [71.89330061681244, 34.52412573475962], [71.8932712510213, 34.52412471671511], [71.8932669300017, 34.524211675891976], [71.89329629917, 34.52421260389064]]]]}, "properties": {"id": "Pakistan_123102132_545518", "height": 2.62781834602356, "hmax": 0.0, "ratio": 0.0, "vulnClass": "none"}}, {"type": "Feature", "geometry": {"type": "MultiPolygon", "coordinates": [[[[71.89533730372852, 34.523647944651984], [71.89524389716556, 34.52379077365882], [71.89530507161817, 34.523817928134235], [71.8953983693152, 34.52367509630898], [71.89533730372852, 34.523647944651984]]]]}, "properties": {"id": "Pakistan_123102132_585225", "height": 2.616105318069458, "hmax": 0.0, "ratio": 0.0, "vulnClass": "none"}}, {"type": "Feature", "geometry": {"type": "MultiPolygon", "coordinates": [[[[71.8953614407135, 34.52361088282782], [71.89549043939397, 34.52365914157351], [71.8954722259841, 34.523692117840476], [71.89552786485773, 34.52371291213732], [71.8955414085807, 34.523688379772246], [71.89563474769216, 34.52372329268364], [71.89565658128811, 34.52368373858635], [71.89569965457964, 34.52369979657899], [71.89576329067842, 34.523584421749845], [71.89572236665592, 34.52356913952769], [71.8957597338232, 34.52350131801895], [71.89560635224268, 34.52344396667378], [71.89555123693478, 34.52354396504668], [71.89548979660303, 34.52352104022241], [71.89549785553713, 34.523506373173554], [71.89543255200397, 34.52348190789565], [71.8953614407135, 34.52361088282782]]]]}, "properties": {"id": "Pakistan_123102132_413424", "height": 3.504665374755859, "hmax": 0.0, "ratio": 0.0, "vulnClass": "none"}}, {"type": "Feature", "geometry": {"type": "MultiPolygon", "coordinates": [[[[71.89599498296975, 34.52384386203176], [71.8959142159013, 34.523813505486764], [71.89586495863966, 34.523902386290644], [71.89567410694794, 34.523830561753286], [71.89555108511455, 34.52405240600724], [71.89573742444362, 34.52412258368], [71.89578446096617, 34.524037792599415], [71.89586962878144, 34.52406988359149], [71.89599498296975, 34.52384386203176]]]]}, "properties": {"id": "Pakistan_123102132_456653", "height": 3.924210786819458, "hmax": 0.0, "ratio": 0.0, "vulnClass": "none"}}, {"type": "Feature", "geometry": {"type": "MultiPolygon", "coordinates": [[[[71.89590483233506, 34.52413657679668], [71.89586450503379, 34.52419026216362], [71.89596208363075, 34.52424006463401], [71.8960024108984, 34.52418637923306], [71.89590483233506, 34.52413657679668]]]]}, "properties": {"id": "Pakistan_123102132_40530", "height": 2.698720455169678, "hmax": 0.0, "ratio": 0.0, "vulnClass": "none"}}, {"type": "Feature", "geometry": {"type": "MultiPolygon", "coordinates": [[[[71.89581944066273, 34.52436857220692], [71.8958398310469, 34.52435908606186], [71.89591595699716, 34.52447044504037], [71.89596482398872, 34.524447802657114], [71.89588869798915, 34.524336443706375], [71.89584260120658, 34.5243578045241], [71.89581967155816, 34.52432423224482], [71.89579651102136, 34.524334999923674], [71.89581944066273, 34.52436857220692]]]]}, "properties": {"id": "Pakistan_123102132_129898", "height": 6.235172748565674, "hmax": 0.0, "ratio": 0.0, "vulnClass": "none"}}, {"type": "Feature", "geometry": {"type": "MultiPolygon", "coordinates": [[[[71.89598172183474, 34.52425669813735], [71.89593837414465, 34.52429200953153], [71.89590351351609, 34.52426300099322], [71.8958763379207, 34.52428511354664], [71.8960748309009, 34.524450330537654], [71.89614120154174, 34.52439622594582], [71.89616624149627, 34.52441696270986], [71.89623800497904, 34.52435839841021], [71.89617546452511, 34.524306422838585], [71.89615659764442, 34.52432180649199], [71.89601578063554, 34.524204655953675], [71.89596693125729, 34.524244424235995], [71.89598172183474, 34.52425669813735]]]]}, "properties": {"id": "Pakistan_123102132_222436", "height": 3.466691493988037, "hmax": 0.0, "ratio": 0.0, "vulnClass": "none"}}, {"type": "Feature", "geometry": {"type": "MultiPolygon", "coordinates": [[[[71.89579079912336, 34.52440083256791], [71.8957316123164, 34.52432307368585], [71.89582210341176, 34.52427634291993], [71.89576893609842, 34.52420657882723], [71.89558039834026, 34.52430408428167], [71.89569264683368, 34.52445151456004], [71.89579079912336, 34.52440083256791]]]]}, "properties": {"id": "Pakistan_123102132_554662", "height": 4.745258808135986, "hmax": 0.0, "ratio": 0.0, "vulnClass": "none"}}, {"type": "Feature", "geometry": {"type": "MultiPolygon", "coordinates": [[[[71.89515920624991, 34.524203234259815], [71.89535112589552, 34.524413442165546], [71.895412209842, 34.52437560782688], [71.89539285110477, 34.52435438452083], [71.89545449236586, 34.52431620380315], [71.89533979974335, 34.524190613647654], [71.89526790145189, 34.5242352032363], [71.895209927584, 34.524171716117145], [71.89515920624991, 34.524203234259815]]]]}, "properties": {"id": "Pakistan_123102132_468710", "height": 3.09461498260498, "hmax": 0.0, "ratio": 0.0, "vulnClass": "none"}}, {"type": "Feature", "geometry": {"type": "MultiPolygon", "coordinates": [[[[71.8955083648267, 34.524173450457575], [71.89551519131159, 34.52418903701361], [71.89541146454022, 34.52421974752339], [71.89544698967362, 34.52430123097652], [71.89551349739952, 34.52428156133527], [71.89550708269694, 34.52426661619207], [71.89559495170742, 34.524240639796346], [71.89555912680322, 34.52415842768556], [71.8955083648267, 34.524173450457575]]]]}, "properties": {"id": "Pakistan_123102132_101895", "height": 3.27386736869812, "hmax": 0.0, "ratio": 0.0, "vulnClass": "none"}}, {"type": "Feature", "geometry": {"type": "MultiPolygon", "coordinates": [[[[71.8945363647157, 34.524303657462994], [71.89462186898082, 34.52434720487369], [71.89470459736414, 34.5242368232253], [71.89461920195943, 34.52419327864453], [71.8945363647157, 34.524303657462994]]]]}, "properties": {"id": "Pakistan_123102132_101886", "height": 2.593938827514648, "hmax": 0.0, "ratio": 0.0, "vulnClass": "none"}}, {"type": "Feature", "geometry": {"type": "MultiPolygon", "coordinates": [[[[71.89467284096862, 34.5243529185927], [71.8947556823918, 34.52440072456895], [71.8948476971948, 34.52429247194712], [71.89476485581658, 34.52424466603563], [71.89467284096862, 34.5243529185927]]]]}, "properties": {"id": "Pakistan_123102132_74442", "height": 2.88900899887085, "hmax": 0.0, "ratio": 0.0, "vulnClass": "none"}}, {"type": "Feature", "geometry": {"type": "MultiPolygon", "coordinates": [[[[71.89510988012096, 34.524531418185305], [71.894859464858, 34.52466754766186], [71.89507396170127, 34.52493547534135], [71.8952122297038, 34.524860306731], [71.89504456524988, 34.52465089605097], [71.89500910869243, 34.52467018380708], [71.89498933311008, 34.52464552474779], [71.89513704603957, 34.524565278648986], [71.89510988012096, 34.524531418185305]]]]}, "properties": {"id": "Pakistan_123102132_551578", "height": 4.632880687713623, "hmax": 0.0, "ratio": 0.0, "vulnClass": "none"}}, {"type": "Feature", "geometry": {"type": "MultiPolygon", "coordinates": [[[[71.89534468207091, 34.524921182149704], [71.89540371652618, 34.52490042110382], [71.89538664209118, 34.52486753851988], [71.89532308662795, 34.52488980693753], [71.89529981355268, 34.52484495910233], [71.89523173371424, 34.524868824898654], [71.89525754281031, 34.52491869463022], [71.89519851165582, 34.52493936555395], [71.89521345173, 34.52496813783496], [71.89516115102934, 34.52498645624349], [71.89519377144948, 34.52504938843024], [71.89522323601504, 34.52503896154276], [71.89527973224627, 34.52514810890064], [71.8954341020087, 34.52509390023552], [71.89534468207091, 34.524921182149704]]]]}, "properties": {"id": "Pakistan_123102132_609920", "height": 2.947399616241455, "hmax": 0.0, "ratio": 0.0, "vulnClass": "none"}}, {"type": "Feature", "geometry": {"type": "MultiPolygon", "coordinates": [[[[71.89549434041074, 34.52541603872981], [71.89542626315182, 34.52523457991324], [71.89531698105633, 34.52526235481217], [71.89538516354747, 34.525443906494395], [71.89549434041074, 34.52541603872981]]]]}, "properties": {"id": "Pakistan_123102132_388763", "height": 2.715483665466309, "hmax": 0.0, "ratio": 0.0, "vulnClass": "none"}}, {"type": "Feature", "geometry": {"type": "MultiPolygon", "coordinates": [[[[71.89565023610406, 34.525470299581784], [71.89563756746404, 34.525447804368284], [71.89566850005467, 34.52543597258283], [71.89561516057714, 34.52534150737495], [71.89552468448493, 34.52537607026478], [71.89559068915797, 34.52549312077511], [71.89565023610406, 34.525470299581784]]]]}, "properties": {"id": "Pakistan_123102132_31372", "height": 2.9402756690979, "hmax": 0.0, "ratio": 0.0, "vulnClass": "none"}}, {"type": "Feature", "geometry": {"type": "MultiPolygon", "coordinates": [[[[71.89628313490364, 34.52539545431265], [71.89623788177131, 34.525276768773914], [71.89608888788867, 34.52531525165906], [71.89613414082142, 34.525433937242184], [71.89628313490364, 34.52539545431265]]]]}, "properties": {"id": "Pakistan_123102132_557625", "height": 3.950716972351074, "hmax": 0.0, "ratio": 0.0, "vulnClass": "none"}}, {"type": "Feature", "geometry": {"type": "MultiPolygon", "coordinates": [[[[71.89645842789707, 34.52544939631675], [71.8964068987968, 34.525358943363806], [71.89632558053765, 34.525390314697184], [71.8963771062202, 34.52548085772918], [71.89645842789707, 34.52544939631675]]]]}, "properties": {"id": "Pakistan_123102132_111256", "height": 4.786571025848389, "hmax": 0.0, "ratio": 0.0, "vulnClass": "none"}}, {"type": "Feature", "geometry": {"type": "MultiPolygon", "coordinates": [[[[71.89644677740063, 34.52515310052561], [71.89640488295302, 34.525093538121716], [71.89635865364771, 34.5251155266911], [71.89640054472733, 34.525175179158296], [71.89644677740063, 34.52515310052561]]]]}, "properties": {"id": "Pakistan_123102132_120599", "height": 3.785862445831299, "hmax": 0.0, "ratio": 0.0, "vulnClass": "none"}}, {"type": "Feature", "geometry": {"type": "MultiPolygon", "coordinates": [[[[71.89600923963322, 34.525052378370745], [71.89601971163854, 34.52522200618314], [71.89621069717782, 34.52521406524364], [71.89620776752923, 34.52516685073938], [71.89636461463162, 34.525160294548655], [71.89635533799536, 34.525011247660466], [71.89614668036863, 34.5250200011998], [71.89614831184772, 34.52504645190683], [71.89600923963322, 34.525052378370745]]]]}, "properties": {"id": "Pakistan_123102132_240958", "height": 3.254256963729858, "hmax": 0.151, "ratio": 0.046, "vulnClass": "low"}}, {"type": "Feature", "geometry": {"type": "MultiPolygon", "coordinates": [[[[71.89600357083482, 34.52498508448049], [71.89605193962663, 34.524970000638774], [71.89607159751647, 34.52501250303681], [71.89611699191028, 34.52499833498127], [71.89606267195344, 34.52488041022646], [71.89601110452585, 34.524896584448285], [71.89598894068958, 34.52484824973202], [71.8959467417073, 34.52486141742112], [71.89600357083482, 34.52498508448049]]]]}, "properties": {"id": "Pakistan_123102132_290222", "height": 3.188051223754883, "hmax": 0.151, "ratio": 0.048, "vulnClass": "low"}}, {"type": "Feature", "geometry": {"type": "MultiPolygon", "coordinates": [[[[71.89598466048872, 34.52492538553033], [71.89589442918897, 34.524789151372076], [71.895836615365, 34.52481517147453], [71.89585239237645, 34.52483900761447], [71.89581728058313, 34.52485487929445], [71.89575066068087, 34.52475439787288], [71.895663938238, 34.52479347293611], [71.89582801397137, 34.52504091811747], [71.89588372395912, 34.52501583597748], [71.89586072880658, 34.524981090297075], [71.89598466048872, 34.52492538553033]]]]}, "properties": {"id": "Pakistan_123102132_271758", "height": 5.697834014892578, "hmax": 0.151, "ratio": 0.027, "vulnClass": "low"}}, {"type": "Feature", "geometry": {"type": "MultiPolygon", "coordinates": [[[[71.8956006485533, 34.52471182399095], [71.8955467306795, 34.5246710637911], [71.89552667861047, 34.52468903106801], [71.89558059648466, 34.52472979127674], [71.8956006485533, 34.52471182399095]]]]}, "properties": {"id": "Pakistan_123102132_435098", "height": 2.791872262954712, "hmax": 0.0, "ratio": 0.0, "vulnClass": "none"}}, {"type": "Feature", "geometry": {"type": "MultiPolygon", "coordinates": [[[[71.89591984837998, 34.52479087960057], [71.89589680263173, 34.52474576725209], [71.8958566408024, 34.52475979793742], [71.89587968987571, 34.524804820243716], [71.89591984837998, 34.52479087960057]]]]}, "properties": {"id": "Pakistan_123102132_447372", "height": 3.154444694519043, "hmax": 0.0, "ratio": 0.0, "vulnClass": "none"}}, {"type": "Feature", "geometry": {"type": "MultiPolygon", "coordinates": [[[[71.89631992320737, 34.52484170650774], [71.89611328047496, 34.52455865794832], [71.89606923744545, 34.524580431625274], [71.89611068772875, 34.524637278821594], [71.8960791798535, 34.52465288171762], [71.89604643076002, 34.52460806337495], [71.89596965624214, 34.524646129838345], [71.89600996987039, 34.524701325744836], [71.89590157850333, 34.52475499225762], [71.89599111457203, 34.52487768865348], [71.89615076168451, 34.52479864622587], [71.8961286872839, 34.52476843070523], [71.89616485509865, 34.524750512715876], [71.89625491216255, 34.52487385311743], [71.89631992320737, 34.52484170650774]]]]}, "properties": {"id": "Pakistan_123102132_9931", "height": 3.300678730010986, "hmax": 0.151, "ratio": 0.046, "vulnClass": "low"}}, {"type": "Feature", "geometry": {"type": "MultiPolygon", "coordinates": [[[[71.89572390980827, 34.52472694759707], [71.89580875043256, 34.524679892841], [71.89574905978736, 34.52460689823847], [71.89563096888591, 34.524672485820055], [71.8956695127281, 34.52471961490016], [71.89570275971987, 34.52470117207464], [71.89572390980827, 34.52472694759707]]]]}, "properties": {"id": "Pakistan_123102132_600644", "height": 3.08842134475708, "hmax": 0.0, "ratio": 0.0, "vulnClass": "none"}}, {"type": "Feature", "geometry": {"type": "MultiPolygon", "coordinates": [[[[71.89649003053437, 34.52498835438159], [71.89654184859491, 34.52506808872303], [71.89662732401182, 34.52503033332408], [71.8966351515642, 34.52504243006396], [71.89687418811705, 34.52493701356317], [71.89685296527946, 34.524904386207965], [71.89689326744491, 34.52488657313869], [71.89685494983506, 34.524827462378], [71.89649003053437, 34.52498835438159]]]]}, "properties": {"id": "Pakistan_123102132_551584", "height": 3.133846282958984, "hmax": 0.0, "ratio": 0.0, "vulnClass": "none"}}, {"type": "Feature", "geometry": {"type": "MultiPolygon", "coordinates": [[[[71.89663693756789, 34.52517911837229], [71.89680663908122, 34.525418863760805], [71.89703283951921, 34.52531014612262], [71.89699548110087, 34.52525745929491], [71.89710026719695, 34.52520703508401], [71.89708816256964, 34.52518987224975], [71.89702939480392, 34.52521812200892], [71.89700135048624, 34.525178561173355], [71.89679400096932, 34.52527820398136], [71.89666785825382, 34.52510013631908], [71.8967552315992, 34.52505819280803], [71.8967353614924, 34.52503019666069], [71.89649796195562, 34.525144307357515], [71.89655166803765, 34.52522012382724], [71.89663693756789, 34.52517911837229]]]]}, "properties": {"id": "Pakistan_123102132_551586", "height": 3.95538330078125, "hmax": 0.0, "ratio": 0.0, "vulnClass": "none"}}, {"type": "Feature", "geometry": {"type": "MultiPolygon", "coordinates": [[[[71.89667601363023, 34.52527646523221], [71.89662756108505, 34.52522340601573], [71.89659333666341, 34.525244708516375], [71.89664179254041, 34.525297677697004], [71.89667601363023, 34.52527646523221]]]]}, "properties": {"id": "Pakistan_123102132_268737", "height": 2.617800235748291, "hmax": 0.0, "ratio": 0.0, "vulnClass": "none"}}, {"type": "Feature", "geometry": {"type": "MultiPolygon", "coordinates": [[[[71.89777217796286, 34.524207138618216], [71.89776509594219, 34.52412800129903], [71.89762003306666, 34.52413693203706], [71.8976071474144, 34.523994102781415], [71.89750312712897, 34.52400047149738], [71.89750048743129, 34.52397183194691], [71.8973841327086, 34.52397896856426], [71.89739448377293, 34.5240932510878], [71.8973615192895, 34.52409529721459], [71.89736683051581, 34.52415465020633], [71.8973331044091, 34.524156676959535], [71.89734004863747, 34.52423364757581], [71.89777217796286, 34.524207138618216]]]]}, "properties": {"id": "Pakistan_123102132_554680", "height": 4.10460901260376, "hmax": 0.0, "ratio": 0.0, "vulnClass": "none"}}, {"type": "Feature", "geometry": {"type": "MultiPolygon", "coordinates": [[[[71.89698922646102, 34.519103680591606], [71.89700256043083, 34.51911997334221], [71.89722676275562, 34.51922599307391], [71.89725175697541, 34.51925673329171], [71.8975369598574, 34.51939161400084], [71.89762445173082, 34.519343363294695], [71.89765815939458, 34.51929482683181], [71.89754943427918, 34.51916109817381], [71.89747976601764, 34.519128140643055], [71.89745060714854, 34.519092247089915], [71.89746314063146, 34.519074358686275], [71.8975296225114, 34.519037651831155], [71.89739944896618, 34.51887741919544], [71.89698922646102, 34.519103680591606]]]]}, "properties": {"id": "Pakistan_123102132_16069", "height": 4.86827564239502, "hmax": 0.0, "ratio": 0.0, "vulnClass": "none"}}, {"type": "Feature", "geometry": {"type": "MultiPolygon", "coordinates": [[[[71.89603092897748, 34.51931816441573], [71.89594792249859, 34.51934237216534], [71.89586298328784, 34.51926612156687], [71.89582623251626, 34.51929393943997], [71.89577713225329, 34.519308283616354], [71.89627645877714, 34.519756060479786], [71.89639359288194, 34.51972190441215], [71.8964306800879, 34.519693824523706], [71.89641103125662, 34.519648167732434], [71.89639142740216, 34.519630633852685], [71.89643220839008, 34.51959985375461], [71.89637698554047, 34.51955031780592], [71.89637869128971, 34.519554236944636], [71.89632852679435, 34.51950924618307], [71.89633103268837, 34.51951507848402], [71.89622364200754, 34.519418788194464], [71.89614404819059, 34.51944200126734], [71.89612830820091, 34.51940545724237], [71.89603092897748, 34.51931816441573]]]]}, "properties": {"id": "Pakistan_123102132_194844", "height": 4.128176689147949, "hmax": 0.074, "ratio": 0.018, "vulnClass": "none"}}, {"type": "Feature", "geometry": {"type": "MultiPolygon", "coordinates": [[[[71.89572971375988, 34.519353586468], [71.89568684397553, 34.51938782841256], [71.89582565449501, 34.51950600971993], [71.89588524273528, 34.51945849264388], [71.89583963813465, 34.51941974678097], [71.89582302848517, 34.51943302462568], [71.89572971375988, 34.519353586468]]]]}, "properties": {"id": "Pakistan_123102132_407230", "height": 4.312329292297363, "hmax": 0.0, "ratio": 0.0, "vulnClass": "none"}}, {"type": "Feature", "geometry": {"type": "MultiPolygon", "coordinates": [[[[71.89606014742043, 34.519563621058644], [71.89578500113035, 34.5193221841287], [71.89574139323516, 34.519355776380955], [71.89582259973695, 34.5194269747506], [71.89584109899641, 34.51941266336575], [71.89589330349023, 34.51945842728142], [71.8958270405231, 34.51950974046507], [71.89596888456595, 34.519634218020116], [71.89606014742043, 34.519563621058644]]]]}, "properties": {"id": "Pakistan_123102132_281029", "height": 4.387406349182129, "hmax": 0.0, "ratio": 0.0, "vulnClass": "none"}}, {"type": "Feature", "geometry": {"type": "MultiPolygon", "coordinates": [[[[71.89616585432272, 34.51979912549622], [71.89588183222823, 34.51958261035754], [71.89584579117826, 34.51961477271025], [71.89567317524077, 34.519483202860414], [71.89561833032135, 34.51953201223395], [71.89576023528672, 34.51964017734531], [71.89572444521784, 34.51963331808339], [71.89566813574598, 34.519683442228924], [71.89559781594653, 34.51962991653807], [71.89557800167266, 34.51970016755331], [71.8955983350309, 34.51971564703896], [71.89550339496896, 34.519800210969535], [71.8956209463029, 34.51988972991837], [71.89564527451041, 34.51989440482624], [71.89566483107508, 34.5198252288518], [71.89568667372271, 34.51982938985229], [71.89571410240272, 34.519850277577696], [71.89572276274797, 34.519819401701135], [71.89567320468001, 34.51978154667732], [71.89572669740699, 34.51973396476095], [71.89590513711262, 34.51987000911125], [71.89579983701252, 34.51996377380438], [71.8954863720483, 34.51990379236741], [71.89548017770596, 34.51990931321456], [71.89545296795954, 34.52000569514285], [71.89570045586409, 34.52019433188913], [71.89597941510134, 34.51994598851361], [71.89598882174181, 34.51991260785062], [71.89601550902898, 34.5199329358495], [71.89616585432272, 34.51979912549622]]]]}, "properties": {"id": "Pakistan_123102132_515010", "height": 4.885417938232422, "hmax": 0.064, "ratio": 0.013, "vulnClass": "none"}}, {"type": "Feature", "geometry": {"type": "MultiPolygon", "coordinates": [[[[71.89552719200253, 34.51930012280601], [71.89523831767468, 34.51925834247587], [71.89522696168386, 34.519311953597], [71.89515666583192, 34.51930178265461], [71.89514295019657, 34.51936614979151], [71.89550212415766, 34.51941801110591], [71.89552719200253, 34.51930012280601]]]]}, "properties": {"id": "Pakistan_123102132_348672", "height": 3.524125337600708, "hmax": 0.267, "ratio": 0.076, "vulnClass": "low"}}, {"type": "Feature", "geometry": {"type": "MultiPolygon", "coordinates": [[[[71.89545395617216, 34.51897909570754], [71.8954147170375, 34.51914430428198], [71.89551668522216, 34.51916077897583], [71.89555592416801, 34.5189955703585], [71.89545395617216, 34.51897909570754]]]]}, "properties": {"id": "Pakistan_123102132_111246", "height": 2.462117195129395, "hmax": 0.0, "ratio": 0.0, "vulnClass": "none"}}, {"type": "Feature", "geometry": {"type": "MultiPolygon", "coordinates": [[[[71.89478505225799, 34.518904661615586], [71.89475212692292, 34.51896727802716], [71.8947160173689, 34.518954371382065], [71.89466997399651, 34.519041801303494], [71.89461581131724, 34.51902239626981], [71.8945805460526, 34.51908936964252], [71.89465276523777, 34.51911518300639], [71.89464104641513, 34.51913750839141], [71.8946884421721, 34.51915439774213], [71.89470894925437, 34.51911535082065], [71.89485575115471, 34.5191678487025], [71.89489394676768, 34.51909527137552], [71.89491769571349, 34.519103807437496], [71.89495589124049, 34.519031230085986], [71.89524132735383, 34.51913331326607], [71.89526686340317, 34.51908493013509], [71.89512231590133, 34.5190333013086], [71.89512594264014, 34.51902654341083], [71.89478505225799, 34.518904661615586]]]]}, "properties": {"id": "Pakistan_123102132_493543", "height": 2.584402561187744, "hmax": 0.0, "ratio": 0.0, "vulnClass": "none"}}, {"type": "Feature", "geometry": {"type": "MultiPolygon", "coordinates": [[[[71.89502773171115, 34.518806281236635], [71.89500357041885, 34.51887335700239], [71.8948841067619, 34.51884417852142], [71.89486140470079, 34.51890714522821], [71.89512526276359, 34.51897154446604], [71.89517201704925, 34.51884149913322], [71.89502773171115, 34.518806281236635]]]]}, "properties": {"id": "Pakistan_123102132_422716", "height": 2.770242214202881, "hmax": 0.0, "ratio": 0.0, "vulnClass": "none"}}, {"type": "Feature", "geometry": {"type": "MultiPolygon", "coordinates": [[[[71.89541304392394, 34.51882572866935], [71.8952501734507, 34.51879247183371], [71.89521426471585, 34.5189119770733], [71.89537713540032, 34.51894523396813], [71.89541304392394, 34.51882572866935]]]]}, "properties": {"id": "Pakistan_123102132_231676", "height": 3.927411317825317, "hmax": 0.0, "ratio": 0.0, "vulnClass": "none"}}, {"type": "Feature", "geometry": {"type": "MultiPolygon", "coordinates": [[[[71.89699720391069, 34.51820804252475], [71.89690117347436, 34.518225249894265], [71.89689981115255, 34.51822674752962], [71.89669558400612, 34.518263286266915], [71.89672546976956, 34.5182297052316], [71.89670532892336, 34.518153300312285], [71.89666553662404, 34.518160400455734], [71.89668777672907, 34.5182447905477], [71.89663690947995, 34.518253952528134], [71.8966230485705, 34.51826946360859], [71.89658513415391, 34.518246506756476], [71.89656278870429, 34.51816202383581], [71.89636162784741, 34.518198099187785], [71.89642100993908, 34.51842305132685], [71.89652734737123, 34.51840394325139], [71.896549712419, 34.51841749129879], [71.89658436402824, 34.51854888640035], [71.89661631655346, 34.51856817642036], [71.89664610175663, 34.5186810604366], [71.89678302325251, 34.51865651066303], [71.89676401733067, 34.51858473144184], [71.89684031515027, 34.518571078448154], [71.89688781247008, 34.51851775521656], [71.89692817918919, 34.518542126344975], [71.89697553849733, 34.51853359612034], [71.89701417224808, 34.51849023258956], [71.8970008128779, 34.51843941790828], [71.89711087591404, 34.51841968298014], [71.8970771844287, 34.51829173750593], [71.89700837852882, 34.51825023893302], [71.89699720391069, 34.51820804252475]]]]}, "properties": {"id": "Pakistan_123102132_271766", "height": 4.13510799407959, "hmax": 0.051, "ratio": 0.012, "vulnClass": "none"}}, {"type": "Feature", "geometry": {"type": "MultiPolygon", "coordinates": [[[[71.89574079641599, 34.51849786705445], [71.89605221167419, 34.5186041243808], [71.89610759164789, 34.51849394721695], [71.89589467691843, 34.51842129175828], [71.89587940055279, 34.518451458566794], [71.89578100910697, 34.51841785961086], [71.89574079641599, 34.51849786705445]]]]}, "properties": {"id": "Pakistan_123102132_846", "height": 4.773879051208496, "hmax": 0.0, "ratio": 0.0, "vulnClass": "none"}}, {"type": "Feature", "geometry": {"type": "MultiPolygon", "coordinates": [[[[71.89576844251292, 34.51848649236313], [71.89571274985265, 34.51846137046696], [71.89567653950748, 34.518515701410934], [71.89573222884704, 34.518540913373656], [71.89576844251292, 34.51848649236313]]]]}, "properties": {"id": "Pakistan_123102132_105013", "height": 4.005491733551025, "hmax": 0.0, "ratio": 0.0, "vulnClass": "none"}}, {"type": "Feature", "geometry": {"type": "MultiPolygon", "coordinates": [[[[71.89515918793386, 34.51861809144768], [71.89586045823303, 34.51880033563412], [71.89590653385591, 34.51867973677508], [71.89520537321951, 34.518497495667646], [71.89515918793386, 34.51861809144768]]]]}, "properties": {"id": "Pakistan_123102132_185637", "height": 2.584046840667725, "hmax": 0.244, "ratio": 0.094, "vulnClass": "low"}}, {"type": "Feature", "geometry": {"type": "MultiPolygon", "coordinates": [[[[71.89454386950311, 34.51819755351016], [71.8946302977573, 34.51822192577328], [71.89467549808823, 34.518113202807825], [71.89458907327298, 34.518088740532995], [71.89454386950311, 34.51819755351016]]]]}, "properties": {"id": "Pakistan_123102132_354826", "height": 2.747361898422241, "hmax": 0.0, "ratio": 0.0, "vulnClass": "none"}}, {"type": "Feature", "geometry": {"type": "MultiPolygon", "coordinates": [[[[71.89479395828998, 34.518148845568035], [71.8950930744872, 34.518266599863324], [71.89510144925279, 34.51825221125659], [71.89515382408841, 34.51827283245185], [71.89519244768229, 34.5182063048619], [71.89503736363645, 34.518145214249536], [71.89503433105601, 34.51815063525579], [71.89483771005594, 34.518073254931274], [71.89479395828998, 34.518148845568035]]]]}, "properties": {"id": "Pakistan_123102132_518076", "height": 2.842947006225586, "hmax": 0.0, "ratio": 0.0, "vulnClass": "none"}}, {"type": "Feature", "geometry": {"type": "MultiPolygon", "coordinates": [[[[71.89570461022087, 34.51837851065237], [71.89565166651175, 34.518367339273894], [71.89566885490655, 34.5183120737841], [71.8957221007558, 34.51826818104366], [71.89562425820957, 34.518187546050385], [71.89550192858835, 34.51828835845961], [71.89547967440373, 34.51835980928043], [71.89543440148208, 34.51835027509272], [71.895383205581, 34.51851490909243], [71.89541786290906, 34.5185434618845], [71.89563893408663, 34.518590006572424], [71.89564722959061, 34.51856308730299], [71.8957014722429, 34.51857447199687], [71.8957109860449, 34.518544068492496], [71.89567516532945, 34.518514584847956], [71.89565786297032, 34.51852892666104], [71.89570461022087, 34.51837851065237]]]]}, "properties": {"id": "Pakistan_123102132_441189", "height": 2.903364658355713, "hmax": 0.244, "ratio": 0.084, "vulnClass": "low"}}, {"type": "Feature", "geometry": {"type": "MultiPolygon", "coordinates": [[[[71.8959119206211, 34.51797737034655], [71.89582866653652, 34.51801121608242], [71.8956655435789, 34.518181295436136], [71.89577293258247, 34.51825117690066], [71.89579287235068, 34.51823032238368], [71.89583412176209, 34.5182426383765], [71.89581141672618, 34.51829397794434], [71.89611401861065, 34.5184909559981], [71.8961323260996, 34.51849646913688], [71.89618450868849, 34.518378549227805], [71.8962512315191, 34.51830895032741], [71.89623841474027, 34.51828753302307], [71.89630015003253, 34.51822321527493], [71.89623476061495, 34.51818063142723], [71.89629898618685, 34.51811376313016], [71.89636278197494, 34.518087804653625], [71.89633601522607, 34.518043228702474], [71.89617450793818, 34.51793808095913], [71.89612496857755, 34.51792321075452], [71.89610265073937, 34.51794652859508], [71.89616133980823, 34.5179847959325], [71.89614072403974, 34.51800626425846], [71.89616061280353, 34.518039578846555], [71.89621919985711, 34.51807766329583], [71.89614014338422, 34.518109903461365], [71.89612668480844, 34.51810577552922], [71.89601089501409, 34.51803045293154], [71.89599205036191, 34.518024745846624], [71.89592527705891, 34.5179813154359], [71.8959119206211, 34.51797737034655]]]]}, "properties": {"id": "Pakistan_123102132_490500", "height": 5.121149063110352, "hmax": 0.051, "ratio": 0.01, "vulnClass": "none"}}, {"type": "Feature", "geometry": {"type": "MultiPolygon", "coordinates": [[[[71.89687633517377, 34.51813457452802], [71.89669538148657, 34.51775826084325], [71.89650997429518, 34.51781880283074], [71.89657274740149, 34.51794947095117], [71.89654728561355, 34.517957746696325], [71.89658670280531, 34.51803995974715], [71.89654966743635, 34.518051997194824], [71.8965910113298, 34.51813804486619], [71.89673243970407, 34.51809179733003], [71.8967696341691, 34.51816935697553], [71.89687633517377, 34.51813457452802]]]]}, "properties": {"id": "Pakistan_123102132_560728", "height": 3.888532161712646, "hmax": 0.0, "ratio": 0.0, "vulnClass": "none"}}, {"type": "Feature", "geometry": {"type": "MultiPolygon", "coordinates": [[[[71.89678187813203, 34.51762823393282], [71.89673521269425, 34.517732503954285], [71.89679045117467, 34.51774932151042], [71.89676313969493, 34.51781036873928], [71.89787136292621, 34.51814770411715], [71.89794544678993, 34.517982388841446], [71.89678187813203, 34.51762823393282]]]]}, "properties": {"id": "Pakistan_123102132_351735", "height": 5.863498210906982, "hmax": 0.0, "ratio": 0.0, "vulnClass": "none"}}, {"type": "Feature", "geometry": {"type": "MultiPolygon", "coordinates": [[[[71.89737385675573, 34.5183932901865], [71.89736906992651, 34.5184459869636], [71.89734993282715, 34.5183718610022], [71.89728626741878, 34.51836789885152], [71.89728372842724, 34.51839523500958], [71.89722897395238, 34.51839176978961], [71.8972734439297, 34.518563794356126], [71.89781492112522, 34.518597660106195], [71.89782020112936, 34.51854046914479], [71.89786536113296, 34.51853251360119], [71.89787361465955, 34.51844213880051], [71.89780136457175, 34.51843768829182], [71.89779680409755, 34.518419725842264], [71.89737385675573, 34.5183932901865]]]]}, "properties": {"id": "Pakistan_123102132_197945", "height": 2.722076654434204, "hmax": 0.0, "ratio": 0.0, "vulnClass": "none"}}, {"type": "Feature", "geometry": {"type": "MultiPolygon", "coordinates": [[[[71.89517577128095, 34.51782551569436], [71.89517775783723, 34.51782187074806], [71.89519248168234, 34.51782711257987], [71.89518898876689, 34.517830268532464], [71.89522757003981, 34.51784404911641], [71.89527345620857, 34.51787811538582], [71.89553556536343, 34.51797194293939], [71.89554943155179, 34.51795922627093], [71.89557988398873, 34.51790159419747], [71.89560717934025, 34.517911392074765], [71.89572553620327, 34.51780317763489], [71.89573982179408, 34.51777623045857], [71.89555884728858, 34.5177115075138], [71.89552218183613, 34.51768425569075], [71.8953185336689, 34.51761138435354], [71.8952733334819, 34.517652687468036], [71.89514738185198, 34.51760766093465], [71.89517187142005, 34.51756105385588], [71.89514686552991, 34.517542390881665], [71.89502585327995, 34.51777194749578], [71.89517577128095, 34.51782551569436]]]]}, "properties": {"id": "Pakistan_123102132_557617", "height": 3.727598667144775, "hmax": 0.0, "ratio": 0.0, "vulnClass": "none"}}, {"type": "Feature", "geometry": {"type": "MultiPolygon", "coordinates": [[[[71.894528741679, 34.51735297498509], [71.8945346131468, 34.51768157212681], [71.89458982589639, 34.517696136667716], [71.89453067203134, 34.517696794589476], [71.89453363467146, 34.51786623146926], [71.89463511435689, 34.51789287954844], [71.89466834484142, 34.517807376919315], [71.89506044898009, 34.51791064238532], [71.89493069774905, 34.51791220828369], [71.8948904652953, 34.518016190536045], [71.89495128868133, 34.51803215955369], [71.89496248648808, 34.51800333123513], [71.89503549297744, 34.51802258461239], [71.89504404318495, 34.518000539094885], [71.89511457089559, 34.518019098420154], [71.89508710784902, 34.51809005610141], [71.89528909246653, 34.51814323634496], [71.89529475073455, 34.51812868847856], [71.89529361501462, 34.518062501329965], [71.89532336561221, 34.51798565295892], [71.89542419633723, 34.51801219374687], [71.89544876386113, 34.51794882369727], [71.8950194536644, 34.51783577970675], [71.89502102512694, 34.51783158339872], [71.89498365952424, 34.51783198469667], [71.89498173070933, 34.517719718970454], [71.89483280436468, 34.51768050705601], [71.89487591187569, 34.51756947739578], [71.89500833681267, 34.51760439364741], [71.89501822078583, 34.51757868657687], [71.89501649831908, 34.51748138831763], [71.894528741679, 34.51735297498509]]]]}, "properties": {"id": "Pakistan_123102132_468704", "height": 3.897394895553589, "hmax": 0.0, "ratio": 0.0, "vulnClass": "none"}}, {"type": "Feature", "geometry": {"type": "MultiPolygon", "coordinates": [[[[71.89148915106342, 34.51775843459723], [71.89379928776027, 34.51821114191993], [71.89384153587237, 34.518064668215], [71.89384153587237, 34.518064668215], [71.89389677079913, 34.517873458126516], [71.893633114815, 34.517894598474584], [71.893670857707, 34.517763873699856], [71.8932781090009, 34.51768681635014], [71.89330872860864, 34.51794709106791], [71.89357183748399, 34.517926027637024], [71.89358002828811, 34.51799572930353], [71.89375743096102, 34.5180305299542], [71.89350491469494, 34.51805078181648], [71.89348591920746, 34.51811654661705], [71.89334127287971, 34.51808816775294], [71.89336464832859, 34.518007101598], [71.89322862282995, 34.5179313514195], [71.89299976060363, 34.51788649688667], [71.89301312461345, 34.5178404182284], [71.89305625790114, 34.51784890735632], [71.89306588631861, 34.517815442450235], [71.89302458911082, 34.517807360607364], [71.8930699793803, 34.51775218259766], [71.89290825195845, 34.517720484084634], [71.89287625522238, 34.51783134519111], [71.8922010236647, 34.51769896035469], [71.89219202925158, 34.51773000771737], [71.89210284068562, 34.51768032600301], [71.89214698120719, 34.51762655866496], [71.89156039858929, 34.51751157039098], [71.89148915106342, 34.51775843459723]]]]}, "properties": {"id": "Pakistan_123102132_194817", "height": 4.263270378112793, "hmax": 0.0, "ratio": 0.0, "vulnClass": "none"}}, {"type": "Feature", "geometry": {"type": "MultiPolygon", "coordinates": [[[[71.89161894874805, 34.51848199955607], [71.89203620081449, 34.51850046849425], [71.89204299108177, 34.51839689747297], [71.89204831853256, 34.518397123285794], [71.89205642597118, 34.5182727649087], [71.89194944864978, 34.51826805744341], [71.89194235199449, 34.51837693854631], [71.89173905202786, 34.518367974961386], [71.89174491535736, 34.518277630017245], [71.8916326139763, 34.518272606400444], [71.89161894874805, 34.51848199955607]]]]}, "properties": {"id": "Pakistan_123102132_37450", "height": 2.628353118896484, "hmax": 0.0, "ratio": 0.0, "vulnClass": "none"}}, {"type": "Feature", "geometry": {"type": "MultiPolygon", "coordinates": [[[[71.89344963541882, 34.51796473898071], [71.89356588518007, 34.517983651891996], [71.89357685214655, 34.51793760228028], [71.89346059909943, 34.517918779431284], [71.89344963541882, 34.51796473898071]]]]}, "properties": {"id": "Pakistan_123102132_828", "height": 3.197129249572754, "hmax": 0.0, "ratio": 0.0, "vulnClass": "none"}}, {"type": "Feature", "geometry": {"type": "MultiPolygon", "coordinates": [[[[71.89314231402389, 34.517894993425905], [71.8932762059632, 34.51789921327723], [71.89327880103063, 34.517844027320706], [71.89324671431677, 34.517843030197945], [71.89325015431884, 34.51776803631585], [71.89314845806318, 34.51776481637229], [71.89314231402389, 34.517894993425905]]]]}, "properties": {"id": "Pakistan_123102132_219422", "height": 2.851663589477539, "hmax": 0.0, "ratio": 0.0, "vulnClass": "none"}}, {"type": "Feature", "geometry": {"type": "MultiPolygon", "coordinates": [[[[71.89438289403853, 34.51771169165671], [71.8940987333502, 34.517707344145855], [71.89409549835517, 34.517850123930444], [71.89437965952793, 34.51785447147494], [71.89438289403853, 34.51771169165671]]]]}, "properties": {"id": "Pakistan_123102132_367025", "height": 2.686655044555664, "hmax": 0.0, "ratio": 0.0, "vulnClass": "none"}}, {"type": "Feature", "geometry": {"type": "MultiPolygon", "coordinates": [[[[71.89427265923807, 34.5182256235548], [71.89432931288226, 34.518043102202085], [71.89416572974663, 34.51800856395722], [71.89414383435745, 34.51807912229885], [71.8942383747387, 34.51809910446678], [71.8942074537847, 34.518198636480825], [71.89399459927114, 34.518153740512446], [71.8939671389974, 34.51824218394305], [71.89451591651587, 34.51835791134285], [71.89455264944232, 34.5182396891705], [71.89448101547201, 34.518224526452045], [71.89446790479911, 34.51826673598279], [71.89427265923807, 34.5182256235548]]]]}, "properties": {"id": "Pakistan_123102132_597517", "height": 3.75066089630127, "hmax": 0.0, "ratio": 0.0, "vulnClass": "none"}}, {"type": "Feature", "geometry": {"type": "MultiPolygon", "coordinates": [[[[71.89404419927298, 34.518128864104696], [71.8941258196328, 34.518124361662004], [71.8941167603353, 34.51801353689131], [71.89396464667054, 34.51802201371806], [71.89396979150435, 34.51808577914253], [71.89404039041845, 34.51808189757579], [71.89404419927298, 34.518128864104696]]]]}, "properties": {"id": "Pakistan_123102132_398082", "height": 3.062270164489746, "hmax": 0.0, "ratio": 0.0, "vulnClass": "none"}}, {"type": "Feature", "geometry": {"type": "MultiPolygon", "coordinates": [[[[71.89453318240831, 34.51840612165034], [71.89495254046352, 34.51850278023247], [71.8950342162686, 34.51826221804485], [71.89497677371321, 34.518249039100624], [71.89492828105134, 34.51824996846569], [71.8949270024387, 34.51820522954321], [71.8948129878012, 34.518178893679185], [71.89480357071811, 34.518206685686025], [71.89480240942227, 34.51816465376445], [71.89474216180355, 34.518150772399906], [71.89471440250009, 34.51823262864222], [71.89471469069849, 34.51824246056454], [71.89477925660799, 34.51825735316355], [71.89475593500771, 34.51825784133939], [71.89485624017185, 34.51828094414203], [71.89483313006141, 34.51834903809784], [71.8948337131737, 34.51836852184565], [71.89453517427782, 34.51829972427827], [71.89460578851491, 34.51829836652535], [71.89452956339377, 34.51828074352369], [71.89453318240831, 34.51840612165034]]]]}, "properties": {"id": "Pakistan_123102132_563713", "height": 2.985625743865967, "hmax": 0.0, "ratio": 0.0, "vulnClass": "none"}}, {"type": "Feature", "geometry": {"type": "MultiPolygon", "coordinates": [[[[71.89455730309575, 34.518428097178166], [71.89450131716038, 34.51860144197652], [71.89473419781793, 34.51865252511356], [71.89475954219978, 34.51857412264459], [71.89459179519292, 34.5185373157754], [71.89461038682245, 34.51847947228405], [71.89457031257217, 34.51847070100265], [71.89458236559499, 34.51843351204202], [71.89455730309575, 34.518428097178166]]]]}, "properties": {"id": "Pakistan_123102132_166939", "height": 3.488240480422974, "hmax": 0.0, "ratio": 0.0, "vulnClass": "none"}}, {"type": "Feature", "geometry": {"type": "MultiPolygon", "coordinates": [[[[71.8936544440271, 34.518630633289355], [71.89360874211772, 34.518676609928036], [71.893597436571, 34.51870246094583], [71.89356099405195, 34.51867800836343], [71.89345188824917, 34.51864557694411], [71.89356694329979, 34.51872304643844], [71.89349068450802, 34.51870046456585], [71.89344851111427, 34.51867199031116], [71.89339726410375, 34.5187235942703], [71.89370396046382, 34.518930416874724], [71.89386196684853, 34.5189773424361], [71.89387767573214, 34.5189414183513], [71.89376995280168, 34.518868822725395], [71.89381517818657, 34.51876532852819], [71.89376726702135, 34.51873301284748], [71.89378627013834, 34.5187139375128], [71.8938578944537, 34.5187352295012], [71.89387502923122, 34.51869609689073], [71.8936544440271, 34.518630633289355]]]]}, "properties": {"id": "Pakistan_123102132_317984", "height": 2.664938449859619, "hmax": 0.0, "ratio": 0.0, "vulnClass": "none"}}, {"type": "Feature", "geometry": {"type": "MultiPolygon", "coordinates": [[[[71.89401167861118, 34.518889937568275], [71.89397903128517, 34.5193524845472], [71.89407381870963, 34.51935706028607], [71.89408482486466, 34.519201499048144], [71.8941676582737, 34.51920540992641], [71.89418629536206, 34.518941161230835], [71.89432000004373, 34.518947538428115], [71.89432648492469, 34.51885504589368], [71.89430778931748, 34.518854119432156], [71.8943154202618, 34.51874543197571], [71.89419661043574, 34.51873970426446], [71.89419379961053, 34.518780192947396], [71.89413618975496, 34.51877737473207], [71.89413760856272, 34.51875677019734], [71.89399738335798, 34.51875004658067], [71.89398765550946, 34.51888878532842], [71.89401167861118, 34.518889937568275]]]]}, "properties": {"id": "Pakistan_123102132_154517", "height": 3.024545431137085, "hmax": 0.0, "ratio": 0.0, "vulnClass": "none"}}, {"type": "Feature", "geometry": {"type": "MultiPolygon", "coordinates": [[[[71.89454286423354, 34.519397299359106], [71.89435449310231, 34.51934401359678], [71.89427535684885, 34.51953371423818], [71.89444810044583, 34.51958263654674], [71.89447499739843, 34.51951815428041], [71.89451821217487, 34.51953034047774], [71.89454128314352, 34.519475044614644], [71.89451369626474, 34.51946722201434], [71.89454286423354, 34.519397299359106]]]]}, "properties": {"id": "Pakistan_123102132_475019", "height": 3.318684577941895, "hmax": 0.0, "ratio": 0.0, "vulnClass": "none"}}, {"type": "Feature", "geometry": {"type": "MultiPolygon", "coordinates": [[[[71.89154786709099, 34.519102201919154], [71.89110413896988, 34.51907233081405], [71.89109213520855, 34.51919307459575], [71.89111081742277, 34.5191943617462], [71.89110366135465, 34.51926673708465], [71.89115960260548, 34.51927050570492], [71.89115369364929, 34.51932984342784], [71.89135356460713, 34.519343227390905], [71.891340307382, 34.519477188929514], [71.89150954594511, 34.51948853043882], [71.89154786709099, 34.519102201919154]]]]}, "properties": {"id": "Pakistan_123102132_16034", "height": 3.119451761245728, "hmax": 0.0, "ratio": 0.0, "vulnClass": "none"}}, {"type": "Feature", "geometry": {"type": "MultiPolygon", "coordinates": [[[[71.89091899865895, 34.5196935927061], [71.89111878484984, 34.5197239200571], [71.89114766683733, 34.519594412627725], [71.89117105568207, 34.51959798288531], [71.89120162641419, 34.51946112749402], [71.89097844866623, 34.51942732007112], [71.89091899865895, 34.5196935927061]]]]}, "properties": {"id": "Pakistan_123102132_142202", "height": 3.090495109558105, "hmax": 0.0, "ratio": 0.0, "vulnClass": "none"}}, {"type": "Feature", "geometry": {"type": "MultiPolygon", "coordinates": [[[[71.89162649084001, 34.5199515518531], [71.89135430735325, 34.51993533474953], [71.89134596446897, 34.52003084423328], [71.89131119396642, 34.52002878673871], [71.89129507215866, 34.52021342056555], [71.89100951967391, 34.52019650156205], [71.8910030378551, 34.52027123753552], [71.89109506928418, 34.52027673687565], [71.8910920560813, 34.52031091091993], [71.89159231188935, 34.52034068988184], [71.89162649084001, 34.5199515518531]]]]}, "properties": {"id": "Pakistan_123102132_404127", "height": 3.397826194763184, "hmax": 0.13, "ratio": 0.038, "vulnClass": "low"}}, {"type": "Feature", "geometry": {"type": "MultiPolygon", "coordinates": [[[[71.89236643786465, 34.519981033235794], [71.89227146911198, 34.51994030789815], [71.89223409598648, 34.51999947533668], [71.89217707123714, 34.51997503897373], [71.89209642477718, 34.520102687550406], [71.89215452078722, 34.52012760190379], [71.89212269766608, 34.5201780775406], [71.89221659539375, 34.52021832505424], [71.89236643786465, 34.519981033235794]]]]}, "properties": {"id": "Pakistan_123102132_207195", "height": 2.639708995819092, "hmax": 0.359, "ratio": 0.136, "vulnClass": "low"}}, {"type": "Feature", "geometry": {"type": "MultiPolygon", "coordinates": [[[[71.89168810873981, 34.51987001806051], [71.89166599610583, 34.5199990671254], [71.8919039918166, 34.52002685124984], [71.89189746908886, 34.520064631421555], [71.8919355285531, 34.520069025860714], [71.89193800574364, 34.52005511822379], [71.89210227289188, 34.52007426409397], [71.89212864458713, 34.51992143795859], [71.89168810873981, 34.51987001806051]]]]}, "properties": {"id": "Pakistan_123102132_247066", "height": 2.863547086715698, "hmax": 0.258, "ratio": 0.09, "vulnClass": "low"}}, {"type": "Feature", "geometry": {"type": "MultiPolygon", "coordinates": [[[[71.89163660537554, 34.52021256636643], [71.89187694320479, 34.52025645402305], [71.89185002378554, 34.520356628031585], [71.89197019461496, 34.520378526696604], [71.89203389493763, 34.52014138480165], [71.8920006893252, 34.52013531133965], [71.89201370619823, 34.520086880510675], [71.89168640400511, 34.52002716786676], [71.89163660537554, 34.52021256636643]]]]}, "properties": {"id": "Pakistan_123102132_240926", "height": 3.942589282989502, "hmax": 0.197, "ratio": 0.05, "vulnClass": "low"}}, {"type": "Feature", "geometry": {"type": "MultiPolygon", "coordinates": [[[[71.89224554491129, 34.52047657442064], [71.89230639621321, 34.520485965740114], [71.8923223035301, 34.520415435584376], [71.8922614489291, 34.52040613432391], [71.89224554491129, 34.52047657442064]]]]}, "properties": {"id": "Pakistan_123102132_148310", "height": 3.718067407608032, "hmax": 0.0, "ratio": 0.0, "vulnClass": "none"}}, {"type": "Feature", "geometry": {"type": "MultiPolygon", "coordinates": [[[[71.8918316090753, 34.52035985448709], [71.8917789200687, 34.52051462408834], [71.89188084205709, 34.52053822124219], [71.8918861027496, 34.52052267196256], [71.8920414696903, 34.520558626527595], [71.89209035713179, 34.520415297099944], [71.89212393778367, 34.520423002499435], [71.89214790271377, 34.52035249731305], [71.89208700801909, 34.5203384178578], [71.89209580531963, 34.52031268339196], [71.89204106507059, 34.52030002252926], [71.89200695200589, 34.52040037389963], [71.8918316090753, 34.52035985448709]]]]}, "properties": {"id": "Pakistan_123102132_271731", "height": 5.792941093444824, "hmax": 0.0, "ratio": 0.0, "vulnClass": "none"}}, {"type": "Feature", "geometry": {"type": "MultiPolygon", "coordinates": [[[[71.8921392825042, 34.520877306803364], [71.89217143734939, 34.520765188145205], [71.89226549975578, 34.52078344719906], [71.89227589215149, 34.52074702742819], [71.89237373895736, 34.520766013711274], [71.89233632207281, 34.52089665611026], [71.89256109456925, 34.52094041648574], [71.89258474292417, 34.52085791536109], [71.89272194033684, 34.520884663431616], [71.89273370334115, 34.520843591561594], [71.89239713658552, 34.52077814667295], [71.8924067723877, 34.52074450176807], [71.89243044944298, 34.52072275155055], [71.89289026919123, 34.52081215554467], [71.89290792191794, 34.52075032258503], [71.89287835462805, 34.520728388316336], [71.8928248962502, 34.52073982614815], [71.89277095211757, 34.52069987534593], [71.89277583437804, 34.5206827841139], [71.8926501340079, 34.520589900293565], [71.89261901552244, 34.520618491501615], [71.89260518331106, 34.520574604675154], [71.89242138717225, 34.52053882819778], [71.89234133455403, 34.520612411799355], [71.89236472859442, 34.52053089571267], [71.89223001409003, 34.52050475129301], [71.8921630752203, 34.52073820546065], [71.89213464803325, 34.520647528010734], [71.89197416734324, 34.52068174762791], [71.89196553564865, 34.52071181271871], [71.89187666542345, 34.520694496885895], [71.89184088311212, 34.520819231919155], [71.8921392825042, 34.520877306803364]]]]}, "properties": {"id": "Pakistan_123102132_108116", "height": 5.660204410552979, "hmax": 0.0, "ratio": 0.0, "vulnClass": "none"}}, {"type": "Feature", "geometry": {"type": "MultiPolygon", "coordinates": [[[[71.89155262401451, 34.5209541205056], [71.89152701733344, 34.520913538991856], [71.89155306668388, 34.5208543537562], [71.89162651819679, 34.52087632456886], [71.89171846793516, 34.52066730311298], [71.8916592301545, 34.52064966029456], [71.89160391300315, 34.520775520066124], [71.89142685237161, 34.520722607982236], [71.8912834501342, 34.52078367090471], [71.89133837630149, 34.52080012246543], [71.89104117037243, 34.520926669868885], [71.8909731326694, 34.52108122828572], [71.89113910164855, 34.52113079392169], [71.8911752562009, 34.52104879199223], [71.89125107781751, 34.521071454349716], [71.89124727155647, 34.521080100353366], [71.89141561078281, 34.52113035693566], [71.89135981753368, 34.52125728604606], [71.89164038374687, 34.52134104667034], [71.89170577678412, 34.52131323863417], [71.89147540029741, 34.52124445700663], [71.89153773292311, 34.52110273221885], [71.89172276827424, 34.521157920367855], [71.89179524456912, 34.521127047885095], [71.89191835672939, 34.52084725382778], [71.89183768619687, 34.52082320651008], [71.8918079530475, 34.52089068042048], [71.89185544954981, 34.52090486943765], [71.89183392296783, 34.520953714428536], [71.8916691371982, 34.52090454041114], [71.89155262401451, 34.5209541205056]]]]}, "properties": {"id": "Pakistan_123102132_210321", "height": 5.039634704589844, "hmax": 0.352, "ratio": 0.07, "vulnClass": "low"}}, {"type": "Feature", "geometry": {"type": "MultiPolygon", "coordinates": [[[[71.89214677391881, 34.52125578887685], [71.89219779906918, 34.52116920798653], [71.89209907984593, 34.5211297389743], [71.89206851159192, 34.52118159854469], [71.89192955326037, 34.52112605222123], [71.89186422868997, 34.52123696542213], [71.89195758178633, 34.52127431500987], [71.89193712474784, 34.52130903626193], [71.89176018170421, 34.52123828114654], [71.89168265315406, 34.52136988454431], [71.89193782376708, 34.521471835572086], [71.8919357281784, 34.52147547768041], [71.89240024811507, 34.52166117603147], [71.89253891214162, 34.52142585277151], [71.89245092473101, 34.521390623201114], [71.89245720138186, 34.5213799669908], [71.89214677391881, 34.52125578887685]]]]}, "properties": {"id": "Pakistan_123102132_521094", "height": 4.363022804260254, "hmax": 0.352, "ratio": 0.081, "vulnClass": "low"}}, {"type": "Feature", "geometry": {"type": "MultiPolygon", "coordinates": [[[[71.89235342490952, 34.52105761984991], [71.89224921241485, 34.52104288797898], [71.8922764061257, 34.520911895129146], [71.89224379939877, 34.52090727911639], [71.8922493630016, 34.52088065108478], [71.89215424936114, 34.52086723246473], [71.89211100557092, 34.52107551179458], [71.89234294213259, 34.52110818832142], [71.89235342490952, 34.52105761984991]]]]}, "properties": {"id": "Pakistan_123102132_416458", "height": 2.928511619567871, "hmax": 0.352, "ratio": 0.12, "vulnClass": "low"}}, {"type": "Feature", "geometry": {"type": "MultiPolygon", "coordinates": [[[[71.89224348643744, 34.52104751924265], [71.89269008150733, 34.52113532536616], [71.89270831191419, 34.52107260581621], [71.8927285294579, 34.52107654570412], [71.89274426929765, 34.52102223530214], [71.8926579995859, 34.52100525664496], [71.8926579995859, 34.52100525664496], [71.89257680981761, 34.52098930862306], [71.89258105778949, 34.52097463486043], [71.89240343534127, 34.52093973661183], [71.89238282633072, 34.52101077797581], [71.89226098738636, 34.52098685426685], [71.89224348643744, 34.52104751924265]]]]}, "properties": {"id": "Pakistan_123102132_108117", "height": 5.457140445709229, "hmax": 0.0, "ratio": 0.0, "vulnClass": "none"}}, {"type": "Feature", "geometry": {"type": "MultiPolygon", "coordinates": [[[[71.89213667801995, 34.52097665798246], [71.89192025785542, 34.520924997523565], [71.89186326191881, 34.52108722868171], [71.89207968245265, 34.521138889261394], [71.89213667801995, 34.52097665798246]]]]}, "properties": {"id": "Pakistan_123102132_481173", "height": 3.63086986541748, "hmax": 0.352, "ratio": 0.097, "vulnClass": "low"}}, {"type": "Feature", "geometry": {"type": "MultiPolygon", "coordinates": [[[[71.89169123181706, 34.520767198604496], [71.89180213881265, 34.52080102953779], [71.89183882314344, 34.52071940141415], [71.89172791623618, 34.52068557051887], [71.89169123181706, 34.520767198604496]]]]}, "properties": {"id": "Pakistan_123102132_234703", "height": 5.683595180511475, "hmax": 0.0, "ratio": 0.0, "vulnClass": "none"}}, {"type": "Feature", "geometry": {"type": "MultiPolygon", "coordinates": [[[[71.89301368570351, 34.52075553920322], [71.89306751590829, 34.5207692580755], [71.89308540129846, 34.52072167214462], [71.8929654420927, 34.520691127106566], [71.8929301498598, 34.520785139372], [71.8929962789516, 34.520801965569646], [71.89301368570351, 34.52075553920322]]]]}, "properties": {"id": "Pakistan_123102132_569805", "height": 2.768659353256226, "hmax": 0.0, "ratio": 0.0, "vulnClass": "none"}}, {"type": "Feature", "geometry": {"type": "MultiPolygon", "coordinates": [[[[71.89367926716457, 34.52127434849688], [71.89367829713603, 34.5212213251421], [71.89345832087426, 34.521224288053745], [71.89345939955855, 34.521277314172366], [71.89367926716457, 34.52127434849688]]]]}, "properties": {"id": "Pakistan_123102132_508910", "height": 2.928287506103516, "hmax": 0.0, "ratio": 0.0, "vulnClass": "none"}}, {"type": "Feature", "geometry": {"type": "MultiPolygon", "coordinates": [[[[71.89336180467572, 34.52114016978036], [71.89336746891748, 34.521277858114026], [71.89345467947328, 34.521275391336296], [71.89345237220829, 34.52122026086456], [71.89342555494669, 34.52122102030632], [71.89342206057185, 34.521136295735985], [71.89362831325592, 34.52113045979301], [71.89362516360785, 34.521054036304925], [71.89319925335857, 34.52106599749814], [71.89320242774835, 34.52114467496013], [71.89336180467572, 34.52114016978036]]]]}, "properties": {"id": "Pakistan_123102132_139195", "height": 3.038308620452881, "hmax": 0.0, "ratio": 0.0, "vulnClass": "none"}}, {"type": "Feature", "geometry": {"type": "MultiPolygon", "coordinates": [[[[71.89378106725015, 34.52113714232678], [71.89368726876855, 34.52113520535731], [71.89368198096882, 34.521309750019405], [71.89377578299163, 34.52131159695483], [71.89378106725015, 34.52113714232678]]]]}, "properties": {"id": "Pakistan_123102132_582165", "height": 2.927488088607788, "hmax": 0.0, "ratio": 0.0, "vulnClass": "none"}}, {"type": "Feature", "geometry": {"type": "MultiPolygon", "coordinates": [[[[71.89434843892619, 34.52152672009346], [71.89435030778817, 34.52142951328856], [71.89408069305611, 34.52142607637445], [71.89407953276904, 34.52148661674907], [71.8942565221098, 34.521488777920915], [71.89425580995388, 34.521525534384054], [71.89434843892619, 34.52152672009346]]]]}, "properties": {"id": "Pakistan_123102132_450364", "height": 5.309700965881348, "hmax": 0.0, "ratio": 0.0, "vulnClass": "none"}}, {"type": "Feature", "geometry": {"type": "MultiPolygon", "coordinates": [[[[71.89408509302214, 34.52095298595312], [71.89432115871281, 34.520953676182636], [71.8943207071174, 34.52103325283638], [71.89452726608056, 34.52103382265547], [71.89452854519955, 34.52074434541201], [71.89452854519955, 34.52074434541201], [71.89452880288914, 34.520681708971125], [71.89448056655264, 34.5206815630345], [71.8944804247866, 34.52070003685775], [71.89431415761311, 34.52069950094624], [71.89431415631091, 34.52071419272323], [71.894247081694, 34.52071401792542], [71.89424642580737, 34.52086064892787], [71.89413111464769, 34.52086032800606], [71.89413154579697, 34.52075785685138], [71.89408592385698, 34.52075768716378], [71.89408509302214, 34.52095298595312]]]]}, "properties": {"id": "Pakistan_123102132_95783", "height": 4.421914577484131, "hmax": 0.0, "ratio": 0.0, "vulnClass": "none"}}, {"type": "Feature", "geometry": {"type": "MultiPolygon", "coordinates": [[[[71.89369034802496, 34.52063323856681], [71.89376012569463, 34.52063393314375], [71.89376214147137, 34.52048589463905], [71.89369236392518, 34.52048520006991], [71.89369034802496, 34.52063323856681]]]]}, "properties": {"id": "Pakistan_123102132_197910", "height": 4.443231582641602, "hmax": 0.0, "ratio": 0.0, "vulnClass": "none"}}, {"type": "Feature", "geometry": {"type": "MultiPolygon", "coordinates": [[[[71.8932259899799, 34.52063079128229], [71.89368191728455, 34.52063446610117], [71.89368377228061, 34.520473173842255], [71.89334182744531, 34.520470417928486], [71.89334299096828, 34.520368776648205], [71.89323031505064, 34.52036789104334], [71.89322845919769, 34.520529183250666], [71.89316009262826, 34.520528614431065], [71.8931592866693, 34.520597185711146], [71.89322634775736, 34.52059772129659], [71.8932259899799, 34.52063079128229]]]]}, "properties": {"id": "Pakistan_123102132_185620", "height": 4.724614143371582, "hmax": 0.0, "ratio": 0.0, "vulnClass": "none"}}, {"type": "Feature", "geometry": {"type": "MultiPolygon", "coordinates": [[[[71.89358030673144, 34.52026251128834], [71.89337112029716, 34.52025943941454], [71.89336724971304, 34.52043393000873], [71.8935764332372, 34.52043709196126], [71.89358030673144, 34.52026251128834]]]]}, "properties": {"id": "Pakistan_123102132_237782", "height": 5.185977935791016, "hmax": 0.0, "ratio": 0.0, "vulnClass": "none"}}, {"type": "Feature", "geometry": {"type": "MultiPolygon", "coordinates": [[[[71.89365925088839, 34.52024216768138], [71.89365960534464, 34.520220905129875], [71.89363141088188, 34.520220638097555], [71.89363212639547, 34.52017207419911], [71.89354101540474, 34.520171106896825], [71.89353994200565, 34.520241023390014], [71.89365925088839, 34.52024216768138]]]]}, "properties": {"id": "Pakistan_123102132_271742", "height": 3.036290168762207, "hmax": 0.0, "ratio": 0.0, "vulnClass": "none"}}, {"type": "Feature", "geometry": {"type": "MultiPolygon", "coordinates": [[[[71.89354001345683, 34.520007578701055], [71.89353683675697, 34.52011358530208], [71.89374858707475, 34.52011798401632], [71.89375176350687, 34.52001197739538], [71.89354001345683, 34.520007578701055]]]]}, "properties": {"id": "Pakistan_123102132_142225", "height": 4.424022674560547, "hmax": 0.0, "ratio": 0.0, "vulnClass": "none"}}, {"type": "Feature", "geometry": {"type": "MultiPolygon", "coordinates": [[[[71.89421042899953, 34.51993892583238], [71.89446638332974, 34.51996112305559], [71.89447757997071, 34.519873707788896], [71.89422151710782, 34.519851507834346], [71.89421042899953, 34.51993892583238]]]]}, "properties": {"id": "Pakistan_123102132_367024", "height": 3.985126972198486, "hmax": 0.0, "ratio": 0.0, "vulnClass": "none"}}, {"type": "Feature", "geometry": {"type": "MultiPolygon", "coordinates": [[[[71.8941572399349, 34.51991675121414], [71.89420356290556, 34.51992441980987], [71.89421252663014, 34.519888324017415], [71.89416609488421, 34.51988065265718], [71.8941572399349, 34.51991675121414]]]]}, "properties": {"id": "Pakistan_123102132_542474", "height": 3.627097368240356, "hmax": 0.0, "ratio": 0.0, "vulnClass": "none"}}, {"type": "Feature", "geometry": {"type": "MultiPolygon", "coordinates": [[[[71.89453068979198, 34.51969866745271], [71.89443012757887, 34.51969709978071], [71.89442823510814, 34.51977736085157], [71.8944912468143, 34.51977842360602], [71.89448998801701, 34.519832832398606], [71.89452753529982, 34.51983342737331], [71.89453068979198, 34.51969866745271]]]]}, "properties": {"id": "Pakistan_123102132_34411", "height": 4.317709445953369, "hmax": 0.0, "ratio": 0.0, "vulnClass": "none"}}, {"type": "Feature", "geometry": {"type": "MultiPolygon", "coordinates": [[[[71.89441738863403, 34.51957392319437], [71.89423497468515, 34.519544944704386], [71.89418928125754, 34.5197401833589], [71.8943716922612, 34.51976925198728], [71.89441738863403, 34.51957392319437]]]]}, "properties": {"id": "Pakistan_123102132_200978", "height": 3.503342628479004, "hmax": 0.0, "ratio": 0.0, "vulnClass": "none"}}, {"type": "Feature", "geometry": {"type": "MultiPolygon", "coordinates": [[[[71.8945415207509, 34.51970317936761], [71.89452023941708, 34.51983342197493], [71.89458476776764, 34.51984056224392], [71.89459350652197, 34.519787064865426], [71.89478709153612, 34.51980848545072], [71.89479469223626, 34.519762169801346], [71.89487375546751, 34.51977085150698], [71.89490407261256, 34.51958495575903], [71.89460897837237, 34.519552299436086], [71.89458359893564, 34.519707855513275], [71.8945415207509, 34.51970317936761]]]]}, "properties": {"id": "Pakistan_123102132_247091", "height": 4.874959468841553, "hmax": 0.0, "ratio": 0.0, "vulnClass": "none"}}, {"type": "Feature", "geometry": {"type": "MultiPolygon", "coordinates": [[[[71.89519592704869, 34.520174015272325], [71.8952813489689, 34.52017276351667], [71.89530303384598, 34.520163580765534], [71.89535424414504, 34.52016281055701], [71.89537222645053, 34.520191750344004], [71.89538959811497, 34.520184350654596], [71.89544374922365, 34.52018356509218], [71.89544917044016, 34.52018126939736], [71.8955087713039, 34.52018035204919], [71.89552669361544, 34.520172786080586], [71.89539061856487, 34.51995453531328], [71.89528699814159, 34.51995613535479], [71.89526264187506, 34.51991702853399], [71.89526237524912, 34.51990368194187], [71.89523729757957, 34.51986347515647], [71.89523673758141, 34.51983750236246], [71.89515632721861, 34.51983870133737], [71.89515700445232, 34.519867381129025], [71.89511352603047, 34.51988574381446], [71.89507419118029, 34.51988636541149], [71.89507599831038, 34.51996672063918], [71.8951375606497, 34.51996576324167], [71.89515111885454, 34.519987740324204], [71.89518642168034, 34.519987196385955], [71.89518903700468, 34.52010443691646], [71.89519458750826, 34.5201133211183], [71.89519592704869, 34.520174015272325]]]]}, "properties": {"id": "Pakistan_123102132_453486", "height": 4.49374532699585, "hmax": 0.281, "ratio": 0.062, "vulnClass": "low"}}, {"type": "Feature", "geometry": {"type": "MultiPolygon", "coordinates": [[[[71.89464308959366, 34.51989459439699], [71.89476106245144, 34.51989651480073], [71.89475820737373, 34.520014427328206], [71.89484929821172, 34.520015934004675], [71.89485417744285, 34.51981713279749], [71.89464511742194, 34.51981361569195], [71.89464308959366, 34.51989459439699]]]]}, "properties": {"id": "Pakistan_123102132_438108", "height": 3.979979038238525, "hmax": 0.067, "ratio": 0.017, "vulnClass": "none"}}, {"type": "Feature", "geometry": {"type": "MultiPolygon", "coordinates": [[[[71.895015221383, 34.520028628460956], [71.89490272835205, 34.52003162482557], [71.8949086702331, 34.52018536406124], [71.89502127226622, 34.52018237047052], [71.895015221383, 34.520028628460956]]]]}, "properties": {"id": "Pakistan_123102132_490494", "height": 2.981133937835693, "hmax": 0.067, "ratio": 0.023, "vulnClass": "none"}}, {"type": "Feature", "geometry": {"type": "MultiPolygon", "coordinates": [[[[71.89463398917134, 34.520508985333024], [71.89463867232342, 34.52067900674934], [71.89473522193599, 34.52067722735808], [71.89473054193166, 34.52050711588613], [71.89463398917134, 34.520508985333024]]]]}, "properties": {"id": "Pakistan_123102132_515002", "height": 3.521613597869873, "hmax": 0.0, "ratio": 0.0, "vulnClass": "none"}}, {"type": "Feature", "geometry": {"type": "MultiPolygon", "coordinates": [[[[71.89591266868769, 34.52091070593289], [71.89590150492864, 34.520879956717955], [71.89587111602991, 34.52084493284557], [71.895868153093, 34.52083674542975], [71.89583275938438, 34.52079573553903], [71.89579418102102, 34.52080529985102], [71.89572304578041, 34.52084702494323], [71.89572334541641, 34.5208477536363], [71.89595796197334, 34.52111916590936], [71.89599775059692, 34.521109271798615], [71.89605920005555, 34.52107324901802], [71.89607715730462, 34.521094076026046], [71.89614123716541, 34.52107812982499], [71.89620880737945, 34.52103856716044], [71.896188141921, 34.520982158548016], [71.89621602354984, 34.52101432442492], [71.89616877675037, 34.52088486223309], [71.89611338215784, 34.520898595752485], [71.89610033175283, 34.52086293133786], [71.89603944389968, 34.52087796724165], [71.89603554578676, 34.52088030170344], [71.89591266868769, 34.52091070593289]]]]}, "properties": {"id": "Pakistan_123102132_560718", "height": 6.443432807922363, "hmax": 0.0, "ratio": 0.0, "vulnClass": "none"}}, {"type": "Feature", "geometry": {"type": "MultiPolygon", "coordinates": [[[[71.89489172865105, 34.521978415697674], [71.8947570369678, 34.521816713328505], [71.89457828383543, 34.52191771118088], [71.89471297195952, 34.52207950378409], [71.89489172865105, 34.521978415697674]]]]}, "properties": {"id": "Pakistan_123102132_327063", "height": 4.855276107788086, "hmax": 0.0, "ratio": 0.0, "vulnClass": "none"}}, {"type": "Feature", "geometry": {"type": "MultiPolygon", "coordinates": [[[[71.89464040314586, 34.52203078750879], [71.89459767006612, 34.52205250388795], [71.89465234666187, 34.522125551667855], [71.89469507976777, 34.522103835271004], [71.89464040314586, 34.52203078750879]]]]}, "properties": {"id": "Pakistan_123102132_459697", "height": 4.770841598510742, "hmax": 0.0, "ratio": 0.0, "vulnClass": "none"}}, {"type": "Feature", "geometry": {"type": "MultiPolygon", "coordinates": [[[[71.89668556801936, 34.522599102133405], [71.89668808464687, 34.522551845859], [71.89657683477208, 34.522547664582405], [71.89656913729631, 34.52268753682771], [71.89668963183139, 34.52269204335392], [71.89669171205725, 34.52265360909974], [71.89660764812454, 34.52265047975113], [71.89661063980827, 34.52259629525462], [71.89668556801936, 34.522599102133405]]]]}, "properties": {"id": "Pakistan_123102132_222440", "height": 3.422353029251099, "hmax": 0.0, "ratio": 0.0, "vulnClass": "none"}}, {"type": "Feature", "geometry": {"type": "MultiPolygon", "coordinates": [[[[71.897495343937, 34.52306585575317], [71.89749626551227, 34.52291778922209], [71.89740665437863, 34.522917403665346], [71.89740573264456, 34.523065470187184], [71.897495343937, 34.52306585575317]]]]}, "properties": {"id": "Pakistan_123102132_521151", "height": 3.37023401260376, "hmax": 0.0, "ratio": 0.0, "vulnClass": "none"}}, {"type": "Feature", "geometry": {"type": "MultiPolygon", "coordinates": [[[[71.89718052482829, 34.52279556159122], [71.89731441178859, 34.52280013763402], [71.89731904777736, 34.52270750775161], [71.89718516096453, 34.52270293172183], [71.89718052482829, 34.52279556159122]]]]}, "properties": {"id": "Pakistan_123102132_336370", "height": 4.103148460388184, "hmax": 0.0, "ratio": 0.0, "vulnClass": "none"}}, {"type": "Feature", "geometry": {"type": "MultiPolygon", "coordinates": [[[[71.89778443974679, 34.52356569713812], [71.89778280372542, 34.52321656701819], [71.89776407030513, 34.523216631570854], [71.8977634626958, 34.523086282526556], [71.89769637264999, 34.523086469719466], [71.89769626830078, 34.52305113458424], [71.89757014604106, 34.52305153345641], [71.89757033276238, 34.52309345045765], [71.89752741937419, 34.5230936212884], [71.8975273425547, 34.523069283188185], [71.8973932679685, 34.52306975009374], [71.89739442370593, 34.52333495333304], [71.89741588046023, 34.52333486794632], [71.89741648864334, 34.52345638386849], [71.89739122055292, 34.52345646248235], [71.8973918012521, 34.523566981371125], [71.89778443974679, 34.52356569713812]]]]}, "properties": {"id": "Pakistan_123102132_154543", "height": 3.159132480621338, "hmax": 0.0, "ratio": 0.0, "vulnClass": "none"}}, {"type": "Feature", "geometry": {"type": "MultiPolygon", "coordinates": [[[[71.89456855374726, 34.52297112761979], [71.89457381886712, 34.52300821646371], [71.89460562629253, 34.523005060030975], [71.89460024901528, 34.52296805846757], [71.89456855374726, 34.52297112761979]]]]}, "properties": {"id": "Pakistan_123102132_250251", "height": 2.64109468460083, "hmax": 0.0, "ratio": 0.0, "vulnClass": "none"}}, {"type": "Feature", "geometry": {"type": "MultiPolygon", "coordinates": [[[[71.89543240954984, 34.52347694691182], [71.89550980981129, 34.52350117914268], [71.89554001824388, 34.52343551905726], [71.89546272683019, 34.52341128961616], [71.89543240954984, 34.52347694691182]]]]}, "properties": {"id": "Pakistan_123102132_19149", "height": 5.078086853027344, "hmax": 0.0, "ratio": 0.0, "vulnClass": "none"}}, {"type": "Feature", "geometry": {"type": "MultiPolygon", "coordinates": [[[[71.8945251851341, 34.52322978950639], [71.8944099678416, 34.523232715960916], [71.8944135488029, 34.523329791044794], [71.8945287628844, 34.52332695464278], [71.8945251851341, 34.52322978950639]]]]}, "properties": {"id": "Pakistan_123102132_502683", "height": 3.093677520751953, "hmax": 0.0, "ratio": 0.0, "vulnClass": "none"}}, {"type": "Feature", "geometry": {"type": "MultiPolygon", "coordinates": [[[[71.89413935303668, 34.523390863413056], [71.89403710957208, 34.523320119898464], [71.8940811904487, 34.52327680594237], [71.89398733143803, 34.52321195422554], [71.89383813646644, 34.523358499701665], [71.89403423899613, 34.52349409513843], [71.89413935303668, 34.523390863413056]]]]}, "properties": {"id": "Pakistan_123102132_484279", "height": 3.561354398727417, "hmax": 0.0, "ratio": 0.0, "vulnClass": "none"}}, {"type": "Feature", "geometry": {"type": "MultiPolygon", "coordinates": [[[[71.89380753529203, 34.52353726719931], [71.8936742525373, 34.52346366019334], [71.89375858311067, 34.52335998987159], [71.89366051478545, 34.52330584680828], [71.89350794352477, 34.52349340689909], [71.89373929476892, 34.52362115717397], [71.89380753529203, 34.52353726719931]]]]}, "properties": {"id": "Pakistan_123102132_179412", "height": 3.602402210235596, "hmax": 0.0, "ratio": 0.0, "vulnClass": "none"}}, {"type": "Feature", "geometry": {"type": "MultiPolygon", "coordinates": [[[[71.89317658418985, 34.5233988931021], [71.89317380763701, 34.523250912939254], [71.89305417984544, 34.523252373808795], [71.89305369587025, 34.52322144561357], [71.89296947439126, 34.52322254601318], [71.89296990474298, 34.52324905628941], [71.89283044891786, 34.52325073314644], [71.89283327509891, 34.52340322125005], [71.89317658418985, 34.5233988931021]]]]}, "properties": {"id": "Pakistan_123102132_52917", "height": 4.713515281677246, "hmax": 0.0, "ratio": 0.0, "vulnClass": "none"}}, {"type": "Feature", "geometry": {"type": "MultiPolygon", "coordinates": [[[[71.89273951836839, 34.5231569320016], [71.89267624971397, 34.523133418426944], [71.89265253020722, 34.52317679968229], [71.89271579888587, 34.52320031327053], [71.89273951836839, 34.5231569320016]]]]}, "properties": {"id": "Pakistan_123102132_191697", "height": 2.704042196273804, "hmax": 0.0, "ratio": 0.0, "vulnClass": "none"}}, {"type": "Feature", "geometry": {"type": "MultiPolygon", "coordinates": [[[[71.89453428852602, 34.5230140606287], [71.89452247252008, 34.52292759202148], [71.89441811216457, 34.52293728442705], [71.8944037081264, 34.522832542921414], [71.89429355483632, 34.52284280886283], [71.89430872380268, 34.522953338407575], [71.89424250117415, 34.52295949460454], [71.89425355182681, 34.52304017518945], [71.89453428852602, 34.5230140606287]]]]}, "properties": {"id": "Pakistan_123102132_428842", "height": 3.745767116546631, "hmax": 0.0, "ratio": 0.0, "vulnClass": "none"}}, {"type": "Feature", "geometry": {"type": "MultiPolygon", "coordinates": [[[[71.89453041841763, 34.522939421495884], [71.89453296143091, 34.52302340076924], [71.89456522253067, 34.52302268950513], [71.89456256734164, 34.52293879751058], [71.89453041841763, 34.522939421495884]]]]}, "properties": {"id": "Pakistan_123102132_478160", "height": 2.620321273803711, "hmax": 0.0, "ratio": 0.0, "vulnClass": "none"}}, {"type": "Feature", "geometry": {"type": "MultiPolygon", "coordinates": [[[[71.89440015749271, 34.522403415730615], [71.89443220672986, 34.522440645428745], [71.89453929169115, 34.52237811379395], [71.89450713697391, 34.52234079130492], [71.89440015749271, 34.522403415730615]]]]}, "properties": {"id": "Pakistan_123102132_327060", "height": 2.817024946212769, "hmax": 0.0, "ratio": 0.0, "vulnClass": "none"}}, {"type": "Feature", "geometry": {"type": "MultiPolygon", "coordinates": [[[[71.89409093096266, 34.52249000574333], [71.89411803129367, 34.522557845177396], [71.89433969362925, 34.52249786939726], [71.89431270192719, 34.522430032772235], [71.89409093096266, 34.52249000574333]]]]}, "properties": {"id": "Pakistan_123102132_554650", "height": 3.757592678070068, "hmax": 0.0, "ratio": 0.0, "vulnClass": "none"}}, {"type": "Feature", "geometry": {"type": "MultiPolygon", "coordinates": [[[[71.89416199500418, 34.52223042651121], [71.89424529070413, 34.522336290498764], [71.89430273316665, 34.52230557470203], [71.89421954621533, 34.52219971352004], [71.89416199500418, 34.52223042651121]]]]}, "properties": {"id": "Pakistan_123102132_268726", "height": 6.641287803649902, "hmax": 0.0, "ratio": 0.0, "vulnClass": "none"}}, {"type": "Feature", "geometry": {"type": "MultiPolygon", "coordinates": [[[[71.8945294710352, 34.52204445896063], [71.89436049798748, 34.52204340350633], [71.89435994045965, 34.52210531123201], [71.89442428624128, 34.52210568695286], [71.89442348164569, 34.522191834382085], [71.89452810914473, 34.52219251412955], [71.8945294710352, 34.52204445896063]]]]}, "properties": {"id": "Pakistan_123102132_311846", "height": 2.474119663238525, "hmax": 0.0, "ratio": 0.0, "vulnClass": "none"}}, {"type": "Feature", "geometry": {"type": "MultiPolygon", "coordinates": [[[[71.89451109729328, 34.52202605474486], [71.89454905524518, 34.52207425083704], [71.89463016621215, 34.52203079740192], [71.89459220822923, 34.52198260133324], [71.89451109729328, 34.52202605474486]]]]}, "properties": {"id": "Pakistan_123102132_613033", "height": 4.64440393447876, "hmax": 0.0, "ratio": 0.0, "vulnClass": "none"}}, {"type": "Feature", "geometry": {"type": "MultiPolygon", "coordinates": [[[[71.89451095256516, 34.521933213250534], [71.89455117354541, 34.52198498215105], [71.89460260013927, 34.52195789872576], [71.89456237913753, 34.52190612984101], [71.89451095256516, 34.521933213250534]]]]}, "properties": {"id": "Pakistan_123102132_394911", "height": 2.738064289093018, "hmax": 0.0, "ratio": 0.0, "vulnClass": "none"}}, {"type": "Feature", "geometry": {"type": "MultiPolygon", "coordinates": [[[[71.89416136800816, 34.521883846147], [71.89405649557128, 34.521916148825866], [71.89410037446193, 34.522013077862866], [71.89420535246063, 34.52198086796999], [71.89416136800816, 34.521883846147]]]]}, "properties": {"id": "Pakistan_123102132_68336", "height": 2.741226196289062, "hmax": 0.0, "ratio": 0.0, "vulnClass": "none"}}, {"type": "Feature", "geometry": {"type": "MultiPolygon", "coordinates": [[[[71.89449960287025, 34.52188109747945], [71.89443849616984, 34.52175542812499], [71.89434379223647, 34.52178663783477], [71.89431221963099, 34.5217219294422], [71.8941643732738, 34.52177071459817], [71.89418834474473, 34.52182017722334], [71.89417456118062, 34.52182478376883], [71.89424304762846, 34.52196578354431], [71.89449960287025, 34.52188109747945]]]]}, "properties": {"id": "Pakistan_123102132_80495", "height": 2.850009441375732, "hmax": 0.0, "ratio": 0.0, "vulnClass": "none"}}, {"type": "Feature", "geometry": {"type": "MultiPolygon", "coordinates": [[[[71.89334748421076, 34.522079359579095], [71.89334413839016, 34.52195254633152], [71.89335754044546, 34.52195234672386], [71.89335375755405, 34.521810920677645], [71.89316196472181, 34.52181442024099], [71.8931633729318, 34.521867364609435], [71.89313264213968, 34.52186793420862], [71.89313366857283, 34.52190770932815], [71.89307198936687, 34.52190884296209], [71.89307131124258, 34.52188313757671], [71.8929572173019, 34.52188518997101], [71.89295584269202, 34.521831345121996], [71.89288228800997, 34.52183262696081], [71.89288904019969, 34.52208751685719], [71.89334748421076, 34.522079359579095]]]]}, "properties": {"id": "Pakistan_123102132_428832", "height": 6.122861862182617, "hmax": 0.0, "ratio": 0.0, "vulnClass": "none"}}, {"type": "Feature", "geometry": {"type": "MultiPolygon", "coordinates": [[[[71.89287528169189, 34.52210023592714], [71.89278404149658, 34.522108548484276], [71.89279539198586, 34.52219284215079], [71.89288663227346, 34.522184529590156], [71.89287528169189, 34.52210023592714]]]]}, "properties": {"id": "Pakistan_123102132_207197", "height": 2.517334938049316, "hmax": 0.0, "ratio": 0.0, "vulnClass": "none"}}, {"type": "Feature", "geometry": {"type": "MultiPolygon", "coordinates": [[[[71.89096598546061, 34.52277258513242], [71.89076220588417, 34.522703037569414], [71.89069587370605, 34.52283510578247], [71.89089954473461, 34.52290465069745], [71.89096598546061, 34.52277258513242]]]]}, "properties": {"id": "Pakistan_123102132_576074", "height": 4.453507423400879, "hmax": 0.23, "ratio": 0.052, "vulnClass": "low"}}, {"type": "Feature", "geometry": {"type": "MultiPolygon", "coordinates": [[[[71.89090969111716, 34.52291878980146], [71.89112344543744, 34.52299832569924], [71.89117986606784, 34.522895568577376], [71.89107513475957, 34.52285666660002], [71.89108868629108, 34.52283195469303], [71.89097955469923, 34.52279131812309], [71.89090969111716, 34.52291878980146]]]]}, "properties": {"id": "Pakistan_123102132_465739", "height": 2.522778272628784, "hmax": 0.0, "ratio": 0.0, "vulnClass": "none"}}, {"type": "Feature", "geometry": {"type": "MultiPolygon", "coordinates": [[[[71.89230576277679, 34.52266781690188], [71.89215597233141, 34.52262236028521], [71.89213245523418, 34.52267494023236], [71.89228224575653, 34.522720396882], [71.89230576277679, 34.52266781690188]]]]}, "properties": {"id": "Pakistan_123102132_502666", "height": 2.84221363067627, "hmax": 0.0, "ratio": 0.0, "vulnClass": "none"}}, {"type": "Feature", "geometry": {"type": "MultiPolygon", "coordinates": [[[[71.89184365111149, 34.522783316119686], [71.89176062021639, 34.52301014081293], [71.89212295678263, 34.523100309718984], [71.89220609896732, 34.522873397455974], [71.89184365111149, 34.522783316119686]]]]}, "properties": {"id": "Pakistan_123102132_416450", "height": 4.891040802001953, "hmax": 0.0, "ratio": 0.0, "vulnClass": "none"}}, {"type": "Feature", "geometry": {"type": "MultiPolygon", "coordinates": [[[[71.89252307433645, 34.523495370599754], [71.89220708799317, 34.52366695985436], [71.89237837712369, 34.523881153473305], [71.89244561991052, 34.52384464923456], [71.89251711426522, 34.52393398976102], [71.8925676856993, 34.523906524942625], [71.89240253393389, 34.52370005910665], [71.89263627181853, 34.52357315432674], [71.89249453556832, 34.523395947412695], [71.89245907903587, 34.52341523442744], [71.89252307433645, 34.523495370599754]]]]}, "properties": {"id": "Pakistan_123102132_588226", "height": 3.229313373565674, "hmax": 0.0, "ratio": 0.0, "vulnClass": "none"}}, {"type": "Feature", "geometry": {"type": "MultiPolygon", "coordinates": [[[[71.89225972231826, 34.523203210394776], [71.89222315273891, 34.523220215652294], [71.89211815056177, 34.52330866658344], [71.8921479596387, 34.52329482412546], [71.89198786828928, 34.52342973287036], [71.89201431447184, 34.52346826261042], [71.89205005043532, 34.52349711424503], [71.89207019141377, 34.523526560145854], [71.8921378605361, 34.5235811019752], [71.89216988585675, 34.523566234355734], [71.89220869003043, 34.52359750756573], [71.89233302852278, 34.523492784141084], [71.89228172080452, 34.5235166247682], [71.8924336051479, 34.523388627190215], [71.89236471577476, 34.52328781584996], [71.89225972231826, 34.523203210394776]]]]}, "properties": {"id": "Pakistan_123102132_536409", "height": 4.781685829162598, "hmax": 0.0, "ratio": 0.0, "vulnClass": "none"}}, {"type": "Feature", "geometry": {"type": "MultiPolygon", "coordinates": [[[[71.89199792679246, 34.5233261550322], [71.89187403766152, 34.52328992044743], [71.89185831022998, 34.52332629440373], [71.8918092925562, 34.523311976472215], [71.8916532810055, 34.523673945317896], [71.89174377448114, 34.523700406247656], [71.89172553778545, 34.5237427552222], [71.89180806061292, 34.52376684986654], [71.89199792679246, 34.5233261550322]]]]}, "properties": {"id": "Pakistan_123102132_560691", "height": 4.643139839172363, "hmax": 0.0, "ratio": 0.0, "vulnClass": "none"}}, {"type": "Feature", "geometry": {"type": "MultiPolygon", "coordinates": [[[[71.89071793370047, 34.52329309625278], [71.89112633690004, 34.52338615445945], [71.89115463073063, 34.523301789108494], [71.89117572518953, 34.52334658216518], [71.89153866674629, 34.52342928714837], [71.89158572300556, 34.52341435190918], [71.89156039363743, 34.52336043766973], [71.89157251746998, 34.52332433249463], [71.89152360025105, 34.523313171687576], [71.89154318117214, 34.5232551737213], [71.89152652873952, 34.523219777648656], [71.89141098218265, 34.52319348955739], [71.89139751083466, 34.52323361640371], [71.89134686632387, 34.523222050990356], [71.89134100812423, 34.523209733703155], [71.89116672098815, 34.52316996115303], [71.89114711974109, 34.52322849933667], [71.89116850708494, 34.523274201192976], [71.89113819913774, 34.523283884547574], [71.891126291992, 34.523258524025394], [71.89114295391077, 34.523208744061606], [71.89104943818849, 34.523187433457416], [71.89071793370047, 34.52329309625278]]]]}, "properties": {"id": "Pakistan_123102132_271716", "height": 7.165408134460449, "hmax": 0.0, "ratio": 0.0, "vulnClass": "none"}}, {"type": "Feature", "geometry": {"type": "MultiPolygon", "coordinates": [[[[71.89087596896347, 34.523465312393874], [71.89067892512332, 34.52338737357386], [71.89064018652714, 34.52345389659015], [71.89083734262599, 34.52353174820238], [71.89087596896347, 34.523465312393874]]]]}, "properties": {"id": "Pakistan_123102132_166914", "height": 3.299033641815186, "hmax": 0.0, "ratio": 0.0, "vulnClass": "none"}}, {"type": "Feature", "geometry": {"type": "MultiPolygon", "coordinates": [[[[71.89059706058454, 34.52329875925395], [71.89066098842261, 34.5233103930492], [71.89067173348457, 34.52327037709452], [71.89060780567475, 34.52325874330639], [71.89059706058454, 34.52329875925395]]]]}, "properties": {"id": "Pakistan_123102132_287098", "height": 2.491700649261475, "hmax": 0.0, "ratio": 0.0, "vulnClass": "none"}}, {"type": "Feature", "geometry": {"type": "MultiPolygon", "coordinates": [[[[71.89050148660515, 34.523183476507604], [71.89073996369417, 34.52324832035047], [71.89076589906556, 34.52318345401054], [71.89084190492635, 34.523204138423196], [71.89086267290186, 34.52315229991366], [71.89077556138623, 34.523128628533954], [71.89077675654427, 34.523125774709044], [71.89054938543929, 34.5230639179572], [71.89050148660515, 34.523183476507604]]]]}, "properties": {"id": "Pakistan_123102132_104978", "height": 3.04287314414978, "hmax": 0.075, "ratio": 0.025, "vulnClass": "none"}}, {"type": "Feature", "geometry": {"type": "MultiPolygon", "coordinates": [[[[71.89000398813408, 34.52303523712467], [71.89043353015946, 34.523165971417534], [71.89049551127108, 34.52302793380905], [71.89006596982452, 34.52289719976514], [71.89000398813408, 34.52303523712467]]]]}, "properties": {"id": "Pakistan_123102132_585183", "height": 3.107460021972656, "hmax": 0.075, "ratio": 0.024, "vulnClass": "none"}}, {"type": "Feature", "geometry": {"type": "MultiPolygon", "coordinates": [[[[71.89069772244052, 34.52287616370946], [71.89064842426744, 34.52285183333807], [71.89061112907805, 34.52290298027775], [71.89066053606562, 34.52292731343733], [71.89069772244052, 34.52287616370946]]]]}, "properties": {"id": "Pakistan_123102132_182493", "height": 3.160845994949341, "hmax": 0.075, "ratio": 0.024, "vulnClass": "none"}}, {"type": "Feature", "geometry": {"type": "MultiPolygon", "coordinates": [[[[71.8904994702017, 34.52171532792145], [71.89089687347246, 34.52182577259362], [71.89090981572166, 34.52179401474905], [71.89064251009978, 34.5217196938117], [71.89065879679926, 34.521679999316405], [71.8905793577734, 34.52165796547432], [71.89060775155427, 34.52158847483703], [71.89054038722412, 34.52156972305578], [71.89055500007277, 34.52153404193791], [71.89043212519816, 34.52149990488975], [71.8903801414021, 34.52162684043561], [71.8905198278179, 34.5216657323423], [71.8904994702017, 34.52171532792145]]]]}, "properties": {"id": "Pakistan_123102132_478119", "height": 2.612830638885498, "hmax": 0.0, "ratio": 0.0, "vulnClass": "none"}}, {"type": "Feature", "geometry": {"type": "MultiPolygon", "coordinates": [[[[71.88864471240139, 34.52287953727286], [71.88900788920817, 34.52297920080003], [71.88906341655452, 34.522841990916326], [71.88895712773231, 34.52281278186899], [71.88893745182084, 34.52286158332316], [71.88877564523061, 34.52281716824055], [71.88879699184616, 34.522764443532104], [71.88870180543454, 34.52273831147603], [71.88864471240139, 34.52287953727286]]]]}, "properties": {"id": "Pakistan_123102132_148276", "height": 4.282547473907471, "hmax": 0.0, "ratio": 0.0, "vulnClass": "none"}}, {"type": "Feature", "geometry": {"type": "MultiPolygon", "coordinates": [[[[71.8857079897223, 34.52274225083837], [71.88568478924188, 34.52278330041211], [71.8858534581475, 34.52284808459441], [71.88587665521344, 34.52280712503334], [71.8857079897223, 34.52274225083837]]]]}, "properties": {"id": "Pakistan_123102132_542404", "height": 2.617932796478271, "hmax": 0.0, "ratio": 0.0, "vulnClass": "none"}}, {"type": "Feature", "geometry": {"type": "MultiPolygon", "coordinates": [[[[71.88416616853578, 34.52322755853778], [71.88417019763956, 34.52332689836387], [71.88444774291483, 34.52331929320227], [71.88444371347981, 34.523219953367416], [71.88416616853578, 34.52322755853778]]]]}, "properties": {"id": "Pakistan_123102132_173094", "height": 2.525392770767212, "hmax": 0.0, "ratio": 0.0, "vulnClass": "none"}}, {"type": "Feature", "geometry": {"type": "MultiPolygon", "coordinates": [[[[71.88308427718887, 34.52208750154748], [71.8832077196016, 34.52214139967484], [71.88328215863999, 34.52202585706889], [71.88315861090005, 34.521971866196125], [71.88308427718887, 34.52208750154748]]]]}, "properties": {"id": "Pakistan_123102132_240879", "height": 3.676785230636597, "hmax": 0.0, "ratio": 0.0, "vulnClass": "none"}}, {"type": "Feature", "geometry": {"type": "MultiPolygon", "coordinates": [[[[71.88319822272618, 34.521216117482815], [71.883151394153, 34.52123078488927], [71.88316752214357, 34.52126553767465], [71.88321435073438, 34.52125087026296], [71.88319822272618, 34.521216117482815]]]]}, "properties": {"id": "Pakistan_123102132_225344", "height": 5.593106269836426, "hmax": 0.0, "ratio": 0.0, "vulnClass": "none"}}, {"type": "Feature", "geometry": {"type": "MultiPolygon", "coordinates": [[[[71.88513411482191, 34.5202630827041], [71.8854544250517, 34.520288203402465], [71.88546484800604, 34.52019842601986], [71.88537711734486, 34.52019149993331], [71.8853819344232, 34.52014989105387], [71.88529691694875, 34.52014321442739], [71.88531106681158, 34.52002063344572], [71.88516350873468, 34.520009025501814], [71.88513411482191, 34.5202630827041]]]]}, "properties": {"id": "Pakistan_123102132_600562", "height": 2.691693067550659, "hmax": 0.0, "ratio": 0.0, "vulnClass": "none"}}, {"type": "Feature", "geometry": {"type": "MultiPolygon", "coordinates": [[[[71.89075021404443, 34.519643684706026], [71.89073915683278, 34.51967161482898], [71.8908738274255, 34.51970767443969], [71.8908939047444, 34.51965680975282], [71.89081745680767, 34.51963638459339], [71.89086049708474, 34.51952733779025], [71.89046381749847, 34.51942114800683], [71.89041175987306, 34.519553039106995], [71.89075021404443, 34.519643684706026]]]]}, "properties": {"id": "Pakistan_123102132_268702", "height": 3.329659461975098, "hmax": 0.0, "ratio": 0.0, "vulnClass": "none"}}, {"type": "Feature", "geometry": {"type": "MultiPolygon", "coordinates": [[[[71.88884014183662, 34.51888366828111], [71.88882013899548, 34.5189734722406], [71.88879674710857, 34.518969991594744], [71.88876992753909, 34.51909080799505], [71.88886857831226, 34.51910567137201], [71.88884739523952, 34.519200853263015], [71.88909396989666, 34.519237965010504], [71.88911150674663, 34.51915882404411], [71.88899996986447, 34.519142009948204], [71.88902115274519, 34.51904682801969], [71.88907421303848, 34.519054850563585], [71.88909292667411, 34.51897042171078], [71.8891655878616, 34.518981377494086], [71.88917605029262, 34.51893432402536], [71.88884014183662, 34.51888366828111]]]]}, "properties": {"id": "Pakistan_123102132_560665", "height": 3.207134962081909, "hmax": 0.0, "ratio": 0.0, "vulnClass": "none"}}, {"type": "Feature", "geometry": {"type": "MultiPolygon", "coordinates": [[[[71.88884446633196, 34.51845726606303], [71.88859035433107, 34.51845304075165], [71.8885570743679, 34.51852799463125], [71.88855670884514, 34.51854366856681], [71.8885481519897, 34.51856291926404], [71.88854639498086, 34.51863353924719], [71.88852495630482, 34.51863317289648], [71.88852293762632, 34.518716675317926], [71.888510927516, 34.518743859858446], [71.88859115643702, 34.518767988177515], [71.88862608869913, 34.51876860841873], [71.88867271975131, 34.518782596299246], [71.88869600793161, 34.51878300977916], [71.88874209839659, 34.51879689371741], [71.88874370601883, 34.51873321021088], [71.88870762934968, 34.51872237572389], [71.88867650482001, 34.51872185258742], [71.88863838122738, 34.51871042509061], [71.88863912385783, 34.51868169138999], [71.88866182661931, 34.518630533500726], [71.88866182817641, 34.518633417817306], [71.88869298229532, 34.51856291639176], [71.88869394116055, 34.51852544523827], [71.88882801600971, 34.518527691729794], [71.88882889104066, 34.51849247177752], [71.88884446633196, 34.51845726606303]]]]}, "properties": {"id": "Pakistan_123102132_597474", "height": 2.497302293777466, "hmax": 0.0, "ratio": 0.0, "vulnClass": "none"}}, {"type": "Feature", "geometry": {"type": "MultiPolygon", "coordinates": [[[[71.88852177415764, 34.51844363083092], [71.88885203326417, 34.51845583656996], [71.8888370524212, 34.51848384674782], [71.88883223877009, 34.51857223528009], [71.88889901006738, 34.51857465862269], [71.88893446567687, 34.51858755029322], [71.88896595219748, 34.51852859437331], [71.88896938227882, 34.51846567838646], [71.88892925494393, 34.51846420473739], [71.88893198495337, 34.51841425015207], [71.88890308192623, 34.518403778874095], [71.88890545184606, 34.518360575134096], [71.88884237962719, 34.51835824610496], [71.88884384350435, 34.51833061239137], [71.8888956047486, 34.51833256292674], [71.88891053910844, 34.51833799114396], [71.88891264609306, 34.51829892684869], [71.88879950623829, 34.51825791591459], [71.88877867704146, 34.51829677329169], [71.88862696710682, 34.518241709480584], [71.88859010075197, 34.518310623114694], [71.88859073387337, 34.518299462683856], [71.88853396877391, 34.518405634953254], [71.88853312786894, 34.51842237837195], [71.88852177415764, 34.51844363083092]]]]}, "properties": {"id": "Pakistan_123102132_200931", "height": 3.121181488037109, "hmax": 0.0, "ratio": 0.0, "vulnClass": "none"}}, {"type": "Feature", "geometry": {"type": "MultiPolygon", "coordinates": [[[[71.8880596727413, 34.51790988391428], [71.88853170742469, 34.51800700628275], [71.88857651360156, 34.51785933801338], [71.88849935309406, 34.517843490104696], [71.88850630326864, 34.51782059309609], [71.88823613973067, 34.517764942191796], [71.88823489430742, 34.51776914671624], [71.88811018786863, 34.517743433352464], [71.8880596727413, 34.51790988391428]]]]}, "properties": {"id": "Pakistan_123102132_277858", "height": 2.774917364120483, "hmax": 0.0, "ratio": 0.0, "vulnClass": "none"}}, {"type": "Feature", "geometry": {"type": "MultiPolygon", "coordinates": [[[[71.88900364847109, 34.517854994999496], [71.88916511371427, 34.5178702876553], [71.8891863263052, 34.51771868274448], [71.88902486134681, 34.51770339013205], [71.88900364847109, 34.517854994999496]]]]}, "properties": {"id": "Pakistan_123102132_357864", "height": 3.305873394012451, "hmax": 0.0, "ratio": 0.0, "vulnClass": "none"}}, {"type": "Feature", "geometry": {"type": "MultiPolygon", "coordinates": [[[[71.88953059133082, 34.517857791288094], [71.88950201433194, 34.518087354468946], [71.88952807100567, 34.51818896834329], [71.88952338012405, 34.51822724572871], [71.88953298780748, 34.51826462569198], [71.88970732487384, 34.51827934439882], [71.88971290961764, 34.5182346001605], [71.88976327825961, 34.5182388583083], [71.88976560689783, 34.5182201698497], [71.88986645297138, 34.5182286888532], [71.88987452527363, 34.51816390818801], [71.88986901596401, 34.51814222582645], [71.88988830726035, 34.51813884172827], [71.8899307508465, 34.51814244716228], [71.88987121608605, 34.517910367898224], [71.88987416073205, 34.51788682791556], [71.88953059133082, 34.517857791288094]]]]}, "properties": {"id": "Pakistan_123102132_37429", "height": 2.557412624359131, "hmax": 0.0, "ratio": 0.0, "vulnClass": "none"}}, {"type": "Feature", "geometry": {"type": "MultiPolygon", "coordinates": [[[[71.88888824886418, 34.51824052919468], [71.88917927127312, 34.51827706128756], [71.8892148457986, 34.51808481166341], [71.88914146561663, 34.518075640275526], [71.88915457319236, 34.518004318137905], [71.88911002427204, 34.517998765959966], [71.88907704263438, 34.51817693066188], [71.88900897305824, 34.5181684353733], [71.88902807714915, 34.51806472786653], [71.8889232648896, 34.518051600381014], [71.88888824886418, 34.51824052919468]]]]}, "properties": {"id": "Pakistan_123102132_366979", "height": 2.754683971405029, "hmax": 0.0, "ratio": 0.0, "vulnClass": "none"}}, {"type": "Feature", "geometry": {"type": "MultiPolygon", "coordinates": [[[[71.89004682314105, 34.518271502277926], [71.89037671764163, 34.51843403759874], [71.89039324438602, 34.51841129436311], [71.89042094249297, 34.518424889269376], [71.89052022157684, 34.51828816240002], [71.89041553329334, 34.518236552250414], [71.89035171949011, 34.51832442895053], [71.89025494117438, 34.518276805840074], [71.8902784759653, 34.518244236361156], [71.89022715036218, 34.51821886275284], [71.8902378206009, 34.51820426259843], [71.89013313261209, 34.51815265222079], [71.89004682314105, 34.518271502277926]]]]}, "properties": {"id": "Pakistan_123102132_471868", "height": 2.982780933380127, "hmax": 0.0, "ratio": 0.0, "vulnClass": "none"}}, {"type": "Feature", "geometry": {"type": "MultiPolygon", "coordinates": [[[[71.88993372911862, 34.5180448181363], [71.89023852656304, 34.51814136726162], [71.8902915353692, 34.51802779757786], [71.89029390198027, 34.51802857895396], [71.89037294456625, 34.51785915878468], [71.89032849619797, 34.517845046912306], [71.89034564738876, 34.51780843899891], [71.89024415617757, 34.51777628893352], [71.89014121508315, 34.51799683674918], [71.88997999453967, 34.51794567840047], [71.88993372911862, 34.5180448181363]]]]}, "properties": {"id": "Pakistan_123102132_370087", "height": 2.573930025100708, "hmax": 0.0, "ratio": 0.0, "vulnClass": "none"}}, {"type": "Feature", "geometry": {"type": "MultiPolygon", "coordinates": [[[[71.88462593468329, 34.51829231997034], [71.88470602969515, 34.51829661801224], [71.8847118372427, 34.518222586368836], [71.88463173894557, 34.51821837838239], [71.88462593468329, 34.51829231997034]]]]}, "properties": {"id": "Pakistan_123102132_259339", "height": 3.330002307891846, "hmax": 0.0, "ratio": 0.0, "vulnClass": "none"}}, {"type": "Feature", "geometry": {"type": "MultiPolygon", "coordinates": [[[[71.88474002984998, 34.51804168699137], [71.88470200375616, 34.518246851659924], [71.88493796243885, 34.51827649001148], [71.88497587918746, 34.518071322462596], [71.88474002984998, 34.51804168699137]]]]}, "properties": {"id": "Pakistan_123102132_521041", "height": 3.813446998596191, "hmax": 0.0, "ratio": 0.0, "vulnClass": "none"}}, {"type": "Feature", "geometry": {"type": "MultiPolygon", "coordinates": [[[[71.88486880081271, 34.518361613287524], [71.88499509421251, 34.51837979926073], [71.88498318265064, 34.51843645960632], [71.8850690782621, 34.518448747097445], [71.88509880331496, 34.51830853696705], [71.884886509124, 34.51827797073088], [71.88486880081271, 34.518361613287524]]]]}, "properties": {"id": "Pakistan_123102132_548463", "height": 2.788079023361206, "hmax": 0.0, "ratio": 0.0, "vulnClass": "none"}}, {"type": "Feature", "geometry": {"type": "MultiPolygon", "coordinates": [[[[71.88511882504197, 34.5184609230437], [71.88528015328203, 34.518494514481155], [71.8852947820496, 34.51844675654162], [71.88513345389286, 34.518413165127946], [71.88511882504197, 34.5184609230437]]]]}, "properties": {"id": "Pakistan_123102132_438034", "height": 3.109236478805542, "hmax": 0.0, "ratio": 0.0, "vulnClass": "none"}}, {"type": "Feature", "geometry": {"type": "MultiPolygon", "coordinates": [[[[71.88578753811238, 34.51978546739205], [71.88595526895726, 34.519714486208926], [71.88586196247496, 34.519564917047035], [71.88590013659649, 34.51954867570017], [71.88603967979708, 34.51977252301416], [71.88633464516761, 34.51964773341399], [71.88629385234829, 34.51958224706672], [71.88637981968093, 34.51954586337072], [71.88620903080383, 34.51927209636461], [71.88603620941052, 34.519345291507], [71.88609570541585, 34.51944072886202], [71.88606483913864, 34.5194537316748], [71.88609145011456, 34.519496503089044], [71.88597583324405, 34.51954537961528], [71.88591377179236, 34.519445730594214], [71.88583732155291, 34.51947803041728], [71.8858231400315, 34.51945531539252], [71.88563217406265, 34.51953615891859], [71.88578753811238, 34.51978546739205]]]]}, "properties": {"id": "Pakistan_123102132_83500", "height": 2.721804618835449, "hmax": 0.406, "ratio": 0.149, "vulnClass": "low"}}, {"type": "Feature", "geometry": {"type": "MultiPolygon", "coordinates": [[[[71.88241066995214, 34.52295648568968], [71.88269674959707, 34.523012015662395], [71.88274246117786, 34.52285211498144], [71.88282636017723, 34.52286840916909], [71.88285428525637, 34.52277078694332], [71.88273989713726, 34.522748576306846], [71.88271359113064, 34.52284074172496], [71.88261952911232, 34.522822475293545], [71.88259761178846, 34.52289915971636], [71.88243597834567, 34.52286771993138], [71.88241066995214, 34.52295648568968]]]]}, "properties": {"id": "Pakistan_123102132_441096", "height": 3.147937774658203, "hmax": 0.0, "ratio": 0.0, "vulnClass": "none"}}, {"type": "Feature", "geometry": {"type": "MultiPolygon", "coordinates": [[[[71.88281934038203, 34.52594475361992], [71.88276687500623, 34.52592944263988], [71.88274994763792, 34.5259686688946], [71.88280241303413, 34.52598397988302], [71.88281934038203, 34.52594475361992]]]]}, "properties": {"id": "Pakistan_123102132_250167", "height": 3.165505409240723, "hmax": 0.0, "ratio": 0.0, "vulnClass": "none"}}, {"type": "Feature", "geometry": {"type": "MultiPolygon", "coordinates": [[[[71.88268707985229, 34.52591983290951], [71.88263097309506, 34.52589703790633], [71.8826125050442, 34.52592793250752], [71.8826686118158, 34.52595072751994], [71.88268707985229, 34.52591983290951]]]]}, "properties": {"id": "Pakistan_123102132_108053", "height": 3.443934202194214, "hmax": 0.0, "ratio": 0.0, "vulnClass": "none"}}, {"type": "Feature", "geometry": {"type": "MultiPolygon", "coordinates": [[[[71.88306694255263, 34.52619714286014], [71.88307650293096, 34.526159801444095], [71.88310668106915, 34.52611568588157], [71.88312122676435, 34.52605855232287], [71.88304937926166, 34.52604608130275], [71.88302253096803, 34.52608559497404], [71.88300953803689, 34.52600179954429], [71.88294634225424, 34.52600847748423], [71.88291201217461, 34.52605879628073], [71.88288957888379, 34.52614637367127], [71.8827278148502, 34.52611826570286], [71.8827316498047, 34.52610304099787], [71.88279190426897, 34.526014627176195], [71.8827995472743, 34.52598489814056], [71.88266494478188, 34.52596144984346], [71.88265691151912, 34.52599288143373], [71.88262757703349, 34.52597933306368], [71.88252738177678, 34.52596190124363], [71.88250318682998, 34.52599742658141], [71.88259829535622, 34.52601400739924], [71.8826028581135, 34.52604350745362], [71.8826404037531, 34.52605005493554], [71.88264917806083, 34.526106792734424], [71.88251684681238, 34.52608376282791], [71.88249254302099, 34.52611928538109], [71.88241679891259, 34.526106173634034], [71.8823911054932, 34.52614391399555], [71.88242065087597, 34.52615764807801], [71.88328010216435, 34.52630723256908], [71.88329806222488, 34.52623738725566], [71.88306694255263, 34.52619714286014]]]]}, "properties": {"id": "Pakistan_123102132_314865", "height": 4.025742053985596, "hmax": 0.0, "ratio": 0.0, "vulnClass": "none"}}, {"type": "Feature", "geometry": {"type": "MultiPolygon", "coordinates": [[[[71.8829539027692, 34.52580866460185], [71.8827018234689, 34.52580483882421], [71.88269997084639, 34.52588663261668], [71.88295205375107, 34.52589036836385], [71.8829539027692, 34.52580866460185]]]]}, "properties": {"id": "Pakistan_123102132_524088", "height": 3.099345207214355, "hmax": 0.0, "ratio": 0.0, "vulnClass": "none"}}, {"type": "Feature", "geometry": {"type": "MultiPolygon", "coordinates": [[[[71.88253755635401, 34.525189808155744], [71.88275745325652, 34.5251863224731], [71.88275409360286, 34.52504571867009], [71.88283995856744, 34.52504439698295], [71.88283853754922, 34.52498613450112], [71.88253288506642, 34.524990944672616], [71.88253755635401, 34.525189808155744]]]]}, "properties": {"id": "Pakistan_123102132_83481", "height": 3.133083343505859, "hmax": 0.419, "ratio": 0.134, "vulnClass": "low"}}, {"type": "Feature", "geometry": {"type": "MultiPolygon", "coordinates": [[[[71.88330467402385, 34.52383162472964], [71.88326217366841, 34.52383531627009], [71.88326614896583, 34.52386597304009], [71.88330865269441, 34.52386219145142], [71.88330467402385, 34.52383162472964]]]]}, "properties": {"id": "Pakistan_123102132_508855", "height": 4.897154331207275, "hmax": 0.0, "ratio": 0.0, "vulnClass": "none"}}, {"type": "Feature", "geometry": {"type": "MultiPolygon", "coordinates": [[[[71.88359878279513, 34.52371862794896], [71.88398695283546, 34.523883930910934], [71.88402677944141, 34.52382050249369], [71.88397939563933, 34.52380036448544], [71.88404828938508, 34.523690448381494], [71.88391707784841, 34.52363454997136], [71.8838656698895, 34.52371652049467], [71.88373445845102, 34.52366062189255], [71.88374314533455, 34.5236466927859], [71.88366489123567, 34.523613327878664], [71.88359878279513, 34.52371862794896]]]]}, "properties": {"id": "Pakistan_123102132_65152", "height": 3.303823232650757, "hmax": 0.628, "ratio": 0.19, "vulnClass": "low"}}, {"type": "Feature", "geometry": {"type": "MultiPolygon", "coordinates": [[[[71.88468624438688, 34.52378659539283], [71.88526583600319, 34.52396732684804], [71.88528219232877, 34.52393169095259], [71.88513664394925, 34.52388642415763], [71.88515619959048, 34.52384383953491], [71.88509752872687, 34.52382557704013], [71.8851206368897, 34.52377533162729], [71.88508306567586, 34.52376364667106], [71.88503068172018, 34.52387768032274], [71.88493680970836, 34.523848424202846], [71.88498208535405, 34.52374980222865], [71.88488358552607, 34.52371907593193], [71.88485869761575, 34.52377324173494], [71.88471326192904, 34.52372788719047], [71.88468624438688, 34.52378659539283]]]]}, "properties": {"id": "Pakistan_123102132_296258", "height": 3.803828716278076, "hmax": 0.188, "ratio": 0.049, "vulnClass": "low"}}, {"type": "Feature", "geometry": {"type": "MultiPolygon", "coordinates": [[[[71.88344468654373, 34.524180141442635], [71.88349573388587, 34.52418964734907], [71.88351590134897, 34.52411607274109], [71.88341391555893, 34.524097063707536], [71.88340460544876, 34.52413062595788], [71.88345565275517, 34.52414013187928], [71.88344468654373, 34.524180141442635]]]]}, "properties": {"id": "Pakistan_123102132_351641", "height": 3.206144094467163, "hmax": 0.0, "ratio": 0.0, "vulnClass": "none"}}, {"type": "Feature", "geometry": {"type": "MultiPolygon", "coordinates": [[[[71.8836904873261, 34.524726138101116], [71.8833690553561, 34.5246488865297], [71.88336114067627, 34.52467130786851], [71.88329940118582, 34.52465648132956], [71.88325607881038, 34.52477858717719], [71.8837752469607, 34.524903431989024], [71.88381773657756, 34.524783197473994], [71.88373278971703, 34.52476282114798], [71.88371258716721, 34.5248198103392], [71.88366164013074, 34.52480760307142], [71.8836904873261, 34.524726138101116]]]]}, "properties": {"id": "Pakistan_123102132_612968", "height": 2.765230894088745, "hmax": 0.0, "ratio": 0.0, "vulnClass": "none"}}, {"type": "Feature", "geometry": {"type": "MultiPolygon", "coordinates": [[[[71.8832449337788, 34.52502490754616], [71.88364580158287, 34.52511266077289], [71.88363385809077, 34.52514967098562], [71.88367222223242, 34.52516930839202], [71.88368802890815, 34.52514844058728], [71.88388495413768, 34.52519150597808], [71.88390294376052, 34.52513545171611], [71.88382290975832, 34.52509428994565], [71.883854183171, 34.52505290614394], [71.88380193022925, 34.525026063964454], [71.88379285485114, 34.52502411966317], [71.88375929464254, 34.525068419451394], [71.88374919134786, 34.5250998883997], [71.88372153671175, 34.525093864271405], [71.88376845146365, 34.52494841529688], [71.88372229275215, 34.52492461299027], [71.88367897304921, 34.52491521438777], [71.88365656632423, 34.52498458568814], [71.88356701280259, 34.52496508306016], [71.883547995666, 34.52495522348897], [71.8835620338378, 34.52491168704141], [71.88349963316189, 34.52487953809359], [71.88343579272836, 34.524865559294724], [71.88342643615063, 34.52489452355001], [71.88334985141249, 34.52487769546874], [71.88337976794362, 34.524893151326744], [71.88330372049978, 34.524876517206756], [71.88328459072505, 34.52490180675332], [71.8832449337788, 34.52502490754616]]]]}, "properties": {"id": "Pakistan_123102132_370048", "height": 3.518855094909668, "hmax": 0.071, "ratio": 0.02, "vulnClass": "none"}}, {"type": "Feature", "geometry": {"type": "MultiPolygon", "coordinates": [[[[71.88309160612249, 34.52483486558673], [71.88307132129961, 34.52497874116836], [71.88324863286418, 34.52499579880178], [71.88326891739032, 34.52485192317469], [71.88309160612249, 34.52483486558673]]]]}, "properties": {"id": "Pakistan_123102132_240880", "height": 2.720684051513672, "hmax": 0.233, "ratio": 0.086, "vulnClass": "low"}}, {"type": "Feature", "geometry": {"type": "MultiPolygon", "coordinates": [[[[71.88306491365323, 34.525068801039495], [71.88312917389256, 34.525071524081724], [71.88313215034174, 34.52502382940003], [71.88306789013878, 34.52502110636135], [71.88306491365323, 34.525068801039495]]]]}, "properties": {"id": "Pakistan_123102132_333214", "height": 3.833191394805908, "hmax": 0.265, "ratio": 0.069, "vulnClass": "low"}}, {"type": "Feature", "geometry": {"type": "MultiPolygon", "coordinates": [[[[71.88317866214459, 34.525032318265154], [71.88316033823364, 34.52506519958076], [71.88324227446566, 34.525096225288536], [71.88326059499539, 34.52506343400705], [71.88317866214459, 34.525032318265154]]]]}, "properties": {"id": "Pakistan_123102132_302506", "height": 4.531967163085938, "hmax": 0.199, "ratio": 0.044, "vulnClass": "low"}}, {"type": "Feature", "geometry": {"type": "MultiPolygon", "coordinates": [[[[71.88325284010486, 34.52509325035751], [71.88330754215156, 34.52510113717205], [71.88331573151463, 34.52506258897298], [71.88326114164909, 34.525054614894735], [71.88325284010486, 34.52509325035751]]]]}, "properties": {"id": "Pakistan_123102132_511914", "height": 4.554678916931152, "hmax": 0.191, "ratio": 0.042, "vulnClass": "low"}}, {"type": "Feature", "geometry": {"type": "MultiPolygon", "coordinates": [[[[71.88312591072336, 34.52515319173641], [71.88290878491017, 34.525149538203586], [71.88290682913136, 34.525228264840614], [71.88312406730626, 34.52523183111942], [71.88312591072336, 34.52515319173641]]]]}, "properties": {"id": "Pakistan_123102132_366947", "height": 5.205317497253418, "hmax": 0.598, "ratio": 0.115, "vulnClass": "low"}}, {"type": "Feature", "geometry": {"type": "MultiPolygon", "coordinates": [[[[71.88307225526856, 34.525391756320616], [71.88319072092513, 34.525371888458544], [71.88319914494328, 34.525405903663106], [71.88326862444673, 34.52539424847427], [71.8832237002949, 34.525211752564985], [71.88303565005027, 34.52524318274746], [71.88307225526856, 34.525391756320616]]]]}, "properties": {"id": "Pakistan_123102132_533265", "height": 3.877594709396362, "hmax": 0.425, "ratio": 0.11, "vulnClass": "low"}}, {"type": "Feature", "geometry": {"type": "MultiPolygon", "coordinates": [[[[71.88352973934532, 34.52523164711154], [71.8834961760809, 34.52536364656319], [71.88364615031281, 34.52538955957386], [71.88366083449394, 34.525331618267685], [71.88358790286065, 34.525319029758975], [71.88360678178384, 34.52524497157492], [71.88352973934532, 34.52523164711154]]]]}, "properties": {"id": "Pakistan_123102132_194773", "height": 3.161264896392822, "hmax": 0.071, "ratio": 0.022, "vulnClass": "none"}}, {"type": "Feature", "geometry": {"type": "MultiPolygon", "coordinates": [[[[71.88355885090313, 34.52546439405916], [71.88372047441703, 34.525499167181515], [71.8837283709438, 34.525474311754756], [71.88368569368856, 34.5254651999546], [71.8836960784503, 34.52543202566804], [71.88363838544655, 34.52541964609636], [71.88364641764659, 34.52539407307276], [71.88358526993676, 34.52538088417875], [71.88355885090313, 34.52546439405916]]]]}, "properties": {"id": "Pakistan_123102132_413334", "height": 3.124565839767456, "hmax": 0.0, "ratio": 0.0, "vulnClass": "none"}}, {"type": "Feature", "geometry": {"type": "MultiPolygon", "coordinates": [[[[71.88360598849599, 34.525228276630514], [71.88360054715353, 34.52531872175584], [71.88366742218005, 34.52532142116682], [71.88367286009343, 34.52523106608231], [71.88360598849599, 34.525228276630514]]]]}, "properties": {"id": "Pakistan_123102132_170004", "height": 3.161264896392822, "hmax": 0.071, "ratio": 0.022, "vulnClass": "none"}}, {"type": "Feature", "geometry": {"type": "MultiPolygon", "coordinates": [[[[71.88358259045177, 34.52512853228241], [71.88340775931368, 34.5250945933953], [71.88338240700378, 34.52509692026949], [71.88338027123156, 34.52508118250346], [71.88332523807664, 34.52507049312865], [71.88332771838063, 34.525088673297674], [71.88338567234958, 34.525099887940215], [71.88337102561128, 34.52515098002672], [71.88331769633216, 34.525155927248406], [71.88331619263442, 34.52516120671293], [71.88334459158021, 34.52536923893783], [71.88346381612321, 34.52535822326566], [71.88345543684417, 34.52529671852504], [71.88344817291281, 34.525322130890316], [71.88343516745937, 34.525226978358724], [71.88343580211168, 34.5252245609659], [71.88348967878845, 34.525219537540906], [71.88351767998864, 34.525225029773324], [71.88356467206013, 34.52522064168111], [71.8835853300648, 34.525148521738934], [71.88358259045177, 34.52512853228241]]]]}, "properties": {"id": "Pakistan_123102132_15987", "height": 4.003544807434082, "hmax": 0.167, "ratio": 0.042, "vulnClass": "low"}}, {"type": "Feature", "geometry": {"type": "MultiPolygon", "coordinates": [[[[71.88387546063734, 34.525218303571116], [71.88430642957248, 34.52535459409137], [71.88434644307367, 34.52526863700285], [71.8843721676671, 34.52527677491449], [71.88440305833053, 34.52521059449436], [71.88431888647139, 34.52518401914216], [71.8843323805338, 34.525155070322526], [71.88407287395775, 34.52507300223291], [71.88401273959032, 34.525202070005555], [71.88389972510693, 34.5251662852904], [71.88387546063734, 34.525218303571116]]]]}, "properties": {"id": "Pakistan_123102132_123648", "height": 3.267992496490479, "hmax": 0.0, "ratio": 0.0, "vulnClass": "none"}}, {"type": "Feature", "geometry": {"type": "MultiPolygon", "coordinates": [[[[71.88400986144727, 34.52534062173985], [71.88393803203648, 34.52546497427635], [71.8843046920519, 34.525608635913294], [71.88437641227388, 34.525484280362384], [71.88400986144727, 34.52534062173985]]]]}, "properties": {"id": "Pakistan_123102132_471823", "height": 2.55692720413208, "hmax": 0.0, "ratio": 0.0, "vulnClass": "none"}}, {"type": "Feature", "geometry": {"type": "MultiPolygon", "coordinates": [[[[71.88656005777362, 34.524460577399765], [71.88650649439435, 34.524632627619184], [71.88690661160588, 34.524717196323316], [71.88692949625694, 34.52464369039337], [71.8868993491584, 34.5246373329965], [71.88691321154631, 34.52459261988868], [71.88693082510346, 34.52459631405455], [71.88694380178546, 34.52455491328714], [71.88675406164066, 34.524514830298465], [71.88675800940284, 34.524502402458324], [71.88656005777362, 34.524460577399765]]]]}, "properties": {"id": "Pakistan_123102132_104944", "height": 3.151910781860352, "hmax": 0.0, "ratio": 0.0, "vulnClass": "none"}}, {"type": "Feature", "geometry": {"type": "MultiPolygon", "coordinates": [[[[71.88522403716918, 34.523794375336536], [71.8851663609688, 34.52375234302317], [71.88512902338172, 34.52378699265886], [71.88518669958447, 34.52382902498998], [71.88522403716918, 34.523794375336536]]]]}, "properties": {"id": "Pakistan_123102132_277835", "height": 3.507285118103027, "hmax": 0.177, "ratio": 0.051, "vulnClass": "low"}}, {"type": "Feature", "geometry": {"type": "MultiPolygon", "coordinates": [[[[71.88519118217575, 34.52377010197564], [71.88540400154143, 34.5238717066632], [71.88544309665117, 34.52381619082838], [71.88546321518851, 34.52382571768154], [71.88550438267661, 34.523767190180855], [71.88543205309855, 34.52373262559901], [71.88538904079788, 34.52379390012523], [71.8853187448609, 34.5237602887192], [71.88532920917811, 34.52374541339265], [71.88523890362025, 34.523702277848244], [71.88519118217575, 34.52377010197564]]]]}, "properties": {"id": "Pakistan_123102132_508864", "height": 3.253608465194702, "hmax": 0.506, "ratio": 0.156, "vulnClass": "low"}}, {"type": "Feature", "geometry": {"type": "MultiPolygon", "coordinates": [[[[71.88553070005865, 34.523505122723876], [71.88537031698085, 34.523442983164195], [71.88533151721961, 34.52351103507673], [71.88549190039122, 34.523573174692366], [71.88553070005865, 34.523505122723876]]]]}, "properties": {"id": "Pakistan_123102132_342444", "height": 3.549974203109741, "hmax": 0.499, "ratio": 0.141, "vulnClass": "low"}}, {"type": "Feature", "geometry": {"type": "MultiPolygon", "coordinates": [[[[71.88555213981402, 34.52371009272127], [71.88571789202754, 34.5237655189407], [71.88576371695252, 34.52367258907681], [71.88571993939601, 34.523657951783115], [71.8857443191659, 34.523608640027405], [71.88562223591158, 34.52356784842214], [71.88555213981402, 34.52371009272127]]]]}, "properties": {"id": "Pakistan_123102132_382363", "height": 4.585010528564453, "hmax": 0.095, "ratio": 0.021, "vulnClass": "none"}}, {"type": "Feature", "geometry": {"type": "MultiPolygon", "coordinates": [[[[71.88580387002978, 34.52363251294661], [71.88575499142698, 34.52360864199766], [71.88573615888524, 34.52363475075026], [71.88578503749673, 34.52365862170721], [71.88580387002978, 34.52363251294661]]]]}, "properties": {"id": "Pakistan_123102132_465705", "height": 3.384467124938965, "hmax": 0.095, "ratio": 0.028, "vulnClass": "none"}}, {"type": "Feature", "geometry": {"type": "MultiPolygon", "coordinates": [[[[71.88827797301876, 34.52452846358605], [71.88872203019356, 34.524652633904104], [71.8887442947233, 34.52459867076447], [71.88878461603609, 34.5245950118883], [71.88874958801416, 34.524585195555474], [71.88873000736726, 34.52443831934918], [71.88864356816997, 34.52441412276606], [71.88864238351469, 34.52440498906709], [71.88859366881012, 34.524391308499595], [71.88857044000316, 34.524447770764645], [71.88851029647527, 34.52443100460395], [71.8884894681711, 34.524481489111494], [71.88843040257582, 34.52446502079826], [71.88841635920532, 34.524359566936596], [71.88843432158285, 34.52431585951396], [71.8886940740194, 34.52438846060357], [71.88873740431778, 34.524283478166765], [71.8886050492602, 34.52424648359877], [71.88860104181522, 34.52421663733083], [71.88844346932467, 34.52417250997254], [71.88839798257797, 34.52428275518954], [71.88838673853677, 34.524198644232975], [71.88833802064771, 34.52418505361977], [71.88836005091339, 34.524131535245175], [71.8882229560744, 34.524093157537266], [71.8881878698918, 34.524178520627984], [71.88823245428136, 34.52417442984306], [71.88821282450375, 34.52422197045748], [71.88824495492766, 34.524461733943724], [71.88827006715447, 34.52446877381659], [71.88827797301876, 34.52452846358605]]]]}, "properties": {"id": "Pakistan_123102132_262469", "height": 4.949600219726562, "hmax": 0.307, "ratio": 0.062, "vulnClass": "low"}}, {"type": "Feature", "geometry": {"type": "MultiPolygon", "coordinates": [[[[71.8893968513076, 34.52374677979639], [71.8897588130875, 34.52388507755985], [71.88978236517524, 34.52384331505889], [71.88998315516949, 34.52392008894005], [71.89005894662787, 34.52378555825962], [71.889615386904, 34.523615888080634], [71.88961842005196, 34.523610467243], [71.88949923549656, 34.52356488614522], [71.8893968513076, 34.52374677979639]]]]}, "properties": {"id": "Pakistan_123102132_388716", "height": 4.861968994140625, "hmax": 0.235, "ratio": 0.048, "vulnClass": "low"}}, {"type": "Feature", "geometry": {"type": "MultiPolygon", "coordinates": [[[[71.8906287984272, 34.523505343129756], [71.89058210785694, 34.523475310613975], [71.89049369117129, 34.52356868938978], [71.8906487619612, 34.5236683628169], [71.89071824893054, 34.523594961930854], [71.8906098687536, 34.523525321117184], [71.8906287984272, 34.523505343129756]]]]}, "properties": {"id": "Pakistan_123102132_132975", "height": 3.818063259124756, "hmax": 0.0, "ratio": 0.0, "vulnClass": "none"}}, {"type": "Feature", "geometry": {"type": "MultiPolygon", "coordinates": [[[[71.89036399099942, 34.52393457168443], [71.89033092501306, 34.52398032813584], [71.89039830590163, 34.52401332162048], [71.89049613110475, 34.52387781987085], [71.89032372226633, 34.52379338766137], [71.89035793645839, 34.523746038063614], [71.89031440917474, 34.52372464875343], [71.89026251203238, 34.52379651472146], [71.89024390267247, 34.523787387641825], [71.89019682623073, 34.523852616408405], [71.89036399099942, 34.52393457168443]]]]}, "properties": {"id": "Pakistan_123102132_594400", "height": 2.493327140808105, "hmax": 0.0, "ratio": 0.0, "vulnClass": "none"}}, {"type": "Feature", "geometry": {"type": "MultiPolygon", "coordinates": [[[[71.89048631113265, 34.523790500523006], [71.8906955478519, 34.52386857009155], [71.89077719513864, 34.52372003715464], [71.89068675572038, 34.52368627606483], [71.89064995860005, 34.52375329921698], [71.89053105270419, 34.52370898808076], [71.89048631113265, 34.523790500523006]]]]}, "properties": {"id": "Pakistan_123102132_548506", "height": 2.501183986663818, "hmax": 0.0, "ratio": 0.0, "vulnClass": "none"}}, {"type": "Feature", "geometry": {"type": "MultiPolygon", "coordinates": [[[[71.89038103964023, 34.52404127371669], [71.89023351971292, 34.52398451572133], [71.8902530977395, 34.523950042805026], [71.89011298467574, 34.52389617743916], [71.89005331302367, 34.524001374883596], [71.8903409462321, 34.52411199837331], [71.89038103964023, 34.52404127371669]]]]}, "properties": {"id": "Pakistan_123102132_407185", "height": 2.510104656219482, "hmax": 0.0, "ratio": 0.0, "vulnClass": "none"}}, {"type": "Feature", "geometry": {"type": "MultiPolygon", "coordinates": [[[[71.89065288510285, 34.52456755110278], [71.89090327215702, 34.52463729503028], [71.89095776325911, 34.52450447439761], [71.89098330762044, 34.52451161486121], [71.89104318681463, 34.524365681814764], [71.89093820420874, 34.52433641757484], [71.89091126589862, 34.52440188931796], [71.89075152567048, 34.52435743927212], [71.8907588323432, 34.524339598718534], [71.89081186592296, 34.524354289810205], [71.89083055020787, 34.52430870758536], [71.89065000957261, 34.52425840953284], [71.89066174713406, 34.524229775717885], [71.89055676485482, 34.52420051116532], [71.89049819900738, 34.52434332274414], [71.8907195928545, 34.5244049372415], [71.89065288510285, 34.52456755110278]]]]}, "properties": {"id": "Pakistan_123102132_459670", "height": 2.543304443359375, "hmax": 0.083, "ratio": 0.033, "vulnClass": "none"}}, {"type": "Feature", "geometry": {"type": "MultiPolygon", "coordinates": [[[[71.89038771284922, 34.524456148682944], [71.89057164096579, 34.52453249194252], [71.8906529273162, 34.524399543049846], [71.89060166481273, 34.52437822712891], [71.89059679711174, 34.52438612498609], [71.89046424383865, 34.52433101049897], [71.89038771284922, 34.524456148682944]]]]}, "properties": {"id": "Pakistan_123102132_419571", "height": 2.448673486709595, "hmax": 0.083, "ratio": 0.034, "vulnClass": "none"}}, {"type": "Feature", "geometry": {"type": "MultiPolygon", "coordinates": [[[[71.88952114166628, 34.524301926382904], [71.88986670167631, 34.5244098814324], [71.88992404450214, 34.5242853361466], [71.88998508370041, 34.5243043777824], [71.89003532207103, 34.5241951543511], [71.889817220332, 34.5241270427919], [71.88979803353506, 34.52416855602596], [71.88974323781586, 34.52415147611137], [71.8897201322436, 34.52420172254237], [71.88967416757778, 34.524187301298575], [71.88965367333117, 34.5242317555907], [71.88956604571283, 34.52420437469185], [71.88952114166628, 34.524301926382904]]]]}, "properties": {"id": "Pakistan_123102132_496494", "height": 4.529332160949707, "hmax": 0.0, "ratio": 0.0, "vulnClass": "none"}}, {"type": "Feature", "geometry": {"type": "MultiPolygon", "coordinates": [[[[71.8887782411269, 34.524239632847454], [71.8890508042163, 34.524336715613266], [71.88911140005781, 34.524221357170966], [71.88915879733158, 34.524238248754905], [71.88918376109118, 34.524190753820406], [71.88896687241638, 34.524113478054176], [71.88890873553, 34.524224212167844], [71.88880555536171, 34.52418751097895], [71.8887782411269, 34.524239632847454]]]]}, "properties": {"id": "Pakistan_123102132_539357", "height": 3.26894474029541, "hmax": 0.0, "ratio": 0.0, "vulnClass": "none"}}, {"type": "Feature", "geometry": {"type": "MultiPolygon", "coordinates": [[[[71.8889317172766, 34.52473324173688], [71.88922345974822, 34.52482125898866], [71.88929703333267, 34.524655666352764], [71.88939083608386, 34.52468392593947], [71.88939856822051, 34.52466636672403], [71.88916918089683, 34.524597155094256], [71.88915063305177, 34.52463904503532], [71.88906544727497, 34.524613348426335], [71.88903942163229, 34.52467181255565], [71.88896844994498, 34.524650444140526], [71.8889317172766, 34.52473324173688]]]]}, "properties": {"id": "Pakistan_123102132_453423", "height": 2.588440895080566, "hmax": 0.237, "ratio": 0.092, "vulnClass": "low"}}, {"type": "Feature", "geometry": {"type": "MultiPolygon", "coordinates": [[[[71.88877623200692, 34.52492558840536], [71.88937081236611, 34.52511371334561], [71.8894084536353, 34.52503283158036], [71.88881398253827, 34.52484470962211], [71.88877623200692, 34.52492558840536]]]]}, "properties": {"id": "Pakistan_123102132_210300", "height": 2.987189292907715, "hmax": 0.0, "ratio": 0.0, "vulnClass": "none"}}, {"type": "Feature", "geometry": {"type": "MultiPolygon", "coordinates": [[[[71.89066628034558, 34.52459096664703], [71.89061125356591, 34.5247030427437], [71.8905221856456, 34.524673372469366], [71.89051617457724, 34.52468565773509], [71.89079886824022, 34.524779840153734], [71.89085990250246, 34.52465556872586], [71.89066628034558, 34.52459096664703]]]]}, "properties": {"id": "Pakistan_123102132_560683", "height": 3.702332496643066, "hmax": 0.083, "ratio": 0.022, "vulnClass": "none"}}, {"type": "Feature", "geometry": {"type": "MultiPolygon", "coordinates": [[[[71.89038025406853, 34.5253709051841], [71.89055619608929, 34.525462908518904], [71.89066421682818, 34.52532270915465], [71.89052769207532, 34.52525135957773], [71.89055080539599, 34.525221393260765], [71.89051127613688, 34.52520082695007], [71.89038025406853, 34.5253709051841]]]]}, "properties": {"id": "Pakistan_123102132_259388", "height": 4.174692630767822, "hmax": 0.0, "ratio": 0.0, "vulnClass": "none"}}, {"type": "Feature", "geometry": {"type": "MultiPolygon", "coordinates": [[[[71.88948746065572, 34.525362120722846], [71.88944571182753, 34.52534852791347], [71.88939576500582, 34.52545280112897], [71.88943751387532, 34.52546639395763], [71.88948746065572, 34.525362120722846]]]]}, "properties": {"id": "Pakistan_123102132_518035", "height": 2.655194282531738, "hmax": 0.053, "ratio": 0.02, "vulnClass": "none"}}, {"type": "Feature", "geometry": {"type": "MultiPolygon", "coordinates": [[[[71.88938000118736, 34.52513017163732], [71.88972913898023, 34.52520937560747], [71.88975721400841, 34.525125095213575], [71.88950040702755, 34.525066902635665], [71.88951756586172, 34.525015513204615], [71.88942534086237, 34.52499459474679], [71.88938000118736, 34.52513017163732]]]]}, "properties": {"id": "Pakistan_123102132_274767", "height": 3.136414527893066, "hmax": 0.0, "ratio": 0.0, "vulnClass": "none"}}, {"type": "Feature", "geometry": {"type": "MultiPolygon", "coordinates": [[[[71.88913442282754, 34.52523261220676], [71.88964228035624, 34.52537201599477], [71.88979267597797, 34.52548617303414], [71.88983310099697, 34.525497298378255], [71.88989145343164, 34.525445156176104], [71.88972654744718, 34.52531999363178], [71.88972881215435, 34.52532059215925], [71.88968613161278, 34.52528813775765], [71.88972792403182, 34.52525080610293], [71.88973716281161, 34.5252278772528], [71.88962612708015, 34.525197375973036], [71.88959601682828, 34.52527196015648], [71.88950761807969, 34.52524771420827], [71.8894962847253, 34.525239133016335], [71.88927841652988, 34.52517931867911], [71.8893088902832, 34.52510375237757], [71.88912929139691, 34.52505446752726], [71.88918839325092, 34.52509923839104], [71.88913442282754, 34.52523261220676]]]]}, "properties": {"id": "Pakistan_123102132_19099", "height": 2.950438261032104, "hmax": 0.124, "ratio": 0.042, "vulnClass": "low"}}, {"type": "Feature", "geometry": {"type": "MultiPolygon", "coordinates": [[[[71.88867414332677, 34.52526621410431], [71.88925464341325, 34.525417206139224], [71.88928009033728, 34.52535088559464], [71.88918010358354, 34.52532490185814], [71.8892096653101, 34.52524750966377], [71.88905758392869, 34.525207939575346], [71.88903297557195, 34.52527220837726], [71.888840228443, 34.52522213721291], [71.88886760411579, 34.52515081845608], [71.88877344603816, 34.525126244874905], [71.88874763553174, 34.525193547504806], [71.88870610606756, 34.525182844315104], [71.88867414332677, 34.52526621410431]]]]}, "properties": {"id": "Pakistan_123102132_348617", "height": 2.570183753967285, "hmax": 0.418, "ratio": 0.163, "vulnClass": "low"}}, {"type": "Feature", "geometry": {"type": "MultiPolygon", "coordinates": [[[[71.8875453216226, 34.52496008533377], [71.88752813999128, 34.525009130398914], [71.8874662871964, 34.52499439319054], [71.88743641214705, 34.52508015934777], [71.88783529344151, 34.52517460824661], [71.88778470304432, 34.52531951456797], [71.88802014937457, 34.52537518304987], [71.88806355246143, 34.52525073391008], [71.88834606705537, 34.525317516825055], [71.88836813331157, 34.52525426495611], [71.88825165295034, 34.525226688136094], [71.88828360480207, 34.52513484563554], [71.8875453216226, 34.52496008533377]]]]}, "properties": {"id": "Pakistan_123102132_317943", "height": 4.78164005279541, "hmax": 0.115, "ratio": 0.024, "vulnClass": "low"}}, {"type": "Feature", "geometry": {"type": "MultiPolygon", "coordinates": [[[[71.88760474427733, 34.525224340324236], [71.88759125211266, 34.52526789122221], [71.88766181586325, 34.525282670289904], [71.8876753113477, 34.52523902933432], [71.88760474427733, 34.525224340324236]]]]}, "properties": {"id": "Pakistan_123102132_557563", "height": 3.642027854919434, "hmax": 0.0, "ratio": 0.0, "vulnClass": "none"}}, {"type": "Feature", "geometry": {"type": "MultiPolygon", "coordinates": [[[[71.88791732053977, 34.525744361453185], [71.88760929261043, 34.52566665152912], [71.88758230058782, 34.5257393317521], [71.88754702113157, 34.52573040998676], [71.88751652506882, 34.52581237470203], [71.88789662570271, 34.52590823724662], [71.88791695285023, 34.525853684077624], [71.88788016014698, 34.5258444534116], [71.88791732053977, 34.525744361453185]]]]}, "properties": {"id": "Pakistan_123102132_166886", "height": 4.782923698425293, "hmax": 0.0, "ratio": 0.0, "vulnClass": "none"}}, {"type": "Feature", "geometry": {"type": "MultiPolygon", "coordinates": [[[[71.88727161931075, 34.525882019930826], [71.88725247880073, 34.526036290937505], [71.88737200740638, 34.52604637045233], [71.88736686769114, 34.52608788103711], [71.88742679523922, 34.52609292491825], [71.88743550036025, 34.526022932946404], [71.88743658501932, 34.526023050747796], [71.88745655086764, 34.52586122953762], [71.8873848997989, 34.52585516555607], [71.88738050867023, 34.525891197092555], [71.88727161931075, 34.525882019930826]]]]}, "properties": {"id": "Pakistan_123102132_86500", "height": 2.60857367515564, "hmax": 0.0, "ratio": 0.0, "vulnClass": "none"}}, {"type": "Feature", "geometry": {"type": "MultiPolygon", "coordinates": [[[[71.88714327213637, 34.52586017826479], [71.88721291556811, 34.52587628612888], [71.88723382776777, 34.52581480772898], [71.88716429318232, 34.525798702654825], [71.88714327213637, 34.52586017826479]]]]}, "properties": {"id": "Pakistan_123102132_3811", "height": 2.764289855957031, "hmax": 0.0, "ratio": 0.0, "vulnClass": "none"}}, {"type": "Feature", "geometry": {"type": "MultiPolygon", "coordinates": [[[[71.88732197000652, 34.52605356659628], [71.88716388628463, 34.52603186771819], [71.88716935657251, 34.52600487707587], [71.88701170484785, 34.52598327915765], [71.88698167402357, 34.526131683994414], [71.88726880710706, 34.526171006431554], [71.88727656295424, 34.52613235672909], [71.88719573585416, 34.52612119134142], [71.88720227105851, 34.52608900011942], [71.88731181310864, 34.52610405267987], [71.88732197000652, 34.52605356659628]]]]}, "properties": {"id": "Pakistan_123102132_548475", "height": 3.682388782501221, "hmax": 0.0, "ratio": 0.0, "vulnClass": "none"}}, {"type": "Feature", "geometry": {"type": "MultiPolygon", "coordinates": [[[[71.88698352148063, 34.5261142452235], [71.88695896762525, 34.52623547932194], [71.88699609308986, 34.52625039716946], [71.88698821152825, 34.5262894943099], [71.8871682884885, 34.52631427823056], [71.88715695437314, 34.526370052142575], [71.88751824295015, 34.52651491932286], [71.88752961684902, 34.526516561448915], [71.88758831741254, 34.52641710919133], [71.88757856414217, 34.52646553252249], [71.88765806795335, 34.52633091797836], [71.88761093706924, 34.526324397940556], [71.88756269941322, 34.52640609038767], [71.88758230803458, 34.52630942659689], [71.88753756074644, 34.526303237730694], [71.88752245079505, 34.52632881076983], [71.88743274678417, 34.52629281264835], [71.88743966868178, 34.52625900887234], [71.88740522292098, 34.52624524111596], [71.88734108069768, 34.52623639423346], [71.88731481146122, 34.52628088102282], [71.88727478851972, 34.526264807754366], [71.88721595410006, 34.526256727141174], [71.88717077914608, 34.526238629606134], [71.88718112649713, 34.52622104713429], [71.88726011412537, 34.52623189520899], [71.88726971514318, 34.52618463975854], [71.88711142029933, 34.52616275515319], [71.8869939228069, 34.526115682318455], [71.88698352148063, 34.5261142452235]]]]}, "properties": {"id": "Pakistan_123102132_31307", "height": 2.943705320358276, "hmax": 0.117, "ratio": 0.04, "vulnClass": "low"}}, {"type": "Feature", "geometry": {"type": "MultiPolygon", "coordinates": [[[[71.88776893589397, 34.52594770381415], [71.88756651906053, 34.52591162508094], [71.88750890120566, 34.52613116283529], [71.88747557816393, 34.526125265355674], [71.88745730188323, 34.52619492305374], [71.88749830626283, 34.52620218821004], [71.88747661616591, 34.52628455779321], [71.88765079756017, 34.52631559010002], [71.88766588088905, 34.526258559758425], [71.88775296991024, 34.52627412083137], [71.88778342775565, 34.526158084603914], [71.88779630471626, 34.52616030584154], [71.88780507607709, 34.526126549211035], [71.88772566850383, 34.52611235583856], [71.88776893589397, 34.52594770381415]]]]}, "properties": {"id": "Pakistan_123102132_376102", "height": 2.590780258178711, "hmax": 0.0, "ratio": 0.0, "vulnClass": "none"}}, {"type": "Feature", "geometry": {"type": "MultiPolygon", "coordinates": [[[[71.88818410410634, 34.52606113460884], [71.88815985686449, 34.526115677986375], [71.88827950827655, 34.52615171821365], [71.88830375545444, 34.52609717480894], [71.88818410410634, 34.52606113460884]]]]}, "properties": {"id": "Pakistan_123102132_468668", "height": 3.422048568725586, "hmax": 0.0, "ratio": 0.0, "vulnClass": "none"}}, {"type": "Feature", "geometry": {"type": "MultiPolygon", "coordinates": [[[[71.88800844616634, 34.52618969194186], [71.8880354596333, 34.526119355641065], [71.8879549978574, 34.52609837551507], [71.88794028909155, 34.52613657754059], [71.88790620624002, 34.526127686392456], [71.88786146539547, 34.52624416957216], [71.88821394468606, 34.52633608189518], [71.888282567823, 34.52615729438383], [71.88821040989403, 34.526138509122084], [71.88819195290337, 34.52618671055221], [71.88814320039184, 34.526174020284635], [71.88812547327318, 34.52622016724497], [71.88800844616634, 34.52618969194186]]]]}, "properties": {"id": "Pakistan_123102132_173118", "height": 3.164890766143799, "hmax": 0.0, "ratio": 0.0, "vulnClass": "none"}}, {"type": "Feature", "geometry": {"type": "MultiPolygon", "coordinates": [[[[71.88769656253307, 34.5266044636676], [71.88787703190516, 34.526662605984164], [71.88789287208444, 34.526629119772906], [71.88801619804228, 34.526668859335196], [71.88798204849668, 34.52674072616006], [71.88874503304415, 34.52698668866908], [71.88880412376542, 34.52686209848034], [71.88876462901959, 34.526849374096734], [71.88874501582626, 34.52689060584609], [71.88830175309035, 34.52674770778388], [71.88837052367374, 34.52660299448172], [71.88828109812658, 34.52657412462031], [71.88823737820084, 34.526666117648304], [71.88809425381689, 34.52661992457243], [71.88819883792783, 34.526399601333104], [71.88811748227313, 34.526373370764325], [71.88813887181466, 34.52632830867779], [71.88792020081924, 34.52625783562998], [71.88789467789775, 34.5263115352094], [71.8877760894972, 34.52627326837663], [71.8877200814459, 34.526391086520505], [71.88781682797936, 34.526422216579945], [71.88776767021888, 34.526525697961276], [71.88773839798954, 34.52651629852636], [71.88769656253307, 34.5266044636676]]]]}, "properties": {"id": "Pakistan_123102132_471842", "height": 3.303223848342896, "hmax": 0.0, "ratio": 0.0, "vulnClass": "none"}}, {"type": "Feature", "geometry": {"type": "MultiPolygon", "coordinates": [[[[71.88825853969367, 34.526311260686455], [71.88823438937878, 34.52630469599534], [71.88821601952314, 34.52635055617713], [71.88824027865103, 34.52635712364714], [71.88825853969367, 34.526311260686455]]]]}, "properties": {"id": "Pakistan_123102132_89607", "height": 2.624990224838257, "hmax": 0.0, "ratio": 0.0, "vulnClass": "none"}}, {"type": "Feature", "geometry": {"type": "MultiPolygon", "coordinates": [[[[71.88861084054362, 34.52591942044538], [71.88876197024105, 34.52585585403919], [71.8886512290378, 34.52567699949856], [71.88850009960134, 34.52574056578196], [71.88861084054362, 34.52591942044538]]]]}, "properties": {"id": "Pakistan_123102132_200932", "height": 2.82960057258606, "hmax": 0.0, "ratio": 0.0, "vulnClass": "none"}}, {"type": "Feature", "geometry": {"type": "MultiPolygon", "coordinates": [[[[71.88819653195024, 34.52550208264959], [71.8879902355421, 34.52541227623965], [71.88788941369808, 34.52556960180981], [71.88792928071199, 34.525586932764234], [71.88785505521312, 34.52570266397235], [71.88802159381214, 34.52577514249557], [71.88819653195024, 34.52550208264959]]]]}, "properties": {"id": "Pakistan_123102132_569769", "height": 2.771860361099243, "hmax": 0.115, "ratio": 0.041, "vulnClass": "low"}}, {"type": "Feature", "geometry": {"type": "MultiPolygon", "coordinates": [[[[71.88911789487206, 34.52580544050223], [71.88910161401505, 34.525865414935396], [71.8891945246244, 34.52588256552952], [71.88923096842957, 34.52574901529338], [71.88909555386525, 34.5257239309631], [71.88907549619545, 34.52579759954417], [71.88911789487206, 34.52580544050223]]]]}, "properties": {"id": "Pakistan_123102132_173125", "height": 2.962390422821045, "hmax": 0.0, "ratio": 0.0, "vulnClass": "none"}}, {"type": "Feature", "geometry": {"type": "MultiPolygon", "coordinates": [[[[71.88909778727111, 34.52567270188892], [71.88901383751303, 34.525645955125995], [71.88899302615636, 34.52569013079355], [71.88907708475095, 34.52571688034655], [71.88909778727111, 34.52567270188892]]]]}, "properties": {"id": "Pakistan_123102132_388713", "height": 2.834833383560181, "hmax": 0.0, "ratio": 0.0, "vulnClass": "none"}}, {"type": "Feature", "geometry": {"type": "MultiPolygon", "coordinates": [[[[71.8892311705961, 34.525758214074074], [71.88924413085918, 34.525769901309154], [71.88994059634464, 34.52602101053335], [71.88999616346034, 34.525979342934235], [71.8900091651731, 34.52595479743378], [71.88999357184954, 34.52594069969294], [71.88987310660345, 34.52589724943864], [71.8898284357622, 34.52585681259188], [71.88977868067076, 34.52583886967377], [71.88984220716743, 34.52579109566663], [71.88983232143497, 34.52578750874995], [71.8898746712773, 34.525755689410694], [71.8898150399577, 34.525701711735984], [71.88968103377101, 34.52565340948069], [71.88962493384358, 34.525759148353], [71.88957389000079, 34.52574072183518], [71.88953288253508, 34.525771583815654], [71.88946124019888, 34.52570675416831], [71.8893586120288, 34.52566979706626], [71.8893586120288, 34.52566979706626], [71.88929101738896, 34.52564545036206], [71.8892311705961, 34.525758214074074]]]]}, "properties": {"id": "Pakistan_123102132_204098", "height": 3.702400684356689, "hmax": 0.0, "ratio": 0.0, "vulnClass": "none"}}, {"type": "Feature", "geometry": {"type": "MultiPolygon", "coordinates": [[[[71.88990974660419, 34.525875469653094], [71.89003958338562, 34.52593339983467], [71.89014683130563, 34.52577010707506], [71.8900978730611, 34.525748308849515], [71.8901091822046, 34.52573120128908], [71.89003151091383, 34.52569668347372], [71.89000241442804, 34.52574109883391], [71.88994510042903, 34.52571557237246], [71.88999335688136, 34.52564208153497], [71.8899448306075, 34.52562038439413], [71.8898606696289, 34.52574857251153], [71.88996308194375, 34.52579426665809], [71.88990974660419, 34.525875469653094]]]]}, "properties": {"id": "Pakistan_123102132_585182", "height": 4.376491546630859, "hmax": 0.0, "ratio": 0.0, "vulnClass": "none"}}, {"type": "Feature", "geometry": {"type": "MultiPolygon", "coordinates": [[[[71.8908447964867, 34.52545692266699], [71.89079449998218, 34.52539498114893], [71.89061838767678, 34.525491984062896], [71.89066857529674, 34.52555392287648], [71.8908447964867, 34.52545692266699]]]]}, "properties": {"id": "Pakistan_123102132_148295", "height": 2.996757507324219, "hmax": 0.0, "ratio": 0.0, "vulnClass": "none"}}, {"type": "Feature", "geometry": {"type": "MultiPolygon", "coordinates": [[[[71.89013719749406, 34.52568071939333], [71.89028244977283, 34.525763378271925], [71.89033384413361, 34.5257021353013], [71.89018859525123, 34.52561938643802], [71.89013719749406, 34.52568071939333]]]]}, "properties": {"id": "Pakistan_123102132_410330", "height": 2.478009700775146, "hmax": 0.0, "ratio": 0.0, "vulnClass": "none"}}, {"type": "Feature", "geometry": {"type": "MultiPolygon", "coordinates": [[[[71.89022490005611, 34.52653742129547], [71.89035531288766, 34.52657111990793], [71.8904511358753, 34.52631974558598], [71.89043786714173, 34.526316342905695], [71.89046550306541, 34.5262438586647], [71.89039711568172, 34.52622616224076], [71.8903657316247, 34.52630864591204], [71.89036087574118, 34.52630744055926], [71.89033626462594, 34.52637179969927], [71.89029236414999, 34.52636040567031], [71.89022490005611, 34.52653742129547]]]]}, "properties": {"id": "Pakistan_123102132_410331", "height": 3.536951065063477, "hmax": 0.0, "ratio": 0.0, "vulnClass": "none"}}, {"type": "Feature", "geometry": {"type": "MultiPolygon", "coordinates": [[[[71.8907571284735, 34.526194686040085], [71.89057216542547, 34.52618997283195], [71.89056830624745, 34.52629370843356], [71.89075316072218, 34.526298418887464], [71.8907571284735, 34.526194686040085]]]]}, "properties": {"id": "Pakistan_123102132_148293", "height": 3.41602087020874, "hmax": 0.0, "ratio": 0.0, "vulnClass": "none"}}, {"type": "Feature", "geometry": {"type": "MultiPolygon", "coordinates": [[[[71.8896172040392, 34.526268296319195], [71.88957555171052, 34.52625795081177], [71.88955307574251, 34.5262356556803], [71.88940374416673, 34.52619822914133], [71.8893657428666, 34.526224390609016], [71.88935040743024, 34.526209217758904], [71.8891654697612, 34.526162861342044], [71.88911238135564, 34.52619936399135], [71.88900674939327, 34.5261728756305], [71.88902927900415, 34.52611179865959], [71.88900291498877, 34.52608570882745], [71.88894497124114, 34.52607125227284], [71.88891348194494, 34.526156526989645], [71.88889804115698, 34.526141261265415], [71.8888190620977, 34.526121401111055], [71.88883849319649, 34.52614064432924], [71.88890021150587, 34.5261560985088], [71.88888143674346, 34.52620699596004], [71.88892135016442, 34.52624650064677], [71.88945437022673, 34.52638005729766], [71.8896172040392, 34.526268296319195]]]]}, "properties": {"id": "Pakistan_123102132_478112", "height": 2.724374771118164, "hmax": 0.0, "ratio": 0.0, "vulnClass": "none"}}, {"type": "Feature", "geometry": {"type": "MultiPolygon", "coordinates": [[[[71.88893702971504, 34.52627583329475], [71.88884789388501, 34.52654053630124], [71.88894756404329, 34.52656335759841], [71.88903669959315, 34.52629865450414], [71.88893702971504, 34.52627583329475]]]]}, "properties": {"id": "Pakistan_123102132_277866", "height": 3.087950229644775, "hmax": 0.0, "ratio": 0.0, "vulnClass": "none"}}, {"type": "Feature", "geometry": {"type": "MultiPolygon", "coordinates": [[[[71.88915862019942, 34.52652538427342], [71.88904779868652, 34.526655866465305], [71.8890988658993, 34.52668538024095], [71.88920979618098, 34.52655490077477], [71.88915862019942, 34.52652538427342]]]]}, "properties": {"id": "Pakistan_123102132_502633", "height": 3.688633441925049, "hmax": 0.0, "ratio": 0.0, "vulnClass": "none"}}, {"type": "Feature", "geometry": {"type": "MultiPolygon", "coordinates": [[[[71.88880035987806, 34.52691932746191], [71.88890741148388, 34.52696036372604], [71.88906947303369, 34.52667336417117], [71.88901965242687, 34.52665424752825], [71.88900169696814, 34.526686057563886], [71.88894446621937, 34.52666413808966], [71.88880035987806, 34.52691932746191]]]]}, "properties": {"id": "Pakistan_123102132_364012", "height": 5.405998229980469, "hmax": 0.0, "ratio": 0.0, "vulnClass": "none"}}, {"type": "Feature", "geometry": {"type": "MultiPolygon", "coordinates": [[[[71.88869445493752, 34.52680945829853], [71.88884005747794, 34.52685346053244], [71.88888724412782, 34.52674731455893], [71.88885655389353, 34.52673796936665], [71.88882660836099, 34.52680516655791], [71.88871180493294, 34.52677051232263], [71.88869445493752, 34.52680945829853]]]]}, "properties": {"id": "Pakistan_123102132_798", "height": 2.669954538345337, "hmax": 0.0, "ratio": 0.0, "vulnClass": "none"}}, {"type": "Feature", "geometry": {"type": "MultiPolygon", "coordinates": [[[[71.88962814748736, 34.52664731666261], [71.88960695591678, 34.52669878356174], [71.88965739621848, 34.526712958416915], [71.88967859111395, 34.52666140145945], [71.88962814748736, 34.52664731666261]]]]}, "properties": {"id": "Pakistan_123102132_422675", "height": 2.927489280700684, "hmax": 0.0, "ratio": 0.0, "vulnClass": "none"}}, {"type": "Feature", "geometry": {"type": "MultiPolygon", "coordinates": [[[[71.8891766599168, 34.52687754542885], [71.88952284887714, 34.526948382708305], [71.88955478898501, 34.526842208330244], [71.88972404447823, 34.52687689776538], [71.88972653216999, 34.526868578751504], [71.88983018357003, 34.5268897882853], [71.88990423114062, 34.52664416877808], [71.88970211794941, 34.52660278338376], [71.88963750835293, 34.526817186707405], [71.88948338482894, 34.5267855869058], [71.88946637096491, 34.526841847220076], [71.8892037337477, 34.52678801193806], [71.8891766599168, 34.52687754542885]]]]}, "properties": {"id": "Pakistan_123102132_572929", "height": 4.550471305847168, "hmax": 0.0, "ratio": 0.0, "vulnClass": "none"}}, {"type": "Feature", "geometry": {"type": "MultiPolygon", "coordinates": [[[[71.88932645099295, 34.52658662732729], [71.8893842273761, 34.52661144480788], [71.88940736519245, 34.52657498974105], [71.88934958882592, 34.526550172272295], [71.88932645099295, 34.52658662732729]]]]}, "properties": {"id": "Pakistan_123102132_55996", "height": 2.559655427932739, "hmax": 0.0, "ratio": 0.0, "vulnClass": "none"}}, {"type": "Feature", "geometry": {"type": "MultiPolygon", "coordinates": [[[[71.88952959941518, 34.52660018844771], [71.88969411340005, 34.52665107122534], [71.88977486931338, 34.526473944063255], [71.889676139976, 34.526443395932105], [71.88966913758709, 34.526458900687096], [71.88957643755336, 34.526430218702636], [71.88953623942099, 34.52651833613722], [71.8895631584541, 34.52652659355674], [71.88952959941518, 34.52660018844771]]]]}, "properties": {"id": "Pakistan_123102132_465728", "height": 3.683428525924683, "hmax": 0.0, "ratio": 0.0, "vulnClass": "none"}}, {"type": "Feature", "geometry": {"type": "MultiPolygon", "coordinates": [[[[71.89012590660302, 34.52665153124307], [71.8900570165484, 34.52680246179634], [71.89024499563722, 34.52686079205833], [71.89031388876714, 34.5267097713361], [71.89012590660302, 34.52665153124307]]]]}, "properties": {"id": "Pakistan_123102132_280987", "height": 3.343470811843872, "hmax": 0.0, "ratio": 0.0, "vulnClass": "none"}}, {"type": "Feature", "geometry": {"type": "MultiPolygon", "coordinates": [[[[71.89038481015409, 34.52699306603757], [71.8903563776905, 34.52698449982359], [71.89037873892357, 34.52693378366173], [71.89017484598963, 34.52687288481137], [71.890094905498, 34.5270544495733], [71.8903272312962, 34.52712391480596], [71.89038481015409, 34.52699306603757]]]]}, "properties": {"id": "Pakistan_123102132_603643", "height": 2.588465690612793, "hmax": 0.0, "ratio": 0.0, "vulnClass": "none"}}, {"type": "Feature", "geometry": {"type": "MultiPolygon", "coordinates": [[[[71.88991914180009, 34.52705709033646], [71.88994123475428, 34.52718041541413], [71.88987067147245, 34.52718898222922], [71.88977917655434, 34.527233249173925], [71.88973870161001, 34.527238076164316], [71.88969812845859, 34.52718115912528], [71.8896540395812, 34.52718652490347], [71.88955201055529, 34.52723584103541], [71.88976460131745, 34.527534194265925], [71.88996921720681, 34.52743521525692], [71.88994522464695, 34.527301476403245], [71.8898559553946, 34.52731227043224], [71.88982945555249, 34.527275181003674], [71.88994390498011, 34.52721987185758], [71.89003536359014, 34.527208773027425], [71.89005366456193, 34.52719986557524], [71.89016229903349, 34.52718668067171], [71.89015652843263, 34.52715444603507], [71.89009204786899, 34.52706393090379], [71.89008718104553, 34.527036676647356], [71.88991914180009, 34.52705709033646]]]]}, "properties": {"id": "Pakistan_123102132_398051", "height": 6.337430000305176, "hmax": 0.0, "ratio": 0.0, "vulnClass": "none"}}, {"type": "Feature", "geometry": {"type": "MultiPolygon", "coordinates": [[[[71.88901499406134, 34.527033951657174], [71.8889737840735, 34.527119970004385], [71.8892176199073, 34.52719910468729], [71.88925872089305, 34.52711308347335], [71.88901499406134, 34.527033951657174]]]]}, "properties": {"id": "Pakistan_123102132_6826", "height": 6.417449474334717, "hmax": 0.271, "ratio": 0.042, "vulnClass": "low"}}, {"type": "Feature", "geometry": {"type": "MultiPolygon", "coordinates": [[[[71.88920859008189, 34.526979399209495], [71.88916811443413, 34.526963765671894], [71.88919921253367, 34.526909486877706], [71.88911794497116, 34.526877941321054], [71.88903104684496, 34.527029854254586], [71.88915278684352, 34.52707712348074], [71.88920859008189, 34.526979399209495]]]]}, "properties": {"id": "Pakistan_123102132_360847", "height": 6.417449474334717, "hmax": 0.0, "ratio": 0.0, "vulnClass": "none"}}, {"type": "Feature", "geometry": {"type": "MultiPolygon", "coordinates": [[[[71.887828430978, 34.5270904020657], [71.8877765659841, 34.52708231919762], [71.88776460127825, 34.52713456187816], [71.88787082039002, 34.52715115162407], [71.88787590194573, 34.52712874784493], [71.88782154451901, 34.52712033102483], [71.887828430978, 34.5270904020657]]]]}, "properties": {"id": "Pakistan_123102132_271686", "height": 2.834228515625, "hmax": 0.0, "ratio": 0.0, "vulnClass": "none"}}, {"type": "Feature", "geometry": {"type": "MultiPolygon", "coordinates": [[[[71.8880077340277, 34.527191598303695], [71.88844165972185, 34.527368870668546], [71.88849122963043, 34.52728649077749], [71.88844392469751, 34.527267077509194], [71.88846308068918, 34.52723520804804], [71.88843722794962, 34.52722463410098], [71.8884105304192, 34.52726892994082], [71.88836107627844, 34.5272487407662], [71.88840054672771, 34.52718313860506], [71.88863955704397, 34.527280718894694], [71.88871268861604, 34.52715928093022], [71.88859093384451, 34.52710948715135], [71.88860428086221, 34.52708738423222], [71.88865276916069, 34.5271071881453], [71.8886650732468, 34.52708677116333], [71.88856605960943, 34.52704630018331], [71.88855108543139, 34.527071155746796], [71.88840572955371, 34.52701174661344], [71.88841478606591, 34.52699665485586], [71.88828466246632, 34.52694349269633], [71.88819875757869, 34.527086236696285], [71.88809630945185, 34.527044415882834], [71.8880077340277, 34.527191598303695]]]]}, "properties": {"id": "Pakistan_123102132_518019", "height": 4.968643665313721, "hmax": 0.232, "ratio": 0.047, "vulnClass": "low"}}, {"type": "Feature", "geometry": {"type": "MultiPolygon", "coordinates": [[[[71.88863118665793, 34.526680576453366], [71.88876844666402, 34.52675266798303], [71.88885471035071, 34.526641209036605], [71.88888141482484, 34.52665522968432], [71.8888997181172, 34.52663163069145], [71.88873575375413, 34.526545518641775], [71.88863118665793, 34.526680576453366]]]]}, "properties": {"id": "Pakistan_123102132_588202", "height": 3.725736141204834, "hmax": 0.0, "ratio": 0.0, "vulnClass": "none"}}, {"type": "Feature", "geometry": {"type": "MultiPolygon", "coordinates": [[[[71.88868096807043, 34.52639648292243], [71.88864809018972, 34.526492718445205], [71.88883467212256, 34.5265358727746], [71.888867444363, 34.52643954436917], [71.88868096807043, 34.52639648292243]]]]}, "properties": {"id": "Pakistan_123102132_342466", "height": 3.028830051422119, "hmax": 0.0, "ratio": 0.0, "vulnClass": "none"}}, {"type": "Feature", "geometry": {"type": "MultiPolygon", "coordinates": [[[[71.88826098206412, 34.526371442055414], [71.88823043552658, 34.52643429735541], [71.88840634199703, 34.52649214225775], [71.88837024936133, 34.52656648339446], [71.88842813115814, 34.52658553546087], [71.88838011751089, 34.5266846297375], [71.88859518616397, 34.5267553706759], [71.88862656458097, 34.5266906436892], [71.88858266939434, 34.52667618463914], [71.88862796581866, 34.52658278953814], [71.88860149884562, 34.52657409277309], [71.88861813385762, 34.52653972539002], [71.88871625180077, 34.52657206145381], [71.88873748870888, 34.52652816709989], [71.88826098206412, 34.526371442055414]]]]}, "properties": {"id": "Pakistan_123102132_521060", "height": 4.122592449188232, "hmax": 0.0, "ratio": 0.0, "vulnClass": "none"}}, {"type": "Feature", "geometry": {"type": "MultiPolygon", "coordinates": [[[[71.88817420922098, 34.52651118952138], [71.88830386549117, 34.52655640810979], [71.88833180535347, 34.526502139140554], [71.88827847990947, 34.52648356375894], [71.88829292192402, 34.52645544984752], [71.88821659453453, 34.52642871663584], [71.88817420922098, 34.52651118952138]]]]}, "properties": {"id": "Pakistan_123102132_290160", "height": 3.180758953094482, "hmax": 0.0, "ratio": 0.0, "vulnClass": "none"}}, {"type": "Feature", "geometry": {"type": "MultiPolygon", "coordinates": [[[[71.88725777667995, 34.52694091603353], [71.88735623615477, 34.52696992696327], [71.88741412422729, 34.52683674414419], [71.88731566488208, 34.52680773326808], [71.88725777667995, 34.52694091603353]]]]}, "properties": {"id": "Pakistan_123102132_560652", "height": 3.731101036071777, "hmax": 0.0, "ratio": 0.0, "vulnClass": "none"}}, {"type": "Feature", "geometry": {"type": "MultiPolygon", "coordinates": [[[[71.88735867308348, 34.52663252920143], [71.88731970625174, 34.526746004762664], [71.88744646416407, 34.526775467090765], [71.88748532204157, 34.52666198870559], [71.88735867308348, 34.52663252920143]]]]}, "properties": {"id": "Pakistan_123102132_247034", "height": 3.530665636062622, "hmax": 0.0, "ratio": 0.0, "vulnClass": "none"}}, {"type": "Feature", "geometry": {"type": "MultiPolygon", "coordinates": [[[[71.88802455272145, 34.526813015687765], [71.88757750579602, 34.526692822305534], [71.88755094220623, 34.52675983501829], [71.88772411266946, 34.52680634442957], [71.88769442521219, 34.5268812092481], [71.88767749748452, 34.526876631336954], [71.8876949269334, 34.5268326400688], [71.88762699511547, 34.526814412910454], [71.88760367097505, 34.52687339624456], [71.88750188372646, 34.52684601316758], [71.88746786334825, 34.526931943957365], [71.88765936287061, 34.52698342768922], [71.8876830503016, 34.52692346214236], [71.88775712695903, 34.526943378272726], [71.88776745971892, 34.52691741296016], [71.88784121334088, 34.5269372306669], [71.88786297202346, 34.52688226336561], [71.88798416619711, 34.52691491818144], [71.88802455272145, 34.526813015687765]]]]}, "properties": {"id": "Pakistan_123102132_505787", "height": 3.858407974243164, "hmax": 0.0, "ratio": 0.0, "vulnClass": "none"}}, {"type": "Feature", "geometry": {"type": "MultiPolygon", "coordinates": [[[[71.8873095050593, 34.52704039102712], [71.88731396150035, 34.5270318518914], [71.88718734489284, 34.52698689005568], [71.8871512345723, 34.527055822327235], [71.88729590540797, 34.527107283710755], [71.88732756255197, 34.527046800480086], [71.8873095050593, 34.52704039102712]]]]}, "properties": {"id": "Pakistan_123102132_92642", "height": 3.308381319046021, "hmax": 0.0, "ratio": 0.0, "vulnClass": "none"}}, {"type": "Feature", "geometry": {"type": "MultiPolygon", "coordinates": [[[[71.88732707844038, 34.5271563003613], [71.88810543151767, 34.52751018828638], [71.88813221583722, 34.52756594296835], [71.88831070517303, 34.527507671794424], [71.8882665375856, 34.527415690822714], [71.88830862769574, 34.52735285951004], [71.88827425173959, 34.52733720096014], [71.8882544090426, 34.52734363521522], [71.888097088622, 34.527272113092096], [71.88808070988296, 34.527296662370276], [71.8880498674959, 34.52728262614721], [71.88807304783099, 34.52724797511418], [71.88799497779286, 34.527212454349964], [71.88796995600421, 34.52724976240877], [71.88786308076763, 34.527201068471165], [71.88781130107202, 34.52727843438426], [71.88778627756041, 34.52728653909275], [71.88772062756578, 34.52725674295065], [71.88770648159701, 34.52722717887193], [71.8875766849288, 34.52716816561854], [71.88766513628488, 34.52703603266771], [71.88772071959453, 34.527061245661216], [71.88774678100665, 34.52702234176754], [71.88767727804782, 34.52699073479606], [71.88762634398871, 34.52700737219925], [71.88748573304237, 34.52694339607384], [71.88741146572536, 34.527054348797684], [71.8873908480098, 34.52706112367636], [71.88732707844038, 34.5271563003613]]]]}, "properties": {"id": "Pakistan_123102132_62157", "height": 4.5613112449646, "hmax": 0.132, "ratio": 0.029, "vulnClass": "low"}}, {"type": "Feature", "geometry": {"type": "MultiPolygon", "coordinates": [[[[71.88768992526317, 34.52700205367535], [71.88784780393131, 34.52704393660659], [71.88788379617591, 34.5269518367799], [71.88778285902458, 34.52692501641586], [71.88776204111217, 34.526978114891726], [71.88770509971323, 34.52696305236764], [71.88768992526317, 34.52700205367535]]]]}, "properties": {"id": "Pakistan_123102132_108087", "height": 2.948206901550293, "hmax": 0.0, "ratio": 0.0, "vulnClass": "none"}}, {"type": "Feature", "geometry": {"type": "MultiPolygon", "coordinates": [[[[71.88729376973896, 34.52728452186631], [71.88720406110502, 34.527254472247975], [71.88714599430506, 34.52737196715175], [71.88719073985975, 34.52738698921706], [71.88721642084438, 34.52733491624986], [71.88726138064665, 34.527350033888126], [71.88729376973896, 34.52728452186631]]]]}, "properties": {"id": "Pakistan_123102132_80445", "height": 3.040086984634399, "hmax": 0.0, "ratio": 0.0, "vulnClass": "none"}}, {"type": "Feature", "geometry": {"type": "MultiPolygon", "coordinates": [[[[71.88677070274414, 34.52722286577802], [71.88702404508561, 34.52731279297781], [71.88709040340387, 34.52718613577961], [71.88701795916624, 34.527160402210434], [71.88699262988696, 34.527208878767176], [71.88681624803912, 34.52714624260572], [71.88679479424385, 34.527187156648516], [71.88679016939504, 34.52718559651392], [71.88677070274414, 34.52722286577802]]]]}, "properties": {"id": "Pakistan_123102132_450309", "height": 4.342636585235596, "hmax": 0.056, "ratio": 0.013, "vulnClass": "none"}}, {"type": "Feature", "geometry": {"type": "MultiPolygon", "coordinates": [[[[71.88665656353459, 34.52733703696979], [71.8870201380194, 34.52743815914722], [71.88705475489708, 34.527353775994236], [71.8870007544333, 34.52733869803282], [71.8869860267312, 34.52737446583096], [71.88689936420427, 34.527350352380374], [71.8869224862755, 34.527293887785376], [71.88669968390886, 34.52723195992135], [71.88665656353459, 34.52733703696979]]]]}, "properties": {"id": "Pakistan_123102132_31304", "height": 4.342202663421631, "hmax": 0.056, "ratio": 0.013, "vulnClass": "none"}}, {"type": "Feature", "geometry": {"type": "MultiPolygon", "coordinates": [[[[71.88657590148766, 34.52729802410149], [71.88664620652517, 34.52732271188229], [71.88668305070323, 34.52725163529823], [71.88661263690861, 34.52722694476491], [71.88657590148766, 34.52729802410149]]]]}, "properties": {"id": "Pakistan_123102132_438042", "height": 3.505878448486328, "hmax": 0.0, "ratio": 0.0, "vulnClass": "none"}}, {"type": "Feature", "geometry": {"type": "MultiPolygon", "coordinates": [[[[71.88630906102091, 34.52730149036877], [71.88640147117228, 34.52732917597033], [71.88641777266743, 34.52729209640597], [71.88632547135248, 34.52726441359498], [71.88630906102091, 34.52730149036877]]]]}, "properties": {"id": "Pakistan_123102132_471831", "height": 2.812858104705811, "hmax": 0.091, "ratio": 0.032, "vulnClass": "none"}}, {"type": "Feature", "geometry": {"type": "MultiPolygon", "coordinates": [[[[71.88650285187964, 34.5271306750576], [71.88644169127396, 34.527109014675275], [71.88643242160941, 34.52712689497463], [71.88638254775535, 34.52710921803938], [71.8863290658764, 34.52721177722728], [71.8865011523533, 34.52727277221622], [71.88654841803881, 34.52718213222491], [71.88648725738285, 34.52716047186293], [71.88650285187964, 34.5271306750576]]]]}, "properties": {"id": "Pakistan_123102132_533282", "height": 3.400311946868896, "hmax": 0.091, "ratio": 0.027, "vulnClass": "none"}}, {"type": "Feature", "geometry": {"type": "MultiPolygon", "coordinates": [[[[71.88653671155492, 34.527014004946366], [71.88656744037313, 34.52701938582957], [71.88657962297226, 34.52697300752422], [71.88643865520672, 34.526947868645756], [71.88639930758656, 34.52709783821713], [71.88650955344174, 34.52711741616587], [71.88653671155492, 34.527014004946366]]]]}, "properties": {"id": "Pakistan_123102132_348602", "height": 2.819622039794922, "hmax": 0.0, "ratio": 0.0, "vulnClass": "none"}}, {"type": "Feature", "geometry": {"type": "MultiPolygon", "coordinates": [[[[71.88626837815582, 34.527048799511554], [71.88637076341318, 34.52708935836531], [71.88643997249744, 34.52697097643421], [71.88633758734252, 34.52693041764393], [71.88626837815582, 34.527048799511554]]]]}, "properties": {"id": "Pakistan_123102132_360834", "height": 4.099920272827148, "hmax": 0.091, "ratio": 0.022, "vulnClass": "none"}}, {"type": "Feature", "geometry": {"type": "MultiPolygon", "coordinates": [[[[71.88605628943334, 34.527181651952034], [71.88596526525517, 34.52715769693957], [71.88594659247333, 34.52720580233937], [71.8860377221441, 34.5272298501927], [71.88605628943334, 34.527181651952034]]]]}, "properties": {"id": "Pakistan_123102132_259349", "height": 3.329247236251831, "hmax": 0.091, "ratio": 0.027, "vulnClass": "none"}}, {"type": "Feature", "geometry": {"type": "MultiPolygon", "coordinates": [[[[71.8856305507865, 34.52680529509993], [71.88561323392616, 34.52683162275454], [71.8856588689348, 34.526851985945214], [71.885676185786, 34.526825658283634], [71.8856305507865, 34.52680529509993]]]]}, "properties": {"id": "Pakistan_123102132_784", "height": 2.699759483337402, "hmax": 0.0, "ratio": 0.0, "vulnClass": "none"}}, {"type": "Feature", "geometry": {"type": "MultiPolygon", "coordinates": [[[[71.88617312098386, 34.52657136517873], [71.886443660266, 34.52663225871099], [71.88651395366976, 34.52642043594152], [71.88639061796256, 34.526392682392924], [71.88638375353585, 34.52641323793813], [71.88623644173771, 34.52638009535652], [71.88617312098386, 34.52657136517873]]]]}, "properties": {"id": "Pakistan_123102132_572908", "height": 4.36060905456543, "hmax": 0.0, "ratio": 0.0, "vulnClass": "none"}}, {"type": "Feature", "geometry": {"type": "MultiPolygon", "coordinates": [[[[71.88661723682843, 34.526697077137506], [71.88697765111357, 34.52678063283305], [71.88696688923159, 34.52681226553593], [71.88716923184093, 34.52685915944693], [71.88723743219701, 34.52665963111569], [71.88721994041134, 34.52665557955465], [71.88728398845451, 34.52646811328411], [71.88702053446038, 34.5264070418424], [71.88700513511125, 34.5264520762692], [71.88690223858161, 34.52642817961652], [71.88685212930166, 34.52657472013928], [71.88677762619493, 34.5265574965974], [71.88680941632362, 34.52646420829641], [71.88676568702746, 34.52645407924379], [71.88677484667646, 34.526427453155776], [71.88671416635304, 34.52641337639019], [71.88661723682843, 34.526697077137506]]]]}, "properties": {"id": "Pakistan_123102132_43568", "height": 5.951210498809814, "hmax": 0.117, "ratio": 0.02, "vulnClass": "low"}}, {"type": "Feature", "geometry": {"type": "MultiPolygon", "coordinates": [[[[71.88654789386366, 34.52645654415743], [71.88667499418528, 34.52648556533943], [71.88670182710918, 34.52640549034616], [71.88678411682805, 34.526424174466236], [71.88680726632154, 34.52635527215659], [71.8866601854353, 34.52632177544337], [71.88665565329316, 34.52633526996663], [71.88659345319302, 34.52632106423274], [71.88654789386366, 34.52645654415743]]]]}, "properties": {"id": "Pakistan_123102132_166878", "height": 3.92420506477356, "hmax": 0.0, "ratio": 0.0, "vulnClass": "none"}}, {"type": "Feature", "geometry": {"type": "MultiPolygon", "coordinates": [[[[71.88641332510896, 34.526221647619884], [71.88634219380889, 34.526201625587774], [71.88631190961577, 34.52627494254831], [71.88638304432276, 34.52629487455295], [71.88641332510896, 34.526221647619884]]]]}, "properties": {"id": "Pakistan_123102132_521048", "height": 4.110320091247559, "hmax": 0.0, "ratio": 0.0, "vulnClass": "none"}}, {"type": "Feature", "geometry": {"type": "MultiPolygon", "coordinates": [[[[71.88446920037335, 34.52632858604776], [71.88439090448394, 34.52650369911818], [71.8845939997365, 34.526565398354386], [71.8846722952783, 34.526390285135136], [71.88446920037335, 34.52632858604776]]]]}, "properties": {"id": "Pakistan_123102132_336266", "height": 3.079803466796875, "hmax": 0.0, "ratio": 0.0, "vulnClass": "none"}}, {"type": "Feature", "geometry": {"type": "MultiPolygon", "coordinates": [[[[71.88403418577946, 34.52618966892129], [71.88426088471718, 34.52626963759027], [71.88428799156715, 34.52621733128522], [71.88413847195662, 34.52616457086568], [71.88416956005206, 34.52610479504178], [71.884092489676, 34.526077589648665], [71.88403418577946, 34.52618966892129]]]]}, "properties": {"id": "Pakistan_123102132_588168", "height": 2.557389497756958, "hmax": 0.0, "ratio": 0.0, "vulnClass": "none"}}, {"type": "Feature", "geometry": {"type": "MultiPolygon", "coordinates": [[[[71.88431490777651, 34.52612923712915], [71.88436939882841, 34.52599380592548], [71.884315277576, 34.52597908425808], [71.8842915162222, 34.52603805573905], [71.88428041378475, 34.52603497811033], [71.8842579700421, 34.52609073842364], [71.88419037618972, 34.52607224761267], [71.88415557446247, 34.52615860811111], [71.88425368047554, 34.52618535913588], [71.88428008728381, 34.526119695207136], [71.88431490777651, 34.52612923712915]]]]}, "properties": {"id": "Pakistan_123102132_382360", "height": 2.550744533538818, "hmax": 0.0, "ratio": 0.0, "vulnClass": "none"}}, {"type": "Feature", "geometry": {"type": "MultiPolygon", "coordinates": [[[[71.88454396996825, 34.525780590933394], [71.88470524082094, 34.52585699542767], [71.88473422931519, 34.525815553063445], [71.88457295850999, 34.52573914860998], [71.88454396996825, 34.525780590933394]]]]}, "properties": {"id": "Pakistan_123102132_271664", "height": 2.674899816513062, "hmax": 0.0, "ratio": 0.0, "vulnClass": "none"}}, {"type": "Feature", "geometry": {"type": "MultiPolygon", "coordinates": [[[[71.88388952258254, 34.52546040054948], [71.88385147576578, 34.52555785464017], [71.88395112096084, 34.52558419452776], [71.88398916432119, 34.52548683044842], [71.88388952258254, 34.52546040054948]]]]}, "properties": {"id": "Pakistan_123102132_317924", "height": 2.645404577255249, "hmax": 0.0, "ratio": 0.0, "vulnClass": "none"}}, {"type": "Feature", "geometry": {"type": "MultiPolygon", "coordinates": [[[[71.88450896512751, 34.5256708159757], [71.884035684943, 34.525527226457704], [71.88402083948749, 34.52556028686717], [71.88396505834766, 34.52554335946324], [71.88393986769262, 34.52559977063915], [71.88403904557791, 34.52562988412754], [71.88402430890265, 34.525662947314395], [71.88415180937676, 34.52570162557236], [71.88411497277204, 34.525784148500655], [71.88463692906132, 34.52594250054309], [71.88467125891462, 34.52586586225371], [71.88458855581936, 34.525840766703055], [71.88458249345784, 34.525854402338844], [71.88450118803165, 34.525829793081975], [71.8845386119238, 34.52574611328664], [71.88448283053913, 34.52572918610772], [71.88450896512751, 34.5256708159757]]]]}, "properties": {"id": "Pakistan_123102132_135989", "height": 3.728336095809937, "hmax": 0.0, "ratio": 0.0, "vulnClass": "none"}}, {"type": "Feature", "geometry": {"type": "MultiPolygon", "coordinates": [[[[71.88373172946147, 34.525766880500605], [71.88364929783693, 34.52597694935564], [71.88346813761049, 34.52592869791945], [71.88342974014982, 34.52602677383096], [71.88371776542573, 34.52610344261703], [71.88383859399266, 34.52579529765996], [71.88373172946147, 34.525766880500605]]]]}, "properties": {"id": "Pakistan_123102132_290139", "height": 2.505801200866699, "hmax": 0.0, "ratio": 0.0, "vulnClass": "none"}}, {"type": "Feature", "geometry": {"type": "MultiPolygon", "coordinates": [[[[71.8835896956349, 34.52564481774428], [71.8839410800118, 34.525789262075726], [71.8839051025778, 34.52584873271491], [71.88395658498128, 34.52586996691323], [71.8839744548207, 34.52584049895181], [71.88412472606731, 34.52590229209257], [71.88414839171796, 34.52586341795848], [71.88403319477001, 34.525816040533314], [71.8840685878141, 34.52575763653133], [71.88363042944648, 34.52557753693479], [71.8835896956349, 34.52564481774428]]]]}, "properties": {"id": "Pakistan_123102132_62137", "height": 2.738989353179932, "hmax": 0.0, "ratio": 0.0, "vulnClass": "none"}}, {"type": "Feature", "geometry": {"type": "MultiPolygon", "coordinates": [[[[71.88349071815087, 34.525512948379514], [71.8834550918804, 34.52558928280022], [71.88359544988596, 34.525633607895195], [71.88361782613761, 34.52558550732772], [71.88353128745734, 34.52555814991313], [71.88354442859645, 34.5255299132453], [71.88349071815087, 34.525512948379514]]]]}, "properties": {"id": "Pakistan_123102132_299358", "height": 2.686766624450684, "hmax": 0.0, "ratio": 0.0, "vulnClass": "none"}}, {"type": "Feature", "geometry": {"type": "MultiPolygon", "coordinates": [[[[71.88329036960542, 34.52557335819174], [71.88329141852105, 34.52553354601388], [71.88321795490343, 34.52553230050222], [71.88321690931069, 34.52557202262992], [71.88329036960542, 34.52557335819174]]]]}, "properties": {"id": "Pakistan_123102132_52866", "height": 2.490146398544312, "hmax": 0.0, "ratio": 0.0, "vulnClass": "none"}}, {"type": "Feature", "geometry": {"type": "MultiPolygon", "coordinates": [[[[71.88338832583818, 34.525522320923145], [71.8833029203663, 34.52551130644195], [71.88329708354709, 34.52554225338552], [71.883382380249, 34.52555326509351], [71.88338832583818, 34.525522320923145]]]]}, "properties": {"id": "Pakistan_123102132_200907", "height": 4.24521541595459, "hmax": 0.0, "ratio": 0.0, "vulnClass": "none"}}, {"type": "Feature", "geometry": {"type": "MultiPolygon", "coordinates": [[[[71.8830751118157, 34.52566268018161], [71.88304779291614, 34.52592508175344], [71.88306213109674, 34.525926078945886], [71.88305869582324, 34.52595979122092], [71.88314287198078, 34.525965817146734], [71.88317362917454, 34.52566961320963], [71.8830751118157, 34.52566268018161]]]]}, "properties": {"id": "Pakistan_123102132_413328", "height": 3.914545059204102, "hmax": 0.0, "ratio": 0.0, "vulnClass": "none"}}, {"type": "Feature", "geometry": {"type": "MultiPolygon", "coordinates": [[[[71.88328194920224, 34.52609122996775], [71.88333275992335, 34.52610127072984], [71.88334664328703, 34.52605313356349], [71.8832959380357, 34.526043185635274], [71.88328194920224, 34.52609122996775]]]]}, "properties": {"id": "Pakistan_123102132_444201", "height": 3.406196355819702, "hmax": 0.0, "ratio": 0.0, "vulnClass": "none"}}, {"type": "Feature", "geometry": {"type": "MultiPolygon", "coordinates": [[[[71.8834477966648, 34.525945574141055], [71.88320588493437, 34.52590271091949], [71.88318378713039, 34.52598714227593], [71.88342569572956, 34.52603009560112], [71.8834477966648, 34.525945574141055]]]]}, "properties": {"id": "Pakistan_123102132_606700", "height": 2.723484516143799, "hmax": 0.0, "ratio": 0.0, "vulnClass": "none"}}, {"type": "Feature", "geometry": {"type": "MultiPolygon", "coordinates": [[[[71.88397259647762, 34.5263285240227], [71.88405931537966, 34.526126135632666], [71.88401018552666, 34.52611190182338], [71.8839832297761, 34.52617475753307], [71.88381537954866, 34.526125855022826], [71.88383052673409, 34.5260905490157], [71.88372559202743, 34.526060017922845], [71.8836759662551, 34.526175923976275], [71.88371173568147, 34.52618630150544], [71.88369742053905, 34.52621973594327], [71.8837259708159, 34.52622803629607], [71.88367801586966, 34.52634001914589], [71.883589780593, 34.52631433095745], [71.8835543575453, 34.52639688978892], [71.88373319843139, 34.526448957628155], [71.88376099329845, 34.52638405034495], [71.8838087189118, 34.52639797799569], [71.88385333185731, 34.52629384148495], [71.88397259647762, 34.5263285240227]]]]}, "properties": {"id": "Pakistan_123102132_104924", "height": 4.039949417114258, "hmax": 0.0, "ratio": 0.0, "vulnClass": "none"}}, {"type": "Feature", "geometry": {"type": "MultiPolygon", "coordinates": [[[[71.88398716025794, 34.52675288357293], [71.88394654235154, 34.52682873011959], [71.8841239453043, 34.52689310897368], [71.88418633436333, 34.526776627322086], [71.88413690653898, 34.52675869047416], [71.88411513524778, 34.526799325503866], [71.88398716025794, 34.52675288357293]]]]}, "properties": {"id": "Pakistan_123102132_210274", "height": 3.277417659759521, "hmax": 0.0, "ratio": 0.0, "vulnClass": "none"}}, {"type": "Feature", "geometry": {"type": "MultiPolygon", "coordinates": [[[[71.88381562640625, 34.52727010508657], [71.88386295175967, 34.527306465727506], [71.88404088248846, 34.527149310257116], [71.88399355713577, 34.52711294968509], [71.88381562640625, 34.52727010508657]]]]}, "properties": {"id": "Pakistan_123102132_320970", "height": 2.794397115707397, "hmax": 0.0, "ratio": 0.0, "vulnClass": "none"}}, {"type": "Feature", "geometry": {"type": "MultiPolygon", "coordinates": [[[[71.88381478024883, 34.52745053056878], [71.88416680181693, 34.52754595813767], [71.88418830181038, 34.527492156699644], [71.88414118468594, 34.527479416452735], [71.88416916428537, 34.52740955646379], [71.88388463592598, 34.52733243712149], [71.88387106545012, 34.52736634125601], [71.88385068976777, 34.52736077342747], [71.88381478024883, 34.52745053056878]]]]}, "properties": {"id": "Pakistan_123102132_594362", "height": 3.377596378326416, "hmax": 0.0, "ratio": 0.0, "vulnClass": "none"}}, {"type": "Feature", "geometry": {"type": "MultiPolygon", "coordinates": [[[[71.88347729133962, 34.52716691410766], [71.88360017984851, 34.52722710721763], [71.88373133178237, 34.52704523263828], [71.88360844342584, 34.52698503966837], [71.88347729133962, 34.52716691410766]]]]}, "properties": {"id": "Pakistan_123102132_336258", "height": 4.090900421142578, "hmax": 0.0, "ratio": 0.0, "vulnClass": "none"}}, {"type": "Feature", "geometry": {"type": "MultiPolygon", "coordinates": [[[[71.88300758128234, 34.52746182041216], [71.88291374048733, 34.527411201834], [71.88287934529345, 34.52745448852887], [71.88297318275379, 34.5275051971823], [71.88300758128234, 34.52746182041216]]]]}, "properties": {"id": "Pakistan_123102132_431856", "height": 3.427492618560791, "hmax": 0.0, "ratio": 0.0, "vulnClass": "none"}}, {"type": "Feature", "geometry": {"type": "MultiPolygon", "coordinates": [[[[71.88423418469478, 34.52736272500155], [71.88419783898809, 34.52744958685999], [71.88416906728497, 34.52744137108503], [71.8841538830218, 34.527477667646735], [71.8841946177087, 34.52748925344279], [71.88417477050646, 34.52753669761425], [71.88427165106698, 34.527564228574676], [71.88434313685104, 34.52739362868579], [71.88423418469478, 34.52736272500155]]]]}, "properties": {"id": "Pakistan_123102132_40456", "height": 4.020994186401367, "hmax": 0.0, "ratio": 0.0, "vulnClass": "none"}}, {"type": "Feature", "geometry": {"type": "MultiPolygon", "coordinates": [[[[71.88427305779503, 34.52759076372201], [71.88488188033719, 34.52773592028305], [71.88493987631571, 34.52757074416267], [71.88469235462806, 34.52751169677851], [71.88467382283469, 34.527564762896475], [71.88440891840658, 34.52750166579511], [71.88443620389313, 34.52742412667386], [71.88433959079617, 34.52740110934801], [71.88427305779503, 34.52759076372201]]]]}, "properties": {"id": "Pakistan_123102132_287046", "height": 4.808747291564941, "hmax": 0.0, "ratio": 0.0, "vulnClass": "none"}}, {"type": "Feature", "geometry": {"type": "MultiPolygon", "coordinates": [[[[71.88442088022744, 34.5291673664437], [71.8854164620279, 34.52945245817601], [71.88542638220196, 34.529428826037154], [71.88527800020985, 34.5293862809706], [71.88529220657156, 34.52935284357958], [71.88517011821104, 34.529317819724106], [71.8851818181843, 34.52929026717004], [71.88513634538816, 34.52927720872062], [71.88518042793694, 34.5291726976806], [71.88450079406873, 34.52897814384277], [71.88442088022744, 34.5291673664437]]]]}, "properties": {"id": "Pakistan_123102132_438027", "height": 2.766205787658691, "hmax": 0.143, "ratio": 0.052, "vulnClass": "low"}}, {"type": "Feature", "geometry": {"type": "MultiPolygon", "coordinates": [[[[71.88489561506549, 34.528845903659644], [71.88499770442888, 34.52857594646796], [71.8849231617199, 34.5285568279412], [71.88489465112475, 34.52863217268435], [71.8847784690693, 34.528602346728], [71.88470766760669, 34.52878963900027], [71.88475782873005, 34.5288025469], [71.88472122574527, 34.52889922687264], [71.88471022165153, 34.528896422184026], [71.88467602291284, 34.52898703445113], [71.88492165696096, 34.52905008979559], [71.88498109614233, 34.528892972424785], [71.8849175572594, 34.528876658544725], [71.8849262537879, 34.52885371627494], [71.88489561506549, 34.528845903659644]]]]}, "properties": {"id": "Pakistan_123102132_287052", "height": 3.974362850189209, "hmax": 0.0, "ratio": 0.0, "vulnClass": "none"}}, {"type": "Feature", "geometry": {"type": "MultiPolygon", "coordinates": [[[[71.88619562080589, 34.52868890446035], [71.88572124874104, 34.5285507011236], [71.88569417780116, 34.52861373453588], [71.88563572523957, 34.52864505118418], [71.8855374687286, 34.52861640454272], [71.88550873342422, 34.528683181030985], [71.88610215404, 34.52885615039273], [71.886000524144, 34.52886833861743], [71.88598072452875, 34.52891452244188], [71.88592507739551, 34.52884424027882], [71.88578668777521, 34.52886089815546], [71.88573790989051, 34.52879917364592], [71.88569664954645, 34.528895194272664], [71.88568458638079, 34.52882728628588], [71.88561962142829, 34.528808322501234], [71.88564139188202, 34.52893136953532], [71.88555212056235, 34.528942160285766], [71.8855327778958, 34.52883287549304], [71.88544475362201, 34.52880728408544], [71.88541660581728, 34.528872903808], [71.88525683245541, 34.5288262823614], [71.88520208520109, 34.52895395589062], [71.88543566190245, 34.52902202028222], [71.88538164142432, 34.52914772950934], [71.8849406689911, 34.529019208738], [71.88490942662787, 34.529091869865404], [71.88566758102108, 34.529312851816805], [71.8857400934477, 34.52914389970896], [71.88586399126685, 34.529180050775736], [71.88590965988698, 34.52907386738731], [71.88583247994629, 34.528976446252116], [71.88604548022587, 34.52903848618353], [71.88619562080589, 34.52868890446035]]]]}, "properties": {"id": "Pakistan_123102132_407148", "height": 5.025837898254395, "hmax": 0.158, "ratio": 0.031, "vulnClass": "low"}}, {"type": "Feature", "geometry": {"type": "MultiPolygon", "coordinates": [[[[71.88553380681108, 34.52834059283797], [71.8855241961216, 34.5284260644423], [71.88559326470511, 34.528431342593265], [71.88560287532535, 34.52834587097976], [71.88553380681108, 34.52834059283797]]]]}, "properties": {"id": "Pakistan_123102132_71266", "height": 3.622507095336914, "hmax": 0.0, "ratio": 0.0, "vulnClass": "none"}}, {"type": "Feature", "geometry": {"type": "MultiPolygon", "coordinates": [[[[71.88595865220506, 34.52923798891676], [71.88561106590038, 34.52933015706994], [71.88556189613206, 34.52946013632473], [71.88591637772137, 34.52955120535934], [71.88593196048575, 34.52951005153918], [71.8859796432198, 34.52952226476435], [71.88599630921198, 34.52947834444315], [71.88598785259234, 34.52945685712269], [71.88592819649601, 34.529441544182355], [71.8859009573768, 34.52937171662545], [71.88583687724777, 34.5293552992638], [71.88582116576062, 34.52931514941166], [71.8859730700701, 34.52927486093332], [71.88595865220506, 34.52923798891676]]]]}, "properties": {"id": "Pakistan_123102132_12928", "height": 4.115734577178955, "hmax": 0.0, "ratio": 0.0, "vulnClass": "none"}}, {"type": "Feature", "geometry": {"type": "MultiPolygon", "coordinates": [[[[71.88591219607022, 34.528567382060295], [71.88596999420905, 34.52857408489548], [71.88598294816873, 34.52849825271644], [71.88592515008038, 34.528491549890106], [71.88591219607022, 34.528567382060295]]]]}, "properties": {"id": "Pakistan_123102132_95721", "height": 3.91393518447876, "hmax": 0.0, "ratio": 0.0, "vulnClass": "none"}}, {"type": "Feature", "geometry": {"type": "MultiPolygon", "coordinates": [[[[71.88596843020377, 34.528580985256994], [71.88622422236031, 34.52863447266693], [71.8862497528169, 34.52855139018272], [71.88599406633925, 34.52849799566324], [71.88596843020377, 34.528580985256994]]]]}, "properties": {"id": "Pakistan_123102132_163717", "height": 3.740488767623901, "hmax": 0.142, "ratio": 0.038, "vulnClass": "low"}}, {"type": "Feature", "geometry": {"type": "MultiPolygon", "coordinates": [[[[71.88597188369228, 34.52839476751786], [71.8860656762486, 34.52839707104411], [71.88606814224241, 34.52833088587581], [71.88597435311526, 34.528328492307594], [71.88597188369228, 34.52839476751786]]]]}, "properties": {"id": "Pakistan_123102132_487349", "height": 2.705412626266479, "hmax": 0.268, "ratio": 0.099, "vulnClass": "low"}}, {"type": "Feature", "geometry": {"type": "MultiPolygon", "coordinates": [[[[71.88642181700092, 34.52852243156939], [71.88650199836616, 34.528556835492864], [71.88657884697429, 34.52843513326242], [71.88649866568635, 34.52840072939351], [71.88642181700092, 34.52852243156939]]]]}, "properties": {"id": "Pakistan_123102132_253149", "height": 3.124836444854736, "hmax": 0.0, "ratio": 0.0, "vulnClass": "none"}}, {"type": "Feature", "geometry": {"type": "MultiPolygon", "coordinates": [[[[71.88639063465712, 34.52850874678177], [71.88626613439695, 34.52871386820958], [71.88653117977633, 34.52882302321268], [71.88650228256478, 34.528870777659186], [71.88660203867052, 34.52891181008942], [71.8867167950762, 34.52872266371959], [71.88668139606018, 34.52870815034628], [71.88663742180508, 34.528780577239104], [71.88637023050076, 34.528670556505865], [71.8864528454859, 34.52853439988709], [71.88639063465712, 34.52850874678177]]]]}, "properties": {"id": "Pakistan_123102132_268666", "height": 3.154241800308228, "hmax": 0.142, "ratio": 0.045, "vulnClass": "low"}}, {"type": "Feature", "geometry": {"type": "MultiPolygon", "coordinates": [[[[71.88689589045713, 34.52859266392999], [71.8868418804397, 34.5285602800038], [71.8867747896051, 34.528539910591626], [71.88676733430347, 34.52853539396458], [71.88667041330122, 34.52850597110415], [71.88661075756532, 34.52847019822035], [71.88660375908317, 34.528468036710514], [71.88656828244899, 34.528508232352706], [71.88656281787026, 34.52852044120412], [71.88652416048355, 34.52856416101], [71.88661811665102, 34.528620548382456], [71.88661811665102, 34.528620548382456], [71.88673593866582, 34.52869115478158], [71.88672441854098, 34.52871681928962], [71.88678579987493, 34.528735510788046], [71.88680231242786, 34.5286986168332], [71.88689589045713, 34.52859266392999]]]]}, "properties": {"id": "Pakistan_123102132_277843", "height": 5.603672027587891, "hmax": 0.0, "ratio": 0.0, "vulnClass": "none"}}, {"type": "Feature", "geometry": {"type": "MultiPolygon", "coordinates": [[[[71.88670025816583, 34.52810825244099], [71.88730866811376, 34.52827348632077], [71.88738360458765, 34.52808611755984], [71.88719007576725, 34.52803349996169], [71.88717218035715, 34.52807829045102], [71.88728592880152, 34.52810913364663], [71.88725122122642, 34.528195948146774], [71.8871242105321, 34.528161521768915], [71.88713297828751, 34.528139572605774], [71.88694537672816, 34.52808863810249], [71.88697611838096, 34.528011817466975], [71.88676210182246, 34.527953719156606], [71.88670025816583, 34.52810825244099]]]]}, "properties": {"id": "Pakistan_123102132_363990", "height": 4.052001476287842, "hmax": 0.051, "ratio": 0.013, "vulnClass": "none"}}, {"type": "Feature", "geometry": {"type": "MultiPolygon", "coordinates": [[[[71.88649005024759, 34.52790991298745], [71.88646191993372, 34.52798094144627], [71.8866305626428, 34.52802625532573], [71.88665869283457, 34.527955226821504], [71.88649005024759, 34.52790991298745]]]]}, "properties": {"id": "Pakistan_123102132_317934", "height": 2.610570907592773, "hmax": 0.0, "ratio": 0.0, "vulnClass": "none"}}, {"type": "Feature", "geometry": {"type": "MultiPolygon", "coordinates": [[[[71.8864968765602, 34.52819734259804], [71.88642647749334, 34.52836517743477], [71.88648402541105, 34.52838151792085], [71.88658993266061, 34.52812878199953], [71.88655631123791, 34.52811918116208], [71.88657124682062, 34.528083689132814], [71.88641304584229, 34.52803873174906], [71.88640312613737, 34.5280623639968], [71.88628092019935, 34.52802760869158], [71.88630567015284, 34.52796839163862], [71.88616428187954, 34.52792818937801], [71.88613618674724, 34.527995342911595], [71.88614340613881, 34.527997419951], [71.88610611780459, 34.528086241302866], [71.8864968765602, 34.52819734259804]]]]}, "properties": {"id": "Pakistan_123102132_274749", "height": 3.274036884307861, "hmax": 0.292, "ratio": 0.089, "vulnClass": "low"}}, {"type": "Feature", "geometry": {"type": "MultiPolygon", "coordinates": [[[[71.88584349530224, 34.52802320548592], [71.88606898263565, 34.52808033626796], [71.88609354245642, 34.528014534667285], [71.88595134371359, 34.52797854775004], [71.88596719068565, 34.5279361387833], [71.88604918690902, 34.52795688901511], [71.88606273841698, 34.52792055052952], [71.88599552416888, 34.52790351249509], [71.88598863792274, 34.527921723980924], [71.8858281004942, 34.527881032631576], [71.88579978845307, 34.52795692349092], [71.88586236440268, 34.52797276165363], [71.88584349530224, 34.52802320548592]]]]}, "properties": {"id": "Pakistan_123102132_311780", "height": 4.810958862304688, "hmax": 0.0, "ratio": 0.0, "vulnClass": "none"}}, {"type": "Feature", "geometry": {"type": "MultiPolygon", "coordinates": [[[[71.88607910374877, 34.52840498493015], [71.88635058440839, 34.52846707458323], [71.88637091375226, 34.528406663115064], [71.88618031359684, 34.5283631319902], [71.88623846717587, 34.52819074854552], [71.88615758363889, 34.52817228016616], [71.88607910374877, 34.52840498493015]]]]}, "properties": {"id": "Pakistan_123102132_597450", "height": 2.876073360443115, "hmax": 0.242, "ratio": 0.084, "vulnClass": "low"}}, {"type": "Feature", "geometry": {"type": "MultiPolygon", "coordinates": [[[[71.88494322352574, 34.52759489524455], [71.8848887866853, 34.52773762886973], [71.88517689653862, 34.527812223482144], [71.88523133631126, 34.52766939965802], [71.88494322352574, 34.52759489524455]]]]}, "properties": {"id": "Pakistan_123102132_342443", "height": 2.83257532119751, "hmax": 0.0, "ratio": 0.0, "vulnClass": "none"}}, {"type": "Feature", "geometry": {"type": "MultiPolygon", "coordinates": [[[[71.88623201217776, 34.52774721723027], [71.886175155933, 34.5279023281682], [71.88643327045386, 34.52796651010398], [71.88646078340902, 34.52789159015908], [71.88631327343614, 34.52785492733833], [71.88634261643203, 34.52777473624481], [71.88623201217776, 34.52774721723027]]]]}, "properties": {"id": "Pakistan_123102132_89591", "height": 2.924314975738525, "hmax": 0.0, "ratio": 0.0, "vulnClass": "none"}}, {"type": "Feature", "geometry": {"type": "MultiPolygon", "coordinates": [[[[71.88661388923921, 34.527839433829364], [71.88651852879967, 34.527814917897445], [71.88649146310148, 34.527886604465166], [71.88658682696611, 34.52791103037412], [71.88661388923921, 34.527839433829364]]]]}, "properties": {"id": "Pakistan_123102132_373062", "height": 2.764304161071777, "hmax": 0.0, "ratio": 0.0, "vulnClass": "none"}}, {"type": "Feature", "geometry": {"type": "MultiPolygon", "coordinates": [[[[71.88667292411644, 34.52779830698849], [71.88670130868526, 34.527726293491334], [71.88654484388897, 34.52768444513176], [71.88650118194376, 34.52779527683194], [71.88662734483769, 34.52782905127198], [71.88664262204908, 34.52779023300796], [71.88667292411644, 34.52779830698849]]]]}, "properties": {"id": "Pakistan_123102132_487351", "height": 2.914024353027344, "hmax": 0.0, "ratio": 0.0, "vulnClass": "none"}}, {"type": "Feature", "geometry": {"type": "MultiPolygon", "coordinates": [[[[71.88638260571373, 34.527426309144694], [71.88637152291538, 34.5274694706815], [71.88649216737505, 34.52749057587465], [71.88650336227306, 34.52744732705216], [71.88638260571373, 34.527426309144694]]]]}, "properties": {"id": "Pakistan_123102132_422645", "height": 3.477984428405762, "hmax": 0.0, "ratio": 0.0, "vulnClass": "none"}}, {"type": "Feature", "geometry": {"type": "MultiPolygon", "coordinates": [[[[71.8863574451702, 34.52747316745778], [71.88637642843632, 34.5274342635302], [71.88632328361996, 34.527416683366496], [71.8863044124921, 34.52745550001335], [71.8863574451702, 34.52747316745778]]]]}, "properties": {"id": "Pakistan_123102132_28285", "height": 3.192280054092407, "hmax": 0.0, "ratio": 0.0, "vulnClass": "none"}}, {"type": "Feature", "geometry": {"type": "MultiPolygon", "coordinates": [[[[71.88666280214647, 34.52738298396703], [71.88657440890502, 34.52765383305981], [71.88675706361332, 34.52769427653478], [71.88680637242778, 34.52754293859531], [71.88671002442642, 34.52752155229652], [71.88672515143372, 34.52747506883806], [71.88681404899502, 34.52749473276408], [71.88682449134139, 34.527462911661786], [71.88691446688769, 34.52748287341883], [71.8868943021483, 34.527544731337585], [71.88695932873576, 34.52755909918813], [71.88699067238498, 34.52746318559299], [71.88691063292616, 34.5274454603307], [71.88691567074964, 34.52743008589808], [71.88684416304888, 34.52741429080114], [71.88684146080219, 34.527422514139325], [71.88666280214647, 34.52738298396703]]]]}, "properties": {"id": "Pakistan_123102132_342454", "height": 4.005911827087402, "hmax": 0.0, "ratio": 0.0, "vulnClass": "none"}}, {"type": "Feature", "geometry": {"type": "MultiPolygon", "coordinates": [[[[71.88688873788831, 34.52754792431446], [71.88687264743663, 34.52758518959683], [71.88692511472118, 34.52760049890298], [71.88694120515349, 34.52756323361265], [71.88688873788831, 34.52754792431446]]]]}, "properties": {"id": "Pakistan_123102132_597454", "height": 3.013080358505249, "hmax": 0.0, "ratio": 0.0, "vulnClass": "none"}}, {"type": "Feature", "geometry": {"type": "MultiPolygon", "coordinates": [[[[71.88714284903376, 34.52749735276371], [71.88708278794344, 34.5274724759358], [71.88701028498724, 34.527591585407016], [71.8870702406867, 34.52761636944995], [71.88714284903376, 34.52749735276371]]]]}, "properties": {"id": "Pakistan_123102132_407157", "height": 2.652199745178223, "hmax": 0.0, "ratio": 0.0, "vulnClass": "none"}}, {"type": "Feature", "geometry": {"type": "MultiPolygon", "coordinates": [[[[71.88767517070292, 34.52762639284399], [71.88764990664117, 34.52759708597103], [71.88753793161035, 34.52756250275823], [71.88752180305713, 34.52759787435867], [71.88746271874598, 34.52752921773719], [71.88711398443975, 34.52742144503859], [71.88710296140091, 34.52742792383771], [71.88708089281506, 34.52747657372932], [71.88735835409646, 34.527562248366465], [71.88733237986352, 34.5276192712256], [71.887442953839, 34.52765345835376], [71.88739330073984, 34.527682476613194], [71.88735759973184, 34.52776088339733], [71.88759167046733, 34.52783319249172], [71.88762084050884, 34.527769310810925], [71.88773841663225, 34.52780556908963], [71.88781501378419, 34.5277607434855], [71.88777293979172, 34.52771198970901], [71.88778966258145, 34.52767528122697], [71.88782943677779, 34.527721452600865], [71.887965037461, 34.52764216852757], [71.8879257837662, 34.52759664140659], [71.88787312610263, 34.527627385907465], [71.8878690881288, 34.52763638640463], [71.88781386758521, 34.52766868791482], [71.88777047919362, 34.527655232957756], [71.88780178855745, 34.52758653858162], [71.88770660905318, 34.527557160982916], [71.88767517070292, 34.52762639284399]]]]}, "properties": {"id": "Pakistan_123102132_287073", "height": 5.463825225830078, "hmax": 0.0, "ratio": 0.0, "vulnClass": "none"}}, {"type": "Feature", "geometry": {"type": "MultiPolygon", "coordinates": [[[[71.88774384179183, 34.52746977979829], [71.88758778893796, 34.52742271554025], [71.88759504629162, 34.527406225954785], [71.88749941174078, 34.527377377395325], [71.88744485340386, 34.52750009955524], [71.88769664988928, 34.52757601526597], [71.88774384179183, 34.52746977979829]]]]}, "properties": {"id": "Pakistan_123102132_136005", "height": 5.463825225830078, "hmax": 0.0, "ratio": 0.0, "vulnClass": "none"}}, {"type": "Feature", "geometry": {"type": "MultiPolygon", "coordinates": [[[[71.88740636564178, 34.52783756914016], [71.88735301448014, 34.52794833427651], [71.88718613134635, 34.52789378252852], [71.88719627996103, 34.5278727699211], [71.88702347662546, 34.52781635439017], [71.8869702337885, 34.52792712210844], [71.8874048224836, 34.52806908277984], [71.88746183163556, 34.52795074958445], [71.88742707704063, 34.52793940754397], [71.8874504512173, 34.527890790894055], [71.88750489889453, 34.527908493947166], [71.88752095710232, 34.5278750133617], [71.88740636564178, 34.52783756914016]]]]}, "properties": {"id": "Pakistan_123102132_579068", "height": 4.037031650543213, "hmax": 0.051, "ratio": 0.013, "vulnClass": "none"}}, {"type": "Feature", "geometry": {"type": "MultiPolygon", "coordinates": [[[[71.88714764254011, 34.52765520869922], [71.88731658459302, 34.527727569312795], [71.88733197770517, 34.52770317527146], [71.88728973965613, 34.52768515268032], [71.88732376687331, 34.52763121953507], [71.88726888458817, 34.527607646641066], [71.88724689394886, 34.52764250812381], [71.8871750722971, 34.527611743042584], [71.88714764254011, 34.52765520869922]]]]}, "properties": {"id": "Pakistan_123102132_597456", "height": 3.321634531021118, "hmax": 0.0, "ratio": 0.0, "vulnClass": "none"}}, {"type": "Feature", "geometry": {"type": "MultiPolygon", "coordinates": [[[[71.88731103447138, 34.52774500376526], [71.88710059391966, 34.5276844735468], [71.88705091791748, 34.527801821915894], [71.88716567348288, 34.52783485411097], [71.88717904673791, 34.52780328801477], [71.88727473194042, 34.52783078612485], [71.88731103447138, 34.52774500376526]]]]}, "properties": {"id": "Pakistan_123102132_490431", "height": 3.725875377655029, "hmax": 0.0, "ratio": 0.0, "vulnClass": "none"}}, {"type": "Feature", "geometry": {"type": "MultiPolygon", "coordinates": [[[[71.88683748647279, 34.52769001911102], [71.88680639785342, 34.52767967176639], [71.88679248570784, 34.527708159530235], [71.88682346553216, 34.52771850410287], [71.88683748647279, 34.52769001911102]]]]}, "properties": {"id": "Pakistan_123102132_305613", "height": 3.59989333152771, "hmax": 0.0, "ratio": 0.0, "vulnClass": "none"}}, {"type": "Feature", "geometry": {"type": "MultiPolygon", "coordinates": [[[[71.88706918082252, 34.52842844529692], [71.8871143365785, 34.52832720565012], [71.88686609885227, 34.52825219069013], [71.88682105165447, 34.52835343300802], [71.88706918082252, 34.52842844529692]]]]}, "properties": {"id": "Pakistan_123102132_62155", "height": 2.953220129013062, "hmax": 0.0, "ratio": 0.0, "vulnClass": "none"}}, {"type": "Feature", "geometry": {"type": "MultiPolygon", "coordinates": [[[[71.88862741971852, 34.528025092857106], [71.88849263418139, 34.528038600961274], [71.88850497664055, 34.528122469497774], [71.88863987111729, 34.52810896416172], [71.88862741971852, 34.528025092857106]]]]}, "properties": {"id": "Pakistan_123102132_148275", "height": 2.86881685256958, "hmax": 0.22, "ratio": 0.076, "vulnClass": "low"}}, {"type": "Feature", "geometry": {"type": "MultiPolygon", "coordinates": [[[[71.88923087891743, 34.52838487948497], [71.88932148225551, 34.52856358072625], [71.8896035701311, 34.5284665774529], [71.88955486617175, 34.52837060552205], [71.88948525202333, 34.52839460911924], [71.88944335552534, 34.52831178992045], [71.88923087891743, 34.52838487948497]]]]}, "properties": {"id": "Pakistan_123102132_444227", "height": 3.919198036193848, "hmax": 0.0, "ratio": 0.0, "vulnClass": "none"}}, {"type": "Feature", "geometry": {"type": "MultiPolygon", "coordinates": [[[[71.89013610540518, 34.52806039918178], [71.89004965176245, 34.527992578460335], [71.88990842813625, 34.528114715296155], [71.88988451527646, 34.52809589879948], [71.8899514687002, 34.528038027047394], [71.88990438118394, 34.5280010438179], [71.88993386295738, 34.52797556639187], [71.88979397489649, 34.52786573327249], [71.88966535609607, 34.527976924417025], [71.88978069525393, 34.52806747428671], [71.88972105860007, 34.528118952695586], [71.88983692527316, 34.52820996663224], [71.88974656285268, 34.52828815260958], [71.88964815291132, 34.528210923347004], [71.88957579891293, 34.52827343433199], [71.88954627697227, 34.52825023850762], [71.88950542703553, 34.5282856111291], [71.88952161497109, 34.52829837209298], [71.88947806990701, 34.52833592933932], [71.88949288695731, 34.52834748362349], [71.8895176416779, 34.52832612208133], [71.88968070479656, 34.52845412232393], [71.89013610540518, 34.52806039918178]]]]}, "properties": {"id": "Pakistan_123102132_271708", "height": 3.744593620300293, "hmax": 0.0, "ratio": 0.0, "vulnClass": "none"}}, {"type": "Feature", "geometry": {"type": "MultiPolygon", "coordinates": [[[[71.88935068656339, 34.52857775515117], [71.88930388802586, 34.528515451524626], [71.88912170619527, 34.528608511654795], [71.88916861679469, 34.528670728071816], [71.88935068656339, 34.52857775515117]]]]}, "properties": {"id": "Pakistan_123102132_243930", "height": 3.251809120178223, "hmax": 0.0, "ratio": 0.0, "vulnClass": "none"}}, {"type": "Feature", "geometry": {"type": "MultiPolygon", "coordinates": [[[[71.88899583643129, 34.52870138486589], [71.88901972135353, 34.52874435661648], [71.88907959194268, 34.528721727283795], [71.88905570364234, 34.52867884559159], [71.88899583643129, 34.52870138486589]]]]}, "properties": {"id": "Pakistan_123102132_197874", "height": 3.181460857391357, "hmax": 0.0, "ratio": 0.0, "vulnClass": "none"}}, {"type": "Feature", "geometry": {"type": "MultiPolygon", "coordinates": [[[[71.88930955735958, 34.529428198399216], [71.8891289918804, 34.52926712305735], [71.88896389753691, 34.52939261595506], [71.88918577748377, 34.52959070815295], [71.88921771902697, 34.52956646537582], [71.88917629231213, 34.52952953604363], [71.88930955735958, 34.529428198399216]]]]}, "properties": {"id": "Pakistan_123102132_533304", "height": 3.805512666702271, "hmax": 0.0, "ratio": 0.0, "vulnClass": "none"}}, {"type": "Feature", "geometry": {"type": "MultiPolygon", "coordinates": [[[[71.88828773045479, 34.529095869811925], [71.88827047950767, 34.52908533491479], [71.88807729361358, 34.52904390395508], [71.88803661451477, 34.529089285229595], [71.88801868025423, 34.52908540275094], [71.88804993286729, 34.529050416822805], [71.88805524186384, 34.52903360712232], [71.8880100798271, 34.529023892604016], [71.88798811048736, 34.52909327589574], [71.88793570877307, 34.5290820246993], [71.88790620682276, 34.52906414687146], [71.88787518517032, 34.52909877811751], [71.88791321637538, 34.5291069588087], [71.8880032087042, 34.52916162164878], [71.88803702672043, 34.52916888364426], [71.88818047943721, 34.52925609602575], [71.88821591953466, 34.52926366974198], [71.88822332296947, 34.52924033370093], [71.88825230222223, 34.52920790361557], [71.88828773045479, 34.529095869811925]]]]}, "properties": {"id": "Pakistan_123102132_606732", "height": 3.310436725616455, "hmax": 0.164, "ratio": 0.05, "vulnClass": "low"}}, {"type": "Feature", "geometry": {"type": "MultiPolygon", "coordinates": [[[[71.8883579604227, 34.52896759813309], [71.88812178129467, 34.52890208678969], [71.88809098177066, 34.52897755424864], [71.88832716443139, 34.52904297561321], [71.8883579604227, 34.52896759813309]]]]}, "properties": {"id": "Pakistan_123102132_545481", "height": 3.008625984191895, "hmax": 0.0, "ratio": 0.0, "vulnClass": "none"}}, {"type": "Feature", "geometry": {"type": "MultiPolygon", "coordinates": [[[[71.88825391408156, 34.529331337523665], [71.88874567163079, 34.52928655276644], [71.88865757265604, 34.529315582664616], [71.88863476802082, 34.52936060872862], [71.88876025250383, 34.52940391789869], [71.8888361660893, 34.529254609475515], [71.88881674369959, 34.52921463574957], [71.88889657148505, 34.52918836924461], [71.88877550311612, 34.528938676867966], [71.88878309162358, 34.52899520382981], [71.88875169259643, 34.52898439838058], [71.88870295426999, 34.52898883402794], [71.88869284274267, 34.529008856241965], [71.88875989856903, 34.52914720853895], [71.88869946767971, 34.52915269804156], [71.88867896167773, 34.52915938584019], [71.88868289731953, 34.52918823879614], [71.8886623568453, 34.52918122541418], [71.88864183156343, 34.529138699800626], [71.8886039812876, 34.529125656737236], [71.88861938132897, 34.52909522376294], [71.88858974416044, 34.529034168682145], [71.88859035828906, 34.529038150218206], [71.88854143187334, 34.5290213094879], [71.88847682044198, 34.52904255577985], [71.888381638674, 34.52905121495449], [71.88836060687152, 34.529092500567955], [71.88836778555817, 34.5291073754032], [71.88825391408156, 34.529331337523665]]]]}, "properties": {"id": "Pakistan_123102132_453413", "height": 3.813681840896606, "hmax": 0.0, "ratio": 0.0, "vulnClass": "none"}}, {"type": "Feature", "geometry": {"type": "MultiPolygon", "coordinates": [[[[71.88860028259856, 34.52891492033296], [71.88872274457161, 34.52896626447022], [71.88876388796807, 34.5288996232747], [71.88864142941337, 34.52884818913415], [71.88860028259856, 34.52891492033296]]]]}, "properties": {"id": "Pakistan_123102132_364009", "height": 3.806624889373779, "hmax": 0.0, "ratio": 0.0, "vulnClass": "none"}}, {"type": "Feature", "geometry": {"type": "MultiPolygon", "coordinates": [[[[71.8882556924369, 34.528406072023664], [71.88818905837765, 34.528595726170714], [71.88848354754721, 34.528665878993706], [71.8885351888826, 34.52851910645564], [71.88845347084656, 34.52849962683119], [71.88846856847154, 34.52845683786465], [71.8882556924369, 34.528406072023664]]]]}, "properties": {"id": "Pakistan_123102132_407168", "height": 4.5970458984375, "hmax": 0.0, "ratio": 0.0, "vulnClass": "none"}}, {"type": "Feature", "geometry": {"type": "MultiPolygon", "coordinates": [[[[71.88832866851133, 34.52874809704291], [71.88830474015235, 34.52880282881207], [71.88839134429087, 34.52882856222656], [71.88844861113998, 34.52869743616291], [71.88816606273222, 34.52861370721775], [71.88813272733528, 34.52869001135625], [71.88832866851133, 34.52874809704291]]]]}, "properties": {"id": "Pakistan_123102132_533297", "height": 4.431400775909424, "hmax": 0.0, "ratio": 0.0, "vulnClass": "none"}}, {"type": "Feature", "geometry": {"type": "MultiPolygon", "coordinates": [[[[71.88784197174172, 34.52872432753759], [71.88778197083664, 34.52887620439438], [71.8880088511851, 34.528936972550255], [71.8880297716294, 34.52888405693569], [71.88812800783309, 34.52891035760683], [71.88819969213348, 34.52872840352432], [71.888113640407, 34.52870538807219], [71.8880809305918, 34.52878828789554], [71.88784197174172, 34.52872432753759]]]]}, "properties": {"id": "Pakistan_123102132_46705", "height": 2.93952751159668, "hmax": 0.0, "ratio": 0.0, "vulnClass": "none"}}, {"type": "Feature", "geometry": {"type": "MultiPolygon", "coordinates": [[[[71.88694689071325, 34.528483641722225], [71.88700624637698, 34.528504084095076], [71.88704586168122, 34.52842586743575], [71.88698650606035, 34.52840542508444], [71.88694689071325, 34.528483641722225]]]]}, "properties": {"id": "Pakistan_123102132_154473", "height": 2.606278896331787, "hmax": 0.0, "ratio": 0.0, "vulnClass": "none"}}, {"type": "Feature", "geometry": {"type": "MultiPolygon", "coordinates": [[[[71.88747299381788, 34.52955766414143], [71.8879042391648, 34.52966681951571], [71.88788318427505, 34.52972333700741], [71.88801804847903, 34.529757512298204], [71.88804733703246, 34.52967876153131], [71.88791506080973, 34.52964528321867], [71.88793163714772, 34.52960081951688], [71.88774778783706, 34.52955430826365], [71.88775226972022, 34.52954216442539], [71.8876836493593, 34.52952482101378], [71.8877348318092, 34.52938750119897], [71.8875534654983, 34.5293415938023], [71.88747299381788, 34.52955766414143]]]]}, "properties": {"id": "Pakistan_123102132_521054", "height": 3.077045202255249, "hmax": 0.0, "ratio": 0.0, "vulnClass": "none"}}, {"type": "Feature", "geometry": {"type": "MultiPolygon", "coordinates": [[[[71.8875225564198, 34.53019491041342], [71.8870164765345, 34.53004220271738], [71.88697142502339, 34.53014353507114], [71.88747750541121, 34.53029624298077], [71.8875225564198, 34.53019491041342]]]]}, "properties": {"id": "Pakistan_123102132_435041", "height": 3.381957054138184, "hmax": 0.0, "ratio": 0.0, "vulnClass": "none"}}, {"type": "Feature", "geometry": {"type": "MultiPolygon", "coordinates": [[[[71.88776900850193, 34.53025662902658], [71.88753733251806, 34.53019294386574], [71.88748383776162, 34.53032506696663], [71.88771551070181, 34.53038884229352], [71.88776900850193, 34.53025662902658]]]]}, "properties": {"id": "Pakistan_123102132_9862", "height": 5.366528511047363, "hmax": 0.0, "ratio": 0.0, "vulnClass": "none"}}, {"type": "Feature", "geometry": {"type": "MultiPolygon", "coordinates": [[[[71.88817221349655, 34.53011278461241], [71.88812830172887, 34.53009580119383], [71.88809626408852, 34.530151858348624], [71.88823561749564, 34.53020588715338], [71.88828629131099, 34.530117316366734], [71.88819084976525, 34.53008027103669], [71.88817221349655, 34.53011278461241]]]]}, "properties": {"id": "Pakistan_123102132_228509", "height": 3.72080135345459, "hmax": 0.0, "ratio": 0.0, "vulnClass": "none"}}, {"type": "Feature", "geometry": {"type": "MultiPolygon", "coordinates": [[[[71.88836504647102, 34.52970453032853], [71.88854224195637, 34.52979521668949], [71.88863229962179, 34.529675562501], [71.88845520972532, 34.52958496910058], [71.88836504647102, 34.52970453032853]]]]}, "properties": {"id": "Pakistan_123102132_323957", "height": 5.127716541290283, "hmax": 0.0, "ratio": 0.0, "vulnClass": "none"}}, {"type": "Feature", "geometry": {"type": "MultiPolygon", "coordinates": [[[[71.8881216995064, 34.52977881349439], [71.88806988452686, 34.52988925755671], [71.88818289727702, 34.52992530896746], [71.88812741754938, 34.53004350120391], [71.8883046873174, 34.53010002921024], [71.88834714869147, 34.53000971668478], [71.88836469304297, 34.53001530171418], [71.88842963465123, 34.52987698047416], [71.8881216995064, 34.52977881349439]]]]}, "properties": {"id": "Pakistan_123102132_299382", "height": 3.612016677856445, "hmax": 0.0, "ratio": 0.0, "vulnClass": "none"}}, {"type": "Feature", "geometry": {"type": "MultiPolygon", "coordinates": [[[[71.88799967678412, 34.52978877072754], [71.8878448674074, 34.52972866904009], [71.88778638696301, 34.52983092107909], [71.88794130528193, 34.52989102562309], [71.88799967678412, 34.52978877072754]]]]}, "properties": {"id": "Pakistan_123102132_499547", "height": 3.514967918395996, "hmax": 0.0, "ratio": 0.0, "vulnClass": "none"}}, {"type": "Feature", "geometry": {"type": "MultiPolygon", "coordinates": [[[[71.8881831992183, 34.52961886269437], [71.88825349848544, 34.529640845455866], [71.88833631315404, 34.529461248244445], [71.88826601400886, 34.529439265537164], [71.8881831992183, 34.52961886269437]]]]}, "properties": {"id": "Pakistan_123102132_487361", "height": 3.898660659790039, "hmax": 0.0, "ratio": 0.0, "vulnClass": "none"}}, {"type": "Feature", "geometry": {"type": "MultiPolygon", "coordinates": [[[[71.88808187438774, 34.52955264425656], [71.887945204369, 34.529517251250745], [71.8879244509951, 34.5295715231048], [71.88806112109023, 34.529606916137936], [71.88808187438774, 34.52955264425656]]]]}, "properties": {"id": "Pakistan_123102132_31318", "height": 3.000497579574585, "hmax": 0.0, "ratio": 0.0, "vulnClass": "none"}}, {"type": "Feature", "geometry": {"type": "MultiPolygon", "coordinates": [[[[71.88824850915516, 34.52941799827036], [71.88846882370187, 34.52946210373265], [71.8885027202763, 34.529347326799574], [71.88828229719938, 34.52930321863841], [71.88824850915516, 34.52941799827036]]]]}, "properties": {"id": "Pakistan_123102132_243921", "height": 3.957253932952881, "hmax": 0.0, "ratio": 0.0, "vulnClass": "none"}}, {"type": "Feature", "geometry": {"type": "MultiPolygon", "coordinates": [[[[71.88860679533637, 34.529547373191335], [71.88878322409262, 34.52957089016067], [71.88880983968873, 34.52943519676342], [71.88876931057725, 34.52942974679299], [71.88875880897298, 34.52948364927599], [71.88862280071197, 34.52946557953954], [71.88860679533637, 34.529547373191335]]]]}, "properties": {"id": "Pakistan_123102132_176243", "height": 2.568523406982422, "hmax": 0.0, "ratio": 0.0, "vulnClass": "none"}}, {"type": "Feature", "geometry": {"type": "MultiPolygon", "coordinates": [[[[71.8890731675763, 34.5296023485925], [71.88903090588943, 34.529631736216174], [71.88899328409158, 34.529594993968765], [71.88893056446685, 34.52963855171179], [71.88904227663369, 34.52974757733916], [71.8891214299109, 34.52969263103394], [71.88911018318318, 34.529681708530696], [71.88919236126726, 34.52962449582332], [71.88895843532146, 34.5293959918936], [71.88890197657312, 34.52943520258265], [71.8890731675763, 34.5296023485925]]]]}, "properties": {"id": "Pakistan_123102132_200936", "height": 4.455982208251953, "hmax": 0.0, "ratio": 0.0, "vulnClass": "none"}}, {"type": "Feature", "geometry": {"type": "MultiPolygon", "coordinates": [[[[71.88894603158263, 34.52935763927728], [71.88891246047186, 34.52932911230819], [71.88880852845945, 34.52941190887492], [71.88884209621128, 34.529440525920236], [71.88894603158263, 34.52935763927728]]]]}, "properties": {"id": "Pakistan_123102132_228514", "height": 3.193308353424072, "hmax": 0.0, "ratio": 0.0, "vulnClass": "none"}}, {"type": "Feature", "geometry": {"type": "MultiPolygon", "coordinates": [[[[71.88897917645427, 34.529587784119194], [71.88903851615467, 34.52962039315649], [71.88906945402722, 34.52958215412956], [71.88887649392476, 34.529476104402], [71.88881211035859, 34.52955558294249], [71.8889457308329, 34.52962902372202], [71.88897917645427, 34.529587784119194]]]]}, "properties": {"id": "Pakistan_123102132_6825", "height": 4.493705749511719, "hmax": 0.0, "ratio": 0.0, "vulnClass": "none"}}, {"type": "Feature", "geometry": {"type": "MultiPolygon", "coordinates": [[[[71.8897415570493, 34.530052660157835], [71.88980403268137, 34.530085889576554], [71.88984496943935, 34.530033573985534], [71.88978249382686, 34.5300003445888], [71.8897415570493, 34.530052660157835]]]]}, "properties": {"id": "Pakistan_123102132_493505", "height": 3.498923301696777, "hmax": 0.0, "ratio": 0.0, "vulnClass": "none"}}, {"type": "Feature", "geometry": {"type": "MultiPolygon", "coordinates": [[[[71.88995225756508, 34.53013861030894], [71.88987540257644, 34.53010546510707], [71.88976573873671, 34.53027788941223], [71.88984259047844, 34.53031112473682], [71.88995225756508, 34.53013861030894]]]]}, "properties": {"id": "Pakistan_123102132_296284", "height": 4.039321422576904, "hmax": 0.0, "ratio": 0.0, "vulnClass": "none"}}, {"type": "Feature", "geometry": {"type": "MultiPolygon", "coordinates": [[[[71.88976090208324, 34.53011813957788], [71.88970935918249, 34.530080862413094], [71.88960970342612, 34.530174584686634], [71.88966124968509, 34.53021177184567], [71.88976090208324, 34.53011813957788]]]]}, "properties": {"id": "Pakistan_123102132_422678", "height": 3.667264461517334, "hmax": 0.0, "ratio": 0.0, "vulnClass": "none"}}, {"type": "Feature", "geometry": {"type": "MultiPolygon", "coordinates": [[[[71.8896992435873, 34.52994882928252], [71.88964267861766, 34.53000552351584], [71.889722672937, 34.5300596598717], [71.88977923789481, 34.53000296560073], [71.8896992435873, 34.52994882928252]]]]}, "properties": {"id": "Pakistan_123102132_68306", "height": 4.400051593780518, "hmax": 0.0, "ratio": 0.0, "vulnClass": "none"}}, {"type": "Feature", "geometry": {"type": "MultiPolygon", "coordinates": [[[[71.88963504874661, 34.53000568955246], [71.88970339209551, 34.5299368571345], [71.8896213674439, 34.52988167754308], [71.88941904892155, 34.53008553965108], [71.88958298626675, 34.53019598633488], [71.88971707017201, 34.530060959188916], [71.88963504874661, 34.53000568955246]]]]}, "properties": {"id": "Pakistan_123102132_83526", "height": 4.400051593780518, "hmax": 0.0, "ratio": 0.0, "vulnClass": "none"}}, {"type": "Feature", "geometry": {"type": "MultiPolygon", "coordinates": [[[[71.88973549242102, 34.53125443659008], [71.88978042696229, 34.53142539363492], [71.8899945587126, 34.53138704695162], [71.88994951158155, 34.53121617723695], [71.88973549242102, 34.53125443659008]]]]}, "properties": {"id": "Pakistan_123102132_493504", "height": 5.22815990447998, "hmax": 0.0, "ratio": 0.0, "vulnClass": "none"}}, {"type": "Feature", "geometry": {"type": "MultiPolygon", "coordinates": [[[[71.88724402214805, 34.531199192766955], [71.88759558063599, 34.5312607990619], [71.88764800914889, 34.53105789394933], [71.88745042620685, 34.5310232899996], [71.88744470143416, 34.53104540693199], [71.88729072999664, 34.531018314723084], [71.88724402214805, 34.531199192766955]]]]}, "properties": {"id": "Pakistan_123102132_521051", "height": 4.684271812438965, "hmax": 0.0, "ratio": 0.0, "vulnClass": "none"}}, {"type": "Feature", "geometry": {"type": "MultiPolygon", "coordinates": [[[[71.88658606064564, 34.531161944998495], [71.88673564441655, 34.531213262179804], [71.8867632740622, 34.53115862522414], [71.88672434186608, 34.53114537368846], [71.88673715801433, 34.53112001266664], [71.88662650318624, 34.53108203711975], [71.88658606064564, 34.531161944998495]]]]}, "properties": {"id": "Pakistan_123102132_135996", "height": 2.992318630218506, "hmax": 0.0, "ratio": 0.0, "vulnClass": "none"}}, {"type": "Feature", "geometry": {"type": "MultiPolygon", "coordinates": [[[[71.88526938664472, 34.53152258379629], [71.88610084651296, 34.531752735775186], [71.88614699584363, 34.53163953422077], [71.88590358164032, 34.53157221137812], [71.88593198324895, 34.53150272231839], [71.88581146321512, 34.531469361447584], [71.88579120882291, 34.53151895866955], [71.88573094881507, 34.53150227817973], [71.88575684072632, 34.53143876404556], [71.8856700623328, 34.53141473679657], [71.8856806072952, 34.531388957392174], [71.88549260469372, 34.531336928647384], [71.88549536233869, 34.531330148899144], [71.8851242072844, 34.531227476253896], [71.88507206600143, 34.53135530630012], [71.88531062605446, 34.531421335122054], [71.88526938664472, 34.53152258379629]]]]}, "properties": {"id": "Pakistan_123102132_603608", "height": 5.252500534057617, "hmax": 0.0, "ratio": 0.0, "vulnClass": "none"}}, {"type": "Feature", "geometry": {"type": "MultiPolygon", "coordinates": [[[[71.88635397192694, 34.530249910924596], [71.88761192331388, 34.53069625921808], [71.88766059300129, 34.530603040793864], [71.88741970750581, 34.53051757856555], [71.88725980095866, 34.53051827631962], [71.88724055928093, 34.53051147609373], [71.887261551786, 34.53047127130591], [71.88723779724448, 34.53046282368157], [71.88725913963607, 34.53042199688537], [71.88704433422122, 34.530422916211066], [71.88701241102349, 34.53041155613174], [71.8870406695472, 34.53035756607441], [71.88654944436007, 34.53018324285631], [71.88648180168354, 34.530183499733425], [71.88644299891777, 34.53016971062239], [71.88647021134942, 34.53011749667946], [71.88642022694305, 34.53009981689366], [71.88637338985245, 34.53009997369467], [71.8863281294788, 34.530186428435584], [71.88621719997792, 34.530147093541586], [71.88619683303611, 34.5301471145814], [71.8861971144371, 34.53018632981631], [71.88626816322564, 34.53021157765465], [71.88624916095885, 34.5302480474452], [71.88618294804883, 34.53022454540933], [71.88615408075513, 34.530224710045516], [71.8860968561329, 34.53033411378925], [71.88657733123344, 34.530504649316654], [71.8865766696922, 34.530399626949205], [71.88632278147746, 34.5303095043998], [71.88635397192694, 34.530249910924596]]]]}, "properties": {"id": "Pakistan_123102132_19082", "height": 3.687639713287354, "hmax": 0.0, "ratio": 0.0, "vulnClass": "none"}}, {"type": "Feature", "geometry": {"type": "MultiPolygon", "coordinates": [[[[71.88770642383778, 34.53039888572882], [71.88762859333012, 34.53039780176919], [71.88762927673679, 34.53036483034131], [71.88760487081427, 34.53038556942603], [71.88706547800888, 34.53023246280437], [71.88705310318015, 34.53022259293796], [71.8870539295698, 34.5301828651558], [71.88700804380663, 34.53022180386784], [71.88699619856318, 34.53025034436998], [71.88699762288574, 34.530182870732304], [71.88698120378211, 34.530196783048204], [71.88698223481902, 34.53015156234631], [71.88692867851205, 34.5301508268618], [71.88692307613006, 34.53014626738256], [71.88687246096016, 34.53014551677992], [71.88687345368987, 34.530098402299906], [71.88679779947563, 34.53007691304464], [71.886826621557, 34.53000779499059], [71.8869760697239, 34.53001007575443], [71.88698056621456, 34.53000631473569], [71.8867153432724, 34.529931046259], [71.88664937985243, 34.529930084213724], [71.88662317926224, 34.52995221944176], [71.8865407342026, 34.529928844218205], [71.8865112674957, 34.52995387048418], [71.88649082317487, 34.530002741939434], [71.88638686953496, 34.53000126099807], [71.88636965142915, 34.530042463280026], [71.88640222440306, 34.53006853185776], [71.88670861568141, 34.53015548721645], [71.8867070621933, 34.53022349834939], [71.88766600504356, 34.530495739715164], [71.88770642383778, 34.53039888572882]]]]}, "properties": {"id": "Pakistan_123102132_579069", "height": 3.935274600982666, "hmax": 0.0, "ratio": 0.0, "vulnClass": "none"}}, {"type": "Feature", "geometry": {"type": "MultiPolygon", "coordinates": [[[[71.88605052883989, 34.529733093338464], [71.88623700644582, 34.52976750619556], [71.88624103847067, 34.52975282720279], [71.88626397113349, 34.529757017767395], [71.88627886016641, 34.529702326176924], [71.88609238268165, 34.52966791339047], [71.8860849364341, 34.529695304195634], [71.8860620071549, 34.5296910235509], [71.88605052883989, 34.529733093338464]]]]}, "properties": {"id": "Pakistan_123102132_585159", "height": 2.950786828994751, "hmax": 0.18, "ratio": 0.061, "vulnClass": "low"}}, {"type": "Feature", "geometry": {"type": "MultiPolygon", "coordinates": [[[[71.88602437178608, 34.52975405781143], [71.88596404362892, 34.52994675574007], [71.88637292469815, 34.53003353346244], [71.88641336901377, 34.52990387200665], [71.88622600090406, 34.52986411881026], [71.88624566641145, 34.52980107657381], [71.88602437178608, 34.52975405781143]]]]}, "properties": {"id": "Pakistan_123102132_579060", "height": 3.170814990997314, "hmax": 0.18, "ratio": 0.057, "vulnClass": "low"}}, {"type": "Feature", "geometry": {"type": "MultiPolygon", "coordinates": [[[[71.88568754903734, 34.52982036211837], [71.88538153557111, 34.529729177622514], [71.88535321336656, 34.52979362112669], [71.88565922702692, 34.52988480570392], [71.88568754903734, 34.52982036211837]]]]}, "properties": {"id": "Pakistan_123102132_465703", "height": 2.72574782371521, "hmax": 0.0, "ratio": 0.0, "vulnClass": "none"}}, {"type": "Feature", "geometry": {"type": "MultiPolygon", "coordinates": [[[[71.88572557551633, 34.529825749238654], [71.88596044494766, 34.529903039304685], [71.88599867098104, 34.52982415665503], [71.88587720136977, 34.52978419193463], [71.88593819524452, 34.52965839006115], [71.88582490453989, 34.52962106763926], [71.88572557551633, 34.529825749238654]]]]}, "properties": {"id": "Pakistan_123102132_425737", "height": 3.964521884918213, "hmax": 0.18, "ratio": 0.045, "vulnClass": "low"}}, {"type": "Feature", "geometry": {"type": "MultiPolygon", "coordinates": [[[[71.88512813061939, 34.52968169811537], [71.88508095896167, 34.5296645402663], [71.88509618107913, 34.52963599603911], [71.88483119936295, 34.52953972860417], [71.88479326443282, 34.52961077668661], [71.88510530918767, 34.52972419929401], [71.88512813061939, 34.52968169811537]]]]}, "properties": {"id": "Pakistan_123102132_80431", "height": 4.815096378326416, "hmax": 0.139, "ratio": 0.029, "vulnClass": "low"}}, {"type": "Feature", "geometry": {"type": "MultiPolygon", "coordinates": [[[[71.88425295418597, 34.530049270090366], [71.8842966057572, 34.53006444557263], [71.88432244807782, 34.53008114921143], [71.88431727788537, 34.53009129239654], [71.88423601063074, 34.53017655644442], [71.88425937864864, 34.53013109500263], [71.88418873899269, 34.53010657752496], [71.88416395111965, 34.53015506722953], [71.88414649997483, 34.53017327919761], [71.8841012756145, 34.530261626763306], [71.88412392762118, 34.5302762660383], [71.88434100600175, 34.530351662755116], [71.88437365425014, 34.530372776445745], [71.88442148082564, 34.53032271178164], [71.88441373559947, 34.53033765642169], [71.88454136108922, 34.53020373218198], [71.88456767738359, 34.530152216884765], [71.88455033512925, 34.530170431693655], [71.88459649655807, 34.530080305203164], [71.88453317172603, 34.5300582280283], [71.88446659657475, 34.530015247011], [71.88431005154408, 34.529960865106354], [71.88428443407301, 34.52998779177297], [71.88425295418597, 34.530049270090366]]]]}, "properties": {"id": "Pakistan_123102132_173095", "height": 5.52711009979248, "hmax": 0.0, "ratio": 0.0, "vulnClass": "none"}}, {"type": "Feature", "geometry": {"type": "MultiPolygon", "coordinates": [[[[71.88473925905653, 34.53016552101742], [71.88568713890417, 34.53053276636574], [71.88574539807477, 34.53043069005057], [71.88562010853708, 34.53038215501281], [71.8856272350372, 34.53031951390896], [71.88571881220265, 34.53035502045572], [71.88577707119457, 34.5302529441141], [71.88568205592566, 34.530216178123865], [71.8856850729225, 34.530190747366525], [71.8855225279828, 34.530127831439295], [71.8854818630878, 34.530199080457436], [71.88543247660347, 34.53017997339799], [71.88546148902203, 34.53012915764719], [71.88546667900907, 34.53008341220816], [71.88539685414861, 34.5300779343757], [71.88538112492336, 34.5301054742272], [71.88531868545942, 34.53010054540706], [71.8851400382308, 34.53003135926267], [71.88507857474538, 34.53002654536998], [71.88503562956882, 34.53000994606385], [71.88506853406945, 34.53001249862679], [71.88497566869216, 34.52997650805264], [71.88491409645677, 34.529971691301846], [71.88488682892674, 34.52996108047209], [71.88484243341053, 34.530038903892326], [71.88493562185187, 34.5300749929496], [71.88485700053532, 34.530068839565345], [71.88480567927363, 34.5300490519269], [71.88473925905653, 34.53016552101742]]]]}, "properties": {"id": "Pakistan_123102132_80429", "height": 3.718646764755249, "hmax": 0.252, "ratio": 0.068, "vulnClass": "low"}}, {"type": "Feature", "geometry": {"type": "MultiPolygon", "coordinates": [[[[71.88407316360436, 34.5295959948138], [71.88456620546195, 34.529756403504635], [71.88453998943031, 34.52981107603678], [71.88473141686003, 34.5298733786664], [71.88473874018436, 34.529858062696896], [71.88488615963388, 34.52990599186585], [71.88492926054994, 34.52981614762886], [71.88467864780726, 34.52973466804071], [71.88470699677485, 34.52967536299543], [71.8847278701131, 34.52968220527067], [71.88473707864728, 34.529663061696354], [71.88467315970047, 34.529642321433705], [71.88469937894214, 34.52958755881636], [71.88419353092767, 34.52942303806144], [71.88415786167343, 34.529497568858595], [71.88412536502908, 34.529487004598465], [71.88407316360436, 34.5295959948138]]]]}, "properties": {"id": "Pakistan_123102132_287045", "height": 3.170797824859619, "hmax": 0.279, "ratio": 0.088, "vulnClass": "low"}}, {"type": "Feature", "geometry": {"type": "MultiPolygon", "coordinates": [[[[71.88346983882434, 34.52980249448964], [71.88358984899108, 34.529843596039754], [71.8836051287259, 34.529813521219346], [71.88373997622824, 34.529859778653986], [71.88377807333008, 34.52978440867011], [71.88378151482135, 34.529785578165196], [71.88380150262223, 34.529746069420725], [71.88368719537144, 34.52970682626901], [71.88366626321056, 34.52974829380856], [71.88352227490917, 34.52969891855829], [71.88346983882434, 34.52980249448964]]]]}, "properties": {"id": "Pakistan_123102132_160595", "height": 2.994995594024658, "hmax": 0.226, "ratio": 0.075, "vulnClass": "low"}}, {"type": "Feature", "geometry": {"type": "MultiPolygon", "coordinates": [[[[71.88309500930353, 34.529967958938364], [71.88393169233787, 34.53018888472935], [71.8839665050094, 34.53009937000056], [71.8840438340322, 34.530026263706226], [71.88390470979088, 34.52998954164715], [71.88392122451016, 34.52994678951711], [71.88389767731388, 34.52992987401066], [71.88384789081577, 34.52997700414547], [71.8838416318765, 34.52999297817344], [71.88380765233288, 34.530025099176974], [71.8838764321088, 34.529848301517546], [71.88382095703231, 34.529808487911325], [71.88368289444874, 34.5299389901492], [71.88370601814677, 34.52987964203815], [71.88359655400163, 34.52985070756398], [71.88356686352074, 34.52987879191199], [71.88355071871166, 34.52992038170365], [71.88368207913801, 34.52995501306766], [71.88365943763286, 34.53001311162078], [71.88353292974301, 34.529979775906405], [71.88355160463294, 34.52993167100368], [71.8834475337655, 34.529904136014984], [71.88330635350879, 34.52980282527504], [71.88333558127867, 34.5298105121218], [71.88328201463148, 34.52977209902577], [71.8832593669357, 34.52976611251493], [71.88328273870641, 34.529705959626774], [71.88320487288692, 34.5296854031469], [71.88309500930353, 34.529967958938364]]]]}, "properties": {"id": "Pakistan_123102132_148247", "height": 4.844579696655273, "hmax": 0.189, "ratio": 0.039, "vulnClass": "low"}}, {"type": "Feature", "geometry": {"type": "MultiPolygon", "coordinates": [[[[71.88353091953454, 34.5303490911311], [71.88419063854099, 34.53054052818737], [71.88421390049432, 34.5304862309789], [71.88415787162327, 34.53047001831911], [71.88417922815655, 34.530420088994816], [71.88428654201746, 34.53045122139562], [71.88433115694556, 34.53034708485377], [71.8840925040769, 34.53027780703992], [71.88407877928965, 34.530309994699756], [71.88382579655354, 34.530236564821735], [71.8838109983991, 34.53027124877028], [71.8837632672643, 34.530257411055935], [71.88378307852825, 34.530210957540966], [71.88358386011971, 34.53015314136302], [71.88357491052369, 34.53017409412105], [71.88360238747674, 34.53018200658947], [71.88353091953454, 34.5303490911311]]]]}, "properties": {"id": "Pakistan_123102132_259330", "height": 5.582906723022461, "hmax": 0.157, "ratio": 0.028, "vulnClass": "low"}}, {"type": "Feature", "geometry": {"type": "MultiPolygon", "coordinates": [[[[71.88313947730214, 34.53022696643196], [71.88333833820748, 34.53027684246524], [71.88338958530886, 34.53013799409145], [71.8833503089711, 34.53012815778077], [71.8833608396643, 34.53009985449057], [71.88331045035163, 34.530087210572], [71.88332160232211, 34.53005685008745], [71.8832124074356, 34.53002945441039], [71.88313947730214, 34.53022696643196]]]]}, "properties": {"id": "Pakistan_123102132_600547", "height": 4.381860733032227, "hmax": 0.0, "ratio": 0.0, "vulnClass": "none"}}, {"type": "Feature", "geometry": {"type": "MultiPolygon", "coordinates": [[[[71.88339670945285, 34.53060695971131], [71.88332508280024, 34.530807479524945], [71.88361024406018, 34.530876684896505], [71.8835606255199, 34.5310156650788], [71.88371961263707, 34.531054246882725], [71.88376253131705, 34.530934293922556], [71.88385136111555, 34.5309558511611], [71.88386448563726, 34.530919321802365], [71.8838471087001, 34.53091509240398], [71.88391252696923, 34.53073207984001], [71.88339670945285, 34.53060695971131]]]]}, "properties": {"id": "Pakistan_123102132_612966", "height": 3.272117137908936, "hmax": 0.294, "ratio": 0.09, "vulnClass": "low"}}, {"type": "Feature", "geometry": {"type": "MultiPolygon", "coordinates": [[[[71.88445828196572, 34.53050995721552], [71.88484691998728, 34.530654809917536], [71.88493151323651, 34.53050076844779], [71.8845429845495, 34.53035591882141], [71.88445828196572, 34.53050995721552]]]]}, "properties": {"id": "Pakistan_123102132_438028", "height": 4.873790740966797, "hmax": 0.146, "ratio": 0.03, "vulnClass": "low"}}, {"type": "Feature", "geometry": {"type": "MultiPolygon", "coordinates": [[[[71.88397222457748, 34.53086312610426], [71.88427481094155, 34.53096450190011], [71.8843319469689, 34.53084878750204], [71.8840625961873, 34.53075862595924], [71.88403361364801, 34.530817373843], [71.88400037501744, 34.53080624978784], [71.88397222457748, 34.53086312610426]]]]}, "properties": {"id": "Pakistan_123102132_43551", "height": 2.742143630981445, "hmax": 0.0, "ratio": 0.0, "vulnClass": "none"}}, {"type": "Feature", "geometry": {"type": "MultiPolygon", "coordinates": [[[[71.88391522806377, 34.531153251966174], [71.88375171428433, 34.53108417985187], [71.883749162698, 34.53108835095198], [71.88355649038344, 34.531182035785946], [71.883597018536, 34.53119920481969], [71.88356933445695, 34.531243564402644], [71.8836606886265, 34.53128213133774], [71.88363381321653, 34.531325249722336], [71.88361462207004, 34.53131709821677], [71.88359639875176, 34.53129175595556], [71.88353335340656, 34.53126508858169], [71.88355061349421, 34.53123740783099], [71.88353394172911, 34.531214268391736], [71.88351725590339, 34.53124115260783], [71.88350224111332, 34.53122030882148], [71.88338100052619, 34.53127931386889], [71.88340770606412, 34.53131668029389], [71.88353133450074, 34.53136887064812], [71.88355329485657, 34.53135825502536], [71.8836105519659, 34.53138243108282], [71.88361427763479, 34.531387663843965], [71.88373704592946, 34.53143956162591], [71.88391522806377, 34.531153251966174]]]]}, "properties": {"id": "Pakistan_123102132_92630", "height": 3.312918186187744, "hmax": 0.0, "ratio": 0.0, "vulnClass": "none"}}, {"type": "Feature", "geometry": {"type": "MultiPolygon", "coordinates": [[[[71.8833545936539, 34.53084554855038], [71.88332171698563, 34.530947370658616], [71.88342953083784, 34.53097094539299], [71.88346229858134, 34.53086912047018], [71.8833545936539, 34.53084554855038]]]]}, "properties": {"id": "Pakistan_123102132_413333", "height": 3.083342313766479, "hmax": 0.0, "ratio": 0.0, "vulnClass": "none"}}, {"type": "Feature", "geometry": {"type": "MultiPolygon", "coordinates": [[[[71.88295277799676, 34.53116499190006], [71.88338100861188, 34.53125281486803], [71.88339442892517, 34.53120836138836], [71.88345506362106, 34.531220816319504], [71.8834864975563, 34.531116794125154], [71.88345872210283, 34.53111103719913], [71.88348258179555, 34.53103196874499], [71.88342313403513, 34.53101981454905], [71.8834278664848, 34.531003891691334], [71.88338128286262, 34.53099431939697], [71.88335680181011, 34.53107544502469], [71.88300174088707, 34.5310027408458], [71.88295277799676, 34.53116499190006]]]]}, "properties": {"id": "Pakistan_123102132_481128", "height": 2.879040241241455, "hmax": 0.0, "ratio": 0.0, "vulnClass": "none"}}, {"type": "Feature", "geometry": {"type": "MultiPolygon", "coordinates": [[[[71.882801133195, 34.53126242762659], [71.88316869422458, 34.53139421867833], [71.8832325553372, 34.531273448913176], [71.88307467505076, 34.53121686807327], [71.88305991403095, 34.531244702726816], [71.88291331764677, 34.531192195541024], [71.88289468378653, 34.53122750243363], [71.88283159975553, 34.53120479958236], [71.882801133195, 34.53126242762659]]]]}, "properties": {"id": "Pakistan_123102132_28270", "height": 2.756469488143921, "hmax": 0.0, "ratio": 0.0, "vulnClass": "none"}}, {"type": "Feature", "geometry": {"type": "MultiPolygon", "coordinates": [[[[71.88290566421067, 34.529706782636644], [71.88296094499813, 34.52951819374231], [71.88273413927465, 34.52947301121265], [71.88267885466202, 34.52966169002678], [71.88290566421067, 34.529706782636644]]]]}, "properties": {"id": "Pakistan_123102132_330143", "height": 3.726074457168579, "hmax": 0.331, "ratio": 0.089, "vulnClass": "low"}}, {"type": "Feature", "geometry": {"type": "MultiPolygon", "coordinates": [[[[71.88233006720982, 34.5315345822115], [71.88254807512274, 34.5316697643127], [71.88255736665967, 34.531622140916994], [71.8825510046679, 34.53162918903236], [71.88253019751038, 34.53162640406707], [71.88259606976847, 34.53158896925463], [71.88258436957402, 34.53164860897905], [71.88262286704159, 34.53162678885391], [71.88268417968521, 34.5315597638953], [71.88276859340287, 34.53161212484073], [71.88277759329159, 34.53156647690631], [71.88274276637308, 34.531524936992184], [71.88281475016531, 34.531446286995106], [71.88295675257586, 34.53153436975079], [71.8830572262734, 34.53147735836852], [71.88309413046981, 34.531436929916424], [71.8830759872015, 34.53141528509356], [71.88291727487561, 34.53131677078573], [71.88282970514128, 34.531366540526534], [71.8827700920603, 34.53143180632189], [71.8827026027231, 34.531389972717925], [71.88253796516693, 34.531569998803874], [71.88248843813896, 34.531563415489906], [71.88249448674908, 34.53153265430528], [71.88245340362992, 34.531483653662086], [71.88249762253844, 34.53148947042934], [71.88250570301308, 34.53144803529305], [71.88255395515947, 34.531395368425876], [71.88246920682103, 34.53138409958863], [71.88243605426835, 34.531420297302844], [71.88242420151386, 34.53148110484558], [71.88233006720982, 34.5315345822115]]]]}, "properties": {"id": "Pakistan_123102132_591225", "height": 4.10652494430542, "hmax": 0.398, "ratio": 0.097, "vulnClass": "low"}}, {"type": "Feature", "geometry": {"type": "MultiPolygon", "coordinates": [[[[71.883076522041, 34.5319119334873], [71.88317097247833, 34.531747779870884], [71.88307897662732, 34.531711810036576], [71.88311810221357, 34.53164394765803], [71.88298574216242, 34.531592254883705], [71.88285844783277, 34.531813525002335], [71.88277396451053, 34.53178054100171], [71.88272680342304, 34.5318623488932], [71.8835327754895, 34.53217713327409], [71.88355490665985, 34.53213858068119], [71.883572404057, 34.532145427071676], [71.88359219783013, 34.53211114117004], [71.8835155494558, 34.53208124205576], [71.88351136031903, 34.532088435855954], [71.88325071609829, 34.531986687359016], [71.88325385880256, 34.53198126950433], [71.883076522041, 34.5319119334873]]]]}, "properties": {"id": "Pakistan_123102132_579045", "height": 3.114483594894409, "hmax": 0.398, "ratio": 0.128, "vulnClass": "low"}}, {"type": "Feature", "geometry": {"type": "MultiPolygon", "coordinates": [[[[71.88238434591852, 34.532447217004304], [71.88312498368903, 34.53266830860744], [71.88315617686122, 34.53271092733232], [71.88318319078846, 34.5326495155508], [71.88331212245892, 34.532688051244584], [71.88339887693247, 34.53249080221732], [71.88319885694145, 34.5324309818678], [71.88317851076575, 34.532477151186825], [71.88321301450563, 34.532524451267236], [71.88298121499028, 34.532455256076354], [71.88297292340806, 34.532443957850134], [71.88288169253451, 34.53241666019287], [71.88291858751644, 34.53233269717748], [71.88296985995771, 34.53234797772018], [71.88301139471102, 34.53225349747161], [71.88262244316515, 34.53213738333115], [71.88262200121183, 34.53213755230592], [71.88254408064869, 34.5320308264921], [71.88247708369785, 34.53201081760022], [71.88245899946355, 34.532051816855095], [71.88251597802336, 34.53206886578051], [71.88249360714664, 34.53211967017866], [71.88240830080683, 34.532094145957174], [71.8823661744032, 34.532189872732914], [71.88281329138869, 34.532323337204716], [71.88276069140558, 34.53234948401108], [71.88277737658645, 34.53237226336306], [71.8827231965623, 34.53235609725356], [71.88273438197348, 34.53233069503293], [71.8824702700268, 34.532251840271456], [71.88238434591852, 34.532447217004304]]]]}, "properties": {"id": "Pakistan_123102132_514910", "height": 4.889653205871582, "hmax": 0.25, "ratio": 0.051, "vulnClass": "low"}}, {"type": "Feature", "geometry": {"type": "MultiPolygon", "coordinates": [[[[71.88429102399144, 34.532010643437985], [71.88407345513744, 34.53192784306258], [71.88402958495038, 34.532006130199775], [71.88424704514382, 34.532088927882654], [71.88429102399144, 34.532010643437985]]]]}, "properties": {"id": "Pakistan_123102132_514925", "height": 4.637216091156006, "hmax": 0.0, "ratio": 0.0, "vulnClass": "none"}}, {"type": "Feature", "geometry": {"type": "MultiPolygon", "coordinates": [[[[71.883025206373, 34.53220148284533], [71.88341407488791, 34.53233444853679], [71.88345817286154, 34.53224715412924], [71.88339870344647, 34.53222679721063], [71.88338247877125, 34.532258830778375], [71.88319267126936, 34.5321938632972], [71.88323125233885, 34.53211724404557], [71.88309166441552, 34.53206951286402], [71.883025206373, 34.53220148284533]]]]}, "properties": {"id": "Pakistan_123102132_323931", "height": 2.763807058334351, "hmax": 0.0, "ratio": 0.0, "vulnClass": "none"}}, {"type": "Feature", "geometry": {"type": "MultiPolygon", "coordinates": [[[[71.88315330360209, 34.53181853385616], [71.88362285823784, 34.531981140791245], [71.8836823111521, 34.53186467473428], [71.8835579074848, 34.531821568181], [71.88355214937852, 34.531832868042876], [71.88324796445517, 34.531727573826196], [71.88324126531995, 34.531740742434536], [71.8832003030959, 34.5317264464567], [71.88315330360209, 34.53181853385616]]]]}, "properties": {"id": "Pakistan_123102132_154454", "height": 2.671467304229736, "hmax": 0.0, "ratio": 0.0, "vulnClass": "none"}}, {"type": "Feature", "geometry": {"type": "MultiPolygon", "coordinates": [[[[71.88415528846056, 34.531655116225004], [71.88457113018391, 34.531829957981905], [71.88459651022882, 34.53178896440289], [71.88462749930777, 34.53180201380331], [71.88465577409265, 34.53175640718671], [71.88468129450887, 34.53176715373982], [71.88475302436217, 34.53165145124211], [71.88477640216449, 34.531661241735], [71.8847987684121, 34.53162512849701], [71.88463062787703, 34.531554497256664], [71.88463329160206, 34.53155023886729], [71.88455114978059, 34.531515783605975], [71.8845598408103, 34.531501764445515], [71.88431417409808, 34.53139850786655], [71.88415528846056, 34.531655116225004]]]]}, "properties": {"id": "Pakistan_123102132_499531", "height": 6.544337272644043, "hmax": 0.07, "ratio": 0.011, "vulnClass": "none"}}, {"type": "Feature", "geometry": {"type": "MultiPolygon", "coordinates": [[[[71.8873569471799, 34.53155927260027], [71.88730217414815, 34.53154147098784], [71.88725562406403, 34.53163915984655], [71.88736022543361, 34.531673014546], [71.88741587479088, 34.53155617907294], [71.8873660499135, 34.53154003598728], [71.8873569471799, 34.53155927260027]]]]}, "properties": {"id": "Pakistan_123102132_521053", "height": 4.217509269714355, "hmax": 0.155, "ratio": 0.037, "vulnClass": "low"}}, {"type": "Feature", "geometry": {"type": "MultiPolygon", "coordinates": [[[[71.88854859706917, 34.53154342830341], [71.88845644888569, 34.53149393856417], [71.88843439267775, 34.53152176814491], [71.88834779533265, 34.53147530415544], [71.88827910872291, 34.53156206354534], [71.88856686592115, 34.53171677025738], [71.88867737455678, 34.53157735759587], [71.88856825092063, 34.531518692111916], [71.88854859706917, 34.53154342830341]]]]}, "properties": {"id": "Pakistan_123102132_441125", "height": 2.648671627044678, "hmax": 0.0, "ratio": 0.0, "vulnClass": "none"}}, {"type": "Feature", "geometry": {"type": "MultiPolygon", "coordinates": [[[[71.88801978888134, 34.53176095413246], [71.88818710131741, 34.53182759378588], [71.8882717563346, 34.531683466133344], [71.88810444745492, 34.531616736558746], [71.88801978888134, 34.53176095413246]]]]}, "properties": {"id": "Pakistan_123102132_145184", "height": 4.808932781219482, "hmax": 0.0, "ratio": 0.0, "vulnClass": "none"}}, {"type": "Feature", "geometry": {"type": "MultiPolygon", "coordinates": [[[[71.887383574003, 34.53179763385008], [71.88733906800677, 34.531843367868284], [71.8874419665971, 34.53191124951927], [71.88748646922502, 34.53186560551077], [71.887383574003, 34.53179763385008]]]]}, "properties": {"id": "Pakistan_123102132_459642", "height": 4.430150508880615, "hmax": 0.155, "ratio": 0.035, "vulnClass": "low"}}, {"type": "Feature", "geometry": {"type": "MultiPolygon", "coordinates": [[[[71.89049089544604, 34.53229075762314], [71.89062343663286, 34.532375796427395], [71.89073522629374, 34.532257505736524], [71.89066342491672, 34.53221142039121], [71.89061149258268, 34.53226652055517], [71.89055064735707, 34.53222747437275], [71.89049089544604, 34.53229075762314]]]]}, "properties": {"id": "Pakistan_123102132_317965", "height": 3.227051734924316, "hmax": 0.0, "ratio": 0.0, "vulnClass": "none"}}, {"type": "Feature", "geometry": {"type": "MultiPolygon", "coordinates": [[[[71.8901494052714, 34.53152529277106], [71.89012402891625, 34.53144334550366], [71.89003950235721, 34.531461200703276], [71.89006488198324, 34.53154305793574], [71.8901494052714, 34.53152529277106]]]]}, "properties": {"id": "Pakistan_123102132_247056", "height": 4.894447803497314, "hmax": 0.0, "ratio": 0.0, "vulnClass": "none"}}, {"type": "Feature", "geometry": {"type": "MultiPolygon", "coordinates": [[[[71.89101875307902, 34.53184110277238], [71.8911548260008, 34.532082973301186], [71.89145942646896, 34.53196662013064], [71.891323352801, 34.531724749900604], [71.89101875307902, 34.53184110277238]]]]}, "properties": {"id": "Pakistan_123102132_293257", "height": 3.646220922470093, "hmax": 0.0, "ratio": 0.0, "vulnClass": "none"}}, {"type": "Feature", "geometry": {"type": "MultiPolygon", "coordinates": [[[[71.89631825205075, 34.53143540128563], [71.8962519029927, 34.53150636133479], [71.89624781729628, 34.531519597198724], [71.89640530001641, 34.53161941529886], [71.89641278577687, 34.53161140353908], [71.89641142834361, 34.53161569543094], [71.8964715420307, 34.531551336723275], [71.89651077563485, 34.53155945523036], [71.89654705695732, 34.531582550970384], [71.89669393243241, 34.53161314658045], [71.89671042389189, 34.5315591252329], [71.89673571474702, 34.53156436530129], [71.89675033994861, 34.53151660584453], [71.89662594311824, 34.53149072819973], [71.8965953239271, 34.53152338903073], [71.89660795075173, 34.53148251906395], [71.89654494299742, 34.531469379332314], [71.89653685742498, 34.5314642163156], [71.89652381262871, 34.531478215782485], [71.89631825205075, 34.53143540128563]]]]}, "properties": {"id": "Pakistan_123102132_213395", "height": 2.588746786117554, "hmax": 0.0, "ratio": 0.0, "vulnClass": "none"}}, {"type": "Feature", "geometry": {"type": "MultiPolygon", "coordinates": [[[[71.89749551491174, 34.531971352990446], [71.89762474731039, 34.53202835874814], [71.89777433133406, 34.53179826489104], [71.89757094618452, 34.53170854807902], [71.8974599409794, 34.53187932316502], [71.89742629623503, 34.53189667466577], [71.89743107080311, 34.531903015305794], [71.89737322068873, 34.531932820686855], [71.89734414809965, 34.53189449561778], [71.89730666315052, 34.53184514056899], [71.89727177309614, 34.53189896453949], [71.89723546337423, 34.53191769035726], [71.89722934537873, 34.531926998823884], [71.89734511840796, 34.532079564941114], [71.89750489037009, 34.53215005627852], [71.89755274708764, 34.53212540476066], [71.89753031391125, 34.532095991532024], [71.89748434311778, 34.532075714238964], [71.89745381395554, 34.53203554948069], [71.89749551491174, 34.531971352990446]]]]}, "properties": {"id": "Pakistan_123102132_490514", "height": 3.807212114334106, "hmax": 0.0, "ratio": 0.0, "vulnClass": "none"}}, {"type": "Feature", "geometry": {"type": "MultiPolygon", "coordinates": [[[[71.89727874548065, 34.53167011190993], [71.89713763931474, 34.53162785618945], [71.89708995754546, 34.53173579560704], [71.897058227619, 34.531748508745245], [71.89695165951657, 34.53156805474106], [71.89676581486333, 34.531642465630426], [71.89681687226435, 34.53165773492851], [71.89696329610314, 34.53190581151967], [71.89714117984629, 34.53183462297543], [71.89709517638262, 34.5317565689615], [71.89722357023703, 34.53179507638019], [71.89727874548065, 34.53167011190993]]]]}, "properties": {"id": "Pakistan_123102132_62245", "height": 2.730507373809814, "hmax": 0.0, "ratio": 0.0, "vulnClass": "none"}}, {"type": "Feature", "geometry": {"type": "MultiPolygon", "coordinates": [[[[71.89704211037775, 34.532030037298995], [71.89714656339619, 34.53214427926026], [71.89727153542215, 34.53206669745516], [71.897167082313, 34.531952455595786], [71.89704211037775, 34.532030037298995]]]]}, "properties": {"id": "Pakistan_123102132_530338", "height": 2.485881805419922, "hmax": 0.0, "ratio": 0.0, "vulnClass": "none"}}, {"type": "Feature", "geometry": {"type": "MultiPolygon", "coordinates": [[[[71.89718783163835, 34.531818954333836], [71.89714281380775, 34.53183754880886], [71.89718356046912, 34.53190465307164], [71.89722868713906, 34.53188606135022], [71.89718783163835, 34.531818954333836]]]]}, "properties": {"id": "Pakistan_123102132_13003", "height": 3.206564903259277, "hmax": 0.0, "ratio": 0.0, "vulnClass": "none"}}]}