{"type": "FeatureCollection", "features": [{"type": "Feature", "geometry": {"type": "MultiPolygon", "coordinates": [[[[72.31837016497634, 34.174811630179455], [72.31836892095694, 34.17475841452412], [72.3183206276287, 34.174759251625034], [72.31832198000751, 34.17481246964964], [72.31837016497634, 34.174811630179455]]]]}, "properties": {"id": "Pakistan_123102310_855743", "height": 2.826887845993042, "hmax": 0.0, "ratio": 0.0, "vulnClass": "none"}}, {"type": "Feature", "geometry": {"type": "MultiPolygon", "coordinates": [[[[72.31784317114405, 34.175009162811236], [72.31784466583004, 34.17505787644921], [72.317992053536, 34.175054969761575], [72.31799067000718, 34.17500616840432], [72.31784317114405, 34.175009162811236]]]]}, "properties": {"id": "Pakistan_123102310_196959", "height": 2.912516355514526, "hmax": 0.0, "ratio": 0.0, "vulnClass": "none"}}, {"type": "Feature", "geometry": {"type": "MultiPolygon", "coordinates": [[[[72.31818359574622, 34.17501065805016], [72.31806186232708, 34.175015207824934], [72.31806561914303, 34.17508497586403], [72.31800534852714, 34.17508726374313], [72.3180067861963, 34.17511379925747], [72.31810582342791, 34.1751101054397], [72.3181145894128, 34.17527175563026], [72.3181949466077, 34.175268825171464], [72.31819671524408, 34.17530203901559], [72.31823819739381, 34.17530051212285], [72.31823156780979, 34.17517758296704], [72.31819269279111, 34.17517898657393], [72.31818359574622, 34.17501065805016]]]]}, "properties": {"id": "Pakistan_123102310_252614", "height": 2.933937311172485, "hmax": 0.0, "ratio": 0.0, "vulnClass": "none"}}, {"type": "Feature", "geometry": {"type": "MultiPolygon", "coordinates": [[[[72.31899686147732, 34.17525760158157], [72.31899908212428, 34.17516344345158], [72.31893598754822, 34.175162424653], [72.31893376683125, 34.17525658277853], [72.31899686147732, 34.17525760158157]]]]}, "properties": {"id": "Pakistan_123102310_149781", "height": 2.838894844055176, "hmax": 0.0, "ratio": 0.0, "vulnClass": "none"}}, {"type": "Feature", "geometry": {"type": "MultiPolygon", "coordinates": [[[[72.31872369392478, 34.175176985102084], [72.31872628218373, 34.175280263355255], [72.31883220243478, 34.175278432295265], [72.31882961404634, 34.175175154038165], [72.31872369392478, 34.175176985102084]]]]}, "properties": {"id": "Pakistan_123102310_476588", "height": 3.046731472015381, "hmax": 0.0, "ratio": 0.0, "vulnClass": "none"}}, {"type": "Feature", "geometry": {"type": "MultiPolygon", "coordinates": [[[[72.3187708366847, 34.175308462781494], [72.31877251157273, 34.175354926611995], [72.31892394450665, 34.17535102546018], [72.31892583345405, 34.175401009817584], [72.31900355804324, 34.17539901292326], [72.31899988849628, 34.175302472274204], [72.3187708366847, 34.175308462781494]]]]}, "properties": {"id": "Pakistan_123102310_898373", "height": 3.360579490661621, "hmax": 0.0, "ratio": 0.0, "vulnClass": "none"}}, {"type": "Feature", "geometry": {"type": "MultiPolygon", "coordinates": [[[[72.32788415004038, 34.17592306021389], [72.32787520338334, 34.175742474784734], [72.32782036887546, 34.175744345044016], [72.32782720807758, 34.175881702623464], [72.32768257412596, 34.17588666444196], [72.327672961742, 34.17569281242729], [72.32755243372182, 34.17569694714874], [72.32756426426482, 34.175933939279794], [72.32788415004038, 34.17592306021389]]]]}, "properties": {"id": "Pakistan_123102310_742491", "height": 2.694402694702148, "hmax": 0.0, "ratio": 0.0, "vulnClass": "none"}}, {"type": "Feature", "geometry": {"type": "MultiPolygon", "coordinates": [[[[72.3205037286622, 34.1762500018067], [72.32050090998143, 34.176325395734466], [72.32066174655526, 34.1763294508429], [72.32066445670154, 34.17625405453644], [72.3205037286622, 34.1762500018067]]]]}, "properties": {"id": "Pakistan_123102310_893569", "height": 3.057346343994141, "hmax": 0.0, "ratio": 0.0, "vulnClass": "none"}}, {"type": "Feature", "geometry": {"type": "MultiPolygon", "coordinates": [[[[72.32122660209251, 34.17624839563757], [72.32119342290608, 34.176251457157164], [72.32120009951997, 34.1763010051931], [72.32129550399314, 34.17629218107129], [72.32129313006854, 34.17627464011949], [72.32123090481412, 34.17628040272027], [72.32122660209251, 34.17624839563757]]]]}, "properties": {"id": "Pakistan_123102310_751804", "height": 2.936378002166748, "hmax": 0.0, "ratio": 0.0, "vulnClass": "none"}}, {"type": "Feature", "geometry": {"type": "MultiPolygon", "coordinates": [[[[72.32118497389926, 34.17624766659303], [72.32127465376003, 34.1762449377826], [72.32126658539616, 34.17606103587391], [72.3211769057308, 34.17606376468774], [72.32118497389926, 34.17624766659303]]]]}, "properties": {"id": "Pakistan_123102310_386553", "height": 2.752578258514404, "hmax": 0.0, "ratio": 0.0, "vulnClass": "none"}}, {"type": "Feature", "geometry": {"type": "MultiPolygon", "coordinates": [[[[72.32133427706485, 34.17608820725003], [72.32133389065264, 34.17605583496483], [72.3212614166421, 34.17605641546895], [72.32126180302656, 34.17608878775307], [72.32133427706485, 34.17608820725003]]]]}, "properties": {"id": "Pakistan_123102310_646952", "height": 2.454972267150879, "hmax": 0.0, "ratio": 0.0, "vulnClass": "none"}}, {"type": "Feature", "geometry": {"type": "MultiPolygon", "coordinates": [[[[72.32132785336805, 34.17594833445717], [72.32126898550617, 34.175950834871], [72.32127144300921, 34.17598974319563], [72.32133019965795, 34.175987330502046], [72.32132785336805, 34.17594833445717]]]]}, "properties": {"id": "Pakistan_123102310_818018", "height": 2.580428838729858, "hmax": 0.0, "ratio": 0.0, "vulnClass": "none"}}, {"type": "Feature", "geometry": {"type": "MultiPolygon", "coordinates": [[[[72.32117868694581, 34.175952558520336], [72.32118060828245, 34.17599470053274], [72.32123022870387, 34.17599307995986], [72.32122830734247, 34.17595093794705], [72.32117868694581, 34.175952558520336]]]]}, "properties": {"id": "Pakistan_123102310_566367", "height": 2.822129964828491, "hmax": 0.0, "ratio": 0.0, "vulnClass": "none"}}, {"type": "Feature", "geometry": {"type": "MultiPolygon", "coordinates": [[[[72.32083028109002, 34.1759083463596], [72.32084054701251, 34.17631424551341], [72.32094364759847, 34.176312441205276], [72.32093348957206, 34.175906544404505], [72.32083028109002, 34.1759083463596]]]]}, "properties": {"id": "Pakistan_123102310_253677", "height": 2.885894298553467, "hmax": 0.0, "ratio": 0.0, "vulnClass": "none"}}, {"type": "Feature", "geometry": {"type": "MultiPolygon", "coordinates": [[[[72.32158841964939, 34.175988553268446], [72.32158671489232, 34.17594641598758], [72.32137773641183, 34.17595212855952], [72.32137944106456, 34.17599426583833], [72.32158841964939, 34.175988553268446]]]]}, "properties": {"id": "Pakistan_123102310_766088", "height": 2.479840040206909, "hmax": 0.0, "ratio": 0.0, "vulnClass": "none"}}, {"type": "Feature", "geometry": {"type": "MultiPolygon", "coordinates": [[[[72.32139404288493, 34.17600242783311], [72.32139541039943, 34.17603121554949], [72.32148379503136, 34.1760282779882], [72.32148582775957, 34.17607033228237], [72.32156085746506, 34.176067824165976], [72.32155734873754, 34.17599697978661], [72.32139404288493, 34.17600242783311]]]]}, "properties": {"id": "Pakistan_123102310_159319", "height": 2.683587551116943, "hmax": 0.0, "ratio": 0.0, "vulnClass": "none"}}, {"type": "Feature", "geometry": {"type": "MultiPolygon", "coordinates": [[[[72.32184795316329, 34.17595852212614], [72.32184475732458, 34.175874342381], [72.32167595506682, 34.17587867912373], [72.3216775886616, 34.17592306860051], [72.32176063351658, 34.175920915712574], [72.32176219278313, 34.17596079606592], [72.32184795316329, 34.17595852212614]]]]}, "properties": {"id": "Pakistan_123102310_234823", "height": 2.820523023605347, "hmax": 0.0, "ratio": 0.0, "vulnClass": "none"}}, {"type": "Feature", "geometry": {"type": "MultiPolygon", "coordinates": [[[[72.32176734215439, 34.176285087914174], [72.32176490087926, 34.17623193625011], [72.3217033401094, 34.17623383715535], [72.32170578134576, 34.176286988818795], [72.32176734215439, 34.176285087914174]]]]}, "properties": {"id": "Pakistan_123102310_917384", "height": 2.625035285949707, "hmax": 0.0, "ratio": 0.0, "vulnClass": "none"}}, {"type": "Feature", "geometry": {"type": "MultiPolygon", "coordinates": [[[[72.32176368529352, 34.176098848308044], [72.32177048837102, 34.17628506647708], [72.3218803434382, 34.17628232709481], [72.3218735401184, 34.17609610892034], [72.32176368529352, 34.176098848308044]]]]}, "properties": {"id": "Pakistan_123102310_149811", "height": 3.347796201705933, "hmax": 0.0, "ratio": 0.0, "vulnClass": "none"}}, {"type": "Feature", "geometry": {"type": "MultiPolygon", "coordinates": [[[[72.32166472941284, 34.17628861642242], [72.32166268789838, 34.17624340668834], [72.32158766088409, 34.17624582477201], [72.32158366938965, 34.176159373901555], [72.32166401607229, 34.17615680155362], [72.32165983604298, 34.17606601936534], [72.32148568233698, 34.1760715010559], [72.32148756664694, 34.17611138850836], [72.32139386503442, 34.176114390232144], [72.32139212918507, 34.17607666962188], [72.3213412080126, 34.176078261846556], [72.32135138027276, 34.176298540153326], [72.32166472941284, 34.17628861642242]]]]}, "properties": {"id": "Pakistan_123102310_64557", "height": 3.421035051345825, "hmax": 0.0, "ratio": 0.0, "vulnClass": "none"}}, {"type": "Feature", "geometry": {"type": "MultiPolygon", "coordinates": [[[[72.32134654550495, 34.176300507995734], [72.32134499526816, 34.17626720878968], [72.32129950212503, 34.17626864911006], [72.32130105519262, 34.17630185822806], [72.32134654550495, 34.176300507995734]]]]}, "properties": {"id": "Pakistan_123102310_452674", "height": 2.936378002166748, "hmax": 0.0, "ratio": 0.0, "vulnClass": "none"}}, {"type": "Feature", "geometry": {"type": "MultiPolygon", "coordinates": [[[[72.3217359155816, 34.17631505255588], [72.32167696755401, 34.17631664990892], [72.32168342723135, 34.17648284727533], [72.3217423725267, 34.17648134001252], [72.3217359155816, 34.17631505255588]]]]}, "properties": {"id": "Pakistan_123102310_471790", "height": 3.281878232955933, "hmax": 0.0, "ratio": 0.0, "vulnClass": "none"}}, {"type": "Feature", "geometry": {"type": "MultiPolygon", "coordinates": [[[[72.322019020275, 34.17647268727214], [72.32201729018225, 34.17644163789081], [72.32192237879111, 34.176445154491326], [72.32191644329497, 34.17633441082116], [72.32181599263639, 34.17633816697183], [72.32182355247751, 34.17647986756622], [72.322019020275, 34.17647268727214]]]]}, "properties": {"id": "Pakistan_123102310_476610", "height": 3.455318450927734, "hmax": 0.0, "ratio": 0.0, "vulnClass": "none"}}, {"type": "Feature", "geometry": {"type": "MultiPolygon", "coordinates": [[[[72.3222689830064, 34.17683811463523], [72.32226630043795, 34.17675827330682], [72.32232524023892, 34.176756945947915], [72.32232256918525, 34.17668016997022], [72.3221537766884, 34.176684146944275], [72.32215697332866, 34.17677860379878], [72.32202715057248, 34.17678162856234], [72.32202920165669, 34.17684369655066], [72.3222689830064, 34.17683811463523]]]]}, "properties": {"id": "Pakistan_123102310_329914", "height": 3.557942390441895, "hmax": 0.0, "ratio": 0.0, "vulnClass": "none"}}, {"type": "Feature", "geometry": {"type": "MultiPolygon", "coordinates": [[[[72.32142149294839, 34.17664363320801], [72.32142135336409, 34.17664804750815], [72.3212456321325, 34.17664475003866], [72.3212430915008, 34.17673881111496], [72.32132883855522, 34.17674041371778], [72.32133023417065, 34.176689419315665], [72.32139343269239, 34.17669061947976], [72.32139206830867, 34.1767371972168], [72.32149396586408, 34.17673915247931], [72.32149550380933, 34.1766836536824], [72.32162688692024, 34.17668616270862], [72.32162590150897, 34.1767207587807], [72.32167142923252, 34.17672166300006], [72.321670358539, 34.17676238740924], [72.32180434321313, 34.176764953068336], [72.3218069631347, 34.17667179519629], [72.32175070172673, 34.176670746753565], [72.32175125129393, 34.176649934108525], [72.32142149294839, 34.17664363320801]]]]}, "properties": {"id": "Pakistan_123102310_334607", "height": 2.665372848510742, "hmax": 0.0, "ratio": 0.0, "vulnClass": "none"}}, {"type": "Feature", "geometry": {"type": "MultiPolygon", "coordinates": [[[[72.32125629763169, 34.176794541827334], [72.3212587197264, 34.1768757297129], [72.32150802828069, 34.17687071800609], [72.32150743701327, 34.176851683445584], [72.32181839518879, 34.1768454032996], [72.32181714953413, 34.176802464699875], [72.3216470731957, 34.176805872029455], [72.32164618474647, 34.176775652379725], [72.32150942773461, 34.176778434992336], [72.32150973056359, 34.17678943990453], [72.32125629763169, 34.176794541827334]]]]}, "properties": {"id": "Pakistan_123102310_130637", "height": 2.663355350494385, "hmax": 0.0, "ratio": 0.0, "vulnClass": "none"}}, {"type": "Feature", "geometry": {"type": "MultiPolygon", "coordinates": [[[[72.32125820367479, 34.176881758488406], [72.32126141856823, 34.17695845619255], [72.32130962190338, 34.17695707509693], [72.3213080372251, 34.17691800554256], [72.32150769061398, 34.17691226977173], [72.32150616865877, 34.176874643987084], [72.32125820367479, 34.176881758488406]]]]}, "properties": {"id": "Pakistan_123102310_604268", "height": 2.504273414611816, "hmax": 0.0, "ratio": 0.0, "vulnClass": "none"}}, {"type": "Feature", "geometry": {"type": "MultiPolygon", "coordinates": [[[[72.32135865607913, 34.17711464653615], [72.3212648677537, 34.17711692503828], [72.32126796326577, 34.17720425782904], [72.3213617516882, 34.17720197932916], [72.32135865607913, 34.17711464653615]]]]}, "properties": {"id": "Pakistan_123102310_72548", "height": 2.741755962371826, "hmax": 0.0, "ratio": 0.0, "vulnClass": "none"}}, {"type": "Feature", "geometry": {"type": "MultiPolygon", "coordinates": [[[[72.32138442565758, 34.177198417856], [72.32138963885994, 34.17731139949552], [72.32128247235921, 34.17731482818139], [72.32128528448497, 34.177376822638635], [72.32161741816215, 34.177366407963426], [72.32161098549908, 34.17722680544785], [72.32151456996834, 34.177229838106214], [72.32151297964718, 34.17719437442913], [72.32138442565758, 34.177198417856]]]]}, "properties": {"id": "Pakistan_123102310_325202", "height": 3.388927698135376, "hmax": 0.0, "ratio": 0.0, "vulnClass": "none"}}, {"type": "Feature", "geometry": {"type": "MultiPolygon", "coordinates": [[[[72.32138097314285, 34.17724242577866], [72.32137977927644, 34.17720471701189], [72.3212698231782, 34.177207183256414], [72.32127112538869, 34.17724489438968], [72.32138097314285, 34.17724242577866]]]]}, "properties": {"id": "Pakistan_123102310_148904", "height": 2.649937152862549, "hmax": 0.0, "ratio": 0.0, "vulnClass": "none"}}, {"type": "Feature", "geometry": {"type": "MultiPolygon", "coordinates": [[[[72.3205604350436, 34.17752974749405], [72.3204130599971, 34.177532116543354], [72.320417132655, 34.17770511312552], [72.32054312879362, 34.177703088295175], [72.3205398470309, 34.17756337432209], [72.32060952117368, 34.17756219220279], [72.32060861283456, 34.17752232607863], [72.32073460870973, 34.177520301038214], [72.32073272637335, 34.17744264080254], [72.3205585469558, 34.17744541603805], [72.3205604350436, 34.17752974749405]]]]}, "properties": {"id": "Pakistan_123102310_780178", "height": 2.706487655639648, "hmax": 0.0, "ratio": 0.0, "vulnClass": "none"}}, {"type": "Feature", "geometry": {"type": "MultiPolygon", "coordinates": [[[[72.32078940128198, 34.177680973437], [72.32056891182638, 34.17769039961713], [72.32057185703903, 34.1777378828415], [72.32079234946815, 34.177728366574314], [72.32078940128198, 34.177680973437]]]]}, "properties": {"id": "Pakistan_123102310_519261", "height": 3.356580257415771, "hmax": 0.0, "ratio": 0.0, "vulnClass": "none"}}, {"type": "Feature", "geometry": {"type": "MultiPolygon", "coordinates": [[[[72.32095043263766, 34.17763436821182], [72.32093830958303, 34.177551255549226], [72.32086431703162, 34.177558654006106], [72.32086752965809, 34.17758054048347], [72.32072738017067, 34.17759451681403], [72.32073629042492, 34.17765574300842], [72.32095043263766, 34.17763436821182]]]]}, "properties": {"id": "Pakistan_123102310_879404", "height": 2.932332992553711, "hmax": 0.0, "ratio": 0.0, "vulnClass": "none"}}, {"type": "Feature", "geometry": {"type": "MultiPolygon", "coordinates": [[[[72.32096187804007, 34.17759143642877], [72.32096550330591, 34.17766543859419], [72.32120645062341, 34.17765736009692], [72.32120323619274, 34.17759093950479], [72.32114970411489, 34.17759274504099], [72.32114601302851, 34.17751738918897], [72.32104003575083, 34.17752093378435], [72.32104331571044, 34.17758870805896], [72.32096187804007, 34.17759143642877]]]]}, "properties": {"id": "Pakistan_123102310_25882", "height": 3.22337007522583, "hmax": 0.0, "ratio": 0.0, "vulnClass": "none"}}, {"type": "Feature", "geometry": {"type": "MultiPolygon", "coordinates": [[[[72.32095055291468, 34.17764771303308], [72.32083755611708, 34.17766742123492], [72.32084701615247, 34.177704409097146], [72.32096001299843, 34.17768470088892], [72.32095055291468, 34.17764771303308]]]]}, "properties": {"id": "Pakistan_123102310_148896", "height": 2.477871179580688, "hmax": 0.0, "ratio": 0.0, "vulnClass": "none"}}, {"type": "Feature", "geometry": {"type": "MultiPolygon", "coordinates": [[[[72.32128790192913, 34.17763705262027], [72.32128387536093, 34.17759288132972], [72.32120768914287, 34.17759761772618], [72.32121171852015, 34.177641698929605], [72.32128790192913, 34.17763705262027]]]]}, "properties": {"id": "Pakistan_123102310_580705", "height": 3.22337007522583, "hmax": 0.0, "ratio": 0.0, "vulnClass": "none"}}, {"type": "Feature", "geometry": {"type": "MultiPolygon", "coordinates": [[[[72.32122738523702, 34.1775201584125], [72.3211523713396, 34.17752212573621], [72.32115474694278, 34.17758420080655], [72.32122986928903, 34.17758223585183], [72.32122738523702, 34.1775201584125]]]]}, "properties": {"id": "Pakistan_123102310_329908", "height": 3.419760465621948, "hmax": 0.0, "ratio": 0.0, "vulnClass": "none"}}, {"type": "Feature", "geometry": {"type": "MultiPolygon", "coordinates": [[[[72.32151171260622, 34.17745055298489], [72.3217566466401, 34.177433004567824], [72.32176641193625, 34.17752553142471], [72.32182229145066, 34.177521523135226], [72.32181263448675, 34.177428998647166], [72.32176621090174, 34.177432402103925], [72.32176021244476, 34.17737511600792], [72.32152701925098, 34.177391839082695], [72.32152485620688, 34.1773710573428], [72.32127198398014, 34.17738924324552], [72.3212757249733, 34.17742529480193], [72.32145564597164, 34.177412457008856], [72.32147056170218, 34.1775547690154], [72.32152231088897, 34.177551031246246], [72.32151171260622, 34.17745055298489]]]]}, "properties": {"id": "Pakistan_123102310_344070", "height": 3.340892314910889, "hmax": 0.0, "ratio": 0.0, "vulnClass": "none"}}, {"type": "Feature", "geometry": {"type": "MultiPolygon", "coordinates": [[[[72.32131931556859, 34.177480607427974], [72.32131621826028, 34.17742077034138], [72.32120111611079, 34.177424746806366], [72.32120410494397, 34.17748458152414], [72.32131931556859, 34.177480607427974]]]]}, "properties": {"id": "Pakistan_123102310_514440", "height": 2.934809684753418, "hmax": 0.0, "ratio": 0.0, "vulnClass": "none"}}, {"type": "Feature", "geometry": {"type": "MultiPolygon", "coordinates": [[[[72.3211968602015, 34.17749758515869], [72.32119447303745, 34.17743244473639], [72.32085687374892, 34.177440755545724], [72.32085925780314, 34.177505986049916], [72.3211968602015, 34.17749758515869]]]]}, "properties": {"id": "Pakistan_123102310_495413", "height": 3.259810209274292, "hmax": 0.0, "ratio": 0.0, "vulnClass": "none"}}, {"type": "Feature", "geometry": {"type": "MultiPolygon", "coordinates": [[[[72.32091344767055, 34.177311905149324], [72.32091494376337, 34.177432648629434], [72.32114441806692, 34.17743063008131], [72.32114371719197, 34.17737733614138], [72.32123496432415, 34.17737653477796], [72.32123453252892, 34.17734902960548], [72.32109511320884, 34.1773502210244], [72.32109585406944, 34.17740567943662], [72.32104876575494, 34.177406093150545], [72.32104755279694, 34.177310687991806], [72.32091344767055, 34.177311905149324]]]]}, "properties": {"id": "Pakistan_123102310_16298", "height": 2.773268222808838, "hmax": 0.0, "ratio": 0.0, "vulnClass": "none"}}, {"type": "Feature", "geometry": {"type": "MultiPolygon", "coordinates": [[[[72.32182779774982, 34.177793355432435], [72.3218604444085, 34.17792036854589], [72.32189023143245, 34.177952571571396], [72.32190326960207, 34.178003340304116], [72.32195595440808, 34.17799403349276], [72.32190625717466, 34.1780254922952], [72.32191737812495, 34.17806828595771], [72.32213280688194, 34.178030259461806], [72.32212314655109, 34.177992726411354], [72.32208968809294, 34.17795656681502], [72.32207529463948, 34.17790062995363], [72.32195727453428, 34.177921401438496], [72.32192781451936, 34.1778068084878], [72.32199293301245, 34.17779533914629], [72.32204041947467, 34.17776518427424], [72.32203046820335, 34.177726563063636], [72.32182518634072, 34.17776273755684], [72.32180934377912, 34.17770117972111], [72.32189922140496, 34.177685383064166], [72.32189265098899, 34.177659907426374], [72.32153597289917, 34.177722704752505], [72.3215464117869, 34.17776304949758], [72.32178888961009, 34.17772029554685], [72.32175380241289, 34.17774251747757], [72.3217675434168, 34.17775733173238], [72.32155287969768, 34.17779519401013], [72.32154989039154, 34.177797112016826], [72.32149589925233, 34.17780657042186], [72.32152120479628, 34.17790502602368], [72.32157508760295, 34.177895565242935], [72.32156088850017, 34.177840353774336], [72.32182779774982, 34.177793355432435]]]]}, "properties": {"id": "Pakistan_123102310_178071", "height": 3.106592893600464, "hmax": 0.0, "ratio": 0.0, "vulnClass": "none"}}, {"type": "Feature", "geometry": {"type": "MultiPolygon", "coordinates": [[[[72.32156640117753, 34.17767973678196], [72.3215345335524, 34.17768246642655], [72.32153921032568, 34.17771980051585], [72.32157107796489, 34.177717070870735], [72.32156640117753, 34.17767973678196]]]]}, "properties": {"id": "Pakistan_123102310_381860", "height": 2.481964588165283, "hmax": 0.0, "ratio": 0.0, "vulnClass": "none"}}, {"type": "Feature", "geometry": {"type": "MultiPolygon", "coordinates": [[[[72.32183723979581, 34.17718252506253], [72.3217178535067, 34.177184785759195], [72.32171872788763, 34.177218881549585], [72.32167998024315, 34.17721965797361], [72.3216818487601, 34.17728749156937], [72.32173405144565, 34.17728655826035], [72.3217349914987, 34.17732200773441], [72.32184102566316, 34.17732008647196], [72.32183723979581, 34.17718252506253]]]]}, "properties": {"id": "Pakistan_123102310_159323", "height": 2.706915616989136, "hmax": 0.0, "ratio": 0.0, "vulnClass": "none"}}, {"type": "Feature", "geometry": {"type": "MultiPolygon", "coordinates": [[[[72.32157337523402, 34.17707840846431], [72.32152654375774, 34.177077565876935], [72.321525228145, 34.17712946352885], [72.32157206249848, 34.17713021603032], [72.32157337523402, 34.17707840846431]]]]}, "properties": {"id": "Pakistan_123102310_348830", "height": 2.559226036071777, "hmax": 0.0, "ratio": 0.0, "vulnClass": "none"}}, {"type": "Feature", "geometry": {"type": "MultiPolygon", "coordinates": [[[[72.32141220810158, 34.176981853420955], [72.32140767211385, 34.17703611477718], [72.32151832721654, 34.177042408218625], [72.32152286598283, 34.176988056767236], [72.32141220810158, 34.176981853420955]]]]}, "properties": {"id": "Pakistan_123102310_761341", "height": 2.560642242431641, "hmax": 0.0, "ratio": 0.0, "vulnClass": "none"}}, {"type": "Feature", "geometry": {"type": "MultiPolygon", "coordinates": [[[[72.32183139779946, 34.17717861117633], [72.32183253721497, 34.176898990799025], [72.32180422960401, 34.176898913471184], [72.32180423719954, 34.1768780889897], [72.32164751565534, 34.17687764108118], [72.32164688382039, 34.17703827455187], [72.32172464715369, 34.17703853056211], [72.32172413430482, 34.17717825183629], [72.32183139779946, 34.17717861117633]]]]}, "properties": {"id": "Pakistan_123102310_528537", "height": 3.497216701507568, "hmax": 0.0, "ratio": 0.0, "vulnClass": "none"}}, {"type": "Feature", "geometry": {"type": "MultiPolygon", "coordinates": [[[[72.3220125086232, 34.17700803604765], [72.32201443424846, 34.17695398810361], [72.32195666653617, 34.17695254625604], [72.32195241060784, 34.17707000890139], [72.32204767954444, 34.177072359853355], [72.32205000973971, 34.17700894514422], [72.3220125086232, 34.17700803604765]]]]}, "properties": {"id": "Pakistan_123102310_618572", "height": 2.509552478790283, "hmax": 0.0, "ratio": 0.0, "vulnClass": "none"}}, {"type": "Feature", "geometry": {"type": "MultiPolygon", "coordinates": [[[[72.32227581687809, 34.17699251051102], [72.32227021305671, 34.17685067234478], [72.32215231623863, 34.17685386750172], [72.32215791986191, 34.17699570566391], [72.32227581687809, 34.17699251051102]]]]}, "properties": {"id": "Pakistan_123102310_500035", "height": 3.305468082427979, "hmax": 0.0, "ratio": 0.0, "vulnClass": "none"}}, {"type": "Feature", "geometry": {"type": "MultiPolygon", "coordinates": [[[[72.32215324085617, 34.17686236179236], [72.32207568607558, 34.176865806762756], [72.32207715617453, 34.17688792561513], [72.32215471097547, 34.17688448064476], [72.32215324085617, 34.17686236179236]]]]}, "properties": {"id": "Pakistan_123102310_101290", "height": 3.305468082427979, "hmax": 0.0, "ratio": 0.0, "vulnClass": "none"}}, {"type": "Feature", "geometry": {"type": "MultiPolygon", "coordinates": [[[[72.32258418523132, 34.17692748422354], [72.32232675549923, 34.17693205034087], [72.32232825041692, 34.17699113123449], [72.32258568032906, 34.176986565122576], [72.32258418523132, 34.17692748422354]]]]}, "properties": {"id": "Pakistan_123102310_262254", "height": 2.716051340103149, "hmax": 0.0, "ratio": 0.0, "vulnClass": "none"}}, {"type": "Feature", "geometry": {"type": "MultiPolygon", "coordinates": [[[[72.32266832346467, 34.177024609778954], [72.32265013671875, 34.17693081730027], [72.32260035912499, 34.176937393254356], [72.3226186542092, 34.17703118810435], [72.32266832346467, 34.177024609778954]]]]}, "properties": {"id": "Pakistan_123102310_604291", "height": 3.002441167831421, "hmax": 0.0, "ratio": 0.0, "vulnClass": "none"}}, {"type": "Feature", "geometry": {"type": "MultiPolygon", "coordinates": [[[[72.32290006197225, 34.17678617384406], [72.32282496592687, 34.176787329067615], [72.32282674181904, 34.17686498700262], [72.32290183793344, 34.17686383178127], [72.32290006197225, 34.17678617384406]]]]}, "properties": {"id": "Pakistan_123102310_325215", "height": 3.567143440246582, "hmax": 0.0, "ratio": 0.0, "vulnClass": "none"}}, {"type": "Feature", "geometry": {"type": "MultiPolygon", "coordinates": [[[[72.32276497576973, 34.1768768004508], [72.3227818027508, 34.177082259096935], [72.32285123963673, 34.1770782758598], [72.32285563835524, 34.17713128994795], [72.32291312071149, 34.17712803734418], [72.32291766507771, 34.17718330836082], [72.32299774736207, 34.17717883623885], [72.32299001152079, 34.1770838295454], [72.32299794414944, 34.17708337166523], [72.32299357096517, 34.177029546786905], [72.32317514276187, 34.17701935682407], [72.32316862858039, 34.176940603806884], [72.32304312438295, 34.176947690512016], [72.32304712075721, 34.176996278462994], [72.32293085265994, 34.17700284547065], [72.32291981711526, 34.1768681007302], [72.32276497576973, 34.1768768004508]]]]}, "properties": {"id": "Pakistan_123102310_272605", "height": 4.385745525360107, "hmax": 0.0, "ratio": 0.0, "vulnClass": "none"}}, {"type": "Feature", "geometry": {"type": "MultiPolygon", "coordinates": [[[[72.32336314490793, 34.177334297796996], [72.32333113203978, 34.1772043239061], [72.3233001632985, 34.17720950768774], [72.32328756933033, 34.177158388176196], [72.32321810434324, 34.17717012394842], [72.32326271098697, 34.17735121737491], [72.32336314490793, 34.177334297796996]]]]}, "properties": {"id": "Pakistan_123102310_874661", "height": 2.822051286697388, "hmax": 0.0, "ratio": 0.0, "vulnClass": "none"}}, {"type": "Feature", "geometry": {"type": "MultiPolygon", "coordinates": [[[[72.32343899892413, 34.1773572288568], [72.3234299801072, 34.1773234060466], [72.3232662281905, 34.177353187298756], [72.32327524409675, 34.177387100205806], [72.32343899892413, 34.1773572288568]]]]}, "properties": {"id": "Pakistan_123102310_448033", "height": 2.869621753692627, "hmax": 0.0, "ratio": 0.0, "vulnClass": "none"}}, {"type": "Feature", "geometry": {"type": "MultiPolygon", "coordinates": [[[[72.32338973879068, 34.17738518197745], [72.32328648899266, 34.17739509855953], [72.32329419410203, 34.17744989765882], [72.32339744396688, 34.17743998107345], [72.32338973879068, 34.17738518197745]]]]}, "properties": {"id": "Pakistan_123102310_206639", "height": 2.809521913528442, "hmax": 0.0, "ratio": 0.0, "vulnClass": "none"}}, {"type": "Feature", "geometry": {"type": "MultiPolygon", "coordinates": [[[[72.32340340583819, 34.177443536903425], [72.3232780530719, 34.17746640338965], [72.3233040451635, 34.17756379186317], [72.32346267451032, 34.17753480026444], [72.32345026041283, 34.17748828234529], [72.3234169868376, 34.17749431734766], [72.32340340583819, 34.177443536903425]]]]}, "properties": {"id": "Pakistan_123102310_381883", "height": 2.439170122146606, "hmax": 0.0, "ratio": 0.0, "vulnClass": "none"}}, {"type": "Feature", "geometry": {"type": "MultiPolygon", "coordinates": [[[[72.3239699777463, 34.17787140360262], [72.32396489723394, 34.17774724628289], [72.32409767379903, 34.1777434726053], [72.32409607076596, 34.17770494355733], [72.32385613859093, 34.177711787802025], [72.32386282186921, 34.1778744741646], [72.3239699777463, 34.17787140360262]]]]}, "properties": {"id": "Pakistan_123102310_452711", "height": 3.708333253860474, "hmax": 0.0, "ratio": 0.0, "vulnClass": "none"}}, {"type": "Feature", "geometry": {"type": "MultiPolygon", "coordinates": [[[[72.3228915276462, 34.17664436185104], [72.32284204084462, 34.17664517465546], [72.32284291019482, 34.176682876342575], [72.32289239701852, 34.17668206353886], [72.3228915276462, 34.17664436185104]]]]}, "properties": {"id": "Pakistan_123102310_64585", "height": 2.924695253372192, "hmax": 0.0, "ratio": 0.0, "vulnClass": "none"}}, {"type": "Feature", "geometry": {"type": "MultiPolygon", "coordinates": [[[[72.3224666521991, 34.17664464164865], [72.32246781820564, 34.17658030000045], [72.32240612581664, 34.176579493879075], [72.3224049597633, 34.17664383552446], [72.3224666521991, 34.17664464164865]]]]}, "properties": {"id": "Pakistan_123102310_931458", "height": 2.922670364379883, "hmax": 0.0, "ratio": 0.0, "vulnClass": "none"}}, {"type": "Feature", "geometry": {"type": "MultiPolygon", "coordinates": [[[[72.32240101631477, 34.176511228907664], [72.32240393482014, 34.176573315838645], [72.3225191356802, 34.176569610815804], [72.32251621709007, 34.17650752388352], [72.32240101631477, 34.176511228907664]]]]}, "properties": {"id": "Pakistan_123102310_485978", "height": 3.386682033538818, "hmax": 0.0, "ratio": 0.0, "vulnClass": "none"}}, {"type": "Feature", "geometry": {"type": "MultiPolygon", "coordinates": [[[[72.32250302701661, 34.17649930269213], [72.32250514901554, 34.17633951305035], [72.32261510421765, 34.17634047134663], [72.32261456152682, 34.17637823235514], [72.32266021457829, 34.176378598038326], [72.3226610151871, 34.176312084804216], [72.32240629960393, 34.176309768843296], [72.3224038081535, 34.1764983984154], [72.32250302701661, 34.17649930269213]]]]}, "properties": {"id": "Pakistan_123102310_296652", "height": 3.244606494903564, "hmax": 0.0, "ratio": 0.0, "vulnClass": "none"}}, {"type": "Feature", "geometry": {"type": "MultiPolygon", "coordinates": [[[[72.32497141306865, 34.17676727881022], [72.32496865086883, 34.17672079126652], [72.32482420103423, 34.176726745331685], [72.32482696315446, 34.17677323287483], [72.32497141306865, 34.17676727881022]]]]}, "properties": {"id": "Pakistan_123102310_770738", "height": 2.941806316375732, "hmax": 0.0, "ratio": 0.0, "vulnClass": "none"}}, {"type": "Feature", "geometry": {"type": "MultiPolygon", "coordinates": [[[[72.32506971738923, 34.17744978578317], [72.32506436733593, 34.17739593963845], [72.32486990472665, 34.17740900643129], [72.32484980377248, 34.17720401742821], [72.32479382465922, 34.17720775448664], [72.3248191669772, 34.177466587275774], [72.32506971738923, 34.17744978578317]]]]}, "properties": {"id": "Pakistan_123102310_168887", "height": 2.454404354095459, "hmax": 0.0, "ratio": 0.0, "vulnClass": "none"}}, {"type": "Feature", "geometry": {"type": "MultiPolygon", "coordinates": [[[[72.32478794991376, 34.17697819440414], [72.32479101286116, 34.1771113227244], [72.32484190908436, 34.17711053988478], [72.32483895444994, 34.176977413926586], [72.32478794991376, 34.17697819440414]]]]}, "properties": {"id": "Pakistan_123102310_177374", "height": 2.449148178100586, "hmax": 0.0, "ratio": 0.0, "vulnClass": "none"}}, {"type": "Feature", "geometry": {"type": "MultiPolygon", "coordinates": [[[[72.32441513349161, 34.17725331217653], [72.32456507814652, 34.17724856030148], [72.32456748106503, 34.17729954751034], [72.3247549925748, 34.177293631704615], [72.32475254943388, 34.177240480017474], [72.32468555968238, 34.17724253441856], [72.3246845224737, 34.17722042502498], [72.32456128818319, 34.177224317398604], [72.32455932506964, 34.17718001088914], [72.32441198766921, 34.17718463934665], [72.32441513349161, 34.17725331217653]]]]}, "properties": {"id": "Pakistan_123102310_486002", "height": 2.570794582366943, "hmax": 0.0, "ratio": 0.0, "vulnClass": "none"}}, {"type": "Feature", "geometry": {"type": "MultiPolygon", "coordinates": [[[[72.3247790310852, 34.177480406153165], [72.32477679202727, 34.17737614383325], [72.3246894326936, 34.17737748340684], [72.32468988782688, 34.17739741649981], [72.32458950985013, 34.177398832582], [72.32459129356681, 34.17748316180214], [72.3247790310852, 34.177480406153165]]]]}, "properties": {"id": "Pakistan_123102310_775536", "height": 3.270133018493652, "hmax": 0.0, "ratio": 0.0, "vulnClass": "none"}}, {"type": "Feature", "geometry": {"type": "MultiPolygon", "coordinates": [[[[72.32468692169071, 34.177295572369545], [72.32468946409995, 34.177342145267744], [72.3247575549379, 34.177339573987226], [72.3247550096459, 34.17729309117665], [72.32468692169071, 34.177295572369545]]]]}, "properties": {"id": "Pakistan_123102310_72646", "height": 2.842795610427856, "hmax": 0.0, "ratio": 0.0, "vulnClass": "none"}}, {"type": "Feature", "geometry": {"type": "MultiPolygon", "coordinates": [[[[72.32326909504226, 34.17978874252591], [72.32326599080858, 34.17968446136957], [72.32318556082086, 34.179686131365344], [72.3231848119894, 34.179661774520426], [72.32319013195709, 34.17966162020151], [72.32318859707199, 34.17961065194904], [72.32307875187522, 34.17961294186066], [72.32308114999047, 34.17969494055428], [72.3230302437036, 34.179695992851215], [72.3230332331549, 34.179793600401034], [72.32326909504226, 34.17978874252591]]]]}, "properties": {"id": "Pakistan_123102310_244223", "height": 2.576497077941895, "hmax": 0.0, "ratio": 0.0, "vulnClass": "none"}}, {"type": "Feature", "geometry": {"type": "MultiPolygon", "coordinates": [[[[72.32251599639456, 34.17946218516512], [72.32251811290752, 34.1795153297157], [72.32278344047765, 34.179508231328875], [72.32278132664516, 34.17945499668712], [72.32251599639456, 34.17946218516512]]]]}, "properties": {"id": "Pakistan_123102310_74067", "height": 2.452625036239624, "hmax": 0.0, "ratio": 0.0, "vulnClass": "none"}}, {"type": "Feature", "geometry": {"type": "MultiPolygon", "coordinates": [[[[72.32264136491702, 34.17951441482529], [72.32264418865428, 34.17956234611782], [72.32271543614972, 34.17955948434338], [72.32271261237197, 34.17951155305058], [72.32264136491702, 34.17951441482529]]]]}, "properties": {"id": "Pakistan_123102310_467013", "height": 2.899672746658325, "hmax": 0.0, "ratio": 0.0, "vulnClass": "none"}}, {"type": "Feature", "geometry": {"type": "MultiPolygon", "coordinates": [[[[72.32283700482134, 34.17939905717799], [72.32305678595586, 34.17939502055691], [72.3230588098613, 34.17946826653408], [72.32292205697279, 34.17947078025445], [72.32292449824047, 34.17956170473956], [72.32317380346342, 34.17955705036766], [72.32317008390714, 34.17941732682827], [72.32322098433433, 34.17941645464085], [72.32321948338077, 34.17936097962757], [72.32332779932209, 34.179359016800404], [72.323326898707, 34.17932573179103], [72.32336076097515, 34.17932511868322], [72.32335979465377, 34.179290479989334], [72.32300055125762, 34.1792969718331], [72.32300132891243, 34.17932727920762], [72.32290212967803, 34.179329080178455], [72.32290205240723, 34.17932466114198], [72.3228349782582, 34.179325901293424], [72.32283700482134, 34.17939905717799]]]]}, "properties": {"id": "Pakistan_123102310_651674", "height": 2.980746269226074, "hmax": 0.0, "ratio": 0.0, "vulnClass": "none"}}, {"type": "Feature", "geometry": {"type": "MultiPolygon", "coordinates": [[[[72.3230538947709, 34.17888588040951], [72.3229540519721, 34.17889776418639], [72.32296039235266, 34.17893396260154], [72.32306023519398, 34.17892207882153], [72.3230538947709, 34.17888588040951]]]]}, "properties": {"id": "Pakistan_123102310_93081", "height": 3.008589029312134, "hmax": 0.0, "ratio": 0.0, "vulnClass": "none"}}, {"type": "Feature", "geometry": {"type": "MultiPolygon", "coordinates": [[[[72.32335701853341, 34.179189541538406], [72.32330076677358, 34.179188133375995], [72.3232975033318, 34.179277671243234], [72.32335375515089, 34.17927907940995], [72.32335701853341, 34.179189541538406]]]]}, "properties": {"id": "Pakistan_123102310_467027", "height": 2.651538372039795, "hmax": 0.0, "ratio": 0.0, "vulnClass": "none"}}, {"type": "Feature", "geometry": {"type": "MultiPolygon", "coordinates": [[[[72.32307894594605, 34.179037067926785], [72.32307021937618, 34.178928787576766], [72.32295710632023, 34.178934972664344], [72.32295406051391, 34.178897493922875], [72.32306728476222, 34.17889122111413], [72.32306853222713, 34.178906663996315], [72.32316621607401, 34.178901313947854], [72.32316200831184, 34.17884911539397], [72.32308301409071, 34.178853431034526], [72.32307080197702, 34.17870099124235], [72.32304407126932, 34.17870248115965], [72.32305022295506, 34.178778972502904], [72.32300904147938, 34.178781228748804], [72.32301153354042, 34.17881220460151], [72.32284170159372, 34.17882147857342], [72.32283671475, 34.17875961695477], [72.32277162652721, 34.17876324433932], [72.32279480228522, 34.17905268104538], [72.32307894594605, 34.179037067926785]]]]}, "properties": {"id": "Pakistan_123102310_396096", "height": 3.149052381515503, "hmax": 0.0, "ratio": 0.0, "vulnClass": "none"}}, {"type": "Feature", "geometry": {"type": "MultiPolygon", "coordinates": [[[[72.32162956996254, 34.17783283889942], [72.32163274875963, 34.177859232121016], [72.32168321164541, 34.177855015444], [72.32168811682185, 34.17789541961638], [72.32157653419638, 34.17790470198635], [72.32158101984326, 34.17794122054948], [72.32175100385118, 34.17792708350719], [72.321738431247, 34.17782385764274], [72.32162956996254, 34.17783283889942]]]]}, "properties": {"id": "Pakistan_123102310_921976", "height": 2.675974369049072, "hmax": 0.0, "ratio": 0.0, "vulnClass": "none"}}, {"type": "Feature", "geometry": {"type": "MultiPolygon", "coordinates": [[[[72.32131747905294, 34.177778783401465], [72.32132416136052, 34.17782472555174], [72.32136909899012, 34.177820298160654], [72.32138362494486, 34.17792005087089], [72.3214724163585, 34.177911172356765], [72.32145682316909, 34.17780400404544], [72.321546701244, 34.17779505905977], [72.32154108595311, 34.17775653252204], [72.32131747905294, 34.177778783401465]]]]}, "properties": {"id": "Pakistan_123102310_879407", "height": 2.899503707885742, "hmax": 0.0, "ratio": 0.0, "vulnClass": "none"}}, {"type": "Feature", "geometry": {"type": "MultiPolygon", "coordinates": [[[[72.32169909601129, 34.178090203054104], [72.32168846346237, 34.17799423155809], [72.32158201511386, 34.17800236396777], [72.32159265039047, 34.17809824537947], [72.32169909601129, 34.178090203054104]]]]}, "properties": {"id": "Pakistan_123102310_91724", "height": 3.158196210861206, "hmax": 0.0, "ratio": 0.0, "vulnClass": "none"}}, {"type": "Feature", "geometry": {"type": "MultiPolygon", "coordinates": [[[[72.32100426275355, 34.178226747626645], [72.32099827407534, 34.17818974546365], [72.32094025767913, 34.17819614072795], [72.32094635187711, 34.17823323534837], [72.32100426275355, 34.178226747626645]]]]}, "properties": {"id": "Pakistan_123102310_121313", "height": 2.497249126434326, "hmax": 0.0, "ratio": 0.0, "vulnClass": "none"}}, {"type": "Feature", "geometry": {"type": "MultiPolygon", "coordinates": [[[[72.32124963876231, 34.17807182140472], [72.32105307566282, 34.17810322678125], [72.32106311224062, 34.17814599682071], [72.3212595670436, 34.178114589064975], [72.32124963876231, 34.17807182140472]]]]}, "properties": {"id": "Pakistan_123102310_813206", "height": 2.907854080200195, "hmax": 0.0, "ratio": 0.0, "vulnClass": "none"}}, {"type": "Feature", "geometry": {"type": "MultiPolygon", "coordinates": [[[[72.32132739243988, 34.17794893263178], [72.32131371606478, 34.177836036580274], [72.32122083993933, 34.17784374395173], [72.32123451619039, 34.17795664000765], [72.32132739243988, 34.17794893263178]]]]}, "properties": {"id": "Pakistan_123102310_372447", "height": 3.233495712280273, "hmax": 0.0, "ratio": 0.0, "vulnClass": "none"}}, {"type": "Feature", "geometry": {"type": "MultiPolygon", "coordinates": [[[[72.32121287094215, 34.17779047154288], [72.32122535531647, 34.17784158884009], [72.32132076696162, 34.1778257332042], [72.32130828537959, 34.17777452582624], [72.32121287094215, 34.17779047154288]]]]}, "properties": {"id": "Pakistan_123102310_718575", "height": 3.186031579971313, "hmax": 0.0, "ratio": 0.0, "vulnClass": "none"}}, {"type": "Feature", "geometry": {"type": "MultiPolygon", "coordinates": [[[[72.32112735062093, 34.17808348384784], [72.32109610484574, 34.177936217431174], [72.3209852839903, 34.17795227714687], [72.32101663796898, 34.17809954595064], [72.32112735062093, 34.17808348384784]]]]}, "properties": {"id": "Pakistan_123102310_386552", "height": 3.740106821060181, "hmax": 0.0, "ratio": 0.0, "vulnClass": "none"}}, {"type": "Feature", "geometry": {"type": "MultiPolygon", "coordinates": [[[[72.32061874089383, 34.1777610841345], [72.32057712918113, 34.17776324002268], [72.32058009983298, 34.17780306105717], [72.32062171156532, 34.17780090516891], [72.32061874089383, 34.1777610841345]]]]}, "properties": {"id": "Pakistan_123102310_879399", "height": 2.805753231048584, "hmax": 0.0, "ratio": 0.0, "vulnClass": "none"}}, {"type": "Feature", "geometry": {"type": "MultiPolygon", "coordinates": [[[[72.3207983123012, 34.17784848643618], [72.32078926020601, 34.17781231883337], [72.32057572556005, 34.177848761650836], [72.32058477756574, 34.17788492926508], [72.3207983123012, 34.17784848643618]]]]}, "properties": {"id": "Pakistan_123102310_358244", "height": 2.729595422744751, "hmax": 0.0, "ratio": 0.0, "vulnClass": "none"}}, {"type": "Feature", "geometry": {"type": "MultiPolygon", "coordinates": [[[[72.32053801946905, 34.178248654250844], [72.3205908313697, 34.178468511956424], [72.32079974662841, 34.178434131827856], [72.32077463558588, 34.17832955015434], [72.32077463558588, 34.17832955015434], [72.32076237107367, 34.17827834747322], [72.32080882067052, 34.17827070793151], [72.32079243373886, 34.178202376845135], [72.32100145666932, 34.178167998704495], [72.32098142074398, 34.17808471317854], [72.32090400493577, 34.17809744585673], [72.32091426107489, 34.17814013055339], [72.32070523818885, 34.17817450854702], [72.32071607620973, 34.17821936956978], [72.32053801946905, 34.178248654250844]]]]}, "properties": {"id": "Pakistan_123102310_83465", "height": 4.751951694488525, "hmax": 0.0, "ratio": 0.0, "vulnClass": "none"}}, {"type": "Feature", "geometry": {"type": "MultiPolygon", "coordinates": [[[[72.32050601837223, 34.178471616998706], [72.32052263278715, 34.17852246399984], [72.32060511202542, 34.17850398246535], [72.32058849756304, 34.178453135473085], [72.32050601837223, 34.178471616998706]]]]}, "properties": {"id": "Pakistan_123102310_666184", "height": 3.398359537124634, "hmax": 0.0, "ratio": 0.0, "vulnClass": "none"}}, {"type": "Feature", "geometry": {"type": "MultiPolygon", "coordinates": [[[[72.32056792391752, 34.17840400496823], [72.3204859864431, 34.17841222122567], [72.32049339868774, 34.17846250655399], [72.3205753362108, 34.178454290293956], [72.32056792391752, 34.17840400496823]]]]}, "properties": {"id": "Pakistan_123102310_519258", "height": 3.659723043441772, "hmax": 0.0, "ratio": 0.0, "vulnClass": "none"}}, {"type": "Feature", "geometry": {"type": "MultiPolygon", "coordinates": [[[[72.32103694943427, 34.17822899426688], [72.32087755951073, 34.17826139174449], [72.3208900120349, 34.178303222929], [72.32104940203466, 34.17827082543891], [72.32103694943427, 34.17822899426688]]]]}, "properties": {"id": "Pakistan_123102310_225439", "height": 2.820104360580444, "hmax": 0.0, "ratio": 0.0, "vulnClass": "none"}}, {"type": "Feature", "geometry": {"type": "MultiPolygon", "coordinates": [[[[72.3205930809133, 34.1786202834523], [72.32059815351175, 34.17864852106915], [72.32068482913337, 34.17863797421994], [72.32067358831897, 34.17857498425744], [72.32062110547936, 34.17858131996803], [72.32062727364506, 34.17861607231749], [72.3205930809133, 34.1786202834523]]]]}, "properties": {"id": "Pakistan_123102310_281038", "height": 3.941976070404053, "hmax": 0.0, "ratio": 0.0, "vulnClass": "none"}}, {"type": "Feature", "geometry": {"type": "MultiPolygon", "coordinates": [[[[72.320483548828, 34.178650434236005], [72.32055780561043, 34.17886102434762], [72.32065027737646, 34.17883870438611], [72.32057602037585, 34.178628114319835], [72.320483548828, 34.178650434236005]]]]}, "properties": {"id": "Pakistan_123102310_178041", "height": 4.340699672698975, "hmax": 0.0, "ratio": 0.0, "vulnClass": "none"}}, {"type": "Feature", "geometry": {"type": "MultiPolygon", "coordinates": [[[[72.32042979522839, 34.1788100871261], [72.32040656805178, 34.178735115733055], [72.32020421859976, 34.17877793244391], [72.32022733720846, 34.1788529014981], [72.32042979522839, 34.1788100871261]]]]}, "properties": {"id": "Pakistan_123102310_457415", "height": 5.466809272766113, "hmax": 0.0, "ratio": 0.0, "vulnClass": "none"}}, {"type": "Feature", "geometry": {"type": "MultiPolygon", "coordinates": [[[[72.32026960611832, 34.17898084644423], [72.32019290846091, 34.178778857227634], [72.32018076830131, 34.17878201761948], [72.32015953288641, 34.1787263817956], [72.32004972665452, 34.178754903493356], [72.32009688150362, 34.178879259126425], [72.32002611988953, 34.17889763579321], [72.32001080100069, 34.17885727443693], [72.31997175618119, 34.17886741939666], [72.3200089037529, 34.178965232572324], [72.3201113822348, 34.178938624225694], [72.32014022009564, 34.1790145296327], [72.32026960611832, 34.17898084644423]]]]}, "properties": {"id": "Pakistan_123102310_803716", "height": 4.599776268005371, "hmax": 0.105, "ratio": 0.023, "vulnClass": "low"}}, {"type": "Feature", "geometry": {"type": "MultiPolygon", "coordinates": [[[[72.32003330191834, 34.178752921837145], [72.31992866714637, 34.178779122397415], [72.31994434545213, 34.178821835516075], [72.32004898312424, 34.178795544857216], [72.32003330191834, 34.178752921837145]]]]}, "properties": {"id": "Pakistan_123102310_855755", "height": 5.030902862548828, "hmax": 0.0, "ratio": 0.0, "vulnClass": "none"}}, {"type": "Feature", "geometry": {"type": "MultiPolygon", "coordinates": [[[[72.31974334904655, 34.17893157225705], [72.31972486089988, 34.17887825016041], [72.31986005742358, 34.178846046653874], [72.31987438072723, 34.178887017316974], [72.31993973693109, 34.17887149754756], [72.31991438511444, 34.178798553085215], [72.31963601089807, 34.17886494921682], [72.31966564147794, 34.178950067342576], [72.31974334904655, 34.17893157225705]]]]}, "properties": {"id": "Pakistan_123102310_130615", "height": 5.746189117431641, "hmax": 0.0, "ratio": 0.0, "vulnClass": "none"}}, {"type": "Feature", "geometry": {"type": "MultiPolygon", "coordinates": [[[[72.31944067309824, 34.17895695945295], [72.31939745208109, 34.17896539023778], [72.31941680171623, 34.17903261429495], [72.3194599143714, 34.179024181135446], [72.31944067309824, 34.17895695945295]]]]}, "properties": {"id": "Pakistan_123102310_325190", "height": 3.688324213027954, "hmax": 0.0, "ratio": 0.0, "vulnClass": "none"}}, {"type": "Feature", "geometry": {"type": "MultiPolygon", "coordinates": [[[[72.31957896180843, 34.17907384164799], [72.31958358116593, 34.17913695740228], [72.31963442712899, 34.179134372664905], [72.31962980773345, 34.17907125691074], [72.31957896180843, 34.17907384164799]]]]}, "properties": {"id": "Pakistan_123102310_377156", "height": 6.004122257232666, "hmax": 0.0, "ratio": 0.0, "vulnClass": "none"}}, {"type": "Feature", "geometry": {"type": "MultiPolygon", "coordinates": [[[[72.32004447489946, 34.179102587098114], [72.32002428046718, 34.17903804916211], [72.31993374513536, 34.17905743601506], [72.3199441889182, 34.179090749288434], [72.31987123630957, 34.17910637347693], [72.31986287216826, 34.1790793259951], [72.3197396842186, 34.17910566177585], [72.31976243731384, 34.17917845931962], [72.32003644548651, 34.17911981055035], [72.3200455028969, 34.17914894662099], [72.320335673053, 34.179086864092454], [72.3203057248388, 34.178991191629756], [72.32023430130488, 34.17900648885344], [72.32025055339857, 34.179058499917645], [72.32004447489946, 34.179102587098114]]]]}, "properties": {"id": "Pakistan_123102310_225417", "height": 5.774518966674805, "hmax": 0.0, "ratio": 0.0, "vulnClass": "none"}}, {"type": "Feature", "geometry": {"type": "MultiPolygon", "coordinates": [[[[72.31994855275259, 34.17932307083394], [72.31990292648884, 34.17918125947612], [72.31970259821328, 34.17922529144451], [72.3197482213042, 34.179367192948796], [72.31994855275259, 34.17932307083394]]]]}, "properties": {"id": "Pakistan_123102310_471773", "height": 3.205396175384521, "hmax": 0.0, "ratio": 0.0, "vulnClass": "none"}}, {"type": "Feature", "geometry": {"type": "MultiPolygon", "coordinates": [[[[72.31932611433652, 34.17919046761017], [72.31936491877288, 34.17930102831714], [72.31947870234077, 34.17927367600133], [72.31944000330783, 34.179163207780555], [72.31932611433652, 34.17919046761017]]]]}, "properties": {"id": "Pakistan_123102310_846273", "height": 2.919027328491211, "hmax": 0.0, "ratio": 0.0, "vulnClass": "none"}}, {"type": "Feature", "geometry": {"type": "MultiPolygon", "coordinates": [[[[72.318938383495, 34.17916486246173], [72.31888165003944, 34.179178677068265], [72.31892579677323, 34.179302065838705], [72.31898253315859, 34.17928816112803], [72.318938383495, 34.17916486246173]]]]}, "properties": {"id": "Pakistan_123102310_869941", "height": 5.375936985015869, "hmax": 0.0, "ratio": 0.0, "vulnClass": "none"}}, {"type": "Feature", "geometry": {"type": "MultiPolygon", "coordinates": [[[[72.31943964374038, 34.17915400463091], [72.31940498958805, 34.17903911732498], [72.31930301275938, 34.179060146743815], [72.31933766677795, 34.17917503407206], [72.31943964374038, 34.17915400463091]]]]}, "properties": {"id": "Pakistan_123102310_604261", "height": 3.381649494171143, "hmax": 0.0, "ratio": 0.0, "vulnClass": "none"}}, {"type": "Feature", "geometry": {"type": "MultiPolygon", "coordinates": [[[[72.31938982170378, 34.17897000138194], [72.31925964213418, 34.178984193906345], [72.31926661428909, 34.17902779857484], [72.31939679392559, 34.17901360604626], [72.31938982170378, 34.17897000138194]]]]}, "properties": {"id": "Pakistan_123102310_945573", "height": 3.712193965911865, "hmax": 0.0, "ratio": 0.0, "vulnClass": "none"}}, {"type": "Feature", "geometry": {"type": "MultiPolygon", "coordinates": [[[[72.31935144453878, 34.17881509627117], [72.31934625814955, 34.17878018503357], [72.31928912839251, 34.178785967833804], [72.31929431190704, 34.178820969160284], [72.31935144453878, 34.17881509627117]]]]}, "properties": {"id": "Pakistan_123102310_471766", "height": 2.542958736419678, "hmax": 0.0, "ratio": 0.0, "vulnClass": "none"}}, {"type": "Feature", "geometry": {"type": "MultiPolygon", "coordinates": [[[[72.3184579111759, 34.1789336696663], [72.31845327219798, 34.17877183934774], [72.3183916240389, 34.178773015426756], [72.31839626004655, 34.17893493582953], [72.3184579111759, 34.1789336696663]]]]}, "properties": {"id": "Pakistan_123102310_353543", "height": 3.849869728088379, "hmax": 0.0, "ratio": 0.0, "vulnClass": "none"}}, {"type": "Feature", "geometry": {"type": "MultiPolygon", "coordinates": [[[[72.3188254761221, 34.179243348414715], [72.31881801614327, 34.17917061465002], [72.31877539965494, 34.179173649435604], [72.31878296799258, 34.17924638557122], [72.3188254761221, 34.179243348414715]]]]}, "properties": {"id": "Pakistan_123102310_813186", "height": 2.569475650787354, "hmax": 0.0, "ratio": 0.0, "vulnClass": "none"}}, {"type": "Feature", "geometry": {"type": "MultiPolygon", "coordinates": [[[[72.31864573692621, 34.17931884036509], [72.31862742345012, 34.17927029988357], [72.31854682293358, 34.17929107488171], [72.31856502797065, 34.179339613002874], [72.31864573692621, 34.17931884036509]]]]}, "properties": {"id": "Pakistan_123102310_751787", "height": 5.058221817016602, "hmax": 0.0, "ratio": 0.0, "vulnClass": "none"}}, {"type": "Feature", "geometry": {"type": "MultiPolygon", "coordinates": [[[[72.318560310019, 34.17935844130871], [72.31856764403067, 34.17939060488556], [72.31864373201773, 34.1793787461914], [72.3186365063732, 34.17934658498793], [72.318560310019, 34.17935844130871]]]]}, "properties": {"id": "Pakistan_123102310_91680", "height": 2.452883720397949, "hmax": 0.0, "ratio": 0.0, "vulnClass": "none"}}, {"type": "Feature", "geometry": {"type": "MultiPolygon", "coordinates": [[[[72.31902834899118, 34.17942736258703], [72.31900636666046, 34.17935422117547], [72.31880841657637, 34.17939505825589], [72.31883040159347, 34.179468109607356], [72.31902834899118, 34.17942736258703]]]]}, "properties": {"id": "Pakistan_123102310_476591", "height": 5.894593238830566, "hmax": 0.0, "ratio": 0.0, "vulnClass": "none"}}, {"type": "Feature", "geometry": {"type": "MultiPolygon", "coordinates": [[[[72.31873214224989, 34.179289447689314], [72.31871957944843, 34.17924770405267], [72.31863877926904, 34.179264508152336], [72.31865145042758, 34.17930625416561], [72.31873214224989, 34.179289447689314]]]]}, "properties": {"id": "Pakistan_123102310_447990", "height": 3.461253881454468, "hmax": 0.0, "ratio": 0.0, "vulnClass": "none"}}, {"type": "Feature", "geometry": {"type": "MultiPolygon", "coordinates": [[[[72.31916893383465, 34.179303775544746], [72.31918182490574, 34.179345436167566], [72.31935905981024, 34.17930793192953], [72.31934616580394, 34.179266361408814], [72.31916893383465, 34.179303775544746]]]]}, "properties": {"id": "Pakistan_123102310_713790", "height": 2.59457802772522, "hmax": 0.0, "ratio": 0.0, "vulnClass": "none"}}, {"type": "Feature", "geometry": {"type": "MultiPolygon", "coordinates": [[[[72.31847304135388, 34.179620672088], [72.31848143365526, 34.179657095854836], [72.31854618881366, 34.1796468825519], [72.31853779648483, 34.17961045878817], [72.31847304135388, 34.179620672088]]]]}, "properties": {"id": "Pakistan_123102310_556835", "height": 5.604328155517578, "hmax": 0.0, "ratio": 0.0, "vulnClass": "none"}}, {"type": "Feature", "geometry": {"type": "MultiPolygon", "coordinates": [[[[72.31853900388678, 34.179757339324446], [72.31852739952781, 34.179705880444125], [72.31848848250922, 34.1797119709655], [72.31847002057383, 34.179630432365634], [72.31824208671401, 34.17966583487944], [72.31825226746972, 34.17971086200886], [72.31830404654426, 34.179702799099765], [72.31831043057504, 34.17973070487013], [72.31837518010033, 34.17972067183633], [72.31838193213925, 34.17975065909821], [72.31833789480321, 34.17975744894555], [72.31834475522697, 34.17978743857934], [72.31853900388678, 34.179757339324446]]]]}, "properties": {"id": "Pakistan_123102310_400820", "height": 6.033568382263184, "hmax": 0.0, "ratio": 0.0, "vulnClass": "none"}}, {"type": "Feature", "geometry": {"type": "MultiPolygon", "coordinates": [[[[72.31822205046375, 34.179603193288834], [72.31823445903521, 34.17965322738382], [72.31830131081527, 34.17964188811551], [72.31828901060094, 34.179591856395945], [72.31822205046375, 34.179603193288834]]]]}, "properties": {"id": "Pakistan_123102310_495393", "height": 2.872047185897827, "hmax": 0.0, "ratio": 0.0, "vulnClass": "none"}}, {"type": "Feature", "geometry": {"type": "MultiPolygon", "coordinates": [[[[72.31805508080052, 34.179580249510664], [72.31798331127756, 34.17960644596094], [72.31800706420788, 34.1796510487554], [72.31807883376322, 34.17962485229285], [72.31805508080052, 34.179580249510664]]]]}, "properties": {"id": "Pakistan_123102310_571164", "height": 3.097802400588989, "hmax": 0.0, "ratio": 0.0, "vulnClass": "none"}}, {"type": "Feature", "geometry": {"type": "MultiPolygon", "coordinates": [[[[72.31819153412994, 34.179583774727874], [72.31809016684468, 34.1796129299275], [72.31812254018269, 34.179690175185], [72.31822390755299, 34.17966101996278], [72.31819153412994, 34.179583774727874]]]]}, "properties": {"id": "Pakistan_123102310_898368", "height": 2.853665351867676, "hmax": 0.0, "ratio": 0.0, "vulnClass": "none"}}, {"type": "Feature", "geometry": {"type": "MultiPolygon", "coordinates": [[[[72.31813451213783, 34.179524471132034], [72.31808271034305, 34.179546957452075], [72.31811029425202, 34.1795904720667], [72.3181620960677, 34.17956798573606], [72.31813451213783, 34.179524471132034]]]]}, "properties": {"id": "Pakistan_123102310_281016", "height": 2.643871307373047, "hmax": 0.0, "ratio": 0.0, "vulnClass": "none"}}, {"type": "Feature", "geometry": {"type": "MultiPolygon", "coordinates": [[[[72.31854384926618, 34.179559746619795], [72.31852542150615, 34.179473701280045], [72.31841361131869, 34.17949009756446], [72.31843203896632, 34.17957614291559], [72.31836185549975, 34.179586507899074], [72.31834966933326, 34.17952944698924], [72.31828199611768, 34.17953932592458], [72.31830326763894, 34.17963832491516], [72.31888826294058, 34.17955231260923], [72.31887607356724, 34.17949534182236], [72.31883182815629, 34.179501856853065], [72.31881518871447, 34.1794244148887], [72.31877105173358, 34.179430932269135], [72.31879090320268, 34.17952340934933], [72.31854384926618, 34.179559746619795]]]]}, "properties": {"id": "Pakistan_123102310_519245", "height": 6.033568382263184, "hmax": 0.0, "ratio": 0.0, "vulnClass": "none"}}, {"type": "Feature", "geometry": {"type": "MultiPolygon", "coordinates": [[[[72.3183170592259, 34.17950421307989], [72.31829810690672, 34.17944159520447], [72.31822495122506, 34.17945676320472], [72.31824390349195, 34.17951938108888], [72.3183170592259, 34.17950421307989]]]]}, "properties": {"id": "Pakistan_123102310_187349", "height": 3.158919811248779, "hmax": 0.0, "ratio": 0.0, "vulnClass": "none"}}, {"type": "Feature", "geometry": {"type": "MultiPolygon", "coordinates": [[[[72.31852970831363, 34.17937598241194], [72.31850537609554, 34.179329113298], [72.31844876801057, 34.1793492409312], [72.31844294026922, 34.179338025056836], [72.31831250055461, 34.17938439436705], [72.31834266040954, 34.17944247939348], [72.31852970831363, 34.17937598241194]]]]}, "properties": {"id": "Pakistan_123102310_452659", "height": 5.951582431793213, "hmax": 0.0, "ratio": 0.0, "vulnClass": "none"}}, {"type": "Feature", "geometry": {"type": "MultiPolygon", "coordinates": [[[[72.3180311111581, 34.17934722878584], [72.31800198702017, 34.17928042180484], [72.31796639905134, 34.17929100231879], [72.31799541476808, 34.17935780693621], [72.3180311111581, 34.17934722878584]]]]}, "properties": {"id": "Pakistan_123102310_632718", "height": 4.947315216064453, "hmax": 0.0, "ratio": 0.0, "vulnClass": "none"}}, {"type": "Feature", "geometry": {"type": "MultiPolygon", "coordinates": [[[[72.31790765723386, 34.17929287275988], [72.317858913453, 34.179304427591596], [72.3178588905983, 34.179318851068174], [72.31772916097502, 34.179349639356865], [72.3177058388098, 34.17934967011023], [72.31765436226051, 34.1793618862811], [72.3176408443839, 34.17932291630102], [72.31763100890292, 34.17932522535033], [72.31756212924037, 34.179325251166226], [72.31757466012796, 34.179361134468934], [72.31757465709582, 34.17939205579924], [72.31758836891741, 34.17943175122707], [72.3175189471915, 34.17943176515882], [72.31751118833127, 34.17943357872612], [72.3175296751575, 34.17948690109193], [72.31756923966122, 34.1794774894941], [72.31756921987306, 34.17944728886374], [72.31767302587141, 34.17944730584005], [72.31770384736616, 34.17943995669688], [72.31768894029891, 34.17939689959133], [72.31771374866258, 34.17939104161038], [72.317789490804, 34.17960932844988], [72.31784063945018, 34.17959719520354], [72.31777583076996, 34.17941042954247], [72.31777575090261, 34.17940952629699], [72.3178179453406, 34.17940954772706], [72.31788122562266, 34.17939452457071], [72.31791392670398, 34.17948881536922], [72.31797097712739, 34.179475278603604], [72.31790765723386, 34.17929287275988]]]]}, "properties": {"id": "Pakistan_123102310_206537", "height": 5.050605773925781, "hmax": 0.0, "ratio": 0.0, "vulnClass": "none"}}, {"type": "Feature", "geometry": {"type": "MultiPolygon", "coordinates": [[[[72.31775666690591, 34.17958399956873], [72.31769527193936, 34.17960798873039], [72.31771654875469, 34.17964514512717], [72.31777794374362, 34.179621155955985], [72.31775666690591, 34.17958399956873]]]]}, "properties": {"id": "Pakistan_123102310_353537", "height": 3.712013244628906, "hmax": 0.0, "ratio": 0.0, "vulnClass": "none"}}, {"type": "Feature", "geometry": {"type": "MultiPolygon", "coordinates": [[[[72.31792154256739, 34.17968334502519], [72.31787071049857, 34.179699181372385], [72.31791807650187, 34.17980307836444], [72.31796891147958, 34.179787151912926], [72.31792154256739, 34.17968334502519]]]]}, "properties": {"id": "Pakistan_123102310_447982", "height": 5.493757724761963, "hmax": 0.0, "ratio": 0.0, "vulnClass": "none"}}, {"type": "Feature", "geometry": {"type": "MultiPolygon", "coordinates": [[[[72.31775767835656, 34.17912732255448], [72.31778698179464, 34.17924669087423], [72.31784107400284, 34.1792375068021], [72.3178117676371, 34.17911822857909], [72.31775767835656, 34.17912732255448]]]]}, "properties": {"id": "Pakistan_123102310_130591", "height": 2.595563411712646, "hmax": 0.0, "ratio": 0.0, "vulnClass": "none"}}, {"type": "Feature", "geometry": {"type": "MultiPolygon", "coordinates": [[[[72.31765777239085, 34.17906924431734], [72.31766500043402, 34.17911501824942], [72.31779680343327, 34.179100953093396], [72.31778968656695, 34.17905509144917], [72.31765777239085, 34.17906924431734]]]]}, "properties": {"id": "Pakistan_123102310_917348", "height": 2.567759037017822, "hmax": 0.0, "ratio": 0.0, "vulnClass": "none"}}, {"type": "Feature", "geometry": {"type": "MultiPolygon", "coordinates": [[[[72.31807616660517, 34.17916439863506], [72.31811173177299, 34.17928128949196], [72.31807886511281, 34.17928814326155], [72.31809821944603, 34.17935176160792], [72.31842119816551, 34.17928472177729], [72.31836638929063, 34.17910412496191], [72.31807616660517, 34.17916439863506]]]]}, "properties": {"id": "Pakistan_123102310_225389", "height": 7.436255931854248, "hmax": 0.0, "ratio": 0.0, "vulnClass": "none"}}, {"type": "Feature", "geometry": {"type": "MultiPolygon", "coordinates": [[[[72.31832452514497, 34.178884686166114], [72.31832231432003, 34.178844881725105], [72.31822761135587, 34.17884858024302], [72.31822982213613, 34.17888838468362], [72.31832452514497, 34.178884686166114]]]]}, "properties": {"id": "Pakistan_123102310_623189", "height": 4.114616394042969, "hmax": 0.0, "ratio": 0.0, "vulnClass": "none"}}, {"type": "Feature", "geometry": {"type": "MultiPolygon", "coordinates": [[[[72.31821342600053, 34.17890605608014], [72.3181759755149, 34.17890694989194], [72.3181771679236, 34.1789446586139], [72.31821472682104, 34.17894376717311], [72.31821342600053, 34.17890605608014]]]]}, "properties": {"id": "Pakistan_123102310_101230", "height": 2.584349393844604, "hmax": 0.0, "ratio": 0.0, "vulnClass": "none"}}, {"type": "Feature", "geometry": {"type": "MultiPolygon", "coordinates": [[[[72.3183841369784, 34.178951258295726], [72.31830902772991, 34.17895277100702], [72.31830861977532, 34.17893824795651], [72.31817837737799, 34.17894071847055], [72.31818223133982, 34.179079363099376], [72.3183875804577, 34.17907546997081], [72.3183841369784, 34.178951258295726]]]]}, "properties": {"id": "Pakistan_123102310_55291", "height": 5.043671131134033, "hmax": 0.0, "ratio": 0.0, "vulnClass": "none"}}, {"type": "Feature", "geometry": {"type": "MultiPolygon", "coordinates": [[[[72.31821715973285, 34.17881896281334], [72.31816156169948, 34.17882432783327], [72.31817226154858, 34.17890091877634], [72.31822785677996, 34.178895643841486], [72.31821715973285, 34.17881896281334]]]]}, "properties": {"id": "Pakistan_123102310_130601", "height": 3.947963237762451, "hmax": 0.0, "ratio": 0.0, "vulnClass": "none"}}, {"type": "Feature", "geometry": {"type": "MultiPolygon", "coordinates": [[[[72.31811925016301, 34.17847172783573], [72.31812220833838, 34.178580423124245], [72.31820534701083, 34.17857881567047], [72.31820410892327, 34.17853227126046], [72.31817187295191, 34.17853291851524], [72.31817026117534, 34.17847077000489], [72.31811925016301, 34.17847172783573]]]]}, "properties": {"id": "Pakistan_123102310_642183", "height": 3.13723611831665, "hmax": 0.0, "ratio": 0.0, "vulnClass": "none"}}, {"type": "Feature", "geometry": {"type": "MultiPolygon", "coordinates": [[[[72.31813466832371, 34.17880697179509], [72.31825519204929, 34.178803116833805], [72.31825659556208, 34.178834159082754], [72.31832782245041, 34.17883193044968], [72.31832981935226, 34.17887506575772], [72.31837802945387, 34.178873505694895], [72.31835756669724, 34.178433757870444], [72.3182996926274, 34.17843564749167], [72.31830364361741, 34.1785198437282], [72.31820994223959, 34.17852275279658], [72.31821308014172, 34.1785915156231], [72.3181246985806, 34.17859427051649], [72.31813466832371, 34.17880697179509]]]]}, "properties": {"id": "Pakistan_123102310_533240", "height": 4.231389045715332, "hmax": 0.0, "ratio": 0.0, "vulnClass": "none"}}, {"type": "Feature", "geometry": {"type": "MultiPolygon", "coordinates": [[[[72.31827311821957, 34.17823691691135], [72.3182126428248, 34.17823874960647], [72.31821463968369, 34.17828531061209], [72.31827522350606, 34.17828348028803], [72.31827311821957, 34.17823691691135]]]]}, "properties": {"id": "Pakistan_123102310_91676", "height": 2.495223760604858, "hmax": 0.0, "ratio": 0.0, "vulnClass": "none"}}, {"type": "Feature", "geometry": {"type": "MultiPolygon", "coordinates": [[[[72.3180911215264, 34.17823302684292], [72.31810090007536, 34.178434635515345], [72.31817310787916, 34.178432248117026], [72.31817226065506, 34.17841447006361], [72.31822047049235, 34.17841291005035], [72.31822198524246, 34.178443864583556], [72.31836390209082, 34.17843921525766], [72.31835829075138, 34.17832180755669], [72.31831268528053, 34.17832333442991], [72.31831386629985, 34.17834770072392], [72.3182228749713, 34.17835066907236], [72.31821981123332, 34.178286415359686], [72.31820374036093, 34.17828696539646], [72.31820089914663, 34.178229387640435], [72.3180911215264, 34.17823302684292]]]]}, "properties": {"id": "Pakistan_123102310_377144", "height": 3.017565250396729, "hmax": 0.0, "ratio": 0.0, "vulnClass": "none"}}, {"type": "Feature", "geometry": {"type": "MultiPolygon", "coordinates": [[[[72.31878963335544, 34.17790158514809], [72.31878637466805, 34.177781794837124], [72.3186845702412, 34.17778371577099], [72.31869008870387, 34.17799316448401], [72.31894861098016, 34.17798844969383], [72.31894624524367, 34.17789869882188], [72.31878963335544, 34.17790158514809]]]]}, "properties": {"id": "Pakistan_123102310_102575", "height": 2.765564918518066, "hmax": 0.0, "ratio": 0.0, "vulnClass": "none"}}, {"type": "Feature", "geometry": {"type": "MultiPolygon", "coordinates": [[[[72.3190032865825, 34.178176706114954], [72.319075427438, 34.17853284285517], [72.31918764417887, 34.17851726616517], [72.31912422346092, 34.17820432162123], [72.31917379374468, 34.17819747212666], [72.31918477655188, 34.1782514415695], [72.3192525427949, 34.178242014887246], [72.31927571522802, 34.17835638078522], [72.31942028735985, 34.17833637264127], [72.31940321098708, 34.17825215994325], [72.3193134379019, 34.17826462147691], [72.31929552009896, 34.17817615332656], [72.31923298534628, 34.178184792901554], [72.31922510337813, 34.178145946283976], [72.3190032865825, 34.178176706114954]]]]}, "properties": {"id": "Pakistan_123102310_533242", "height": 6.42494010925293, "hmax": 0.0, "ratio": 0.0, "vulnClass": "none"}}, {"type": "Feature", "geometry": {"type": "MultiPolygon", "coordinates": [[[[72.31846257287587, 34.178522598021736], [72.3187464410054, 34.17850536621582], [72.31873446508409, 34.178369699229165], [72.31866773696143, 34.17837373932642], [72.31867348808693, 34.1784387729969], [72.31845362995085, 34.178452175706305], [72.31844835824093, 34.17839256150635], [72.31838543245787, 34.17839641414716], [72.31840556921587, 34.1786237617391], [72.3184712135921, 34.17861969809155], [72.31846257287587, 34.178522598021736]]]]}, "properties": {"id": "Pakistan_123102310_893551", "height": 3.373056888580322, "hmax": 0.0, "ratio": 0.0, "vulnClass": "none"}}, {"type": "Feature", "geometry": {"type": "MultiPolygon", "coordinates": [[[[72.31858128787988, 34.17854160124597], [72.31857727426595, 34.178517623763355], [72.31850727709556, 34.17852555888156], [72.31851129068973, 34.178549536365516], [72.31858128787988, 34.17854160124597]]]]}, "properties": {"id": "Pakistan_123102310_82044", "height": 2.583222627639771, "hmax": 0.0, "ratio": 0.0, "vulnClass": "none"}}, {"type": "Feature", "geometry": {"type": "MultiPolygon", "coordinates": [[[[72.31859915154632, 34.1787414033981], [72.31859744831914, 34.17869926616059], [72.318489207572, 34.17870230826169], [72.3184860979289, 34.17862579316582], [72.31838697954682, 34.178628493761316], [72.31839179222375, 34.17874714609086], [72.31859915154632, 34.1787414033981]]]]}, "properties": {"id": "Pakistan_123102310_7659", "height": 3.509765863418579, "hmax": 0.0, "ratio": 0.0, "vulnClass": "none"}}, {"type": "Feature", "geometry": {"type": "MultiPolygon", "coordinates": [[[[72.31883094916961, 34.17883743301025], [72.31876530622013, 34.178697527513336], [72.31873505844618, 34.17870732352538], [72.31876716673597, 34.178775818293325], [72.31858766800785, 34.17883346576902], [72.31859945755609, 34.17885851478234], [72.31848844985547, 34.17889413062864], [72.3185101975846, 34.17894040233018], [72.31883094916961, 34.17883743301025]]]]}, "properties": {"id": "Pakistan_123102310_400821", "height": 2.950253963470459, "hmax": 0.0, "ratio": 0.0, "vulnClass": "none"}}, {"type": "Feature", "geometry": {"type": "MultiPolygon", "coordinates": [[[[72.3187875441775, 34.17868719576033], [72.31876035322297, 34.17857643806933], [72.31869339679568, 34.178587685175124], [72.31872058766416, 34.17869844287681], [72.3187875441775, 34.17868719576033]]]]}, "properties": {"id": "Pakistan_123102310_253649", "height": 2.848257303237915, "hmax": 0.0, "ratio": 0.0, "vulnClass": "none"}}, {"type": "Feature", "geometry": {"type": "MultiPolygon", "coordinates": [[[[72.31909590266535, 34.178537076789205], [72.31916170758326, 34.178808965109745], [72.31927260108348, 34.17879065492587], [72.31920679866664, 34.17851867656035], [72.31909590266535, 34.178537076789205]]]]}, "properties": {"id": "Pakistan_123102310_784919", "height": 6.137202262878418, "hmax": 0.0, "ratio": 0.0, "vulnClass": "none"}}, {"type": "Feature", "geometry": {"type": "MultiPolygon", "coordinates": [[[[72.31922996397212, 34.178338522584504], [72.31926473862144, 34.17833991384451], [72.31926715404242, 34.178297866643184], [72.31923237941024, 34.17829647538466], [72.31922996397212, 34.178338522584504]]]]}, "properties": {"id": "Pakistan_123102310_45987", "height": 3.838034391403198, "hmax": 0.0, "ratio": 0.0, "vulnClass": "none"}}, {"type": "Feature", "geometry": {"type": "MultiPolygon", "coordinates": [[[[72.31942155324556, 34.17829979945082], [72.31942599851611, 34.178364984855556], [72.31959024730929, 34.178357306421006], [72.31958579906104, 34.17829221110376], [72.31942155324556, 34.17829979945082]]]]}, "properties": {"id": "Pakistan_123102310_580690", "height": 4.445253372192383, "hmax": 0.0, "ratio": 0.0, "vulnClass": "none"}}, {"type": "Feature", "geometry": {"type": "MultiPolygon", "coordinates": [[[[72.31968040280053, 34.17834990143947], [72.31969131725654, 34.17839233016167], [72.31976679376845, 34.17837919527638], [72.31975599052043, 34.17833667884065], [72.31968040280053, 34.17834990143947]]]]}, "properties": {"id": "Pakistan_123102310_35190", "height": 4.49577808380127, "hmax": 0.0, "ratio": 0.0, "vulnClass": "none"}}, {"type": "Feature", "geometry": {"type": "MultiPolygon", "coordinates": [[[[72.31962050666841, 34.178367704024865], [72.3196258787862, 34.178413888053555], [72.31966567947251, 34.17841070126408], [72.31966041287673, 34.178364609692956], [72.31962050666841, 34.178367704024865]]]]}, "properties": {"id": "Pakistan_123102310_528526", "height": 2.926276206970215, "hmax": 0.0, "ratio": 0.0, "vulnClass": "none"}}, {"type": "Feature", "geometry": {"type": "MultiPolygon", "coordinates": [[[[72.31975043324466, 34.178443745624875], [72.31980221250772, 34.17862075983659], [72.32008602859595, 34.17856403812088], [72.32005539599177, 34.178459155353565], [72.31997931190813, 34.1784743505857], [72.319972556677, 34.178451304869306], [72.31986874366726, 34.178472114353134], [72.31985435463588, 34.17842293861003], [72.31975043324466, 34.178443745624875]]]]}, "properties": {"id": "Pakistan_123102310_576033", "height": 5.660777568817139, "hmax": 0.105, "ratio": 0.019, "vulnClass": "low"}}, {"type": "Feature", "geometry": {"type": "MultiPolygon", "coordinates": [[[[72.31952858807921, 34.17851994132545], [72.31951942884736, 34.17836720747028], [72.31941234092828, 34.17837153769813], [72.31941612721414, 34.178433553450624], [72.31943643690887, 34.178432735314296], [72.3194419180775, 34.17852345578534], [72.31952858807921, 34.17851994132545]]]]}, "properties": {"id": "Pakistan_123102310_723308", "height": 4.497268199920654, "hmax": 0.0, "ratio": 0.0, "vulnClass": "none"}}, {"type": "Feature", "geometry": {"type": "MultiPolygon", "coordinates": [[[[72.31942434035669, 34.17865387905418], [72.31937235947049, 34.178661487296566], [72.31938615232563, 34.17872606568944], [72.31943813610205, 34.17871836735552], [72.31942434035669, 34.17865387905418]]]]}, "properties": {"id": "Pakistan_123102310_252630", "height": 2.887773513793945, "hmax": 0.0, "ratio": 0.0, "vulnClass": "none"}}, {"type": "Feature", "geometry": {"type": "MultiPolygon", "coordinates": [[[[72.3194513057081, 34.17869638821121], [72.31949434074207, 34.17882750538937], [72.31960773857702, 34.17880203765072], [72.31958508560145, 34.17873293841533], [72.31963654158363, 34.178721352013966], [72.31961626771583, 34.17865933647891], [72.3194513057081, 34.17869638821121]]]]}, "properties": {"id": "Pakistan_123102310_367676", "height": 5.620461463928223, "hmax": 0.0, "ratio": 0.0, "vulnClass": "none"}}, {"type": "Feature", "geometry": {"type": "MultiPolygon", "coordinates": [[[[72.31968507917263, 34.17869572856551], [72.31969325562038, 34.17875612742245], [72.31982575962297, 34.17874387837747], [72.31981758308062, 34.178683479524814], [72.31968507917263, 34.17869572856551]]]]}, "properties": {"id": "Pakistan_123102310_320455", "height": 2.611903190612793, "hmax": 0.0, "ratio": 0.0, "vulnClass": "none"}}, {"type": "Feature", "geometry": {"type": "MultiPolygon", "coordinates": [[[[72.31976602289679, 34.17848240008045], [72.31964418758952, 34.17849343986823], [72.3196705228298, 34.178692976350476], [72.319793553619, 34.17868187252342], [72.31977839593115, 34.17856786218475], [72.31977741752773, 34.17856793094989], [72.31976602289679, 34.17848240008045]]]]}, "properties": {"id": "Pakistan_123102310_694702", "height": 5.396631240844727, "hmax": 0.0, "ratio": 0.0, "vulnClass": "none"}}, {"type": "Feature", "geometry": {"type": "MultiPolygon", "coordinates": [[[[72.32028592118034, 34.17871886669413], [72.32026809485772, 34.17867890132225], [72.32017225741826, 34.17870817913918], [72.32019008369988, 34.17874814452297], [72.32028592118034, 34.17871886669413]]]]}, "properties": {"id": "Pakistan_123102310_666179", "height": 3.77251935005188, "hmax": 0.105, "ratio": 0.028, "vulnClass": "low"}}, {"type": "Feature", "geometry": {"type": "MultiPolygon", "coordinates": [[[[72.32027787044451, 34.178681909593784], [72.32029794438228, 34.17871597418545], [72.32038024087828, 34.178682704227356], [72.32036016691345, 34.1786486396478], [72.32027787044451, 34.178681909593784]]]]}, "properties": {"id": "Pakistan_123102310_832148", "height": 5.116961479187012, "hmax": 0.105, "ratio": 0.021, "vulnClass": "low"}}, {"type": "Feature", "geometry": {"type": "MultiPolygon", "coordinates": [[[[72.32004030150232, 34.17837742008984], [72.31985597762892, 34.1784196385354], [72.31986975034798, 34.17846086761548], [72.32005418270172, 34.17841865152229], [72.32004030150232, 34.17837742008984]]]]}, "properties": {"id": "Pakistan_123102310_670878", "height": 5.627067089080811, "hmax": 0.0, "ratio": 0.0, "vulnClass": "none"}}, {"type": "Feature", "geometry": {"type": "MultiPolygon", "coordinates": [[[[72.32000730534335, 34.17831638866936], [72.31998550773102, 34.17824081739813], [72.31993213518959, 34.1782512802694], [72.31995392990527, 34.1783269416355], [72.32000730534335, 34.17831638866936]]]]}, "properties": {"id": "Pakistan_123102310_120586", "height": 2.614600658416748, "hmax": 0.0, "ratio": 0.0, "vulnClass": "none"}}, {"type": "Feature", "geometry": {"type": "MultiPolygon", "coordinates": [[[[72.32020764133269, 34.17811089778161], [72.32015599447591, 34.17811481752031], [72.32017471396462, 34.17828425772347], [72.32022636092502, 34.17828033798186], [72.32020764133269, 34.17811089778161]]]]}, "properties": {"id": "Pakistan_123102310_414859", "height": 4.54340934753418, "hmax": 0.0, "ratio": 0.0, "vulnClass": "none"}}, {"type": "Feature", "geometry": {"type": "MultiPolygon", "coordinates": [[[[72.32000117962731, 34.17813631554438], [72.32000800961109, 34.17818442457247], [72.32005566587652, 34.17817978663609], [72.32004883871592, 34.17813158752173], [72.32000117962731, 34.17813631554438]]]]}, "properties": {"id": "Pakistan_123102310_713797", "height": 2.662239074707031, "hmax": 0.0, "ratio": 0.0, "vulnClass": "none"}}, {"type": "Feature", "geometry": {"type": "MultiPolygon", "coordinates": [[[[72.31995786874435, 34.178185312041826], [72.31982712304196, 34.178210581272], [72.3198401941193, 34.17825684341545], [72.3199709370408, 34.178231664262334], [72.31995786874435, 34.178185312041826]]]]}, "properties": {"id": "Pakistan_123102310_846277", "height": 2.545012235641479, "hmax": 0.0, "ratio": 0.0, "vulnClass": "none"}}, {"type": "Feature", "geometry": {"type": "MultiPolygon", "coordinates": [[[[72.31972329154283, 34.17829025813073], [72.31971437301966, 34.178208747972725], [72.31958139915045, 34.17821873290069], [72.31959668255871, 34.1783596106821], [72.31968453326142, 34.17835305681813], [72.31967806264251, 34.17829359674302], [72.31972329154283, 34.17829025813073]]]]}, "properties": {"id": "Pakistan_123102310_167904", "height": 3.310803413391113, "hmax": 0.0, "ratio": 0.0, "vulnClass": "none"}}, {"type": "Feature", "geometry": {"type": "MultiPolygon", "coordinates": [[[[72.31940139228043, 34.17815196363911], [72.31940901062873, 34.17828483083842], [72.31956420836825, 34.17827866742925], [72.31955658977554, 34.17814580022793], [72.31940139228043, 34.17815196363911]]]]}, "properties": {"id": "Pakistan_123102310_533247", "height": 4.125528335571289, "hmax": 0.0, "ratio": 0.0, "vulnClass": "none"}}, {"type": "Feature", "geometry": {"type": "MultiPolygon", "coordinates": [[[[72.3197950754594, 34.17821213457461], [72.3197804263055, 34.177999781783555], [72.31937555804473, 34.178018878541074], [72.31938440569687, 34.17814717497004], [72.31957157940457, 34.17813828483501], [72.31956533648382, 34.178047637861646], [72.31968026827596, 34.178042216837355], [72.31969231210385, 34.17821692017263], [72.3197950754594, 34.17821213457461]]]]}, "properties": {"id": "Pakistan_123102310_789536", "height": 3.075278043746948, "hmax": 0.0, "ratio": 0.0, "vulnClass": "none"}}, {"type": "Feature", "geometry": {"type": "MultiPolygon", "coordinates": [[[[72.31848815356432, 34.177087520447806], [72.31848930904533, 34.177122974623515], [72.31862988019184, 34.177119647753244], [72.3186287246518, 34.17708419357604], [72.31848815356432, 34.177087520447806]]]]}, "properties": {"id": "Pakistan_123102310_447987", "height": 2.507420778274536, "hmax": 0.0, "ratio": 0.0, "vulnClass": "none"}}, {"type": "Feature", "geometry": {"type": "MultiPolygon", "coordinates": [[[[72.31860613671687, 34.176807480376844], [72.31850574542253, 34.17680934194154], [72.31850926913386, 34.176941308295106], [72.31860966058505, 34.176939446734984], [72.31860613671687, 34.176807480376844]]]]}, "properties": {"id": "Pakistan_123102310_334583", "height": 2.644922256469727, "hmax": 0.0, "ratio": 0.0, "vulnClass": "none"}}, {"type": "Feature", "geometry": {"type": "MultiPolygon", "coordinates": [[[[72.31864889134795, 34.17707760284183], [72.31863857741297, 34.17680719806659], [72.3186117645667, 34.17680787388407], [72.31861692006458, 34.17694312131559], [72.31856068716088, 34.17694459622284], [72.31856291538092, 34.17700441432869], [72.3186165411975, 34.177003062715215], [72.31861936289374, 34.1770783995802], [72.31864889134795, 34.17707760284183]]]]}, "properties": {"id": "Pakistan_123102310_334584", "height": 2.631904125213623, "hmax": 0.0, "ratio": 0.0, "vulnClass": "none"}}, {"type": "Feature", "geometry": {"type": "MultiPolygon", "coordinates": [[[[72.317924907894, 34.17691194129025], [72.31798385628709, 34.17691377146114], [72.317994335844, 34.17668556084869], [72.31793538760894, 34.17668373069035], [72.317924907894, 34.17691194129025]]]]}, "properties": {"id": "Pakistan_123102310_244131", "height": 3.221181392669678, "hmax": 0.0, "ratio": 0.0, "vulnClass": "none"}}, {"type": "Feature", "geometry": {"type": "MultiPolygon", "coordinates": [[[[72.31790186591564, 34.176748987238554], [72.31784817466519, 34.176748984863266], [72.31784820317435, 34.17678234094313], [72.31790189444595, 34.1767823433194], [72.31790186591564, 34.176748987238554]]]]}, "properties": {"id": "Pakistan_123102310_874618", "height": 2.989166259765625, "hmax": 0.0, "ratio": 0.0, "vulnClass": "none"}}, {"type": "Feature", "geometry": {"type": "MultiPolygon", "coordinates": [[[[72.31767050288698, 34.176653145820346], [72.31767160317685, 34.176943813089906], [72.31781381413957, 34.17694349796488], [72.31781368295412, 34.17691681073134], [72.31792899258049, 34.17691653812225], [72.3179288356754, 34.17686325610986], [72.31788587805238, 34.1768633983582], [72.31788596077189, 34.17687448860288], [72.31774917239271, 34.17687483227238], [72.31774827994366, 34.1766529538993], [72.31767050288698, 34.176653145820346]]]]}, "properties": {"id": "Pakistan_123102310_358220", "height": 2.598631620407104, "hmax": 0.0, "ratio": 0.0, "vulnClass": "none"}}, {"type": "Feature", "geometry": {"type": "MultiPolygon", "coordinates": [[[[72.31779430990383, 34.17617210956205], [72.31780042824845, 34.17629403588097], [72.31787003281806, 34.17629159167555], [72.31786590251046, 34.176209645240064], [72.31801857203166, 34.17620442004747], [72.3180165809695, 34.17616453024924], [72.31779430990383, 34.17617210956205]]]]}, "properties": {"id": "Pakistan_123102310_26851", "height": 5.391556262969971, "hmax": 0.0, "ratio": 0.0, "vulnClass": "none"}}, {"type": "Feature", "geometry": {"type": "MultiPolygon", "coordinates": [[[[72.31781204005397, 34.176811119138165], [72.31781443890112, 34.17686210628879], [72.31792844774264, 34.17685837953155], [72.31792604597422, 34.17680748246737], [72.31781204005397, 34.176811119138165]]]]}, "properties": {"id": "Pakistan_123102310_874617", "height": 2.949373960494995, "hmax": 0.0, "ratio": 0.0, "vulnClass": "none"}}, {"type": "Feature", "geometry": {"type": "MultiPolygon", "coordinates": [[[[72.31799358025806, 34.176935529955514], [72.31817054243821, 34.176933901002755], [72.31816878488362, 34.17679413023725], [72.31799171745601, 34.17679566674327], [72.31799358025806, 34.176935529955514]]]]}, "properties": {"id": "Pakistan_123102310_945563", "height": 3.221181392669678, "hmax": 0.0, "ratio": 0.0, "vulnClass": "none"}}, {"type": "Feature", "geometry": {"type": "MultiPolygon", "coordinates": [[[[72.31861332429702, 34.17708070158853], [72.3186126048706, 34.17700748413917], [72.31835244260486, 34.17700927763659], [72.31835316180603, 34.17708249507676], [72.31861332429702, 34.17708070158853]]]]}, "properties": {"id": "Pakistan_123102310_438447", "height": 2.680663108825684, "hmax": 0.0, "ratio": 0.0, "vulnClass": "none"}}, {"type": "Feature", "geometry": {"type": "MultiPolygon", "coordinates": [[[[72.31861667205727, 34.17730389578771], [72.31861509701532, 34.17724400181637], [72.31841410801223, 34.17724735973785], [72.31841320929736, 34.177214074775016], [72.31835699047608, 34.177215099142366], [72.31835924724234, 34.17730827332986], [72.31861667205727, 34.17730389578771]]]]}, "properties": {"id": "Pakistan_123102310_306135", "height": 2.477941513061523, "hmax": 0.0, "ratio": 0.0, "vulnClass": "none"}}, {"type": "Feature", "geometry": {"type": "MultiPolygon", "coordinates": [[[[72.31794410969461, 34.180669717326225], [72.31792334043163, 34.18058569414949], [72.31787601077589, 34.18059367390402], [72.31787206859374, 34.180577721305255], [72.3177699926218, 34.180594960923145], [72.31776605045984, 34.180579008321914], [72.31767760400174, 34.18059402179578], [72.31765913697662, 34.18051951467352], [72.31725496924386, 34.18058802151203], [72.31730219139044, 34.18077863970495], [72.31794410969461, 34.180669717326225]]]]}, "properties": {"id": "Pakistan_123102310_931413", "height": 6.163341522216797, "hmax": 0.0, "ratio": 0.0, "vulnClass": "none"}}, {"type": "Feature", "geometry": {"type": "MultiPolygon", "coordinates": [[[[72.31782017854584, 34.18036320163723], [72.31782842509296, 34.18041107128156], [72.31787045174664, 34.18040613079511], [72.31786220517586, 34.180358261152456], [72.31782017854584, 34.18036320163723]]]]}, "properties": {"id": "Pakistan_123102310_898365", "height": 3.737851858139038, "hmax": 0.0, "ratio": 0.0, "vulnClass": "none"}}, {"type": "Feature", "geometry": {"type": "MultiPolygon", "coordinates": [[[[72.31811555440878, 34.1800786584192], [72.31810894792704, 34.18003722529796], [72.31803514988218, 34.18004525728234], [72.31804175632786, 34.180086690405815], [72.31811555440878, 34.1800786584192]]]]}, "properties": {"id": "Pakistan_123102310_713784", "height": 3.470277786254883, "hmax": 0.0, "ratio": 0.0, "vulnClass": "none"}}, {"type": "Feature", "geometry": {"type": "MultiPolygon", "coordinates": [[[[72.31798988308952, 34.17993671845305], [72.31792261169238, 34.179961300393245], [72.31794339804841, 34.180000249023195], [72.31801077786845, 34.179975669443714], [72.31798988308952, 34.17993671845305]]]]}, "properties": {"id": "Pakistan_123102310_177272", "height": 3.929541349411011, "hmax": 0.0, "ratio": 0.0, "vulnClass": "none"}}, {"type": "Feature", "geometry": {"type": "MultiPolygon", "coordinates": [[[[72.31791546578934, 34.18009105002369], [72.31785839501934, 34.180088088884986], [72.31785618421229, 34.18011679832829], [72.31791325214868, 34.18011984955639], [72.31791546578934, 34.18009105002369]]]]}, "properties": {"id": "Pakistan_123102310_44490", "height": 3.623435497283936, "hmax": 0.0, "ratio": 0.0, "vulnClass": "none"}}, {"type": "Feature", "geometry": {"type": "MultiPolygon", "coordinates": [[[[72.31781313396448, 34.18003075523284], [72.31774419374966, 34.180046375734584], [72.31777944214936, 34.18015271221232], [72.31784838529984, 34.18013700160737], [72.31781313396448, 34.18003075523284]]]]}, "properties": {"id": "Pakistan_123102310_377139", "height": 4.915108203887939, "hmax": 0.0, "ratio": 0.0, "vulnClass": "none"}}, {"type": "Feature", "geometry": {"type": "MultiPolygon", "coordinates": [[[[72.31777112790314, 34.179925442897186], [72.31778774084884, 34.1799831415814], [72.3178622890885, 34.17996854521561], [72.31784567894626, 34.17991075645165], [72.31777112790314, 34.179925442897186]]]]}, "properties": {"id": "Pakistan_123102310_926672", "height": 4.992394924163818, "hmax": 0.0, "ratio": 0.0, "vulnClass": "none"}}, {"type": "Feature", "geometry": {"type": "MultiPolygon", "coordinates": [[[[72.31794500146259, 34.17984684905167], [72.31793412197469, 34.17981019055439], [72.31783542718938, 34.17983029885193], [72.31784641503216, 34.179866959726915], [72.31794500146259, 34.17984684905167]]]]}, "properties": {"id": "Pakistan_123102310_808544", "height": 3.513197183609009, "hmax": 0.0, "ratio": 0.0, "vulnClass": "none"}}, {"type": "Feature", "geometry": {"type": "MultiPolygon", "coordinates": [[[[72.31782941952343, 34.17990354942031], [72.31782201161329, 34.17986687669868], [72.31776110715032, 34.17987537084346], [72.31776851503433, 34.17991204356749], [72.31782941952343, 34.17990354942031]]]]}, "properties": {"id": "Pakistan_123102310_414839", "height": 2.692611932754517, "hmax": 0.0, "ratio": 0.0, "vulnClass": "none"}}, {"type": "Feature", "geometry": {"type": "MultiPolygon", "coordinates": [[[[72.31763454030269, 34.17986791450621], [72.31765197759373, 34.17991328071079], [72.31776639571629, 34.17988305911052], [72.31774895551501, 34.179837783006846], [72.31763454030269, 34.17986791450621]]]]}, "properties": {"id": "Pakistan_123102310_7645", "height": 2.907265901565552, "hmax": 0.0, "ratio": 0.0, "vulnClass": "none"}}, {"type": "Feature", "geometry": {"type": "MultiPolygon", "coordinates": [[[[72.31779663004363, 34.17979149714934], [72.31776603406708, 34.17972321552522], [72.31769998368952, 34.17974349686195], [72.31773068801402, 34.17981178087121], [72.31779663004363, 34.17979149714934]]]]}, "properties": {"id": "Pakistan_123102310_428971", "height": 6.427065849304199, "hmax": 0.0, "ratio": 0.0, "vulnClass": "none"}}, {"type": "Feature", "geometry": {"type": "MultiPolygon", "coordinates": [[[[72.31849178632646, 34.17983717122473], [72.31848467196147, 34.179804922298224], [72.31854962691408, 34.17979525426479], [72.31854309445706, 34.179765181662496], [72.31825733374869, 34.17980779375446], [72.31824748102296, 34.17976268364969], [72.31816694270115, 34.17977462505613], [72.31815435158934, 34.179716653776055], [72.31809462820436, 34.17972553452071], [72.31811517213941, 34.1798201002814], [72.31806068022192, 34.17982819392489], [72.31807611525267, 34.17989911884108], [72.31849178632646, 34.17983717122473]]]]}, "properties": {"id": "Pakistan_123102310_120560", "height": 5.970374584197998, "hmax": 0.0, "ratio": 0.0, "vulnClass": "none"}}, {"type": "Feature", "geometry": {"type": "MultiPolygon", "coordinates": [[[[72.31772561752604, 34.180735705801595], [72.31777765290097, 34.18096618519835], [72.31800220443431, 34.180931521020874], [72.317982792892, 34.18084572455316], [72.3178402129984, 34.18086775774654], [72.31780758880295, 34.18072307485733], [72.31772561752604, 34.180735705801595]]]]}, "properties": {"id": "Pakistan_123102310_320438", "height": 2.8587646484375, "hmax": 0.0, "ratio": 0.0, "vulnClass": "none"}}, {"type": "Feature", "geometry": {"type": "MultiPolygon", "coordinates": [[[[72.32006610048457, 34.18243004164988], [72.31993127173439, 34.18245386932465], [72.31999788568527, 34.1827106297109], [72.32013260928642, 34.182686709525576], [72.32006610048457, 34.18243004164988]]]]}, "properties": {"id": "Pakistan_123102310_637514", "height": 4.266002655029297, "hmax": 0.075, "ratio": 0.018, "vulnClass": "none"}}, {"type": "Feature", "geometry": {"type": "MultiPolygon", "coordinates": [[[[72.31910274116238, 34.18269376644018], [72.31910255205939, 34.18260721845111], [72.31894167815022, 34.18260739721843], [72.31894140060963, 34.18249966208498], [72.31890115294682, 34.18249977371921], [72.31890151378545, 34.182693964372234], [72.31910274116238, 34.18269376644018]]]]}, "properties": {"id": "Pakistan_123102310_780164", "height": 2.708014965057373, "hmax": 0.077, "ratio": 0.028, "vulnClass": "none"}}, {"type": "Feature", "geometry": {"type": "MultiPolygon", "coordinates": [[[[72.31910622088681, 34.182350822339586], [72.31909719450375, 34.1822795869081], [72.31877610706357, 34.18230709379189], [72.31878513317606, 34.182378329234034], [72.31910622088681, 34.182350822339586]]]]}, "properties": {"id": "Pakistan_123102310_618554", "height": 3.927845001220703, "hmax": 0.0, "ratio": 0.0, "vulnClass": "none"}}, {"type": "Feature", "geometry": {"type": "MultiPolygon", "coordinates": [[[[72.31893903413722, 34.1822900119482], [72.3189123611978, 34.18216285836084], [72.31884207576081, 34.18217295088374], [72.3188687485957, 34.18230010448134], [72.31893903413722, 34.1822900119482]]]]}, "properties": {"id": "Pakistan_123102310_433721", "height": 2.730994462966919, "hmax": 0.0, "ratio": 0.0, "vulnClass": "none"}}, {"type": "Feature", "geometry": {"type": "MultiPolygon", "coordinates": [[[[72.31951202024716, 34.18314949673921], [72.31951366418038, 34.18320722858252], [72.31956999826174, 34.18320611615592], [72.31956602819741, 34.18306764934235], [72.3193182276806, 34.18307241913579], [72.3193190524337, 34.18310119496843], [72.31923178435903, 34.18310289308487], [72.3192357510217, 34.18324144997017], [72.31935243574878, 34.183239132857516], [72.31934996716379, 34.18315262518486], [72.31951202024716, 34.18314949673921]]]]}, "properties": {"id": "Pakistan_123102310_45991", "height": 2.914138793945312, "hmax": 0.0, "ratio": 0.0, "vulnClass": "none"}}, {"type": "Feature", "geometry": {"type": "MultiPolygon", "coordinates": [[[[72.3190283816366, 34.1826920505046], [72.31902533303237, 34.18279177972824], [72.3193282114885, 34.182798131102835], [72.31933126258858, 34.18269831176729], [72.3190283816366, 34.1826920505046]]]]}, "properties": {"id": "Pakistan_123102310_936176", "height": 2.844744682312012, "hmax": 0.077, "ratio": 0.027, "vulnClass": "none"}}, {"type": "Feature", "geometry": {"type": "MultiPolygon", "coordinates": [[[[72.31986748161414, 34.18277286770337], [72.31985886611722, 34.182743470834126], [72.31999837358897, 34.182715778917355], [72.31998614351419, 34.18267377222248], [72.31978703058202, 34.18271341331807], [72.31976717222115, 34.182645096403704], [72.31972296231552, 34.1826538662363], [72.31974271224172, 34.18272218078672], [72.31957656689056, 34.18275524000721], [72.31959730662528, 34.18282655116009], [72.31986748161414, 34.18277286770337]]]]}, "properties": {"id": "Pakistan_123102310_651653", "height": 3.503246784210205, "hmax": 0.072, "ratio": 0.021, "vulnClass": "none"}}, {"type": "Feature", "geometry": {"type": "MultiPolygon", "coordinates": [[[[72.31993357015907, 34.182854275138624], [72.31992108551816, 34.18277575217723], [72.31978132382324, 34.18279090761434], [72.31978821083591, 34.18283378918694], [72.31978195249306, 34.182853305062494], [72.31963780256808, 34.182822027384816], [72.31961505283917, 34.182824505036834], [72.31962880104227, 34.18291107898], [72.31994575905175, 34.18297984986557], [72.31995973898742, 34.182935711535606], [72.32021041981818, 34.18290846591062], [72.32019720739238, 34.182825509721816], [72.31993357015907, 34.182854275138624]]]]}, "properties": {"id": "Pakistan_123102310_594867", "height": 2.83549690246582, "hmax": 0.072, "ratio": 0.025, "vulnClass": "none"}}, {"type": "Feature", "geometry": {"type": "MultiPolygon", "coordinates": [[[[72.31989726278275, 34.183367425949875], [72.31986790892064, 34.18305071893151], [72.3198373657019, 34.1830526656782], [72.3198516773494, 34.183207134763016], [72.31980896183431, 34.18320980709195], [72.31980306714706, 34.18314585214409], [72.31962828852116, 34.18315690644074], [72.31963831724585, 34.18326503504069], [72.31961168778024, 34.18326670668146], [72.31963068670557, 34.183471852308244], [72.31975068646533, 34.18346419829709], [72.31974259203957, 34.183377207052445], [72.31989726278275, 34.183367425949875]]]]}, "properties": {"id": "Pakistan_123102310_195962", "height": 3.442323446273804, "hmax": 0.119, "ratio": 0.035, "vulnClass": "low"}}, {"type": "Feature", "geometry": {"type": "MultiPolygon", "coordinates": [[[[72.32000477089511, 34.18337401277939], [72.32002050219656, 34.18346306407472], [72.32016489479857, 34.18344557555561], [72.3201683982825, 34.183465124496124], [72.32066200923725, 34.18340541419975], [72.3206497808544, 34.18333591188663], [72.32024535263504, 34.1833848600827], [72.32023845688826, 34.18334567448563], [72.32000477089511, 34.18337401277939]]]]}, "properties": {"id": "Pakistan_123102310_83449", "height": 2.446545124053955, "hmax": 0.119, "ratio": 0.049, "vulnClass": "low"}}, {"type": "Feature", "geometry": {"type": "MultiPolygon", "coordinates": [[[[72.32078389688486, 34.18387983184743], [72.32073377611914, 34.1835988213105], [72.32074161806254, 34.18359782071216], [72.32073720713707, 34.18357266266412], [72.32070693478491, 34.18357632838977], [72.32069956236087, 34.18353505895075], [72.3206024267135, 34.18354690965581], [72.32058712562976, 34.18346138366645], [72.32055445708863, 34.18346535759406], [72.32058088803068, 34.183613961258956], [72.3206950141612, 34.183599957633604], [72.3207053366983, 34.18365769881315], [72.3205530989969, 34.18367627863066], [72.32054120737395, 34.18360984876506], [72.32048871852952, 34.18361627435314], [72.32050309798852, 34.18369664166871], [72.32035869929592, 34.18371431074388], [72.32034219731565, 34.183622177546766], [72.32029373925558, 34.18362806008901], [72.32032451208077, 34.18380055824923], [72.32072481731946, 34.183751700053975], [72.32074029262677, 34.18383858208294], [72.32035959048679, 34.18388498392285], [72.32036780155056, 34.18393059889804], [72.32078389688486, 34.18387983184743]]]]}, "properties": {"id": "Pakistan_123102310_751799", "height": 3.610478162765503, "hmax": 0.0, "ratio": 0.0, "vulnClass": "none"}}, {"type": "Feature", "geometry": {"type": "MultiPolygon", "coordinates": [[[[72.31892992140087, 34.18365377978108], [72.3189056929471, 34.18353163789371], [72.31887693247171, 34.18353551652234], [72.31888440952689, 34.183573452792444], [72.31872251834766, 34.18359542523944], [72.31873926669306, 34.183679720962296], [72.31892992140087, 34.18365377978108]]]]}, "properties": {"id": "Pakistan_123102310_121289", "height": 2.925891160964966, "hmax": 0.0, "ratio": 0.0, "vulnClass": "none"}}, {"type": "Feature", "geometry": {"type": "MultiPolygon", "coordinates": [[[[72.31856450131656, 34.18374513433868], [72.31856144877456, 34.183663391846466], [72.31851277378233, 34.18365214046958], [72.31850967849388, 34.18356832359576], [72.31847791127535, 34.18356095779852], [72.3184075618673, 34.18356275485656], [72.31840670890925, 34.18354173129493], [72.3183452626631, 34.1835432722757], [72.31833915511996, 34.18356143911654], [72.31834612413174, 34.18374901299707], [72.3184299069072, 34.18376833436614], [72.3184307883979, 34.183791882746064], [72.31837532971467, 34.18377904056099], [72.31838621836324, 34.184075781432405], [72.31833942592394, 34.18407701182671], [72.31834031879559, 34.18410362554826], [72.31867122071993, 34.184095266073804], [72.3186714403871, 34.18409860642071], [72.3187196420648, 34.18409740671559], [72.31871600452341, 34.183999875215584], [72.3186641115421, 34.184001174500736], [72.31854209979049, 34.18397299394658], [72.3185387534371, 34.18388340199705], [72.31855362725479, 34.183883006065884], [72.31855590081808, 34.18387629454856], [72.31855207231251, 34.18377109613519], [72.31848237598842, 34.18377281736381], [72.31838276660903, 34.18374972421443], [72.31856450131656, 34.18374513433868]]]]}, "properties": {"id": "Pakistan_123102310_704152", "height": 2.896106004714966, "hmax": 0.0, "ratio": 0.0, "vulnClass": "none"}}, {"type": "Feature", "geometry": {"type": "MultiPolygon", "coordinates": [[[[72.31830749075336, 34.18322538928732], [72.3183253454319, 34.18345971855266], [72.31854048123486, 34.183448557042496], [72.31852273435922, 34.183214230150476], [72.31830749075336, 34.18322538928732]]]]}, "properties": {"id": "Pakistan_123102310_556833", "height": 3.396692752838135, "hmax": 0.0, "ratio": 0.0, "vulnClass": "none"}}, {"type": "Feature", "geometry": {"type": "MultiPolygon", "coordinates": [[[[72.31812013145229, 34.1857471086713], [72.3181011010845, 34.18570405157956], [72.31798752228231, 34.18573834837069], [72.31797284518903, 34.185705122658796], [72.3179893853479, 34.18570007546487], [72.31797734414484, 34.18567267699583], [72.31788260481315, 34.18570125559087], [72.31792845888333, 34.18580502936349], [72.31812013145229, 34.1857471086713]]]]}, "properties": {"id": "Pakistan_123102310_656482", "height": 3.128818035125732, "hmax": 0.0, "ratio": 0.0, "vulnClass": "none"}}, {"type": "Feature", "geometry": {"type": "MultiPolygon", "coordinates": [[[[72.31825070879447, 34.18598786994477], [72.3182197197391, 34.18591480188529], [72.31796318970842, 34.18598942416522], [72.31794683521359, 34.185950933072], [72.31790731044327, 34.18596241902161], [72.3179207380597, 34.18599399471347], [72.31779186808087, 34.186031562817504], [72.31782578650562, 34.18611145628896], [72.31825070879447, 34.18598786994477]]]]}, "properties": {"id": "Pakistan_123102310_666161", "height": 2.72260594367981, "hmax": 0.0, "ratio": 0.0, "vulnClass": "none"}}, {"type": "Feature", "geometry": {"type": "MultiPolygon", "coordinates": [[[[72.31771280819973, 34.186226089387205], [72.31769873598064, 34.186187467891116], [72.31762744282119, 34.186205290456535], [72.31764151500958, 34.1862439119593], [72.31771280819973, 34.186226089387205]]]]}, "properties": {"id": "Pakistan_123102310_234757", "height": 2.517913103103638, "hmax": 0.0, "ratio": 0.0, "vulnClass": "none"}}, {"type": "Feature", "geometry": {"type": "MultiPolygon", "coordinates": [[[[72.31777819294092, 34.18625095866441], [72.317852846733, 34.186222932450555], [72.31781243819786, 34.186149297648015], [72.31773778446073, 34.186177323840006], [72.31777819294092, 34.18625095866441]]]]}, "properties": {"id": "Pakistan_123102310_168751", "height": 2.501546621322632, "hmax": 0.0, "ratio": 0.0, "vulnClass": "none"}}, {"type": "Feature", "geometry": {"type": "MultiPolygon", "coordinates": [[[[72.31974678523277, 34.187148446652905], [72.31976269605589, 34.18721126827797], [72.31994626933587, 34.187179671784754], [72.3199303612305, 34.187116760089566], [72.31974678523277, 34.187148446652905]]]]}, "properties": {"id": "Pakistan_123102310_462292", "height": 2.510809898376465, "hmax": 0.0, "ratio": 0.0, "vulnClass": "none"}}, {"type": "Feature", "geometry": {"type": "MultiPolygon", "coordinates": [[[[72.32000689655018, 34.18734461888345], [72.31998590945804, 34.18722281849812], [72.31982562890127, 34.18724167218394], [72.3198342421829, 34.187291713309385], [72.3198630980671, 34.187288287323746], [72.31987547167218, 34.18736004659828], [72.32000689655018, 34.18734461888345]]]]}, "properties": {"id": "Pakistan_123102310_281953", "height": 3.159836292266846, "hmax": 0.0, "ratio": 0.0, "vulnClass": "none"}}, {"type": "Feature", "geometry": {"type": "MultiPolygon", "coordinates": [[[[72.31988832871961, 34.18695384210501], [72.31972211772826, 34.186971574390334], [72.3197277067982, 34.187007486042845], [72.31982948230149, 34.186996548913136], [72.31983823829422, 34.187052362747146], [72.31990267674652, 34.1870454774973], [72.31988832871961, 34.18695384210501]]]]}, "properties": {"id": "Pakistan_123102310_576036", "height": 2.555506229400635, "hmax": 0.0, "ratio": 0.0, "vulnClass": "none"}}, {"type": "Feature", "geometry": {"type": "MultiPolygon", "coordinates": [[[[72.31974598786907, 34.186834347263215], [72.31973817066884, 34.18679000297173], [72.3197014727031, 34.18679442945318], [72.31971793443903, 34.18688782391512], [72.31978207321781, 34.18688012082652], [72.31977342862595, 34.18683107066022], [72.31974598786907, 34.186834347263215]]]]}, "properties": {"id": "Pakistan_123102310_836855", "height": 2.557701110839844, "hmax": 0.0, "ratio": 0.0, "vulnClass": "none"}}, {"type": "Feature", "geometry": {"type": "MultiPolygon", "coordinates": [[[[72.31989785358293, 34.18673516653514], [72.31981772542906, 34.18676136149073], [72.31983735879602, 34.1868025383727], [72.31991759824118, 34.186776255688024], [72.31989785358293, 34.18673516653514]]]]}, "properties": {"id": "Pakistan_123102310_737581", "height": 3.037365436553955, "hmax": 0.0, "ratio": 0.0, "vulnClass": "none"}}, {"type": "Feature", "geometry": {"type": "MultiPolygon", "coordinates": [[[[72.32009841463133, 34.186896861737765], [72.32004133017807, 34.18670566836357], [72.31996042312657, 34.18672220035886], [72.31999818733392, 34.186848604500625], [72.31972522064382, 34.18690439045642], [72.31973394767493, 34.186933699617434], [72.31958228601192, 34.18696473132861], [72.3195957231172, 34.187009739382106], [72.3196387400273, 34.18700103372942], [72.31967336565073, 34.1871169119685], [72.31972905177014, 34.18710550829246], [72.3196914733257, 34.186980099787874], [72.32009841463133, 34.186896861737765]]]]}, "properties": {"id": "Pakistan_123102310_917371", "height": 3.019961833953857, "hmax": 0.0, "ratio": 0.0, "vulnClass": "none"}}, {"type": "Feature", "geometry": {"type": "MultiPolygon", "coordinates": [[[[72.3199234108462, 34.18633897578462], [72.31967078011832, 34.186386371481845], [72.31965960248286, 34.18634537941891], [72.31956007867198, 34.18636402838635], [72.31953887323928, 34.186286847319046], [72.3194944559847, 34.186295251883465], [72.31953958274885, 34.18645977017996], [72.31957384714748, 34.186453397397436], [72.31958395777113, 34.186490399549285], [72.3198901691897, 34.18643299665423], [72.3199068901807, 34.186494213277534], [72.31981249548151, 34.18651189276166], [72.31982348491269, 34.18655197920006], [72.31996633365017, 34.18652517187906], [72.31999473748789, 34.18662856352045], [72.32020393565284, 34.186589323060396], [72.32019236117898, 34.18654715041889], [72.32016311476833, 34.18655264140013], [72.32013190057614, 34.18643864083793], [72.3199595859729, 34.18647102464374], [72.3199234108462, 34.18633897578462]]]]}, "properties": {"id": "Pakistan_123102310_177296", "height": 3.20176362991333, "hmax": 0.0, "ratio": 0.0, "vulnClass": "none"}}, {"type": "Feature", "geometry": {"type": "MultiPolygon", "coordinates": [[[[72.31966538707701, 34.18650191580918], [72.31960231849851, 34.186520370067605], [72.31962332113817, 34.18656969039783], [72.31968638689878, 34.18655132621773], [72.31966538707701, 34.18650191580918]]]]}, "properties": {"id": "Pakistan_123102310_585527", "height": 2.651810169219971, "hmax": 0.0, "ratio": 0.0, "vulnClass": "none"}}, {"type": "Feature", "geometry": {"type": "MultiPolygon", "coordinates": [[[[72.3189327671325, 34.18588009179774], [72.31887194398765, 34.18589616074255], [72.31889669748311, 34.18596061822168], [72.31883336101147, 34.185977263237135], [72.31887325131046, 34.18608099642696], [72.31899741111262, 34.1860482824231], [72.3189327671325, 34.18588009179774]]]]}, "properties": {"id": "Pakistan_123102310_367672", "height": 2.958773136138916, "hmax": 0.0, "ratio": 0.0, "vulnClass": "none"}}, {"type": "Feature", "geometry": {"type": "MultiPolygon", "coordinates": [[[[72.31861391097485, 34.18586067863566], [72.31906007258075, 34.18575486264756], [72.31899813868812, 34.185576454229825], [72.31855208352741, 34.18568236249424], [72.31861391097485, 34.18586067863566]]]]}, "properties": {"id": "Pakistan_123102310_110856", "height": 4.91731071472168, "hmax": 0.0, "ratio": 0.0, "vulnClass": "none"}}, {"type": "Feature", "geometry": {"type": "MultiPolygon", "coordinates": [[[[72.31928333349352, 34.18578534655135], [72.31928555626159, 34.18583849339004], [72.31932572848747, 34.185837388372846], [72.3193235056941, 34.18578424153368], [72.31928333349352, 34.18578534655135]]]]}, "properties": {"id": "Pakistan_123102310_339309", "height": 2.473971128463745, "hmax": 0.0, "ratio": 0.0, "vulnClass": "none"}}, {"type": "Feature", "geometry": {"type": "MultiPolygon", "coordinates": [[[[72.31951099357225, 34.18582079431308], [72.3191252643414, 34.1859057564254], [72.31914857175545, 34.185978205574095], [72.31960442998489, 34.18587791844859], [72.31953173947366, 34.18565203661956], [72.31946160812002, 34.18566745162948], [72.31951099357225, 34.18582079431308]]]]}, "properties": {"id": "Pakistan_123102310_646938", "height": 3.131107091903687, "hmax": 0.0, "ratio": 0.0, "vulnClass": "none"}}, {"type": "Feature", "geometry": {"type": "MultiPolygon", "coordinates": [[[[72.32028929863768, 34.18602405606409], [72.32029776459743, 34.1862501565879], [72.32056038881029, 34.18624345524208], [72.32055734296439, 34.18616144247075], [72.32050229919702, 34.18616285394845], [72.32050352665195, 34.18619605591564], [72.32039778095779, 34.186198793383674], [72.32039113300152, 34.186021503655546], [72.32028929863768, 34.18602405606409]]]]}, "properties": {"id": "Pakistan_123102310_471778", "height": 4.080058574676514, "hmax": 0.0, "ratio": 0.0, "vulnClass": "none"}}, {"type": "Feature", "geometry": {"type": "MultiPolygon", "coordinates": [[[[72.31989447198968, 34.18560470390475], [72.31990560148115, 34.18566435591423], [72.32010731766019, 34.18563865478995], [72.32009619087842, 34.18557891270446], [72.31989447198968, 34.18560470390475]]]]}, "properties": {"id": "Pakistan_123102310_306145", "height": 2.907366037368774, "hmax": 0.0, "ratio": 0.0, "vulnClass": "none"}}, {"type": "Feature", "geometry": {"type": "MultiPolygon", "coordinates": [[[[72.31980371486047, 34.18557946144859], [72.31988284941443, 34.18557091411943], [72.31988591642063, 34.18559054367262], [72.32003624354384, 34.185574176768846], [72.32002584130609, 34.18550868092434], [72.3198517825063, 34.18552768433129], [72.31984419062988, 34.185479648822756], [72.31978878224011, 34.185485739811995], [72.31980371486047, 34.18557946144859]]]]}, "properties": {"id": "Pakistan_123102310_495404", "height": 2.634040117263794, "hmax": 0.0, "ratio": 0.0, "vulnClass": "none"}}, {"type": "Feature", "geometry": {"type": "MultiPolygon", "coordinates": [[[[72.32001454036646, 34.1854373056963], [72.31995650980505, 34.185248615793626], [72.31990857005476, 34.185258656379055], [72.31994063641054, 34.18536284929014], [72.31979572148772, 34.185393307614355], [72.31982168259937, 34.185477894735044], [72.32001454036646, 34.1854373056963]]]]}, "properties": {"id": "Pakistan_123102310_490642", "height": 2.926118850708008, "hmax": 0.0, "ratio": 0.0, "vulnClass": "none"}}, {"type": "Feature", "geometry": {"type": "MultiPolygon", "coordinates": [[[[72.31993678580716, 34.18523087590826], [72.3199224780091, 34.185148256369224], [72.31972266855884, 34.1851720156021], [72.31973708456592, 34.1852546375247], [72.31993678580716, 34.18523087590826]]]]}, "properties": {"id": "Pakistan_123102310_348816", "height": 2.670863151550293, "hmax": 0.0, "ratio": 0.0, "vulnClass": "none"}}, {"type": "Feature", "geometry": {"type": "MultiPolygon", "coordinates": [[[[72.3185911856593, 34.18547524201969], [72.31857024090667, 34.18541726841269], [72.31838185571063, 34.18546390286104], [72.31836789168709, 34.185425283799844], [72.31841840768337, 34.18541268582374], [72.31840762727697, 34.18538315137193], [72.31826002176011, 34.18541976935422], [72.31830570781447, 34.18554598662098], [72.3185911856593, 34.18547524201969]]]]}, "properties": {"id": "Pakistan_123102310_533241", "height": 2.488785266876221, "hmax": 0.0, "ratio": 0.0, "vulnClass": "none"}}, {"type": "Feature", "geometry": {"type": "MultiPolygon", "coordinates": [[[[72.31780259525101, 34.18523054624319], [72.31769071447609, 34.18525234909884], [72.31772127179694, 34.18535957460267], [72.31783304430634, 34.18533776935454], [72.31780259525101, 34.18523054624319]]]]}, "properties": {"id": "Pakistan_123102310_130593", "height": 3.260230541229248, "hmax": 0.0, "ratio": 0.0, "vulnClass": "none"}}, {"type": "Feature", "geometry": {"type": "MultiPolygon", "coordinates": [[[[72.31745299388308, 34.18461682128572], [72.31815803731422, 34.18450224790381], [72.31814022821659, 34.18442748479921], [72.3174351853983, 34.184542058108356], [72.31745299388308, 34.18461682128572]]]]}, "properties": {"id": "Pakistan_123102310_372422", "height": 2.987881660461426, "hmax": 0.0, "ratio": 0.0, "vulnClass": "none"}}, {"type": "Feature", "geometry": {"type": "MultiPolygon", "coordinates": [[[[72.31895047918279, 34.183871310074856], [72.31874358084642, 34.18388950379355], [72.31875428443315, 34.18397285598471], [72.31896107171985, 34.183954749975015], [72.31895047918279, 34.183871310074856]]]]}, "properties": {"id": "Pakistan_123102310_414850", "height": 2.812262058258057, "hmax": 0.0, "ratio": 0.0, "vulnClass": "none"}}, {"type": "Feature", "geometry": {"type": "MultiPolygon", "coordinates": [[[[72.31897138797642, 34.184098313768715], [72.31873567699238, 34.18410487918782], [72.31873834736854, 34.18417128784944], [72.31897416693991, 34.184164724804255], [72.31897138797642, 34.184098313768715]]]]}, "properties": {"id": "Pakistan_123102310_761320", "height": 2.774184703826904, "hmax": 0.0, "ratio": 0.0, "vulnClass": "none"}}, {"type": "Feature", "geometry": {"type": "MultiPolygon", "coordinates": [[[[72.31983643945935, 34.18475801022375], [72.31977551350327, 34.18452715697542], [72.31969107116414, 34.18454234947491], [72.31972786735543, 34.18468216486633], [72.31959607302753, 34.184705968250086], [72.31962009402586, 34.18479700378761], [72.31983643945935, 34.18475801022375]]]]}, "properties": {"id": "Pakistan_123102310_818005", "height": 2.968238353729248, "hmax": 0.0, "ratio": 0.0, "vulnClass": "none"}}, {"type": "Feature", "geometry": {"type": "MultiPolygon", "coordinates": [[[[72.32116594352837, 34.18465165842455], [72.32115681347038, 34.184607646114635], [72.32118285563156, 34.184603978019524], [72.32116555699731, 34.184519850851515], [72.32089968693077, 34.18455731397382], [72.32092611523767, 34.18468545348855], [72.32116594352837, 34.18465165842455]]]]}, "properties": {"id": "Pakistan_123102310_533262", "height": 3.06321907043457, "hmax": 0.0, "ratio": 0.0, "vulnClass": "none"}}, {"type": "Feature", "geometry": {"type": "MultiPolygon", "coordinates": [[[[72.32144780133845, 34.18448256454142], [72.32141091933912, 34.18449627298342], [72.32140497678645, 34.184485235030074], [72.32136140244076, 34.18450132145741], [72.32131630134077, 34.18441820963837], [72.32125043921305, 34.184442733964815], [72.3213305964005, 34.18459043776378], [72.32147680661647, 34.18453611614295], [72.32144780133845, 34.18448256454142]]]]}, "properties": {"id": "Pakistan_123102310_53816", "height": 3.862896203994751, "hmax": 0.0, "ratio": 0.0, "vulnClass": "none"}}, {"type": "Feature", "geometry": {"type": "MultiPolygon", "coordinates": [[[[72.32129193517098, 34.18437918333063], [72.32127197234487, 34.184303832660405], [72.3210620556558, 34.184341977618814], [72.32108212670164, 34.18441733068275], [72.32129193517098, 34.18437918333063]]]]}, "properties": {"id": "Pakistan_123102310_187405", "height": 3.649266719818115, "hmax": 0.0, "ratio": 0.0, "vulnClass": "none"}}, {"type": "Feature", "geometry": {"type": "MultiPolygon", "coordinates": [[[[72.32168935598823, 34.18433242262274], [72.32143216032341, 34.184411184749], [72.32147674293888, 34.184510692482434], [72.32173383047503, 34.18443192790832], [72.32168935598823, 34.18433242262274]]]]}, "properties": {"id": "Pakistan_123102310_599607", "height": 3.691352367401123, "hmax": 0.0, "ratio": 0.0, "vulnClass": "none"}}, {"type": "Feature", "geometry": {"type": "MultiPolygon", "coordinates": [[[[72.32209396737278, 34.18453165645614], [72.32196551389919, 34.18461449341668], [72.32202922041284, 34.18468214497832], [72.32215767393589, 34.184599307953704], [72.32209396737278, 34.18453165645614]]]]}, "properties": {"id": "Pakistan_123102310_561650", "height": 3.486710071563721, "hmax": 0.0, "ratio": 0.0, "vulnClass": "none"}}, {"type": "Feature", "geometry": {"type": "MultiPolygon", "coordinates": [[[[72.32192444325949, 34.18453769017775], [72.32198956703388, 34.18459482517399], [72.32209467117147, 34.18451283049593], [72.32202954738159, 34.18445569555452], [72.32192444325949, 34.18453769017775]]]]}, "properties": {"id": "Pakistan_123102310_708936", "height": 3.486710071563721, "hmax": 0.0, "ratio": 0.0, "vulnClass": "none"}}, {"type": "Feature", "geometry": {"type": "MultiPolygon", "coordinates": [[[[72.32201300045294, 34.18435806241508], [72.32198204136918, 34.184318261196154], [72.32184534058591, 34.184390911272985], [72.32187640518063, 34.18443080497958], [72.32201300045294, 34.18435806241508]]]]}, "properties": {"id": "Pakistan_123102310_860422", "height": 3.669111490249634, "hmax": 0.0, "ratio": 0.0, "vulnClass": "none"}}, {"type": "Feature", "geometry": {"type": "MultiPolygon", "coordinates": [[[[72.32231911145662, 34.18399134661895], [72.3222775590349, 34.18392291691362], [72.32213620010371, 34.18398167268006], [72.32217775243342, 34.1840501024287], [72.32231911145662, 34.18399134661895]]]]}, "properties": {"id": "Pakistan_123102310_884179", "height": 3.208601474761963, "hmax": 0.13, "ratio": 0.04, "vulnClass": "low"}}, {"type": "Feature", "geometry": {"type": "MultiPolygon", "coordinates": [[[[72.32172357999501, 34.1840494684272], [72.32163416461647, 34.18409845002888], [72.32183505494054, 34.18434912751154], [72.32195151905898, 34.18428523075247], [72.32184778718151, 34.184155763608935], [72.32187759420154, 34.184139376304934], [72.32185160493557, 34.18410707589515], [72.3218218007718, 34.184123373105535], [72.32179143244126, 34.1840854778928], [72.32176438675955, 34.18410030279152], [72.32172357999501, 34.1840494684272]]]]}, "properties": {"id": "Pakistan_123102310_481286", "height": 3.882781267166138, "hmax": 0.0, "ratio": 0.0, "vulnClass": "none"}}, {"type": "Feature", "geometry": {"type": "MultiPolygon", "coordinates": [[[[72.3237406142964, 34.18395972646078], [72.32392794803569, 34.183932442885194], [72.32391093800551, 34.18385282982873], [72.32382506467405, 34.18386528948944], [72.32380070685225, 34.18375044771578], [72.32369924960192, 34.18376518151164], [72.3237406142964, 34.18395972646078]]]]}, "properties": {"id": "Pakistan_123102310_751820", "height": 3.119220733642578, "hmax": 0.0, "ratio": 0.0, "vulnClass": "none"}}, {"type": "Feature", "geometry": {"type": "MultiPolygon", "coordinates": [[[[72.32472670212836, 34.184247097201684], [72.32471212164958, 34.18420386769057], [72.32465464377745, 34.18421712776118], [72.32464382630454, 34.18421617053806], [72.32459879535658, 34.18408266753827], [72.32446745131635, 34.18411288670412], [72.32445327623608, 34.184111766050975], [72.32441820017654, 34.18411983537442], [72.32440986857421, 34.18409513278024], [72.3243179679336, 34.18411638610975], [72.32431460938143, 34.18414371841349], [72.32422358442611, 34.18416472032878], [72.32421946464912, 34.184198977565046], [72.32415324621246, 34.18421421025865], [72.32415162110844, 34.18422787758958], [72.32409643668, 34.184240646544694], [72.32409085991222, 34.18428668162417], [72.32406716073488, 34.18421620805458], [72.32402853510733, 34.18421302120458], [72.3240458886052, 34.1842646051024], [72.32406795999921, 34.18426643902823], [72.32408551325533, 34.184318568180196], [72.32378085868785, 34.18438881713416], [72.32377689551687, 34.18442154521849], [72.32379088491065, 34.184462868778624], [72.32472670212836, 34.184247097201684]]]]}, "properties": {"id": "Pakistan_123102310_822677", "height": 3.0140061378479, "hmax": 0.0, "ratio": 0.0, "vulnClass": "none"}}, {"type": "Feature", "geometry": {"type": "MultiPolygon", "coordinates": [[[[72.32337504786618, 34.18457062642808], [72.32331019179865, 34.184374576927866], [72.32315045724668, 34.18441066569129], [72.32315906814559, 34.18443681685795], [72.32310913804173, 34.18444807736796], [72.32316537991284, 34.18461806587479], [72.32337504786618, 34.18457062642808]]]]}, "properties": {"id": "Pakistan_123102310_253719", "height": 2.685168027877808, "hmax": 0.079, "ratio": 0.029, "vulnClass": "none"}}, {"type": "Feature", "geometry": {"type": "MultiPolygon", "coordinates": [[[[72.32311324060929, 34.18430113238328], [72.32313419552948, 34.18438633079693], [72.32335318043023, 34.18434955216469], [72.32333222529354, 34.18426435377802], [72.32311324060929, 34.18430113238328]]]]}, "properties": {"id": "Pakistan_123102310_433752", "height": 2.965363025665283, "hmax": 0.085, "ratio": 0.029, "vulnClass": "none"}}, {"type": "Feature", "geometry": {"type": "MultiPolygon", "coordinates": [[[[72.32259608687201, 34.18480342527214], [72.32267468993186, 34.184966059203724], [72.32277411954975, 34.18493316189504], [72.32269551632061, 34.18477052801884], [72.32259608687201, 34.18480342527214]]]]}, "properties": {"id": "Pakistan_123102310_83503", "height": 3.833652973175049, "hmax": 0.0, "ratio": 0.0, "vulnClass": "none"}}, {"type": "Feature", "geometry": {"type": "MultiPolygon", "coordinates": [[[[72.3226789123024, 34.18497318309309], [72.32257440811993, 34.18478230756918], [72.32246199638298, 34.18482438697326], [72.32256639194748, 34.18501526021522], [72.3226789123024, 34.18497318309309]]]]}, "properties": {"id": "Pakistan_123102310_400840", "height": 3.12523341178894, "hmax": 0.064, "ratio": 0.021, "vulnClass": "none"}}, {"type": "Feature", "geometry": {"type": "MultiPolygon", "coordinates": [[[[72.322782503794, 34.184935598706375], [72.32270857136886, 34.184961480156886], [72.32275383129411, 34.18504991381249], [72.32282776378639, 34.185024032338035], [72.322782503794, 34.184935598706375]]]]}, "properties": {"id": "Pakistan_123102310_120656", "height": 2.62558126449585, "hmax": 0.0, "ratio": 0.0, "vulnClass": "none"}}, {"type": "Feature", "geometry": {"type": "MultiPolygon", "coordinates": [[[[72.3227653056539, 34.18506440803562], [72.3227910518408, 34.18512843572855], [72.32293232495863, 34.185089600511354], [72.32290668707589, 34.18502557521003], [72.3227653056539, 34.18506440803562]]]]}, "properties": {"id": "Pakistan_123102310_429007", "height": 2.606688022613525, "hmax": 0.0, "ratio": 0.0, "vulnClass": "none"}}, {"type": "Feature", "geometry": {"type": "MultiPolygon", "coordinates": [[[[72.32336551261685, 34.18552781061503], [72.32331744783562, 34.1854937664968], [72.32324851533673, 34.18556050517929], [72.32329658297205, 34.18559445923694], [72.32336551261685, 34.18552781061503]]]]}, "properties": {"id": "Pakistan_123102310_271488", "height": 3.477224826812744, "hmax": 0.0, "ratio": 0.0, "vulnClass": "none"}}, {"type": "Feature", "geometry": {"type": "MultiPolygon", "coordinates": [[[[72.32294147021263, 34.18556552132054], [72.32296927773814, 34.18560209825893], [72.32300666749107, 34.18558263084552], [72.32297885995463, 34.18554605391504], [72.32294147021263, 34.18556552132054]]]]}, "properties": {"id": "Pakistan_123102310_789571", "height": 3.034601449966431, "hmax": 0.0, "ratio": 0.0, "vulnClass": "none"}}, {"type": "Feature", "geometry": {"type": "MultiPolygon", "coordinates": [[[[72.32327281468, 34.18535459230497], [72.32304154967726, 34.18545718251468], [72.32308737121264, 34.18552786878315], [72.32306657814522, 34.18553706087198], [72.32310567528155, 34.18559741338554], [72.32299521430232, 34.1856463872366], [72.32302872815816, 34.18569805363342], [72.32325372084918, 34.18559830148834], [72.32319114360126, 34.18550173705593], [72.32332867029804, 34.18544073287274], [72.32327281468, 34.18535459230497]]]]}, "properties": {"id": "Pakistan_123102310_7743", "height": 4.131708145141602, "hmax": 0.0, "ratio": 0.0, "vulnClass": "none"}}, {"type": "Feature", "geometry": {"type": "MultiPolygon", "coordinates": [[[[72.32284487697493, 34.185460641450405], [72.3229382705126, 34.18542310473672], [72.32297161907215, 34.18547999623405], [72.32317565322819, 34.18539808706766], [72.32307766149924, 34.18523106354626], [72.3227802370835, 34.185350419147724], [72.32284487697493, 34.185460641450405]]]]}, "properties": {"id": "Pakistan_123102310_590207", "height": 4.269549369812012, "hmax": 0.087, "ratio": 0.02, "vulnClass": "none"}}, {"type": "Feature", "geometry": {"type": "MultiPolygon", "coordinates": [[[[72.32309896270732, 34.185229815740456], [72.32313984904664, 34.18535367285307], [72.32317863423096, 34.18534496368836], [72.32310755816059, 34.185129486222685], [72.3227367375113, 34.18521316268158], [72.3227670352075, 34.185304785484504], [72.32309896270732, 34.185229815740456]]]]}, "properties": {"id": "Pakistan_123102310_25922", "height": 3.485977411270142, "hmax": 0.087, "ratio": 0.025, "vulnClass": "none"}}, {"type": "Feature", "geometry": {"type": "MultiPolygon", "coordinates": [[[[72.32238932473147, 34.18546223334777], [72.32221329904729, 34.18518325175072], [72.32211002683275, 34.18522787430522], [72.32228605224897, 34.18550685603709], [72.32238932473147, 34.18546223334777]]]]}, "properties": {"id": "Pakistan_123102310_149831", "height": 3.679602861404419, "hmax": 0.074, "ratio": 0.02, "vulnClass": "none"}}, {"type": "Feature", "geometry": {"type": "MultiPolygon", "coordinates": [[[[72.32223457440264, 34.184668239205735], [72.32217773458507, 34.18460984284992], [72.32208487617531, 34.18467164101326], [72.32214171596442, 34.18473003741057], [72.32223457440264, 34.184668239205735]]]]}, "properties": {"id": "Pakistan_123102310_452685", "height": 2.77717661857605, "hmax": 0.0, "ratio": 0.0, "vulnClass": "none"}}, {"type": "Feature", "geometry": {"type": "MultiPolygon", "coordinates": [[[[72.32139615022245, 34.18471970237131], [72.32134753118494, 34.18462434347669], [72.3212154698602, 34.18467031965769], [72.32125090557288, 34.184740058473515], [72.32131583802386, 34.18471749714137], [72.32132891283342, 34.18474311489184], [72.32139615022245, 34.18471970237131]]]]}, "properties": {"id": "Pakistan_123102310_64551", "height": 3.372349739074707, "hmax": 0.0, "ratio": 0.0, "vulnClass": "none"}}, {"type": "Feature", "geometry": {"type": "MultiPolygon", "coordinates": [[[[72.32076040921977, 34.1850576676244], [72.32078948100391, 34.185153681418996], [72.32092826765019, 34.18512489099556], [72.32089919571393, 34.1850288772265], [72.32076040921977, 34.1850576676244]]]]}, "properties": {"id": "Pakistan_123102310_448004", "height": 2.920516729354858, "hmax": 0.0, "ratio": 0.0, "vulnClass": "none"}}, {"type": "Feature", "geometry": {"type": "MultiPolygon", "coordinates": [[[[72.32112238189755, 34.185346303161985], [72.32108576882935, 34.18521433517527], [72.32103349306718, 34.18522428147175], [72.32102064017107, 34.185177934069685], [72.32106909613996, 34.18516871567113], [72.32106003491502, 34.18513624404444], [72.32089316907981, 34.18516793694512], [72.32093183314313, 34.18530707163465], [72.32077893663802, 34.1853360946442], [72.32075400713306, 34.18524630155109], [72.32067117314536, 34.18526207075477], [72.32069279024292, 34.185339981850106], [72.32062392586765, 34.18535308132788], [72.3206052331324, 34.18528560135922], [72.32059639259573, 34.18528730132204], [72.32055520136358, 34.18513891603011], [72.32051951691494, 34.18514561867161], [72.32061689467079, 34.18549644625642], [72.32083090799999, 34.18545577731271], [72.32081658874924, 34.18540434945994], [72.32112238189755, 34.185346303161985]]]]}, "properties": {"id": "Pakistan_123102310_794274", "height": 4.107718467712402, "hmax": 0.0, "ratio": 0.0, "vulnClass": "none"}}, {"type": "Feature", "geometry": {"type": "MultiPolygon", "coordinates": [[[[72.32063261318531, 34.18594934200883], [72.32084453197187, 34.18594748189175], [72.32084410605772, 34.18591637088427], [72.32072615663141, 34.185917399592064], [72.32072412124306, 34.18575544597455], [72.32083935749209, 34.185754448129096], [72.3208398605535, 34.18578997816601], [72.32092569084466, 34.185789239206755], [72.32092428710415, 34.18568274154763], [72.32062936014951, 34.185685312151364], [72.32063261318531, 34.18594934200883]]]]}, "properties": {"id": "Pakistan_123102310_675708", "height": 3.738651514053345, "hmax": 0.0, "ratio": 0.0, "vulnClass": "none"}}, {"type": "Feature", "geometry": {"type": "MultiPolygon", "coordinates": [[[[72.3209182636654, 34.18624000652261], [72.32092421571937, 34.18638446649331], [72.32092519126684, 34.1863810621143], [72.32092985300196, 34.18649430203994], [72.32112963456761, 34.18648866042332], [72.32112791878724, 34.18644688355156], [72.32111283044507, 34.186443759252825], [72.32111106041812, 34.186400268348294], [72.32106504513831, 34.18639060859943], [72.32098469727694, 34.18639290982581], [72.32097872221988, 34.18624574485721], [72.32103637631079, 34.186244119749276], [72.32103477762927, 34.18620550067978], [72.32097259867714, 34.18619242264542], [72.32097020924823, 34.186134223778836], [72.32097492725052, 34.18611882108806], [72.32097312878845, 34.186076231059026], [72.32076686832147, 34.18603295980345], [72.32074895309339, 34.186033469835756], [72.32073781978079, 34.18606991755066], [72.32084095002041, 34.18609155324676], [72.32084686774556, 34.18623709426846], [72.32089735572018, 34.186235673242905], [72.3209182636654, 34.18624000652261]]]]}, "properties": {"id": "Pakistan_123102310_178051", "height": 3.618497371673584, "hmax": 0.0, "ratio": 0.0, "vulnClass": "none"}}, {"type": "Feature", "geometry": {"type": "MultiPolygon", "coordinates": [[[[72.32094298970021, 34.18578420818666], [72.32085024777346, 34.18580453895709], [72.32090208373239, 34.185966228474236], [72.32091464428538, 34.18596352797424], [72.32093656386375, 34.18603188975386], [72.32137263426097, 34.18593639232909], [72.32135199536206, 34.18587211534056], [72.32099610398035, 34.18595007249296], [72.32094298970021, 34.18578420818666]]]]}, "properties": {"id": "Pakistan_123102310_53804", "height": 3.117276191711426, "hmax": 0.0, "ratio": 0.0, "vulnClass": "none"}}, {"type": "Feature", "geometry": {"type": "MultiPolygon", "coordinates": [[[[72.32200352756527, 34.185878774476414], [72.32190305984889, 34.18588271033101], [72.3219087207982, 34.185981548101985], [72.32200919148134, 34.1859775221607], [72.32200352756527, 34.185878774476414]]]]}, "properties": {"id": "Pakistan_123102310_855783", "height": 2.89290976524353, "hmax": 0.051, "ratio": 0.018, "vulnClass": "none"}}, {"type": "Feature", "geometry": {"type": "MultiPolygon", "coordinates": [[[[72.32221936745432, 34.18597589204829], [72.3221673994357, 34.185986386439914], [72.32219650742066, 34.186084744625674], [72.32224847549776, 34.18607425022456], [72.32221936745432, 34.18597589204829]]]]}, "properties": {"id": "Pakistan_123102310_561652", "height": 2.907140254974365, "hmax": 0.051, "ratio": 0.017, "vulnClass": "none"}}, {"type": "Feature", "geometry": {"type": "MultiPolygon", "coordinates": [[[[72.32203267364513, 34.186006792842555], [72.32215220046197, 34.185997052787876], [72.3221428515123, 34.185918778802105], [72.32210304446426, 34.18592205631723], [72.32210782454725, 34.185962998615615], [72.3220134218203, 34.18597067301309], [72.32201480871002, 34.185981701590364], [72.32191649200232, 34.185989651027455], [72.32192574943497, 34.186067382126474], [72.3220387492788, 34.186058220825274], [72.32203267364513, 34.186006792842555]]]]}, "properties": {"id": "Pakistan_123102310_344072", "height": 3.809276819229126, "hmax": 0.051, "ratio": 0.013, "vulnClass": "none"}}, {"type": "Feature", "geometry": {"type": "MultiPolygon", "coordinates": [[[[72.32217242102459, 34.18613632523121], [72.32216229376779, 34.1860037640139], [72.32203940341167, 34.186010095070756], [72.32204347363674, 34.18606319210193], [72.3219365556994, 34.18606869994971], [72.32194048027876, 34.186119540054094], [72.32187626500112, 34.186122825279654], [72.32187358487312, 34.18608751813565], [72.32182023286946, 34.1860903194078], [72.32181671077232, 34.186043905436755], [72.3216964277623, 34.18605011279775], [72.3217043166535, 34.186153957479355], [72.32152263954606, 34.18616342124122], [72.32152630705188, 34.18621209213931], [72.32148088845776, 34.186214435515566], [72.32148595154953, 34.18628071612585], [72.3219374276669, 34.186257222405395], [72.32192924447668, 34.186148953960284], [72.32217242102459, 34.18613632523121]]]]}, "properties": {"id": "Pakistan_123102310_224456", "height": 5.020505905151367, "hmax": 0.051, "ratio": 0.01, "vulnClass": "none"}}, {"type": "Feature", "geometry": {"type": "MultiPolygon", "coordinates": [[[[72.32193532152371, 34.18616603487045], [72.32194568568464, 34.18623964324503], [72.32205950442132, 34.18622860666879], [72.32206410728134, 34.186261431606646], [72.32219381011703, 34.186248938822544], [72.32220134084956, 34.18630238187461], [72.32230841291423, 34.18629200907432], [72.3223014985102, 34.18624308698147], [72.32236907142317, 34.18623653931235], [72.3223534846721, 34.186125675155566], [72.32193532152371, 34.18616603487045]]]]}, "properties": {"id": "Pakistan_123102310_533270", "height": 5.140080451965332, "hmax": 0.0, "ratio": 0.0, "vulnClass": "none"}}, {"type": "Feature", "geometry": {"type": "MultiPolygon", "coordinates": [[[[72.3222176987374, 34.18630652541418], [72.3222409613824, 34.1864662381573], [72.32240223587938, 34.18645019760578], [72.3223923394206, 34.18638236906793], [72.32232628406109, 34.18638894988769], [72.32231291764236, 34.18629706569468], [72.3222176987374, 34.18630652541418]]]]}, "properties": {"id": "Pakistan_123102310_618574", "height": 4.949301719665527, "hmax": 0.0, "ratio": 0.0, "vulnClass": "none"}}, {"type": "Feature", "geometry": {"type": "MultiPolygon", "coordinates": [[[[72.32239149877837, 34.18671770831391], [72.32237085309241, 34.18665018593463], [72.32225236442669, 34.1866750940326], [72.32223319110182, 34.18661247188172], [72.32233649740462, 34.18659083823953], [72.32234230362418, 34.18660962606496], [72.32244812316304, 34.186587416163114], [72.32241763396864, 34.186488126370364], [72.32235211231384, 34.1865018406983], [72.32233332983368, 34.18644057934455], [72.32203847665997, 34.186502473514004], [72.3220438890739, 34.186519990652585], [72.32196067750344, 34.186537375152255], [72.32200797691168, 34.186691663026416], [72.32203320373674, 34.186686354261084], [72.32206388369829, 34.186786459652815], [72.32239149877837, 34.18671770831391]]]]}, "properties": {"id": "Pakistan_123102310_167960", "height": 3.611108779907227, "hmax": 0.0, "ratio": 0.0, "vulnClass": "none"}}, {"type": "Feature", "geometry": {"type": "MultiPolygon", "coordinates": [[[[72.32172917132486, 34.18642107357636], [72.32173002247593, 34.18652449407638], [72.32179826912524, 34.18652409163792], [72.32179863295539, 34.186564035980616], [72.32196225041115, 34.186563102223], [72.3219614881298, 34.18647744318576], [72.3217725896683, 34.18647854593829], [72.32177202833142, 34.18642083775532], [72.32172917132486, 34.18642107357636]]]]}, "properties": {"id": "Pakistan_123102310_44538", "height": 3.719649076461792, "hmax": 0.0, "ratio": 0.0, "vulnClass": "none"}}, {"type": "Feature", "geometry": {"type": "MultiPolygon", "coordinates": [[[[72.32172114637916, 34.18641756274003], [72.32178940433911, 34.18641679995186], [72.32178798622749, 34.18633473258654], [72.32159373636992, 34.18633698028014], [72.32159596911674, 34.18646873801805], [72.32172206968214, 34.18646725548993], [72.32172114637916, 34.18641756274003]]]]}, "properties": {"id": "Pakistan_123102310_120618", "height": 3.921625375747681, "hmax": 0.0, "ratio": 0.0, "vulnClass": "none"}}, {"type": "Feature", "geometry": {"type": "MultiPolygon", "coordinates": [[[[72.32148494801397, 34.186463337841694], [72.32153426659349, 34.186464595506926], [72.3215378575489, 34.18636478789276], [72.32148842777279, 34.1863636179512], [72.32148494801397, 34.186463337841694]]]]}, "properties": {"id": "Pakistan_123102310_566370", "height": 3.184379577636719, "hmax": 0.0, "ratio": 0.0, "vulnClass": "none"}}, {"type": "Feature", "geometry": {"type": "MultiPolygon", "coordinates": [[[[72.32156005555676, 34.18630433148661], [72.32150225299878, 34.18630379000035], [72.32150184598412, 34.18633037532131], [72.32155964856022, 34.18633091680862], [72.32156005555676, 34.18630433148661]]]]}, "properties": {"id": "Pakistan_123102310_120612", "height": 3.403604030609131, "hmax": 0.0, "ratio": 0.0, "vulnClass": "none"}}, {"type": "Feature", "geometry": {"type": "MultiPolygon", "coordinates": [[[[72.32137680300292, 34.18630186082543], [72.32138147857816, 34.18646955157249], [72.32144584538857, 34.18646834337129], [72.32144371745758, 34.18639157934695], [72.32145023030122, 34.186391451173755], [72.32144703993663, 34.1862796857895], [72.32129572706611, 34.18628260053482], [72.32129636961423, 34.18630343919156], [72.32137680300292, 34.18630186082543]]]]}, "properties": {"id": "Pakistan_123102310_6868", "height": 3.820533990859985, "hmax": 0.0, "ratio": 0.0, "vulnClass": "none"}}, {"type": "Feature", "geometry": {"type": "MultiPolygon", "coordinates": [[[[72.32145842174664, 34.18659203327768], [72.3214584081187, 34.1865273053748], [72.32144487032853, 34.1864854505456], [72.32137262128566, 34.18648549490125], [72.32137259539348, 34.18630798924661], [72.32126802192916, 34.18630795842678], [72.32126800430463, 34.18646968689898], [72.32128945919654, 34.18653560442329], [72.32128945767263, 34.186576802877546], [72.32130558024362, 34.18662610647971], [72.32145842174664, 34.18659203327768]]]]}, "properties": {"id": "Pakistan_123102310_594880", "height": 3.448189258575439, "hmax": 0.0, "ratio": 0.0, "vulnClass": "none"}}, {"type": "Feature", "geometry": {"type": "MultiPolygon", "coordinates": [[[[72.32125888719604, 34.186212650751855], [72.32125702919853, 34.18627481356776], [72.32144457512362, 34.18627873044575], [72.32144653853885, 34.18621666007628], [72.32125888719604, 34.186212650751855]]]]}, "properties": {"id": "Pakistan_123102310_93055", "height": 3.983628511428833, "hmax": 0.0, "ratio": 0.0, "vulnClass": "none"}}, {"type": "Feature", "geometry": {"type": "MultiPolygon", "coordinates": [[[[72.32076852538484, 34.18623430063579], [72.32084198668561, 34.18623707776527], [72.32084429341567, 34.18619502818591], [72.32077083215115, 34.18619225105953], [72.32076852538484, 34.18623430063579]]]]}, "properties": {"id": "Pakistan_123102310_912593", "height": 3.049265146255493, "hmax": 0.0, "ratio": 0.0, "vulnClass": "none"}}, {"type": "Feature", "geometry": {"type": "MultiPolygon", "coordinates": [[[[72.32127970996635, 34.186494012645646], [72.32091622551646, 34.186499864022295], [72.32091751070779, 34.1865518184192], [72.32058918920121, 34.18655717502046], [72.32059095676298, 34.18662816157333], [72.32128265796926, 34.18661686116399], [72.32127970996635, 34.186494012645646]]]]}, "properties": {"id": "Pakistan_123102310_452673", "height": 4.208595275878906, "hmax": 0.0, "ratio": 0.0, "vulnClass": "none"}}, {"type": "Feature", "geometry": {"type": "MultiPolygon", "coordinates": [[[[72.32151613595869, 34.18683543660335], [72.32136956013068, 34.1868257437648], [72.32138213654372, 34.18669566180929], [72.32127821281208, 34.18668879379057], [72.32126159804422, 34.186860797339385], [72.32151209788337, 34.18687735822874], [72.32151613595869, 34.18683543660335]]]]}, "properties": {"id": "Pakistan_123102310_353562", "height": 3.721940994262695, "hmax": 0.0, "ratio": 0.0, "vulnClass": "none"}}, {"type": "Feature", "geometry": {"type": "MultiPolygon", "coordinates": [[[[72.32083692191489, 34.18704516050318], [72.32078326679978, 34.18704380779039], [72.32078058701937, 34.187114787310755], [72.32083424217929, 34.187116140026845], [72.32083692191489, 34.18704516050318]]]]}, "properties": {"id": "Pakistan_123102310_865196", "height": 2.482103824615479, "hmax": 0.0, "ratio": 0.0, "vulnClass": "none"}}, {"type": "Feature", "geometry": {"type": "MultiPolygon", "coordinates": [[[[72.32105173065028, 34.18714748632249], [72.3209537431754, 34.18714498475876], [72.32095243746141, 34.18717596777663], [72.3210505305277, 34.187178561799236], [72.32105173065028, 34.18714748632249]]]]}, "properties": {"id": "Pakistan_123102310_206567", "height": 3.196835041046143, "hmax": 0.0, "ratio": 0.0, "vulnClass": "none"}}, {"type": "Feature", "geometry": {"type": "MultiPolygon", "coordinates": [[[[72.32084359973568, 34.18713239116831], [72.32084283316075, 34.187163476114435], [72.32093130088451, 34.18716513871276], [72.32093206457672, 34.18713414385211], [72.32084359973568, 34.18713239116831]]]]}, "properties": {"id": "Pakistan_123102310_855767", "height": 2.971092939376831, "hmax": 0.0, "ratio": 0.0, "vulnClass": "none"}}, {"type": "Feature", "geometry": {"type": "MultiPolygon", "coordinates": [[[[72.32128337740681, 34.18717021671782], [72.32128040213539, 34.187085951750795], [72.32108748291512, 34.18709066171234], [72.32109045799393, 34.187174926674864], [72.32128337740681, 34.18717021671782]]]]}, "properties": {"id": "Pakistan_123102310_263133", "height": 2.72806978225708, "hmax": 0.0, "ratio": 0.0, "vulnClass": "none"}}, {"type": "Feature", "geometry": {"type": "MultiPolygon", "coordinates": [[[[72.32223100021316, 34.18687728440212], [72.3221994852933, 34.18680357472894], [72.3221470405452, 34.18681883663003], [72.3221785525743, 34.1868926364023], [72.32223100021316, 34.18687728440212]]]]}, "properties": {"id": "Pakistan_123102310_666196", "height": 3.144153594970703, "hmax": 0.0, "ratio": 0.0, "vulnClass": "none"}}, {"type": "Feature", "geometry": {"type": "MultiPolygon", "coordinates": [[[[72.32179930537289, 34.18684117138552], [72.32178174652876, 34.186840697700596], [72.32177920722201, 34.18690726299089], [72.32179687733486, 34.186907648957074], [72.32179930537289, 34.18684117138552]]]]}, "properties": {"id": "Pakistan_123102310_850978", "height": 3.348525762557983, "hmax": 0.0, "ratio": 0.0, "vulnClass": "none"}}, {"type": "Feature", "geometry": {"type": "MultiPolygon", "coordinates": [[[[72.32152005874173, 34.18684174263758], [72.3215169622407, 34.18688819232518], [72.32177368682632, 34.186900020569105], [72.32177866778616, 34.186824854224], [72.32166633678047, 34.186819696037716], [72.32166445214426, 34.18684841267864], [72.32152005874173, 34.18684174263758]]]]}, "properties": {"id": "Pakistan_123102310_618567", "height": 3.801506042480469, "hmax": 0.0, "ratio": 0.0, "vulnClass": "none"}}, {"type": "Feature", "geometry": {"type": "MultiPolygon", "coordinates": [[[[72.32178389986558, 34.18675203725965], [72.32169816259503, 34.186749803882215], [72.32169548360702, 34.186820783462494], [72.32178122379854, 34.18682292675755], [72.32178389986558, 34.18675203725965]]]]}, "properties": {"id": "Pakistan_123102310_320467", "height": 3.815782070159912, "hmax": 0.0, "ratio": 0.0, "vulnClass": "none"}}, {"type": "Feature", "geometry": {"type": "MultiPolygon", "coordinates": [[[[72.32180106824197, 34.18691233814173], [72.32210124341823, 34.186918894433354], [72.32210577066006, 34.186779170842364], [72.3220011593928, 34.18677688606169], [72.32199922198478, 34.18683814566482], [72.32192149522275, 34.186836447999404], [72.32192585464456, 34.186702039598465], [72.32170329848817, 34.18669717839281], [72.3217016144709, 34.18675042018269], [72.32184633568015, 34.1867535813208], [72.32184360035858, 34.186840065455556], [72.32180338191188, 34.18683918698124], [72.32180106824197, 34.18691233814173]]]]}, "properties": {"id": "Pakistan_123102310_310928", "height": 4.56740665435791, "hmax": 0.0, "ratio": 0.0, "vulnClass": "none"}}, {"type": "Feature", "geometry": {"type": "MultiPolygon", "coordinates": [[[[72.32149576797684, 34.18669399727014], [72.32150008970247, 34.186605384208924], [72.32144536503186, 34.18660355767938], [72.3214410432493, 34.186692170735974], [72.32149576797684, 34.18669399727014]]]]}, "properties": {"id": "Pakistan_123102310_233868", "height": 2.600682973861694, "hmax": 0.0, "ratio": 0.0, "vulnClass": "none"}}, {"type": "Feature", "geometry": {"type": "MultiPolygon", "coordinates": [[[[72.32139557218514, 34.186668730066195], [72.32143941327406, 34.18666139402377], [72.3214289364696, 34.18661879471357], [72.32138509540232, 34.18662613075329], [72.32139557218514, 34.186668730066195]]]]}, "properties": {"id": "Pakistan_123102310_599603", "height": 2.564016819000244, "hmax": 0.0, "ratio": 0.0, "vulnClass": "none"}}, {"type": "Feature", "geometry": {"type": "MultiPolygon", "coordinates": [[[[72.32176657507841, 34.18660354259082], [72.32177399443063, 34.18666049907292], [72.32185623660423, 34.18665319031709], [72.3218488171966, 34.18659623383729], [72.32176657507841, 34.18660354259082]]]]}, "properties": {"id": "Pakistan_123102310_167942", "height": 4.780399322509766, "hmax": 0.0, "ratio": 0.0, "vulnClass": "none"}}, {"type": "Feature", "geometry": {"type": "MultiPolygon", "coordinates": [[[[72.32243893608053, 34.18662408684754], [72.32244013468012, 34.18669596248708], [72.32253020800707, 34.18669486433307], [72.3225305485883, 34.18671840089298], [72.32247541881345, 34.18671909017267], [72.32247603379432, 34.186754532510335], [72.32258325234082, 34.18675326782216], [72.32258098959339, 34.18662241091138], [72.32243893608053, 34.18662408684754]]]]}, "properties": {"id": "Pakistan_123102310_708940", "height": 4.052205085754395, "hmax": 0.0, "ratio": 0.0, "vulnClass": "none"}}, {"type": "Feature", "geometry": {"type": "MultiPolygon", "coordinates": [[[[72.32240382752097, 34.186760077546474], [72.32240155642378, 34.18687992730523], [72.32248201618599, 34.18688096314888], [72.32248428432082, 34.18676120347092], [72.32240382752097, 34.186760077546474]]]]}, "properties": {"id": "Pakistan_123102310_718585", "height": 4.415491580963135, "hmax": 0.0, "ratio": 0.0, "vulnClass": "none"}}, {"type": "Feature", "geometry": {"type": "MultiPolygon", "coordinates": [[[[72.32263313659634, 34.18658911233733], [72.3226299793082, 34.18654486994421], [72.32255772748056, 34.18654843078369], [72.3225608875793, 34.18659258308917], [72.32263313659634, 34.18658911233733]]]]}, "properties": {"id": "Pakistan_123102310_400838", "height": 4.189997673034668, "hmax": 0.0, "ratio": 0.0, "vulnClass": "none"}}, {"type": "Feature", "geometry": {"type": "MultiPolygon", "coordinates": [[[[72.3229517694584, 34.186619147929584], [72.32295306890069, 34.1865917707286], [72.3228872896713, 34.186589613335926], [72.32288599020785, 34.18661699053522], [72.3229517694584, 34.186619147929584]]]]}, "properties": {"id": "Pakistan_123102310_130060", "height": 2.441492795944214, "hmax": 0.0, "ratio": 0.0, "vulnClass": "none"}}, {"type": "Feature", "geometry": {"type": "MultiPolygon", "coordinates": [[[[72.32305185818336, 34.186984096387015], [72.32314246569418, 34.186990131295325], [72.32314521423515, 34.1869615236299], [72.32427264712489, 34.187037247362355], [72.3242593235211, 34.18697826899521], [72.3243831643704, 34.1869590650404], [72.32433926050089, 34.1869237598475], [72.32412483053193, 34.186956943331886], [72.32415470035289, 34.186931722169625], [72.32412053738265, 34.18691772456663], [72.32434663499214, 34.18688263210001], [72.32435562635901, 34.18679033446679], [72.32423854676239, 34.186808423851026], [72.32423596678554, 34.18683514208096], [72.32432126809418, 34.186840880017805], [72.32416919374461, 34.18686442601268], [72.32413359214426, 34.186707148765976], [72.3243097604784, 34.18667980139714], [72.32429300114535, 34.18660596346562], [72.32400938321389, 34.18658697264184], [72.32380852903492, 34.18692173294256], [72.32371368639394, 34.18693643072014], [72.32372790727653, 34.186791960339164], [72.32356491284837, 34.18672511730493], [72.32351803935074, 34.186732297769474], [72.32361419670164, 34.186809852208214], [72.32323395628927, 34.1868687134399], [72.32311833107295, 34.18677558850457], [72.32335237072128, 34.18679124536944], [72.32336114083888, 34.18670254900259], [72.32307519559927, 34.18674688059213], [72.32305185818336, 34.186984096387015]]]]}, "properties": {"id": "Pakistan_123102310_860427", "height": 4.268397331237793, "hmax": 0.0, "ratio": 0.0, "vulnClass": "none"}}, {"type": "Feature", "geometry": {"type": "MultiPolygon", "coordinates": [[[[72.3230942304189, 34.18671439144757], [72.32344690401109, 34.18670739612755], [72.32344466586578, 34.18663062968782], [72.3230238257351, 34.18663893141577], [72.32302678657418, 34.18674086545626], [72.3230949535156, 34.1867395590594], [72.3230942304189, 34.18671439144757]]]]}, "properties": {"id": "Pakistan_123102310_93083", "height": 3.829560995101929, "hmax": 0.0, "ratio": 0.0, "vulnClass": "none"}}, {"type": "Feature", "geometry": {"type": "MultiPolygon", "coordinates": [[[[72.32291415864852, 34.18667647344585], [72.32291163610394, 34.18671851837565], [72.32299191613494, 34.186721803703705], [72.32299443863992, 34.186679758770374], [72.32291415864852, 34.18667647344585]]]]}, "properties": {"id": "Pakistan_123102310_244213", "height": 2.891406536102295, "hmax": 0.0, "ratio": 0.0, "vulnClass": "none"}}, {"type": "Feature", "geometry": {"type": "MultiPolygon", "coordinates": [[[[72.3228053456722, 34.18673846464769], [72.32280828624154, 34.18678270230576], [72.322881725034, 34.18677934753916], [72.32287867602065, 34.18673510751409], [72.3228053456722, 34.18673846464769]]]]}, "properties": {"id": "Pakistan_123102310_841532", "height": 3.436875820159912, "hmax": 0.0, "ratio": 0.0, "vulnClass": "none"}}, {"type": "Feature", "geometry": {"type": "MultiPolygon", "coordinates": [[[[72.32280206155389, 34.18678400879103], [72.32279952344983, 34.18674419726576], [72.32276204665511, 34.18674581301763], [72.32276458474149, 34.18678562454283], [72.32280206155389, 34.18678400879103]]]]}, "properties": {"id": "Pakistan_123102310_646960", "height": 3.281508922576904, "hmax": 0.0, "ratio": 0.0, "vulnClass": "none"}}, {"type": "Feature", "geometry": {"type": "MultiPolygon", "coordinates": [[[[72.32275625716827, 34.186894614240096], [72.32287675016501, 34.186898957989904], [72.32287863119718, 34.18686347999856], [72.32275813540228, 34.18685922634067], [72.32275625716827, 34.186894614240096]]]]}, "properties": {"id": "Pakistan_123102310_400843", "height": 4.038786888122559, "hmax": 0.0, "ratio": 0.0, "vulnClass": "none"}}, {"type": "Feature", "geometry": {"type": "MultiPolygon", "coordinates": [[[[72.323274623793, 34.18704413147921], [72.32329327206884, 34.18698612144075], [72.32343099000732, 34.18698434988448], [72.32343013160255, 34.18693943648725], [72.32342302238274, 34.1869378388978], [72.32324623287742, 34.18694019988125], [72.32321806648868, 34.18702820234067], [72.32317141722963, 34.18701798862997], [72.32316907403744, 34.1868930798489], [72.32315138408234, 34.186948225992175], [72.3231521166607, 34.186990251843426], [72.32305021252115, 34.18699154290018], [72.32304978030115, 34.18696403774221], [72.32303197899755, 34.18701927158422], [72.32303120660693, 34.18697850696339], [72.32299637132013, 34.186978918357134], [72.32299598789186, 34.18695673310907], [72.32294183360288, 34.18695744389286], [72.32292317085661, 34.18701590430551], [72.32295969258647, 34.18702391369475], [72.32296031061196, 34.18705926595043], [72.32299785892695, 34.18705882365158], [72.32299766721319, 34.18704773102768], [72.323274623793, 34.18704413147921]]]]}, "properties": {"id": "Pakistan_123102310_699418", "height": 3.562454223632812, "hmax": 0.0, "ratio": 0.0, "vulnClass": "none"}}, {"type": "Feature", "geometry": {"type": "MultiPolygon", "coordinates": [[[[72.32251977030931, 34.18689116317649], [72.32262965091222, 34.186894914827406], [72.32263269756055, 34.18683286807534], [72.32252292544328, 34.18682911879818], [72.32251977030931, 34.18689116317649]]]]}, "properties": {"id": "Pakistan_123102310_55365", "height": 4.224822521209717, "hmax": 0.0, "ratio": 0.0, "vulnClass": "none"}}, {"type": "Feature", "geometry": {"type": "MultiPolygon", "coordinates": [[[[72.32288811808822, 34.187115836410406], [72.32283866532566, 34.18695068383262], [72.3227212888812, 34.18697471516218], [72.32269568386991, 34.18688905456379], [72.32256782362542, 34.186915290875454], [72.3225822523913, 34.186963295242585], [72.32243310190167, 34.186993844449006], [72.32240140844542, 34.18688803756378], [72.32232705149046, 34.18690327177302], [72.32234058992834, 34.186948552225154], [72.3223795727901, 34.18694047870255], [72.32239674624198, 34.18699773831606], [72.32232489961447, 34.18701248644232], [72.3223309883393, 34.187032632685735], [72.32235872282915, 34.18702692786973], [72.32238443593252, 34.18711259088999], [72.32246534299892, 34.187096057290105], [72.32245964798022, 34.1870771817486], [72.32264264654604, 34.18703970888196], [72.32266580344698, 34.18711702224293], [72.32248891818395, 34.187153276389246], [72.32250148092838, 34.18719510982311], [72.32288811808822, 34.187115836410406]]]]}, "properties": {"id": "Pakistan_123102310_93077", "height": 4.184319019317627, "hmax": 0.0, "ratio": 0.0, "vulnClass": "none"}}, {"type": "Feature", "geometry": {"type": "MultiPolygon", "coordinates": [[[[72.32230046527903, 34.187201988786676], [72.32235409762202, 34.18720063584333], [72.32235127287697, 34.18712529900128], [72.32229764058187, 34.187126651945675], [72.32230046527903, 34.187201988786676]]]]}, "properties": {"id": "Pakistan_123102310_158344", "height": 2.501296281814575, "hmax": 0.0, "ratio": 0.0, "vulnClass": "none"}}, {"type": "Feature", "geometry": {"type": "MultiPolygon", "coordinates": [[[[72.32251273315784, 34.18721320521718], [72.32252420299702, 34.18724843384118], [72.32267179903681, 34.18721559684542], [72.32266043469632, 34.187180460687195], [72.32251273315784, 34.18721320521718]]]]}, "properties": {"id": "Pakistan_123102310_945596", "height": 3.794406890869141, "hmax": 0.0, "ratio": 0.0, "vulnClass": "none"}}, {"type": "Feature", "geometry": {"type": "MultiPolygon", "coordinates": [[[[72.32235865922148, 34.18720046501138], [72.32235668709674, 34.187245677185665], [72.32243590915743, 34.18724812843732], [72.32243788124009, 34.18720291625977], [72.32235865922148, 34.18720046501138]]]]}, "properties": {"id": "Pakistan_123102310_196012", "height": 2.885346174240112, "hmax": 0.0, "ratio": 0.0, "vulnClass": "none"}}, {"type": "Feature", "geometry": {"type": "MultiPolygon", "coordinates": [[[[72.32232727548161, 34.18739017619279], [72.32229586927927, 34.18746052842666], [72.32237376593174, 34.18748431630024], [72.32240517208088, 34.187413964044005], [72.32232727548161, 34.18739017619279]]]]}, "properties": {"id": "Pakistan_123102310_281993", "height": 3.37701416015625, "hmax": 0.0, "ratio": 0.0, "vulnClass": "none"}}, {"type": "Feature", "geometry": {"type": "MultiPolygon", "coordinates": [[[[72.32242905342093, 34.187427196695914], [72.32234800015097, 34.18749980029635], [72.32243760675692, 34.18756837789999], [72.3225186600238, 34.187495774240475], [72.32242905342093, 34.187427196695914]]]]}, "properties": {"id": "Pakistan_123102310_888907", "height": 3.212181806564331, "hmax": 0.0, "ratio": 0.0, "vulnClass": "none"}}, {"type": "Feature", "geometry": {"type": "MultiPolygon", "coordinates": [[[[72.32281575926027, 34.187386959947766], [72.32273556139772, 34.187326160650485], [72.32270217092369, 34.187356352969225], [72.32278236878788, 34.187417152288326], [72.32281575926027, 34.187386959947766]]]]}, "properties": {"id": "Pakistan_123102310_590204", "height": 3.124083042144775, "hmax": 0.0, "ratio": 0.0, "vulnClass": "none"}}, {"type": "Feature", "geometry": {"type": "MultiPolygon", "coordinates": [[[[72.3227993490155, 34.18736730955748], [72.3228177110839, 34.187397279653176], [72.32288466760876, 34.18736908228882], [72.32286619711515, 34.18733910983522], [72.3227993490155, 34.18736730955748]]]]}, "properties": {"id": "Pakistan_123102310_196028", "height": 3.096046447753906, "hmax": 0.0, "ratio": 0.0, "vulnClass": "none"}}, {"type": "Feature", "geometry": {"type": "MultiPolygon", "coordinates": [[[[72.3228286559594, 34.187428530193905], [72.3227641756262, 34.187457322492925], [72.32283267648732, 34.18756212997416], [72.32289704847551, 34.18753333527527], [72.3228286559594, 34.187428530193905]]]]}, "properties": {"id": "Pakistan_123102310_433748", "height": 2.796599388122559, "hmax": 0.0, "ratio": 0.0, "vulnClass": "none"}}, {"type": "Feature", "geometry": {"type": "MultiPolygon", "coordinates": [[[[72.3233363068437, 34.18719990485321], [72.32332901247776, 34.187152687360644], [72.32315062014362, 34.18717142048704], [72.32315791441016, 34.18721863798545], [72.3233363068437, 34.18719990485321]]]]}, "properties": {"id": "Pakistan_123102310_16364", "height": 2.974468469619751, "hmax": 0.0, "ratio": 0.0, "vulnClass": "none"}}, {"type": "Feature", "geometry": {"type": "MultiPolygon", "coordinates": [[[[72.3231308078334, 34.18717702799016], [72.32302623195461, 34.18720792000993], [72.32304695427605, 34.18725588143484], [72.32315153305693, 34.1872248993123], [72.3231308078334, 34.18717702799016]]]]}, "properties": {"id": "Pakistan_123102310_296665", "height": 3.433845520019531, "hmax": 0.0, "ratio": 0.0, "vulnClass": "none"}}, {"type": "Feature", "geometry": {"type": "MultiPolygon", "coordinates": [[[[72.32308539235068, 34.18724788594526], [72.3229851682872, 34.18725092646802], [72.32298787023872, 34.18731300859237], [72.32308809437593, 34.18730996807093], [72.32308539235068, 34.18724788594526]]]]}, "properties": {"id": "Pakistan_123102310_253713", "height": 3.655121564865112, "hmax": 0.0, "ratio": 0.0, "vulnClass": "none"}}, {"type": "Feature", "geometry": {"type": "MultiPolygon", "coordinates": [[[[72.32298861804412, 34.187320236911425], [72.32295470900884, 34.18725017129062], [72.32284979369558, 34.187284932189876], [72.32288370265395, 34.187354997835925], [72.32298861804412, 34.187320236911425]]]]}, "properties": {"id": "Pakistan_123102310_262260", "height": 3.751862049102783, "hmax": 0.0, "ratio": 0.0, "vulnClass": "none"}}, {"type": "Feature", "geometry": {"type": "MultiPolygon", "coordinates": [[[[72.3232089163828, 34.18753040801604], [72.3232070890757, 34.187502421652816], [72.3232509764296, 34.187500494973385], [72.32325206997467, 34.18751737687909], [72.32333629746356, 34.18749190020722], [72.32333455004279, 34.187464817087736], [72.32329677999522, 34.18737961223201], [72.32329372203115, 34.18733221677235], [72.32325092167531, 34.18733407704983], [72.32324555096727, 34.187250030236896], [72.32320003480328, 34.18725201150837], [72.32320551387224, 34.18733606068781], [72.32318020109994, 34.18733722091933], [72.32302620404607, 34.18738380185981], [72.32302876219234, 34.187422982768624], [72.3229971080645, 34.187432568751646], [72.32299406735774, 34.18738463276644], [72.32298267632673, 34.18738808020945], [72.32287110948373, 34.187393036581405], [72.32284964252744, 34.18739950940813], [72.3229078547733, 34.187531227322324], [72.32297108122133, 34.18752837074214], [72.32299385778191, 34.18757998302227], [72.3231333974584, 34.18753777429442], [72.32314159739616, 34.18755634389595], [72.32321036114136, 34.18755333763294], [72.32320899915803, 34.187531221172286], [72.3232059580795, 34.18753133508086], [72.3232089163828, 34.18753040801604]]]]}, "properties": {"id": "Pakistan_123102310_661431", "height": 3.9405677318573, "hmax": 0.0, "ratio": 0.0, "vulnClass": "none"}}, {"type": "Feature", "geometry": {"type": "MultiPolygon", "coordinates": [[[[72.32282727978969, 34.18717698193406], [72.32285557703554, 34.18724268801302], [72.3228042218669, 34.18725779368142], [72.32281351733307, 34.18727945232008], [72.322920609494, 34.18724789422733], [72.3228830167174, 34.18716052952754], [72.32282727978969, 34.18717698193406]]]]}, "properties": {"id": "Pakistan_123102310_16338", "height": 3.499930620193481, "hmax": 0.0, "ratio": 0.0, "vulnClass": "none"}}, {"type": "Feature", "geometry": {"type": "MultiPolygon", "coordinates": [[[[72.32300530921192, 34.18709080922995], [72.32290545380057, 34.18710278258116], [72.32293016899636, 34.18724404620109], [72.32303002457371, 34.18723207283773], [72.32300530921192, 34.18709080922995]]]]}, "properties": {"id": "Pakistan_123102310_310947", "height": 3.647056102752686, "hmax": 0.0, "ratio": 0.0, "vulnClass": "none"}}, {"type": "Feature", "geometry": {"type": "MultiPolygon", "coordinates": [[[[72.32373511345132, 34.187027318785056], [72.32347299748878, 34.1870384553304], [72.32347737774217, 34.187109228482555], [72.32373949107735, 34.18709818202609], [72.32373511345132, 34.187027318785056]]]]}, "properties": {"id": "Pakistan_123102310_585561", "height": 2.873087882995605, "hmax": 0.0, "ratio": 0.0, "vulnClass": "none"}}, {"type": "Feature", "geometry": {"type": "MultiPolygon", "coordinates": [[[[72.32351580896687, 34.18713233442691], [72.32351873447627, 34.18715646831528], [72.32361053103614, 34.1871489162], [72.32360760834796, 34.1871246922248], [72.32351580896687, 34.18713233442691]]]]}, "properties": {"id": "Pakistan_123102310_353574", "height": 2.634703397750854, "hmax": 0.0, "ratio": 0.0, "vulnClass": "none"}}, {"type": "Feature", "geometry": {"type": "MultiPolygon", "coordinates": [[[[72.3237201334093, 34.18730907092238], [72.32373115714998, 34.18736529464042], [72.3236982561294, 34.18736971504598], [72.32371487593444, 34.187454818736754], [72.3239386418486, 34.18742490486868], [72.32392658493345, 34.18736361022058], [72.32413161356152, 34.187336171836016], [72.32413936149432, 34.18737591674573], [72.32419840814848, 34.187368010061675], [72.3241804751496, 34.18727638696999], [72.32409158004124, 34.18728823987918], [72.32407523384818, 34.187204764899086], [72.32399167633315, 34.18721592287705], [72.32400035451414, 34.18726055619305], [72.32403173210018, 34.18725628275611], [72.32403377539569, 34.187267145341934], [72.3237201334093, 34.18730907092238]]]]}, "properties": {"id": "Pakistan_123102310_187467", "height": 4.116860866546631, "hmax": 0.0, "ratio": 0.0, "vulnClass": "none"}}, {"type": "Feature", "geometry": {"type": "MultiPolygon", "coordinates": [[[[72.32337247312111, 34.187226026494834], [72.3233735090547, 34.18733395855379], [72.32330222347548, 34.18733438566262], [72.32330290637603, 34.18740543869901], [72.32343050903266, 34.1874045281361], [72.32343106537692, 34.187455565130904], [72.32353946308882, 34.18745477611746], [72.3235397042748, 34.18748146575686], [72.32359070373423, 34.18748104645194], [72.32358977979506, 34.18739015516859], [72.32355115295488, 34.18739039380285], [72.3235506081259, 34.18734242215482], [72.32357209250875, 34.18734226007786], [72.32357208091796, 34.187339194727684], [72.32363913581689, 34.187338765264855], [72.32363847032599, 34.187277448793814], [72.32370552517813, 34.187277019292296], [72.32370503984603, 34.18722373009535], [72.32337247312111, 34.187226026494834]]]]}, "properties": {"id": "Pakistan_123102310_500045", "height": 3.130214214324951, "hmax": 0.0, "ratio": 0.0, "vulnClass": "none"}}, {"type": "Feature", "geometry": {"type": "MultiPolygon", "coordinates": [[[[72.3234531672276, 34.1874770525335], [72.32345905406746, 34.18750359496401], [72.32350570264451, 34.187496680073785], [72.32349992704427, 34.1874700499235], [72.3234531672276, 34.1874770525335]]]]}, "properties": {"id": "Pakistan_123102310_224488", "height": 3.376909255981445, "hmax": 0.0, "ratio": 0.0, "vulnClass": "none"}}, {"type": "Feature", "geometry": {"type": "MultiPolygon", "coordinates": [[[[72.32390619764284, 34.18743546549489], [72.32354194478826, 34.187499815096984], [72.32355982731455, 34.18756898983297], [72.3238984426312, 34.187509219173435], [72.32389089517439, 34.18748029661813], [72.32391653299523, 34.187475717637696], [72.32390619764284, 34.18743546549489]]]]}, "properties": {"id": "Pakistan_123102310_215991", "height": 3.29632043838501, "hmax": 0.0, "ratio": 0.0, "vulnClass": "none"}}, {"type": "Feature", "geometry": {"type": "MultiPolygon", "coordinates": [[[[72.32362843185724, 34.187382254329684], [72.32363405393461, 34.18741717491641], [72.32369991316794, 34.18740995807893], [72.32369439946983, 34.18737503986017], [72.32362843185724, 34.187382254329684]]]]}, "properties": {"id": "Pakistan_123102310_874666", "height": 2.867037296295166, "hmax": 0.0, "ratio": 0.0, "vulnClass": "none"}}, {"type": "Feature", "geometry": {"type": "MultiPolygon", "coordinates": [[[[72.32389783603887, 34.18748035795847], [72.32390582915434, 34.18751920673184], [72.3240048803587, 34.18750523172353], [72.32399688435112, 34.187466473042235], [72.32389783603887, 34.18748035795847]]]]}, "properties": {"id": "Pakistan_123102310_713838", "height": 3.934354066848755, "hmax": 0.0, "ratio": 0.0, "vulnClass": "none"}}, {"type": "Feature", "geometry": {"type": "MultiPolygon", "coordinates": [[[[72.32388546665408, 34.18753192419173], [72.3238895998362, 34.187569336470276], [72.32409815865925, 34.187553784845875], [72.32410101316759, 34.1875801709223], [72.32431283559026, 34.187564329557254], [72.32430357257624, 34.18747983722648], [72.32425148641622, 34.18748374896111], [72.32425376147454, 34.18750444294429], [72.32388546665408, 34.18753192419173]]]]}, "properties": {"id": "Pakistan_123102310_884206", "height": 4.742370128631592, "hmax": 0.0, "ratio": 0.0, "vulnClass": "none"}}, {"type": "Feature", "geometry": {"type": "MultiPolygon", "coordinates": [[[[72.32414300015247, 34.187483905622635], [72.32413679837174, 34.18744329295711], [72.32406017557311, 34.18745126677045], [72.32406637731712, 34.187491879438085], [72.32414300015247, 34.187483905622635]]]]}, "properties": {"id": "Pakistan_123102310_841551", "height": 4.190117835998535, "hmax": 0.0, "ratio": 0.0, "vulnClass": "none"}}, {"type": "Feature", "geometry": {"type": "MultiPolygon", "coordinates": [[[[72.32423610055345, 34.18738704291647], [72.32413624444806, 34.18739216585744], [72.32414274018863, 34.187478400803464], [72.3242427076495, 34.187473190140025], [72.32423610055345, 34.18738704291647]]]]}, "properties": {"id": "Pakistan_123102310_252704", "height": 4.749063014984131, "hmax": 0.0, "ratio": 0.0, "vulnClass": "none"}}, {"type": "Feature", "geometry": {"type": "MultiPolygon", "coordinates": [[[[72.32383351063058, 34.18710266820279], [72.32375245771615, 34.187110094388444], [72.32376210454696, 34.18718242488766], [72.3238431575307, 34.18717499869894], [72.32383351063058, 34.18710266820279]]]]}, "properties": {"id": "Pakistan_123102310_704195", "height": 2.754537105560303, "hmax": 0.0, "ratio": 0.0, "vulnClass": "none"}}, {"type": "Feature", "geometry": {"type": "MultiPolygon", "coordinates": [[[[72.32347065716145, 34.18711935886832], [72.32346877938498, 34.18705864698403], [72.32343121967207, 34.18705944977831], [72.32342928781733, 34.18700044956163], [72.32330596789721, 34.18700316648166], [72.32330988573251, 34.187122880944], [72.32347065716145, 34.18711935886832]]]]}, "properties": {"id": "Pakistan_123102310_912624", "height": 3.359606266021729, "hmax": 0.0, "ratio": 0.0, "vulnClass": "none"}}, {"type": "Feature", "geometry": {"type": "MultiPolygon", "coordinates": [[[[72.32344933813079, 34.18671961950185], [72.32339166375012, 34.186721876346276], [72.32339770329658, 34.186825951043645], [72.323455380596, 34.18682360411199], [72.32344933813079, 34.18671961950185]]]]}, "properties": {"id": "Pakistan_123102310_72600", "height": 3.531946182250977, "hmax": 0.0, "ratio": 0.0, "vulnClass": "none"}}, {"type": "Feature", "geometry": {"type": "MultiPolygon", "coordinates": [[[[72.32359998131388, 34.186617793025256], [72.32355700722094, 34.186618297378224], [72.32355646906953, 34.18658727405719], [72.32345196651823, 34.18658841859228], [72.32345381309143, 34.18670159705279], [72.32360129276485, 34.18669985808356], [72.32359998131388, 34.186617793025256]]]]}, "properties": {"id": "Pakistan_123102310_419607", "height": 2.685880661010742, "hmax": 0.0, "ratio": 0.0, "vulnClass": "none"}}, {"type": "Feature", "geometry": {"type": "MultiPolygon", "coordinates": [[[[72.32395011810601, 34.18656061750561], [72.32405502953429, 34.18657399560748], [72.32406144315257, 34.18653924755345], [72.3239566373239, 34.18652596191274], [72.32395011810601, 34.18656061750561]]]]}, "properties": {"id": "Pakistan_123102310_836887", "height": 4.257596015930176, "hmax": 0.0, "ratio": 0.0, "vulnClass": "none"}}, {"type": "Feature", "geometry": {"type": "MultiPolygon", "coordinates": [[[[72.32393934210731, 34.18672310294971], [72.32394199249595, 34.18663580550877], [72.32388833180273, 34.18663463434128], [72.32388567851183, 34.18672202186623], [72.32393934210731, 34.18672310294971]]]]}, "properties": {"id": "Pakistan_123102310_742447", "height": 3.892541885375977, "hmax": 0.0, "ratio": 0.0, "vulnClass": "none"}}, {"type": "Feature", "geometry": {"type": "MultiPolygon", "coordinates": [[[[72.32424205007396, 34.186512177441585], [72.32421008641093, 34.18640798776751], [72.32411322216115, 34.18642832120118], [72.32414518570913, 34.186532510894914], [72.32424205007396, 34.186512177441585]]]]}, "properties": {"id": "Pakistan_123102310_737614", "height": 3.399701356887817, "hmax": 0.0, "ratio": 0.0, "vulnClass": "none"}}, {"type": "Feature", "geometry": {"type": "MultiPolygon", "coordinates": [[[[72.3239383958755, 34.18655738671811], [72.32394263159559, 34.186457683184074], [72.32385430412559, 34.186455034192605], [72.32384995704953, 34.18655482544044], [72.3239383958755, 34.18655738671811]]]]}, "properties": {"id": "Pakistan_123102310_372469", "height": 5.05338716506958, "hmax": 0.0, "ratio": 0.0, "vulnClass": "none"}}, {"type": "Feature", "geometry": {"type": "MultiPolygon", "coordinates": [[[[72.32391476226306, 34.18644706828567], [72.32395483517678, 34.18644911483459], [72.32396017396856, 34.186379725751785], [72.32392010108732, 34.18637767920614], [72.32391476226306, 34.18644706828567]]]]}, "properties": {"id": "Pakistan_123102310_485997", "height": 3.90715217590332, "hmax": 0.0, "ratio": 0.0, "vulnClass": "none"}}, {"type": "Feature", "geometry": {"type": "MultiPolygon", "coordinates": [[[[72.32429491746792, 34.186342767441154], [72.32429097863071, 34.18631293200405], [72.32419708915158, 34.186321520781014], [72.32420102795567, 34.18635135621955], [72.32429491746792, 34.186342767441154]]]]}, "properties": {"id": "Pakistan_123102310_6946", "height": 4.784187793731689, "hmax": 0.0, "ratio": 0.0, "vulnClass": "none"}}, {"type": "Feature", "geometry": {"type": "MultiPolygon", "coordinates": [[[[72.32400239950593, 34.186186644644195], [72.3240251052709, 34.186285133172426], [72.32411821265663, 34.18627039726251], [72.32409550678487, 34.18617190874637], [72.32400239950593, 34.186186644644195]]]]}, "properties": {"id": "Pakistan_123102310_186656", "height": 3.370926856994629, "hmax": 0.0, "ratio": 0.0, "vulnClass": "none"}}, {"type": "Feature", "geometry": {"type": "MultiPolygon", "coordinates": [[[[72.323547639741, 34.186200788890886], [72.32356351668062, 34.186271632700944], [72.32369835959041, 34.18625095672101], [72.32368295622898, 34.186182286860756], [72.32358441440873, 34.18619735456705], [72.3235757625545, 34.1861587618439], [72.32352910618418, 34.186165947060715], [72.32353728433145, 34.18620236584806], [72.323547639741, 34.186200788890886]]]]}, "properties": {"id": "Pakistan_123102310_82148", "height": 3.050979614257812, "hmax": 0.0, "ratio": 0.0, "vulnClass": "none"}}, {"type": "Feature", "geometry": {"type": "MultiPolygon", "coordinates": [[[[72.32325358339907, 34.186302729993045], [72.32327214572565, 34.18634352238499], [72.32338728963052, 34.18630772227299], [72.32336872725388, 34.186266929896014], [72.32325358339907, 34.186302729993045]]]]}, "properties": {"id": "Pakistan_123102310_233898", "height": 3.621942043304443, "hmax": 0.0, "ratio": 0.0, "vulnClass": "none"}}, {"type": "Feature", "geometry": {"type": "MultiPolygon", "coordinates": [[[[72.32371522725609, 34.18637969839534], [72.32370171376766, 34.18633360727075], [72.32363195320897, 34.186347590369564], [72.32364546666058, 34.186393681500064], [72.32371522725609, 34.18637969839534]]]]}, "properties": {"id": "Pakistan_123102310_685235", "height": 4.276454448699951, "hmax": 0.0, "ratio": 0.0, "vulnClass": "none"}}, {"type": "Feature", "geometry": {"type": "MultiPolygon", "coordinates": [[[[72.32387264872153, 34.18643064334582], [72.32387083719826, 34.18638498794069], [72.32371014992712, 34.18638932376506], [72.32371196136346, 34.18643497916844], [72.32387264872153, 34.18643064334582]]]]}, "properties": {"id": "Pakistan_123102310_666209", "height": 5.258234977722168, "hmax": 0.0, "ratio": 0.0, "vulnClass": "none"}}, {"type": "Feature", "geometry": {"type": "MultiPolygon", "coordinates": [[[[72.32358392043382, 34.18647725931242], [72.32360093477723, 34.18653271230714], [72.32371439642945, 34.18650895526163], [72.3236973820143, 34.18645350227918], [72.32358392043382, 34.18647725931242]]]]}, "properties": {"id": "Pakistan_123102310_414891", "height": 2.60936450958252, "hmax": 0.0, "ratio": 0.0, "vulnClass": "none"}}, {"type": "Feature", "geometry": {"type": "MultiPolygon", "coordinates": [[[[72.32393468468801, 34.18656154276756], [72.32384092830219, 34.18655904572598], [72.32384286500059, 34.18650806313414], [72.32377544546564, 34.186506321168466], [72.3236854705546, 34.18652833717662], [72.32368113434325, 34.18652824252888], [72.32367786458506, 34.18661453479015], [72.32364451905195, 34.18662273178349], [72.3236051735871, 34.186621692658946], [72.32360337910896, 34.18666817085069], [72.32364760284105, 34.186669316457404], [72.32390943759789, 34.18660525535888], [72.32393295872338, 34.18660585886604], [72.32393468468801, 34.18656154276756]]]]}, "properties": {"id": "Pakistan_123102310_452709", "height": 4.813894271850586, "hmax": 0.0, "ratio": 0.0, "vulnClass": "none"}}, {"type": "Feature", "geometry": {"type": "MultiPolygon", "coordinates": [[[[72.32324223790467, 34.18635278596704], [72.32322703063909, 34.1863156728119], [72.32318751768601, 34.186326800139256], [72.32320261653055, 34.18636391093191], [72.32324223790467, 34.18635278596704]]]]}, "properties": {"id": "Pakistan_123102310_936212", "height": 3.693748712539673, "hmax": 0.0, "ratio": 0.0, "vulnClass": "none"}}, {"type": "Feature", "geometry": {"type": "MultiPolygon", "coordinates": [[[[72.3234626444111, 34.18639131349933], [72.32355908325509, 34.18636384945348], [72.32355908325509, 34.18636384945348], [72.3236482961256, 34.18633848135333], [72.32361594871455, 34.186339127534346], [72.3235948752069, 34.18628854418407], [72.32346678650151, 34.186291157200316], [72.32344752213876, 34.18629659642246], [72.32344887683564, 34.18633953735861], [72.32333240448138, 34.186341862907], [72.32328566275518, 34.18635517635892], [72.3232879520249, 34.18643032121791], [72.3232556915182, 34.18635271907027], [72.32321486345127, 34.18636426844577], [72.32325781464881, 34.18646743611637], [72.32330630801059, 34.186453620016266], [72.32330346434648, 34.186361695169595], [72.32333623560204, 34.18644030010458], [72.32336597847784, 34.18643968729191], [72.32346329318773, 34.186411971994204], [72.3234626444111, 34.18639131349933]]]]}, "properties": {"id": "Pakistan_123102310_386573", "height": 3.396990299224854, "hmax": 0.0, "ratio": 0.0, "vulnClass": "none"}}, {"type": "Feature", "geometry": {"type": "MultiPolygon", "coordinates": [[[[72.323259392505, 34.18647242880762], [72.32321202593012, 34.186381966033444], [72.32313362970079, 34.18639116267276], [72.32319913636668, 34.18636762125237], [72.32318348163471, 34.186337800466895], [72.32307386930275, 34.18637705669715], [72.32308036707907, 34.186415151671675], [72.32299881567053, 34.18642463993856], [72.32299269174234, 34.186388446271], [72.32293409712409, 34.18640952414503], [72.32297450482405, 34.186486763348924], [72.3229900714163, 34.18657770387391], [72.32300685022264, 34.18660971282219], [72.3230264911619, 34.18660265919549], [72.3230157814212, 34.186539951484924], [72.32305879460735, 34.186524483289276], [72.32306355165632, 34.186552443469715], [72.3231284459834, 34.18654484525729], [72.32310644605077, 34.18650298614643], [72.32320694261897, 34.18649129705838], [72.323259392505, 34.18647242880762]]]]}, "properties": {"id": "Pakistan_123102310_224482", "height": 3.975927829742432, "hmax": 0.0, "ratio": 0.0, "vulnClass": "none"}}, {"type": "Feature", "geometry": {"type": "MultiPolygon", "coordinates": [[[[72.32253143017115, 34.18641605738902], [72.32243606523508, 34.186416408947196], [72.32243712706068, 34.186616114152415], [72.32253260062724, 34.18661576497132], [72.32253143017115, 34.18641605738902]]]]}, "properties": {"id": "Pakistan_123102310_888909", "height": 2.811508417129517, "hmax": 0.0, "ratio": 0.0, "vulnClass": "none"}}, {"type": "Feature", "geometry": {"type": "MultiPolygon", "coordinates": [[[[72.32237854024254, 34.186311029605996], [72.32232546203656, 34.18631545977247], [72.32233218844144, 34.186370327651446], [72.32238526668188, 34.18636589748369], [72.32237854024254, 34.186311029605996]]]]}, "properties": {"id": "Pakistan_123102310_329916", "height": 4.754271507263184, "hmax": 0.0, "ratio": 0.0, "vulnClass": "none"}}, {"type": "Feature", "geometry": {"type": "MultiPolygon", "coordinates": [[[[72.32256411258389, 34.186380801249406], [72.32256548042244, 34.186409588936144], [72.32262705431782, 34.18640750777554], [72.32262568645827, 34.18637872008848], [72.32256411258389, 34.186380801249406]]]]}, "properties": {"id": "Pakistan_123102310_865207", "height": 4.587948799133301, "hmax": 0.0, "ratio": 0.0, "vulnClass": "none"}}, {"type": "Feature", "geometry": {"type": "MultiPolygon", "coordinates": [[[[72.32243591270986, 34.186263421241044], [72.32239953442098, 34.186264610126244], [72.32240117060209, 34.18629863236775], [72.32238661871087, 34.18629912593626], [72.32239119886411, 34.186394424246664], [72.32250098717613, 34.18639078168963], [72.32249628409117, 34.18629250574901], [72.32243731769516, 34.186294463487116], [72.32243591270986, 34.186263421241044]]]]}, "properties": {"id": "Pakistan_123102310_46041", "height": 4.051692485809326, "hmax": 0.0, "ratio": 0.0, "vulnClass": "none"}}, {"type": "Feature", "geometry": {"type": "MultiPolygon", "coordinates": [[[[72.32263930837807, 34.186201782824604], [72.32264673691795, 34.186731936302195], [72.32284260245878, 34.186730082835965], [72.32284059012404, 34.18659472389164], [72.3228593613292, 34.18659459284485], [72.322858582445, 34.186536879898796], [72.32275516973615, 34.18653786733586], [72.32275058044374, 34.18620953132394], [72.32299614260306, 34.18620723013841], [72.3229953580956, 34.18615312306189], [72.32253407104254, 34.18615756514247], [72.32253470363678, 34.18620274405687], [72.32263930837807, 34.186201782824604]]]]}, "properties": {"id": "Pakistan_123102310_110924", "height": 4.928329467773438, "hmax": 0.0, "ratio": 0.0, "vulnClass": "none"}}, {"type": "Feature", "geometry": {"type": "MultiPolygon", "coordinates": [[[[72.32299489164315, 34.186287977148865], [72.32299358595297, 34.186250356128156], [72.32295342204009, 34.18625119207771], [72.3229561821983, 34.186335452358335], [72.32299634615127, 34.18633461640978], [72.32299716605606, 34.186356721039154], [72.3231123432538, 34.18635418723516], [72.32311006874708, 34.186285443342555], [72.32299489164315, 34.186287977148865]]]]}, "properties": {"id": "Pakistan_123102310_713823", "height": 3.975927829742432, "hmax": 0.0, "ratio": 0.0, "vulnClass": "none"}}, {"type": "Feature", "geometry": {"type": "MultiPolygon", "coordinates": [[[[72.32306307817066, 34.18617966323836], [72.32311685002836, 34.186290549636006], [72.32314919116021, 34.18627980665877], [72.32316589593316, 34.18631415786805], [72.3234014922448, 34.18623591237074], [72.32342379774624, 34.186281834848884], [72.323467652345, 34.1862671962205], [72.32341296133785, 34.18615448690236], [72.32339443305683, 34.18616066338454], [72.32335644702134, 34.1860823052258], [72.32306307817066, 34.18617966323836]]]]}, "properties": {"id": "Pakistan_123102310_761360", "height": 4.01587963104248, "hmax": 0.057, "ratio": 0.014, "vulnClass": "none"}}, {"type": "Feature", "geometry": {"type": "MultiPolygon", "coordinates": [[[[72.32332476998815, 34.185879858184414], [72.32325866092087, 34.18583667558888], [72.32322993833253, 34.18586678967984], [72.32335886435118, 34.185950919403545], [72.3234031847921, 34.18590437788815], [72.32334036785748, 34.18586343079879], [72.32332476998815, 34.185879858184414]]]]}, "properties": {"id": "Pakistan_123102310_63146", "height": 4.17322301864624, "hmax": 0.061, "ratio": 0.015, "vulnClass": "none"}}, {"type": "Feature", "geometry": {"type": "MultiPolygon", "coordinates": [[[[72.32327244903261, 34.18569904720258], [72.32325288555964, 34.18565904430473], [72.32321835096944, 34.185670550780976], [72.32325125822535, 34.185737980114936], [72.32330322559775, 34.18572063384659], [72.32328988178551, 34.185693207420215], [72.32327244903261, 34.18569904720258]]]]}, "properties": {"id": "Pakistan_123102310_685229", "height": 3.940218448638916, "hmax": 0.0, "ratio": 0.0, "vulnClass": "none"}}, {"type": "Feature", "geometry": {"type": "MultiPolygon", "coordinates": [[[[72.32304222998924, 34.18574793086627], [72.32321300066552, 34.18585010277978], [72.32329707412671, 34.185753945182014], [72.32312630352695, 34.18565177338867], [72.32304222998924, 34.18574793086627]]]]}, "properties": {"id": "Pakistan_123102310_500040", "height": 4.537989616394043, "hmax": 0.067, "ratio": 0.015, "vulnClass": "none"}}, {"type": "Feature", "geometry": {"type": "MultiPolygon", "coordinates": [[[[72.32321698687831, 34.185610751600485], [72.32330686745964, 34.18570151141424], [72.32336783666132, 34.185660201446794], [72.32327795605235, 34.1855694416762], [72.32321698687831, 34.185610751600485]]]]}, "properties": {"id": "Pakistan_123102310_35278", "height": 3.546647310256958, "hmax": 0.0, "ratio": 0.0, "vulnClass": "none"}}, {"type": "Feature", "geometry": {"type": "MultiPolygon", "coordinates": [[[[72.32342858982923, 34.185780164958956], [72.32347245471398, 34.18579951307006], [72.32353360614334, 34.185704387487434], [72.3236193047024, 34.18574213778292], [72.32365455268487, 34.185687464944245], [72.3235248809241, 34.185630364234335], [72.32342858982923, 34.185780164958956]]]]}, "properties": {"id": "Pakistan_123102310_827393", "height": 4.497770309448242, "hmax": 0.0, "ratio": 0.0, "vulnClass": "none"}}, {"type": "Feature", "geometry": {"type": "MultiPolygon", "coordinates": [[[[72.32369823450044, 34.18579154992084], [72.32375267162642, 34.18580932569373], [72.32378020270738, 34.18575168973658], [72.32363621348296, 34.18570482418579], [72.32355243903017, 34.185880771246104], [72.3236418800555, 34.18590994882711], [72.32369823450044, 34.18579154992084]]]]}, "properties": {"id": "Pakistan_123102310_7759", "height": 3.106353282928467, "hmax": 0.057, "ratio": 0.018, "vulnClass": "none"}}, {"type": "Feature", "geometry": {"type": "MultiPolygon", "coordinates": [[[[72.32347104545765, 34.185799482307694], [72.32334367558914, 34.185738194606145], [72.32333015755474, 34.18575746204352], [72.32336424303944, 34.18577389221056], [72.32330779469737, 34.18585406533305], [72.32340107915104, 34.18589892292757], [72.32347104545765, 34.185799482307694]]]]}, "properties": {"id": "Pakistan_123102310_315648", "height": 4.651383399963379, "hmax": 0.057, "ratio": 0.012, "vulnClass": "none"}}, {"type": "Feature", "geometry": {"type": "MultiPolygon", "coordinates": [[[[72.32350327601272, 34.186046205019636], [72.32357652720738, 34.185921774364424], [72.32344423941298, 34.18586849290719], [72.3233330387907, 34.18605754389628], [72.32348257208994, 34.18611778287293], [72.32350160090444, 34.18608547382354], [72.32352977249744, 34.18609681660948], [72.32354879844175, 34.18606459763935], [72.32350327601272, 34.186046205019636]]]]}, "properties": {"id": "Pakistan_123102310_504865", "height": 4.651383399963379, "hmax": 0.057, "ratio": 0.012, "vulnClass": "none"}}, {"type": "Feature", "geometry": {"type": "MultiPolygon", "coordinates": [[[[72.32406341522818, 34.18602714877105], [72.32391896195999, 34.18600524494522], [72.32391603898158, 34.18597759526848], [72.32392400157511, 34.18594188937664], [72.32395226932164, 34.18593989197274], [72.32394852990234, 34.18590375038291], [72.32395486399993, 34.18587495049207], [72.32388997901045, 34.18584108038893], [72.32386590447099, 34.1858373997023], [72.3238131615817, 34.18590674579943], [72.32374208597649, 34.1858696754042], [72.32371811984186, 34.18586599705456], [72.32370268220929, 34.18593570660022], [72.32379990698546, 34.18598632934918], [72.3237118104328, 34.18597295746502], [72.32371118299328, 34.18597564826805], [72.32366806713898, 34.186032132683586], [72.32362283698265, 34.186035382471545], [72.32359982718968, 34.186138732941444], [72.32374881364692, 34.18616136714139], [72.32375422566884, 34.18621323133012], [72.32392879893891, 34.18623975933384], [72.32393778253676, 34.186199207629656], [72.32394920972486, 34.18618431183883], [72.32396553131584, 34.18611065495509], [72.3240554496742, 34.18610414328272], [72.32406202369297, 34.18616730156545], [72.32407909801911, 34.186176238440495], [72.32406341522818, 34.18602714877105]]]]}, "properties": {"id": "Pakistan_123102310_197095", "height": 4.249857425689697, "hmax": 0.057, "ratio": 0.013, "vulnClass": "none"}}, {"type": "Feature", "geometry": {"type": "MultiPolygon", "coordinates": [[[[72.323983104589, 34.18563008853298], [72.32404462770478, 34.18586302644899], [72.32434160334462, 34.18580937730638], [72.32432203413092, 34.18573520760813], [72.32407884371761, 34.185779212528054], [72.32403678105835, 34.18562044199321], [72.323983104589, 34.18563008853298]]]]}, "properties": {"id": "Pakistan_123102310_424334", "height": 3.669657230377197, "hmax": 0.0, "ratio": 0.0, "vulnClass": "none"}}, {"type": "Feature", "geometry": {"type": "MultiPolygon", "coordinates": [[[[72.32455801438257, 34.18559665786204], [72.32456706684846, 34.185646618165144], [72.32461694368682, 34.18564049446072], [72.32460789119163, 34.1855905341599], [72.32455801438257, 34.18559665786204]]]]}, "properties": {"id": "Pakistan_123102310_704200", "height": 3.0431227684021, "hmax": 0.0, "ratio": 0.0, "vulnClass": "none"}}, {"type": "Feature", "geometry": {"type": "MultiPolygon", "coordinates": [[[[72.32474422929614, 34.1857079092166], [72.32473700327424, 34.18566880677041], [72.32464126621961, 34.185680961595814], [72.32464849504373, 34.18571997395767], [72.32474422929614, 34.1857079092166]]]]}, "properties": {"id": "Pakistan_123102310_936229", "height": 3.534721851348877, "hmax": 0.0, "ratio": 0.0, "vulnClass": "none"}}, {"type": "Feature", "geometry": {"type": "MultiPolygon", "coordinates": [[[[72.32435738247314, 34.18581810557857], [72.32436651880752, 34.185844809034336], [72.32425865253441, 34.1858700410681], [72.32426987176657, 34.185902920180816], [72.32448833721762, 34.18585179443257], [72.32448983519782, 34.1858558838674], [72.32460152686302, 34.18582974344644], [72.32461394461546, 34.185865894080884], [72.32461886266624, 34.18586473929066], [72.32463574593224, 34.18591405910256], [72.32472383156404, 34.18589344354876], [72.32469433926542, 34.18580715759846], [72.32477259152995, 34.185788761502415], [72.32475114566937, 34.18572590981398], [72.32435738247314, 34.18581810557857]]]]}, "properties": {"id": "Pakistan_123102310_262294", "height": 4.26090145111084, "hmax": 0.085, "ratio": 0.02, "vulnClass": "none"}}, {"type": "Feature", "geometry": {"type": "MultiPolygon", "coordinates": [[[[72.32442986503642, 34.185941119232204], [72.32445620077492, 34.186010568468575], [72.32462825264945, 34.18596582198179], [72.32460180837404, 34.18589637041055], [72.32442986503642, 34.185941119232204]]]]}, "properties": {"id": "Pakistan_123102310_945614", "height": 4.979676723480225, "hmax": 0.085, "ratio": 0.017, "vulnClass": "none"}}, {"type": "Feature", "geometry": {"type": "MultiPolygon", "coordinates": [[[[72.32430042784733, 34.185907463429245], [72.32426023346568, 34.185919567891446], [72.32432249577808, 34.18606047871488], [72.32444680753005, 34.18602289434376], [72.32441258909346, 34.18594543005007], [72.32432847470044, 34.185970819833706], [72.32430042784733, 34.185907463429245]]]]}, "properties": {"id": "Pakistan_123102310_699428", "height": 3.082069873809814, "hmax": 0.085, "ratio": 0.028, "vulnClass": "none"}}, {"type": "Feature", "geometry": {"type": "MultiPolygon", "coordinates": [[[[72.32445578022313, 34.186034178580215], [72.32447350431782, 34.18607405101411], [72.32457043875758, 34.18604461366739], [72.32455271462146, 34.18600474124548], [72.32445578022313, 34.186034178580215]]]]}, "properties": {"id": "Pakistan_123102310_874674", "height": 4.014570713043213, "hmax": 0.085, "ratio": 0.021, "vulnClass": "none"}}, {"type": "Feature", "geometry": {"type": "MultiPolygon", "coordinates": [[[[72.3248565586632, 34.18578175878577], [72.32486690310499, 34.185862939147476], [72.3249544704257, 34.18585529371235], [72.32494412589982, 34.18577411335399], [72.3248565586632, 34.18578175878577]]]]}, "properties": {"id": "Pakistan_123102310_6964", "height": 2.853094339370728, "hmax": 0.0, "ratio": 0.0, "vulnClass": "none"}}, {"type": "Feature", "geometry": {"type": "MultiPolygon", "coordinates": [[[[72.3261684443206, 34.185873028057145], [72.32615171208063, 34.185705525070674], [72.3263222822288, 34.185693919052994], [72.3263167542266, 34.185638807005596], [72.32583721991377, 34.185671531424845], [72.32584512889134, 34.185750855612575], [72.32573587228475, 34.18575829909239], [72.3257315152312, 34.185714210866664], [72.32562758471167, 34.18572131966433], [72.32564629168719, 34.18590869876452], [72.3261684443206, 34.185873028057145]]]]}, "properties": {"id": "Pakistan_123102310_377212", "height": 4.316697120666504, "hmax": 0.057, "ratio": 0.013, "vulnClass": "none"}}, {"type": "Feature", "geometry": {"type": "MultiPolygon", "coordinates": [[[[72.32589228155453, 34.185583664076404], [72.32545559111036, 34.185595955829776], [72.32545866677408, 34.18567030650758], [72.32589535760303, 34.18565801476155], [72.32589228155453, 34.185583664076404]]]]}, "properties": {"id": "Pakistan_123102310_789602", "height": 3.849667310714722, "hmax": 0.075, "ratio": 0.019, "vulnClass": "none"}}, {"type": "Feature", "geometry": {"type": "MultiPolygon", "coordinates": [[[[72.32546569605503, 34.1855679592974], [72.32546776794152, 34.185612268134605], [72.32549600142195, 34.185611351422594], [72.32549392952065, 34.18556704258516], [72.32546569605503, 34.1855679592974]]]]}, "properties": {"id": "Pakistan_123102310_443183", "height": 3.512465476989746, "hmax": 0.075, "ratio": 0.021, "vulnClass": "none"}}, {"type": "Feature", "geometry": {"type": "MultiPolygon", "coordinates": [[[[72.32618628971939, 34.18604650521394], [72.32618979932549, 34.186117439648726], [72.32614842306819, 34.18611888126244], [72.32615056642288, 34.18616093790293], [72.3263472378231, 34.18615413811273], [72.32634927002701, 34.18619628247842], [72.32641627543663, 34.18619395724046], [72.32641494357931, 34.18616742409732], [72.32652473735884, 34.18616359773633], [72.32652178216831, 34.18610601759449], [72.32665036122006, 34.18610160906062], [72.32665793560075, 34.18625340652771], [72.32685873231708, 34.18624651556353], [72.32685548229345, 34.18618108594505], [72.32672842363222, 34.18618543768968], [72.32672058614452, 34.186028225485146], [72.32618628971939, 34.18604650521394]]]]}, "properties": {"id": "Pakistan_123102310_325247", "height": 4.65999174118042, "hmax": 0.12, "ratio": 0.026, "vulnClass": "low"}}, {"type": "Feature", "geometry": {"type": "MultiPolygon", "coordinates": [[[[72.32562585175756, 34.18611280326859], [72.32559188824196, 34.18599288419343], [72.32538592850909, 34.18603274551246], [72.32541989174102, 34.18615266463094], [72.32562585175756, 34.18611280326859]]]]}, "properties": {"id": "Pakistan_123102310_637573", "height": 3.261731147766113, "hmax": 0.129, "ratio": 0.039, "vulnClass": "low"}}, {"type": "Feature", "geometry": {"type": "MultiPolygon", "coordinates": [[[[72.32571973585276, 34.18627955499514], [72.32569582791947, 34.18615724091393], [72.32565137960697, 34.18616321300431], [72.32567528747651, 34.186285527091115], [72.32571973585276, 34.18627955499514]]]]}, "properties": {"id": "Pakistan_123102310_457471", "height": 2.999502897262573, "hmax": 0.0, "ratio": 0.0, "vulnClass": "none"}}, {"type": "Feature", "geometry": {"type": "MultiPolygon", "coordinates": [[[[72.3260665446902, 34.18603911596153], [72.32606773420244, 34.18607015350182], [72.3261063832445, 34.186069193341474], [72.32610779588398, 34.186106906847456], [72.32618422391818, 34.18610505766714], [72.32618183849972, 34.18603631134715], [72.3260665446902, 34.18603911596153]]]]}, "properties": {"id": "Pakistan_123102310_262340", "height": 2.719829082489014, "hmax": 0.0, "ratio": 0.0, "vulnClass": "none"}}, {"type": "Feature", "geometry": {"type": "MultiPolygon", "coordinates": [[[[72.32612765598061, 34.18616161024218], [72.32612672969462, 34.18613941314248], [72.32602216784076, 34.186142451744956], [72.32602309409924, 34.18616464884413], [72.32612765598061, 34.18616161024218]]]]}, "properties": {"id": "Pakistan_123102310_149897", "height": 2.572394132614136, "hmax": 0.0, "ratio": 0.0, "vulnClass": "none"}}, {"type": "Feature", "geometry": {"type": "MultiPolygon", "coordinates": [[[[72.32600668474474, 34.18625831743248], [72.32600395537646, 34.18616955031385], [72.32594772476112, 34.18617075806085], [72.32595045691512, 34.18625943508996], [72.32600668474474, 34.18625831743248]]]]}, "properties": {"id": "Pakistan_123102310_486020", "height": 2.530854463577271, "hmax": 0.0, "ratio": 0.0, "vulnClass": "none"}}, {"type": "Feature", "geometry": {"type": "MultiPolygon", "coordinates": [[[[72.32617057633311, 34.18623151095838], [72.32616599308257, 34.18618083686169], [72.32612338735788, 34.18618342360524], [72.32612796773815, 34.18623418779027], [72.32617057633311, 34.18623151095838]]]]}, "properties": {"id": "Pakistan_123102310_803771", "height": 2.736303329467773, "hmax": 0.0, "ratio": 0.0, "vulnClass": "none"}}, {"type": "Feature", "geometry": {"type": "MultiPolygon", "coordinates": [[[[72.32648897859731, 34.186595267632434], [72.32646276292468, 34.18645667635555], [72.32657789925966, 34.186441697697425], [72.32655391260163, 34.186314964686595], [72.3264466214386, 34.186328852288156], [72.32645497849602, 34.18637338831387], [72.32629529396361, 34.18639406655243], [72.32627335415621, 34.18627810598065], [72.32618436326858, 34.18628959775785], [72.32618706041349, 34.18630381012386], [72.32594622432975, 34.186335068777126], [72.3259523606089, 34.18636747629897], [72.32601259605657, 34.186359684791945], [72.32602979200753, 34.186450660548005], [72.32615026300421, 34.186435077432805], [72.32616151395354, 34.18649446118116], [72.32620856983854, 34.18648836547168], [72.32621908159715, 34.186543676346375], [72.32623476595289, 34.1865416744676], [72.32625075770565, 34.186626133138354], [72.32648897859731, 34.186595267632434]]]]}, "properties": {"id": "Pakistan_123102310_149901", "height": 4.501358509063721, "hmax": 0.0, "ratio": 0.0, "vulnClass": "none"}}, {"type": "Feature", "geometry": {"type": "MultiPolygon", "coordinates": [[[[72.32615968602254, 34.18631186757365], [72.32615893009994, 34.18628083948954], [72.32599004397245, 34.18628373742406], [72.32599079983301, 34.186314765506275], [72.32615968602254, 34.18631186757365]]]]}, "properties": {"id": "Pakistan_123102310_666233", "height": 3.486986875534058, "hmax": 0.0, "ratio": 0.0, "vulnClass": "none"}}, {"type": "Feature", "geometry": {"type": "MultiPolygon", "coordinates": [[[[72.32594117779212, 34.18643304190984], [72.3259429992677, 34.18648185277939], [72.32601270081146, 34.18648003731805], [72.32601087929557, 34.18643122644763], [72.32594117779212, 34.18643304190984]]]]}, "properties": {"id": "Pakistan_123102310_775550", "height": 3.588766098022461, "hmax": 0.0, "ratio": 0.0, "vulnClass": "none"}}, {"type": "Feature", "geometry": {"type": "MultiPolygon", "coordinates": [[[[72.32607074820825, 34.18650375056493], [72.32614262326393, 34.18649837642958], [72.32613797805767, 34.18645653568223], [72.32606621144302, 34.18646191218064], [72.32607074820825, 34.18650375056493]]]]}, "properties": {"id": "Pakistan_123102310_903230", "height": 3.466363668441772, "hmax": 0.0, "ratio": 0.0, "vulnClass": "none"}}, {"type": "Feature", "geometry": {"type": "MultiPolygon", "coordinates": [[[[72.32579322377796, 34.18652194840518], [72.32579587513183, 34.18656852362428], [72.32584931591576, 34.18656635360899], [72.32584666168736, 34.18651986847759], [72.32579322377796, 34.18652194840518]]]]}, "properties": {"id": "Pakistan_123102310_528582", "height": 3.48110818862915, "hmax": 0.0, "ratio": 0.0, "vulnClass": "none"}}, {"type": "Feature", "geometry": {"type": "MultiPolygon", "coordinates": [[[[72.32582716594845, 34.18628874946003], [72.32571192702403, 34.18630354487632], [72.32573142307676, 34.18640755243118], [72.32570146935922, 34.18641140662053], [72.32570695198035, 34.18644046434588], [72.32564007243276, 34.1864491024338], [72.32565241049606, 34.18651527117984], [72.32586458860115, 34.18648807590941], [72.32582716594845, 34.18628874946003]]]]}, "properties": {"id": "Pakistan_123102310_571232", "height": 4.982966899871826, "hmax": 0.0, "ratio": 0.0, "vulnClass": "none"}}, {"type": "Feature", "geometry": {"type": "MultiPolygon", "coordinates": [[[[72.32476535647604, 34.18644011743083], [72.32477456180608, 34.186471510162285], [72.32495436896747, 34.18643540654311], [72.3249451635728, 34.18640401382203], [72.32476535647604, 34.18644011743083]]]]}, "properties": {"id": "Pakistan_123102310_547368", "height": 3.440153121948242, "hmax": 0.0, "ratio": 0.0, "vulnClass": "none"}}, {"type": "Feature", "geometry": {"type": "MultiPolygon", "coordinates": [[[[72.32561385258848, 34.18651677407904], [72.32557953074026, 34.18630859035412], [72.32546630849853, 34.18632135607499], [72.32548960721539, 34.18646294899817], [72.32538542224002, 34.186474649663836], [72.32537150814991, 34.1863896953223], [72.32535713890042, 34.186391275027944], [72.32528510308245, 34.186418912239624], [72.32529483574268, 34.18647826293197], [72.32517900298126, 34.186491241883466], [72.32516907066578, 34.1864313459287], [72.32521672753654, 34.18641309346595], [72.32515645444849, 34.186305311494216], [72.32513988063451, 34.186204973613464], [72.32501435465714, 34.18621918335721], [72.32499628281786, 34.18618687600594], [72.32490689994644, 34.18622107609173], [72.32494058415624, 34.18628112966023], [72.32494293595327, 34.186295965563666], [72.3246922145623, 34.186324211420796], [72.32475053550955, 34.18642852531491], [72.32495302592804, 34.18640580805372], [72.32495693602414, 34.186429692950504], [72.32506492939137, 34.186417624983754], [72.32507993913919, 34.186509094052475], [72.32484924911364, 34.18653507271715], [72.32489360704804, 34.18661438081666], [72.32554648642264, 34.18654081714657], [72.32554384913344, 34.18652471292542], [72.32561385258848, 34.18651677407904]]]]}, "properties": {"id": "Pakistan_123102310_670936", "height": 4.225921154022217, "hmax": 0.089, "ratio": 0.021, "vulnClass": "none"}}, {"type": "Feature", "geometry": {"type": "MultiPolygon", "coordinates": [[[[72.32458686936397, 34.18606705892039], [72.32445514550112, 34.186095466699705], [72.32447870879719, 34.18617026443175], [72.32461043277203, 34.18614185663258], [72.32458686936397, 34.18606705892039]]]]}, "properties": {"id": "Pakistan_123102310_898423", "height": 2.508175849914551, "hmax": 0.085, "ratio": 0.034, "vulnClass": "none"}}, {"type": "Feature", "geometry": {"type": "MultiPolygon", "coordinates": [[[[72.32436878739324, 34.1862673913684], [72.32434933097602, 34.1862171138739], [72.32426531307779, 34.18623944061328], [72.32428476944841, 34.18628971811882], [72.32436878739324, 34.1862673913684]]]]}, "properties": {"id": "Pakistan_123102310_306190", "height": 4.874536037445068, "hmax": 0.0, "ratio": 0.0, "vulnClass": "none"}}, {"type": "Feature", "geometry": {"type": "MultiPolygon", "coordinates": [[[[72.32445608639067, 34.18625108605153], [72.32443392310496, 34.18616631222067], [72.32434675537037, 34.1861818991888], [72.32436902697569, 34.186266675396865], [72.32445608639067, 34.18625108605153]]]]}, "properties": {"id": "Pakistan_123102310_571224", "height": 2.566267251968384, "hmax": 0.0, "ratio": 0.0, "vulnClass": "none"}}, {"type": "Feature", "geometry": {"type": "MultiPolygon", "coordinates": [[[[72.32462616363223, 34.186430228986715], [72.32461432090591, 34.18633810777792], [72.32456123419433, 34.18634280918127], [72.32456751941122, 34.18639108640087], [72.32442164138872, 34.18640394994318], [72.32441169989245, 34.18632719569906], [72.32436133184953, 34.1863316858905], [72.32437170431, 34.18641196538987], [72.32426183361325, 34.18642164787566], [72.3242774378373, 34.186542338575826], [72.32446683196099, 34.18652555668277], [72.32445645940321, 34.18644527718784], [72.32462616363223, 34.186430228986715]]]]}, "properties": {"id": "Pakistan_123102310_177366", "height": 5.048916339874268, "hmax": 0.0, "ratio": 0.0, "vulnClass": "none"}}, {"type": "Feature", "geometry": {"type": "MultiPolygon", "coordinates": [[[[72.32430886994642, 34.18633721216799], [72.32424314037713, 34.18635065253291], [72.3242500085221, 34.18637361035034], [72.32431573810862, 34.18636016998259], [72.32430886994642, 34.18633721216799]]]]}, "properties": {"id": "Pakistan_123102310_6948", "height": 4.693332672119141, "hmax": 0.0, "ratio": 0.0, "vulnClass": "none"}}, {"type": "Feature", "geometry": {"type": "MultiPolygon", "coordinates": [[[[72.32457197369443, 34.18648701299469], [72.32463893043742, 34.18647936882817], [72.32463510321912, 34.18645629708156], [72.32466134274146, 34.18645326361356], [72.32465597433269, 34.186420602344306], [72.32456266971619, 34.18643127760986], [72.32457197369443, 34.18648701299469]]]]}, "properties": {"id": "Pakistan_123102310_851013", "height": 2.539645195007324, "hmax": 0.0, "ratio": 0.0, "vulnClass": "none"}}, {"type": "Feature", "geometry": {"type": "MultiPolygon", "coordinates": [[[[72.32448667571798, 34.186687177800096], [72.32446653219048, 34.18664490867488], [72.32433784936549, 34.18668690515173], [72.32439095854188, 34.18679822732185], [72.32456962100201, 34.18674001257455], [72.32453676641822, 34.18667087186725], [72.32448667571798, 34.186687177800096]]]]}, "properties": {"id": "Pakistan_123102310_846331", "height": 3.440938234329224, "hmax": 0.0, "ratio": 0.0, "vulnClass": "none"}}, {"type": "Feature", "geometry": {"type": "MultiPolygon", "coordinates": [[[[72.32432471647898, 34.18662189090481], [72.32434239222209, 34.18666329485022], [72.32446973168457, 34.186626047001425], [72.32445205588441, 34.18658464307158], [72.32432471647898, 34.18662189090481]]]]}, "properties": {"id": "Pakistan_123102310_36529", "height": 4.47184944152832, "hmax": 0.0, "ratio": 0.0, "vulnClass": "none"}}, {"type": "Feature", "geometry": {"type": "MultiPolygon", "coordinates": [[[[72.3243337745212, 34.186712869564474], [72.32429676575173, 34.18671683989941], [72.3243034583685, 34.18675908597133], [72.32434035590414, 34.18675520335748], [72.3243337745212, 34.186712869564474]]]]}, "properties": {"id": "Pakistan_123102310_685241", "height": 3.772791147232056, "hmax": 0.0, "ratio": 0.0, "vulnClass": "none"}}, {"type": "Feature", "geometry": {"type": "MultiPolygon", "coordinates": [[[[72.32441425175804, 34.186843810587376], [72.32445750235313, 34.186961588698516], [72.32451250304044, 34.1869478239702], [72.32449393073308, 34.186897024889035], [72.32471984403101, 34.186840291716514], [72.32473702686475, 34.186887003702374], [72.32474828943725, 34.186884184339114], [72.32476086701486, 34.186918715747346], [72.32447710865044, 34.186989963010895], [72.3244994815848, 34.18705094182084], [72.32474256303965, 34.18698989544144], [72.32474705991353, 34.18700207365127], [72.3248762002112, 34.1869696426291], [72.32482356148381, 34.186826237532784], [72.32486773878925, 34.18681512129374], [72.32483907114577, 34.18673705701475], [72.32441425175804, 34.186843810587376]]]]}, "properties": {"id": "Pakistan_123102310_148968", "height": 5.288496971130371, "hmax": 0.0, "ratio": 0.0, "vulnClass": "none"}}, {"type": "Feature", "geometry": {"type": "MultiPolygon", "coordinates": [[[[72.32465916867328, 34.18660791350063], [72.32478433229447, 34.18658459108654], [72.32477111184748, 34.186536072410334], [72.3245107487635, 34.186584481397134], [72.32453590819637, 34.18667743408692], [72.32467132753133, 34.18665226212616], [72.32465916867328, 34.18660791350063]]]]}, "properties": {"id": "Pakistan_123102310_523992", "height": 4.453178882598877, "hmax": 0.0, "ratio": 0.0, "vulnClass": "none"}}, {"type": "Feature", "geometry": {"type": "MultiPolygon", "coordinates": [[[[72.32484601860862, 34.18659612390774], [72.32479828680529, 34.18660644138972], [72.32481435453464, 34.18665754638437], [72.32486208351963, 34.18664731898532], [72.32484601860862, 34.18659612390774]]]]}, "properties": {"id": "Pakistan_123102310_353591", "height": 2.617250919342041, "hmax": 0.0, "ratio": 0.0, "vulnClass": "none"}}, {"type": "Feature", "geometry": {"type": "MultiPolygon", "coordinates": [[[[72.32525717193258, 34.18660256948444], [72.32517133495392, 34.18660349161648], [72.32517195729386, 34.186645605228186], [72.32525779146967, 34.186644773185634], [72.32525717193258, 34.18660256948444]]]]}, "properties": {"id": "Pakistan_123102310_467048", "height": 2.676827430725098, "hmax": 0.0, "ratio": 0.0, "vulnClass": "none"}}, {"type": "Feature", "geometry": {"type": "MultiPolygon", "coordinates": [[[[72.32511961025907, 34.18673677682329], [72.3251651235702, 34.18673831061569], [72.32516862678246, 34.18666518526551], [72.32512311351039, 34.186663651476245], [72.32511961025907, 34.18673677682329]]]]}, "properties": {"id": "Pakistan_123102310_766133", "height": 2.583038091659546, "hmax": 0.068, "ratio": 0.026, "vulnClass": "none"}}, {"type": "Feature", "geometry": {"type": "MultiPolygon", "coordinates": [[[[72.32533950121932, 34.18679512276637], [72.32511100636916, 34.186737851223306], [72.32509544776316, 34.18678051333382], [72.32532383430821, 34.18683778254573], [72.32533950121932, 34.18679512276637]]]]}, "properties": {"id": "Pakistan_123102310_618611", "height": 2.526453018188477, "hmax": 0.105, "ratio": 0.042, "vulnClass": "low"}}, {"type": "Feature", "geometry": {"type": "MultiPolygon", "coordinates": [[[[72.32508007533599, 34.18675890257904], [72.32497016334415, 34.18675614409555], [72.32496843532266, 34.1868039760249], [72.32486654530746, 34.1868013924611], [72.3248636612033, 34.18687894864998], [72.32507535221376, 34.18688437843877], [72.32508007533599, 34.18675890257904]]]]}, "properties": {"id": "Pakistan_123102310_822682", "height": 4.878806114196777, "hmax": 0.068, "ratio": 0.014, "vulnClass": "none"}}, {"type": "Feature", "geometry": {"type": "MultiPolygon", "coordinates": [[[[72.32486125781506, 34.18674556442582], [72.32490955577131, 34.18675166656591], [72.3249171467782, 34.186710543499444], [72.32486885169055, 34.18670435127554], [72.32486125781506, 34.18674556442582]]]]}, "properties": {"id": "Pakistan_123102310_396117", "height": 3.648495674133301, "hmax": 0.068, "ratio": 0.018, "vulnClass": "none"}}, {"type": "Feature", "geometry": {"type": "MultiPolygon", "coordinates": [[[[72.32487559743198, 34.186689984308146], [72.32486420065618, 34.18665241357411], [72.32481877664631, 34.18666178976439], [72.32483017340265, 34.18669936050172], [72.32487559743198, 34.186689984308146]]]]}, "properties": {"id": "Pakistan_123102310_391279", "height": 2.7483971118927, "hmax": 0.0, "ratio": 0.0, "vulnClass": "none"}}, {"type": "Feature", "geometry": {"type": "MultiPolygon", "coordinates": [[[[72.32506207581194, 34.18696468286576], [72.32507971060852, 34.187024566562684], [72.3253025381605, 34.18697966479074], [72.3252849032112, 34.186919781118476], [72.32506207581194, 34.18696468286576]]]]}, "properties": {"id": "Pakistan_123102310_713849", "height": 3.8535475730896, "hmax": 0.119, "ratio": 0.031, "vulnClass": "low"}}, {"type": "Feature", "geometry": {"type": "MultiPolygon", "coordinates": [[[[72.32506071543867, 34.18696997203536], [72.32492266108638, 34.18697552438636], [72.32492582319331, 34.187029953799254], [72.3250638776347, 34.18702440144893], [72.32506071543867, 34.18696997203536]]]]}, "properties": {"id": "Pakistan_123102310_646978", "height": 3.8535475730896, "hmax": 0.0, "ratio": 0.0, "vulnClass": "none"}}, {"type": "Feature", "geometry": {"type": "MultiPolygon", "coordinates": [[[[72.32482990915089, 34.18706139696026], [72.32491718950139, 34.18705257337424], [72.32490670884478, 34.18698256864698], [72.32481953412623, 34.18699148468207], [72.32482990915089, 34.18706139696026]]]]}, "properties": {"id": "Pakistan_123102310_747177", "height": 2.634581565856934, "hmax": 0.0, "ratio": 0.0, "vulnClass": "none"}}, {"type": "Feature", "geometry": {"type": "MultiPolygon", "coordinates": [[[[72.32433654768757, 34.18696841501954], [72.32435922673945, 34.18704373437338], [72.3244613207643, 34.18702270353302], [72.32443863877802, 34.18694747428163], [72.32433654768757, 34.18696841501954]]]]}, "properties": {"id": "Pakistan_123102310_766122", "height": 3.29454231262207, "hmax": 0.0, "ratio": 0.0, "vulnClass": "none"}}, {"type": "Feature", "geometry": {"type": "MultiPolygon", "coordinates": [[[[72.32443514524546, 34.18733612459998], [72.32443200244033, 34.187267361764924], [72.32454981968453, 34.18726371229866], [72.32454609109428, 34.187182586139066], [72.32446150034299, 34.18718524779986], [72.32445942900264, 34.18714093897893], [72.32449580483569, 34.18713983958656], [72.32449214200307, 34.187060067109556], [72.32443860958561, 34.18706169362375], [72.32443923250257, 34.18707631150742], [72.32430805595851, 34.187080480692686], [72.32431242145034, 34.18717577429369], [72.32439549165674, 34.187173169705005], [72.32439671446727, 34.187199700471375], [72.32431744414522, 34.18720220768267], [72.32432096116493, 34.187279723228976], [72.32425830540035, 34.18728169146739], [72.32426097105059, 34.18734151904672], [72.32443514524546, 34.18733612459998]]]]}, "properties": {"id": "Pakistan_123102310_770726", "height": 4.995902538299561, "hmax": 0.0, "ratio": 0.0, "vulnClass": "none"}}, {"type": "Feature", "geometry": {"type": "MultiPolygon", "coordinates": [[[[72.32452424558828, 34.18703624684729], [72.32454472514978, 34.187109084128096], [72.32460977353293, 34.187096620402336], [72.32458940232296, 34.18702378549518], [72.32452424558828, 34.18703624684729]]]]}, "properties": {"id": "Pakistan_123102310_467037", "height": 3.455952405929565, "hmax": 0.0, "ratio": 0.0, "vulnClass": "none"}}, {"type": "Feature", "geometry": {"type": "MultiPolygon", "coordinates": [[[[72.32464464010926, 34.18705401905686], [72.32475010161757, 34.18705000964207], [72.32474822206794, 34.18701679345027], [72.32464276060115, 34.18702080286542], [72.32464464010926, 34.18705401905686]]]]}, "properties": {"id": "Pakistan_123102310_467040", "height": 4.216953754425049, "hmax": 0.0, "ratio": 0.0, "vulnClass": "none"}}, {"type": "Feature", "geometry": {"type": "MultiPolygon", "coordinates": [[[[72.3246978234189, 34.187077176071426], [72.32461633572258, 34.18706746485532], [72.32460147878379, 34.187153143728274], [72.32469982669106, 34.18716484553238], [72.32470924553316, 34.187110510323706], [72.32469238541209, 34.18710851975107], [72.3246978234189, 34.187077176071426]]]]}, "properties": {"id": "Pakistan_123102310_694753", "height": 3.776665210723877, "hmax": 0.0, "ratio": 0.0, "vulnClass": "none"}}, {"type": "Feature", "geometry": {"type": "MultiPolygon", "coordinates": [[[[72.32468217528346, 34.18718789937862], [72.32468377660496, 34.18724022128841], [72.32476953142171, 34.18723848637299], [72.32477054372806, 34.18727168364181], [72.32481342115352, 34.18727081616198], [72.32481081027528, 34.18718520689297], [72.32468217528346, 34.18718789937862]]]]}, "properties": {"id": "Pakistan_123102310_718615", "height": 5.025002479553223, "hmax": 0.0, "ratio": 0.0, "vulnClass": "none"}}, {"type": "Feature", "geometry": {"type": "MultiPolygon", "coordinates": [[[[72.324313048965, 34.187385927491796], [72.32425478153425, 34.1874000715815], [72.32427788215386, 34.18746548365443], [72.32439649103992, 34.187436789936214], [72.32436403420559, 34.18734475978069], [72.32430369000848, 34.18735939947517], [72.324313048965, 34.187385927491796]]]]}, "properties": {"id": "Pakistan_123102310_271508", "height": 4.94498872756958, "hmax": 0.0, "ratio": 0.0, "vulnClass": "none"}}, {"type": "Feature", "geometry": {"type": "MultiPolygon", "coordinates": [[[[72.3244556138456, 34.18749857069334], [72.32446159826078, 34.18752890151026], [72.32450496043886, 34.187522996323246], [72.32449897316171, 34.187492755595535], [72.3244556138456, 34.18749857069334]]]]}, "properties": {"id": "Pakistan_123102310_253741", "height": 2.869177341461182, "hmax": 0.0, "ratio": 0.0, "vulnClass": "none"}}, {"type": "Feature", "geometry": {"type": "MultiPolygon", "coordinates": [[[[72.32455450905734, 34.1874174301262], [72.32455553979672, 34.18747064108328], [72.32467079566361, 34.18746909921597], [72.32466976485163, 34.1874158882564], [72.32455450905734, 34.1874174301262]]]]}, "properties": {"id": "Pakistan_123102310_903213", "height": 2.935597896575928, "hmax": 0.0, "ratio": 0.0, "vulnClass": "none"}}, {"type": "Feature", "geometry": {"type": "MultiPolygon", "coordinates": [[[[72.32467875130328, 34.187457643460874], [72.32467760755921, 34.18750071017878], [72.32479285518377, 34.187502864165495], [72.32479399886935, 34.18745979744375], [72.32467875130328, 34.187457643460874]]]]}, "properties": {"id": "Pakistan_123102310_26975", "height": 3.836616039276123, "hmax": 0.0, "ratio": 0.0, "vulnClass": "none"}}, {"type": "Feature", "geometry": {"type": "MultiPolygon", "coordinates": [[[[72.3246848167079, 34.187303439096105], [72.32458378270756, 34.18731151165293], [72.32459231204288, 34.18738489951893], [72.32483951119488, 34.18736523149842], [72.32483413313707, 34.18731913768434], [72.32468796815296, 34.187330733142595], [72.3246848167079, 34.187303439096105]]]]}, "properties": {"id": "Pakistan_123102310_884223", "height": 5.555850028991699, "hmax": 0.0, "ratio": 0.0, "vulnClass": "none"}}, {"type": "Feature", "geometry": {"type": "MultiPolygon", "coordinates": [[[[72.32491444422234, 34.18726995517149], [72.32485708613787, 34.18727249004867], [72.32485878541037, 34.187297678959936], [72.3249160351056, 34.187295141717634], [72.32491444422234, 34.18726995517149]]]]}, "properties": {"id": "Pakistan_123102310_6968", "height": 3.927653551101685, "hmax": 0.0, "ratio": 0.0, "vulnClass": "none"}}, {"type": "Feature", "geometry": {"type": "MultiPolygon", "coordinates": [[[[72.32494210803118, 34.18757896171133], [72.32548196833578, 34.18759434482625], [72.3254926804134, 34.18759178383848], [72.3254948102342, 34.18754152661463], [72.32555106195242, 34.18754311420882], [72.32555294674829, 34.18749717883666], [72.32553083244044, 34.18743485359218], [72.32544742104753, 34.187455120897134], [72.32544288249272, 34.18756446395511], [72.32538403184918, 34.18756272946875], [72.32534117784819, 34.18757315355189], [72.3253323178959, 34.18754798874056], [72.32529438407681, 34.187546890791744], [72.32527525465389, 34.18749310471584], [72.32520989966977, 34.18749122825746], [72.32520767861786, 34.187544368280825], [72.32507328275598, 34.18754053484283], [72.32505445023747, 34.18748765671286], [72.32505530739022, 34.187467391672854], [72.32521251085554, 34.187429171898344], [72.3252139573117, 34.18739368436842], [72.32514914444042, 34.187391819705766], [72.32513160734999, 34.187342575845165], [72.32502474136061, 34.18733952324228], [72.32491859073475, 34.18736533413866], [72.3248691687731, 34.18736389526775], [72.32486877859884, 34.1873728116002], [72.32494210803118, 34.18757896171133]]]]}, "properties": {"id": "Pakistan_123102310_718618", "height": 4.511605262756348, "hmax": 0.0, "ratio": 0.0, "vulnClass": "none"}}, {"type": "Feature", "geometry": {"type": "MultiPolygon", "coordinates": [[[[72.32517858623116, 34.187256515851274], [72.32517586040507, 34.18731189861254], [72.325151802718, 34.18731110333387], [72.32514893742398, 34.187370900399074], [72.32528819139907, 34.18737547077407], [72.32529144672446, 34.18730675736501], [72.32532894111901, 34.187308026026294], [72.3253311711598, 34.18726146714057], [72.32517858623116, 34.187256515851274]]]]}, "properties": {"id": "Pakistan_123102310_870020", "height": 3.247190237045288, "hmax": 0.0, "ratio": 0.0, "vulnClass": "none"}}, {"type": "Feature", "geometry": {"type": "MultiPolygon", "coordinates": [[[[72.3250632291938, 34.18723723135716], [72.32501177086694, 34.18724187831694], [72.32501728847272, 34.1872835578226], [72.32506874682493, 34.187278910861735], [72.3250632291938, 34.18723723135716]]]]}, "properties": {"id": "Pakistan_123102310_632805", "height": 3.171501159667969, "hmax": 0.0, "ratio": 0.0, "vulnClass": "none"}}, {"type": "Feature", "geometry": {"type": "MultiPolygon", "coordinates": [[[[72.32494757620555, 34.18726508872533], [72.32494490647282, 34.18715730128245], [72.32483767023042, 34.187159108541834], [72.32484033982627, 34.18726689598056], [72.32494757620555, 34.18726508872533]]]]}, "properties": {"id": "Pakistan_123102310_704205", "height": 3.781360149383545, "hmax": 0.0, "ratio": 0.0, "vulnClass": "none"}}, {"type": "Feature", "geometry": {"type": "MultiPolygon", "coordinates": [[[[72.325084470272, 34.187152052294046], [72.32494851336557, 34.187170181268364], [72.32496354764922, 34.18724713673524], [72.32509950752423, 34.18722891766228], [72.325084470272, 34.187152052294046]]]]}, "properties": {"id": "Pakistan_123102310_252720", "height": 2.698357582092285, "hmax": 0.0, "ratio": 0.0, "vulnClass": "none"}}, {"type": "Feature", "geometry": {"type": "MultiPolygon", "coordinates": [[[[72.32505697853942, 34.187122604543475], [72.32505197756808, 34.18704740052438], [72.32482470540745, 34.18705785772621], [72.32482970617615, 34.1871330617449], [72.32505697853942, 34.187122604543475]]]]}, "properties": {"id": "Pakistan_123102310_528572", "height": 3.24315071105957, "hmax": 0.0, "ratio": 0.0, "vulnClass": "none"}}, {"type": "Feature", "geometry": {"type": "MultiPolygon", "coordinates": [[[[72.32505727834354, 34.18705130246572], [72.32506199701857, 34.18709080094194], [72.32513367286167, 34.18708488216835], [72.32512895415313, 34.18704538369328], [72.32505727834354, 34.18705130246572]]]]}, "properties": {"id": "Pakistan_123102310_120708", "height": 3.24315071105957, "hmax": 0.0, "ratio": 0.0, "vulnClass": "none"}}, {"type": "Feature", "geometry": {"type": "MultiPolygon", "coordinates": [[[[72.3252115506414, 34.18718827025369], [72.32521650980607, 34.18705531709104], [72.32515071584696, 34.18705361133332], [72.32514575373355, 34.18718665457635], [72.3252115506414, 34.18718827025369]]]]}, "properties": {"id": "Pakistan_123102310_396121", "height": 3.120588541030884, "hmax": 0.0, "ratio": 0.0, "vulnClass": "none"}}, {"type": "Feature", "geometry": {"type": "MultiPolygon", "coordinates": [[[[72.32578878148529, 34.18721907148246], [72.32578725432535, 34.18717468438517], [72.32566663853042, 34.18717764295797], [72.32566616108222, 34.18716528199755], [72.32556009450767, 34.18716783660208], [72.32556183864266, 34.18721565413084], [72.32567865173091, 34.18721288317125], [72.32567891492693, 34.187221723609476], [72.32578878148529, 34.18721907148246]]]]}, "properties": {"id": "Pakistan_123102310_372492", "height": 2.714195966720581, "hmax": 0.0, "ratio": 0.0, "vulnClass": "none"}}, {"type": "Feature", "geometry": {"type": "MultiPolygon", "coordinates": [[[[72.32536559485922, 34.187177927836956], [72.32537257002151, 34.18721468087787], [72.32548771036535, 34.18719961321604], [72.32548073799884, 34.187162770091355], [72.32536559485922, 34.187177927836956]]]]}, "properties": {"id": "Pakistan_123102310_187501", "height": 2.966169834136963, "hmax": 0.0, "ratio": 0.0, "vulnClass": "none"}}, {"type": "Feature", "geometry": {"type": "MultiPolygon", "coordinates": [[[[72.32556516810055, 34.187635735463324], [72.32574441786507, 34.187627655226386], [72.32574603744794, 34.18765194089331], [72.32585033000136, 34.187647183852455], [72.32584856470284, 34.18762064125868], [72.32591809304677, 34.18761746984845], [72.32592462024186, 34.18771650672693], [72.32626151378507, 34.18761504265548], [72.32623256329465, 34.18754932305147], [72.32615009375074, 34.18757411887455], [72.32614172378561, 34.18744754606814], [72.3260438388518, 34.1874520825037], [72.32604126508055, 34.187413352031506], [72.3260235513739, 34.1873731194321], [72.32593957670755, 34.18737687734681], [72.32594328434597, 34.187431228495306], [72.32598771654595, 34.18742922256413], [72.32604358553047, 34.18755629035846], [72.32591897834108, 34.18756195676989], [72.32580794284688, 34.187309639374355], [72.32565932697821, 34.187316404594206], [72.32565719042499, 34.187284444902254], [72.32562192219957, 34.18729512469465], [72.32562450431439, 34.18733358490332], [72.32558550387094, 34.187335348581335], [72.32558241616707, 34.1872888539969], [72.32539794938735, 34.187297270963285], [72.32540269658648, 34.18737021568926], [72.32554718171977, 34.18736372128323], [72.32556516810055, 34.187635735463324]]]]}, "properties": {"id": "Pakistan_123102310_101364", "height": 4.602143287658691, "hmax": 0.0, "ratio": 0.0, "vulnClass": "none"}}, {"type": "Feature", "geometry": {"type": "MultiPolygon", "coordinates": [[[[72.32554015008398, 34.18736996855465], [72.32544372859078, 34.18737282358326], [72.32544647246158, 34.187437070212184], [72.32554289118276, 34.18743430527281], [72.32554015008398, 34.18736996855465]]]]}, "properties": {"id": "Pakistan_123102310_206691", "height": 4.222192287445068, "hmax": 0.0, "ratio": 0.0, "vulnClass": "none"}}, {"type": "Feature", "geometry": {"type": "MultiPolygon", "coordinates": [[[[72.32623534037661, 34.1873102156921], [72.32617017760535, 34.18731943238976], [72.32618175071252, 34.187375487608776], [72.32624691352656, 34.187366270907006], [72.32623534037661, 34.1873102156921]]]]}, "properties": {"id": "Pakistan_123102310_271542", "height": 3.114819049835205, "hmax": 0.0, "ratio": 0.0, "vulnClass": "none"}}, {"type": "Feature", "geometry": {"type": "MultiPolygon", "coordinates": [[[[72.32596560602863, 34.18724997294573], [72.32597378305984, 34.18729333311899], [72.32601724491896, 34.18728770001384], [72.32600906502071, 34.18724442993037], [72.32596560602863, 34.18724997294573]]]]}, "properties": {"id": "Pakistan_123102310_344125", "height": 4.037644386291504, "hmax": 0.0, "ratio": 0.0, "vulnClass": "none"}}, {"type": "Feature", "geometry": {"type": "MultiPolygon", "coordinates": [[[[72.32597657263662, 34.1870916382925], [72.32597931661965, 34.18715245922495], [72.32614154303216, 34.18714752296927], [72.32613879893219, 34.18708670203491], [72.32597657263662, 34.1870916382925]]]]}, "properties": {"id": "Pakistan_123102310_16420", "height": 3.572417497634888, "hmax": 0.0, "ratio": 0.0, "vulnClass": "none"}}, {"type": "Feature", "geometry": {"type": "MultiPolygon", "coordinates": [[[[72.3261714078937, 34.18713618429185], [72.32617634736444, 34.18718244880221], [72.3262177753476, 34.187179385620674], [72.32621283585415, 34.1871331211109], [72.3261714078937, 34.18713618429185]]]]}, "properties": {"id": "Pakistan_123102310_566437", "height": 3.145755767822266, "hmax": 0.0, "ratio": 0.0, "vulnClass": "none"}}, {"type": "Feature", "geometry": {"type": "MultiPolygon", "coordinates": [[[[72.32601091296937, 34.18697636417387], [72.32595465022433, 34.1869751371599], [72.32595348948645, 34.187011893039575], [72.32600975510074, 34.187013029967304], [72.32601091296937, 34.18697636417387]]]]}, "properties": {"id": "Pakistan_123102310_443189", "height": 2.902290344238281, "hmax": 0.0, "ratio": 0.0, "vulnClass": "none"}}, {"type": "Feature", "geometry": {"type": "MultiPolygon", "coordinates": [[[[72.32604957871398, 34.18693366496175], [72.32593430644349, 34.186935748689635], [72.32593148435372, 34.18682931015891], [72.3258874146724, 34.18683015203433], [72.32589124690845, 34.186973303638894], [72.3260505889851, 34.18697037803918], [72.32604957871398, 34.18693366496175]]]]}, "properties": {"id": "Pakistan_123102310_789603", "height": 3.7328941822052, "hmax": 0.0, "ratio": 0.0, "vulnClass": "none"}}, {"type": "Feature", "geometry": {"type": "MultiPolygon", "coordinates": [[[[72.32576157394007, 34.18714626794233], [72.32575687282232, 34.18708215892361], [72.32532660557062, 34.18710378540553], [72.32531933446161, 34.18700428152887], [72.32524718780499, 34.18700793639359], [72.32525232838982, 34.18707872610678], [72.32528709802963, 34.187076960389895], [72.3252939292428, 34.18716978357325], [72.32576157394007, 34.18714626794233]]]]}, "properties": {"id": "Pakistan_123102310_713857", "height": 3.431846618652344, "hmax": 0.0, "ratio": 0.0, "vulnClass": "none"}}, {"type": "Feature", "geometry": {"type": "MultiPolygon", "coordinates": [[[[72.32562197627666, 34.18691559447872], [72.32561054613193, 34.18678976624976], [72.32547869993148, 34.186797978845846], [72.325490132725, 34.18692371698981], [72.32562197627666, 34.18691559447872]]]]}, "properties": {"id": "Pakistan_123102310_519309", "height": 4.360713958740234, "hmax": 0.113, "ratio": 0.026, "vulnClass": "low"}}, {"type": "Feature", "geometry": {"type": "MultiPolygon", "coordinates": [[[[72.32586944962566, 34.18688376006743], [72.32575695841668, 34.18688022483467], [72.32575579388102, 34.186906793680066], [72.32567537943035, 34.18690431857659], [72.3256729418989, 34.18695745389861], [72.32586573930809, 34.18696346188282], [72.32586944962566, 34.18688376006743]]]]}, "properties": {"id": "Pakistan_123102310_224556", "height": 4.940133571624756, "hmax": 0.057, "ratio": 0.011, "vulnClass": "none"}}, {"type": "Feature", "geometry": {"type": "MultiPolygon", "coordinates": [[[[72.32560889671329, 34.18678360007472], [72.32561140228437, 34.18682791836464], [72.3257452143496, 34.186822723452416], [72.32574716286638, 34.18685720324357], [72.32588097213488, 34.18685209827283], [72.32587651785171, 34.186773300190026], [72.32560889671329, 34.18678360007472]]]]}, "properties": {"id": "Pakistan_123102310_36557", "height": 4.50218391418457, "hmax": 0.057, "ratio": 0.013, "vulnClass": "none"}}, {"type": "Feature", "geometry": {"type": "MultiPolygon", "coordinates": [[[[72.32588781143943, 34.18670079545719], [72.32563260455446, 34.18673020749153], [72.32562055414431, 34.18665836557028], [72.32559159305637, 34.18666170048107], [72.32561058198141, 34.18677489228523], [72.32589475011719, 34.18674214532901], [72.32588781143943, 34.18670079545719]]]]}, "properties": {"id": "Pakistan_123102310_178161", "height": 4.025434494018555, "hmax": 0.057, "ratio": 0.014, "vulnClass": "none"}}, {"type": "Feature", "geometry": {"type": "MultiPolygon", "coordinates": [[[[72.32578819788114, 34.18652995228878], [72.32555677043193, 34.18653806651237], [72.32555905916614, 34.18658238007423], [72.325790489582, 34.186574175764164], [72.32578819788114, 34.18652995228878]]]]}, "properties": {"id": "Pakistan_123102310_244293", "height": 3.175233364105225, "hmax": 0.0, "ratio": 0.0, "vulnClass": "none"}}, {"type": "Feature", "geometry": {"type": "MultiPolygon", "coordinates": [[[[72.32557303351612, 34.1866001739778], [72.32550713745633, 34.18660171159276], [72.32551209295704, 34.18674362559815], [72.32557799197295, 34.186741997897876], [72.32557303351612, 34.1866001739778]]]]}, "properties": {"id": "Pakistan_123102310_599649", "height": 3.423477649688721, "hmax": 0.136, "ratio": 0.04, "vulnClass": "low"}}, {"type": "Feature", "geometry": {"type": "MultiPolygon", "coordinates": [[[[72.32595024427667, 34.18676427040188], [72.32589289506875, 34.18676653551807], [72.32589521497601, 34.18680643240757], [72.32595256705598, 34.18680407720363], [72.32595024427667, 34.18676427040188]]]]}, "properties": {"id": "Pakistan_123102310_851027", "height": 3.564443588256836, "hmax": 0.0, "ratio": 0.0, "vulnClass": "none"}}, {"type": "Feature", "geometry": {"type": "MultiPolygon", "coordinates": [[[[72.32650761130222, 34.18673008756236], [72.32626276874373, 34.18676107915069], [72.32627602071086, 34.18683267677346], [72.32604272287944, 34.186862206807625], [72.32606283886986, 34.18697064518509], [72.32600511339514, 34.18697795054399], [72.32602300881953, 34.18707426040047], [72.32621960368556, 34.187049339053324], [72.326230991898, 34.187111249987005], [72.32639610949606, 34.18709032973904], [72.32636441638124, 34.18691907486361], [72.32638010080501, 34.18691707296947], [72.32636286712007, 34.186823842683246], [72.32644150311135, 34.18681392800427], [72.32645651344356, 34.18689511985203], [72.32653624208767, 34.18688495848868], [72.32650761130222, 34.18673008756236]]]]}, "properties": {"id": "Pakistan_123102310_348877", "height": 4.241952896118164, "hmax": 0.123, "ratio": 0.029, "vulnClass": "low"}}, {"type": "Feature", "geometry": {"type": "MultiPolygon", "coordinates": [[[[72.32593779667465, 34.186622553601474], [72.32598675801344, 34.186775974867444], [72.3259992101561, 34.18677327148032], [72.32602438430591, 34.1868520706777], [72.32606709247939, 34.186842815112456], [72.32605484781793, 34.18680459493548], [72.32649003626308, 34.18670951074929], [72.32645726538448, 34.18660674639149], [72.32617751932975, 34.18666780805292], [72.32614839857833, 34.18657657226941], [72.32593779667465, 34.186622553601474]]]]}, "properties": {"id": "Pakistan_123102310_329953", "height": 3.805150032043457, "hmax": 0.123, "ratio": 0.032, "vulnClass": "low"}}, {"type": "Feature", "geometry": {"type": "MultiPolygon", "coordinates": [[[[72.32737558098124, 34.186732963237425], [72.32731629046954, 34.186638636029436], [72.32711371508503, 34.18672590276615], [72.3271730082623, 34.18682013997514], [72.32737558098124, 34.186732963237425]]]]}, "properties": {"id": "Pakistan_123102310_367744", "height": 3.308190822601318, "hmax": 0.0, "ratio": 0.0, "vulnClass": "none"}}, {"type": "Feature", "geometry": {"type": "MultiPolygon", "coordinates": [[[[72.3270063020815, 34.18686735046395], [72.32704832291284, 34.18691766873032], [72.3271610014237, 34.186853414046524], [72.32711908895793, 34.186803098179844], [72.3270063020815, 34.18686735046395]]]]}, "properties": {"id": "Pakistan_123102310_130142", "height": 4.572052478790283, "hmax": 0.0, "ratio": 0.0, "vulnClass": "none"}}, {"type": "Feature", "geometry": {"type": "MultiPolygon", "coordinates": [[[[72.32665178637973, 34.187073547382255], [72.3267204115783, 34.18705773481129], [72.32669997979227, 34.186997069139075], [72.32676718426458, 34.18698158616413], [72.32679664490979, 34.18706895277628], [72.32697083514347, 34.187028666995445], [72.32692876706425, 34.18690424436251], [72.32686407308117, 34.18691924126091], [72.32683560261454, 34.18683487120075], [72.32677593800763, 34.186848625451994], [72.32678357425485, 34.18687132944057], [72.32670249138916, 34.18689002569119], [72.32667193797312, 34.18679947998255], [72.3265673601648, 34.18682361378354], [72.32665178637973, 34.187073547382255]]]]}, "properties": {"id": "Pakistan_123102310_262348", "height": 4.60837459564209, "hmax": 0.0, "ratio": 0.0, "vulnClass": "none"}}, {"type": "Feature", "geometry": {"type": "MultiPolygon", "coordinates": [[[[72.32641919433719, 34.18709101340872], [72.32636998106206, 34.18709327584777], [72.3263739519322, 34.187153041731555], [72.32642327364853, 34.187150781656364], [72.32641919433719, 34.18709101340872]]]]}, "properties": {"id": "Pakistan_123102310_329959", "height": 2.995903253555298, "hmax": 0.0, "ratio": 0.0, "vulnClass": "none"}}, {"type": "Feature", "geometry": {"type": "MultiPolygon", "coordinates": [[[[72.3264577914851, 34.18726350061219], [72.32637074423592, 34.1872958595269], [72.32642927933551, 34.18740378334727], [72.32651643508564, 34.18737142675943], [72.3264577914851, 34.18726350061219]]]]}, "properties": {"id": "Pakistan_123102310_353610", "height": 4.121304035186768, "hmax": 0.0, "ratio": 0.0, "vulnClass": "none"}}, {"type": "Feature", "geometry": {"type": "MultiPolygon", "coordinates": [[[[72.3262866130439, 34.187397336858744], [72.3263111599278, 34.18747540112414], [72.32640913465231, 34.187454278834316], [72.32638458483694, 34.187376304672306], [72.3262866130439, 34.187397336858744]]]]}, "properties": {"id": "Pakistan_123102310_139504", "height": 4.210681915283203, "hmax": 0.0, "ratio": 0.0, "vulnClass": "none"}}, {"type": "Feature", "geometry": {"type": "MultiPolygon", "coordinates": [[[[72.32622151294973, 34.18746984024019], [72.3262399916146, 34.1875133348941], [72.32629824147908, 34.18749630466984], [72.32627975994212, 34.18745290011131], [72.32622151294973, 34.18746984024019]]]]}, "properties": {"id": "Pakistan_123102310_789605", "height": 2.475530385971069, "hmax": 0.0, "ratio": 0.0, "vulnClass": "none"}}, {"type": "Feature", "geometry": {"type": "MultiPolygon", "coordinates": [[[[72.32681400790545, 34.18760824805303], [72.32678364968616, 34.1874152962236], [72.3266833975601, 34.187426092062665], [72.32667905583732, 34.187398681949645], [72.3266606583171, 34.187400714875665], [72.32667329819917, 34.18748140426523], [72.32671814381649, 34.18747661243278], [72.32672537720325, 34.18752238604088], [72.32671481907839, 34.18752350809438], [72.32672964838204, 34.18761731696419], [72.32681400790545, 34.18760824805303]]]]}, "properties": {"id": "Pakistan_123102310_481354", "height": 2.800204038619995, "hmax": 0.0, "ratio": 0.0, "vulnClass": "none"}}, {"type": "Feature", "geometry": {"type": "MultiPolygon", "coordinates": [[[[72.32721313429366, 34.18745287614798], [72.32720659054823, 34.18740242979429], [72.32714295081203, 34.18740807421066], [72.32714949451947, 34.18745852056594], [72.32721313429366, 34.18745287614798]]]]}, "properties": {"id": "Pakistan_123102310_362995", "height": 3.502235651016235, "hmax": 0.0, "ratio": 0.0, "vulnClass": "none"}}, {"type": "Feature", "geometry": {"type": "MultiPolygon", "coordinates": [[[[72.32721302780713, 34.18738751506593], [72.32722424117202, 34.1874618628148], [72.32712912111003, 34.1874715989409], [72.32713135068691, 34.18748688289641], [72.32697822224499, 34.18750256634231], [72.32698735441807, 34.18756379698446], [72.32731494453645, 34.187530190404104], [72.32731888980915, 34.187556419907544], [72.32738223002276, 34.18754995752333], [72.32737415959171, 34.18749632264807], [72.32740430487117, 34.187493283583244], [72.32739276008226, 34.187415683222184], [72.32744445517064, 34.18741040937083], [72.32744025288407, 34.187382010667534], [72.32754320938442, 34.18737145344901], [72.32753666900986, 34.18732776843291], [72.32742576759944, 34.1873391441229], [72.32742971290189, 34.1873653736247], [72.32721302780713, 34.18738751506593]]]]}, "properties": {"id": "Pakistan_123102310_252772", "height": 4.782142639160156, "hmax": 0.0, "ratio": 0.0, "vulnClass": "none"}}, {"type": "Feature", "geometry": {"type": "MultiPolygon", "coordinates": [[[[72.32722901099405, 34.18732106231592], [72.3271970288955, 34.187327306699096], [72.32718862727481, 34.18729791494832], [72.32692107706337, 34.1873505897144], [72.32694043421706, 34.18741781287572], [72.32723986118418, 34.18735880124088], [72.32722901099405, 34.18732106231592]]]]}, "properties": {"id": "Pakistan_123102310_865256", "height": 4.339004516601562, "hmax": 0.0, "ratio": 0.0, "vulnClass": "none"}}, {"type": "Feature", "geometry": {"type": "MultiPolygon", "coordinates": [[[[72.32672572393103, 34.18709219778661], [72.32675071285931, 34.18713565401061], [72.32680970348744, 34.18711232918263], [72.32678471169004, 34.18706896305741], [72.32672572393103, 34.18709219778661]]]]}, "properties": {"id": "Pakistan_123102310_490721", "height": 4.316448211669922, "hmax": 0.0, "ratio": 0.0, "vulnClass": "none"}}, {"type": "Feature", "geometry": {"type": "MultiPolygon", "coordinates": [[[[72.32762711722046, 34.18711545319602], [72.32761908296585, 34.18708129152597], [72.32751058745117, 34.187098940090834], [72.32751873006907, 34.187133104128755], [72.32762711722046, 34.18711545319602]]]]}, "properties": {"id": "Pakistan_123102310_528602", "height": 3.364771604537964, "hmax": 0.0, "ratio": 0.0, "vulnClass": "none"}}, {"type": "Feature", "geometry": {"type": "MultiPolygon", "coordinates": [[[[72.32761926305409, 34.187567113946805], [72.32772489408735, 34.18756806392689], [72.32772445524375, 34.18759915612176], [72.32782108569856, 34.18760000000551], [72.3278216509539, 34.1875511510085], [72.32773315391916, 34.187550394240816], [72.32773596952114, 34.1873374310873], [72.32768228831512, 34.187336892174514], [72.32768258821955, 34.18731364000347], [72.32762250535256, 34.18731314184142], [72.32761926305409, 34.187567113946805]]]]}, "properties": {"id": "Pakistan_123102310_7833", "height": 5.268565654754639, "hmax": 0.0, "ratio": 0.0, "vulnClass": "none"}}, {"type": "Feature", "geometry": {"type": "MultiPolygon", "coordinates": [[[[72.32773300399253, 34.18729733984185], [72.32773877956552, 34.18733776278067], [72.32786685469326, 34.18732531867941], [72.32787883997622, 34.187409599709696], [72.32798199908031, 34.18739949728697], [72.32797578653941, 34.18735572928291], [72.32803661616369, 34.18734975274284], [72.32803164554076, 34.187314756358255], [72.32801042664114, 34.187316818155075], [72.32800384868922, 34.187270878587746], [72.32773300399253, 34.18729733984185]]]]}, "properties": {"id": "Pakistan_123102310_855837", "height": 3.261682033538818, "hmax": 0.0, "ratio": 0.0, "vulnClass": "none"}}, {"type": "Feature", "geometry": {"type": "MultiPolygon", "coordinates": [[[[72.32806235922864, 34.187420901212484], [72.3278940305507, 34.187430124368746], [72.327898324127, 34.18748313600872], [72.32806654450387, 34.18747391048924], [72.32806235922864, 34.187420901212484]]]]}, "properties": {"id": "Pakistan_123102310_377226", "height": 3.119731903076172, "hmax": 0.0, "ratio": 0.0, "vulnClass": "none"}}, {"type": "Feature", "geometry": {"type": "MultiPolygon", "coordinates": [[[[72.3280732519504, 34.18735073140367], [72.32798287884093, 34.18735786714232], [72.3279873049475, 34.18739636751334], [72.32807767809815, 34.187389231773395], [72.3280732519504, 34.18735073140367]]]]}, "properties": {"id": "Pakistan_123102310_936263", "height": 3.133618116378784, "hmax": 0.0, "ratio": 0.0, "vulnClass": "none"}}, {"type": "Feature", "geometry": {"type": "MultiPolygon", "coordinates": [[[[72.3279206555095, 34.18685798142088], [72.32792572688908, 34.186927597621334], [72.32812619111564, 34.186917542118174], [72.3281210111645, 34.18684792355584], [72.3279206555095, 34.18685798142088]]]]}, "properties": {"id": "Pakistan_123102310_272727", "height": 2.640142440795898, "hmax": 0.0, "ratio": 0.0, "vulnClass": "none"}}, {"type": "Feature", "geometry": {"type": "MultiPolygon", "coordinates": [[[[72.32772066658319, 34.186856417594655], [72.32776686490688, 34.186990936654], [72.32792074891427, 34.18695471444943], [72.32789888955969, 34.18689113304331], [72.32781451772796, 34.18691093031083], [72.32779017575041, 34.18684008277888], [72.32772066658319, 34.186856417594655]]]]}, "properties": {"id": "Pakistan_123102310_732897", "height": 5.034021854400635, "hmax": 0.0, "ratio": 0.0, "vulnClass": "none"}}, {"type": "Feature", "geometry": {"type": "MultiPolygon", "coordinates": [[[[72.32819013972619, 34.18724933552931], [72.3281816209558, 34.18719614167351], [72.32817167766105, 34.18718465624584], [72.32812849568518, 34.18691326513511], [72.32802573669879, 34.18692445821743], [72.32806646610405, 34.187180740853336], [72.32731950142455, 34.18726209343101], [72.3272975322431, 34.18723637254368], [72.32727933110571, 34.187122206469745], [72.3276617378349, 34.18708059849397], [72.3278131515284, 34.1869920355693], [72.32775698362342, 34.186998113603025], [72.32775498533825, 34.18698580964736], [72.32771721820623, 34.186941624372004], [72.32761531730416, 34.18700124637538], [72.32757723639602, 34.18695669361962], [72.32752857980752, 34.18696194361187], [72.3275108322783, 34.18685058209967], [72.32745347201949, 34.186884129765765], [72.32739467751502, 34.18681532586153], [72.3273608598268, 34.18683505278652], [72.3273938110564, 34.18704212443935], [72.32735418625421, 34.18704648942709], [72.32729782136164, 34.1870794276607], [72.32729899747457, 34.187086845599254], [72.32724250426647, 34.1870929163032], [72.327253191965, 34.18715986029163], [72.32721981625983, 34.18717932635684], [72.32724734338845, 34.18735202279012], [72.32819013972619, 34.18724933552931]]]]}, "properties": {"id": "Pakistan_123102310_396147", "height": 4.598625183105469, "hmax": 0.0, "ratio": 0.0, "vulnClass": "none"}}, {"type": "Feature", "geometry": {"type": "MultiPolygon", "coordinates": [[[[72.32772456462588, 34.186866959954216], [72.32771383082998, 34.186825527451255], [72.32763069946365, 34.186840393376194], [72.32764143606286, 34.18688173579645], [72.32772456462588, 34.186866959954216]]]]}, "properties": {"id": "Pakistan_123102310_178195", "height": 3.420303821563721, "hmax": 0.0, "ratio": 0.0, "vulnClass": "none"}}, {"type": "Feature", "geometry": {"type": "MultiPolygon", "coordinates": [[[[72.327965111623, 34.18671425941653], [72.32789269312912, 34.18657871826157], [72.32780961507588, 34.18660909128438], [72.32788203345599, 34.18674463248278], [72.327965111623, 34.18671425941653]]]]}, "properties": {"id": "Pakistan_123102310_514511", "height": 3.551745414733887, "hmax": 0.0, "ratio": 0.0, "vulnClass": "none"}}, {"type": "Feature", "geometry": {"type": "MultiPolygon", "coordinates": [[[[72.32787555293513, 34.18680561297959], [72.32780576566229, 34.18665200896084], [72.32766947877516, 34.186694384163864], [72.32773926582495, 34.18684798824925], [72.32787555293513, 34.18680561297959]]]]}, "properties": {"id": "Pakistan_123102310_186764", "height": 5.153758525848389, "hmax": 0.0, "ratio": 0.0, "vulnClass": "none"}}, {"type": "Feature", "geometry": {"type": "MultiPolygon", "coordinates": [[[[72.32797321929796, 34.1866635914769], [72.3280029813053, 34.18673113138875], [72.32804186054479, 34.186719447785244], [72.32807506111656, 34.18679490566729], [72.32816267850045, 34.18676850783485], [72.32813079617102, 34.186695963501975], [72.32806343862303, 34.1867163120055], [72.32803246951002, 34.1866457708506], [72.32797321929796, 34.1866635914769]]]]}, "properties": {"id": "Pakistan_123102310_841597", "height": 3.6533522605896, "hmax": 0.0, "ratio": 0.0, "vulnClass": "none"}}, {"type": "Feature", "geometry": {"type": "MultiPolygon", "coordinates": [[[[72.32803225078203, 34.18662863757535], [72.32811553991168, 34.18659844929956], [72.32809332062686, 34.186556586242425], [72.32804064628391, 34.18657572215056], [72.32802928128103, 34.186554289226116], [72.32797079035478, 34.18657555210097], [72.32799055282284, 34.186612763987284], [72.32793744195784, 34.18663198048665], [72.32795526126547, 34.18666545388004], [72.32803624550726, 34.186636116931346], [72.32803225078203, 34.18662863757535]]]]}, "properties": {"id": "Pakistan_123102310_694786", "height": 3.503085613250732, "hmax": 0.0, "ratio": 0.0, "vulnClass": "none"}}, {"type": "Feature", "geometry": {"type": "MultiPolygon", "coordinates": [[[[72.32799126041039, 34.18651127045538], [72.32794841211586, 34.18646309806978], [72.32788846514696, 34.186499564533335], [72.32793142182862, 34.18654773930134], [72.32799126041039, 34.18651127045538]]]]}, "properties": {"id": "Pakistan_123102310_433803", "height": 3.080812692642212, "hmax": 0.0, "ratio": 0.0, "vulnClass": "none"}}, {"type": "Feature", "geometry": {"type": "MultiPolygon", "coordinates": [[[[72.32806327092383, 34.18639158787815], [72.3281886408583, 34.18648546151284], [72.32823332485768, 34.186444515415396], [72.32810795208549, 34.186350731914516], [72.32806327092383, 34.18639158787815]]]]}, "properties": {"id": "Pakistan_123102310_874725", "height": 3.28441047668457, "hmax": 0.0, "ratio": 0.0, "vulnClass": "none"}}, {"type": "Feature", "geometry": {"type": "MultiPolygon", "coordinates": [[[[72.327942166391, 34.18624849499829], [72.3277351373977, 34.18629131193305], [72.32774839896659, 34.18633514342697], [72.32780397816528, 34.186323643552825], [72.32783039299005, 34.18641130416564], [72.32792385900211, 34.18639206565954], [72.32791158473333, 34.18635132079991], [72.32796956590137, 34.18633933229535], [72.327942166391, 34.18624849499829]]]]}, "properties": {"id": "Pakistan_123102310_53952", "height": 3.588023900985718, "hmax": 0.0, "ratio": 0.0, "vulnClass": "none"}}, {"type": "Feature", "geometry": {"type": "MultiPolygon", "coordinates": [[[[72.32793141322587, 34.186238614605195], [72.32788906884274, 34.18610228643612], [72.32758971569447, 34.18616598920561], [72.32760389311352, 34.18621173382551], [72.32764670354305, 34.18620266022416], [72.32765762773222, 34.1862380568303], [72.32751433951972, 34.18626855978083], [72.32750586394363, 34.186241510336735], [72.32746567226829, 34.18625010006687], [72.32746370034806, 34.18624383673384], [72.3274058162231, 34.18625618771402], [72.32743339748265, 34.186344685177104], [72.32793141322587, 34.186238614605195]]]]}, "properties": {"id": "Pakistan_123102310_699477", "height": 4.445082187652588, "hmax": 0.0, "ratio": 0.0, "vulnClass": "none"}}, {"type": "Feature", "geometry": {"type": "MultiPolygon", "coordinates": [[[[72.3273597989912, 34.18609877436928], [72.32741062870456, 34.18625494036013], [72.32755680369475, 34.18622233684945], [72.32754097995567, 34.186173761690924], [72.3277649390871, 34.186123831599275], [72.32774100499353, 34.186050378595304], [72.32742593392777, 34.186120589811374], [72.32741485879426, 34.18608654214733], [72.3273597989912, 34.18609877436928]]]]}, "properties": {"id": "Pakistan_123102310_443200", "height": 3.677979230880737, "hmax": 0.0, "ratio": 0.0, "vulnClass": "none"}}, {"type": "Feature", "geometry": {"type": "MultiPolygon", "coordinates": [[[[72.32723311794385, 34.18641766832328], [72.32735229220094, 34.186718121750964], [72.32742844782709, 34.186697424513056], [72.32734614646743, 34.18649008851939], [72.32739593162236, 34.186476569389235], [72.32746868517431, 34.186659897636865], [72.32756551990792, 34.1866336109876], [72.32755205973857, 34.18659951135175], [72.3276223044454, 34.18658048815678], [72.32759205405324, 34.18650437326224], [72.32750594274198, 34.18652773841466], [72.32746183001773, 34.18641652343305], [72.3275914903211, 34.18638130617575], [72.32757330757391, 34.186335293956866], [72.32741213655753, 34.18637901967184], [72.32740851545233, 34.18637001589014], [72.32723311794385, 34.18641766832328]]]]}, "properties": {"id": "Pakistan_123102310_429063", "height": 4.703042507171631, "hmax": 0.0, "ratio": 0.0, "vulnClass": "none"}}, {"type": "Feature", "geometry": {"type": "MultiPolygon", "coordinates": [[[[72.32763444563483, 34.18631264656326], [72.3275763965788, 34.18633022273098], [72.32759978920694, 34.186383019602985], [72.32765783829585, 34.18636544342582], [72.32763444563483, 34.18631264656326]]]]}, "properties": {"id": "Pakistan_123102310_196134", "height": 3.916406631469727, "hmax": 0.0, "ratio": 0.0, "vulnClass": "none"}}, {"type": "Feature", "geometry": {"type": "MultiPolygon", "coordinates": [[[[72.32764813613737, 34.18644600640348], [72.32758193135143, 34.18646764186948], [72.32763138099138, 34.1865713103772], [72.32769769709816, 34.186549587162645], [72.32764813613737, 34.18644600640348]]]]}, "properties": {"id": "Pakistan_123102310_381927", "height": 2.852713108062744, "hmax": 0.0, "ratio": 0.0, "vulnClass": "none"}}, {"type": "Feature", "geometry": {"type": "MultiPolygon", "coordinates": [[[[72.32676781760595, 34.18636362164448], [72.32676615406946, 34.186330410170406], [72.32669111233534, 34.18633301113451], [72.32669277584229, 34.18636622260817], [72.32676781760595, 34.18636362164448]]]]}, "properties": {"id": "Pakistan_123102310_17543", "height": 2.670979499816895, "hmax": 0.0, "ratio": 0.0, "vulnClass": "none"}}, {"type": "Feature", "geometry": {"type": "MultiPolygon", "coordinates": [[[[72.32644968938963, 34.18637255178684], [72.32644124476622, 34.18630673844993], [72.32636172746963, 34.186313658974115], [72.3263701691867, 34.18637956240153], [72.32644968938963, 34.18637255178684]]]]}, "properties": {"id": "Pakistan_123102310_386609", "height": 2.65846586227417, "hmax": 0.0, "ratio": 0.0, "vulnClass": "none"}}, {"type": "Feature", "geometry": {"type": "MultiPolygon", "coordinates": [[[[72.32688059088322, 34.18648534875353], [72.32687689782803, 34.18638240707109], [72.32682989288882, 34.18638345575025], [72.32682765868782, 34.186320211879504], [72.32676870929367, 34.186321631178004], [72.32677027713372, 34.186368182767936], [72.32668342771531, 34.18637025584439], [72.32668077892282, 34.18629609478282], [72.32658165987841, 34.18629853132693], [72.32658479502784, 34.18638820879438], [72.32667316498157, 34.18638607879045], [72.3266753216163, 34.186444903618856], [72.32683067448933, 34.18644116880064], [72.32683104621447, 34.18645001160636], [72.32678545050928, 34.18645109099095], [72.32678981294693, 34.186574060569235], [72.32654446074957, 34.18657997992332], [72.32654718116736, 34.186658740194304], [72.32662643110267, 34.18665686212887], [72.32662609921826, 34.18664675809183], [72.32691813148092, 34.186639782804875], [72.32691481011975, 34.18654568392917], [72.32701403786865, 34.186543249492146], [72.32701184368888, 34.18648217009537], [72.32688059088322, 34.18648534875353]]]]}, "properties": {"id": "Pakistan_123102310_467060", "height": 4.810634613037109, "hmax": 0.0, "ratio": 0.0, "vulnClass": "none"}}, {"type": "Feature", "geometry": {"type": "MultiPolygon", "coordinates": [[[[72.32626537336128, 34.186166686847166], [72.32617436779041, 34.18616984088776], [72.32618009186857, 34.186280579762276], [72.32627109755889, 34.18627742572311], [72.32626537336128, 34.186166686847166]]]]}, "properties": {"id": "Pakistan_123102310_214944", "height": 4.181533813476562, "hmax": 0.12, "ratio": 0.029, "vulnClass": "low"}}, {"type": "Feature", "geometry": {"type": "MultiPolygon", "coordinates": [[[[72.32653258449295, 34.18627582529741], [72.3265232472269, 34.18618330809782], [72.32643007954115, 34.18618966058595], [72.3264307391441, 34.186196255918986], [72.32635877017015, 34.1862011774329], [72.32636140571567, 34.18622764885346], [72.32643337471221, 34.186222727339086], [72.32644351718685, 34.18632409680064], [72.3265246179052, 34.186318562998466], [72.32652040897796, 34.18627664162271], [72.32653258449295, 34.18627582529741]]]]}, "properties": {"id": "Pakistan_123102310_742475", "height": 4.561097145080566, "hmax": 0.0, "ratio": 0.0, "vulnClass": "none"}}, {"type": "Feature", "geometry": {"type": "MultiPolygon", "coordinates": [[[[72.32724553324388, 34.186557040445486], [72.32718852746437, 34.1861497620894], [72.3272361852003, 34.18614521164756], [72.32723256804796, 34.18611889914146], [72.32701549517559, 34.18613967961339], [72.32702495888667, 34.186207588589625], [72.32707142135929, 34.186203102306465], [72.3270852329735, 34.186301666919306], [72.32694345477783, 34.1863152539066], [72.32694195599029, 34.18630431307967], [72.32682814316459, 34.186315174040885], [72.32683673028828, 34.186376482964604], [72.32687372462172, 34.186372962289624], [72.3268890376441, 34.186482377651835], [72.32712874222727, 34.186459476431395], [72.32714379861991, 34.18656672257449], [72.32724553324388, 34.186557040445486]]]]}, "properties": {"id": "Pakistan_123102310_841588", "height": 4.752971649169922, "hmax": 0.0, "ratio": 0.0, "vulnClass": "none"}}, {"type": "Feature", "geometry": {"type": "MultiPolygon", "coordinates": [[[[72.32703772924805, 34.186136378012115], [72.32703086423967, 34.186010198620764], [72.32672427124756, 34.18602145442759], [72.32673261061953, 34.18617651397401], [72.32694819575154, 34.18616850287797], [72.32694671801171, 34.18613971280538], [72.32703772924805, 34.186136378012115]]]]}, "properties": {"id": "Pakistan_123102310_723391", "height": 4.067146301269531, "hmax": 0.0, "ratio": 0.0, "vulnClass": "none"}}, {"type": "Feature", "geometry": {"type": "MultiPolygon", "coordinates": [[[[72.32656643437093, 34.18602486452026], [72.32655807660637, 34.18585321696389], [72.32647380668044, 34.18585606734736], [72.32647421534537, 34.18586373900908], [72.32625583523874, 34.185870967141426], [72.32625768441109, 34.18590860001731], [72.32628331059233, 34.185907806570974], [72.32628941280655, 34.186034059493856], [72.32656643437093, 34.18602486452026]]]]}, "properties": {"id": "Pakistan_123102310_282091", "height": 4.150980949401855, "hmax": 0.105, "ratio": 0.025, "vulnClass": "low"}}, {"type": "Feature", "geometry": {"type": "MultiPolygon", "coordinates": [[[[72.32651643499106, 34.18585275976953], [72.3265139278929, 34.185767242891245], [72.32631561109368, 34.18577121244396], [72.32631811799097, 34.185856729316775], [72.32651643499106, 34.18585275976953]]]]}, "properties": {"id": "Pakistan_123102310_623269", "height": 3.683266401290894, "hmax": 0.057, "ratio": 0.015, "vulnClass": "none"}}, {"type": "Feature", "geometry": {"type": "MultiPolygon", "coordinates": [[[[72.32741639594201, 34.18556695082855], [72.32709549836, 34.18558123136897], [72.32710646427748, 34.185749329775945], [72.32742736249905, 34.18573504923725], [72.32741639594201, 34.18556695082855]]]]}, "properties": {"id": "Pakistan_123102310_111058", "height": 3.858485698699951, "hmax": 0.0, "ratio": 0.0, "vulnClass": "none"}}, {"type": "Feature", "geometry": {"type": "MultiPolygon", "coordinates": [[[[72.3274466482314, 34.1857461073014], [72.32746534152689, 34.18595467118691], [72.32758142216343, 34.185947555197224], [72.32757343047042, 34.18585705067354], [72.32771472626546, 34.185848410672186], [72.32772132404105, 34.18592121540238], [72.32782653286881, 34.185914853886864], [72.32781329980945, 34.18576698986369], [72.32781329980945, 34.18576698986369], [72.32780985230134, 34.18572842065945], [72.32769790271867, 34.18573526630742], [72.32770285548774, 34.18579144757869], [72.32763351133946, 34.18579570585914], [72.32763270590972, 34.18578685360054], [72.32755270967421, 34.18579178117497], [72.32754805415406, 34.18573993358095], [72.3274466482314, 34.1857461073014]]]]}, "properties": {"id": "Pakistan_123102310_756616", "height": 4.508657455444336, "hmax": 0.0, "ratio": 0.0, "vulnClass": "none"}}, {"type": "Feature", "geometry": {"type": "MultiPolygon", "coordinates": [[[[72.32737272523156, 34.18580264280468], [72.32736900719713, 34.18587576359318], [72.32744941226841, 34.185878507805675], [72.32745302182909, 34.18580538464866], [72.32737272523156, 34.18580264280468]]]]}, "properties": {"id": "Pakistan_123102310_414930", "height": 3.99462890625, "hmax": 0.0, "ratio": 0.0, "vulnClass": "none"}}, {"type": "Feature", "geometry": {"type": "MultiPolygon", "coordinates": [[[[72.32733184643985, 34.18597736403507], [72.3273397326478, 34.18601621029793], [72.32760710321772, 34.18597939698489], [72.327599325293, 34.18594055309607], [72.32733184643985, 34.18597736403507]]]]}, "properties": {"id": "Pakistan_123102310_490730", "height": 4.310278415679932, "hmax": 0.0, "ratio": 0.0, "vulnClass": "none"}}, {"type": "Feature", "geometry": {"type": "MultiPolygon", "coordinates": [[[[72.32782159909365, 34.185954322235006], [72.32781382107105, 34.18591547835512], [72.32765715589956, 34.18593676510538], [72.32766493100783, 34.18597569907986], [72.32782159909365, 34.185954322235006]]]]}, "properties": {"id": "Pakistan_123102310_301380", "height": 4.508657455444336, "hmax": 0.0, "ratio": 0.0, "vulnClass": "none"}}, {"type": "Feature", "geometry": {"type": "MultiPolygon", "coordinates": [[[[72.32787438849154, 34.18602434731737], [72.32788158150278, 34.18606110499364], [72.32800969408765, 34.18604397370448], [72.3280025010212, 34.18600721603306], [72.32787438849154, 34.18602434731737]]]]}, "properties": {"id": "Pakistan_123102310_7032", "height": 3.233474016189575, "hmax": 0.0, "ratio": 0.0, "vulnClass": "none"}}, {"type": "Feature", "geometry": {"type": "MultiPolygon", "coordinates": [[[[72.32789915260219, 34.18609556463539], [72.32790738874198, 34.186123330038], [72.32795179792983, 34.18617703560357], [72.32797466562273, 34.18625335013312], [72.32801458404693, 34.18630154881129], [72.32824531792498, 34.18617099102549], [72.32820841260876, 34.186178570811286], [72.32849768910367, 34.18601476069654], [72.32846320294084, 34.18597317133407], [72.3283657009265, 34.18599313367886], [72.32834521527936, 34.18596852710108], [72.32833334320661, 34.185928782692095], [72.32815504169531, 34.18596537490366], [72.3281765425107, 34.186036881662616], [72.32815261030056, 34.1860080530491], [72.32808611693936, 34.186021659158094], [72.32811600081445, 34.18605782948102], [72.32810429384203, 34.18606442577869], [72.32811597459303, 34.18610335468736], [72.32809079204, 34.186117590541706], [72.32807341506322, 34.18605978629172], [72.32789915260219, 34.18609556463539]]]]}, "properties": {"id": "Pakistan_123102310_884260", "height": 4.483038902282715, "hmax": 0.0, "ratio": 0.0, "vulnClass": "none"}}, {"type": "Feature", "geometry": {"type": "MultiPolygon", "coordinates": [[[[72.32823036981368, 34.1857267664133], [72.32826651555764, 34.18588766053081], [72.32784247537997, 34.18595279389566], [72.3278553990467, 34.18601077157364], [72.3284621380289, 34.18591752554102], [72.32844625414822, 34.18584677225915], [72.32836068454154, 34.18585987273379], [72.32832749272177, 34.18571193446197], [72.32823036981368, 34.1857267664133]]]]}, "properties": {"id": "Pakistan_123102310_481372", "height": 4.248044490814209, "hmax": 0.0, "ratio": 0.0, "vulnClass": "none"}}, {"type": "Feature", "geometry": {"type": "MultiPolygon", "coordinates": [[[[72.32682062451272, 34.18476298727729], [72.32682132234059, 34.18480961005859], [72.32698614914982, 34.18480806480836], [72.32698497649731, 34.184721495207086], [72.32685628226555, 34.18472274638521], [72.32685573649832, 34.18468505177179], [72.32663318256145, 34.18468714126269], [72.32663420279712, 34.18476478268247], [72.32682062451272, 34.18476298727729]]]]}, "properties": {"id": "Pakistan_123102310_756604", "height": 2.44657564163208, "hmax": 0.0, "ratio": 0.0, "vulnClass": "none"}}, {"type": "Feature", "geometry": {"type": "MultiPolygon", "coordinates": [[[[72.32706293555, 34.18539625485603], [72.3270644764584, 34.18548490592988], [72.32740902394552, 34.18548087715446], [72.32740748551885, 34.18539213597973], [72.32706293555, 34.18539625485603]]]]}, "properties": {"id": "Pakistan_123102310_618629", "height": 2.576449155807495, "hmax": 0.0, "ratio": 0.0, "vulnClass": "none"}}, {"type": "Feature", "geometry": {"type": "MultiPolygon", "coordinates": [[[[72.32637814573238, 34.18549130799117], [72.32638523566224, 34.18553130889298], [72.32650599922337, 34.18551672342002], [72.32649891208088, 34.185476632434465], [72.32637814573238, 34.18549130799117]]]]}, "properties": {"id": "Pakistan_123102310_628118", "height": 2.876698970794678, "hmax": 0.137, "ratio": 0.048, "vulnClass": "low"}}, {"type": "Feature", "geometry": {"type": "MultiPolygon", "coordinates": [[[[72.32579060094585, 34.185248161938475], [72.32579447882843, 34.185358950714594], [72.32600617098794, 34.18535392142238], [72.32600318810024, 34.18526974641585], [72.32584642816663, 34.185273449550955], [72.3258454245395, 34.18524683341186], [72.32579060094585, 34.185248161938475]]]]}, "properties": {"id": "Pakistan_123102310_381908", "height": 3.175076007843018, "hmax": 0.0, "ratio": 0.0, "vulnClass": "none"}}, {"type": "Feature", "geometry": {"type": "MultiPolygon", "coordinates": [[[[72.32551764813462, 34.185475516797936], [72.32551255683858, 34.185382551255294], [72.32543761867456, 34.18538533403036], [72.32544093846236, 34.185445085736745], [72.32536469654946, 34.18544793017746], [72.32536646794509, 34.18548114401257], [72.32551764813462, 34.185475516797936]]]]}, "properties": {"id": "Pakistan_123102310_291838", "height": 3.921030759811401, "hmax": 0.075, "ratio": 0.019, "vulnClass": "none"}}, {"type": "Feature", "geometry": {"type": "MultiPolygon", "coordinates": [[[[72.32526926325043, 34.18550886327071], [72.32521104793857, 34.18551453489504], [72.3252161943026, 34.18555079730318], [72.32527440963939, 34.18554512567762], [72.32526926325043, 34.18550886327071]]]]}, "properties": {"id": "Pakistan_123102310_599646", "height": 2.723088026046753, "hmax": 0.0, "ratio": 0.0, "vulnClass": "none"}}, {"type": "Feature", "geometry": {"type": "MultiPolygon", "coordinates": [[[[72.32478675810415, 34.18532660124308], [72.32478579148184, 34.18537093393991], [72.32485279647865, 34.185372035232454], [72.32485387431574, 34.185327614810646], [72.32478675810415, 34.18532660124308]]]]}, "properties": {"id": "Pakistan_123102310_884224", "height": 3.115407705307007, "hmax": 0.0, "ratio": 0.0, "vulnClass": "none"}}, {"type": "Feature", "geometry": {"type": "MultiPolygon", "coordinates": [[[[72.32543773816613, 34.185694100346275], [72.32543246225721, 34.185644763371656], [72.32530470590766, 34.185654056687206], [72.32530196229555, 34.18562758289351], [72.32505558403643, 34.18564546689438], [72.32504289145571, 34.18552529052546], [72.32484326670316, 34.18553977671683], [72.32485035796255, 34.185607183309244], [72.32479327783886, 34.18561125679973], [72.3248068949889, 34.18573992745368], [72.32543773816613, 34.185694100346275]]]]}, "properties": {"id": "Pakistan_123102310_594932", "height": 3.215410470962524, "hmax": 0.075, "ratio": 0.023, "vulnClass": "none"}}, {"type": "Feature", "geometry": {"type": "MultiPolygon", "coordinates": [[[[72.32480429814039, 34.18553712351392], [72.32478994979735, 34.185472803983956], [72.3245305193969, 34.18551239875618], [72.32454497310314, 34.185576810760374], [72.32480429814039, 34.18553712351392]]]]}, "properties": {"id": "Pakistan_123102310_381900", "height": 6.37837028503418, "hmax": 0.0, "ratio": 0.0, "vulnClass": "none"}}, {"type": "Feature", "geometry": {"type": "MultiPolygon", "coordinates": [[[[72.32450719235338, 34.185268755302054], [72.32451416534316, 34.18540169835273], [72.32463732023989, 34.185397263703415], [72.32463034420985, 34.1852644107384], [72.32450719235338, 34.185268755302054]]]]}, "properties": {"id": "Pakistan_123102310_504872", "height": 4.646070003509521, "hmax": 0.085, "ratio": 0.018, "vulnClass": "none"}}, {"type": "Feature", "geometry": {"type": "MultiPolygon", "coordinates": [[[[72.32482729368151, 34.185228140366206], [72.324809313384, 34.185271921566205], [72.32486952715719, 34.18528883122414], [72.32488739902458, 34.185245047649026], [72.32482729368151, 34.185228140366206]]]]}, "properties": {"id": "Pakistan_123102310_728064", "height": 2.944907665252686, "hmax": 0.055, "ratio": 0.019, "vulnClass": "none"}}, {"type": "Feature", "geometry": {"type": "MultiPolygon", "coordinates": [[[[72.32502369888924, 34.18531211787244], [72.32502583891473, 34.18539203744064], [72.32501238259628, 34.18539219462699], [72.32501366153386, 34.18544099366653], [72.32496546754616, 34.185441925551864], [72.32496426599877, 34.1853975455498], [72.32490261287187, 34.18539872467897], [72.3249039318484, 34.185449688190914], [72.32493616768258, 34.18544912937605], [72.32493744657476, 34.18549792841394], [72.32523767360242, 34.1854923979221], [72.32523492969013, 34.18539037843393], [72.32556739218296, 34.185384288211736], [72.32556521152543, 34.185302204153736], [72.32502369888924, 34.18531211787244]]]]}, "properties": {"id": "Pakistan_123102310_214914", "height": 4.465835094451904, "hmax": 0.094, "ratio": 0.021, "vulnClass": "none"}}, {"type": "Feature", "geometry": {"type": "MultiPolygon", "coordinates": [[[[72.32531029047958, 34.18521622987621], [72.32530986920052, 34.18529825717562], [72.32541714037056, 34.185298703952924], [72.32541870691551, 34.185025854097795], [72.32549647776285, 34.18502610806251], [72.32549659213596, 34.18499500880865], [72.32539474151928, 34.184994680348666], [72.32539448768755, 34.18503019390915], [72.32526042696566, 34.185029613487416], [72.32526045799035, 34.1850251968147], [72.3250753079436, 34.18502449336928], [72.32507503539664, 34.18507776606404], [72.3251662540082, 34.185078133308686], [72.32516566552353, 34.18517575290535], [72.32496988875292, 34.18517490762193], [72.32496952016474, 34.18524152041532], [72.32516801287484, 34.18524224465094], [72.32516820190229, 34.18521565452913], [72.32531029047958, 34.18521622987621]]]]}, "properties": {"id": "Pakistan_123102310_405540", "height": 3.834154605865479, "hmax": 0.112, "ratio": 0.029, "vulnClass": "low"}}, {"type": "Feature", "geometry": {"type": "MultiPolygon", "coordinates": [[[[72.324814238793, 34.184913412421466], [72.324811175272, 34.18499321846323], [72.32500529735968, 34.18499835509042], [72.32501065283621, 34.18486315680026], [72.32497445183589, 34.18486218673581], [72.32497226807787, 34.18491758133392], [72.324814238793, 34.184913412421466]]]]}, "properties": {"id": "Pakistan_123102310_367724", "height": 2.457618951797485, "hmax": 0.0, "ratio": 0.0, "vulnClass": "none"}}, {"type": "Feature", "geometry": {"type": "MultiPolygon", "coordinates": [[[[72.32512307381931, 34.184807011826976], [72.32504000308373, 34.184809707108954], [72.32504315185406, 34.184874864091015], [72.3251262226538, 34.18487216880994], [72.32512307381931, 34.184807011826976]]]]}, "properties": {"id": "Pakistan_123102310_325234", "height": 2.495890855789185, "hmax": 0.0, "ratio": 0.0, "vulnClass": "none"}}, {"type": "Feature", "geometry": {"type": "MultiPolygon", "coordinates": [[[[72.32534068970928, 34.18462812338736], [72.32501636328614, 34.18463430041509], [72.325019289897, 34.184740831395644], [72.3253437279778, 34.18473456665632], [72.32534068970928, 34.18462812338736]]]]}, "properties": {"id": "Pakistan_123102310_400874", "height": 3.029363870620728, "hmax": 0.0, "ratio": 0.0, "vulnClass": "none"}}, {"type": "Feature", "geometry": {"type": "MultiPolygon", "coordinates": [[[[72.32550051998294, 34.18499085743303], [72.32550113342391, 34.185026389911826], [72.32556548499907, 34.18502562993094], [72.32556487153104, 34.184990097451184], [72.32559167564281, 34.184989780585056], [72.32558818740418, 34.18479452975278], [72.32543799515992, 34.184796392335954], [72.32543957138517, 34.18488387221365], [72.32539931106886, 34.184884346280796], [72.32539980981267, 34.18491320515802], [72.32534088418656, 34.184913903111735], [72.32534229700269, 34.18499281517314], [72.32550051998294, 34.18499085743303]]]]}, "properties": {"id": "Pakistan_123102310_576104", "height": 4.694708824157715, "hmax": 0.068, "ratio": 0.014, "vulnClass": "none"}}, {"type": "Feature", "geometry": {"type": "MultiPolygon", "coordinates": [[[[72.32637102315043, 34.18534583085913], [72.32635844473617, 34.184971163563084], [72.32602615507078, 34.184978702147475], [72.32602686453144, 34.18500089452177], [72.32607506397379, 34.18499978203044], [72.32607801311514, 34.18508846380434], [72.32614770497781, 34.18508691847527], [72.32614491030208, 34.18500364907038], [72.32624413337454, 34.18500130525971], [72.32624484289225, 34.18502349763539], [72.32633331696935, 34.18502146026088], [72.32633798002377, 34.1851623762675], [72.32629509795846, 34.185163424508474], [72.3262980100307, 34.18524985172257], [72.32616665645061, 34.185252847165984], [72.32616407888113, 34.185173008197495], [72.32608092212335, 34.185174981101895], [72.32608682040518, 34.18535234464511], [72.32637102315043, 34.18534583085913]]]]}, "properties": {"id": "Pakistan_123102310_405549", "height": 2.844501495361328, "hmax": 0.113, "ratio": 0.04, "vulnClass": "low"}}, {"type": "Feature", "geometry": {"type": "MultiPolygon", "coordinates": [[[[72.32500092266906, 34.18461142606749], [72.32571265137045, 34.18459747198739], [72.32571017633026, 34.184510964149744], [72.32499844835804, 34.18452491825011], [72.32500092266906, 34.18461142606749]]]]}, "properties": {"id": "Pakistan_123102310_329939", "height": 2.707306146621704, "hmax": 0.0, "ratio": 0.0, "vulnClass": "none"}}, {"type": "Feature", "geometry": {"type": "MultiPolygon", "coordinates": [[[[72.32470962254425, 34.18458514758639], [72.32474127243492, 34.184726742547575], [72.32495644680849, 34.18469384451257], [72.32492479656246, 34.18455224958981], [72.32470962254425, 34.18458514758639]]]]}, "properties": {"id": "Pakistan_123102310_281126", "height": 3.037067413330078, "hmax": 0.0, "ratio": 0.0, "vulnClass": "none"}}, {"type": "Feature", "geometry": {"type": "MultiPolygon", "coordinates": [[[[72.32457412879607, 34.18448230509145], [72.32458741534826, 34.18454245457991], [72.32463929970177, 34.18453457165184], [72.32465049743455, 34.184585299961014], [72.32479710187353, 34.18456307631226], [72.32477272291926, 34.18445229099161], [72.32457412879607, 34.18448230509145]]]]}, "properties": {"id": "Pakistan_123102310_552175", "height": 2.661964178085327, "hmax": 0.056, "ratio": 0.021, "vulnClass": "none"}}, {"type": "Feature", "geometry": {"type": "MultiPolygon", "coordinates": [[[[72.32443531677907, 34.184326562162205], [72.32446536626236, 34.184395190934175], [72.32456140875124, 34.18436645527637], [72.32454431540883, 34.18432722766722], [72.32460115408908, 34.18431016740525], [72.32458830626182, 34.18428076863288], [72.32443531677907, 34.184326562162205]]]]}, "properties": {"id": "Pakistan_123102310_637563", "height": 2.506807565689087, "hmax": 0.0, "ratio": 0.0, "vulnClass": "none"}}, {"type": "Feature", "geometry": {"type": "MultiPolygon", "coordinates": [[[[72.32506782387331, 34.18420712045275], [72.32506968808312, 34.18433355141084], [72.3254101997747, 34.184330071154584], [72.32540833505549, 34.18420364017749], [72.32506782387331, 34.18420712045275]]]]}, "properties": {"id": "Pakistan_123102310_689952", "height": 4.042264938354492, "hmax": 0.0, "ratio": 0.0, "vulnClass": "none"}}, {"type": "Feature", "geometry": {"type": "MultiPolygon", "coordinates": [[[[72.32442808970823, 34.18390982142001], [72.32437762609663, 34.18391394897113], [72.32439722129863, 34.18407655636289], [72.32444768500736, 34.18407242880834], [72.32442808970823, 34.18390982142001]]]]}, "properties": {"id": "Pakistan_123102310_912636", "height": 2.452808856964111, "hmax": 0.0, "ratio": 0.0, "vulnClass": "none"}}, {"type": "Feature", "geometry": {"type": "MultiPolygon", "coordinates": [[[[72.32467217221952, 34.1839301120575], [72.32466129196463, 34.18388993822321], [72.32462048209224, 34.183897521904406], [72.32463136517427, 34.183937605653526], [72.32467217221952, 34.1839301120575]]]]}, "properties": {"id": "Pakistan_123102310_841556", "height": 3.486997842788696, "hmax": 0.0, "ratio": 0.0, "vulnClass": "none"}}, {"type": "Feature", "geometry": {"type": "MultiPolygon", "coordinates": [[[[72.32434138132643, 34.183852577289905], [72.32436158284288, 34.18391702459206], [72.32451481786299, 34.18388403778964], [72.32449461623425, 34.18381959050727], [72.32434138132643, 34.183852577289905]]]]}, "properties": {"id": "Pakistan_123102310_851008", "height": 4.703624725341797, "hmax": 0.0, "ratio": 0.0, "vulnClass": "none"}}, {"type": "Feature", "geometry": {"type": "MultiPolygon", "coordinates": [[[[72.32434770515623, 34.1838446919347], [72.32449997606341, 34.183814749208786], [72.32451688529314, 34.18387353535242], [72.32464896524156, 34.183847479078466], [72.32467252019353, 34.18392939844986], [72.32473594005545, 34.183916899057145], [72.3246742577085, 34.18370270914187], [72.32466672391398, 34.183704257616476], [72.32466427854484, 34.18369582031348], [72.32461854230634, 34.18370482906073], [72.32462518789353, 34.18372796230599], [72.32437904267586, 34.18377641101439], [72.32436633373504, 34.18373232080468], [72.32431808713362, 34.183741815559785], [72.32434770515623, 34.1838446919347]]]]}, "properties": {"id": "Pakistan_123102310_865234", "height": 4.703624725341797, "hmax": 0.0, "ratio": 0.0, "vulnClass": "none"}}, {"type": "Feature", "geometry": {"type": "MultiPolygon", "coordinates": [[[[72.32473522115441, 34.183688984199996], [72.32473772006972, 34.18376440411252], [72.32509681424051, 34.18375637184836], [72.32509255317903, 34.18362339779351], [72.32505228208662, 34.18362423212674], [72.32505414944077, 34.183681878713145], [72.32473522115441, 34.183688984199996]]]]}, "properties": {"id": "Pakistan_123102310_594919", "height": 2.659912109375, "hmax": 0.0, "ratio": 0.0, "vulnClass": "none"}}, {"type": "Feature", "geometry": {"type": "MultiPolygon", "coordinates": [[[[72.32642546558897, 34.18369700202276], [72.32642533797092, 34.18382474184055], [72.3264977989038, 34.18382478921264], [72.3264978290841, 34.18378259965335], [72.32666412030683, 34.18378270941584], [72.32666415676225, 34.18374719109408], [72.32663193862068, 34.18374720986675], [72.32663191402949, 34.18375829778569], [72.32651931881472, 34.18375818679183], [72.32651940421114, 34.18369706692766], [72.32642546558897, 34.18369700202276]]]]}, "properties": {"id": "Pakistan_123102310_253785", "height": 3.225387334823608, "hmax": 0.0, "ratio": 0.0, "vulnClass": "none"}}, {"type": "Feature", "geometry": {"type": "MultiPolygon", "coordinates": [[[[72.32653454276878, 34.18389789068162], [72.32645560640977, 34.18390022634158], [72.3264587139525, 34.18397016037468], [72.32653765037695, 34.18396782471583], [72.32653454276878, 34.18389789068162]]]]}, "properties": {"id": "Pakistan_123102310_130737", "height": 2.85183048248291, "hmax": 0.0, "ratio": 0.0, "vulnClass": "none"}}, {"type": "Feature", "geometry": {"type": "MultiPolygon", "coordinates": [[[[72.3263425694631, 34.18387630594037], [72.32617513749385, 34.183881399562445], [72.32618024850274, 34.18399437884733], [72.3264052277588, 34.18398756506459], [72.326401525756, 34.183905537965174], [72.32634386750294, 34.18390734585478], [72.3263425694631, 34.18387630594037]]]]}, "properties": {"id": "Pakistan_123102310_438501", "height": 2.973145961761475, "hmax": 0.0, "ratio": 0.0, "vulnClass": "none"}}, {"type": "Feature", "geometry": {"type": "MultiPolygon", "coordinates": [[[[72.32669898849335, 34.184100797755335], [72.32647129601732, 34.184107643062696], [72.32647366904004, 34.18416304692356], [72.32670136166556, 34.184156201618904], [72.32669898849335, 34.184100797755335]]]]}, "properties": {"id": "Pakistan_123102310_728085", "height": 2.744998693466187, "hmax": 0.0, "ratio": 0.0, "vulnClass": "none"}}, {"type": "Feature", "geometry": {"type": "MultiPolygon", "coordinates": [[[[72.32786180743497, 34.1835868661948], [72.32786036226173, 34.183622353831296], [72.32792462755735, 34.183624295203614], [72.32792618110567, 34.18358880992735], [72.32786180743497, 34.1835868661948]]]]}, "properties": {"id": "Pakistan_123102310_775569", "height": 2.769173622131348, "hmax": 0.0, "ratio": 0.0, "vulnClass": "none"}}, {"type": "Feature", "geometry": {"type": "MultiPolygon", "coordinates": [[[[72.32781865374372, 34.18352435326809], [72.32781750932672, 34.18357093591752], [72.32793818050972, 34.18357293455071], [72.32793932486048, 34.18352635189702], [72.32781865374372, 34.18352435326809]]]]}, "properties": {"id": "Pakistan_123102310_799094", "height": 3.075825691223145, "hmax": 0.0, "ratio": 0.0, "vulnClass": "none"}}, {"type": "Feature", "geometry": {"type": "MultiPolygon", "coordinates": [[[[72.32776908714762, 34.183434745698385], [72.32777031374926, 34.18353682231501], [72.32780905015335, 34.183536494540796], [72.32780793190662, 34.1834344202847], [72.32776908714762, 34.183434745698385]]]]}, "properties": {"id": "Pakistan_123102310_27039", "height": 2.662226438522339, "hmax": 0.0, "ratio": 0.0, "vulnClass": "none"}}, {"type": "Feature", "geometry": {"type": "MultiPolygon", "coordinates": [[[[72.3281058277026, 34.183509425932684], [72.32810869802411, 34.18366256331938], [72.32775470697369, 34.18366701950198], [72.3277562799697, 34.183754679652935], [72.32831266305044, 34.183747601784006], [72.32831117026396, 34.18366769628064], [72.32821339203291, 34.183668991490876], [72.32821220664195, 34.183606852252865], [72.32832615374488, 34.1836053684376], [72.32832485377905, 34.18353998129842], [72.32845768261787, 34.18353827771057], [72.3284560747804, 34.18345169858977], [72.32830718556474, 34.18345359314782], [72.32830810754496, 34.183506891939714], [72.3281058277026, 34.183509425932684]]]]}, "properties": {"id": "Pakistan_123102310_301383", "height": 2.845387697219849, "hmax": 0.0, "ratio": 0.0, "vulnClass": "none"}}, {"type": "Feature", "geometry": {"type": "MultiPolygon", "coordinates": [[[[72.32724056656616, 34.18375173333232], [72.32723579388046, 34.18361424061085], [72.32713667796799, 34.183616677754465], [72.32713854070249, 34.18367107884271], [72.32702064844469, 34.18367382779876], [72.3270155416756, 34.1835297468399], [72.32694324090703, 34.1835315062735], [72.32694857961701, 34.183685418644004], [72.32651716758691, 34.18369575606135], [72.3265185121868, 34.183735631695114], [72.32666995191224, 34.1837319919332], [72.32667117897785, 34.18376528405141], [72.32724056656616, 34.18375173333232]]]]}, "properties": {"id": "Pakistan_123102310_860476", "height": 3.061925649642944, "hmax": 0.0, "ratio": 0.0, "vulnClass": "none"}}, {"type": "Feature", "geometry": {"type": "MultiPolygon", "coordinates": [[[[72.32656436667564, 34.18356480548803], [72.3264251415418, 34.18355951615065], [72.32641801080233, 34.18368917672496], [72.32653849114904, 34.1836937869323], [72.32654150972824, 34.183639402122665], [72.32651474869375, 34.18363836789662], [72.3265163091813, 34.18360955390771], [72.32656181518735, 34.18361126727954], [72.32656436667564, 34.18356480548803]]]]}, "properties": {"id": "Pakistan_123102310_841579", "height": 3.223703622817993, "hmax": 0.0, "ratio": 0.0, "vulnClass": "none"}}, {"type": "Feature", "geometry": {"type": "MultiPolygon", "coordinates": [[[[72.32663788996946, 34.18346246548376], [72.32663674457096, 34.183505622382825], [72.3267654315911, 34.18350797723288], [72.32676776172538, 34.183416976483805], [72.32665392585741, 34.18341494542678], [72.326655560042, 34.18335286767359], [72.32650811697022, 34.18335019392236], [72.3265090178459, 34.18331478459756], [72.32641643450278, 34.1833130363953], [72.32641427716342, 34.183395116043044], [72.32642641813348, 34.183395380764686], [72.32642551437606, 34.183430880174804], [72.3265086697556, 34.18343233266322], [72.32650789936791, 34.18346017222905], [72.32663788996946, 34.18346246548376]]]]}, "properties": {"id": "Pakistan_123102310_206713", "height": 3.11993145942688, "hmax": 0.0, "ratio": 0.0, "vulnClass": "none"}}, {"type": "Feature", "geometry": {"type": "MultiPolygon", "coordinates": [[[[72.32619710388909, 34.18312038123965], [72.32620083765853, 34.183239190254774], [72.32638721867575, 34.18323514078547], [72.32638569080375, 34.183187327949774], [72.32630536296017, 34.183189092289375], [72.32630304846685, 34.18311809374126], [72.32619710388909, 34.18312038123965]]]]}, "properties": {"id": "Pakistan_123102310_27011", "height": 2.528044700622559, "hmax": 0.0, "ratio": 0.0, "vulnClass": "none"}}, {"type": "Feature", "geometry": {"type": "MultiPolygon", "coordinates": [[[[72.32691919000771, 34.18350303545113], [72.32692553213035, 34.18331241619624], [72.32705420182558, 34.18331531125797], [72.32705578025482, 34.18326873808576], [72.32684938967475, 34.18326405855173], [72.32684690117881, 34.18333945989518], [72.32675573837822, 34.18333738231714], [72.32675283176619, 34.18342602659744], [72.3267741868791, 34.18342649216455], [72.32677176655045, 34.183499731388046], [72.32691919000771, 34.18350303545113]]]]}, "properties": {"id": "Pakistan_123102310_44652", "height": 3.117682456970215, "hmax": 0.0, "ratio": 0.0, "vulnClass": "none"}}, {"type": "Feature", "geometry": {"type": "MultiPolygon", "coordinates": [[[[72.32663842481186, 34.18289570379228], [72.32663951238557, 34.18275815852404], [72.32679504149965, 34.18275893492153], [72.326795396697, 34.182716752438225], [72.32672294523162, 34.18271643502288], [72.32672320480225, 34.18268759266398], [72.32643351600686, 34.18268605467918], [72.3264328700053, 34.182761496183915], [72.32656703278795, 34.182762167604565], [72.32656597604414, 34.182895296188846], [72.32663842481186, 34.18289570379228]]]]}, "properties": {"id": "Pakistan_123102310_514495", "height": 3.293111324310303, "hmax": 0.0, "ratio": 0.0, "vulnClass": "none"}}, {"type": "Feature", "geometry": {"type": "MultiPolygon", "coordinates": [[[[72.32676632005894, 34.18198148569481], [72.32655464199229, 34.1819863365286], [72.32655606409249, 34.182030631213024], [72.32664181936137, 34.182028714557745], [72.32664473190005, 34.182115141814656], [72.32677065209423, 34.18211229773018], [72.32676632005894, 34.18198148569481]]]]}, "properties": {"id": "Pakistan_123102310_580771", "height": 3.171539306640625, "hmax": 0.0, "ratio": 0.0, "vulnClass": "none"}}, {"type": "Feature", "geometry": {"type": "MultiPolygon", "coordinates": [[[[72.32641104347972, 34.18257323773339], [72.32625018069078, 34.18257649145716], [72.32625501096813, 34.182736162359184], [72.32641587406127, 34.182732908643516], [72.32641104347972, 34.18257323773339]]]]}, "properties": {"id": "Pakistan_123102310_272699", "height": 2.678479194641113, "hmax": 0.0, "ratio": 0.0, "vulnClass": "none"}}, {"type": "Feature", "geometry": {"type": "MultiPolygon", "coordinates": [[[[72.32561031438382, 34.18290880365944], [72.32560725754757, 34.1828235452161], [72.32535268519212, 34.18282980226273], [72.3253530283211, 34.18283954594909], [72.32503267121302, 34.18284734232782], [72.32503210508396, 34.182830922676125], [72.32484983572314, 34.18283533025496], [72.32484827767543, 34.182791934111876], [72.3247866179146, 34.182793383536804], [72.32478642335423, 34.18278580669189], [72.32462825318375, 34.18278965791625], [72.32463328736522, 34.182932475199564], [72.32561031438382, 34.18290880365944]]]]}, "properties": {"id": "Pakistan_123102310_519307", "height": 2.570576429367065, "hmax": 0.0, "ratio": 0.0, "vulnClass": "none"}}, {"type": "Feature", "geometry": {"type": "MultiPolygon", "coordinates": [[[[72.32639439014602, 34.18353369378285], [72.32639066628069, 34.18343174304397], [72.32615758398896, 34.183437568792115], [72.32616130757275, 34.183539519524714], [72.32639439014602, 34.18353369378285]]]]}, "properties": {"id": "Pakistan_123102310_93167", "height": 3.261270046234131, "hmax": 0.0, "ratio": 0.0, "vulnClass": "none"}}, {"type": "Feature", "geometry": {"type": "MultiPolygon", "coordinates": [[[[72.32639034841081, 34.183689204618496], [72.32638771068505, 34.183549414548565], [72.32615970556655, 34.183552466195536], [72.32616245131693, 34.18369225861632], [72.32639034841081, 34.183689204618496]]]]}, "properties": {"id": "Pakistan_123102310_922031", "height": 3.295794486999512, "hmax": 0.0, "ratio": 0.0, "vulnClass": "none"}}, {"type": "Feature", "geometry": {"type": "MultiPolygon", "coordinates": [[[[72.32464769155108, 34.18367490421299], [72.32462845048177, 34.18360065155895], [72.32464383187383, 34.1835979220602], [72.32463222105915, 34.18355340508382], [72.3245681852049, 34.18356480918964], [72.32457901984709, 34.18360642443624], [72.32455469544314, 34.18361067164658], [72.32454038242233, 34.18355554815408], [72.32427496780936, 34.18360276486759], [72.32430929756966, 34.183735042811634], [72.32464769155108, 34.18367490421299]]]]}, "properties": {"id": "Pakistan_123102310_808605", "height": 4.649507522583008, "hmax": 0.0, "ratio": 0.0, "vulnClass": "none"}}, {"type": "Feature", "geometry": {"type": "MultiPolygon", "coordinates": [[[[72.32173235755009, 34.183329452532845], [72.3217547268564, 34.183369877538496], [72.32187779996052, 34.183323343796516], [72.32185543060464, 34.18328291881085], [72.32173235755009, 34.183329452532845]]]]}, "properties": {"id": "Pakistan_123102310_770701", "height": 3.440992593765259, "hmax": 0.0, "ratio": 0.0, "vulnClass": "none"}}, {"type": "Feature", "geometry": {"type": "MultiPolygon", "coordinates": [[[[72.32168663633388, 34.18321450438076], [72.3215638517247, 34.18326906757607], [72.32161422688566, 34.18334661506497], [72.32178069348821, 34.18327254189476], [72.32169463220704, 34.183140034902976], [72.32165084480171, 34.18315945234833], [72.32168663633388, 34.18321450438076]]]]}, "properties": {"id": "Pakistan_123102310_438464", "height": 2.54020357131958, "hmax": 0.0, "ratio": 0.0, "vulnClass": "none"}}, {"type": "Feature", "geometry": {"type": "MultiPolygon", "coordinates": [[[[72.32177541895012, 34.18348391838526], [72.32180689388044, 34.18352111656989], [72.32191496151283, 34.18345856896505], [72.32188337815332, 34.18342136843908], [72.32177541895012, 34.18348391838526]]]]}, "properties": {"id": "Pakistan_123102310_898389", "height": 2.862893581390381, "hmax": 0.0, "ratio": 0.0, "vulnClass": "none"}}, {"type": "Feature", "geometry": {"type": "MultiPolygon", "coordinates": [[[[72.32081352351116, 34.18276505463229], [72.32084023407253, 34.18290482968055], [72.32095013729683, 34.182890553222414], [72.32094623994159, 34.18286973359476], [72.32100778252274, 34.182861702605805], [72.32098387628157, 34.18273614239011], [72.32092625614712, 34.18274362802049], [72.32092756856171, 34.1827501474876], [72.32081352351116, 34.18276505463229]]]]}, "properties": {"id": "Pakistan_123102310_590181", "height": 2.786746978759766, "hmax": 0.0, "ratio": 0.0, "vulnClass": "none"}}, {"type": "Feature", "geometry": {"type": "MultiPolygon", "coordinates": [[[[72.32068357077605, 34.18232958581217], [72.32078466055454, 34.18276532548381], [72.3209232294911, 34.18274329144236], [72.32089983478919, 34.18264271391057], [72.32105246689966, 34.18261846278258], [72.32106688327886, 34.18268053042806], [72.32112640885578, 34.18267110306034], [72.32106608423557, 34.18241087460997], [72.32081620415354, 34.182450580216646], [72.32079521183638, 34.182359791346194], [72.3208598633403, 34.18234948445334], [72.32084906476213, 34.182303362214626], [72.32068357077605, 34.18232958581217]]]]}, "properties": {"id": "Pakistan_123102310_747133", "height": 4.502528667449951, "hmax": 0.0, "ratio": 0.0, "vulnClass": "none"}}, {"type": "Feature", "geometry": {"type": "MultiPolygon", "coordinates": [[[[72.32354811640195, 34.18086211867806], [72.32325976429192, 34.18086997811298], [72.32325721597394, 34.180806456897685], [72.32322138771498, 34.180807477795135], [72.32322736430287, 34.1809581587291], [72.32355154218672, 34.18094936849198], [72.32354811640195, 34.18086211867806]]]]}, "properties": {"id": "Pakistan_123102310_197079", "height": 3.441035270690918, "hmax": 0.0, "ratio": 0.0, "vulnClass": "none"}}, {"type": "Feature", "geometry": {"type": "MultiPolygon", "coordinates": [[[[72.32318081412109, 34.180975803606124], [72.32317276626189, 34.18081858665841], [72.32315039642586, 34.180819360428245], [72.32314796329058, 34.18077278992321], [72.32305424793547, 34.18077606293599], [72.32305493897788, 34.180788518718884], [72.3230388647697, 34.18078915945639], [72.32303606035198, 34.18073374614728], [72.32299588197604, 34.18073512276255], [72.32299481960283, 34.18071382417514], [72.32288872703562, 34.18071745790288], [72.32289348747172, 34.180810506455735], [72.32283354647168, 34.18081253335666], [72.3228423334971, 34.18098752599256], [72.32318081412109, 34.180975803606124]]]]}, "properties": {"id": "Pakistan_123102310_476618", "height": 2.481300830841064, "hmax": 0.0, "ratio": 0.0, "vulnClass": "none"}}, {"type": "Feature", "geometry": {"type": "MultiPolygon", "coordinates": [[[[72.323230764334, 34.1806206212644], [72.3232338039925, 34.18069605300456], [72.32364376032093, 34.18068453729297], [72.32364071744932, 34.180609195633416], [72.323230764334, 34.1806206212644]]]]}, "properties": {"id": "Pakistan_123102310_471805", "height": 3.353001117706299, "hmax": 0.0, "ratio": 0.0, "vulnClass": "none"}}, {"type": "Feature", "geometry": {"type": "MultiPolygon", "coordinates": [[[[72.32356495751726, 34.180497378790925], [72.32333706074446, 34.18050069820127], [72.32333800204343, 34.18054642479249], [72.32336111635595, 34.180546117986886], [72.32336252953445, 34.18061123712575], [72.32363068485697, 34.180607444113086], [72.3236288595454, 34.180524466277525], [72.3235655897306, 34.18052542923834], [72.32356495751726, 34.180497378790925]]]]}, "properties": {"id": "Pakistan_123102310_865220", "height": 3.128802537918091, "hmax": 0.0, "ratio": 0.0, "vulnClass": "none"}}, {"type": "Feature", "geometry": {"type": "MultiPolygon", "coordinates": [[[[72.32669838158236, 34.18103748559573], [72.32664392389725, 34.18104792771008], [72.32665473624404, 34.18108683781586], [72.32670919395352, 34.181076395697886], [72.32669838158236, 34.18103748559573]]]]}, "properties": {"id": "Pakistan_123102310_396127", "height": 2.648190975189209, "hmax": 0.0, "ratio": 0.0, "vulnClass": "none"}}, {"type": "Feature", "geometry": {"type": "MultiPolygon", "coordinates": [[[[72.32636174957554, 34.18096659041681], [72.32637201007354, 34.18102297762475], [72.32644181485007, 34.18101431264815], [72.3264315571496, 34.18095783535575], [72.32636174957554, 34.18096659041681]]]]}, "properties": {"id": "Pakistan_123102310_476656", "height": 2.571460723876953, "hmax": 0.0, "ratio": 0.0, "vulnClass": "none"}}, {"type": "Feature", "geometry": {"type": "MultiPolygon", "coordinates": [[[[72.32638179887917, 34.181039327918114], [72.3263860417812, 34.18108016825825], [72.32644996497953, 34.18107570224185], [72.32644572489036, 34.181034771814396], [72.32638179887917, 34.181039327918114]]]]}, "properties": {"id": "Pakistan_123102310_694765", "height": 2.891617774963379, "hmax": 0.0, "ratio": 0.0, "vulnClass": "none"}}, {"type": "Feature", "geometry": {"type": "MultiPolygon", "coordinates": [[[[72.32675365421434, 34.1813002159486], [72.3267520425947, 34.181244738519275], [72.32670102691648, 34.181245789935886], [72.32670184533337, 34.18127141039866], [72.32658928504267, 34.18127373436704], [72.32659018657097, 34.1813035936948], [72.32675365421434, 34.1813002159486]]]]}, "properties": {"id": "Pakistan_123102310_120746", "height": 3.089621782302856, "hmax": 0.0, "ratio": 0.0, "vulnClass": "none"}}, {"type": "Feature", "geometry": {"type": "MultiPolygon", "coordinates": [[[[72.32625211006336, 34.18159110332909], [72.32625755456925, 34.18178973246623], [72.32649340804956, 34.18178531908102], [72.32649085430857, 34.18169096643856], [72.32635420606223, 34.18169348618672], [72.32635236270933, 34.181628177352366], [72.32647566067806, 34.18162590742839], [72.32647461282319, 34.18158693975531], [72.32625211006336, 34.18159110332909]]]]}, "properties": {"id": "Pakistan_123102310_353608", "height": 2.626443862915039, "hmax": 0.0, "ratio": 0.0, "vulnClass": "none"}}, {"type": "Feature", "geometry": {"type": "MultiPolygon", "coordinates": [[[[72.3268179087171, 34.181522394250905], [72.32683137580369, 34.1815218764845], [72.326836053174, 34.18159707346152], [72.32695542848751, 34.181591922886014], [72.3269448310436, 34.18142590588184], [72.3268122028476, 34.18143166903898], [72.3268179087171, 34.181522394250905]]]]}, "properties": {"id": "Pakistan_123102310_139520", "height": 2.699755191802979, "hmax": 0.0, "ratio": 0.0, "vulnClass": "none"}}, {"type": "Feature", "geometry": {"type": "MultiPolygon", "coordinates": [[[[72.32707800365002, 34.1813616470452], [72.32692518455957, 34.181364446002426], [72.32692642738395, 34.18141099053459], [72.32707924655861, 34.18140819157981], [72.32707800365002, 34.1813616470452]]]]}, "properties": {"id": "Pakistan_123102310_599672", "height": 2.80477237701416, "hmax": 0.0, "ratio": 0.0, "vulnClass": "none"}}, {"type": "Feature", "geometry": {"type": "MultiPolygon", "coordinates": [[[[72.32678481580903, 34.18132676835861], [72.32679410984366, 34.18141378549235], [72.3269192495963, 34.1814047038587], [72.32691354180999, 34.18135184163803], [72.3270759731889, 34.18134005691579], [72.32706810938936, 34.18126614273368], [72.3269350311423, 34.18127586282389], [72.32693920288057, 34.18131552964842], [72.32678481580903, 34.18132676835861]]]]}, "properties": {"id": "Pakistan_123102310_827429", "height": 2.614439010620117, "hmax": 0.0, "ratio": 0.0, "vulnClass": "none"}}, {"type": "Feature", "geometry": {"type": "MultiPolygon", "coordinates": [[[[72.32792477902382, 34.179940675300806], [72.32792744052, 34.1799904060128], [72.32804787196228, 34.1799860886755], [72.32804521323709, 34.17993626787454], [72.32792477902382, 34.179940675300806]]]]}, "properties": {"id": "Pakistan_123102310_263265", "height": 2.706959247589111, "hmax": 0.0, "ratio": 0.0, "vulnClass": "none"}}, {"type": "Feature", "geometry": {"type": "MultiPolygon", "coordinates": [[[[72.32825676293409, 34.17999722112459], [72.32825971780287, 34.18008923863611], [72.32832408558711, 34.18008784640933], [72.32832113064819, 34.17999582889604], [72.32825676293409, 34.17999722112459]]]]}, "properties": {"id": "Pakistan_123102310_130176", "height": 4.322487831115723, "hmax": 0.0, "ratio": 0.0, "vulnClass": "none"}}, {"type": "Feature", "geometry": {"type": "MultiPolygon", "coordinates": [[[[72.32827091037157, 34.18010579967226], [72.32827068676467, 34.180167908238246], [72.32856039284776, 34.18016863067926], [72.32856053679932, 34.18013311466201], [72.32858830361737, 34.18013317867313], [72.3285888083306, 34.17999336680583], [72.3285351175417, 34.1799932789276], [72.32853480342973, 34.180106410504855], [72.32827091037157, 34.18010579967226]]]]}, "properties": {"id": "Pakistan_123102310_609080", "height": 4.829169273376465, "hmax": 0.0, "ratio": 0.0, "vulnClass": "none"}}, {"type": "Feature", "geometry": {"type": "MultiPolygon", "coordinates": [[[[72.32956321532251, 34.18177188760031], [72.32955821669921, 34.18153134830377], [72.32950037448059, 34.181532162066674], [72.32950365315499, 34.18168963562224], [72.32933197181414, 34.18169202678334], [72.32933368858876, 34.18177518260152], [72.32956321532251, 34.18177188760031]]]]}, "properties": {"id": "Pakistan_123102310_556933", "height": 3.635821342468262, "hmax": 0.0, "ratio": 0.0, "vulnClass": "none"}}, {"type": "Feature", "geometry": {"type": "MultiPolygon", "coordinates": [[[[72.32959608979203, 34.18097351260631], [72.32959232021614, 34.18090040888991], [72.32949860747112, 34.18090359674845], [72.32950688766262, 34.18106757990027], [72.32984960218154, 34.18105575095425], [72.32984668442566, 34.18099690951477], [72.32972082589396, 34.18100129070613], [72.32971923263172, 34.1809692527049], [72.32959608979203, 34.18097351260631]]]]}, "properties": {"id": "Pakistan_123102310_680569", "height": 2.528837442398071, "hmax": 0.0, "ratio": 0.0, "vulnClass": "none"}}, {"type": "Feature", "geometry": {"type": "MultiPolygon", "coordinates": [[[[72.3298228130904, 34.18088703756234], [72.32982413382877, 34.18070063578636], [72.3296997327357, 34.18070009044491], [72.32969875878821, 34.18083763837875], [72.32954952287939, 34.18083691266335], [72.32955062350595, 34.18068503362085], [72.32950127670291, 34.1806847703065], [72.32950021997193, 34.180845575167396], [72.3294878568585, 34.18084548622223], [72.32948757408796, 34.180885416581496], [72.3298228130904, 34.18088703756234]]]]}, "properties": {"id": "Pakistan_123102310_26068", "height": 3.245391607284546, "hmax": 0.0, "ratio": 0.0, "vulnClass": "none"}}, {"type": "Feature", "geometry": {"type": "MultiPolygon", "coordinates": [[[[72.33268709284708, 34.18152615628724], [72.33268903213332, 34.18142324690567], [72.33256672339986, 34.181421668162486], [72.33256586943357, 34.18146600349884], [72.33248975022181, 34.18146506883862], [72.33248866470086, 34.18152364287174], [72.33268709284708, 34.18152615628724]]]]}, "properties": {"id": "Pakistan_123102310_287114", "height": 4.012414932250977, "hmax": 0.0, "ratio": 0.0, "vulnClass": "none"}}, {"type": "Feature", "geometry": {"type": "MultiPolygon", "coordinates": [[[[72.33240033339496, 34.182888488718596], [72.33239534631778, 34.18283329844725], [72.33233132767405, 34.18283731471564], [72.33233631754707, 34.182892414899115], [72.33240033339496, 34.182888488718596]]]]}, "properties": {"id": "Pakistan_123102310_64807", "height": 2.468183517456055, "hmax": 0.0, "ratio": 0.0, "vulnClass": "none"}}, {"type": "Feature", "geometry": {"type": "MultiPolygon", "coordinates": [[[[72.33259092299812, 34.18329840094763], [72.33254291493384, 34.183210812391906], [72.3326862781168, 34.1831570462372], [72.3326656583707, 34.18311945581174], [72.33263009073706, 34.18313283569048], [72.33261542633778, 34.183105922379625], [72.33247645318889, 34.1831580711017], [72.33251779243164, 34.183233524629614], [72.33243645078282, 34.183264028857906], [72.33247840639473, 34.183340577610004], [72.33259092299812, 34.18329840094763]]]]}, "properties": {"id": "Pakistan_123102310_533392", "height": 2.766587018966675, "hmax": 0.0, "ratio": 0.0, "vulnClass": "none"}}, {"type": "Feature", "geometry": {"type": "MultiPolygon", "coordinates": [[[[72.3324720215466, 34.18340552715838], [72.3323060738811, 34.183411743297384], [72.33231098369849, 34.18350037761061], [72.33247693437598, 34.183494071384764], [72.3324720215466, 34.18340552715838]]]]}, "properties": {"id": "Pakistan_123102310_187663", "height": 4.902236938476562, "hmax": 0.0, "ratio": 0.0, "vulnClass": "none"}}, {"type": "Feature", "geometry": {"type": "MultiPolygon", "coordinates": [[[[72.33095163750326, 34.183425540868534], [72.33127599697595, 34.18336309498784], [72.33126185713598, 34.183312663747216], [72.3312457109396, 34.18331213203309], [72.33117029425004, 34.18332671762942], [72.3311603241188, 34.18332641047715], [72.33109058404943, 34.183339857474294], [72.33104647584958, 34.183338536813906], [72.33103077491104, 34.183282572410704], [72.33097106256608, 34.183280731778], [72.33094170374173, 34.183286403238505], [72.33093865881949, 34.183355482134964], [72.33095250449567, 34.183404915353066], [72.33095163750326, 34.183425540868534]]]]}, "properties": {"id": "Pakistan_123102310_262434", "height": 2.708681106567383, "hmax": 0.0, "ratio": 0.0, "vulnClass": "none"}}, {"type": "Feature", "geometry": {"type": "MultiPolygon", "coordinates": [[[[72.33197276494015, 34.1831316067665], [72.33204656698088, 34.183347319283065], [72.33210820233816, 34.18333288404733], [72.332257502688, 34.18314230943125], [72.3322319006053, 34.183128590494064], [72.33217977298816, 34.18314079860058], [72.33214182867937, 34.183029899652034], [72.33209232545529, 34.1830414436204], [72.33208169865425, 34.183055095537085], [72.33201372512075, 34.183071015561325], [72.3319914780858, 34.18300589381344], [72.3319644660908, 34.183040374499086], [72.33167541365819, 34.18310809808266], [72.33166208012084, 34.18312502661641], [72.33168720943617, 34.18319850495569], [72.33197276494015, 34.1831316067665]]]]}, "properties": {"id": "Pakistan_123102310_252864", "height": 4.908341407775879, "hmax": 0.0, "ratio": 0.0, "vulnClass": "none"}}, {"type": "Feature", "geometry": {"type": "MultiPolygon", "coordinates": [[[[72.33221755549579, 34.182475140164556], [72.33204862157163, 34.18247290706206], [72.33204626816193, 34.18259582073363], [72.33201677457795, 34.18259544946497], [72.33201608771405, 34.182634469557165], [72.33221451555838, 34.182637073948534], [72.33221755549579, 34.182475140164556]]]]}, "properties": {"id": "Pakistan_123102310_576176", "height": 3.831526756286621, "hmax": 0.0, "ratio": 0.0, "vulnClass": "none"}}, {"type": "Feature", "geometry": {"type": "MultiPolygon", "coordinates": [[[[72.3312542765668, 34.18226233933382], [72.33125311139109, 34.18221669798135], [72.33111103921222, 34.182219195126926], [72.33111220431115, 34.182264836477124], [72.3312542765668, 34.18226233933382]]]]}, "properties": {"id": "Pakistan_123102310_252848", "height": 3.61180591583252, "hmax": 0.0, "ratio": 0.0, "vulnClass": "none"}}, {"type": "Feature", "geometry": {"type": "MultiPolygon", "coordinates": [[[[72.33184997979507, 34.182645820190224], [72.33183358914056, 34.182115921270785], [72.33163104160272, 34.18212016820923], [72.331632503802, 34.182166717529334], [72.33163944994334, 34.182166598233934], [72.33164102730677, 34.18221982117434], [72.3316260481722, 34.18222012626378], [72.33163819676273, 34.182612634119806], [72.33152563451043, 34.18261496254458], [72.33150920844523, 34.18208280910615], [72.3313606069137, 34.18208597580701], [72.3313619912593, 34.18212810607315], [72.33129610425695, 34.18212946679555], [72.33129719406689, 34.182167173292015], [72.33141518424986, 34.18216469273894], [72.33142009297593, 34.182325627503815], [72.33129417797028, 34.18232829618204], [72.33129642855069, 34.18240145696279], [72.33127233237343, 34.182401924186316], [72.33127435656246, 34.182468499075824], [72.33132798034836, 34.18246732223132], [72.33132982078635, 34.1825259599053], [72.33142089399755, 34.18252397534763], [72.33142490516765, 34.182654870560924], [72.33184997979507, 34.182645820190224]]]]}, "properties": {"id": "Pakistan_123102310_363054", "height": 4.636968612670898, "hmax": 0.0, "ratio": 0.0, "vulnClass": "none"}}, {"type": "Feature", "geometry": {"type": "MultiPolygon", "coordinates": [[[[72.33101328448045, 34.182119975681104], [72.33101099723201, 34.18208584912874], [72.33090139141382, 34.18209076555177], [72.33090367861791, 34.182124892104056], [72.33101328448045, 34.182119975681104]]]]}, "properties": {"id": "Pakistan_123102310_874761", "height": 2.519063711166382, "hmax": 0.0, "ratio": 0.0, "vulnClass": "none"}}, {"type": "Feature", "geometry": {"type": "MultiPolygon", "coordinates": [[[[72.3309139624498, 34.18212556670266], [72.33091119664024, 34.18217202399045], [72.33097002112467, 34.1821744763583], [72.33097278974128, 34.18212792897928], [72.3309139624498, 34.18212556670266]]]]}, "properties": {"id": "Pakistan_123102310_766192", "height": 2.97035551071167, "hmax": 0.0, "ratio": 0.0, "vulnClass": "none"}}, {"type": "Feature", "geometry": {"type": "MultiPolygon", "coordinates": [[[[72.33082192166015, 34.18231314903804], [72.33081426533136, 34.182160267984536], [72.33090265935678, 34.18215723383104], [72.33090099416316, 34.18212402231993], [72.3307590651359, 34.18212886608099], [72.33076838650543, 34.182314958643616], [72.33082192166015, 34.18231314903804]]]]}, "properties": {"id": "Pakistan_123102310_448127", "height": 3.717001438140869, "hmax": 0.0, "ratio": 0.0, "vulnClass": "none"}}, {"type": "Feature", "geometry": {"type": "MultiPolygon", "coordinates": [[[[72.33092906829387, 34.18179080729415], [72.33093379344287, 34.181874930113175], [72.33099265695309, 34.18187269550498], [72.3309879317454, 34.18178857268544], [72.33092906829387, 34.18179080729415]]]]}, "properties": {"id": "Pakistan_123102310_140579", "height": 3.371182918548584, "hmax": 0.0, "ratio": 0.0, "vulnClass": "none"}}, {"type": "Feature", "geometry": {"type": "MultiPolygon", "coordinates": [[[[72.33024635649483, 34.18196895651129], [72.3302433613128, 34.181909121742784], [72.33018331106237, 34.18191114985031], [72.33018630620181, 34.181970984618275], [72.33024635649483, 34.18196895651129]]]]}, "properties": {"id": "Pakistan_123102310_524056", "height": 2.477295637130737, "hmax": 0.0, "ratio": 0.0, "vulnClass": "none"}}, {"type": "Feature", "geometry": {"type": "MultiPolygon", "coordinates": [[[[72.33089821201462, 34.1820229935628], [72.33050673851127, 34.18202952680685], [72.33050836826159, 34.18209483100727], [72.33089973366735, 34.182088295412804], [72.33089821201462, 34.1820229935628]]]]}, "properties": {"id": "Pakistan_123102310_169017", "height": 2.955558300018311, "hmax": 0.0, "ratio": 0.0, "vulnClass": "none"}}, {"type": "Feature", "geometry": {"type": "MultiPolygon", "coordinates": [[[[72.3305026524214, 34.18231746762853], [72.33060081450998, 34.18231771145687], [72.33060115512329, 34.182227749005776], [72.33066015901343, 34.182227951674705], [72.330660370795, 34.18219369922086], [72.33060407977699, 34.18219346546029], [72.33060419603717, 34.18216912744597], [72.3305907487185, 34.18216901500474], [72.33059099076218, 34.18212692014567], [72.33050356903968, 34.182126639685706], [72.3305026524214, 34.18231746762853]]]]}, "properties": {"id": "Pakistan_123102310_410226", "height": 3.100592851638794, "hmax": 0.0, "ratio": 0.0, "vulnClass": "none"}}, {"type": "Feature", "geometry": {"type": "MultiPolygon", "coordinates": [[[[72.33033046913546, 34.18205011995235], [72.33033124536948, 34.182032377270396], [72.33019565954652, 34.18202870406767], [72.33019309268828, 34.18209292524254], [72.33040898612974, 34.182098887757604], [72.33041088500784, 34.18205241161374], [72.33033046913546, 34.18205011995235]]]]}, "properties": {"id": "Pakistan_123102310_874757", "height": 3.007299661636353, "hmax": 0.0, "ratio": 0.0, "vulnClass": "none"}}, {"type": "Feature", "geometry": {"type": "MultiPolygon", "coordinates": [[[[72.33097540038068, 34.182131141059806], [72.33097617155427, 34.18217551173306], [72.33106092308871, 34.18217447163556], [72.33106015187063, 34.18213010096074], [72.33097540038068, 34.182131141059806]]]]}, "properties": {"id": "Pakistan_123102310_647040", "height": 2.761843681335449, "hmax": 0.0, "ratio": 0.0, "vulnClass": "none"}}, {"type": "Feature", "geometry": {"type": "MultiPolygon", "coordinates": [[[[72.33090708615822, 34.18240226821375], [72.33106642144362, 34.1824096128274], [72.33107168141319, 34.18233219816135], [72.33102878601782, 34.1823302728541], [72.33103117418088, 34.182295797316876], [72.3310590104029, 34.18229712439858], [72.33106284439557, 34.18224086398647], [72.33097456616903, 34.18223677891015], [72.33097634807712, 34.18221121504563], [72.33092013085472, 34.18220863913185], [72.33090708615822, 34.18240226821375]]]]}, "properties": {"id": "Pakistan_123102310_363044", "height": 3.580188035964966, "hmax": 0.0, "ratio": 0.0, "vulnClass": "none"}}, {"type": "Feature", "geometry": {"type": "MultiPolygon", "coordinates": [[[[72.330762490793, 34.1823196082637], [72.33076410735116, 34.18237156995118], [72.330819251515, 34.18237033627398], [72.3308176349229, 34.182318374585606], [72.330762490793, 34.1823196082637]]]]}, "properties": {"id": "Pakistan_123102310_561746", "height": 3.379913091659546, "hmax": 0.0, "ratio": 0.0, "vulnClass": "none"}}, {"type": "Feature", "geometry": {"type": "MultiPolygon", "coordinates": [[[[72.32946526106394, 34.18262509882284], [72.32983809838369, 34.182621408572054], [72.32983743622005, 34.18257704028306], [72.32946459909601, 34.182580730541126], [72.32946526106394, 34.18262509882284]]]]}, "properties": {"id": "Pakistan_123102310_709026", "height": 3.019286632537842, "hmax": 0.0, "ratio": 0.0, "vulnClass": "none"}}, {"type": "Feature", "geometry": {"type": "MultiPolygon", "coordinates": [[[[72.32942620094315, 34.1821575408914], [72.32942878169828, 34.18223737996764], [72.32981206587213, 34.1822291393171], [72.32980948475458, 34.182149300231735], [72.32942620094315, 34.1821575408914]]]]}, "properties": {"id": "Pakistan_123102310_500112", "height": 3.824578762054443, "hmax": 0.0, "ratio": 0.0, "vulnClass": "none"}}, {"type": "Feature", "geometry": {"type": "MultiPolygon", "coordinates": [[[[72.32945735413617, 34.182284159114964], [72.32979131397576, 34.18227836015287], [72.3297902925417, 34.182235065840615], [72.32945622447296, 34.18224086244721], [72.32945735413617, 34.182284159114964]]]]}, "properties": {"id": "Pakistan_123102310_262402", "height": 3.824578762054443, "hmax": 0.0, "ratio": 0.0, "vulnClass": "none"}}, {"type": "Feature", "geometry": {"type": "MultiPolygon", "coordinates": [[[[72.33008593210833, 34.18230587057666], [72.32985283565371, 34.18231224404403], [72.32986127405223, 34.18252283823276], [72.33003541861537, 34.182518065952586], [72.33003898501296, 34.182604507449604], [72.33019163514663, 34.18260025857685], [72.33018144673363, 34.182345362563225], [72.33008764385602, 34.18234791781852], [72.33008593210833, 34.18230587057666]]]]}, "properties": {"id": "Pakistan_123102310_405596", "height": 4.299896240234375, "hmax": 0.0, "ratio": 0.0, "vulnClass": "none"}}, {"type": "Feature", "geometry": {"type": "MultiPolygon", "coordinates": [[[[72.3289189901723, 34.1821638922341], [72.32930680208784, 34.18216341454913], [72.32930662673692, 34.182065778135936], [72.32905723316931, 34.182066115692486], [72.32905725065689, 34.182113715340186], [72.32891893823742, 34.182113947935115], [72.3289189901723, 34.1821638922341]]]]}, "properties": {"id": "Pakistan_123102310_822726", "height": 2.738966464996338, "hmax": 0.0, "ratio": 0.0, "vulnClass": "none"}}, {"type": "Feature", "geometry": {"type": "MultiPolygon", "coordinates": [[[[72.32909817183749, 34.18169324497509], [72.32908597476579, 34.181787636940435], [72.32913108368763, 34.18179159443741], [72.32913627021223, 34.18175095954713], [72.32916396086407, 34.18175345583576], [72.32917086294529, 34.18169969639046], [72.32909817183749, 34.18169324497509]]]]}, "properties": {"id": "Pakistan_123102310_936281", "height": 2.968346357345581, "hmax": 0.0, "ratio": 0.0, "vulnClass": "none"}}, {"type": "Feature", "geometry": {"type": "MultiPolygon", "coordinates": [[[[72.32896540042961, 34.1830070855951], [72.32896560769413, 34.183203437054566], [72.32921890705616, 34.18320318484299], [72.32921893629931, 34.18316442092906], [72.32909017284355, 34.18316450105945], [72.32909007868102, 34.18307461934321], [72.32921341909115, 34.18307451123984], [72.32921338185953, 34.183006897839036], [72.32896540042961, 34.1830070855951]]]]}, "properties": {"id": "Pakistan_123102310_618648", "height": 2.774392366409302, "hmax": 0.0, "ratio": 0.0, "vulnClass": "none"}}, {"type": "Feature", "geometry": {"type": "MultiPolygon", "coordinates": [[[[72.32895322665986, 34.182791181338644], [72.32916238285462, 34.18279068882927], [72.32916258680272, 34.182846135595945], [72.32920554487458, 34.18284607962546], [72.32920557397391, 34.18287267454518], [72.3293021248196, 34.18287243358659], [72.3293017167405, 34.18276154004503], [72.32945467858268, 34.18276117534475], [72.32945424233844, 34.182654608389896], [72.32930409911044, 34.182655034484625], [72.32930398864632, 34.18261725917551], [72.32919127501289, 34.182617508700794], [72.3291916136457, 34.18269964283919], [72.32905741949124, 34.18269996526666], [72.32905720249771, 34.182631175998594], [72.32895262460059, 34.18263142221747], [72.32895322665986, 34.182791181338644]]]]}, "properties": {"id": "Pakistan_123102310_594973", "height": 2.754032135009766, "hmax": 0.0, "ratio": 0.0, "vulnClass": "none"}}, {"type": "Feature", "geometry": {"type": "MultiPolygon", "coordinates": [[[[72.32968982096754, 34.18268651341972], [72.32968793284942, 34.18264662594144], [72.32963852524689, 34.18264825448209], [72.32964041334165, 34.182688141960014], [72.32968982096754, 34.18268651341972]]]]}, "properties": {"id": "Pakistan_123102310_252812", "height": 3.094003677368164, "hmax": 0.0, "ratio": 0.0, "vulnClass": "none"}}, {"type": "Feature", "geometry": {"type": "MultiPolygon", "coordinates": [[[[72.32962717295413, 34.18308397330068], [72.32962456454983, 34.18301188654099], [72.32948517558133, 34.183015251548234], [72.3294877810258, 34.183087428393506], [72.32962717295413, 34.18308397330068]]]]}, "properties": {"id": "Pakistan_123102310_524047", "height": 3.366522789001465, "hmax": 0.0, "ratio": 0.0, "vulnClass": "none"}}, {"type": "Feature", "geometry": {"type": "MultiPolygon", "coordinates": [[[[72.32985643078004, 34.18298610449001], [72.32985465382782, 34.18294612928424], [72.32969395866488, 34.1829509237237], [72.32969255098318, 34.182919881422315], [72.32957202965282, 34.18292347711375], [72.32956965457656, 34.18286807320852], [72.3294746501975, 34.18287087226232], [72.32948010402728, 34.18299720122016], [72.32985643078004, 34.18298610449001]]]]}, "properties": {"id": "Pakistan_123102310_281222", "height": 3.994181632995605, "hmax": 0.0, "ratio": 0.0, "vulnClass": "none"}}, {"type": "Feature", "geometry": {"type": "MultiPolygon", "coordinates": [[[[72.32966358385622, 34.18322963750139], [72.32966182368754, 34.183271699279885], [72.32972608882349, 34.18327363969675], [72.32972796020252, 34.18323149018821], [72.32966358385622, 34.18322963750139]]]]}, "properties": {"id": "Pakistan_123102310_642301", "height": 2.500544548034668, "hmax": 0.0, "ratio": 0.0, "vulnClass": "none"}}, {"type": "Feature", "geometry": {"type": "MultiPolygon", "coordinates": [[[[72.32985412395854, 34.183706083375064], [72.32983534196995, 34.18370657587754], [72.32983119791079, 34.18358685641361], [72.32976150436855, 34.18358849398817], [72.32976209981712, 34.18360401277719], [72.32961196385772, 34.183607594619325], [72.32961819487524, 34.18378496546053], [72.32985669845415, 34.18377925119217], [72.32985412395854, 34.183706083375064]]]]}, "properties": {"id": "Pakistan_123102310_205536", "height": 2.829747915267944, "hmax": 0.0, "ratio": 0.0, "vulnClass": "none"}}, {"type": "Feature", "geometry": {"type": "MultiPolygon", "coordinates": [[[[72.33008573739826, 34.18454167993746], [72.33029611696057, 34.184526607917014], [72.33030278130143, 34.18459048916068], [72.33048119666041, 34.18457769582943], [72.33046724520695, 34.184445592588766], [72.33032090279896, 34.18445610926362], [72.33031713226795, 34.1844208686177], [72.33037573481954, 34.184416645368], [72.33036815347124, 34.18434399959752], [72.33046926652823, 34.18433673522825], [72.33046535012751, 34.184299237655665], [72.33026301568866, 34.18431376394752], [72.33026751473618, 34.18435686351839], [72.33022761435834, 34.18435969092193], [72.33023054791019, 34.1843870702847], [72.33007072384234, 34.18439855522473], [72.33008573739826, 34.18454167993746]]]]}, "properties": {"id": "Pakistan_123102310_44726", "height": 3.80113410949707, "hmax": 0.0, "ratio": 0.0, "vulnClass": "none"}}, {"type": "Feature", "geometry": {"type": "MultiPolygon", "coordinates": [[[[72.33106662679614, 34.18409659738665], [72.33100941060736, 34.1840224205141], [72.33071565703474, 34.18417721458112], [72.330772764649, 34.18425138922217], [72.33106662679614, 34.18409659738665]]]]}, "properties": {"id": "Pakistan_123102310_704285", "height": 4.278954982757568, "hmax": 0.0, "ratio": 0.0, "vulnClass": "none"}}, {"type": "Feature", "geometry": {"type": "MultiPolygon", "coordinates": [[[[72.33141747572117, 34.18443977246835], [72.33139837791947, 34.18435389447686], [72.33136589491937, 34.18435886698504], [72.33138510393073, 34.18444465725091], [72.33141747572117, 34.18443977246835]]]]}, "properties": {"id": "Pakistan_123102310_457525", "height": 2.961560249328613, "hmax": 0.0, "ratio": 0.0, "vulnClass": "none"}}, {"type": "Feature", "geometry": {"type": "MultiPolygon", "coordinates": [[[[72.3311272649313, 34.18438919239738], [72.33114580909655, 34.18443755590876], [72.33125069904405, 34.18441026961598], [72.33123215766172, 34.18436181602937], [72.3311272649313, 34.18438919239738]]]]}, "properties": {"id": "Pakistan_123102310_723448", "height": 3.162358999252319, "hmax": 0.0, "ratio": 0.0, "vulnClass": "none"}}, {"type": "Feature", "geometry": {"type": "MultiPolygon", "coordinates": [[[[72.33118975426451, 34.18456454231785], [72.33139893496397, 34.18456341557879], [72.33139823555352, 34.18448578106744], [72.33123863795838, 34.184486634742576], [72.33123904657002, 34.18452874375979], [72.33113705936995, 34.184529318623035], [72.33113780499443, 34.18461236314447], [72.33119010090552, 34.1846120589947], [72.33118975426451, 34.18456454231785]]]]}, "properties": {"id": "Pakistan_123102310_405608", "height": 3.235616445541382, "hmax": 0.0, "ratio": 0.0, "vulnClass": "none"}}, {"type": "Feature", "geometry": {"type": "MultiPolygon", "coordinates": [[[[72.3307496075857, 34.184435422470806], [72.33063441854179, 34.18443841403115], [72.3306358332256, 34.184476127588084], [72.33075102232098, 34.184473136028856], [72.3307496075857, 34.184435422470806]]]]}, "properties": {"id": "Pakistan_123102310_26094", "height": 2.814020872116089, "hmax": 0.0, "ratio": 0.0, "vulnClass": "none"}}, {"type": "Feature", "geometry": {"type": "MultiPolygon", "coordinates": [[[[72.33052692240746, 34.18445545608509], [72.3305582914603, 34.18459938758084], [72.3306518042299, 34.18458546679542], [72.3306204378596, 34.18444144522772], [72.33052692240746, 34.18445545608509]]]]}, "properties": {"id": "Pakistan_123102310_813301", "height": 3.285209178924561, "hmax": 0.0, "ratio": 0.0, "vulnClass": "none"}}, {"type": "Feature", "geometry": {"type": "MultiPolygon", "coordinates": [[[[72.33051701237508, 34.184477327119644], [72.33047029389672, 34.184479645564394], [72.33047668818021, 34.18456930386185], [72.33052340670821, 34.184566985417], [72.33051701237508, 34.184477327119644]]]]}, "properties": {"id": "Pakistan_123102310_471889", "height": 3.255106210708618, "hmax": 0.0, "ratio": 0.0, "vulnClass": "none"}}, {"type": "Feature", "geometry": {"type": "MultiPolygon", "coordinates": [[[[72.3303289536578, 34.18470311561288], [72.33021887154199, 34.184712708771684], [72.33021419074201, 34.18467537485197], [72.3301425057422, 34.1846816570664], [72.33015599940876, 34.184786975773186], [72.33019776841336, 34.18478337773388], [72.33024763844139, 34.184856583673636], [72.33057968157091, 34.18470199336046], [72.33057070832315, 34.18463220210228], [72.33050826890569, 34.184637694161474], [72.3304527844246, 34.184663441087814], [72.33043015697905, 34.18466547265743], [72.33042580178258, 34.18463157153729], [72.33040216214161, 34.18459688996021], [72.33031633649104, 34.184604396962136], [72.3303289536578, 34.18470311561288]]]]}, "properties": {"id": "Pakistan_123102310_452791", "height": 3.70262885093689, "hmax": 0.0, "ratio": 0.0, "vulnClass": "none"}}, {"type": "Feature", "geometry": {"type": "MultiPolygon", "coordinates": [[[[72.33033013898607, 34.185119725164775], [72.33033135039355, 34.18513291345865], [72.33039668301399, 34.18512856629221], [72.33039151781261, 34.18507562586008], [72.33042086925815, 34.18507365054435], [72.33041782674756, 34.185042843109215], [72.33022334956956, 34.18505582750289], [72.33023023731097, 34.185126384719176], [72.33033013898607, 34.185119725164775]]]]}, "properties": {"id": "Pakistan_123102310_865291", "height": 2.57262134552002, "hmax": 0.0, "ratio": 0.0, "vulnClass": "none"}}, {"type": "Feature", "geometry": {"type": "MultiPolygon", "coordinates": [[[[72.33075724833763, 34.18507060640244], [72.33057107846453, 34.18508503429249], [72.33058212953739, 34.185181825672835], [72.3308480097643, 34.185161199749054], [72.3308280634129, 34.18498524322489], [72.33074824503454, 34.184991438887096], [72.33075724833763, 34.18507060640244]]]]}, "properties": {"id": "Pakistan_123102310_486071", "height": 4.521716594696045, "hmax": 0.0, "ratio": 0.0, "vulnClass": "none"}}, {"type": "Feature", "geometry": {"type": "MultiPolygon", "coordinates": [[[[72.33115854957923, 34.185141635454826], [72.33115807942916, 34.18493626318066], [72.33109646058266, 34.18493636438649], [72.33109659802817, 34.1850352620912], [72.33094917190384, 34.18503538863772], [72.33094928462555, 34.18514194856091], [72.33115854957923, 34.185141635454826]]]]}, "properties": {"id": "Pakistan_123102310_252842", "height": 3.434893846511841, "hmax": 0.0, "ratio": 0.0, "vulnClass": "none"}}, {"type": "Feature", "geometry": {"type": "MultiPolygon", "coordinates": [[[[72.3309549770976, 34.18470664726919], [72.33095998333621, 34.18478185131465], [72.3311458538835, 34.18477345635865], [72.33114084747918, 34.184698252312884], [72.3309549770976, 34.18470664726919]]]]}, "properties": {"id": "Pakistan_123102310_818140", "height": 2.836069107055664, "hmax": 0.0, "ratio": 0.0, "vulnClass": "none"}}, {"type": "Feature", "geometry": {"type": "MultiPolygon", "coordinates": [[[[72.330904400437, 34.184913973475034], [72.33087279984517, 34.1847326247054], [72.33083468820679, 34.18473720409285], [72.33082264253288, 34.18466851791828], [72.33075306315936, 34.184676829631066], [72.33079174411941, 34.18489853951981], [72.33058681656146, 34.18492301652697], [72.33059894207042, 34.18499260595796], [72.3311060336848, 34.184932065249306], [72.33109876447718, 34.184890798557994], [72.330904400437, 34.184913973475034]]]]}, "properties": {"id": "Pakistan_123102310_112065", "height": 3.600647687911987, "hmax": 0.0, "ratio": 0.0, "vulnClass": "none"}}, {"type": "Feature", "geometry": {"type": "MultiPolygon", "coordinates": [[[[72.33091955806084, 34.18461202998184], [72.33092898053314, 34.18465036859887], [72.33106300346655, 34.184628043833506], [72.33105368933805, 34.1845897075835], [72.33091955806084, 34.18461202998184]]]]}, "properties": {"id": "Pakistan_123102310_884302", "height": 2.527771472930908, "hmax": 0.0, "ratio": 0.0, "vulnClass": "none"}}, {"type": "Feature", "geometry": {"type": "MultiPolygon", "coordinates": [[[[72.33114389597912, 34.18461529037443], [72.33108766063143, 34.18461668070972], [72.3310892218538, 34.18466007691496], [72.3311454572304, 34.18465868658033], [72.33114389597912, 34.18461529037443]]]]}, "properties": {"id": "Pakistan_123102310_832266", "height": 2.54291820526123, "hmax": 0.0, "ratio": 0.0, "vulnClass": "none"}}, {"type": "Feature", "geometry": {"type": "MultiPolygon", "coordinates": [[[[72.3311837164557, 34.184800874757634], [72.3311824914956, 34.18477434395069], [72.33114101314085, 34.18477560474967], [72.33114405589161, 34.184844275243314], [72.33133288239168, 34.18483846854942], [72.33132950755423, 34.18476311971722], [72.3312665283635, 34.18476508455825], [72.33126808527815, 34.18479829370149], [72.3311837164557, 34.184800874757634]]]]}, "properties": {"id": "Pakistan_123102310_841631", "height": 2.698517799377441, "hmax": 0.0, "ratio": 0.0, "vulnClass": "none"}}, {"type": "Feature", "geometry": {"type": "MultiPolygon", "coordinates": [[[[72.33115210247492, 34.18533243314], [72.33114709705828, 34.185301943593096], [72.33106141938332, 34.18531161792475], [72.33106642476919, 34.18534210747367], [72.33115210247492, 34.18533243314]]]]}, "properties": {"id": "Pakistan_123102310_27127", "height": 2.709471225738525, "hmax": 0.0, "ratio": 0.0, "vulnClass": "none"}}, {"type": "Feature", "geometry": {"type": "MultiPolygon", "coordinates": [[[[72.3311665427596, 34.185597067670464], [72.33128148200223, 34.18559172630861], [72.33126921903425, 34.18540944625756], [72.3313601495185, 34.18540520496488], [72.33136843542978, 34.18552780920559], [72.33130151335223, 34.18553095033808], [72.33130566762011, 34.18559189210436], [72.33137247850222, 34.18558883870091], [72.33138665456873, 34.185799918277716], [72.33142141799445, 34.185798330965405], [72.33139131003404, 34.18534926885066], [72.33115057188239, 34.18536034637045], [72.3311665427596, 34.185597067670464]]]]}, "properties": {"id": "Pakistan_123102310_718689", "height": 3.654304504394531, "hmax": 0.0, "ratio": 0.0, "vulnClass": "none"}}, {"type": "Feature", "geometry": {"type": "MultiPolygon", "coordinates": [[[[72.33082733078817, 34.18518400833581], [72.33076033749472, 34.185185975676774], [72.33076222375219, 34.185229378954745], [72.33082921991966, 34.18522732152605], [72.33082733078817, 34.18518400833581]]]]}, "properties": {"id": "Pakistan_123102310_216151", "height": 2.618618249893188, "hmax": 0.0, "ratio": 0.0, "vulnClass": "none"}}, {"type": "Feature", "geometry": {"type": "MultiPolygon", "coordinates": [[[[72.33055776582019, 34.18523204978317], [72.33044695591904, 34.185244061338665], [72.33045393417662, 34.185287665628366], [72.33056463573044, 34.185275651709254], [72.33055776582019, 34.18523204978317]]]]}, "properties": {"id": "Pakistan_123102310_178265", "height": 3.696853637695312, "hmax": 0.0, "ratio": 0.0, "vulnClass": "none"}}, {"type": "Feature", "geometry": {"type": "MultiPolygon", "coordinates": [[[[72.33067672662834, 34.18518514716777], [72.33057449727853, 34.18519337903139], [72.33056428935785, 34.185107694473], [72.3305443860953, 34.18510933461723], [72.33056802103906, 34.185309351408534], [72.33069015383688, 34.18529947939451], [72.33067672662834, 34.18518514716777]]]]}, "properties": {"id": "Pakistan_123102310_44732", "height": 4.551895618438721, "hmax": 0.0, "ratio": 0.0, "vulnClass": "none"}}, {"type": "Feature", "geometry": {"type": "MultiPolygon", "coordinates": [[[[72.33024382853641, 34.18513226995322], [72.33026377740288, 34.18525305471895], [72.33043361222455, 34.185233764159385], [72.33043488564414, 34.18524154479495], [72.33055333495669, 34.18522807686422], [72.33053393670589, 34.185110459376936], [72.3304049269212, 34.18512513977346], [72.33041084854277, 34.18516096814942], [72.33034106612874, 34.185168824444766], [72.33033331726584, 34.18512213826735], [72.33024382853641, 34.18513226995322]]]]}, "properties": {"id": "Pakistan_123102310_481394", "height": 4.551895618438721, "hmax": 0.0, "ratio": 0.0, "vulnClass": "none"}}, {"type": "Feature", "geometry": {"type": "MultiPolygon", "coordinates": [[[[72.33012139013123, 34.18520001124933], [72.33013206911411, 34.18522945241512], [72.33025025664142, 34.185200202806904], [72.3302395776197, 34.18517076164954], [72.33012139013123, 34.18520001124933]]]]}, "properties": {"id": "Pakistan_123102310_699500", "height": 2.727398872375488, "hmax": 0.0, "ratio": 0.0, "vulnClass": "none"}}, {"type": "Feature", "geometry": {"type": "MultiPolygon", "coordinates": [[[[72.33027646733473, 34.185260002127315], [72.33028230794817, 34.18528807583337], [72.3302249919145, 34.185296203489514], [72.3302373325364, 34.185355520516765], [72.33029987758042, 34.185346695355584], [72.3303065603584, 34.185379024452644], [72.33045246645906, 34.18535831137352], [72.33042760219625, 34.18523859156732], [72.33027646733473, 34.185260002127315]]]]}, "properties": {"id": "Pakistan_123102310_325290", "height": 4.481020450592041, "hmax": 0.0, "ratio": 0.0, "vulnClass": "none"}}, {"type": "Feature", "geometry": {"type": "MultiPolygon", "coordinates": [[[[72.33041748658573, 34.18542182683844], [72.33040715112705, 34.185381485009216], [72.33031988513592, 34.185396803694104], [72.3303476061163, 34.1855050464995], [72.33050163043839, 34.18547801931231], [72.33048424475493, 34.185410118357545], [72.33041748658573, 34.18542182683844]]]]}, "properties": {"id": "Pakistan_123102310_405599", "height": 3.96717643737793, "hmax": 0.0, "ratio": 0.0, "vulnClass": "none"}}, {"type": "Feature", "geometry": {"type": "MultiPolygon", "coordinates": [[[[72.33045105141478, 34.18561998637927], [72.33044034423794, 34.185553583074054], [72.3305325491983, 34.18554333009074], [72.33052374358773, 34.185488868006615], [72.33035239911841, 34.185507855358956], [72.33036021665579, 34.185555805130946], [72.3303154749032, 34.18556078089263], [72.33032727834758, 34.18563369888368], [72.33045105141478, 34.18561998637927]]]]}, "properties": {"id": "Pakistan_123102310_865295", "height": 2.595311403274536, "hmax": 0.0, "ratio": 0.0, "vulnClass": "none"}}, {"type": "Feature", "geometry": {"type": "MultiPolygon", "coordinates": [[[[72.33031112151798, 34.18545800511897], [72.33023980700244, 34.18548692311956], [72.33027802275032, 34.18555131103607], [72.3303493401502, 34.185522302927176], [72.33031112151798, 34.18545800511897]]]]}, "properties": {"id": "Pakistan_123102310_704270", "height": 2.759993314743042, "hmax": 0.0, "ratio": 0.0, "vulnClass": "none"}}, {"type": "Feature", "geometry": {"type": "MultiPolygon", "coordinates": [[[[72.33003213161935, 34.18535078197169], [72.3299524955407, 34.185378707251004], [72.32997712405115, 34.185426752662295], [72.33005665176466, 34.18539882500843], [72.33003213161935, 34.18535078197169]]]]}, "properties": {"id": "Pakistan_123102310_533370", "height": 2.853713035583496, "hmax": 0.0, "ratio": 0.0, "vulnClass": "none"}}, {"type": "Feature", "geometry": {"type": "MultiPolygon", "coordinates": [[[[72.33010176167518, 34.18545786393867], [72.33007503032509, 34.18540769930919], [72.32982921040863, 34.18549736461071], [72.32985594163397, 34.18554752928762], [72.32991531285916, 34.185525833897316], [72.3298920656738, 34.185482145759735], [72.32994046005054, 34.185464538525814], [72.32996370725728, 34.18550822665527], [72.33010176167518, 34.18545786393867]]]]}, "properties": {"id": "Pakistan_123102310_296735", "height": 3.697592973709106, "hmax": 0.064, "ratio": 0.017, "vulnClass": "none"}}, {"type": "Feature", "geometry": {"type": "MultiPolygon", "coordinates": [[[[72.32970001339339, 34.1853528350814], [72.32973650285065, 34.18548227393802], [72.32970332346565, 34.185488673226615], [72.32968177508928, 34.18541175665949], [72.32957863408208, 34.18543168734046], [72.3296118012572, 34.18554951466055], [72.32983194178384, 34.18550707015282], [72.32978394445355, 34.18533663286423], [72.32970001339339, 34.1853528350814]]]]}, "properties": {"id": "Pakistan_123102310_528622", "height": 2.994962692260742, "hmax": 0.064, "ratio": 0.021, "vulnClass": "none"}}, {"type": "Feature", "geometry": {"type": "MultiPolygon", "coordinates": [[[[72.32951871791852, 34.18527802875169], [72.3295177665321, 34.18520156074409], [72.32920135335986, 34.18520440530827], [72.32920061401849, 34.18515561800278], [72.32911619329725, 34.18515639348997], [72.32911788361369, 34.1852816487872], [72.32951871791852, 34.18527802875169]]]]}, "properties": {"id": "Pakistan_123102310_372527", "height": 2.981416463851929, "hmax": 0.0, "ratio": 0.0, "vulnClass": "none"}}, {"type": "Feature", "geometry": {"type": "MultiPolygon", "coordinates": [[[[72.33002241229573, 34.18526682087479], [72.32993674258358, 34.18529344281122], [72.32995175530667, 34.18532649421628], [72.33003753345328, 34.185299874631355], [72.33002241229573, 34.18526682087479]]]]}, "properties": {"id": "Pakistan_123102310_178251", "height": 2.88098931312561, "hmax": 0.0, "ratio": 0.0, "vulnClass": "none"}}, {"type": "Feature", "geometry": {"type": "MultiPolygon", "coordinates": [[[[72.32979586622027, 34.18461451962694], [72.32979475146479, 34.18495949984312], [72.33002417042897, 34.18495989800667], [72.330024088965, 34.184990006372715], [72.33008168835022, 34.18499008863645], [72.33008199941914, 34.1849079686492], [72.32990757822115, 34.18490759628799], [72.32990856834796, 34.184614720112684], [72.32979586622027, 34.18461451962694]]]]}, "properties": {"id": "Pakistan_123102310_93273", "height": 2.52849292755127, "hmax": 0.11, "ratio": 0.043, "vulnClass": "low"}}, {"type": "Feature", "geometry": {"type": "MultiPolygon", "coordinates": [[[[72.32935065292766, 34.18504169090075], [72.32968321485419, 34.18503928777082], [72.32968240250445, 34.184958405430926], [72.32934973533342, 34.18496071612442], [72.32935065292766, 34.18504169090075]]]]}, "properties": {"id": "Pakistan_123102310_884277", "height": 4.363800525665283, "hmax": 0.11, "ratio": 0.025, "vulnClass": "low"}}, {"type": "Feature", "geometry": {"type": "MultiPolygon", "coordinates": [[[[72.32970048902563, 34.18502469904541], [72.32970569379944, 34.1851210927105], [72.32966018729323, 34.18512280617926], [72.32966199731165, 34.18515484888618], [72.32951744447348, 34.18516017483244], [72.3295199151749, 34.185205664294514], [72.32984377849473, 34.18519360553352], [72.32983429260543, 34.18501967969547], [72.32970048902563, 34.18502469904541]]]]}, "properties": {"id": "Pakistan_123102310_253853", "height": 2.866055727005005, "hmax": 0.11, "ratio": 0.038, "vulnClass": "low"}}, {"type": "Feature", "geometry": {"type": "MultiPolygon", "coordinates": [[[[72.3292139551604, 34.18512471666324], [72.32934533795, 34.18512766848282], [72.32934806544009, 34.18504118379332], [72.32921678834687, 34.185038324432384], [72.3292139551604, 34.18512471666324]]]]}, "properties": {"id": "Pakistan_123102310_386642", "height": 2.610353231430054, "hmax": 0.0, "ratio": 0.0, "vulnClass": "none"}}, {"type": "Feature", "geometry": {"type": "MultiPolygon", "coordinates": [[[[72.32920691612061, 34.185114015779625], [72.32920427447064, 34.1850464358179], [72.32910775567683, 34.18504902123641], [72.32911039724952, 34.18511660119655], [72.32920691612061, 34.185114015779625]]]]}, "properties": {"id": "Pakistan_123102310_158492", "height": 2.661580324172974, "hmax": 0.0, "ratio": 0.0, "vulnClass": "none"}}, {"type": "Feature", "geometry": {"type": "MultiPolygon", "coordinates": [[[[72.32863952998959, 34.18512572587469], [72.32824524019637, 34.185124797846036], [72.32824496467599, 34.185209172307076], [72.32833347918898, 34.18520929797261], [72.32833325899841, 34.185278167828734], [72.32845398950239, 34.185278364306306], [72.32845426847013, 34.18520075117091], [72.32863931940233, 34.18520117690348], [72.32863952998959, 34.18512572587469]]]]}, "properties": {"id": "Pakistan_123102310_547415", "height": 4.034946918487549, "hmax": 0.094, "ratio": 0.023, "vulnClass": "none"}}, {"type": "Feature", "geometry": {"type": "MultiPolygon", "coordinates": [[[[72.32855296809522, 34.18520813029544], [72.32845916775871, 34.18521050397408], [72.32846099355352, 34.185259224794265], [72.32855479110219, 34.18525694120495], [72.32855296809522, 34.18520813029544]]]]}, "properties": {"id": "Pakistan_123102310_334692", "height": 3.356127738952637, "hmax": 0.103, "ratio": 0.031, "vulnClass": "low"}}, {"type": "Feature", "geometry": {"type": "MultiPolygon", "coordinates": [[[[72.32861636848035, 34.18540946446247], [72.32861312065118, 34.18527858594146], [72.32851532917695, 34.18528024165709], [72.32851868525884, 34.18541112253534], [72.32861636848035, 34.18540946446247]]]]}, "properties": {"id": "Pakistan_123102310_780267", "height": 3.956887245178223, "hmax": 0.103, "ratio": 0.026, "vulnClass": "low"}}, {"type": "Feature", "geometry": {"type": "MultiPolygon", "coordinates": [[[[72.3288051875308, 34.18526293726635], [72.32880575920245, 34.18515540067038], [72.32871725040535, 34.18515509517233], [72.32871713679647, 34.18518276877237], [72.32864869408327, 34.18518253977713], [72.32864863889444, 34.18519804438847], [72.32859906983833, 34.18519786595117], [72.32859866674976, 34.18526222432476], [72.3288051875308, 34.18526293726635]]]]}, "properties": {"id": "Pakistan_123102310_851056", "height": 2.770698547363281, "hmax": 0.103, "ratio": 0.037, "vulnClass": "low"}}, {"type": "Feature", "geometry": {"type": "MultiPolygon", "coordinates": [[[[72.32881031468276, 34.18517605413085], [72.32910227909646, 34.18516762961486], [72.3290992688372, 34.185094542468484], [72.32880719627244, 34.18510296462772], [72.32881031468276, 34.18517605413085]]]]}, "properties": {"id": "Pakistan_123102310_490749", "height": 2.829862117767334, "hmax": 0.103, "ratio": 0.036, "vulnClass": "low"}}, {"type": "Feature", "geometry": {"type": "MultiPolygon", "coordinates": [[[[72.32880326610018, 34.185320411160575], [72.3288016662789, 34.185278276219734], [72.32873739441006, 34.18527994113597], [72.32873888579506, 34.18532207371448], [72.32880326610018, 34.185320411160575]]]]}, "properties": {"id": "Pakistan_123102310_865271", "height": 2.973234415054321, "hmax": 0.103, "ratio": 0.035, "vulnClass": "low"}}, {"type": "Feature", "geometry": {"type": "MultiPolygon", "coordinates": [[[[72.32893063353373, 34.185447232324805], [72.3289267627246, 34.18538079754032], [72.32906850878446, 34.185375050562484], [72.3290702040611, 34.18540384536895], [72.32912103673472, 34.18540179739101], [72.32911653678877, 34.18532435059311], [72.3289680583857, 34.18533031157364], [72.32896444782746, 34.18526938161331], [72.3288159666813, 34.18527543250181], [72.32882625518157, 34.18545135914704], [72.32893063353373, 34.185447232324805]]]]}, "properties": {"id": "Pakistan_123102310_224636", "height": 3.223128318786621, "hmax": 0.103, "ratio": 0.032, "vulnClass": "low"}}, {"type": "Feature", "geometry": {"type": "MultiPolygon", "coordinates": [[[[72.32911703042384, 34.18548410730512], [72.32897780021456, 34.18548918793848], [72.32897971880139, 34.185524658715856], [72.32911894906921, 34.185519578083095], [72.32911703042384, 34.18548410730512]]]]}, "properties": {"id": "Pakistan_123102310_642298", "height": 3.656424283981323, "hmax": 0.0, "ratio": 0.0, "vulnClass": "none"}}, {"type": "Feature", "geometry": {"type": "MultiPolygon", "coordinates": [[[[72.32907330376948, 34.18543970247487], [72.32899157540379, 34.18543765171339], [72.32899006284656, 34.18547872720358], [72.32907179125174, 34.18548077796794], [72.32907330376948, 34.18543970247487]]]]}, "properties": {"id": "Pakistan_123102310_139568", "height": 3.059991598129272, "hmax": 0.0, "ratio": 0.0, "vulnClass": "none"}}, {"type": "Feature", "geometry": {"type": "MultiPolygon", "coordinates": [[[[72.32882691455164, 34.185454528764254], [72.32883572210673, 34.18567396563174], [72.32889467960744, 34.18567227505104], [72.32889233585925, 34.185612454489956], [72.3289807135822, 34.18561005251576], [72.3289743578592, 34.18545043856449], [72.32882691455164, 34.185454528764254]]]]}, "properties": {"id": "Pakistan_123102310_315699", "height": 4.36288595199585, "hmax": 0.0, "ratio": 0.0, "vulnClass": "none"}}, {"type": "Feature", "geometry": {"type": "MultiPolygon", "coordinates": [[[[72.32845881926058, 34.18547256264251], [72.32851235355577, 34.18547084423197], [72.32851169013763, 34.18545748756694], [72.3284581530088, 34.185459296065765], [72.32845881926058, 34.18547256264251]]]]}, "properties": {"id": "Pakistan_123102310_419669", "height": 2.692615270614624, "hmax": 0.0, "ratio": 0.0, "vulnClass": "none"}}, {"type": "Feature", "geometry": {"type": "MultiPolygon", "coordinates": [[[[72.32850830321132, 34.185475443788675], [72.32851067754744, 34.18553084766404], [72.328688856273, 34.185525624456595], [72.32868648181989, 34.18547022057913], [72.32850830321132, 34.185475443788675]]]]}, "properties": {"id": "Pakistan_123102310_756631", "height": 3.158546924591064, "hmax": 0.0, "ratio": 0.0, "vulnClass": "none"}}, {"type": "Feature", "geometry": {"type": "MultiPolygon", "coordinates": [[[[72.32851663775823, 34.18541756873077], [72.32851879204381, 34.18546963225945], [72.32861792153504, 34.18546683374664], [72.3286157671883, 34.18541477021681], [72.32851663775823, 34.18541756873077]]]]}, "properties": {"id": "Pakistan_123102310_519338", "height": 3.447020530700684, "hmax": 0.0, "ratio": 0.0, "vulnClass": "none"}}, {"type": "Feature", "geometry": {"type": "MultiPolygon", "coordinates": [[[[72.32844822612674, 34.18541634864495], [72.32844996787604, 34.18545397917402], [72.32851425408293, 34.18545186397437], [72.32851251230495, 34.185414233444845], [72.32844822612674, 34.18541634864495]]]]}, "properties": {"id": "Pakistan_123102310_761416", "height": 3.047931671142578, "hmax": 0.0, "ratio": 0.0, "vulnClass": "none"}}, {"type": "Feature", "geometry": {"type": "MultiPolygon", "coordinates": [[[[72.32847121748382, 34.18559534672027], [72.32847181148678, 34.185576518297665], [72.32842215654716, 34.18557561671126], [72.32842156253321, 34.18559444513312], [72.32847121748382, 34.18559534672027]]]]}, "properties": {"id": "Pakistan_123102310_509798", "height": 2.529277324676514, "hmax": 0.0, "ratio": 0.0, "vulnClass": "none"}}, {"type": "Feature", "geometry": {"type": "MultiPolygon", "coordinates": [[[[72.32843285684763, 34.18564562600549], [72.32845807893274, 34.185702339040425], [72.32852894431392, 34.18568080461976], [72.3285038305903, 34.18562409395916], [72.32843285684763, 34.18564562600549]]]]}, "properties": {"id": "Pakistan_123102310_874727", "height": 2.81301212310791, "hmax": 0.0, "ratio": 0.0, "vulnClass": "none"}}, {"type": "Feature", "geometry": {"type": "MultiPolygon", "coordinates": [[[[72.32845130952786, 34.18570372409932], [72.32845525750386, 34.185774577921585], [72.32868398420607, 34.18576603871422], [72.3286801444426, 34.185695187251916], [72.32845130952786, 34.18570372409932]]]]}, "properties": {"id": "Pakistan_123102310_168957", "height": 4.23809814453125, "hmax": 0.0, "ratio": 0.0, "vulnClass": "none"}}, {"type": "Feature", "geometry": {"type": "MultiPolygon", "coordinates": [[[[72.3285709071342, 34.18586364171864], [72.3285694629436, 34.18583377058065], [72.32848638546307, 34.18583664833271], [72.3284879380291, 34.18586652183215], [72.3285709071342, 34.18586364171864]]]]}, "properties": {"id": "Pakistan_123102310_91906", "height": 3.15955924987793, "hmax": 0.0, "ratio": 0.0, "vulnClass": "none"}}, {"type": "Feature", "geometry": {"type": "MultiPolygon", "coordinates": [[[[72.3287121273762, 34.185843640007604], [72.32857067125263, 34.18589518910379], [72.32860323133782, 34.18595656948898], [72.32874479595424, 34.18590502272126], [72.3287121273762, 34.185843640007604]]]]}, "properties": {"id": "Pakistan_123102310_130190", "height": 4.417496681213379, "hmax": 0.086, "ratio": 0.02, "vulnClass": "none"}}, {"type": "Feature", "geometry": {"type": "MultiPolygon", "coordinates": [[[[72.32923636374508, 34.18611676560563], [72.32921200726813, 34.18598443565069], [72.32914121436205, 34.18599335103113], [72.32915483413656, 34.18606712002204], [72.32906302234431, 34.18607864261303], [72.32907375887353, 34.18613720359085], [72.32923636374508, 34.18611676560563]]]]}, "properties": {"id": "Pakistan_123102310_874738", "height": 4.475762367248535, "hmax": 0.0, "ratio": 0.0, "vulnClass": "none"}}, {"type": "Feature", "geometry": {"type": "MultiPolygon", "coordinates": [[[[72.32884883216138, 34.18578107907642], [72.32886033177786, 34.18582919928517], [72.32891594504432, 34.18582004353697], [72.32890444255507, 34.18577201342012], [72.32884883216138, 34.18578107907642]]]]}, "properties": {"id": "Pakistan_123102310_419674", "height": 4.787561893463135, "hmax": 0.0, "ratio": 0.0, "vulnClass": "none"}}, {"type": "Feature", "geometry": {"type": "MultiPolygon", "coordinates": [[[[72.32866770004732, 34.18583176394656], [72.32871920490108, 34.185818732477806], [72.32874209429984, 34.18588062334363], [72.32884510403473, 34.18585456032305], [72.32882341880253, 34.185795760810066], [72.32878164725894, 34.185806299865966], [72.32875996492352, 34.185747410255836], [72.3286471136132, 34.18577596329665], [72.32866770004732, 34.18583176394656]]]]}, "properties": {"id": "Pakistan_123102310_130781", "height": 5.117910385131836, "hmax": 0.0, "ratio": 0.0, "vulnClass": "none"}}, {"type": "Feature", "geometry": {"type": "MultiPolygon", "coordinates": [[[[72.32898137546886, 34.185702560919644], [72.32898472533019, 34.185754560339774], [72.32901677293336, 34.18575309485075], [72.32901099368618, 34.18566462187656], [72.32883718251846, 34.185672374745295], [72.3288433302608, 34.18576635490542], [72.32891024684103, 34.185763395305194], [72.32890641993932, 34.1857058863373], [72.32898137546886, 34.185702560919644]]]]}, "properties": {"id": "Pakistan_123102310_367771", "height": 5.18708324432373, "hmax": 0.0, "ratio": 0.0, "vulnClass": "none"}}, {"type": "Feature", "geometry": {"type": "MultiPolygon", "coordinates": [[[[72.32898755143373, 34.1856546454609], [72.32898371082676, 34.185625082720854], [72.32893475826116, 34.18562942534677], [72.32893859885101, 34.18565898808752], [72.32898755143373, 34.1856546454609]]]]}, "properties": {"id": "Pakistan_123102310_26050", "height": 4.063177585601807, "hmax": 0.0, "ratio": 0.0, "vulnClass": "none"}}, {"type": "Feature", "geometry": {"type": "MultiPolygon", "coordinates": [[[[72.32914263413569, 34.18564567307627], [72.32913900330801, 34.18560601809934], [72.32898965759725, 34.18561538590438], [72.32899328551316, 34.18565513097058], [72.32914263413569, 34.18564567307627]]]]}, "properties": {"id": "Pakistan_123102310_519350", "height": 3.971372365951538, "hmax": 0.0, "ratio": 0.0, "vulnClass": "none"}}, {"type": "Feature", "geometry": {"type": "MultiPolygon", "coordinates": [[[[72.32942312793382, 34.185825591974876], [72.32926293019291, 34.18585915441836], [72.3292702020539, 34.18588311243372], [72.3292198608369, 34.18589364527928], [72.32923707007447, 34.185949913181666], [72.32971230904806, 34.18585046097601], [72.32969067866215, 34.185779582682244], [72.32950656995924, 34.18581803372024], [72.32949516834746, 34.185780553408634], [72.3294144690571, 34.1857974568536], [72.32942312793382, 34.185825591974876]]]]}, "properties": {"id": "Pakistan_123102310_443224", "height": 4.657020568847656, "hmax": 0.054, "ratio": 0.012, "vulnClass": "none"}}, {"type": "Feature", "geometry": {"type": "MultiPolygon", "coordinates": [[[[72.33020817328374, 34.18614964903634], [72.3302111982329, 34.18603306065652], [72.33012532993435, 34.1860315515458], [72.33012310539699, 34.18611930931428], [72.33006271794868, 34.18611817468905], [72.33006191739837, 34.18614700529134], [72.33020817328374, 34.18614964903634]]]]}, "properties": {"id": "Pakistan_123102310_926778", "height": 3.146587371826172, "hmax": 0.0, "ratio": 0.0, "vulnClass": "none"}}, {"type": "Feature", "geometry": {"type": "MultiPolygon", "coordinates": [[[[72.32967741504764, 34.185986909506084], [72.3293625034879, 34.186021159345486], [72.32937291304293, 34.18608665473769], [72.32968782768674, 34.18605231479499], [72.32967741504764, 34.185986909506084]]]]}, "properties": {"id": "Pakistan_123102310_46215", "height": 2.995483636856079, "hmax": 0.0, "ratio": 0.0, "vulnClass": "none"}}, {"type": "Feature", "geometry": {"type": "MultiPolygon", "coordinates": [[[[72.32964510748089, 34.18598629605232], [72.32963415881618, 34.18587941004123], [72.32957153572656, 34.18588381579516], [72.32958248431198, 34.18599070180804], [72.32964510748089, 34.18598629605232]]]]}, "properties": {"id": "Pakistan_123102310_159493", "height": 3.851442337036133, "hmax": 0.054, "ratio": 0.014, "vulnClass": "none"}}, {"type": "Feature", "geometry": {"type": "MultiPolygon", "coordinates": [[[[72.32935877186925, 34.18615323809793], [72.32957295358155, 34.186124367129224], [72.3295631307432, 34.18607466079497], [72.32926005291644, 34.186115478594644], [72.32927754304397, 34.186204116490416], [72.32936643937562, 34.18619216964005], [72.32935877186925, 34.18615323809793]]]]}, "properties": {"id": "Pakistan_123102310_926771", "height": 2.874926328659058, "hmax": 0.0, "ratio": 0.0, "vulnClass": "none"}}, {"type": "Feature", "geometry": {"type": "MultiPolygon", "coordinates": [[[[72.32963975065377, 34.18605640631451], [72.32956301860332, 34.18606789709559], [72.32956889878922, 34.186094709588716], [72.3296456337046, 34.186083128716874], [72.32963975065377, 34.18605640631451]]]]}, "properties": {"id": "Pakistan_123102310_296731", "height": 2.74672794342041, "hmax": 0.0, "ratio": 0.0, "vulnClass": "none"}}, {"type": "Feature", "geometry": {"type": "MultiPolygon", "coordinates": [[[[72.32987988142098, 34.18607497798153], [72.32972352832954, 34.18608293196474], [72.32972595470928, 34.18611606989213], [72.32984091170182, 34.18611018939034], [72.32984660760518, 34.18618757206588], [72.32994819958417, 34.18618239206818], [72.32994330972285, 34.18611728736154], [72.32988333363991, 34.18612030851048], [72.32987988142098, 34.18607497798153]]]]}, "properties": {"id": "Pakistan_123102310_836956", "height": 3.449187278747559, "hmax": 0.0, "ratio": 0.0, "vulnClass": "none"}}, {"type": "Feature", "geometry": {"type": "MultiPolygon", "coordinates": [[[[72.33011871482091, 34.18605556773412], [72.32994839123106, 34.186059341349115], [72.32995029311253, 34.18611599703019], [72.33012061681671, 34.186112223417986], [72.33011871482091, 34.18605556773412]]]]}, "properties": {"id": "Pakistan_123102310_742527", "height": 3.081850290298462, "hmax": 0.0, "ratio": 0.0, "vulnClass": "none"}}, {"type": "Feature", "geometry": {"type": "MultiPolygon", "coordinates": [[[[72.33019698764754, 34.18615003653188], [72.33016478557043, 34.186149515660695], [72.33016319115825, 34.186213848121724], [72.3300571535859, 34.18621208008593], [72.33005549091531, 34.18627857465911], [72.33019373069753, 34.18628086357465], [72.33019698764754, 34.18615003653188]]]]}, "properties": {"id": "Pakistan_123102310_780288", "height": 2.738213539123535, "hmax": 0.0, "ratio": 0.0, "vulnClass": "none"}}, {"type": "Feature", "geometry": {"type": "MultiPolygon", "coordinates": [[[[72.33006201716177, 34.18620921103734], [72.33015860594374, 34.18620788852486], [72.33015749447723, 34.18615368410776], [72.33006101416264, 34.18615500898284], [72.33006201716177, 34.18620921103734]]]]}, "properties": {"id": "Pakistan_123102310_504935", "height": 3.077204465866089, "hmax": 0.0, "ratio": 0.0, "vulnClass": "none"}}, {"type": "Feature", "geometry": {"type": "MultiPolygon", "coordinates": [[[[72.32983409543709, 34.18620938636427], [72.32974031668412, 34.186211040266706], [72.32974239579534, 34.18629303198333], [72.32980665140677, 34.186291907105], [72.32980747684705, 34.18632077311225], [72.32993197142831, 34.18631861608762], [72.3299309907063, 34.186280911988696], [72.32983601941012, 34.186282539993464], [72.32983409543709, 34.18620938636427]]]]}, "properties": {"id": "Pakistan_123102310_252814", "height": 3.310445308685303, "hmax": 0.084, "ratio": 0.025, "vulnClass": "none"}}, {"type": "Feature", "geometry": {"type": "MultiPolygon", "coordinates": [[[[72.32952419702333, 34.186542142567035], [72.32955577532175, 34.18676883659445], [72.3294827649125, 34.18677581070812], [72.32949409521407, 34.186856831956696], [72.32947712133802, 34.18685844556759], [72.32948951385644, 34.18694706255797], [72.3295874432199, 34.18693765620849], [72.32958009616367, 34.18688511899587], [72.32976387333025, 34.186867575511876], [72.32972059565262, 34.18655777880209], [72.32990208704392, 34.18654045576154], [72.32989740963855, 34.18650645746698], [72.32952419702333, 34.186542142567035]]]]}, "properties": {"id": "Pakistan_123102310_495512", "height": 4.559121131896973, "hmax": 0.069, "ratio": 0.015, "vulnClass": "none"}}, {"type": "Feature", "geometry": {"type": "MultiPolygon", "coordinates": [[[[72.32887002029774, 34.186464337323024], [72.32878314598123, 34.18647407410232], [72.32878840759182, 34.18650673290436], [72.32887539034748, 34.18649699848454], [72.32887002029774, 34.186464337323024]]]]}, "properties": {"id": "Pakistan_123102310_281196", "height": 3.155163049697876, "hmax": 0.0, "ratio": 0.0, "vulnClass": "none"}}, {"type": "Feature", "geometry": {"type": "MultiPolygon", "coordinates": [[[[72.32935185102166, 34.186465547553716], [72.32930894077707, 34.186340205803994], [72.329226974579, 34.18635942541672], [72.32926670554454, 34.18647550263375], [72.32907698164247, 34.18651996087479], [72.32907668768254, 34.18651896282056], [72.32890532354624, 34.18655913292034], [72.32889687917414, 34.18653451829322], [72.32883731492892, 34.18654854620088], [72.32883980341028, 34.18655563211831], [72.32879127622546, 34.18656710579469], [72.32882395494245, 34.18666256543659], [72.32993116115708, 34.1864027986374], [72.3299160669002, 34.1863585668417], [72.32981814289589, 34.186381586254456], [72.3298099893956, 34.186358059819], [72.32935185102166, 34.186465547553716]]]]}, "properties": {"id": "Pakistan_123102310_358328", "height": 4.147605419158936, "hmax": 0.084, "ratio": 0.02, "vulnClass": "none"}}, {"type": "Feature", "geometry": {"type": "MultiPolygon", "coordinates": [[[[72.32924991893678, 34.18617538796648], [72.32924002241074, 34.18612802390847], [72.32907329854423, 34.18615179787643], [72.32906256286715, 34.18610008832333], [72.32900524620003, 34.18610821537633], [72.32899290353512, 34.18604898835534], [72.32894081592056, 34.18605641793663], [72.32894957906764, 34.18609843847054], [72.32889226239442, 34.18610656547023], [72.32891289146313, 34.18620572919775], [72.3290900763667, 34.18618047047438], [72.32909365587963, 34.18619767696219], [72.32924991893678, 34.18617538796648]]]]}, "properties": {"id": "Pakistan_123102310_647013", "height": 4.634343147277832, "hmax": 0.0, "ratio": 0.0, "vulnClass": "none"}}, {"type": "Feature", "geometry": {"type": "MultiPolygon", "coordinates": [[[[72.32867287390566, 34.18615605632154], [72.32869361961805, 34.18623088210185], [72.32890260548616, 34.18619135156093], [72.32888196799908, 34.18611652816887], [72.32867287390566, 34.18615605632154]]]]}, "properties": {"id": "Pakistan_123102310_177454", "height": 3.873438358306885, "hmax": 0.086, "ratio": 0.022, "vulnClass": "none"}}, {"type": "Feature", "geometry": {"type": "MultiPolygon", "coordinates": [[[[72.32883072473227, 34.18621755187188], [72.32873450305716, 34.18623474774523], [72.32877949494954, 34.18640755396156], [72.32929616008276, 34.186315496750595], [72.32927826163856, 34.18624668298254], [72.32885782154892, 34.186321454160726], [72.32883072473227, 34.18621755187188]]]]}, "properties": {"id": "Pakistan_123102310_187575", "height": 3.742114782333374, "hmax": 0.086, "ratio": 0.023, "vulnClass": "none"}}, {"type": "Feature", "geometry": {"type": "MultiPolygon", "coordinates": [[[[72.32893135689135, 34.18620153380221], [72.32884269194686, 34.1862164603278], [72.32886741196499, 34.18631661468313], [72.32895607985418, 34.186301598056474], [72.32893135689135, 34.18620153380221]]]]}, "properties": {"id": "Pakistan_123102310_306235", "height": 3.873438358306885, "hmax": 0.0, "ratio": 0.0, "vulnClass": "none"}}, {"type": "Feature", "geometry": {"type": "MultiPolygon", "coordinates": [[[[72.32840801185235, 34.18617868290797], [72.32845201031004, 34.18637607854917], [72.32864919870816, 34.1863460276139], [72.3286293356757, 34.1862569773477], [72.3286619279286, 34.18625200797028], [72.32865119290639, 34.186203724104686], [72.32855254326628, 34.18621879348575], [72.32853914527924, 34.18615864193411], [72.32840801185235, 34.18617868290797]]]]}, "properties": {"id": "Pakistan_123102310_448097", "height": 5.666469573974609, "hmax": 0.086, "ratio": 0.015, "vulnClass": "none"}}, {"type": "Feature", "geometry": {"type": "MultiPolygon", "coordinates": [[[[72.32844246053341, 34.18633836805026], [72.32838553300391, 34.18635822279337], [72.3284105660495, 34.186407178813525], [72.32846738520212, 34.18638732169824], [72.32844246053341, 34.18633836805026]]]]}, "properties": {"id": "Pakistan_123102310_618642", "height": 2.64191460609436, "hmax": 0.0, "ratio": 0.0, "vulnClass": "none"}}, {"type": "Feature", "geometry": {"type": "MultiPolygon", "coordinates": [[[[72.32876223738096, 34.186421602004366], [72.32874822051087, 34.18638794110992], [72.3286488305143, 34.18641615634349], [72.32862453220348, 34.186357660469206], [72.32837856890478, 34.18642766689872], [72.32840326657414, 34.186487253319726], [72.32845263501878, 34.18647318377523], [72.32846624658026, 34.18650593436898], [72.32876223738096, 34.186421602004366]]]]}, "properties": {"id": "Pakistan_123102310_585624", "height": 5.243619918823242, "hmax": 0.0, "ratio": 0.0, "vulnClass": "none"}}, {"type": "Feature", "geometry": {"type": "MultiPolygon", "coordinates": [[[[72.32827248314042, 34.18657870060217], [72.32824512931037, 34.186541413492556], [72.32818549546941, 34.18657139612253], [72.32821284928104, 34.18660868324452], [72.32827248314042, 34.18657870060217]]]]}, "properties": {"id": "Pakistan_123102310_747212", "height": 5.01594352722168, "hmax": 0.0, "ratio": 0.0, "vulnClass": "none"}}, {"type": "Feature", "geometry": {"type": "MultiPolygon", "coordinates": [[[[72.32852899715677, 34.18661097414573], [72.3284610786726, 34.18661472304037], [72.32846401572253, 34.18665228945777], [72.32833970381343, 34.18665895645798], [72.32834465781386, 34.186721989139805], [72.32853699678697, 34.18671157560575], [72.32852899715677, 34.18661097414573]]]]}, "properties": {"id": "Pakistan_123102310_159465", "height": 3.017957925796509, "hmax": 0.0, "ratio": 0.0, "vulnClass": "none"}}, {"type": "Feature", "geometry": {"type": "MultiPolygon", "coordinates": [[[[72.3282543017576, 34.18669766310093], [72.32823554038842, 34.1866596617178], [72.32814233513209, 34.18669125669441], [72.32816109646444, 34.186729258089976], [72.3282543017576, 34.18669766310093]]]]}, "properties": {"id": "Pakistan_123102310_471866", "height": 3.6533522605896, "hmax": 0.0, "ratio": 0.0, "vulnClass": "none"}}, {"type": "Feature", "geometry": {"type": "MultiPolygon", "coordinates": [[[[72.32827629551626, 34.18671229590121], [72.32824765723844, 34.18671915432894], [72.3282597940976, 34.18675394626093], [72.32832811063058, 34.18673758514701], [72.32829795539934, 34.18665155597851], [72.32825838559951, 34.186661061016686], [72.32827629551626, 34.18671229590121]]]]}, "properties": {"id": "Pakistan_123102310_462357", "height": 3.838775634765625, "hmax": 0.0, "ratio": 0.0, "vulnClass": "none"}}, {"type": "Feature", "geometry": {"type": "MultiPolygon", "coordinates": [[[[72.32853546171566, 34.18661237709449], [72.3285409810483, 34.18665405652554], [72.32858602023985, 34.18664998941196], [72.32860122792262, 34.186766253723356], [72.3286675886465, 34.186760307214065], [72.3286467530791, 34.18660236111608], [72.32853546171566, 34.18661237709449]]]]}, "properties": {"id": "Pakistan_123102310_74227", "height": 4.03728199005127, "hmax": 0.066, "ratio": 0.016, "vulnClass": "none"}}, {"type": "Feature", "geometry": {"type": "MultiPolygon", "coordinates": [[[[72.32889216056462, 34.186790712146674], [72.32888803428804, 34.18668767087839], [72.32872723784097, 34.18669201090603], [72.3287313639212, 34.18679505217041], [72.32889216056462, 34.186790712146674]]]]}, "properties": {"id": "Pakistan_123102310_197189", "height": 4.031408786773682, "hmax": 0.066, "ratio": 0.017, "vulnClass": "none"}}, {"type": "Feature", "geometry": {"type": "MultiPolygon", "coordinates": [[[[72.32871906754865, 34.186954440039436], [72.32871605400065, 34.18687459158085], [72.32863299823059, 34.18687674867861], [72.3286360117, 34.186956597135506], [72.32871906754865, 34.186954440039436]]]]}, "properties": {"id": "Pakistan_123102310_836937", "height": 3.084765672683716, "hmax": 0.066, "ratio": 0.021, "vulnClass": "none"}}, {"type": "Feature", "geometry": {"type": "MultiPolygon", "coordinates": [[[[72.32888807839602, 34.186885731538176], [72.32889384796768, 34.18703640783757], [72.32908938059269, 34.187031381879436], [72.32908372191974, 34.186880617845944], [72.32888807839602, 34.186885731538176]]]]}, "properties": {"id": "Pakistan_123102310_281198", "height": 3.189419269561768, "hmax": 0.0, "ratio": 0.0, "vulnClass": "none"}}, {"type": "Feature", "geometry": {"type": "MultiPolygon", "coordinates": [[[[72.32857494656353, 34.18677749078133], [72.32858652934507, 34.18685391993964], [72.32867631682299, 34.18684469752921], [72.32866484520852, 34.18676818064917], [72.32857494656353, 34.18677749078133]]]]}, "properties": {"id": "Pakistan_123102310_680555", "height": 3.988634586334229, "hmax": 0.066, "ratio": 0.017, "vulnClass": "none"}}, {"type": "Feature", "geometry": {"type": "MultiPolygon", "coordinates": [[[[72.3284182472295, 34.18688577252615], [72.32827237146246, 34.18689855055171], [72.32828004939039, 34.18695776613537], [72.3284259252596, 34.186944988105566], [72.3284182472295, 34.18688577252615]]]]}, "properties": {"id": "Pakistan_123102310_262388", "height": 4.277987003326416, "hmax": 0.0, "ratio": 0.0, "vulnClass": "none"}}, {"type": "Feature", "geometry": {"type": "MultiPolygon", "coordinates": [[[[72.32829651818481, 34.186855263779776], [72.32815683375647, 34.18687466737918], [72.3281650858048, 34.186915685169296], [72.32830487870643, 34.18689628392586], [72.32829651818481, 34.186855263779776]]]]}, "properties": {"id": "Pakistan_123102310_888972", "height": 2.69408655166626, "hmax": 0.0, "ratio": 0.0, "vulnClass": "none"}}, {"type": "Feature", "geometry": {"type": "MultiPolygon", "coordinates": [[[[72.32824371553498, 34.187026299806746], [72.32815797220849, 34.18702767681509], [72.32816040080742, 34.18713636054011], [72.32828641136548, 34.18713432840655], [72.32828299939612, 34.18698460498018], [72.32824284075255, 34.18698526247337], [72.32824371553498, 34.187026299806746]]]]}, "properties": {"id": "Pakistan_123102310_72726", "height": 3.278794765472412, "hmax": 0.0, "ratio": 0.0, "vulnClass": "none"}}, {"type": "Feature", "geometry": {"type": "MultiPolygon", "coordinates": [[[[72.32843897133898, 34.187143512327296], [72.32843680740841, 34.187081441942595], [72.3282958883957, 34.1870849523831], [72.3282981606291, 34.18714702512752], [72.32843897133898, 34.187143512327296]]]]}, "properties": {"id": "Pakistan_123102310_747216", "height": 3.948705673217773, "hmax": 0.0, "ratio": 0.0, "vulnClass": "none"}}, {"type": "Feature", "geometry": {"type": "MultiPolygon", "coordinates": [[[[72.3283787442088, 34.18707882456061], [72.32837673902829, 34.187032353593374], [72.32829367742528, 34.187034690629545], [72.32829568256004, 34.18708116159596], [72.3283787442088, 34.18707882456061]]]]}, "properties": {"id": "Pakistan_123102310_694789", "height": 2.624685764312744, "hmax": 0.0, "ratio": 0.0, "vulnClass": "none"}}, {"type": "Feature", "geometry": {"type": "MultiPolygon", "coordinates": [[[[72.32845295756583, 34.18725722583158], [72.328537189126, 34.18725563538408], [72.3285325217489, 34.18708379783957], [72.32844829036017, 34.187085388291976], [72.32845295756583, 34.18725722583158]]]]}, "properties": {"id": "Pakistan_123102310_159463", "height": 4.98188591003418, "hmax": 0.0, "ratio": 0.0, "vulnClass": "none"}}, {"type": "Feature", "geometry": {"type": "MultiPolygon", "coordinates": [[[[72.32875658149763, 34.187285206544175], [72.32875182122854, 34.1871988292302], [72.32865808729375, 34.187202466551945], [72.32865628050796, 34.187170333767504], [72.32854929827005, 34.18717440356737], [72.32855398403204, 34.1872596974602], [72.32844428867355, 34.187263798202444], [72.32843845687887, 34.18715981827721], [72.32830193408007, 34.18716495705956], [72.32831141635707, 34.18733545711397], [72.32840514759393, 34.18733191015331], [72.32840216026472, 34.18727874668387], [72.32845038377813, 34.18727691261346], [72.32845149013168, 34.18729685988041], [72.32875658149763, 34.187285206544175]]]]}, "properties": {"id": "Pakistan_123102310_533352", "height": 4.669613361358643, "hmax": 0.0, "ratio": 0.0, "vulnClass": "none"}}, {"type": "Feature", "geometry": {"type": "MultiPolygon", "coordinates": [[[[72.32873868236732, 34.187422746178505], [72.32873129715831, 34.18728546704551], [72.3286751485813, 34.187287489165826], [72.32867758470742, 34.18733405966995], [72.32858385914967, 34.187337426663206], [72.32858293263, 34.187318655265585], [72.32850104616183, 34.187321558938976], [72.3284997510056, 34.18729728035611], [72.32845305085863, 34.18729896733756], [72.32845486040875, 34.187331010032764], [72.32832475038451, 34.187335747658075], [72.32832807259175, 34.187398925079755], [72.32820230726487, 34.18740348679103], [72.32821176168414, 34.18758173913995], [72.32832851243779, 34.187577521901915], [72.32832530187449, 34.187517682465824], [72.32846453541842, 34.18751260273531], [72.32846021556026, 34.18743290611929], [72.32873868236732, 34.187422746178505]]]]}, "properties": {"id": "Pakistan_123102310_623293", "height": 4.221949100494385, "hmax": 0.0, "ratio": 0.0, "vulnClass": "none"}}, {"type": "Feature", "geometry": {"type": "MultiPolygon", "coordinates": [[[[72.32831579477747, 34.187354844628274], [72.32820338912971, 34.187358886094614], [72.32820549331295, 34.18739877826477], [72.32831789901387, 34.187394736799035], [72.32831579477747, 34.187354844628274]]]]}, "properties": {"id": "Pakistan_123102310_252788", "height": 3.381962776184082, "hmax": 0.0, "ratio": 0.0, "vulnClass": "none"}}, {"type": "Feature", "geometry": {"type": "MultiPolygon", "coordinates": [[[[72.32857968521343, 34.18743190312855], [72.32858076722687, 34.187462938320806], [72.3287174476427, 34.18745969582441], [72.328716365579, 34.18742866063097], [72.32857968521343, 34.18743190312855]]]]}, "properties": {"id": "Pakistan_123102310_414948", "height": 2.443768262863159, "hmax": 0.0, "ratio": 0.0, "vulnClass": "none"}}, {"type": "Feature", "geometry": {"type": "MultiPolygon", "coordinates": [[[[72.32891071086742, 34.18748193620352], [72.32875090480194, 34.18747890549405], [72.3287473543098, 34.18760864422186], [72.32890705221244, 34.18761167258585], [72.32891071086742, 34.18748193620352]]]]}, "properties": {"id": "Pakistan_123102310_481377", "height": 3.530476331710815, "hmax": 0.0, "ratio": 0.0, "vulnClass": "none"}}, {"type": "Feature", "geometry": {"type": "MultiPolygon", "coordinates": [[[[72.32868094637455, 34.18705556923219], [72.32867960938343, 34.187087633524605], [72.32872935657358, 34.187089077939206], [72.32873069638792, 34.18705692355723], [72.32868094637455, 34.18705556923219]]]]}, "properties": {"id": "Pakistan_123102310_205510", "height": 2.854492425918579, "hmax": 0.0, "ratio": 0.0, "vulnClass": "none"}}, {"type": "Feature", "geometry": {"type": "MultiPolygon", "coordinates": [[[[72.32911469546325, 34.18741534156089], [72.32911123575079, 34.18755941615245], [72.32928439029418, 34.18756228640031], [72.32928785255403, 34.18741812170179], [72.32911469546325, 34.18741534156089]]]]}, "properties": {"id": "Pakistan_123102310_723420", "height": 2.882065534591675, "hmax": 0.0, "ratio": 0.0, "vulnClass": "none"}}, {"type": "Feature", "geometry": {"type": "MultiPolygon", "coordinates": [[[[72.32991354128677, 34.1874810608154], [72.32991813270922, 34.18738361840566], [72.32985115995551, 34.187381438746485], [72.32985338751817, 34.18733487966124], [72.32956414624694, 34.18732551537127], [72.32955909327188, 34.18743070061247], [72.32966247942359, 34.18743403407535], [72.32965993310445, 34.18748725731762], [72.3297334103526, 34.18748957873957], [72.32973577719449, 34.187438605338016], [72.32983482709311, 34.18744184422013], [72.3298331288237, 34.18747849832126], [72.32991354128677, 34.1874810608154]]]]}, "properties": {"id": "Pakistan_123102310_851069", "height": 3.168092727661133, "hmax": 0.0, "ratio": 0.0, "vulnClass": "none"}}, {"type": "Feature", "geometry": {"type": "MultiPolygon", "coordinates": [[[[72.32925369670642, 34.18676757598709], [72.32910608997291, 34.18678365286445], [72.32911993684031, 34.18687085916196], [72.32926754088419, 34.18685487236337], [72.32925369670642, 34.18676757598709]]]]}, "properties": {"id": "Pakistan_123102310_813289", "height": 4.554999351501465, "hmax": 0.0, "ratio": 0.0, "vulnClass": "none"}}, {"type": "Feature", "geometry": {"type": "MultiPolygon", "coordinates": [[[[72.32939369665642, 34.18700988367997], [72.32950910642606, 34.187010323889844], [72.3295091857254, 34.1869837313427], [72.32956938820391, 34.18698387057717], [72.32956953193968, 34.18694835457445], [72.32947722416407, 34.18694805698912], [72.32947773023395, 34.18684601811792], [72.32939453437798, 34.18684573863066], [72.32939508075431, 34.18674586424086], [72.3293521263806, 34.18674574000768], [72.32935229446244, 34.18669913607673], [72.32941672456734, 34.18669936746318], [72.32941714480737, 34.18661724989002], [72.32931247060512, 34.18661695329248], [72.3293122474178, 34.18667906183691], [72.32925855520622, 34.18667888398676], [72.32925759765743, 34.186867457092774], [72.32911550312578, 34.18686697627927], [72.32911437700047, 34.1871021532858], [72.32928868571004, 34.187102794893285], [72.32928781692308, 34.187271356608115], [72.3293924890919, 34.187271743353165], [72.32939369665642, 34.18700988367997]]]]}, "properties": {"id": "Pakistan_123102310_945671", "height": 4.133118152618408, "hmax": 0.094, "ratio": 0.023, "vulnClass": "none"}}, {"type": "Feature", "geometry": {"type": "MultiPolygon", "coordinates": [[[[72.33043701033567, 34.18698067697388], [72.33043599971093, 34.18701617411262], [72.33055124151402, 34.18701850283501], [72.33055236049705, 34.18698300805319], [72.33043701033567, 34.18698067697388]]]]}, "properties": {"id": "Pakistan_123102310_320549", "height": 3.640592098236084, "hmax": 0.0, "ratio": 0.0, "vulnClass": "none"}}, {"type": "Feature", "geometry": {"type": "MultiPolygon", "coordinates": [[[[72.3307543922832, 34.186981726927904], [72.33076259356166, 34.18678005935325], [72.33056164534804, 34.18677451268644], [72.330560411321, 34.186803333856446], [72.33043457440073, 34.18679987297018], [72.33042859292009, 34.186948310118986], [72.3302383737597, 34.18694308665764], [72.33023963867382, 34.18690984881172], [72.33017688275959, 34.18690812175727], [72.33017983963606, 34.18683498425856], [72.33011936031168, 34.18683330674719], [72.33011207307229, 34.187012817217024], [72.33042823516367, 34.18702159436711], [72.3304302081717, 34.186972775965934], [72.3307543922832, 34.186981726927904]]]]}, "properties": {"id": "Pakistan_123102310_405606", "height": 4.273887634277344, "hmax": 0.0, "ratio": 0.0, "vulnClass": "none"}}, {"type": "Feature", "geometry": {"type": "MultiPolygon", "coordinates": [[[[72.33029495102701, 34.18705132672377], [72.33028895268659, 34.187183085718445], [72.33046582132532, 34.18718855934747], [72.33046839787804, 34.187130919376244], [72.33035590301938, 34.18712747842981], [72.33035921622465, 34.187053357032234], [72.33029495102701, 34.18705132672377]]]]}, "properties": {"id": "Pakistan_123102310_358341", "height": 4.062460899353027, "hmax": 0.0, "ratio": 0.0, "vulnClass": "none"}}, {"type": "Feature", "geometry": {"type": "MultiPolygon", "coordinates": [[[[72.33035952256654, 34.187122779282525], [72.3304600870076, 34.187126140775845], [72.33046182239099, 34.18709174121797], [72.33036126083083, 34.18708828963974], [72.33035952256654, 34.187122779282525]]]]}, "properties": {"id": "Pakistan_123102310_16498", "height": 4.352901458740234, "hmax": 0.0, "ratio": 0.0, "vulnClass": "none"}}, {"type": "Feature", "geometry": {"type": "MultiPolygon", "coordinates": [[[[72.33046769732309, 34.18740432939283], [72.33046594277533, 34.187322344747976], [72.33026483473851, 34.18732526819125], [72.33026658625067, 34.18740734291799], [72.33046769732309, 34.18740432939283]]]]}, "properties": {"id": "Pakistan_123102310_599705", "height": 2.993509769439697, "hmax": 0.0, "ratio": 0.0, "vulnClass": "none"}}, {"type": "Feature", "geometry": {"type": "MultiPolygon", "coordinates": [[[[72.33110829084033, 34.18666056300536], [72.3314619802993, 34.18666952324304], [72.33146506611826, 34.18658881587699], [72.33111126858914, 34.186579853304394], [72.33110829084033, 34.18666056300536]]]]}, "properties": {"id": "Pakistan_123102310_234058", "height": 3.266711950302124, "hmax": 0.0, "ratio": 0.0, "vulnClass": "none"}}, {"type": "Feature", "geometry": {"type": "MultiPolygon", "coordinates": [[[[72.33171312332227, 34.18673115235202], [72.33171078078028, 34.1868020495381], [72.33192248988001, 34.1868069269776], [72.33192483508387, 34.186735939690756], [72.33171312332227, 34.18673115235202]]]]}, "properties": {"id": "Pakistan_123102310_870087", "height": 2.678736209869385, "hmax": 0.0, "ratio": 0.0, "vulnClass": "none"}}, {"type": "Feature", "geometry": {"type": "MultiPolygon", "coordinates": [[[[72.33197417729336, 34.186127057414886], [72.3319757480056, 34.18617360907479], [72.33201319901752, 34.1861728012797], [72.33201173669016, 34.18612625197809], [72.33197417729336, 34.186127057414886]]]]}, "properties": {"id": "Pakistan_123102310_120874", "height": 2.609031200408936, "hmax": 0.0, "ratio": 0.0, "vulnClass": "none"}}, {"type": "Feature", "geometry": {"type": "MultiPolygon", "coordinates": [[[[72.33137748328197, 34.18625272314702], [72.33137439626272, 34.18621298989757], [72.33133701673698, 34.18621497100421], [72.33134010089948, 34.186254794342105], [72.33137748328197, 34.18625272314702]]]]}, "properties": {"id": "Pakistan_123102310_448135", "height": 3.662463665008545, "hmax": 0.0, "ratio": 0.0, "vulnClass": "none"}}, {"type": "Feature", "geometry": {"type": "MultiPolygon", "coordinates": [[[[72.33126742890236, 34.18613745985977], [72.33120846201504, 34.18613599611765], [72.33120316703409, 34.186286792198516], [72.33133985803966, 34.18629003776123], [72.3313410140889, 34.186256797520464], [72.33126329294495, 34.186254925621164], [72.33126742890236, 34.18613745985977]]]]}, "properties": {"id": "Pakistan_123102310_391373", "height": 3.662463665008545, "hmax": 0.0, "ratio": 0.0, "vulnClass": "none"}}, {"type": "Feature", "geometry": {"type": "MultiPolygon", "coordinates": [[[[72.33117466440926, 34.18624461260019], [72.33120694837316, 34.186239094929746], [72.33119577309647, 34.186194407673355], [72.33116348914928, 34.186199925341654], [72.33117466440926, 34.18624461260019]]]]}, "properties": {"id": "Pakistan_123102310_130857", "height": 2.715099096298218, "hmax": 0.0, "ratio": 0.0, "vulnClass": "none"}}, {"type": "Feature", "geometry": {"type": "MultiPolygon", "coordinates": [[[[72.33126553411853, 34.186190697351876], [72.33126650201932, 34.186215058956066], [72.3313374015756, 34.186213086227134], [72.33133643365434, 34.18618872462254], [72.33126553411853, 34.186190697351876]]]]}, "properties": {"id": "Pakistan_123102310_301411", "height": 3.285441637039185, "hmax": 0.0, "ratio": 0.0, "vulnClass": "none"}}, {"type": "Feature", "geometry": {"type": "MultiPolygon", "coordinates": [[[[72.33146168842914, 34.186551420207685], [72.33146816716668, 34.186514509501315], [72.3314246158434, 34.18650923444894], [72.33143241429391, 34.18646487000521], [72.33139707345484, 34.1864606751376], [72.33138290462182, 34.1865419526383], [72.33146168842914, 34.186551420207685]]]]}, "properties": {"id": "Pakistan_123102310_481407", "height": 3.194324970245361, "hmax": 0.0, "ratio": 0.0, "vulnClass": "none"}}, {"type": "Feature", "geometry": {"type": "MultiPolygon", "coordinates": [[[[72.33162219419613, 34.18643925067547], [72.33155317603743, 34.186433150996585], [72.33153955306841, 34.18653842033729], [72.33148924932675, 34.18653399000518], [72.3314687619178, 34.186691847770874], [72.3314713579881, 34.186692084571334], [72.33146792439729, 34.18671842383426], [72.3315846477251, 34.18672880717979], [72.33162219419613, 34.18643925067547]]]]}, "properties": {"id": "Pakistan_123102310_35434", "height": 2.698534965515137, "hmax": 0.0, "ratio": 0.0, "vulnClass": "none"}}, {"type": "Feature", "geometry": {"type": "MultiPolygon", "coordinates": [[[[72.33107445973776, 34.186333122536524], [72.33106745686264, 34.18647270280951], [72.33093091943314, 34.18646801787625], [72.33092101771402, 34.1866651409595], [72.33094518375577, 34.18666593745905], [72.33093987886166, 34.18677228927881], [72.33111662130709, 34.18677830010015], [72.3311224892015, 34.186660962205885], [72.33110374346258, 34.18666028372369], [72.33110798415933, 34.18657392205488], [72.33115349764405, 34.186575453623725], [72.33116315126452, 34.18638274246176], [72.33129968858732, 34.18638742713038], [72.33130202085758, 34.18634096042093], [72.33107445973776, 34.186333122536524]]]]}, "properties": {"id": "Pakistan_123102310_879521", "height": 3.253911256790161, "hmax": 0.0, "ratio": 0.0, "vulnClass": "none"}}, {"type": "Feature", "geometry": {"type": "MultiPolygon", "coordinates": [[[[72.33044613550368, 34.186791019519475], [72.33040895149888, 34.186418611180244], [72.33025436114247, 34.18642912840848], [72.33027300982009, 34.18661524367919], [72.33032627928476, 34.18661162557409], [72.33031770615293, 34.18652570615667], [72.33039641637833, 34.18652029803813], [72.33040392681373, 34.18659519600108], [72.33038533543034, 34.18659650407243], [72.33039786528178, 34.18672208553219], [72.33017260587738, 34.18673755478732], [72.33017978191012, 34.1868092902224], [72.33044613550368, 34.186791019519475]]]]}, "properties": {"id": "Pakistan_123102310_651768", "height": 2.960341453552246, "hmax": 0.0, "ratio": 0.0, "vulnClass": "none"}}, {"type": "Feature", "geometry": {"type": "MultiPolygon", "coordinates": [[[[72.33119399795032, 34.18607519055335], [72.33119604649562, 34.18613410318196], [72.33128723767618, 34.186131941091354], [72.33127786936318, 34.185868138174264], [72.33118939143455, 34.185870269171176], [72.33119200677407, 34.18594217575812], [72.33107530366858, 34.18594495442602], [72.33107638661724, 34.18597598964535], [72.3309959419253, 34.185977934755876], [72.33099956284535, 34.18607988322519], [72.33119399795032, 34.18607519055335]]]]}, "properties": {"id": "Pakistan_123102310_519373", "height": 3.049089193344116, "hmax": 0.0, "ratio": 0.0, "vulnClass": "none"}}, {"type": "Feature", "geometry": {"type": "MultiPolygon", "coordinates": [[[[72.33039193873101, 34.18585714644853], [72.3302775548952, 34.18587926697843], [72.33029805062438, 34.18595174317786], [72.33069479264618, 34.18587500866448], [72.33066023680884, 34.18575300446398], [72.33052042442309, 34.185779980649954], [72.33049416028288, 34.18568745571865], [72.33070644741952, 34.18564637120859], [72.3306844928678, 34.18556854445172], [72.33032977213539, 34.185637178884846], [72.33039193873101, 34.18585714644853]]]]}, "properties": {"id": "Pakistan_123102310_306254", "height": 3.056018352508545, "hmax": 0.0, "ratio": 0.0, "vulnClass": "none"}}, {"type": "Feature", "geometry": {"type": "MultiPolygon", "coordinates": [[[[72.33134945379275, 34.1860199764836], [72.33139770551423, 34.18602066604915], [72.33139935367011, 34.185940828891006], [72.33135110199407, 34.185940139328245], [72.33134945379275, 34.1860199764836]]]]}, "properties": {"id": "Pakistan_123102310_632875", "height": 2.606842041015625, "hmax": 0.0, "ratio": 0.0, "vulnClass": "none"}}, {"type": "Feature", "geometry": {"type": "MultiPolygon", "coordinates": [[[[72.3318570965704, 34.186324282490204], [72.33185094323514, 34.186089217286536], [72.33190988119526, 34.18608815588456], [72.33190817899147, 34.186021678177944], [72.33199392709294, 34.18602011831696], [72.33198928271406, 34.185840438135926], [72.33194097998226, 34.185841370399125], [72.33194346865459, 34.18593797537437], [72.33184165679042, 34.18593981669913], [72.33184407897848, 34.18603164226733], [72.33167779473551, 34.186034604689844], [72.33168001873685, 34.186118943480224], [72.3317872567622, 34.18611704007398], [72.33178952398575, 34.186203453258415], [72.33169302935809, 34.18620522985904], [72.3316962377152, 34.18632718268155], [72.3318570965704, 34.186324282490204]]]]}, "properties": {"id": "Pakistan_123102310_728140", "height": 2.934102058410645, "hmax": 0.0, "ratio": 0.0, "vulnClass": "none"}}, {"type": "Feature", "geometry": {"type": "MultiPolygon", "coordinates": [[[[72.33221254850383, 34.18463133375617], [72.33219957270235, 34.18453359909211], [72.3321240739023, 34.18454043054844], [72.33211328607915, 34.18445933111604], [72.33205628119651, 34.18446449146383], [72.33208004461338, 34.1846433255694], [72.33221254850383, 34.18463133375617]]]]}, "properties": {"id": "Pakistan_123102310_690042", "height": 3.633115768432617, "hmax": 0.0, "ratio": 0.0, "vulnClass": "none"}}, {"type": "Feature", "geometry": {"type": "MultiPolygon", "coordinates": [[[[72.32983749117618, 34.17966104443916], [72.32984009606324, 34.17972636988746], [72.32992314766835, 34.17972412154728], [72.32992054271702, 34.17965879609768], [72.32983749117618, 34.17966104443916]]]]}, "properties": {"id": "Pakistan_123102310_723432", "height": 3.22401237487793, "hmax": 0.085, "ratio": 0.026, "vulnClass": "none"}}, {"type": "Feature", "geometry": {"type": "MultiPolygon", "coordinates": [[[[72.32992263387366, 34.17959934251336], [72.32992371257016, 34.17956168322635], [72.32985401334957, 34.17956016555935], [72.32985293178214, 34.17959791493263], [72.32992263387366, 34.17959934251336]]]]}, "properties": {"id": "Pakistan_123102310_599699", "height": 2.516575813293457, "hmax": 0.085, "ratio": 0.034, "vulnClass": "none"}}, {"type": "Feature", "geometry": {"type": "MultiPolygon", "coordinates": [[[[72.33057462390944, 34.17703614283805], [72.33057501657947, 34.1768963283839], [72.33054019953062, 34.176896291679135], [72.33054030229414, 34.17685861112127], [72.33044637672562, 34.17685836948132], [72.3304462884149, 34.1768783809087], [72.33033370778548, 34.17687809367611], [72.33033342825229, 34.17695579708102], [72.33023961098101, 34.17695555763724], [72.3302398196175, 34.17688010644674], [72.33017278983101, 34.17687999938618], [72.33017234169667, 34.17703531845183], [72.33057462390944, 34.17703614283805]]]]}, "properties": {"id": "Pakistan_123102310_405604", "height": 3.339191198348999, "hmax": 0.0, "ratio": 0.0, "vulnClass": "none"}}, {"type": "Feature", "geometry": {"type": "MultiPolygon", "coordinates": [[[[72.32916279176139, 34.176393191762415], [72.32916399570925, 34.17643757187961], [72.32929683899958, 34.17643505605671], [72.3292955265891, 34.17639067357686], [72.32916279176139, 34.176393191762415]]]]}, "properties": {"id": "Pakistan_123102310_467094", "height": 4.440996170043945, "hmax": 0.0, "ratio": 0.0, "vulnClass": "none"}}, {"type": "Feature", "geometry": {"type": "MultiPolygon", "coordinates": [[[[72.33030059152311, 34.17633881529254], [72.33029865341345, 34.176252319031754], [72.330143142091, 34.17625479318773], [72.33014508004148, 34.17634128944344], [72.33030059152311, 34.17633881529254]]]]}, "properties": {"id": "Pakistan_123102310_311025", "height": 3.668883800506592, "hmax": 0.0, "ratio": 0.0, "vulnClass": "none"}}, {"type": "Feature", "geometry": {"type": "MultiPolygon", "coordinates": [[[[72.33013723998245, 34.17636978652422], [72.33013857973843, 34.17640299097434], [72.33020827587956, 34.17640108263798], [72.33020693609618, 34.17636787818733], [72.33013723998245, 34.17636978652422]]]]}, "properties": {"id": "Pakistan_123102310_841617", "height": 2.761804580688477, "hmax": 0.0, "ratio": 0.0, "vulnClass": "none"}}, {"type": "Feature", "geometry": {"type": "MultiPolygon", "coordinates": [[[[72.33074205369893, 34.17633535342935], [72.33031048751037, 34.176344890494434], [72.3303120665145, 34.17639459764436], [72.33024531118176, 34.176396119312294], [72.33015002374815, 34.17644254562404], [72.33015230142668, 34.17651137983101], [72.33040813875624, 34.17650568073646], [72.33040375434238, 34.17636945844578], [72.33052684222046, 34.17636672891424], [72.3305683881538, 34.17642514914255], [72.33045536566587, 34.17648020465981], [72.33042877246547, 34.1764807977033], [72.33043056649998, 34.17653745110127], [72.33025103446926, 34.176541475922406], [72.33025241836005, 34.17658360620462], [72.33032894342053, 34.17658184647321], [72.33032995523072, 34.17661513393316], [72.33026298293707, 34.176616650883], [72.33026411213307, 34.176653096156016], [72.33037601888023, 34.176650664268074], [72.33042671164898, 34.17672172439783], [72.33052374873138, 34.17671959972583], [72.33052228703168, 34.1766730503889], [72.33047800295277, 34.176673979538506], [72.3304739281115, 34.17654858201665], [72.33054230946595, 34.17654709562271], [72.330546315761, 34.17667122954954], [72.33075537080214, 34.17666658481702], [72.33075278576477, 34.1765868357413], [72.33063219627891, 34.176589439575515], [72.33062702926998, 34.176429851339094], [72.33074501709619, 34.17642719087488], [72.33074205369893, 34.17633535342935]]]]}, "properties": {"id": "Pakistan_123102310_139614", "height": 4.473232746124268, "hmax": 0.0, "ratio": 0.0, "vulnClass": "none"}}, {"type": "Feature", "geometry": {"type": "MultiPolygon", "coordinates": [[[[72.33025348592372, 34.17654973296245], [72.33015699952782, 34.17655159896354], [72.33016005044433, 34.17666128805347], [72.33025653696554, 34.17665942205593], [72.33025348592372, 34.17654973296245]]]]}, "properties": {"id": "Pakistan_123102310_912705", "height": 3.284684658050537, "hmax": 0.0, "ratio": 0.0, "vulnClass": "none"}}, {"type": "Feature", "geometry": {"type": "MultiPolygon", "coordinates": [[[[72.33059732529192, 34.1768561562475], [72.33059517011624, 34.17676965526401], [72.33037660176315, 34.17677328126241], [72.33037520443496, 34.17671780845524], [72.33031888015786, 34.17671874588522], [72.3303203925273, 34.176780892312976], [72.33036597454178, 34.17678008162792], [72.33036627568458, 34.1767911766612], [72.3301704983036, 34.17679439694015], [72.33017223402118, 34.17686321934506], [72.33059732529192, 34.1768561562475]]]]}, "properties": {"id": "Pakistan_123102310_438546", "height": 3.597612142562866, "hmax": 0.0, "ratio": 0.0, "vulnClass": "none"}}, {"type": "Feature", "geometry": {"type": "MultiPolygon", "coordinates": [[[[72.33172276843285, 34.17520042893115], [72.33153316271581, 34.175210997792725], [72.3315308133789, 34.175182278884726], [72.33147474716786, 34.17518538609541], [72.33147265207978, 34.17515892647604], [72.33150601054598, 34.175157038002745], [72.33150046579662, 34.17508858344175], [72.33140028492316, 34.1750941563863], [72.33141452936313, 34.17526863667863], [72.33172691847682, 34.17525118368512], [72.33172276843285, 34.17520042893115]]]]}, "properties": {"id": "Pakistan_123102310_112087", "height": 3.683058738708496, "hmax": 0.0, "ratio": 0.0, "vulnClass": "none"}}, {"type": "Feature", "geometry": {"type": "MultiPolygon", "coordinates": [[[[72.3313815515987, 34.175279097685745], [72.33138100764225, 34.17533768352282], [72.33142124081172, 34.17533792798115], [72.33142178474036, 34.17527934214256], [72.3313815515987, 34.175279097685745]]]]}, "properties": {"id": "Pakistan_123102310_870085", "height": 3.74859881401062, "hmax": 0.0, "ratio": 0.0, "vulnClass": "none"}}, {"type": "Feature", "geometry": {"type": "MultiPolygon", "coordinates": [[[[72.33134459099472, 34.17499936844681], [72.33126342132435, 34.17480774559782], [72.33110097408961, 34.17485487478366], [72.33108754577701, 34.174823210247375], [72.3310182531118, 34.174843338253105], [72.33108782006897, 34.1750073030569], [72.33117856755017, 34.17498097081037], [72.33120370652074, 34.17504029587133], [72.33134459099472, 34.17499936844681]]]]}, "properties": {"id": "Pakistan_123102310_329999", "height": 2.493516206741333, "hmax": 0.0, "ratio": 0.0, "vulnClass": "none"}}, {"type": "Feature", "geometry": {"type": "MultiPolygon", "coordinates": [[[[72.32940022295152, 34.1756019757453], [72.32960401564682, 34.17557837691832], [72.32958966192398, 34.1754935034527], [72.32937269723415, 34.17551861841265], [72.32938109870597, 34.17556865444215], [72.32934299685937, 34.175573053386515], [72.32936209776257, 34.17568624727212], [72.32941337188338, 34.175680332175446], [72.32940022295152, 34.1756019757453]]]]}, "properties": {"id": "Pakistan_123102310_197201", "height": 3.190925121307373, "hmax": 0.0, "ratio": 0.0, "vulnClass": "none"}}, {"type": "Feature", "geometry": {"type": "MultiPolygon", "coordinates": [[[[72.3292943017995, 34.17600291088901], [72.32931815311699, 34.17608240190613], [72.3294848611736, 34.176048169296784], [72.32942824032976, 34.17585897308253], [72.32965378871323, 34.175812769509335], [72.32965706165287, 34.17573990925418], [72.32958631813011, 34.17575441551265], [72.32959574539665, 34.175754710949256], [72.32936681143048, 34.17580165204079], [72.32935277403618, 34.17575491898167], [72.32932254118715, 34.17575399012365], [72.32932331748383, 34.17573624743909], [72.32929254268238, 34.175735306771195], [72.32928872034145, 34.1758187026176], [72.3292540792463, 34.17570300667742], [72.32922026948489, 34.17570199989461], [72.329225280493, 34.17559122427584], [72.32919179879268, 34.17559013448086], [72.32910653413286, 34.175607659763756], [72.32909824671209, 34.17579138567626], [72.32898045866786, 34.17578773841164], [72.32896161022249, 34.17572503408979], [72.32892110991598, 34.17573325711801], [72.3289168691921, 34.175826470201784], [72.32893041268102, 34.17587165999343], [72.32912134280664, 34.17587762154401], [72.32913135354373, 34.175911014847856], [72.32931203491924, 34.17587393154191], [72.32934736105051, 34.1759919862909], [72.3292943017995, 34.17600291088901]]]]}, "properties": {"id": "Pakistan_123102310_898466", "height": 4.99673318862915, "hmax": 0.0, "ratio": 0.0, "vulnClass": "none"}}, {"type": "Feature", "geometry": {"type": "MultiPolygon", "coordinates": [[[[72.33059263689852, 34.1748398440681], [72.33056813703762, 34.17464665967924], [72.33063034941831, 34.174641252602385], [72.33062617993797, 34.17460834715236], [72.3305518936377, 34.17461484366158], [72.33053017257878, 34.17444362626324], [72.33061239677819, 34.17443649119608], [72.33060658233623, 34.174390388001385], [72.33043680301657, 34.174405173080366], [72.33043888487828, 34.17442171589558], [72.33029292531143, 34.17443440493309], [72.33030970826164, 34.17456611920289], [72.3303919325892, 34.1745589842903], [72.3304029813691, 34.174645498598444], [72.33043473932568, 34.17464276421901], [72.33044438888814, 34.174718610335454], [72.33047353697653, 34.174716089584365], [72.33049040023792, 34.17484870708399], [72.33059263689852, 34.1748398440681]]]]}, "properties": {"id": "Pakistan_123102310_63278", "height": 2.862303256988525, "hmax": 0.0, "ratio": 0.0, "vulnClass": "none"}}, {"type": "Feature", "geometry": {"type": "MultiPolygon", "coordinates": [[[[72.33026443570947, 34.17295667277391], [72.33097768860226, 34.17296696912337], [72.3309786542357, 34.172922546048966], [72.33091848441269, 34.17292168727165], [72.33092051169369, 34.17282635239378], [72.33074466598579, 34.172823787251644], [72.33074366954366, 34.17287262701474], [72.33064056943022, 34.17287110414425], [72.33064377286344, 34.17272467967159], [72.33056441280011, 34.17272358332222], [72.33056231468939, 34.1728245961108], [72.33026732185476, 34.17282033825209], [72.33026443570947, 34.17295667277391]]]]}, "properties": {"id": "Pakistan_123102310_623320", "height": 3.522729396820068, "hmax": 0.0, "ratio": 0.0, "vulnClass": "none"}}, {"type": "Feature", "geometry": {"type": "MultiPolygon", "coordinates": [[[[72.32993513370742, 34.18758412182463], [72.32987083688364, 34.18758308224571], [72.32986990361, 34.187622998409424], [72.33006561277237, 34.18762617842713], [72.33006754730846, 34.187544183970076], [72.3299361379679, 34.187541953453064], [72.32993513370742, 34.18758412182463]]]]}, "properties": {"id": "Pakistan_123102310_438535", "height": 3.427748918533325, "hmax": 0.0, "ratio": 0.0, "vulnClass": "none"}}, {"type": "Feature", "geometry": {"type": "MultiPolygon", "coordinates": [[[[72.32930190029913, 34.18751272466034], [72.3292979315847, 34.187690143701886], [72.32938641180876, 34.187691439875955], [72.3293888628288, 34.18758277227538], [72.32953892957326, 34.18758504913671], [72.3295404469609, 34.187516297676524], [72.32930190029913, 34.18751272466034]]]]}, "properties": {"id": "Pakistan_123102310_120806", "height": 3.769186019897461, "hmax": 0.0, "ratio": 0.0, "vulnClass": "none"}}, {"type": "Feature", "geometry": {"type": "MultiPolygon", "coordinates": [[[[72.32875344297999, 34.18761508737482], [72.32875484827962, 34.18767714122827], [72.32889692099033, 34.18767491751823], [72.3288955184282, 34.18761277357331], [72.32875344297999, 34.18761508737482]]]]}, "properties": {"id": "Pakistan_123102310_761417", "height": 3.316283226013184, "hmax": 0.0, "ratio": 0.0, "vulnClass": "none"}}, {"type": "Feature", "geometry": {"type": "MultiPolygon", "coordinates": [[[[72.32872757467389, 34.18759946874095], [72.3284837143283, 34.187606145613515], [72.32848664969623, 34.18767814930797], [72.3287304018427, 34.18767147007763], [72.32872757467389, 34.18759946874095]]]]}, "properties": {"id": "Pakistan_123102310_121489", "height": 3.429020881652832, "hmax": 0.0, "ratio": 0.0, "vulnClass": "none"}}, {"type": "Feature", "geometry": {"type": "MultiPolygon", "coordinates": [[[[72.32847805452397, 34.18755860337035], [72.3284110565376, 34.187560659422594], [72.32840983207204, 34.18753070292746], [72.3283497835254, 34.18753254976755], [72.3283524520706, 34.18759237739307], [72.32833898969812, 34.187592715104664], [72.3283438062971, 34.18770136070807], [72.32848409863544, 34.1876971153842], [72.32847805452397, 34.18755860337035]]]]}, "properties": {"id": "Pakistan_123102310_685276", "height": 3.181919574737549, "hmax": 0.0, "ratio": 0.0, "vulnClass": "none"}}, {"type": "Feature", "geometry": {"type": "MultiPolygon", "coordinates": [[[[72.328048224609, 34.18763506012958], [72.3280390209698, 34.187579507442216], [72.3279416900412, 34.187590548270194], [72.32795089361674, 34.18764610096182], [72.328048224609, 34.18763506012958]]]]}, "properties": {"id": "Pakistan_123102310_214992", "height": 3.860685586929321, "hmax": 0.0, "ratio": 0.0, "vulnClass": "none"}}, {"type": "Feature", "geometry": {"type": "MultiPolygon", "coordinates": [[[[72.32787338778428, 34.18756174429264], [72.32787508406201, 34.18752518034746], [72.32782035277886, 34.187523536807134], [72.32781876488457, 34.187560103113036], [72.32787338778428, 34.18756174429264]]]]}, "properties": {"id": "Pakistan_123102310_187561", "height": 2.680800914764404, "hmax": 0.0, "ratio": 0.0, "vulnClass": "none"}}, {"type": "Feature", "geometry": {"type": "MultiPolygon", "coordinates": [[[[72.32784356477596, 34.187616446463515], [72.32771499192249, 34.187620585878406], [72.32771791700229, 34.187682582697406], [72.32784648710724, 34.187678533372015], [72.32784356477596, 34.187616446463515]]]]}, "properties": {"id": "Pakistan_123102310_566452", "height": 3.823366403579712, "hmax": 0.0, "ratio": 0.0, "vulnClass": "none"}}, {"type": "Feature", "geometry": {"type": "MultiPolygon", "coordinates": [[[[72.32763671468054, 34.187656923135656], [72.32762460481392, 34.18755253591877], [72.32753270808871, 34.18755981841042], [72.32753662287467, 34.18759389029588], [72.32747180758734, 34.18759896835748], [72.32747989125, 34.187669371419446], [72.32763671468054, 34.187656923135656]]]]}, "properties": {"id": "Pakistan_123102310_675785", "height": 3.854887008666992, "hmax": 0.0, "ratio": 0.0, "vulnClass": "none"}}, {"type": "Feature", "geometry": {"type": "MultiPolygon", "coordinates": [[[[72.32731546698801, 34.187561754298144], [72.32731330491872, 34.18753745681514], [72.32723330701677, 34.18754238410052], [72.32723536349974, 34.18756658913267], [72.32731546698801, 34.187561754298144]]]]}, "properties": {"id": "Pakistan_123102310_381919", "height": 4.634543895721436, "hmax": 0.0, "ratio": 0.0, "vulnClass": "none"}}, {"type": "Feature", "geometry": {"type": "MultiPolygon", "coordinates": [[[[72.32487089100384, 34.18758407902213], [72.32486004186276, 34.1875463399373], [72.3247560101841, 34.187566878068324], [72.32476685928015, 34.187604617160176], [72.32487089100384, 34.18758407902213]]]]}, "properties": {"id": "Pakistan_123102310_353592", "height": 3.233823299407959, "hmax": 0.0, "ratio": 0.0, "vulnClass": "none"}}, {"type": "Feature", "geometry": {"type": "MultiPolygon", "coordinates": [[[[72.3243511110845, 34.187640440012146], [72.32469136857704, 34.18760765782047], [72.32468464392683, 34.18755955132233], [72.32431250674722, 34.18759533395839], [72.32430764607426, 34.187560339861996], [72.3242573743096, 34.18756519269178], [72.32427260125056, 34.187673795055886], [72.32409425917031, 34.187690907932335], [72.32410719117843, 34.18778287263877], [72.32436757971895, 34.18775781400683], [72.3243511110845, 34.187640440012146]]]]}, "properties": {"id": "Pakistan_123102310_301328", "height": 4.367366790771484, "hmax": 0.0, "ratio": 0.0, "vulnClass": "none"}}, {"type": "Feature", "geometry": {"type": "MultiPolygon", "coordinates": [[[[72.32385244873845, 34.18758466244391], [72.32384685218906, 34.18754893107325], [72.32368967239863, 34.1875657840572], [72.32369526888176, 34.18760151543184], [72.32385244873845, 34.18758466244391]]]]}, "properties": {"id": "Pakistan_123102310_893603", "height": 3.362588167190552, "hmax": 0.0, "ratio": 0.0, "vulnClass": "none"}}, {"type": "Feature", "geometry": {"type": "MultiPolygon", "coordinates": [[[[72.3235465072797, 34.18761287253179], [72.3235822179434, 34.18769803236382], [72.32366356146522, 34.187674565964734], [72.32362784787883, 34.18758949624048], [72.3235465072797, 34.18761287253179]]]]}, "properties": {"id": "Pakistan_123102310_224492", "height": 3.598666191101074, "hmax": 0.0, "ratio": 0.0, "vulnClass": "none"}}, {"type": "Feature", "geometry": {"type": "MultiPolygon", "coordinates": [[[[72.32352305721994, 34.18751391693987], [72.32342091950491, 34.18753287257307], [72.3234153810647, 34.18751246794049], [72.32325453330927, 34.18754240218027], [72.32327785681122, 34.18762819316644], [72.3235408396701, 34.187579393347214], [72.32352305721994, 34.18751391693987]]]]}, "properties": {"id": "Pakistan_123102310_556881", "height": 4.561005592346191, "hmax": 0.0, "ratio": 0.0, "vulnClass": "none"}}, {"type": "Feature", "geometry": {"type": "MultiPolygon", "coordinates": [[[[72.32318541966191, 34.18766971754564], [72.32316566144293, 34.18762213778986], [72.32313205878047, 34.187631591116016], [72.32315181413402, 34.18767926096409], [72.32318541966191, 34.18766971754564]]]]}, "properties": {"id": "Pakistan_123102310_533288", "height": 3.316473484039307, "hmax": 0.0, "ratio": 0.0, "vulnClass": "none"}}, {"type": "Feature", "geometry": {"type": "MultiPolygon", "coordinates": [[[[72.32327721244297, 34.187634850192275], [72.32325778565566, 34.18759737447488], [72.32317166404704, 34.18762785813158], [72.32319109080136, 34.18766533386098], [72.32327721244297, 34.187634850192275]]]]}, "properties": {"id": "Pakistan_123102310_82140", "height": 3.222558498382568, "hmax": 0.0, "ratio": 0.0, "vulnClass": "none"}}, {"type": "Feature", "geometry": {"type": "MultiPolygon", "coordinates": [[[[72.32308244462648, 34.18755730620472], [72.32300116997132, 34.18758888721092], [72.32306991172558, 34.187710107108835], [72.32315118647776, 34.187678526061895], [72.32308244462648, 34.18755730620472]]]]}, "properties": {"id": "Pakistan_123102310_281088", "height": 3.316473484039307, "hmax": 0.0, "ratio": 0.0, "vulnClass": "none"}}, {"type": "Feature", "geometry": {"type": "MultiPolygon", "coordinates": [[[[72.32299794212804, 34.187673828090226], [72.32291186115792, 34.187552049273485], [72.32283463486331, 34.187589398002316], [72.32281480365167, 34.18756128897816], [72.32280081385072, 34.18756801520602], [72.32275636986016, 34.187505201946024], [72.32267164942117, 34.18754626338068], [72.32264943032114, 34.18751476664371], [72.32262023544976, 34.18752891372192], [72.32269697239725, 34.187637416966204], [72.32253105995055, 34.187717723585685], [72.32258370907995, 34.18779207498284], [72.3227435595677, 34.18771479117666], [72.32278686244415, 34.187775956827984], [72.32299794212804, 34.187673828090226]]]]}, "properties": {"id": "Pakistan_123102310_467020", "height": 2.886105060577393, "hmax": 0.0, "ratio": 0.0, "vulnClass": "none"}}, {"type": "Feature", "geometry": {"type": "MultiPolygon", "coordinates": [[[[72.32257240511522, 34.18758349175664], [72.32258941546958, 34.18762533215299], [72.32265541131986, 34.18760694028153], [72.32263840093533, 34.18756509989287], [72.32257240511522, 34.18758349175664]]]]}, "properties": {"id": "Pakistan_123102310_63124", "height": 2.498634815216064, "hmax": 0.0, "ratio": 0.0, "vulnClass": "none"}}, {"type": "Feature", "geometry": {"type": "MultiPolygon", "coordinates": [[[[72.32255068028549, 34.18756724112655], [72.32251377175709, 34.18752685935532], [72.32247791594995, 34.187549244882106], [72.32256305922084, 34.187642335848295], [72.32259382294781, 34.18762317464988], [72.32255890288403, 34.187585090059635], [72.32254705840248, 34.1875925843038], [72.32253363529958, 34.18757795735248], [72.32255068028549, 34.18756724112655]]]]}, "properties": {"id": "Pakistan_123102310_921981", "height": 2.594091892242432, "hmax": 0.0, "ratio": 0.0, "vulnClass": "none"}}]}