{"type": "FeatureCollection", "features": [{"type": "Feature", "geometry": {"type": "MultiPolygon", "coordinates": [[[[72.06255309336224, 34.24230838491376], [72.0625232689451, 34.24230766975335], [72.06252185978413, 34.24234819979804], [72.06255168421553, 34.24234891495952], [72.06255309336224, 34.24230838491376]]]]}, "properties": {"id": "8J6J63R7+W2M2", "height": 3.620921611785889, "hmax": 0.0, "ratio": 0.0, "vulnClass": "none"}}, {"type": "Feature", "geometry": {"type": "MultiPolygon", "coordinates": [[[[72.06263147326642, 34.24266082603642], [72.06262291473797, 34.24260103704994], [72.06253273377423, 34.242609871925175], [72.06254129223875, 34.24266966091463], [72.06263147326642, 34.24266082603642]]]]}, "properties": {"id": "8J6J63V7+324G", "height": 2.835022449493408, "hmax": 0.0, "ratio": 0.0, "vulnClass": "none"}}, {"type": "Feature", "geometry": {"type": "MultiPolygon", "coordinates": [[[[72.061915586977, 34.24731552783311], [72.06182826738991, 34.24733245329159], [72.06186844275935, 34.24747566068141], [72.06215017702554, 34.247421211814554], [72.06212883575168, 34.24734507100511], [72.06193441825535, 34.24738268443416], [72.061915586977, 34.24731552783311]]]]}, "properties": {"id": "8J6J63W6+XQ5R", "height": 3.294973611831665, "hmax": 0.0, "ratio": 0.0, "vulnClass": "none"}}, {"type": "Feature", "geometry": {"type": "MultiPolygon", "coordinates": [[[[72.06212112663312, 34.247276468490675], [72.06207293608124, 34.24728567898179], [72.06209029095982, 34.24734847334582], [72.06213847841423, 34.2473393529164], [72.06212112663312, 34.247276468490675]]]]}, "properties": {"id": "8J6J63W6+WRHF", "height": 2.689176797866821, "hmax": 0.0, "ratio": 0.0, "vulnClass": "none"}}, {"type": "Feature", "geometry": {"type": "MultiPolygon", "coordinates": [[[[72.06234730897441, 34.247049597638735], [72.06234194313447, 34.24700412762915], [72.06228577498865, 34.247008639799354], [72.06229103233976, 34.24705410720871], [72.06234730897441, 34.247049597638735]]]]}, "properties": {"id": "8J6J63W6+RW82", "height": 3.53738260269165, "hmax": 0.0, "ratio": 0.0, "vulnClass": "none"}}, {"type": "Feature", "geometry": {"type": "MultiPolygon", "coordinates": [[[[72.06215883047228, 34.247010102360335], [72.06211529557015, 34.24701653999489], [72.06212903998525, 34.247080149179155], [72.06229565846765, 34.24705529985677], [72.06228742027805, 34.24701751315392], [72.06216444837571, 34.247035837367704], [72.06215883047228, 34.247010102360335]]]]}, "properties": {"id": "8J6J63W6+RV8V", "height": 4.163577556610107, "hmax": 0.0, "ratio": 0.0, "vulnClass": "none"}}, {"type": "Feature", "geometry": {"type": "MultiPolygon", "coordinates": [[[[72.06222578491416, 34.24693265379924], [72.06219004143587, 34.24693666421188], [72.0621947842398, 34.24696571347679], [72.06223052773036, 34.24696170306341], [72.06222578491416, 34.24693265379924]]]]}, "properties": {"id": "8J6J63W6+QVGW", "height": 3.779611349105835, "hmax": 0.0, "ratio": 0.0, "vulnClass": "none"}}, {"type": "Feature", "geometry": {"type": "MultiPolygon", "coordinates": [[[[72.06207730142596, 34.24670761422831], [72.06206709780808, 34.246663921156724], [72.06202190801982, 34.2466711303479], [72.06203200002405, 34.246714910887384], [72.06207730142596, 34.24670761422831]]]]}, "properties": {"id": "8J6J63W6+MRFG", "height": 3.363492965698242, "hmax": 0.0, "ratio": 0.0, "vulnClass": "none"}}, {"type": "Feature", "geometry": {"type": "MultiPolygon", "coordinates": [[[[72.06211556325563, 34.246656159519176], [72.06206709780808, 34.246663921156724], [72.06209183944299, 34.24677025089114], [72.06214019649266, 34.24676248664573], [72.06211556325563, 34.246656159519176]]]]}, "properties": {"id": "8J6J63W6+MRQF", "height": 2.942867755889893, "hmax": 0.0, "ratio": 0.0, "vulnClass": "none"}}, {"type": "Feature", "geometry": {"type": "MultiPolygon", "coordinates": [[[[72.06218677550905, 34.24667787892558], [72.06217941837025, 34.246645972563556], [72.06211556325563, 34.246656159519176], [72.0621229203706, 34.24668806588378], [72.06218677550905, 34.24667787892558]]]]}, "properties": {"id": "8J6J63W6+MV6Q", "height": 2.624701976776123, "hmax": 0.0, "ratio": 0.0, "vulnClass": "none"}}, {"type": "Feature", "geometry": {"type": "MultiPolygon", "coordinates": [[[[72.06210881836606, 34.246843853252265], [72.06209183944299, 34.24677025089114], [72.06189197454765, 34.24680223499125], [72.06190906175688, 34.24687583997252], [72.06210881836606, 34.246843853252265]]]]}, "properties": {"id": "8J6J63W6+PRCR", "height": 3.943767309188843, "hmax": 0.0, "ratio": 0.0, "vulnClass": "none"}}, {"type": "Feature", "geometry": {"type": "MultiPolygon", "coordinates": [[[[72.06191245743082, 34.246687705363655], [72.0618568211944, 34.246695655488175], [72.06187941101537, 34.246804547756355], [72.06193515578113, 34.24679660022672], [72.06191245743082, 34.246687705363655]]]]}, "properties": {"id": "8J6J63W6+MQRW", "height": 3.965541839599609, "hmax": 0.0, "ratio": 0.0, "vulnClass": "none"}}, {"type": "Feature", "geometry": {"type": "MultiPolygon", "coordinates": [[[[72.06180361056154, 34.24679614924169], [72.06167873560379, 34.24681614001928], [72.06170035505195, 34.246909234224816], [72.06190906175688, 34.24687583997252], [72.06189197454765, 34.24680223499125], [72.06180814300858, 34.24681563844315], [72.06180361056154, 34.24679614924169]]]]}, "properties": {"id": "8J6J63W6+PPV2", "height": 3.508418560028076, "hmax": 0.0, "ratio": 0.0, "vulnClass": "none"}}, {"type": "Feature", "geometry": {"type": "MultiPolygon", "coordinates": [[[[72.06170085348283, 34.246910508165826], [72.0616796177401, 34.246818865433006], [72.0614838990972, 34.246850227181795], [72.06150524308843, 34.24694187253936], [72.06170085348283, 34.246910508165826]]]]}, "properties": {"id": "8J6J63W6+QJ49", "height": 4.646884918212891, "hmax": 0.0, "ratio": 0.0, "vulnClass": "none"}}, {"type": "Feature", "geometry": {"type": "MultiPolygon", "coordinates": [[[[72.06198803088503, 34.246184543675135], [72.06193786797662, 34.24619118285426], [72.06195081732747, 34.24625891951026], [72.06200097714346, 34.2462523703946], [72.06198803088503, 34.246184543675135]]]]}, "properties": {"id": "8J6J63W6+FQQR", "height": 3.319568157196045, "hmax": 0.0, "ratio": 0.0, "vulnClass": "none"}}, {"type": "Feature", "geometry": {"type": "MultiPolygon", "coordinates": [[[[72.06207865072906, 34.246172564876936], [72.06198803088503, 34.246184543675135], [72.06199601946648, 34.2462263807901], [72.0620866393552, 34.24621440198831], [72.06207865072906, 34.246172564876936]]]]}, "properties": {"id": "8J6J63W6+FRFR", "height": 3.319568157196045, "hmax": 0.0, "ratio": 0.0, "vulnClass": "none"}}, {"type": "Feature", "geometry": {"type": "MultiPolygon", "coordinates": [[[[72.06195945139669, 34.246372705261955], [72.06194971538694, 34.246321812053594], [72.06187556330237, 34.2463315716318], [72.06188529926763, 34.24638246484372], [72.06195945139669, 34.246372705261955]]]]}, "properties": {"id": "8J6J63W6+GQV3", "height": 3.082704067230225, "hmax": 0.0, "ratio": 0.0, "vulnClass": "none"}}, {"type": "Feature", "geometry": {"type": "MultiPolygon", "coordinates": [[[[72.06189947945688, 34.24663015404194], [72.06185885542905, 34.246428073306234], [72.06172458594158, 34.246446666966946], [72.06176520965016, 34.24664874773046], [72.06189947945688, 34.24663015404194]]]]}, "properties": {"id": "8J6J63W6+JP7H", "height": 3.564461231231689, "hmax": 0.0, "ratio": 0.0, "vulnClass": "none"}}, {"type": "Feature", "geometry": {"type": "MultiPolygon", "coordinates": [[[[72.06201914067698, 34.24661337322582], [72.06200331849021, 34.24653772533645], [72.06191069588134, 34.246551098298305], [72.06192640952789, 34.24662674359393], [72.06201914067698, 34.24661337322582]]]]}, "properties": {"id": "8J6J63W6+JQP9", "height": 3.029418468475342, "hmax": 0.0, "ratio": 0.0, "vulnClass": "none"}}, {"type": "Feature", "geometry": {"type": "MultiPolygon", "coordinates": [[[[72.06214791153832, 34.24659059098955], [72.06213247530145, 34.24651008471293], [72.06200216032045, 34.2465273312516], [72.06201759643369, 34.24660783753817], [72.06214791153832, 34.24659059098955]]]]}, "properties": {"id": "8J6J63W6+JRG7", "height": 2.729663610458374, "hmax": 0.0, "ratio": 0.0, "vulnClass": "none"}}, {"type": "Feature", "geometry": {"type": "MultiPolygon", "coordinates": [[[[72.0620464409033, 34.246490083040534], [72.06203624085572, 34.246436925163366], [72.0619861862558, 34.246443566955776], [72.06199628094679, 34.246496632167464], [72.0620464409033, 34.246490083040534]]]]}, "properties": {"id": "8J6J63W6+HRJP", "height": 2.698774576187134, "hmax": 0.0, "ratio": 0.0, "vulnClass": "none"}}, {"type": "Feature", "geometry": {"type": "MultiPolygon", "coordinates": [[[[72.06226267864936, 34.24649292549827], [72.0622467043275, 34.24640916122298], [72.06212696942694, 34.246424948944814], [72.06213716953137, 34.2464781068174], [72.06217337483704, 34.24647329621464], [72.06217925427477, 34.24650399529362], [72.06226267864936, 34.24649292549827]]]]}, "properties": {"id": "8J6J63W6+HVP3", "height": 2.497980356216431, "hmax": 0.0, "ratio": 0.0, "vulnClass": "none"}}, {"type": "Feature", "geometry": {"type": "MultiPolygon", "coordinates": [[[[72.06222337159274, 34.24658068233723], [72.06220793528426, 34.246500176066384], [72.06214294363059, 34.24650871322954], [72.06215837987739, 34.24658921950536], [72.06222337159274, 34.24658068233723]]]]}, "properties": {"id": "8J6J63W6+JV7Q", "height": 2.558189392089844, "hmax": 0.0, "ratio": 0.0, "vulnClass": "none"}}, {"type": "Feature", "geometry": {"type": "MultiPolygon", "coordinates": [[[[72.06199765450663, 34.245988986506816], [72.0619439960288, 34.245996262986196], [72.06197404347354, 34.24614977402238], [72.06202770204837, 34.24614249753491], [72.06199765450663, 34.245988986506816]]]]}, "properties": {"id": "8J6J63W6+CQHP", "height": 3.895883321762085, "hmax": 0.0, "ratio": 0.0, "vulnClass": "none"}}, {"type": "Feature", "geometry": {"type": "MultiPolygon", "coordinates": [[[[72.06203591331244, 34.24590327785299], [72.06202083515531, 34.24579375448972], [72.06191356348229, 34.2458038915903], [72.06192853304304, 34.245913412358135], [72.06203591331244, 34.24590327785299]]]]}, "properties": {"id": "8J6J63W6+8QX2", "height": 2.588898658752441, "hmax": 0.0, "ratio": 0.0, "vulnClass": "none"}}, {"type": "Feature", "geometry": {"type": "MultiPolygon", "coordinates": [[[[72.06214400728675, 34.24578210566411], [72.06207942613152, 34.24578821882586], [72.06209450436478, 34.24589774218587], [72.06215908560392, 34.24589162902056], [72.06214400728675, 34.24578210566411]]]]}, "properties": {"id": "8J6J63W6+8RQH", "height": 3.118376731872559, "hmax": 0.0, "ratio": 0.0, "vulnClass": "none"}}, {"type": "Feature", "geometry": {"type": "MultiPolygon", "coordinates": [[[[72.0622288783772, 34.245485952018946], [72.06214527450716, 34.2454990907769], [72.06220064011224, 34.245742359232906], [72.0624999141041, 34.24569527095303], [72.06248474824861, 34.245628833315074], [72.06226907853255, 34.245662782793744], [72.0622288783772, 34.245485952018946]]]]}, "properties": {"id": "8J6J63W6+7W3J", "height": 3.217092275619507, "hmax": 0.0, "ratio": 0.0, "vulnClass": "none"}}, {"type": "Feature", "geometry": {"type": "MultiPolygon", "coordinates": [[[[72.0623082801854, 34.24532208545457], [72.06229226130282, 34.24523336230972], [72.06224865333095, 34.24523880670665], [72.06226467216787, 34.245327529854826], [72.0623082801854, 34.24532208545457]]]]}, "properties": {"id": "8J6J63W6+4W69", "height": 2.480404853820801, "hmax": 0.0, "ratio": 0.0, "vulnClass": "none"}}, {"type": "Feature", "geometry": {"type": "MultiPolygon", "coordinates": [[[[72.06225939963657, 34.24529810731746], [72.06221797328303, 34.245303243455325], [72.06224920709177, 34.24547571267672], [72.06233424475288, 34.24546504206032], [72.0623082801854, 34.24532208545457], [72.06226467216787, 34.245327529854826], [72.06225939963657, 34.24529810731746]]]]}, "properties": {"id": "8J6J63W6+5W2Q", "height": 3.587706089019775, "hmax": 0.0, "ratio": 0.0, "vulnClass": "none"}}, {"type": "Feature", "geometry": {"type": "MultiPolygon", "coordinates": [[[[72.06253104517938, 34.243442020980495], [72.0624833877774, 34.243448450087556], [72.06251474106108, 34.24360812199905], [72.06256229009857, 34.24360169028384], [72.06253104517938, 34.243442020980495]]]]}, "properties": {"id": "8J6J63V7+C264", "height": 2.713272094726562, "hmax": 0.0, "ratio": 0.0, "vulnClass": "none"}}, {"type": "Feature", "geometry": {"type": "MultiPolygon", "coordinates": [[[[72.0625764111736, 34.243414083149545], [72.06256965699599, 34.243377323601074], [72.06248123435456, 34.24338863440696], [72.0624923925814, 34.24344857587918], [72.06253850970762, 34.24344274082663], [72.06253421719289, 34.243419471440674], [72.0625764111736, 34.243414083149545]]]]}, "properties": {"id": "8J6J63V7+9269", "height": 2.471149444580078, "hmax": 0.0, "ratio": 0.0, "vulnClass": "none"}}, {"type": "Feature", "geometry": {"type": "MultiPolygon", "coordinates": [[[[72.06222930605126, 34.24350716896259], [72.06220606436459, 34.24337644677067], [72.06211296878693, 34.24338791566731], [72.06213631878384, 34.24351864047039], [72.06222930605126, 34.24350716896259]]]]}, "properties": {"id": "8J6J63V6+9VFV", "height": 3.240134239196777, "hmax": 0.0, "ratio": 0.0, "vulnClass": "none"}}, {"type": "Feature", "geometry": {"type": "MultiPolygon", "coordinates": [[[[72.06230696348909, 34.24336219026085], [72.06229182614165, 34.243269972713975], [72.06219680357914, 34.24328067433184], [72.06221194082292, 34.24337289188504], [72.06230696348909, 34.24336219026085]]]]}, "properties": {"id": "8J6J63V6+8WCR", "height": 2.717365264892578, "hmax": 0.0, "ratio": 0.0, "vulnClass": "none"}}, {"type": "Feature", "geometry": {"type": "MultiPolygon", "coordinates": [[[[72.06214604494559, 34.24328576694936], [72.06210214081125, 34.24329039294385], [72.06211617775392, 34.24338303482667], [72.0622122661842, 34.24337289968786], [72.06220210849823, 34.24330604126905], [72.06215003587744, 34.24331146294297], [72.06214604494559, 34.24328576694936]]]]}, "properties": {"id": "8J6J63V6+8VJH", "height": 3.240134239196777, "hmax": 0.0, "ratio": 0.0, "vulnClass": "none"}}, {"type": "Feature", "geometry": {"type": "MultiPolygon", "coordinates": [[[[72.06229449932275, 34.24323055469491], [72.06228683183234, 34.24319197039459], [72.06222695573189, 34.24320017964574], [72.0622346231951, 34.2432387639484], [72.06229449932275, 34.24323055469491]]]]}, "properties": {"id": "8J6J63V6+7WJM", "height": 2.885903835296631, "hmax": 0.0, "ratio": 0.0, "vulnClass": "none"}}, {"type": "Feature", "geometry": {"type": "MultiPolygon", "coordinates": [[[[72.06253850121706, 34.24299031869411], [72.06248076928973, 34.242999300624945], [72.06252130905341, 34.24317884375057], [72.06257904423362, 34.24316977174023], [72.06253850121706, 34.24299031869411]]]]}, "properties": {"id": "8J6J63V7+62J9", "height": 2.71060037612915, "hmax": 0.0, "ratio": 0.0, "vulnClass": "none"}}, {"type": "Feature", "geometry": {"type": "MultiPolygon", "coordinates": [[[[72.06247788839154, 34.24310713133232], [72.06246660641818, 34.24303826284765], [72.06233932848106, 34.2430526080515], [72.06236338518997, 34.24320047672121], [72.06241350870263, 34.24319491807191], [72.06240063162646, 34.24311573516172], [72.06247788839154, 34.24310713133232]]]]}, "properties": {"id": "8J6J63V6+6XR5", "height": 2.493685722351074, "hmax": 0.0, "ratio": 0.0, "vulnClass": "none"}}, {"type": "Feature", "geometry": {"type": "MultiPolygon", "coordinates": [[[[72.06221843969921, 34.24312669010098], [72.06221172953902, 34.24308866960631], [72.06203459075128, 34.24311038219269], [72.06205928549859, 34.24324925202599], [72.06214104224611, 34.24323922392704], [72.06212305748213, 34.24313837460088], [72.06221843969921, 34.24312669010098]]]]}, "properties": {"id": "8J6J63V6+7R97", "height": 2.559393405914307, "hmax": 0.055, "ratio": 0.022, "vulnClass": "none"}}, {"type": "Feature", "geometry": {"type": "MultiPolygon", "coordinates": [[[[72.06187486318159, 34.243074641070294], [72.0618602740798, 34.243001005847624], [72.06181457532105, 34.24300730139361], [72.0618713792842, 34.2432934218666], [72.06195917307707, 34.243281465426335], [72.06191696108873, 34.24306889013145], [72.06187486318159, 34.243074641070294]]]]}, "properties": {"id": "8J6J63V6+7Q67", "height": 2.977002143859863, "hmax": 0.0, "ratio": 0.0, "vulnClass": "none"}}, {"type": "Feature", "geometry": {"type": "MultiPolygon", "coordinates": [[[[72.06194291544284, 34.242978018668495], [72.06192615996092, 34.24288864681421], [72.0618858161881, 34.24289389898001], [72.06188938809537, 34.242912914435024], [72.06179932656451, 34.24292454601832], [72.06181251315425, 34.242994812359974], [72.06194291544284, 34.242978018668495]]]]}, "properties": {"id": "8J6J63V6+5PHX", "height": 2.616136789321899, "hmax": 0.0, "ratio": 0.0, "vulnClass": "none"}}, {"type": "Feature", "geometry": {"type": "MultiPolygon", "coordinates": [[[[72.06267836662813, 34.242888657221265], [72.06267261951932, 34.24286039515797], [72.06246721852578, 34.24288954347768], [72.06248791813809, 34.24299036772551], [72.06253864328609, 34.24298311075288], [72.06252368753955, 34.2429106386451], [72.06267836662813, 34.242888657221265]]]]}, "properties": {"id": "8J6J63V7+527F", "height": 4.016252040863037, "hmax": 0.0, "ratio": 0.0, "vulnClass": "none"}}, {"type": "Feature", "geometry": {"type": "MultiPolygon", "coordinates": [[[[72.0623957125667, 34.2425610645601], [72.06238212187847, 34.2424930421219], [72.06233675504318, 34.24249916554832], [72.06235034256339, 34.2425672780564], [72.0623957125667, 34.2425610645601]]]]}, "properties": {"id": "8J6J63V6+2W98", "height": 4.080420970916748, "hmax": 0.0, "ratio": 0.0, "vulnClass": "none"}}, {"type": "Feature", "geometry": {"type": "MultiPolygon", "coordinates": [[[[72.06269698363116, 34.24247805675043], [72.06268552676583, 34.242395482521864], [72.06243809857996, 34.24241902586228], [72.06244944675029, 34.24250159750068], [72.06269698363116, 34.24247805675043]]]]}, "properties": {"id": "8J6J63R7+X2GR", "height": 3.642060279846191, "hmax": 0.0, "ratio": 0.0, "vulnClass": "none"}}, {"type": "Feature", "geometry": {"type": "MultiPolygon", "coordinates": [[[[72.0623692892211, 34.24242819282492], [72.06232391928874, 34.242434406315134], [72.06233675504318, 34.24249916554832], [72.06238212187847, 34.2424930421219], [72.0623692892211, 34.24242819282492]]]]}, "properties": {"id": "8J6J63R6+XWQF", "height": 4.080420970916748, "hmax": 0.0, "ratio": 0.0, "vulnClass": "none"}}, {"type": "Feature", "geometry": {"type": "MultiPolygon", "coordinates": [[[[72.06255074071296, 34.24240414929323], [72.0625447500416, 34.2423641629427], [72.06239660328197, 34.242379359948785], [72.06240259075155, 34.24241943636964], [72.06255074071296, 34.24240414929323]]]]}, "properties": {"id": "8J6J63R6+XX5J", "height": 3.856400966644287, "hmax": 0.0, "ratio": 0.0, "vulnClass": "none"}}, {"type": "Feature", "geometry": {"type": "MultiPolygon", "coordinates": [[[[72.06236827842503, 34.24226059488424], [72.06229161051523, 34.24227101562482], [72.06232391928874, 34.242434406315134], [72.062400587346, 34.242423985562034], [72.06236827842503, 34.24226059488424]]]]}, "properties": {"id": "8J6J63R6+WWQR", "height": 3.715871810913086, "hmax": 0.0, "ratio": 0.0, "vulnClass": "none"}}, {"type": "Feature", "geometry": {"type": "MultiPolygon", "coordinates": [[[[72.06208423368956, 34.242300837091236], [72.06201497727074, 34.242304133914665], [72.0620172763765, 34.242337902103316], [72.06208652969119, 34.24233469534677], [72.06208423368956, 34.242300837091236]]]]}, "properties": {"id": "8J6J63R6+WRFP", "height": 3.145645380020142, "hmax": 0.0, "ratio": 0.0, "vulnClass": "none"}}, {"type": "Feature", "geometry": {"type": "MultiPolygon", "coordinates": [[[[72.06204562110754, 34.24281191669693], [72.06200597357618, 34.242619234129236], [72.06189634584766, 34.24263481347643], [72.06193599313073, 34.24282749606661], [72.06204562110754, 34.24281191669693]]]]}, "properties": {"id": "8J6J63V6+3QQR", "height": 2.693541049957275, "hmax": 0.0, "ratio": 0.0, "vulnClass": "none"}}, {"type": "Feature", "geometry": {"type": "MultiPolygon", "coordinates": [[[[72.0617065198151, 34.242637471815904], [72.06169799835587, 34.24257975693397], [72.06160126948552, 34.24258960590514], [72.0616097908786, 34.24264732079035], [72.0617065198151, 34.242637471815904]]]]}, "properties": {"id": "8J6J63V6+2MRH", "height": 2.522943496704102, "hmax": 0.0, "ratio": 0.0, "vulnClass": "none"}}, {"type": "Feature", "geometry": {"type": "MultiPolygon", "coordinates": [[[[72.06144242778385, 34.24274687913403], [72.06142489220646, 34.24264874475503], [72.06133190896293, 34.24266012562976], [72.06134933597971, 34.24275825741478], [72.06144242778385, 34.24274687913403]]]]}, "properties": {"id": "8J6J63V6+3HJ3", "height": 2.552271366119385, "hmax": 0.0, "ratio": 0.0, "vulnClass": "none"}}, {"type": "Feature", "geometry": {"type": "MultiPolygon", "coordinates": [[[[72.06132869482006, 34.24242486852229], [72.06127749660429, 34.242430130530884], [72.06129121973615, 34.24252240439348], [72.06134230642257, 34.24251722984709], [72.06132869482006, 34.24242486852229]]]]}, "properties": {"id": "8J6J63R6+XGMX", "height": 2.692888498306274, "hmax": 0.0, "ratio": 0.0, "vulnClass": "none"}}, {"type": "Feature", "geometry": {"type": "MultiPolygon", "coordinates": [[[[72.06083092527939, 34.24247142857118], [72.06078757319774, 34.24247579692348], [72.06080945680979, 34.242626768652045], [72.06085270051635, 34.242622397693935], [72.06083092527939, 34.24247142857118]]]]}, "properties": {"id": "8J6J63V6+288R", "height": 3.288948059082031, "hmax": 0.0, "ratio": 0.0, "vulnClass": "none"}}, {"type": "Feature", "geometry": {"type": "MultiPolygon", "coordinates": [[[[72.06078512958067, 34.2425772379619], [72.06076822862805, 34.242482724407836], [72.06072277207421, 34.2424883042283], [72.06073967297611, 34.24258281778601], [72.06078512958067, 34.2425772379619]]]]}, "properties": {"id": "8J6J63V6+2866", "height": 2.777048349380493, "hmax": 0.0, "ratio": 0.0, "vulnClass": "none"}}, {"type": "Feature", "geometry": {"type": "MultiPolygon", "coordinates": [[[[72.06091583485976, 34.24265780577284], [72.06090988255858, 34.24261673858341], [72.06076763238468, 34.242630903223], [72.06077358461663, 34.24267197041575], [72.06091583485976, 34.24265780577284]]]]}, "properties": {"id": "8J6J63V6+384Q", "height": 3.046530246734619, "hmax": 0.0, "ratio": 0.0, "vulnClass": "none"}}, {"type": "Feature", "geometry": {"type": "MultiPolygon", "coordinates": [[[[72.06080061809205, 34.24256571086584], [72.06075879056384, 34.24256993550199], [72.06076763238468, 34.242630903223], [72.06080945680979, 34.242626768652045], [72.06080061809205, 34.24256571086584]]]]}, "properties": {"id": "8J6J63V6+28MR", "height": 3.288948059082031, "hmax": 0.0, "ratio": 0.0, "vulnClass": "none"}}, {"type": "Feature", "geometry": {"type": "MultiPolygon", "coordinates": [[[[72.06092384744726, 34.2430390274138], [72.0608981494232, 34.242879130290284], [72.06080062652332, 34.24288995112392], [72.06084301429813, 34.24315355120314], [72.06097486323236, 34.243138866528525], [72.06095817000205, 34.243035253659784], [72.06092384744726, 34.2430390274138]]]]}, "properties": {"id": "8J6J63V6+6962", "height": 3.441490173339844, "hmax": 0.061, "ratio": 0.018, "vulnClass": "none"}}, {"type": "Feature", "geometry": {"type": "MultiPolygon", "coordinates": [[[[72.05411262634496, 34.24262816150985], [72.05408644544303, 34.24262879389034], [72.05408713614705, 34.2426494529272], [72.05411331705541, 34.242648820546904], [72.05411262634496, 34.24262816150985]]]]}, "properties": {"id": "8J6J63V3+3J5C", "height": 3.325277328491211, "hmax": 0.0, "ratio": 0.0, "vulnClass": "none"}}, {"type": "Feature", "geometry": {"type": "MultiPolygon", "coordinates": [[[[72.05174445510755, 34.243874905619705], [72.05174023146745, 34.243824865564974], [72.05168410925486, 34.24382811202987], [72.0516882244082, 34.24387814947452], [72.05174445510755, 34.243874905619705]]]]}, "properties": {"id": "8J6J63V2+GMW5", "height": 2.529008865356445, "hmax": 0.0, "ratio": 0.0, "vulnClass": "none"}}, {"type": "Feature", "geometry": {"type": "MultiPolygon", "coordinates": [[[[72.04900535017626, 34.24251343789565], [72.04888503837891, 34.24250855644246], [72.04887891662959, 34.24261234205244], [72.04899922857359, 34.24261722351926], [72.04900535017626, 34.24251343789565]]]]}, "properties": {"id": "8J6J62VX+2HGC", "height": 2.668299674987793, "hmax": 0.0, "ratio": 0.0, "vulnClass": "none"}}, {"type": "Feature", "geometry": {"type": "MultiPolygon", "coordinates": [[[[72.04882869135021, 34.24221063362709], [72.04879627246694, 34.242206517382535], [72.04877870221435, 34.24230245529632], [72.04888644413226, 34.2423160481748], [72.04890133560164, 34.242234648624084], [72.04882601267185, 34.2422251720094], [72.04882869135021, 34.24221063362709]]]]}, "properties": {"id": "8J6J62RX+WG4Q", "height": 2.559141397476196, "hmax": 0.0, "ratio": 0.0, "vulnClass": "none"}}, {"type": "Feature", "geometry": {"type": "MultiPolygon", "coordinates": [[[[72.04827204018625, 34.24399211802299], [72.04824056504536, 34.24399514552561], [72.04824371411037, 34.24401685534583], [72.04827518925937, 34.24401382784282], [72.04827204018625, 34.24399211802299]]]]}, "properties": {"id": "8J6J62VX+J823", "height": 4.063323497772217, "hmax": 0.0, "ratio": 0.0, "vulnClass": "none"}}, {"type": "Feature", "geometry": {"type": "MultiPolygon", "coordinates": [[[[72.04840608502582, 34.2439550547132], [72.04839859887498, 34.243902141604124], [72.04832257765041, 34.24390950425993], [72.04834136203978, 34.24404291547045], [72.04843274137502, 34.24403402989039], [72.0484213345484, 34.24395352918179], [72.04840608502582, 34.2439550547132]]]]}, "properties": {"id": "8J6J62VX+H9JR", "height": 3.63989782333374, "hmax": 0.0, "ratio": 0.0, "vulnClass": "none"}}, {"type": "Feature", "geometry": {"type": "MultiPolygon", "coordinates": [[[[72.04841263553489, 34.24656669913953], [72.0483490708164, 34.246559218139865], [72.04832793910359, 34.24668247306151], [72.04839139545471, 34.24668995146336], [72.04841263553489, 34.24656669913953]]]]}, "properties": {"id": "8J6J62WX+J8XX", "height": 4.199599266052246, "hmax": 0.0, "ratio": 0.0, "vulnClass": "none"}}, {"type": "Feature", "geometry": {"type": "MultiPolygon", "coordinates": [[[[72.04834962568711, 34.24655887094473], [72.04817937637974, 34.24653845283186], [72.04815790017531, 34.246662240264364], [72.04832814972269, 34.246682658419495], [72.04834962568711, 34.24655887094473]]]]}, "properties": {"id": "8J6J62WX+J8RC", "height": 4.39323091506958, "hmax": 0.0, "ratio": 0.0, "vulnClass": "none"}}, {"type": "Feature", "geometry": {"type": "MultiPolygon", "coordinates": [[[[72.04912077795753, 34.24713912165641], [72.0489763415307, 34.24712239126334], [72.04896496398663, 34.24719017391694], [72.04899155954399, 34.2471932484621], [72.0489654102013, 34.247348292679], [72.0489388177434, 34.24734512806014], [72.04892401441728, 34.24743329026941], [72.04906844821012, 34.24745011081627], [72.04910023348876, 34.24726112889784], [72.04928564344266, 34.247282632110114], [72.04925385856384, 34.247471614097314], [72.04939969932202, 34.2474885582904], [72.04945202789396, 34.24717756892826], [72.04936575575057, 34.24716755836139], [72.04936505930708, 34.24717195851435], [72.0491200815017, 34.247143521807345], [72.04912077795753, 34.24713912165641]]]]}, "properties": {"id": "8J6J62WX+WM8F", "height": 3.008110523223877, "hmax": 0.0, "ratio": 0.0, "vulnClass": "none"}}, {"type": "Feature", "geometry": {"type": "MultiPolygon", "coordinates": [[[[72.04906514099002, 34.24745156354621], [72.04894609406, 34.247438239139484], [72.04893243675188, 34.247521561323], [72.04890410577063, 34.24751844495204], [72.04888865141663, 34.247612811224634], [72.04891697928188, 34.24761601766634], [72.04890401208384, 34.24769511982415], [72.04902305307047, 34.24770862442103], [72.04906514099002, 34.24745156354621]]]]}, "properties": {"id": "8J6J62XX+2HHV", "height": 2.978285074234009, "hmax": 0.0, "ratio": 0.0, "vulnClass": "none"}}, {"type": "Feature", "geometry": {"type": "MultiPolygon", "coordinates": [[[[72.05149912606734, 34.24712220731968], [72.05145771414885, 34.24712688940423], [72.05146210428579, 34.24715349667345], [72.05150351936109, 34.24714872452229], [72.05149912606734, 34.24712220731968]]]]}, "properties": {"id": "8J6J63W2+VH5F", "height": 2.592652797698975, "hmax": 0.0, "ratio": 0.0, "vulnClass": "none"}}, {"type": "Feature", "geometry": {"type": "MultiPolygon", "coordinates": [[[[72.04778511065481, 34.23445820169392], [72.04760016236416, 34.234408764232604], [72.04756915480687, 34.234488603486945], [72.04775410324719, 34.234538041002736], [72.04778511065481, 34.23445820169392]]]]}, "properties": {"id": "8J6J62MX+Q3MW", "height": 2.482827186584473, "hmax": 0.057, "ratio": 0.023, "vulnClass": "none"}}, {"type": "Feature", "geometry": {"type": "MultiPolygon", "coordinates": [[[[72.04799296617455, 34.23448259065411], [72.04793960879539, 34.23447211054174], [72.04791897283832, 34.23454399692784], [72.04797233025899, 34.23455447705133], [72.04799296617455, 34.23448259065411]]]]}, "properties": {"id": "8J6J62MX+R54G", "height": 2.456435441970825, "hmax": 0.053, "ratio": 0.022, "vulnClass": "none"}}, {"type": "Feature", "geometry": {"type": "MultiPolygon", "coordinates": [[[[72.04854905062093, 34.23510822967254], [72.04849535469742, 34.23510432196541], [72.04849193872553, 34.235136870898025], [72.04854563466935, 34.23514077860773], [72.04854905062093, 34.23510822967254]]]]}, "properties": {"id": "8J6J62PX+2CRW", "height": 3.655026435852051, "hmax": 0.053, "ratio": 0.015, "vulnClass": "none"}}, {"type": "Feature", "geometry": {"type": "MultiPolygon", "coordinates": [[[[72.04859186512522, 34.23528386523091], [72.04861229691821, 34.23512769148845], [72.04857183402845, 34.23512401246323], [72.048551399017, 34.23528027626089], [72.04859186512522, 34.23528386523091]]]]}, "properties": {"id": "8J6J62PX+3CP4", "height": 3.932899713516235, "hmax": 0.062, "ratio": 0.016, "vulnClass": "none"}}, {"type": "Feature", "geometry": {"type": "MultiPolygon", "coordinates": [[[[72.04814031049689, 34.235235757662075], [72.04801793656405, 34.2352187469957], [72.04800361839351, 34.23528997434272], [72.04812599242453, 34.23530698502846], [72.04814031049689, 34.235235757662075]]]]}, "properties": {"id": "8J6J62PX+464F", "height": 3.282332897186279, "hmax": 0.063, "ratio": 0.019, "vulnClass": "none"}}, {"type": "Feature", "geometry": {"type": "MultiPolygon", "coordinates": [[[[72.04763103387842, 34.23532074853388], [72.04758574310613, 34.235312355619534], [72.04754353910639, 34.23547034811584], [72.04782413572767, 34.23552209060737], [72.04784495140488, 34.23544507052031], [72.04760942894782, 34.23540171578632], [72.04763103387842, 34.23532074853388]]]]}, "properties": {"id": "8J6J62PX+53FQ", "height": 3.383744716644287, "hmax": 0.0, "ratio": 0.0, "vulnClass": "none"}}, {"type": "Feature", "geometry": {"type": "MultiPolygon", "coordinates": [[[[72.04763053085824, 34.23506175991466], [72.04761044564695, 34.23523281514137], [72.04775190233585, 34.23524415644319], [72.04777018570029, 34.235087390263224], [72.04772548736777, 34.23508378917894], [72.04772717735355, 34.23506958754796], [72.04763053085824, 34.23506175991466]]]]}, "properties": {"id": "8J6J62PX+3386", "height": 3.931801795959473, "hmax": 0.0, "ratio": 0.0, "vulnClass": "none"}}, {"type": "Feature", "geometry": {"type": "MultiPolygon", "coordinates": [[[[72.0479147269029, 34.2350135318415], [72.04777428575922, 34.235004198322954], [72.04776676443996, 34.23508280074495], [72.04784397012364, 34.23508790627402], [72.04784653433084, 34.23506110589726], [72.0479097698997, 34.235065333899676], [72.0479147269029, 34.2350135318415]]]]}, "properties": {"id": "8J6J62PX+248P", "height": 3.777199983596802, "hmax": 0.0, "ratio": 0.0, "vulnClass": "none"}}, {"type": "Feature", "geometry": {"type": "MultiPolygon", "coordinates": [[[[72.04774916410294, 34.23624213699472], [72.04765754579012, 34.236227038913846], [72.04763251353404, 34.23633154062836], [72.04772412880642, 34.236346728799084], [72.04774916410294, 34.23624213699472]]]]}, "properties": {"id": "8J6J62PX+G38C", "height": 4.40480899810791, "hmax": 0.0, "ratio": 0.0, "vulnClass": "none"}}, {"type": "Feature", "geometry": {"type": "MultiPolygon", "coordinates": [[[[72.04773073847636, 34.2361016131115], [72.04768081254795, 34.236092297249435], [72.04765152108398, 34.23620066255585], [72.04770144707142, 34.2362099784329], [72.04773073847636, 34.2361016131115]]]]}, "properties": {"id": "8J6J62PX+F382", "height": 4.389436721801758, "hmax": 0.0, "ratio": 0.0, "vulnClass": "none"}}, {"type": "Feature", "geometry": {"type": "MultiPolygon", "coordinates": [[[[72.04875985518144, 34.23620744573406], [72.04853018017606, 34.23620479724653], [72.04852882176155, 34.236284089043906], [72.04875849698223, 34.2362867375452], [72.04875985518144, 34.23620744573406]]]]}, "properties": {"id": "8J6J62PX+FFRW", "height": 2.845842838287354, "hmax": 0.0, "ratio": 0.0, "vulnClass": "none"}}, {"type": "Feature", "geometry": {"type": "MultiPolygon", "coordinates": [[[[72.0481445388355, 34.23563049903503], [72.04813887500318, 34.235671467091024], [72.04829410308024, 34.235686294554974], [72.04829976683934, 34.235645326488005], [72.0481445388355, 34.23563049903503]]]]}, "properties": {"id": "8J6J62PX+7796", "height": 3.234620571136475, "hmax": 0.067, "ratio": 0.021, "vulnClass": "none"}}, {"type": "Feature", "geometry": {"type": "MultiPolygon", "coordinates": [[[[72.04857953650274, 34.2353789379479], [72.04853896819901, 34.23537516622755], [72.04849087153534, 34.23574232572252], [72.0488418543277, 34.235773857233916], [72.04885626708761, 34.23566260921889], [72.04879578608748, 34.23565718606697], [72.04880037447246, 34.235622141405116], [72.04855055638923, 34.23559962734369], [72.04857953650274, 34.2353789379479]]]]}, "properties": {"id": "8J6J62PX+7F69", "height": 3.79395604133606, "hmax": 0.056, "ratio": 0.015, "vulnClass": "none"}}, {"type": "Feature", "geometry": {"type": "MultiPolygon", "coordinates": [[[[72.0497950041865, 34.235870098912194], [72.04964119947302, 34.235839352563765], [72.0496221975356, 34.23590487855869], [72.04977600235794, 34.23593562493657], [72.0497950041865, 34.235870098912194]]]]}, "properties": {"id": "8J6J62PX+9V4G", "height": 3.153839349746704, "hmax": 0.0, "ratio": 0.0, "vulnClass": "none"}}, {"type": "Feature", "geometry": {"type": "MultiPolygon", "coordinates": [[[[72.04940365881716, 34.23586617288669], [72.04936075956313, 34.23585765793273], [72.04933838289098, 34.23593590269523], [72.04959330345557, 34.23598639179628], [72.049591202075, 34.23599373279529], [72.0497462030612, 34.23602441788003], [72.04977068075453, 34.23593883202251], [72.04961568305636, 34.235908056910304], [72.0496287848207, 34.23586231010665], [72.04959213749355, 34.235855027493514], [72.04960721961297, 34.23580229734416], [72.04945577254668, 34.235772418819565], [72.04943698422757, 34.235838040068906], [72.04941305456987, 34.235833317233265], [72.04940365881716, 34.23586617288669]]]]}, "properties": {"id": "8J6J62PX+9R77", "height": 3.153839349746704, "hmax": 0.058, "ratio": 0.018, "vulnClass": "none"}}, {"type": "Feature", "geometry": {"type": "MultiPolygon", "coordinates": [[[[72.04921460618287, 34.23598078663773], [72.04922766891988, 34.235933055830245], [72.04904414949006, 34.23589852821592], [72.04899808448491, 34.23606769596058], [72.04908693210845, 34.23608443898977], [72.0491200426065, 34.235963004610156], [72.04921460618287, 34.23598078663773]]]]}, "properties": {"id": "8J6J62PX+9JW9", "height": 3.70723819732666, "hmax": 0.062, "ratio": 0.017, "vulnClass": "none"}}, {"type": "Feature", "geometry": {"type": "MultiPolygon", "coordinates": [[[[72.04945405811802, 34.23607020516248], [72.0491040551066, 34.236004355049275], [72.04908189340362, 34.236085759886855], [72.04943189987031, 34.236151520013586], [72.04945405811802, 34.23607020516248]]]]}, "properties": {"id": "8J6J62PX+CPJ4", "height": 3.869219303131104, "hmax": 0.059, "ratio": 0.015, "vulnClass": "none"}}, {"type": "Feature", "geometry": {"type": "MultiPolygon", "coordinates": [[[[72.0490174299483, 34.2362907213585], [72.04885317338793, 34.23626089408535], [72.0488424035564, 34.236302009605524], [72.04900666333592, 34.23633174683118], [72.0490174299483, 34.2362907213585]]]]}, "properties": {"id": "8J6J62PX+GH7X", "height": 4.638986110687256, "hmax": 0.067, "ratio": 0.014, "vulnClass": "none"}}, {"type": "Feature", "geometry": {"type": "MultiPolygon", "coordinates": [[[[72.04940752470526, 34.23618753041705], [72.04912503546183, 34.23614016282473], [72.04909196074435, 34.23627611084807], [72.0492665478725, 34.236305375347754], [72.04925653733663, 34.2363465091978], [72.04936443992578, 34.23636461239992], [72.04940752470526, 34.23618753041705]]]]}, "properties": {"id": "8J6J62PX+FPRJ", "height": 4.053365707397461, "hmax": 0.058, "ratio": 0.014, "vulnClass": "none"}}, {"type": "Feature", "geometry": {"type": "MultiPolygon", "coordinates": [[[[72.04966264793379, 34.236061256717036], [72.0495066427206, 34.236025138847914], [72.04945311024649, 34.236184391656465], [72.04960911572073, 34.23622050960715], [72.04966264793379, 34.236061256717036]]]]}, "properties": {"id": "8J6J62PX+CRVX", "height": 2.511575937271118, "hmax": 0.058, "ratio": 0.023, "vulnClass": "none"}}, {"type": "Feature", "geometry": {"type": "MultiPolygon", "coordinates": [[[[72.0505311377641, 34.235576204211064], [72.05046811493743, 34.23570890771615], [72.05055889879172, 34.23573858653363], [72.05060165838987, 34.23564848282659], [72.05071840877869, 34.2356867191114], [72.05073856340418, 34.23564411662863], [72.0505311377641, 34.235576204211064]]]]}, "properties": {"id": "8J6J63P2+7684", "height": 2.525947093963623, "hmax": 0.0, "ratio": 0.0, "vulnClass": "none"}}, {"type": "Feature", "geometry": {"type": "MultiPolygon", "coordinates": [[[[72.05084222468597, 34.235335894024935], [72.05046769031016, 34.235226640090104], [72.05040309599318, 34.23537949744902], [72.05077763093361, 34.2354887516101], [72.05084222468597, 34.235335894024935]]]]}, "properties": {"id": "8J6J63P2+46X9", "height": 2.629609823226929, "hmax": 0.0, "ratio": 0.0, "vulnClass": "none"}}, {"type": "Feature", "geometry": {"type": "MultiPolygon", "coordinates": [[[[72.05099004602171, 34.23588021171348], [72.05094831580112, 34.23585063232262], [72.0508974152714, 34.23590033704296], [72.05093914549609, 34.235929916451326], [72.05099004602171, 34.23588021171348]]]]}, "properties": {"id": "8J6J63P2+994J", "height": 4.911218643188477, "hmax": 0.0, "ratio": 0.0, "vulnClass": "none"}}, {"type": "Feature", "geometry": {"type": "MultiPolygon", "coordinates": [[[[72.05093679440027, 34.236703274573806], [72.05083785722813, 34.236692599888556], [72.05081553664932, 34.2368345763838], [72.0509144739823, 34.23684525109539], [72.05093679440027, 34.236703274573806]]]]}, "properties": {"id": "8J6J63P2+P92J", "height": 2.666826725006104, "hmax": 0.0, "ratio": 0.0, "vulnClass": "none"}}, {"type": "Feature", "geometry": {"type": "MultiPolygon", "coordinates": [[[[72.05088504479498, 34.236920351722645], [72.05084315225973, 34.236917179857784], [72.05083586607968, 34.2369828979426], [72.05087775550365, 34.2369861598775], [72.05088504479498, 34.236920351722645]]]]}, "properties": {"id": "8J6J63P2+Q8Q4", "height": 2.772342920303345, "hmax": 0.0, "ratio": 0.0, "vulnClass": "none"}}, {"type": "Feature", "geometry": {"type": "MultiPolygon", "coordinates": [[[[72.05098748146732, 34.23728482613052], [72.05092313750532, 34.237268764444714], [72.05089792178049, 34.23733819743526], [72.05096237423356, 34.23735426174715], [72.05098748146732, 34.23728482613052]]]]}, "properties": {"id": "8J6J63P2+W9GC", "height": 2.482317924499512, "hmax": 0.0, "ratio": 0.0, "vulnClass": "none"}}, {"type": "Feature", "geometry": {"type": "MultiPolygon", "coordinates": [[[[72.05118076305664, 34.23724810363792], [72.05115055251134, 34.23724295952214], [72.05113994079478, 34.23728579176361], [72.05117004290948, 34.237290933272426], [72.05118076305664, 34.23724810363792]]]]}, "properties": {"id": "8J6J63P2+WF3J", "height": 3.455175876617432, "hmax": 0.0, "ratio": 0.0, "vulnClass": "none"}}, {"type": "Feature", "geometry": {"type": "MultiPolygon", "coordinates": [[[[72.05128942488382, 34.23726937841195], [72.0512329454944, 34.2372581034032], [72.05122158568813, 34.23729749226662], [72.05125090355604, 34.23730333601159], [72.05122026914549, 34.23740986711871], [72.05124732227725, 34.237415295787116], [72.05128942488382, 34.23726937841195]]]]}, "properties": {"id": "8J6J63P2+WGJ2", "height": 4.851396083831787, "hmax": 0.0, "ratio": 0.0, "vulnClass": "none"}}, {"type": "Feature", "geometry": {"type": "MultiPolygon", "coordinates": [[[[72.05140196883225, 34.237297597287494], [72.05130589600263, 34.2372825749639], [72.0512745640172, 34.2374215402635], [72.0514150036513, 34.23744348966368], [72.05142310534933, 34.23740726746072], [72.05137873871166, 34.23740034042022], [72.05140196883225, 34.237297597287494]]]]}, "properties": {"id": "8J6J63P2+WGXJ", "height": 4.427420139312744, "hmax": 0.0, "ratio": 0.0, "vulnClass": "none"}}, {"type": "Feature", "geometry": {"type": "MultiPolygon", "coordinates": [[[[72.05379167704751, 34.23785591751364], [72.05369594280435, 34.237849829206034], [72.05369194118227, 34.237893000955154], [72.05378767233339, 34.237899179334505], [72.05379167704751, 34.23785591751364]]]]}, "properties": {"id": "8J6J63Q3+4FXW", "height": 2.448862075805664, "hmax": 0.0, "ratio": 0.0, "vulnClass": "none"}}, {"type": "Feature", "geometry": {"type": "MultiPolygon", "coordinates": [[[[72.05142996394707, 34.23761196377427], [72.05138152970795, 34.23760340642477], [72.05136857159154, 34.237654385094594], [72.05147050878486, 34.23767243305454], [72.05148872864815, 34.23760129915634], [72.05143511731764, 34.23759180595241], [72.05142996394707, 34.23761196377427]]]]}, "properties": {"id": "8J6J63Q2+3H39", "height": 2.935064077377319, "hmax": 0.0, "ratio": 0.0, "vulnClass": "none"}}, {"type": "Feature", "geometry": {"type": "MultiPolygon", "coordinates": [[[[72.05146635402798, 34.23755821382096], [72.05141055655857, 34.23755227365408], [72.05140479663437, 34.23758981420017], [72.05146059412779, 34.237595754370915], [72.05146635402798, 34.23755821382096]]]]}, "properties": {"id": "8J6J63Q2+2HFX", "height": 2.964717149734497, "hmax": 0.0, "ratio": 0.0, "vulnClass": "none"}}, {"type": "Feature", "geometry": {"type": "MultiPolygon", "coordinates": [[[[72.05163891639438, 34.23764872256727], [72.05155553122071, 34.23763400577655], [72.05153453591801, 34.237716250443675], [72.05161792430964, 34.23773087718662], [72.05163891639438, 34.23764872256727]]]]}, "properties": {"id": "8J6J63Q2+3JG9", "height": 3.757664918899536, "hmax": 0.0, "ratio": 0.0, "vulnClass": "none"}}, {"type": "Feature", "geometry": {"type": "MultiPolygon", "coordinates": [[[[72.05171474178347, 34.237656136183105], [72.05166447648031, 34.237647174311576], [72.05163916717012, 34.23774418853743], [72.05168942938434, 34.237753240488054], [72.05171474178347, 34.237656136183105]]]]}, "properties": {"id": "8J6J63Q2+3MM4", "height": 3.481571197509766, "hmax": 0.0, "ratio": 0.0, "vulnClass": "none"}}, {"type": "Feature", "geometry": {"type": "MultiPolygon", "coordinates": [[[[72.05177060986811, 34.23749829064983], [72.05162447739205, 34.23747151728339], [72.0515843618668, 34.23762271081875], [72.05173038613921, 34.237649481635664], [72.05177060986811, 34.23749829064983]]]]}, "properties": {"id": "8J6J63Q2+2MFG", "height": 4.438933849334717, "hmax": 0.0, "ratio": 0.0, "vulnClass": "none"}}, {"type": "Feature", "geometry": {"type": "MultiPolygon", "coordinates": [[[[72.05180798547391, 34.237475392727205], [72.05175542298473, 34.237659819457946], [72.05186645246361, 34.23768169156526], [72.0518763315853, 34.23764740507513], [72.05184809171452, 34.237641767701014], [72.05186985845295, 34.2375654007379], [72.05198218290683, 34.23758748418404], [72.05200331301864, 34.237513806121086], [72.05180798547391, 34.237475392727205]]]]}, "properties": {"id": "8J6J63Q2+2PHP", "height": 3.362847566604614, "hmax": 0.0, "ratio": 0.0, "vulnClass": "none"}}, {"type": "Feature", "geometry": {"type": "MultiPolygon", "coordinates": [[[[72.05178696170502, 34.237374919762466], [72.05173436579103, 34.237367434243936], [72.05172719149611, 34.23740196610013], [72.05177978428817, 34.23740954168877], [72.05178696170502, 34.237374919762466]]]]}, "properties": {"id": "8J6J63P2+XP2C", "height": 4.896724700927734, "hmax": 0.0, "ratio": 0.0, "vulnClass": "none"}}, {"type": "Feature", "geometry": {"type": "MultiPolygon", "coordinates": [[[[72.05151601842137, 34.237313773326456], [72.0514681265644, 34.237305229069314], [72.05144955629021, 34.2373770756672], [72.05149755663001, 34.23738562254356], [72.05151601842137, 34.237313773326456]]]]}, "properties": {"id": "8J6J63P2+WHQV", "height": 3.544994592666626, "hmax": 0.0, "ratio": 0.0, "vulnClass": "none"}}, {"type": "Feature", "geometry": {"type": "MultiPolygon", "coordinates": [[[[72.05142337747313, 34.23743990526151], [72.05134333549205, 34.237425809646844], [72.05133304130237, 34.23746576501838], [72.05137004312814, 34.237472244389835], [72.05134363970707, 34.23757572240788], [72.05138668308926, 34.23758324860551], [72.05142337747313, 34.23743990526151]]]]}, "properties": {"id": "8J6J63P2+XHRR", "height": 2.964717149734497, "hmax": 0.0, "ratio": 0.0, "vulnClass": "none"}}, {"type": "Feature", "geometry": {"type": "MultiPolygon", "coordinates": [[[[72.05124769214841, 34.23752599854057], [72.05121894160139, 34.237525667084064], [72.05121843411092, 34.23756198192172], [72.05124718781319, 34.237562223313056], [72.05124769214841, 34.23752599854057]]]]}, "properties": {"id": "8J6J63Q2+2F9M", "height": 3.029560089111328, "hmax": 0.0, "ratio": 0.0, "vulnClass": "none"}}, {"type": "Feature", "geometry": {"type": "MultiPolygon", "coordinates": [[[[72.05121389832222, 34.23757377143232], [72.05105953039507, 34.23754661888039], [72.05104646365282, 34.237597594896435], [72.05120082852353, 34.2376248375352], [72.05121389832222, 34.23757377143232]]]]}, "properties": {"id": "8J6J63Q2+2FJC", "height": 3.085494756698608, "hmax": 0.0, "ratio": 0.0, "vulnClass": "none"}}, {"type": "Feature", "geometry": {"type": "MultiPolygon", "coordinates": [[[[72.05118120861572, 34.2374375018047], [72.05110306368697, 34.23742191928972], [72.05107898440721, 34.23750544175896], [72.05115712940652, 34.23752102429293], [72.05118120861572, 34.2374375018047]]]]}, "properties": {"id": "8J6J63P2+XFJR", "height": 2.531515121459961, "hmax": 0.0, "ratio": 0.0, "vulnClass": "none"}}, {"type": "Feature", "geometry": {"type": "MultiPolygon", "coordinates": [[[[72.05127339876235, 34.23760422918397], [72.0512652278015, 34.23763621305287], [72.05136857159154, 34.237654385094594], [72.05137673937327, 34.23762249128287], [72.05127339876235, 34.23760422918397]]]]}, "properties": {"id": "8J6J63Q2+3G43", "height": 2.841827630996704, "hmax": 0.0, "ratio": 0.0, "vulnClass": "none"}}, {"type": "Feature", "geometry": {"type": "MultiPolygon", "coordinates": [[[[72.05125969849699, 34.23760182616719], [72.05120899636408, 34.237592943737674], [72.05120082852353, 34.2376248375352], [72.0512515275313, 34.23763381003492], [72.05125969849699, 34.23760182616719]]]]}, "properties": {"id": "8J6J63Q2+2FXF", "height": 3.085494756698608, "hmax": 0.0, "ratio": 0.0, "vulnClass": "none"}}, {"type": "Feature", "geometry": {"type": "MultiPolygon", "coordinates": [[[[72.05119407516764, 34.237653520282414], [72.05111859560722, 34.23764241886494], [72.05111053304756, 34.23768062509896], [72.05118601578332, 34.23769163645714], [72.05119407516764, 34.237653520282414]]]]}, "properties": {"id": "8J6J63Q2+3F6Q", "height": 2.977559566497803, "hmax": 0.0, "ratio": 0.0, "vulnClass": "none"}}, {"type": "Feature", "geometry": {"type": "MultiPolygon", "coordinates": [[[[72.0513178195449, 34.23802328482938], [72.0512679815779, 34.23801451335901], [72.05124385671122, 34.23810867146209], [72.05129369158689, 34.238117533010836], [72.0513178195449, 34.23802328482938]]]]}, "properties": {"id": "8J6J63Q2+6GCQ", "height": 2.82983660697937, "hmax": 0.0, "ratio": 0.0, "vulnClass": "none"}}, {"type": "Feature", "geometry": {"type": "MultiPolygon", "coordinates": [[[[72.05148142838091, 34.23783540141201], [72.05134075702824, 34.237810742246076], [72.05131686177992, 34.23790454533021], [72.05145753013505, 34.237929294596995], [72.05148142838091, 34.23783540141201]]]]}, "properties": {"id": "8J6J63Q2+4HRQ", "height": 4.380235195159912, "hmax": 0.0, "ratio": 0.0, "vulnClass": "none"}}, {"type": "Feature", "geometry": {"type": "MultiPolygon", "coordinates": [[[[72.05134328954433, 34.237909237796906], [72.05131686177992, 34.23790454533021], [72.05128994576296, 34.238010264527006], [72.0513163735581, 34.238014957001084], [72.05134328954433, 34.237909237796906]]]]}, "properties": {"id": "8J6J63Q2+5GP6", "height": 3.458625555038452, "hmax": 0.0, "ratio": 0.0, "vulnClass": "none"}}, {"type": "Feature", "geometry": {"type": "MultiPolygon", "coordinates": [[[[72.05165447342891, 34.237884096073834], [72.0515141901209, 34.23785764361141], [72.05149354828266, 34.23793286573088], [72.05163393700887, 34.23795941089872], [72.05165447342891, 34.237884096073834]]]]}, "properties": {"id": "8J6J63Q2+5J87", "height": 3.556423902511597, "hmax": 0.0, "ratio": 0.0, "vulnClass": "none"}}, {"type": "Feature", "geometry": {"type": "MultiPolygon", "coordinates": [[[[72.05159837999445, 34.238032831810685], [72.05157326769107, 34.23803087530463], [72.05156991240574, 34.23806171311242], [72.0515949162722, 34.23806366700967], [72.05159837999445, 34.238032831810685]]]]}, "properties": {"id": "8J6J63Q2+6J8W", "height": 2.673850297927856, "hmax": 0.0, "ratio": 0.0, "vulnClass": "none"}}, {"type": "Feature", "geometry": {"type": "MultiPolygon", "coordinates": [[[[72.05146613428398, 34.23804353077317], [72.05147759454036, 34.23798260047174], [72.05145533641735, 34.237979721079164], [72.05144377084251, 34.238040558701655], [72.05146613428398, 34.23804353077317]]]]}, "properties": {"id": "8J6J63Q2+6H4G", "height": 3.463703393936157, "hmax": 0.0, "ratio": 0.0, "vulnClass": "none"}}, {"type": "Feature", "geometry": {"type": "MultiPolygon", "coordinates": [[[[72.05140660844232, 34.23803245293276], [72.05141106861304, 34.23799172615116], [72.05136192221887, 34.23798801929246], [72.05135746202491, 34.23802874607106], [72.05140660844232, 34.23803245293276]]]]}, "properties": {"id": "8J6J63Q2+6H2F", "height": 3.065266370773315, "hmax": 0.0, "ratio": 0.0, "vulnClass": "none"}}, {"type": "Feature", "geometry": {"type": "MultiPolygon", "coordinates": [[[[72.05138060094407, 34.23814324194463], [72.05132894131737, 34.238133795660765], [72.05132018408003, 34.238167027401104], [72.05137184372552, 34.23817647368961], [72.05138060094407, 34.23814324194463]]]]}, "properties": {"id": "8J6J63Q2+7G96", "height": 3.723799705505371, "hmax": 0.0, "ratio": 0.0, "vulnClass": "none"}}, {"type": "Feature", "geometry": {"type": "MultiPolygon", "coordinates": [[[[72.0515745670061, 34.23816783162839], [72.05142438325146, 34.23814204218945], [72.05140696630572, 34.23821193341187], [72.05155715017615, 34.238237722878125], [72.0515745670061, 34.23816783162839]]]]}, "properties": {"id": "8J6J63Q2+7HHG", "height": 2.589560031890869, "hmax": 0.0, "ratio": 0.0, "vulnClass": "none"}}, {"type": "Feature", "geometry": {"type": "MultiPolygon", "coordinates": [[[[72.05158153527958, 34.23809877060621], [72.05149104881775, 34.23808226030321], [72.05147229602015, 34.23815311094335], [72.05156289414087, 34.23816953380788], [72.05158153527958, 34.23809877060621]]]]}, "properties": {"id": "8J6J63Q2+7J25", "height": 2.700953483581543, "hmax": 0.0, "ratio": 0.0, "vulnClass": "none"}}, {"type": "Feature", "geometry": {"type": "MultiPolygon", "coordinates": [[[[72.05122627973975, 34.23828889207679], [72.05118848543937, 34.23828023017996], [72.05116873113577, 34.23833933825383], [72.05125853097913, 34.238359978786], [72.05126908156416, 34.238328232482765], [72.05121707291904, 34.23831634392599], [72.05122627973975, 34.23828889207679]]]]}, "properties": {"id": "8J6J63Q2+8FGX", "height": 4.741137504577637, "hmax": 0.0, "ratio": 0.0, "vulnClass": "none"}}, {"type": "Feature", "geometry": {"type": "MultiPolygon", "coordinates": [[[[72.05130741741324, 34.23818763295784], [72.05128438596503, 34.23818203067228], [72.05126597708376, 34.238233689399166], [72.05121378303458, 34.238220894964215], [72.0511912751908, 34.23828426355941], [72.05132719925078, 34.23831746224287], [72.05136174905417, 34.2382200395227], [72.05130126436401, 34.23820533288686], [72.05130741741324, 34.23818763295784]]]]}, "properties": {"id": "8J6J63Q2+8G36", "height": 5.246896266937256, "hmax": 0.0, "ratio": 0.0, "vulnClass": "none"}}, {"type": "Feature", "geometry": {"type": "MultiPolygon", "coordinates": [[[[72.051227110623, 34.23815000392688], [72.05120998425598, 34.23821467390017], [72.05124848578062, 34.23822173026439], [72.05125723676714, 34.23818867866303], [72.05131180874565, 34.238198645784514], [72.05132018408003, 34.238167027401104], [72.051227110623, 34.23815000392688]]]]}, "properties": {"id": "8J6J63Q2+7GC7", "height": 5.246896266937256, "hmax": 0.0, "ratio": 0.0, "vulnClass": "none"}}, {"type": "Feature", "geometry": {"type": "MultiPolygon", "coordinates": [[[[72.05028316125842, 34.23788579009958], [72.05012614026779, 34.23784757521458], [72.05009590203628, 34.237933382974624], [72.05025292631099, 34.23797150783971], [72.05028316125842, 34.23788579009958]]]]}, "properties": {"id": "8J6J63Q2+5386", "height": 4.046045303344727, "hmax": 0.0, "ratio": 0.0, "vulnClass": "none"}}, {"type": "Feature", "geometry": {"type": "MultiPolygon", "coordinates": [[[[72.04970021686314, 34.238277299395975], [72.04959173370938, 34.23823844989371], [72.04956868901995, 34.23828296565017], [72.04967717221722, 34.238321815175055], [72.04970021686314, 34.238277299395975]]]]}, "properties": {"id": "8J6J62QX+8V67", "height": 3.704530715942383, "hmax": 0.0, "ratio": 0.0, "vulnClass": "none"}}, {"type": "Feature", "geometry": {"type": "MultiPolygon", "coordinates": [[[[72.04952364599272, 34.238199040786505], [72.04945659855869, 34.23817335820748], [72.04942717579137, 34.238226464048566], [72.04949422325618, 34.23825214664525], [72.04952364599272, 34.238199040786505]]]]}, "properties": {"id": "8J6J62QX+7QQC", "height": 3.357680797576904, "hmax": 0.0, "ratio": 0.0, "vulnClass": "none"}}, {"type": "Feature", "geometry": {"type": "MultiPolygon", "coordinates": [[[[72.04973935057826, 34.23766627104353], [72.04963800497386, 34.23763750905576], [72.04957681446588, 34.237786030879356], [72.04967803919621, 34.2378151505769], [72.04973935057826, 34.23766627104353]]]]}, "properties": {"id": "8J6J62QX+3VV2", "height": 4.11648416519165, "hmax": 0.0, "ratio": 0.0, "vulnClass": "none"}}, {"type": "Feature", "geometry": {"type": "MultiPolygon", "coordinates": [[[[72.04951054628054, 34.237601267325104], [72.04943026424291, 34.23757851109484], [72.04936867109623, 34.23772612169363], [72.04957681446588, 34.237786030879356], [72.04960610364243, 34.23771498361262], [72.04947844682931, 34.237678196225424], [72.04951054628054, 34.237601267325104]]]]}, "properties": {"id": "8J6J62QX+3QHM", "height": 4.11648416519165, "hmax": 0.0, "ratio": 0.0, "vulnClass": "none"}}, {"type": "Feature", "geometry": {"type": "MultiPolygon", "coordinates": [[[[72.04942162157204, 34.23776696913063], [72.04941396718047, 34.23778724689966], [72.04950710723595, 34.23781166494281], [72.04951476160824, 34.237791387166986], [72.04942162157204, 34.23776696913063]]]]}, "properties": {"id": "8J6J62QX+4Q8H", "height": 4.231686592102051, "hmax": 0.0, "ratio": 0.0, "vulnClass": "none"}}, {"type": "Feature", "geometry": {"type": "MultiPolygon", "coordinates": [[[[72.04943110652734, 34.23777197507374], [72.04934652428409, 34.23774803351754], [72.04929729887277, 34.237867817800655], [72.04938188121693, 34.237891759395986], [72.04943110652734, 34.23777197507374]]]]}, "properties": {"id": "8J6J62QX+4PHP", "height": 3.006011486053467, "hmax": 0.0, "ratio": 0.0, "vulnClass": "none"}}, {"type": "Feature", "geometry": {"type": "MultiPolygon", "coordinates": [[[[72.0496025721097, 34.23750216457077], [72.04947300742941, 34.237476508786806], [72.04946137957023, 34.237517333270134], [72.04954944454192, 34.237534778287845], [72.0495415291929, 34.23756253152823], [72.04965837297652, 34.23758571749284], [72.0497054482459, 34.2374218020543], [72.04962999592927, 34.23740682429865], [72.0496025721097, 34.23750216457077]]]]}, "properties": {"id": "8J6J62QX+2R53", "height": 2.591748952865601, "hmax": 0.105, "ratio": 0.041, "vulnClass": "low"}}, {"type": "Feature", "geometry": {"type": "MultiPolygon", "coordinates": [[[[72.04983085915832, 34.237566434523785], [72.04968387866302, 34.237539097579656], [72.04967078127258, 34.23758781914919], [72.04981776499054, 34.237615066047255], [72.04983085915832, 34.237566434523785]]]]}, "properties": {"id": "8J6J62QX+2WJ2", "height": 2.734832763671875, "hmax": 0.0, "ratio": 0.0, "vulnClass": "none"}}, {"type": "Feature", "geometry": {"type": "MultiPolygon", "coordinates": [[[[72.05008144762209, 34.23738984202917], [72.05004205388431, 34.23738348495798], [72.05002915469349, 34.237438971961105], [72.05010082258504, 34.23745043296889], [72.05010848003018, 34.23741762555017], [72.05007620905663, 34.23741243155578], [72.05008144762209, 34.23738984202917]]]]}, "properties": {"id": "8J6J63P2+X28J", "height": 3.031754970550537, "hmax": 0.056, "ratio": 0.018, "vulnClass": "none"}}, {"type": "Feature", "geometry": {"type": "MultiPolygon", "coordinates": [[[[72.05016290362215, 34.23742560648113], [72.05012253540087, 34.23742229078339], [72.05011915921956, 34.23745060407321], [72.05015952745408, 34.23745391977275], [72.05016290362215, 34.23742560648113]]]]}, "properties": {"id": "8J6J63P2+X3CG", "height": 2.863956928253174, "hmax": 0.0, "ratio": 0.0, "vulnClass": "none"}}, {"type": "Feature", "geometry": {"type": "MultiPolygon", "coordinates": [[[[72.05038884270574, 34.23752605576399], [72.05023561310695, 34.237497397181805], [72.05022614197946, 34.2375324144778], [72.05033753385436, 34.237553214986455], [72.05031075984127, 34.23765172603646], [72.05035259766865, 34.23765958413629], [72.05038884270574, 34.23752605576399]]]]}, "properties": {"id": "8J6J63Q2+24GF", "height": 2.808489799499512, "hmax": 0.0, "ratio": 0.0, "vulnClass": "none"}}, {"type": "Feature", "geometry": {"type": "MultiPolygon", "coordinates": [[[[72.05025068121353, 34.23764405971314], [72.05023254524382, 34.237706541829105], [72.05033882469579, 34.23772766995255], [72.05035684900457, 34.23766527527196], [72.05025068121353, 34.23764405971314]]]]}, "properties": {"id": "8J6J63Q2+34FF", "height": 2.586241006851196, "hmax": 0.0, "ratio": 0.0, "vulnClass": "none"}}, {"type": "Feature", "geometry": {"type": "MultiPolygon", "coordinates": [[[[72.05024932181864, 34.23763014518441], [72.05014896612813, 34.23761033146408], [72.05012931494996, 34.23767890670314], [72.05022967071493, 34.237698720443376], [72.05024932181864, 34.23763014518441]]]]}, "properties": {"id": "8J6J63Q2+3382", "height": 2.533924102783203, "hmax": 0.0, "ratio": 0.0, "vulnClass": "none"}}, {"type": "Feature", "geometry": {"type": "MultiPolygon", "coordinates": [[[[72.0506012538976, 34.23746058892691], [72.05044241976552, 34.23743080411869], [72.0504231146292, 34.23750191170907], [72.05058184043934, 34.2375316939378], [72.0506012538976, 34.23746058892691]]]]}, "properties": {"id": "8J6J63P2+X6R7", "height": 4.812530517578125, "hmax": 0.0, "ratio": 0.0, "vulnClass": "none"}}, {"type": "Feature", "geometry": {"type": "MultiPolygon", "coordinates": [[[[72.05052690837171, 34.23728951319807], [72.05047912824614, 34.23728088110486], [72.05046032139637, 34.23735326268267], [72.05050799625864, 34.23736180210842], [72.05052690837171, 34.23728951319807]]]]}, "properties": {"id": "8J6J63P2+W5HX", "height": 2.777310132980347, "hmax": 0.0, "ratio": 0.0, "vulnClass": "none"}}, {"type": "Feature", "geometry": {"type": "MultiPolygon", "coordinates": [[[[72.05002330063552, 34.23689780148022], [72.0499141932643, 34.23688309520486], [72.04990082873863, 34.23695191193963], [72.05000993933879, 34.23696652816545], [72.05002330063552, 34.23689780148022]]]]}, "properties": {"id": "8J6J62PX+QX8X", "height": 3.234203815460205, "hmax": 0.0, "ratio": 0.0, "vulnClass": "none"}}, {"type": "Feature", "geometry": {"type": "MultiPolygon", "coordinates": [[[[72.04962439165672, 34.23637051244329], [72.04954562246922, 34.23636041256555], [72.04953825872943, 34.23640034820421], [72.0496170310971, 34.23641035802273], [72.04962439165672, 34.23637051244329]]]]}, "properties": {"id": "8J6J62PX+HR4G", "height": 2.459421396255493, "hmax": 0.074, "ratio": 0.03, "vulnClass": "none"}}, {"type": "Feature", "geometry": {"type": "MultiPolygon", "coordinates": [[[[72.04928462105468, 34.23634727575145], [72.04917226918322, 34.23632915545448], [72.04914036530845, 34.236465762679906], [72.04933323265558, 34.236496819526344], [72.04934230015328, 34.236457826353764], [72.0492846648582, 34.23644859588078], [72.04929970663328, 34.236384597119084], [72.04927671508594, 34.236380978545924], [72.04928462105468, 34.23634727575145]]]]}, "properties": {"id": "8J6J62PX+HM9M", "height": 3.057835817337036, "hmax": 0.067, "ratio": 0.022, "vulnClass": "none"}}, {"type": "Feature", "geometry": {"type": "MultiPolygon", "coordinates": [[[[72.04904159337723, 34.23662753125476], [72.04901391038847, 34.236624610899035], [72.04900867448762, 34.23665954982689], [72.04896390139464, 34.23665495581411], [72.04894467102513, 34.2367829442421], [72.04904729818973, 34.236793619198004], [72.04904985405423, 34.236776373591766], [72.04901979153885, 34.23677321563612], [72.04904159337723, 34.23662753125476]]]]}, "properties": {"id": "8J6J62PX+MHQQ", "height": 2.995723247528076, "hmax": 0.0, "ratio": 0.0, "vulnClass": "none"}}, {"type": "Feature", "geometry": {"type": "MultiPolygon", "coordinates": [[[[72.04901603712968, 34.236610329626586], [72.04897126406199, 34.23660573561779], [72.04896390139464, 34.23665495581411], [72.04900867448762, 34.23665954982689], [72.04901603712968, 34.236610329626586]]]]}, "properties": {"id": "8J6J62PX+MH58", "height": 2.478654384613037, "hmax": 0.0, "ratio": 0.0, "vulnClass": "none"}}, {"type": "Feature", "geometry": {"type": "MultiPolygon", "coordinates": [[[[72.04889995966293, 34.236826306974166], [72.04889837920287, 34.23686845512893], [72.0490164622753, 34.23687166011484], [72.04901814797559, 34.236829604633414], [72.04889995966293, 34.236826306974166]]]]}, "properties": {"id": "8J6J62PX+PHPW", "height": 2.659785985946655, "hmax": 0.0, "ratio": 0.0, "vulnClass": "none"}}, {"type": "Feature", "geometry": {"type": "MultiPolygon", "coordinates": [[[[72.04942005938099, 34.236919601227], [72.04940911280292, 34.2369191573003], [72.04940753279722, 34.23694886594907], [72.04941847937911, 34.23694930987611], [72.04942005938099, 34.236919601227]]]]}, "properties": {"id": "8J6J62PX+QQF6", "height": 2.61505913734436, "hmax": 0.054, "ratio": 0.021, "vulnClass": "none"}}, {"type": "Feature", "geometry": {"type": "MultiPolygon", "coordinates": [[[[72.04945083695401, 34.236930258054144], [72.04942169537713, 34.23692558996975], [72.04941683232498, 34.2369467462449], [72.04944597705347, 34.236951324265014], [72.04945083695401, 34.236930258054144]]]]}, "properties": {"id": "8J6J62PX+QQFH", "height": 2.61505913734436, "hmax": 0.054, "ratio": 0.021, "vulnClass": "none"}}, {"type": "Feature", "geometry": {"type": "MultiPolygon", "coordinates": [[[[72.04904349996366, 34.237222511160596], [72.04894263720682, 34.23721413222713], [72.0489331300147, 34.23729367844475], [72.04903388441977, 34.23730205477869], [72.04904349996366, 34.237222511160596]]]]}, "properties": {"id": "8J6J62PX+WH58", "height": 2.440109014511108, "hmax": 0.0, "ratio": 0.0, "vulnClass": "none"}}, {"type": "Feature", "geometry": {"type": "MultiPolygon", "coordinates": [[[[72.04892776715654, 34.23653041124605], [72.04875411617455, 34.23651162521985], [72.04874069537362, 34.23659756733656], [72.04891434652652, 34.23661635339065], [72.04892776715654, 34.23653041124605]]]]}, "properties": {"id": "8J6J62PX+JGGG", "height": 3.327295303344727, "hmax": 0.067, "ratio": 0.02, "vulnClass": "none"}}, {"type": "Feature", "geometry": {"type": "MultiPolygon", "coordinates": [[[[72.04766940275259, 34.238640051119944], [72.04761831366899, 34.23863602550754], [72.047603682551, 34.23876277234371], [72.04771809014824, 34.23877183941362], [72.04772279736834, 34.23873030750181], [72.04765958740667, 34.23872526867184], [72.04766940275259, 34.238640051119944]]]]}, "properties": {"id": "8J6J62QX+F3JQ", "height": 2.856439590454102, "hmax": 0.0, "ratio": 0.0, "vulnClass": "none"}}, {"type": "Feature", "geometry": {"type": "MultiPolygon", "coordinates": [[[[72.04781639431462, 34.23928531044884], [72.04784867034247, 34.23912572660307], [72.04779369428836, 34.23911800172904], [72.04777597953353, 34.239205643024604], [72.04766515977657, 34.23919017227426], [72.047650598315, 34.239262114787046], [72.04781639431462, 34.23928531044884]]]]}, "properties": {"id": "8J6J62QX+M4JM", "height": 2.481562614440918, "hmax": 0.0, "ratio": 0.0, "vulnClass": "none"}}, {"type": "Feature", "geometry": {"type": "MultiPolygon", "coordinates": [[[[72.04917234771558, 34.23870772136222], [72.0490015915939, 34.238636993653515], [72.04897485300675, 34.23868160058644], [72.04909564089917, 34.2387317442991], [72.0490860831093, 34.238747469117236], [72.04903846920628, 34.23872784318497], [72.04900828219093, 34.238777955830244], [72.04910585499566, 34.2388184360264], [72.04917234771558, 34.23870772136222]]]]}, "properties": {"id": "8J6J62QX+FJW3", "height": 4.857963085174561, "hmax": 0.0, "ratio": 0.0, "vulnClass": "none"}}, {"type": "Feature", "geometry": {"type": "MultiPolygon", "coordinates": [[[[72.0493740252853, 34.238794337374934], [72.04928309893312, 34.23875933582682], [72.0492275219376, 34.23885895564967], [72.04931844836779, 34.23889395724298], [72.0493740252853, 34.238794337374934]]]]}, "properties": {"id": "8J6J62QX+GPM4", "height": 5.027566909790039, "hmax": 0.0, "ratio": 0.0, "vulnClass": "none"}}, {"type": "Feature", "geometry": {"type": "MultiPolygon", "coordinates": [[[[72.04961421675867, 34.238635884445024], [72.04954007286898, 34.238605163353526], [72.0495025084757, 34.23866762812286], [72.04969423763825, 34.23874697297387], [72.04975715701649, 34.23864221139244], [72.04963968032833, 34.238593590334766], [72.04961421675867, 34.238635884445024]]]]}, "properties": {"id": "8J6J62QX+FV6M", "height": 3.79817271232605, "hmax": 0.0, "ratio": 0.0, "vulnClass": "none"}}, {"type": "Feature", "geometry": {"type": "MultiPolygon", "coordinates": [[[[72.04957709157598, 34.23875415740986], [72.0495378168682, 34.23873815788577], [72.04947529004819, 34.238844100637586], [72.04957406552808, 34.23888433900946], [72.04963670070819, 34.23877839881464], [72.04961090785187, 34.23876795220856], [72.04958910319247, 34.23880492593997], [72.04955528690624, 34.23879113113473], [72.04957709157598, 34.23875415740986]]]]}, "properties": {"id": "8J6J62QX+GRFP", "height": 2.802006244659424, "hmax": 0.0, "ratio": 0.0, "vulnClass": "none"}}, {"type": "Feature", "geometry": {"type": "MultiPolygon", "coordinates": [[[[72.05037376233507, 34.23905566498786], [72.05041833721323, 34.23881101241311], [72.05032788797399, 34.238799640198444], [72.05029930240275, 34.2389562488872], [72.05019004929838, 34.238942530833796], [72.05020133147436, 34.238880514701584], [72.0501624258197, 34.23887570180898], [72.05013504860744, 34.23902566907217], [72.05037376233507, 34.23905566498786]]]]}, "properties": {"id": "8J6J63Q2+H4FV", "height": 3.186949968338013, "hmax": 0.0, "ratio": 0.0, "vulnClass": "none"}}, {"type": "Feature", "geometry": {"type": "MultiPolygon", "coordinates": [[[[72.05078856947932, 34.238991104720775], [72.05074231762221, 34.23898530388386], [72.05073264526186, 34.23903852496058], [72.0507790087376, 34.2390442383475], [72.05078856947932, 34.238991104720775]]]]}, "properties": {"id": "8J6J63Q2+J82F", "height": 2.829768180847168, "hmax": 0.0, "ratio": 0.0, "vulnClass": "none"}}, {"type": "Feature", "geometry": {"type": "MultiPolygon", "coordinates": [[[[72.0505062643444, 34.239037671963985], [72.05041775901452, 34.239029681847875], [72.05040355015569, 34.23913823070716], [72.0504421777676, 34.239141684709246], [72.05045089638547, 34.239075370176565], [72.0505007741762, 34.23907990630108], [72.0505062643444, 34.239037671963985]]]]}, "properties": {"id": "8J6J63Q2+J5P3", "height": 4.161498069763184, "hmax": 0.074, "ratio": 0.018, "vulnClass": "none"}}, {"type": "Feature", "geometry": {"type": "MultiPolygon", "coordinates": [[[[72.05037076926286, 34.23913518789197], [72.0503049874478, 34.239129187078994], [72.05029671666979, 34.239191996861145], [72.05036249853252, 34.23919799768099], [72.05037076926286, 34.23913518789197]]]]}, "properties": {"id": "8J6J63Q2+M48G", "height": 2.59792947769165, "hmax": 0.0, "ratio": 0.0, "vulnClass": "none"}}, {"type": "Feature", "geometry": {"type": "MultiPolygon", "coordinates": [[[[72.05087811819861, 34.239217983353534], [72.05069039279842, 34.23920111463775], [72.05068061027436, 34.23927614730686], [72.05086833583718, 34.23929301604607], [72.05087811819861, 34.239217983353534]]]]}, "properties": {"id": "8J6J63Q2+M8RX", "height": 2.549061298370361, "hmax": 0.074, "ratio": 0.029, "vulnClass": "none"}}, {"type": "Feature", "geometry": {"type": "MultiPolygon", "coordinates": [[[[72.05043905465021, 34.23916585758575], [72.05036753767834, 34.23915935815448], [72.05036249853252, 34.23919799768099], [72.05043391023301, 34.23920440443995], [72.05043905465021, 34.23916585758575]]]]}, "properties": {"id": "8J6J63Q2+M5C9", "height": 2.528084278106689, "hmax": 0.074, "ratio": 0.029, "vulnClass": "none"}}, {"type": "Feature", "geometry": {"type": "MultiPolygon", "coordinates": [[[[72.05048022960904, 34.23923625792415], [72.05035894314935, 34.23922522495859], [72.05034877839272, 34.2393018709368], [72.05044226000022, 34.239310341490246], [72.05044785238061, 34.239268289902206], [72.05047565732659, 34.23927085232796], [72.05048022960904, 34.23923625792415]]]]}, "properties": {"id": "8J6J63Q2+P53J", "height": 2.490159511566162, "hmax": 0.074, "ratio": 0.029, "vulnClass": "none"}}, {"type": "Feature", "geometry": {"type": "MultiPolygon", "coordinates": [[[[72.0503471413989, 34.23920574065496], [72.05028850911378, 34.23920946697733], [72.05029061028331, 34.239233224790645], [72.0503493510323, 34.2392295010793], [72.0503471413989, 34.23920574065496]]]]}, "properties": {"id": "8J6J63Q2+M4PJ", "height": 2.59792947769165, "hmax": 0.0, "ratio": 0.0, "vulnClass": "none"}}, {"type": "Feature", "geometry": {"type": "MultiPolygon", "coordinates": [[[[72.04956135336576, 34.23909298085971], [72.04942747251364, 34.239038556016006], [72.04938824803565, 34.23910503712322], [72.04957125205237, 34.239179394538084], [72.0496387535935, 34.239064647544346], [72.04958973899629, 34.23904471766102], [72.04956135336576, 34.23909298085971]]]]}, "properties": {"id": "8J6J62QX+JRR4", "height": 3.885315179824829, "hmax": 0.0, "ratio": 0.0, "vulnClass": "none"}}, {"type": "Feature", "geometry": {"type": "MultiPolygon", "coordinates": [[[[72.04972108865557, 34.2391592057582], [72.04960967956205, 34.23911397587375], [72.04957125205237, 34.239179394538084], [72.04968255275914, 34.239224621848756], [72.04972108865557, 34.2391592057582]]]]}, "properties": {"id": "8J6J62QX+MV6P", "height": 3.18134331703186, "hmax": 0.0, "ratio": 0.0, "vulnClass": "none"}}, {"type": "Feature", "geometry": {"type": "MultiPolygon", "coordinates": [[[[72.04952431100172, 34.238851410905596], [72.04936446940125, 34.238794467782135], [72.04933409220817, 34.23885313937423], [72.04949393074833, 34.238910172607376], [72.04952431100172, 34.238851410905596]]]]}, "properties": {"id": "8J6J62QX+GQV4", "height": 3.562520265579224, "hmax": 0.0, "ratio": 0.0, "vulnClass": "none"}}, {"type": "Feature", "geometry": {"type": "MultiPolygon", "coordinates": [[[[72.04956795176128, 34.23972151617988], [72.04943436173515, 34.23969603374371], [72.04940357614848, 34.23980679728514], [72.04957220436229, 34.23983907297127], [72.04958165407358, 34.23980468622522], [72.04954672136286, 34.23979798569814], [72.04956795176128, 34.23972151617988]]]]}, "properties": {"id": "8J6J62QX+WQ5P", "height": 3.339177131652832, "hmax": 0.0, "ratio": 0.0, "vulnClass": "none"}}, {"type": "Feature", "geometry": {"type": "MultiPolygon", "coordinates": [[[[72.05004843573225, 34.23929923622008], [72.04995230283728, 34.23928276906799], [72.04993347763264, 34.23935875574065], [72.0498991674516, 34.239352881583194], [72.04989183664878, 34.23938254188712], [72.05002228299254, 34.23940479315979], [72.05004843573225, 34.23929923622008]]]]}, "properties": {"id": "8J6J62QX+PXQV", "height": 2.585257291793823, "hmax": 0.0, "ratio": 0.0, "vulnClass": "none"}}, {"type": "Feature", "geometry": {"type": "MultiPolygon", "coordinates": [[[[72.05054717440537, 34.23927735170131], [72.05044785238061, 34.239268289902206], [72.05043943551148, 34.239332177876456], [72.05057846979695, 34.23934471976026], [72.05058452892798, 34.23929862303273], [72.05054481990551, 34.23929505289587], [72.05054717440537, 34.23927735170131]]]]}, "properties": {"id": "8J6J63Q2+P6C7", "height": 3.938453912734985, "hmax": 0.074, "ratio": 0.019, "vulnClass": "none"}}, {"type": "Feature", "geometry": {"type": "MultiPolygon", "coordinates": [[[[72.05042079869085, 34.23950227692467], [72.05032732166579, 34.239484341599514], [72.05031143755285, 34.2395413792912], [72.05040491463588, 34.23955931463144], [72.05042079869085, 34.23950227692467]]]]}, "properties": {"id": "8J6J63Q2+R45W", "height": 2.617464303970337, "hmax": 0.0, "ratio": 0.0, "vulnClass": "none"}}, {"type": "Feature", "geometry": {"type": "MultiPolygon", "coordinates": [[[[72.05052300152548, 34.23958117765536], [72.05047840597716, 34.23957145036113], [72.05046353104625, 34.23961823623831], [72.05050823506457, 34.23962796615013], [72.05052300152548, 34.23958117765536]]]]}, "properties": {"id": "8J6J63Q2+R5QX", "height": 2.770225524902344, "hmax": 0.0, "ratio": 0.0, "vulnClass": "none"}}, {"type": "Feature", "geometry": {"type": "MultiPolygon", "coordinates": [[[[72.05025463126819, 34.239554974982894], [72.05012865612399, 34.2395321104831], [72.05010987034107, 34.23960386148161], [72.0502357402808, 34.2396266333287], [72.05025463126819, 34.239554974982894]]]]}, "properties": {"id": "8J6J63Q2+R3M5", "height": 3.945799827575684, "hmax": 0.0, "ratio": 0.0, "vulnClass": "none"}}, {"type": "Feature", "geometry": {"type": "MultiPolygon", "coordinates": [[[[72.05006284482928, 34.239607777033825], [72.0500709459093, 34.23956227036114], [72.05002922660321, 34.23955720938193], [72.05002123394935, 34.239602718662226], [72.05006284482928, 34.239607777033825]]]]}, "properties": {"id": "8J6J63Q2+R2M7", "height": 4.142988204956055, "hmax": 0.0, "ratio": 0.0, "vulnClass": "none"}}, {"type": "Feature", "geometry": {"type": "MultiPolygon", "coordinates": [[[[72.04991396491097, 34.23996737202468], [72.04986202774907, 34.239959631101044], [72.04985101089235, 34.24001092673343], [72.04991406794053, 34.24002037771076], [72.04992079843248, 34.23998926068868], [72.04990956698705, 34.23998763809618], [72.04991396491097, 34.23996737202468]]]]}, "properties": {"id": "8J6J62QX+XXRM", "height": 2.626873016357422, "hmax": 0.0, "ratio": 0.0, "vulnClass": "none"}}, {"type": "Feature", "geometry": {"type": "MultiPolygon", "coordinates": [[[[72.05062507651508, 34.24014260282304], [72.05058231481856, 34.240139409899776], [72.05057787292223, 34.24017959621707], [72.05062073994333, 34.240182881819734], [72.05062507651508, 34.24014260282304]]]]}, "properties": {"id": "8J6J63R2+369C", "height": 3.70616602897644, "hmax": 0.057, "ratio": 0.015, "vulnClass": "none"}}, {"type": "Feature", "geometry": {"type": "MultiPolygon", "coordinates": [[[[72.04988562458037, 34.24002365897462], [72.04984578480469, 34.24002071644388], [72.04984238158731, 34.2400529051452], [72.04988222137791, 34.24005584767782], [72.04988562458037, 34.24002365897462]]]]}, "properties": {"id": "8J6J62RX+2W9G", "height": 2.958915233612061, "hmax": 0.0, "ratio": 0.0, "vulnClass": "none"}}, {"type": "Feature", "geometry": {"type": "MultiPolygon", "coordinates": [[[[72.04970173320174, 34.24007412658415], [72.04958450242988, 34.24005570875005], [72.04955282519957, 34.24019511584613], [72.04979322667714, 34.24023281565484], [72.04980669874995, 34.24017337628196], [72.04965967128197, 34.24015036485092], [72.04967288564994, 34.24009209112746], [72.04969673951554, 34.240095910703715], [72.04970173320174, 34.24007412658415]]]]}, "properties": {"id": "8J6J62RX+3V72", "height": 3.193755388259888, "hmax": 0.0, "ratio": 0.0, "vulnClass": "none"}}, {"type": "Feature", "geometry": {"type": "MultiPolygon", "coordinates": [[[[72.04976326570792, 34.240083721207135], [72.04970173320174, 34.24007412658415], [72.04968352830797, 34.24015409436478], [72.04974505772417, 34.240163779065504], [72.04976326570792, 34.240083721207135]]]]}, "properties": {"id": "8J6J62RX+2VXJ", "height": 3.768482208251953, "hmax": 0.0, "ratio": 0.0, "vulnClass": "none"}}, {"type": "Feature", "geometry": {"type": "MultiPolygon", "coordinates": [[[[72.049904343134, 34.24006575512352], [72.04981785340479, 34.24005285530149], [72.04978858920008, 34.24018844449641], [72.04987507906063, 34.24020134434586], [72.049904343134, 34.24006575512352]]]]}, "properties": {"id": "8J6J62RX+3W52", "height": 3.402094841003418, "hmax": 0.0, "ratio": 0.0, "vulnClass": "none"}}, {"type": "Feature", "geometry": {"type": "MultiPolygon", "coordinates": [[[[72.04945578399861, 34.23987205519211], [72.04937935983907, 34.23985687353597], [72.04935862126926, 34.23992857736174], [72.04943504548804, 34.23994375903388], [72.04945578399861, 34.23987205519211]]]]}, "properties": {"id": "8J6J62QX+XQ72", "height": 3.667653799057007, "hmax": 0.0, "ratio": 0.0, "vulnClass": "none"}}, {"type": "Feature", "geometry": {"type": "MultiPolygon", "coordinates": [[[[72.04938224710534, 34.23993581688207], [72.04935542280614, 34.23993003272876], [72.04934528933461, 34.23996223958897], [72.04937211049781, 34.2399681138107], [72.04938224710534, 34.23993581688207]]]]}, "properties": {"id": "8J6J62QX+XPHW", "height": 3.667653799057007, "hmax": 0.0, "ratio": 0.0, "vulnClass": "none"}}, {"type": "Feature", "geometry": {"type": "MultiPolygon", "coordinates": [[[[72.04936115106851, 34.23996181036249], [72.04927068206726, 34.23994475794651], [72.04924578106278, 34.24003619261616], [72.04933625015421, 34.240053245055165], [72.04936115106851, 34.23996181036249]]]]}, "properties": {"id": "8J6J62QX+XPVW", "height": 3.122057914733887, "hmax": 0.0, "ratio": 0.0, "vulnClass": "none"}}, {"type": "Feature", "geometry": {"type": "MultiPolygon", "coordinates": [[[[72.0492754890281, 34.239912783361184], [72.04916851726507, 34.23988965445993], [72.0491583837294, 34.239921861301376], [72.04926546397725, 34.239944992825535], [72.0492754890281, 34.239912783361184]]]]}, "properties": {"id": "8J6J62QX+XM8Q", "height": 2.811535358428955, "hmax": 0.0, "ratio": 0.0, "vulnClass": "none"}}, {"type": "Feature", "geometry": {"type": "MultiPolygon", "coordinates": [[[[72.04891741444878, 34.23988802268008], [72.04887243700338, 34.2398799081474], [72.04883664246883, 34.240015970750584], [72.04888086398991, 34.24002397694657], [72.04891741444878, 34.23988802268008]]]]}, "properties": {"id": "8J6J62QX+XHJ2", "height": 3.044899940490723, "hmax": 0.0, "ratio": 0.0, "vulnClass": "none"}}, {"type": "Feature", "geometry": {"type": "MultiPolygon", "coordinates": [[[[72.04933625015421, 34.240053245055165], [72.0493165173552, 34.24004952467105], [72.0492873881231, 34.24015636184092], [72.04938357052033, 34.240174543419286], [72.04940758648483, 34.24008669306281], [72.04933102538926, 34.2400723193468], [72.04933625015421, 34.240053245055165]]]]}, "properties": {"id": "8J6J62RX+2PXJ", "height": 2.863492488861084, "hmax": 0.0, "ratio": 0.0, "vulnClass": "none"}}, {"type": "Feature", "geometry": {"type": "MultiPolygon", "coordinates": [[[[72.04927809673438, 34.24005256547577], [72.04923445500246, 34.24004971145216], [72.04923221480122, 34.240073454843994], [72.04927585654524, 34.24007630886904], [72.04927809673438, 34.24005256547577]]]]}, "properties": {"id": "8J6J62RX+2PCC", "height": 3.581480026245117, "hmax": 0.0, "ratio": 0.0, "vulnClass": "none"}}, {"type": "Feature", "geometry": {"type": "MultiPolygon", "coordinates": [[[[72.04938357052033, 34.240174543419286], [72.0492873881231, 34.24015636184092], [72.04926736763338, 34.240229254779834], [72.04936365855548, 34.240247438989954], [72.04938357052033, 34.240174543419286]]]]}, "properties": {"id": "8J6J62RX+3PP3", "height": 2.848888635635376, "hmax": 0.0, "ratio": 0.0, "vulnClass": "none"}}, {"type": "Feature", "geometry": {"type": "MultiPolygon", "coordinates": [[[[72.0491065871169, 34.24023331442569], [72.04906927934998, 34.24022935093351], [72.04906321000209, 34.24026949797213], [72.04910052093169, 34.24027337140133], [72.0491065871169, 34.24023331442569]]]]}, "properties": {"id": "8J6J62RX+4J44", "height": 2.92990255355835, "hmax": 0.0, "ratio": 0.0, "vulnClass": "none"}}, {"type": "Feature", "geometry": {"type": "MultiPolygon", "coordinates": [[[[72.04875753768569, 34.24014900684559], [72.04872430714401, 34.24014018369318], [72.04871332635216, 34.240168674279495], [72.04874655690345, 34.240177497435376], [72.04875753768569, 34.24014900684559]]]]}, "properties": {"id": "8J6J62RX+3F98", "height": 2.651589155197144, "hmax": 0.0, "ratio": 0.0, "vulnClass": "none"}}, {"type": "Feature", "geometry": {"type": "MultiPolygon", "coordinates": [[[[72.0489169861973, 34.240043235984565], [72.0488242588509, 34.24001936822502], [72.0487892920178, 34.24011308425707], [72.04881919841004, 34.2401207456137], [72.04877261726499, 34.24024555107406], [72.04885921675258, 34.24026773885242], [72.04889395410696, 34.240174377839494], [72.04887039580818, 34.24016831169036], [72.0489169861973, 34.240043235984565]]]]}, "properties": {"id": "8J6J62RX+3G4Q", "height": 4.190426826477051, "hmax": 0.0, "ratio": 0.0, "vulnClass": "none"}}, {"type": "Feature", "geometry": {"type": "MultiPolygon", "coordinates": [[[[72.04846667083434, 34.24016399374058], [72.04831036826529, 34.24012065568279], [72.04828493271012, 34.2401838629691], [72.04845832765326, 34.240231939668014], [72.0484684298457, 34.240206853314504], [72.04845133757497, 34.240202114712496], [72.04846667083434, 34.24016399374058]]]]}, "properties": {"id": "8J6J62RX+39C2", "height": 2.546508073806763, "hmax": 0.0, "ratio": 0.0, "vulnClass": "none"}}, {"type": "Feature", "geometry": {"type": "MultiPolygon", "coordinates": [[[[72.04873480262802, 34.239867668455034], [72.04862475847324, 34.2398423918122], [72.0485945617408, 34.239933157897774], [72.04883931193272, 34.23998926304136], [72.0488764292106, 34.239877480358224], [72.04874183503105, 34.2398465644859], [72.04873480262802, 34.239867668455034]]]]}, "properties": {"id": "8J6J62QX+XF9G", "height": 2.661869049072266, "hmax": 0.0, "ratio": 0.0, "vulnClass": "none"}}, {"type": "Feature", "geometry": {"type": "MultiPolygon", "coordinates": [[[[72.04811852653252, 34.23938273244357], [72.04800889937893, 34.23936729073402], [72.04798874668046, 34.239465690290096], [72.04812948094585, 34.239485487237886], [72.04813721029252, 34.23944754364682], [72.04810621176271, 34.23944319104869], [72.04811852653252, 34.23938273244357]]]]}, "properties": {"id": "8J6J62QX+Q6F5", "height": 3.437131643295288, "hmax": 0.0, "ratio": 0.0, "vulnClass": "none"}}, {"type": "Feature", "geometry": {"type": "MultiPolygon", "coordinates": [[[[72.04801934520997, 34.23931372799651], [72.04796836582487, 34.2393065502114], [72.04794120673124, 34.23944083750552], [72.04799208089267, 34.23944792262702], [72.04801934520997, 34.23931372799651]]]]}, "properties": {"id": "8J6J62QX+Q553", "height": 3.046220779418945, "hmax": 0.0, "ratio": 0.0, "vulnClass": "none"}}, {"type": "Feature", "geometry": {"type": "MultiPolygon", "coordinates": [[[[72.04814621813456, 34.23948174402774], [72.04794877871535, 34.239454000339926], [72.04793279794784, 34.23953239887242], [72.04813023754126, 34.239560142594996], [72.04814621813456, 34.23948174402774]]]]}, "properties": {"id": "8J6J62QX+R637", "height": 3.77222466468811, "hmax": 0.0, "ratio": 0.0, "vulnClass": "none"}}, {"type": "Feature", "geometry": {"type": "MultiPolygon", "coordinates": [[[[72.0477964374379, 34.239561383480186], [72.04748067636075, 34.23951230858843], [72.04746128580757, 34.23959819674664], [72.04777704718718, 34.23964727170398], [72.0477964374379, 34.239561383480186]]]]}, "properties": {"id": "8J6J62QX+R3J2", "height": 4.050751686096191, "hmax": 0.0, "ratio": 0.0, "vulnClass": "none"}}, {"type": "Feature", "geometry": {"type": "MultiPolygon", "coordinates": [[[[72.04773902971598, 34.23943064704257], [72.0477090040991, 34.23942640793217], [72.04769420369527, 34.23949897567977], [72.04793279794784, 34.23953239887242], [72.04794877871535, 34.239454000339926], [72.04778471120106, 34.239431026785184], [72.04779023835414, 34.23940330627504], [72.0477458459025, 34.23939709840536], [72.04773902971598, 34.23943064704257]]]]}, "properties": {"id": "8J6J62QX+Q4PR", "height": 4.744644165039062, "hmax": 0.0, "ratio": 0.0, "vulnClass": "none"}}, {"type": "Feature", "geometry": {"type": "MultiPolygon", "coordinates": [[[[72.04765895742777, 34.23932108846173], [72.04766798857226, 34.23927695651832], [72.04760545261837, 34.23926814795197], [72.04759642144283, 34.239312279889184], [72.04765895742777, 34.23932108846173]]]]}, "properties": {"id": "8J6J62QX+P36J", "height": 3.233604907989502, "hmax": 0.0, "ratio": 0.0, "vulnClass": "none"}}, {"type": "Feature", "geometry": {"type": "MultiPolygon", "coordinates": [[[[72.04873092010547, 34.24068110165731], [72.04857879042713, 34.240654991322714], [72.04855984571523, 34.2407312452731], [72.04871197552158, 34.240757355637825], [72.04873092010547, 34.24068110165731]]]]}, "properties": {"id": "8J6J62RX+7FJ8", "height": 2.620800971984863, "hmax": 0.0, "ratio": 0.0, "vulnClass": "none"}}, {"type": "Feature", "geometry": {"type": "MultiPolygon", "coordinates": [[[[72.04861280761841, 34.24117574680104], [72.04849166517378, 34.241157413925265], [72.04847617823691, 34.241227891968535], [72.04859732077702, 34.24124622486457], [72.04861280761841, 34.24117574680104]]]]}, "properties": {"id": "8J6J62RX+FCM3", "height": 3.188539028167725, "hmax": 0.0, "ratio": 0.0, "vulnClass": "none"}}, {"type": "Feature", "geometry": {"type": "MultiPolygon", "coordinates": [[[[72.04862519455291, 34.24111943639987], [72.04856257383177, 34.241109905110505], [72.04855495772904, 34.24114460635811], [72.0486175816206, 34.24115404758696], [72.04862519455291, 34.24111943639987]]]]}, "properties": {"id": "8J6J62RX+FC49", "height": 2.874399185180664, "hmax": 0.0, "ratio": 0.0, "vulnClass": "none"}}, {"type": "Feature", "geometry": {"type": "MultiPolygon", "coordinates": [[[[72.0477776323671, 34.24092900691288], [72.0477344526441, 34.24091913244499], [72.04772183957041, 34.24095704843996], [72.04776501931067, 34.24096692291319], [72.0477776323671, 34.24092900691288]]]]}, "properties": {"id": "8J6J62RX+93HQ", "height": 4.059406757354736, "hmax": 0.0, "ratio": 0.0, "vulnClass": "none"}}, {"type": "Feature", "geometry": {"type": "MultiPolygon", "coordinates": [[[[72.04783426755212, 34.24130554040143], [72.04774976710222, 34.24128538557441], [72.04772114715588, 34.241368256942174], [72.04780564767891, 34.24138841179268], [72.04783426755212, 34.24130554040143]]]]}, "properties": {"id": "8J6J62RX+G4JH", "height": 2.945101499557495, "hmax": 0.0, "ratio": 0.0, "vulnClass": "none"}}, {"type": "Feature", "geometry": {"type": "MultiPolygon", "coordinates": [[[[72.04799978557986, 34.24147349636441], [72.04771333002093, 34.24139006305739], [72.04768173659762, 34.24146484016552], [72.04796818922107, 34.24154836362279], [72.04799978557986, 34.24147349636441]]]]}, "properties": {"id": "8J6J62RX+H4PQ", "height": 4.017742156982422, "hmax": 0.0, "ratio": 0.0, "vulnClass": "none"}}, {"type": "Feature", "geometry": {"type": "MultiPolygon", "coordinates": [[[[72.04768606914382, 34.24163594285758], [72.04774777623649, 34.24150699535961], [72.04768511181396, 34.241486285026085], [72.04762340464548, 34.24161523248865], [72.04768606914382, 34.24163594285758]]]]}, "properties": {"id": "8J6J62RX+J3FH", "height": 4.499667167663574, "hmax": 0.0, "ratio": 0.0, "vulnClass": "none"}}, {"type": "Feature", "geometry": {"type": "MultiPolygon", "coordinates": [[[[72.0480830727526, 34.24158430407087], [72.04789117058226, 34.241553268216364], [72.04786732173963, 34.24165491386897], [72.04805922412663, 34.24168594977201], [72.0480830727526, 34.24158430407087]]]]}, "properties": {"id": "8J6J62RX+J5XJ", "height": 3.143033504486084, "hmax": 0.0, "ratio": 0.0, "vulnClass": "none"}}, {"type": "Feature", "geometry": {"type": "MultiPolygon", "coordinates": [[[[72.04811779497376, 34.24151627271121], [72.04799550836537, 34.24148718493259], [72.04797063129661, 34.24155923944331], [72.04809280954694, 34.24158832463817], [72.04811779497376, 34.24151627271121]]]]}, "properties": {"id": "8J6J62RX+J67F", "height": 2.576440095901489, "hmax": 0.0, "ratio": 0.0, "vulnClass": "none"}}, {"type": "Feature", "geometry": {"type": "MultiPolygon", "coordinates": [[[[72.0485130664243, 34.24154526735883], [72.04836639555548, 34.241518206544875], [72.04833854554427, 34.24162255028387], [72.04848521658045, 34.24164961113979], [72.0485130664243, 34.24154526735883]]]]}, "properties": {"id": "8J6J62RX+J9M8", "height": 3.800436496734619, "hmax": 0.0, "ratio": 0.0, "vulnClass": "none"}}, {"type": "Feature", "geometry": {"type": "MultiPolygon", "coordinates": [[[[72.04816634193769, 34.241409813647046], [72.04812543767963, 34.24140314909018], [72.04811726967404, 34.24143810742884], [72.04815817709465, 34.24144468192362], [72.04816634193769, 34.241409813647046]]]]}, "properties": {"id": "8J6J62RX+H76W", "height": 2.773979663848877, "hmax": 0.0, "ratio": 0.0, "vulnClass": "none"}}, {"type": "Feature", "geometry": {"type": "MultiPolygon", "coordinates": [[[[72.04823083771812, 34.24142470867001], [72.04819042681416, 34.2414225630942], [72.04818811849357, 34.24145135273285], [72.04822852941115, 34.241453498310115], [72.04823083771812, 34.24142470867001]]]]}, "properties": {"id": "8J6J62RX+H7GG", "height": 2.713689804077148, "hmax": 0.0, "ratio": 0.0, "vulnClass": "none"}}, {"type": "Feature", "geometry": {"type": "MultiPolygon", "coordinates": [[[[72.04819835830412, 34.2414534023006], [72.0481438885634, 34.241440461539774], [72.04810524489446, 34.24155238743466], [72.0481597146989, 34.241565328215934], [72.04819835830412, 34.2414534023006]]]]}, "properties": {"id": "8J6J62RX+J725", "height": 2.625977754592896, "hmax": 0.0, "ratio": 0.0, "vulnClass": "none"}}, {"type": "Feature", "geometry": {"type": "MultiPolygon", "coordinates": [[[[72.04805871207215, 34.2412470387925], [72.04791823635242, 34.241213546418365], [72.04789288460836, 34.2412867613158], [72.04793637100674, 34.24129718397193], [72.0479433722833, 34.24127698072554], [72.04800053424457, 34.24129052729683], [72.04795452292873, 34.24142381940177], [72.04799445888105, 34.24143334520766], [72.04805871207215, 34.2412470387925]]]]}, "properties": {"id": "8J6J62RX+G59V", "height": 3.451927185058594, "hmax": 0.0, "ratio": 0.0, "vulnClass": "none"}}, {"type": "Feature", "geometry": {"type": "MultiPolygon", "coordinates": [[[[72.04824057983801, 34.24127323536903], [72.04820462509869, 34.24126470699012], [72.04815620597316, 34.241404791911634], [72.0482416795612, 34.24142506005313], [72.04828455294184, 34.241300796503744], [72.04823514265979, 34.24128905939185], [72.04824057983801, 34.24127323536903]]]]}, "properties": {"id": "8J6J62RX+G7QR", "height": 2.713689804077148, "hmax": 0.0, "ratio": 0.0, "vulnClass": "none"}}, {"type": "Feature", "geometry": {"type": "MultiPolygon", "coordinates": [[[[72.04844376451805, 34.24141938270484], [72.04840156826694, 34.241412416686096], [72.04838654980684, 34.24147569468463], [72.04842874608757, 34.24148266071007], [72.04844376451805, 34.24141938270484]]]]}, "properties": {"id": "8J6J62RX+H9FV", "height": 2.716383934020996, "hmax": 0.0, "ratio": 0.0, "vulnClass": "none"}}, {"type": "Feature", "geometry": {"type": "MultiPolygon", "coordinates": [[[[72.04862930068121, 34.241412044340926], [72.04865149532966, 34.24135461810906], [72.04860945010422, 34.24134332901137], [72.04858725228509, 34.241400845300035], [72.04862930068121, 34.241412044340926]]]]}, "properties": {"id": "8J6J62RX+HC55", "height": 3.199906587600708, "hmax": 0.0, "ratio": 0.0, "vulnClass": "none"}}, {"type": "Feature", "geometry": {"type": "MultiPolygon", "coordinates": [[[[72.04883753747369, 34.24140426101597], [72.04865149532966, 34.24135461810906], [72.04862930068121, 34.241412044340926], [72.04881533978767, 34.24146177735276], [72.04883753747369, 34.24140426101597]]]]}, "properties": {"id": "8J6J62RX+HF97", "height": 4.269697189331055, "hmax": 0.0, "ratio": 0.0, "vulnClass": "none"}}, {"type": "Feature", "geometry": {"type": "MultiPolygon", "coordinates": [[[[72.04870219550715, 34.24122378234972], [72.04865648340753, 34.241214928888716], [72.0486410049166, 34.24126963240516], [72.04868671704337, 34.241278485873345], [72.04870219550715, 34.24122378234972]]]]}, "properties": {"id": "8J6J62RX+FFVV", "height": 3.130516767501831, "hmax": 0.0, "ratio": 0.0, "vulnClass": "none"}}, {"type": "Feature", "geometry": {"type": "MultiPolygon", "coordinates": [[[[72.04981457483466, 34.24170101353705], [72.0497841663156, 34.241698388237594], [72.04977824161085, 34.241746831811014], [72.04980854484144, 34.241749364435286], [72.04981457483466, 34.24170101353705]]]]}, "properties": {"id": "8J6J62RX+MWMV", "height": 4.883861541748047, "hmax": 0.0, "ratio": 0.0, "vulnClass": "none"}}, {"type": "Feature", "geometry": {"type": "MultiPolygon", "coordinates": [[[[72.04936760356948, 34.24176930243725], [72.04932514296257, 34.241763682485384], [72.04930310453017, 34.24187880314814], [72.04945426074899, 34.24189866943686], [72.04946780751555, 34.241827783959494], [72.04935911204613, 34.241813537649655], [72.04936760356948, 34.24176930243725]]]]}, "properties": {"id": "8J6J62RX+PQJJ", "height": 4.42149829864502, "hmax": 0.0, "ratio": 0.0, "vulnClass": "none"}}, {"type": "Feature", "geometry": {"type": "MultiPolygon", "coordinates": [[[[72.04959244759021, 34.24188586238734], [72.04945987250615, 34.24186851706659], [72.04945080567373, 34.2419167947953], [72.0495832755248, 34.24193404745185], [72.04959244759021, 34.24188586238734]]]]}, "properties": {"id": "8J6J62RX+QR64", "height": 2.749768257141113, "hmax": 0.0, "ratio": 0.0, "vulnClass": "none"}}, {"type": "Feature", "geometry": {"type": "MultiPolygon", "coordinates": [[[[72.04991831299631, 34.24171423864311], [72.04988436810602, 34.24170720141402], [72.04986841092993, 34.241760090744954], [72.04990235583949, 34.24176712797946], [72.04991831299631, 34.24171423864311]]]]}, "properties": {"id": "8J6J62RX+MXRG", "height": 4.281341075897217, "hmax": 0.0, "ratio": 0.0, "vulnClass": "none"}}, {"type": "Feature", "geometry": {"type": "MultiPolygon", "coordinates": [[[[72.05072157693982, 34.24182768797041], [72.05065986067744, 34.24182331757682], [72.05064640254362, 34.24195387902538], [72.05080231706896, 34.24196493421071], [72.05080574520564, 34.241932024949776], [72.05078160154902, 34.24193027185299], [72.05078372822409, 34.24190977078843], [72.05071367376424, 34.24190483911173], [72.05072157693982, 34.24182768797041]]]]}, "properties": {"id": "8J6J63R2+Q788", "height": 3.644049644470215, "hmax": 0.0, "ratio": 0.0, "vulnClass": "none"}}, {"type": "Feature", "geometry": {"type": "MultiPolygon", "coordinates": [[[[72.0506416743132, 34.241769065240646], [72.05051341347713, 34.241761830639334], [72.05051051646298, 34.2417981780548], [72.05063877735356, 34.24180541266198], [72.0506416743132, 34.241769065240646]]]]}, "properties": {"id": "8J6J63R2+P687", "height": 3.434727430343628, "hmax": 0.0, "ratio": 0.0, "vulnClass": "none"}}, {"type": "Feature", "geometry": {"type": "MultiPolygon", "coordinates": [[[[72.05051606683712, 34.24172935344175], [72.05039462902968, 34.24172255342102], [72.05039197562358, 34.24175503061358], [72.05051341347713, 34.241761830639334], [72.05051606683712, 34.24172935344175]]]]}, "properties": {"id": "8J6J63R2+M5WP", "height": 4.958440780639648, "hmax": 0.0, "ratio": 0.0, "vulnClass": "none"}}, {"type": "Feature", "geometry": {"type": "MultiPolygon", "coordinates": [[[[72.0507846152965, 34.2417786362461], [72.05072722765574, 34.2417746405233], [72.05072275579884, 34.24181879234259], [72.05078014346908, 34.24182278806903], [72.0507846152965, 34.2417786362461]]]]}, "properties": {"id": "8J6J63R2+P86R", "height": 5.433957576751709, "hmax": 0.0, "ratio": 0.0, "vulnClass": "none"}}, {"type": "Feature", "geometry": {"type": "MultiPolygon", "coordinates": [[[[72.05067134750838, 34.24146627318823], [72.05063562497175, 34.24146352016299], [72.05063065486131, 34.24150639800254], [72.05062748919504, 34.24153489664411], [72.05066331706755, 34.241537742350125], [72.05067134750838, 34.24146627318823]]]]}, "properties": {"id": "8J6J63R2+J725", "height": 4.891478061676025, "hmax": 0.0, "ratio": 0.0, "vulnClass": "none"}}, {"type": "Feature", "geometry": {"type": "MultiPolygon", "coordinates": [[[[72.05060383334906, 34.24146320544868], [72.05050826049771, 34.24145549587631], [72.05049151089437, 34.24159949928513], [72.05058708390524, 34.24160720887883], [72.05060383334906, 34.24146320544868]]]]}, "properties": {"id": "8J6J63R2+J678", "height": 5.673125743865967, "hmax": 0.0, "ratio": 0.0, "vulnClass": "none"}}, {"type": "Feature", "geometry": {"type": "MultiPolygon", "coordinates": [[[[72.05035813323437, 34.24153985925802], [72.0503090571852, 34.24153408036008], [72.05029924264285, 34.24159135431427], [72.05034842717438, 34.24159713582911], [72.05035813323437, 34.24153985925802]]]]}, "properties": {"id": "8J6J63R2+J4GP", "height": 6.665444374084473, "hmax": 0.0, "ratio": 0.0, "vulnClass": "none"}}, {"type": "Feature", "geometry": {"type": "MultiPolygon", "coordinates": [[[[72.05043307864592, 34.24172492147417], [72.05044063175364, 34.24162360400438], [72.05040227805613, 34.241621598830406], [72.05039461645241, 34.24172291368418], [72.05043307864592, 34.24172492147417]]]]}, "properties": {"id": "8J6J63R2+M57V", "height": 5.173430442810059, "hmax": 0.0, "ratio": 0.0, "vulnClass": "none"}}, {"type": "Feature", "geometry": {"type": "MultiPolygon", "coordinates": [[[[72.05059372742477, 34.241643876142156], [72.05047479980772, 34.24163668593334], [72.05047215117924, 34.24166591814981], [72.0505911904314, 34.241673020908614], [72.05059372742477, 34.241643876142156]]]]}, "properties": {"id": "8J6J63R2+M672", "height": 3.751467943191528, "hmax": 0.0, "ratio": 0.0, "vulnClass": "none"}}, {"type": "Feature", "geometry": {"type": "MultiPolygon", "coordinates": [[[[72.05031983210192, 34.241471060472804], [72.05024535521189, 34.24146223610899], [72.05023088798022, 34.24154707146349], [72.05030536808664, 34.24155580577404], [72.05031983210192, 34.241471060472804]]]]}, "properties": {"id": "8J6J63R2+J429", "height": 6.228982925415039, "hmax": 0.0, "ratio": 0.0, "vulnClass": "none"}}, {"type": "Feature", "geometry": {"type": "MultiPolygon", "coordinates": [[[[72.05017782711677, 34.24144402402744], [72.05013346480783, 34.241436916302774], [72.05012541235872, 34.24147169729838], [72.0501697746848, 34.24147880502684], [72.05017782711677, 34.24144402402744]]]]}, "properties": {"id": "8J6J63R2+H3J9", "height": 2.539831638336182, "hmax": 0.0, "ratio": 0.0, "vulnClass": "none"}}, {"type": "Feature", "geometry": {"type": "MultiPolygon", "coordinates": [[[[72.05013616348205, 34.24143734185329], [72.05005402289703, 34.24142418632226], [72.05001570164578, 34.241589123853714], [72.05009784238146, 34.2416022794182], [72.05013616348205, 34.24143734185329]]]]}, "properties": {"id": "8J6J63R2+J24F", "height": 4.515776634216309, "hmax": 0.0, "ratio": 0.0, "vulnClass": "none"}}, {"type": "Feature", "geometry": {"type": "MultiPolygon", "coordinates": [[[[72.05035484299981, 34.24126412731826], [72.05031628046011, 34.24125878185764], [72.05030329255938, 34.241323010442045], [72.05034185512699, 34.24132835590821], [72.05035484299981, 34.24126412731826]]]]}, "properties": {"id": "8J6J63R2+G48P", "height": 2.738777160644531, "hmax": 0.0, "ratio": 0.0, "vulnClass": "none"}}, {"type": "Feature", "geometry": {"type": "MultiPolygon", "coordinates": [[[[72.0504140345835, 34.24127240329188], [72.05035484299981, 34.24126412731826], [72.05034185512699, 34.24132835590821], [72.05040104675349, 34.241336631890306], [72.0504140345835, 34.24127240329188]]]]}, "properties": {"id": "8J6J63R2+G5C2", "height": 2.936773538589478, "hmax": 0.0, "ratio": 0.0, "vulnClass": "none"}}, {"type": "Feature", "geometry": {"type": "MultiPolygon", "coordinates": [[[[72.05046949051344, 34.24123533825541], [72.05042142211977, 34.24122868225377], [72.05041286678839, 34.241271654041846], [72.05046082675543, 34.24127830743684], [72.05046949051344, 34.24123533825541]]]]}, "properties": {"id": "8J6J63R2+G542", "height": 3.544544219970703, "hmax": 0.0, "ratio": 0.0, "vulnClass": "none"}}, {"type": "Feature", "geometry": {"type": "MultiPolygon", "coordinates": [[[[72.05041344404641, 34.24122091827285], [72.05036854895484, 34.2412197471472], [72.05036709943859, 34.241261267479324], [72.05041188610225, 34.24126243599542], [72.05041344404641, 34.24122091827285]]]]}, "properties": {"id": "8J6J63R2+F5RM", "height": 3.294282913208008, "hmax": 0.0, "ratio": 0.0, "vulnClass": "none"}}, {"type": "Feature", "geometry": {"type": "MultiPolygon", "coordinates": [[[[72.05071993698908, 34.24133673781358], [72.0505384719052, 34.24132074058879], [72.05053402049558, 34.241354977327845], [72.05071548565124, 34.241370974562926], [72.05071993698908, 34.24133673781358]]]]}, "properties": {"id": "8J6J63R2+G7JR", "height": 3.600975275039673, "hmax": 0.0, "ratio": 0.0, "vulnClass": "none"}}, {"type": "Feature", "geometry": {"type": "MultiPolygon", "coordinates": [[[[72.05044504786211, 34.241304338981834], [72.05041060948538, 34.241305222472555], [72.05041145331674, 34.241327688025116], [72.05044588855844, 34.241326894600434], [72.05044504786211, 34.241304338981834]]]]}, "properties": {"id": "8J6J63R2+G5FP", "height": 3.071459293365479, "hmax": 0.0, "ratio": 0.0, "vulnClass": "none"}}, {"type": "Feature", "geometry": {"type": "MultiPolygon", "coordinates": [[[[72.05054922632581, 34.24123653692566], [72.0505410292682, 34.241300340039295], [72.0507224943093, 34.24131633725807], [72.05073069123314, 34.24125253412537], [72.05054922632581, 34.24123653692566]]]]}, "properties": {"id": "8J6J63R2+G763", "height": 4.898342132568359, "hmax": 0.0, "ratio": 0.0, "vulnClass": "none"}}, {"type": "Feature", "geometry": {"type": "MultiPolygon", "coordinates": [[[[72.05082502376064, 34.24126778554548], [72.050729801597, 34.24125936346236], [72.05070471564834, 34.241455628575906], [72.05079993802794, 34.24146405068971], [72.05082502376064, 34.24126778554548]]]]}, "properties": {"id": "8J6J63R2+G8RF", "height": 3.945363998413086, "hmax": 0.0, "ratio": 0.0, "vulnClass": "none"}}, {"type": "Feature", "geometry": {"type": "MultiPolygon", "coordinates": [[[[72.05052009585168, 34.240771336343414], [72.05040633900272, 34.24074975781383], [72.05039166804549, 34.24080312891021], [72.05050553340992, 34.24082471006794], [72.05052009585168, 34.240771336343414]]]]}, "properties": {"id": "8J6J63R2+858G", "height": 2.913357019424438, "hmax": 0.0, "ratio": 0.0, "vulnClass": "none"}}, {"type": "Feature", "geometry": {"type": "MultiPolygon", "coordinates": [[[[72.05033346110581, 34.241260998372844], [72.05034196622452, 34.2412132478826], [72.05011111613416, 34.241184793223326], [72.05007198972213, 34.2414038864332], [72.05016688184054, 34.24141554617808], [72.05019750282376, 34.2412442034027], [72.05033346110581, 34.241260998372844]]]]}, "properties": {"id": "8J6J63R2+G377", "height": 4.885212421417236, "hmax": 0.0, "ratio": 0.0, "vulnClass": "none"}}, {"type": "Feature", "geometry": {"type": "MultiPolygon", "coordinates": [[[[72.04977181058266, 34.24032703861256], [72.04949233288855, 34.240283169402296], [72.04947733903097, 34.240348881984765], [72.0495164150237, 34.24035505133753], [72.04949601399346, 34.2404450620338], [72.04958928286193, 34.24045965776935], [72.04960979224727, 34.240369649664615], [72.04975681692969, 34.24039275123979], [72.04977181058266, 34.24032703861256]]]]}, "properties": {"id": "8J6J62RX+4RX7", "height": 3.511928796768188, "hmax": 0.0, "ratio": 0.0, "vulnClass": "none"}}, {"type": "Feature", "geometry": {"type": "MultiPolygon", "coordinates": [[[[72.04977616233391, 34.24024592592522], [72.0497207672464, 34.24023774109511], [72.04971195554204, 34.240278723544854], [72.0497672390616, 34.24028699583428], [72.04977616233391, 34.24024592592522]]]]}, "properties": {"id": "8J6J62RX+4V5H", "height": 3.216977834701538, "hmax": 0.0, "ratio": 0.0, "vulnClass": "none"}}, {"type": "Feature", "geometry": {"type": "MultiPolygon", "coordinates": [[[[72.05052846690715, 34.24052842622177], [72.0504635799298, 34.24051541597097], [72.05044740489927, 34.240571455109254], [72.05051229505996, 34.240584375304834], [72.05052846690715, 34.24052842622177]]]]}, "properties": {"id": "8J6J63R2+659W", "height": 2.512837886810303, "hmax": 0.0, "ratio": 0.0, "vulnClass": "none"}}, {"type": "Feature", "geometry": {"type": "MultiPolygon", "coordinates": [[[[72.05053047922242, 34.24069154067552], [72.05055875049345, 34.2405936966724], [72.05051229505996, 34.240584375304834], [72.0505032872889, 34.240615437532284], [72.05043840025057, 34.240602427265], [72.05041902506137, 34.24066929646944], [72.05053047922242, 34.24069154067552]]]]}, "properties": {"id": "8J6J63R2+755P", "height": 2.662222862243652, "hmax": 0.0, "ratio": 0.0, "vulnClass": "none"}}, {"type": "Feature", "geometry": {"type": "MultiPolygon", "coordinates": [[[[72.05054012017524, 34.240695198174976], [72.05042904006388, 34.24067467567242], [72.05040881761438, 34.2407502682007], [72.05051978936825, 34.24077078811519], [72.05054012017524, 34.240695198174976]]]]}, "properties": {"id": "8J6J63R2+75QR", "height": 2.74882960319519, "hmax": 0.0, "ratio": 0.0, "vulnClass": "none"}}, {"type": "Feature", "geometry": {"type": "MultiPolygon", "coordinates": [[[[72.0511515869072, 34.24091742450341], [72.05120842979042, 34.24063223285333], [72.05115161185188, 34.24062437497794], [72.05109476564249, 34.24090965665807], [72.0511515869072, 34.24091742450341]]]]}, "properties": {"id": "8J6J63R2+8F2X", "height": 2.803335666656494, "hmax": 0.0, "ratio": 0.0, "vulnClass": "none"}}, {"type": "Feature", "geometry": {"type": "MultiPolygon", "coordinates": [[[[72.05204703153677, 34.24024903256936], [72.05197300028289, 34.24024301439495], [72.05196726560688, 34.240292273968095], [72.05204129690303, 34.240298292148154], [72.05204703153677, 34.24024903256936]]]]}, "properties": {"id": "8J6J63R2+4R2R", "height": 4.085452556610107, "hmax": 0.0, "ratio": 0.0, "vulnClass": "none"}}, {"type": "Feature", "geometry": {"type": "MultiPolygon", "coordinates": [[[[72.05204129690303, 34.240298292148154], [72.05196726560688, 34.240292273968095], [72.05195150580006, 34.24042665634558], [72.0520255372115, 34.24043267454115], [72.05204129690303, 34.240298292148154]]]]}, "properties": {"id": "8J6J63R2+4QXH", "height": 4.365261554718018, "hmax": 0.0, "ratio": 0.0, "vulnClass": "none"}}, {"type": "Feature", "geometry": {"type": "MultiPolygon", "coordinates": [[[[72.0521746412564, 34.24025931464671], [72.05204703153677, 34.24024903256936], [72.05204129690303, 34.240298292148154], [72.05206803034277, 34.24030046787081], [72.05205227069288, 34.240434850269395], [72.05215303561145, 34.240443044111245], [72.0521746412564, 34.24025931464671]]]]}, "properties": {"id": "8J6J63R2+4RQP", "height": 3.93204927444458, "hmax": 0.0, "ratio": 0.0, "vulnClass": "none"}}, {"type": "Feature", "geometry": {"type": "MultiPolygon", "coordinates": [[[[72.0527069206797, 34.24067938145623], [72.05271227470206, 34.24063480004351], [72.0525266643086, 34.24061942720359], [72.05249267253589, 34.24090309615228], [72.05254364863592, 34.24090729733485], [72.05254931392429, 34.24086001917519], [72.05258989769239, 34.24086342944598], [72.05261286982726, 34.2406716200251], [72.0527069206797, 34.24067938145623]]]]}, "properties": {"id": "8J6J63R3+72WM", "height": 2.914056539535522, "hmax": 0.0, "ratio": 0.0, "vulnClass": "none"}}, {"type": "Feature", "geometry": {"type": "MultiPolygon", "coordinates": [[[[72.05199963225097, 34.24088582376578], [72.05195161737436, 34.24088385701694], [72.05194867087887, 34.240934085097344], [72.05206258859907, 34.24093862932485], [72.05206771616116, 34.24085077455338], [72.05200181655641, 34.240848107017676], [72.05199963225097, 34.24088582376578]]]]}, "properties": {"id": "8J6J63R2+9R2V", "height": 3.083552122116089, "hmax": 0.0, "ratio": 0.0, "vulnClass": "none"}}, {"type": "Feature", "geometry": {"type": "MultiPolygon", "coordinates": [[[[72.05209299074804, 34.24081388387329], [72.0520510742179, 34.24081134278227], [72.0520483444765, 34.24084291678045], [72.0520902610221, 34.2408454578732], [72.05209299074804, 34.24081388387329]]]]}, "properties": {"id": "8J6J63R2+8RP3", "height": 2.507172822952271, "hmax": 0.0, "ratio": 0.0, "vulnClass": "none"}}, {"type": "Feature", "geometry": {"type": "MultiPolygon", "coordinates": [[[[72.05278409806418, 34.24111175442501], [72.05265052847996, 34.24110114927293], [72.05263419280601, 34.241242729222385], [72.05276765101769, 34.241253421860456], [72.05278409806418, 34.24111175442501]]]]}, "properties": {"id": "8J6J63R3+F3G4", "height": 4.290520668029785, "hmax": 0.0, "ratio": 0.0, "vulnClass": "none"}}, {"type": "Feature", "geometry": {"type": "MultiPolygon", "coordinates": [[[[72.05260651474056, 34.24125828877718], [72.05261851767803, 34.24114445833485], [72.05253645399658, 34.24113842750402], [72.05253338487532, 34.24116728910383], [72.05240790501345, 34.241158140309096], [72.05239886251462, 34.241243106512904], [72.05260651474056, 34.24125828877718]]]]}, "properties": {"id": "8J6J63R3+F2J3", "height": 6.484564781188965, "hmax": 0.0, "ratio": 0.0, "vulnClass": "none"}}, {"type": "Feature", "geometry": {"type": "MultiPolygon", "coordinates": [[[[72.05211412398151, 34.241188119328], [72.05205446546593, 34.241183889308616], [72.0520463247092, 34.24126166585154], [72.05215448720998, 34.24126940674684], [72.0521598949275, 34.24121707448871], [72.0521114994758, 34.24121356623295], [72.05211412398151, 34.241188119328]]]]}, "properties": {"id": "8J6J63R2+FRX6", "height": 2.539586782455444, "hmax": 0.0, "ratio": 0.0, "vulnClass": "none"}}, {"type": "Feature", "geometry": {"type": "MultiPolygon", "coordinates": [[[[72.05218705833346, 34.24101716316041], [72.05208044433421, 34.24101171310497], [72.0520779173857, 34.24104680750399], [72.05218453457111, 34.241052167497955], [72.05218705833346, 34.24101716316041]]]]}, "properties": {"id": "8J6J63R2+CV66", "height": 5.50188684463501, "hmax": 0.0, "ratio": 0.0, "vulnClass": "none"}}, {"type": "Feature", "geometry": {"type": "MultiPolygon", "coordinates": [[[[72.05182015082353, 34.24100274484785], [72.05159985167619, 34.24097986527539], [72.05157684389772, 34.24113219157855], [72.05171797496376, 34.2411469461135], [72.0517353559589, 34.24103144239261], [72.05181452117759, 34.24103965754066], [72.05182015082353, 34.24100274484785]]]]}, "properties": {"id": "8J6J63R2+CMF8", "height": 2.752484798431396, "hmax": 0.0, "ratio": 0.0, "vulnClass": "none"}}, {"type": "Feature", "geometry": {"type": "MultiPolygon", "coordinates": [[[[72.05111400835796, 34.24090254798139], [72.05105997221617, 34.24089583872047], [72.05104424697613, 34.24098253689145], [72.05109839162073, 34.24098924877268], [72.05111400835796, 34.24090254798139]]]]}, "properties": {"id": "8J6J63R2+9CGP", "height": 2.620856285095215, "hmax": 0.0, "ratio": 0.0, "vulnClass": "none"}}, {"type": "Feature", "geometry": {"type": "MultiPolygon", "coordinates": [[[[72.05108925983534, 34.2410394180655], [72.05099783205628, 34.24102802272488], [72.0509577461185, 34.241249797436], [72.05104928257781, 34.2412611954291], [72.05108925983534, 34.2410394180655]]]]}, "properties": {"id": "8J6J63R2+FC2Q", "height": 4.181653499603271, "hmax": 0.0, "ratio": 0.0, "vulnClass": "none"}}, {"type": "Feature", "geometry": {"type": "MultiPolygon", "coordinates": [[[[72.05093488042178, 34.24127052037848], [72.05082591653307, 34.24126086614157], [72.05082264093735, 34.24128629733303], [72.05093160485806, 34.24129595157449], [72.05093488042178, 34.24127052037848]]]]}, "properties": {"id": "8J6J63R2+G962", "height": 4.783994674682617, "hmax": 0.0, "ratio": 0.0, "vulnClass": "none"}}, {"type": "Feature", "geometry": {"type": "MultiPolygon", "coordinates": [[[[72.05101032203642, 34.2414507265784], [72.0509506524221, 34.24144992112707], [72.05094989947153, 34.24148704130718], [72.05100956911203, 34.24148784676024], [72.05101032203642, 34.2414507265784]]]]}, "properties": {"id": "8J6J63R2+H9QM", "height": 2.526571273803711, "hmax": 0.0, "ratio": 0.0, "vulnClass": "none"}}, {"type": "Feature", "geometry": {"type": "MultiPolygon", "coordinates": [[[[72.05118649854747, 34.241322820071105], [72.05104856582018, 34.241306609503454], [72.05103597924202, 34.2413811239754], [72.05117380363636, 34.24139733195271], [72.05118649854747, 34.241322820071105]]]]}, "properties": {"id": "8J6J63R2+GCX4", "height": 2.898295879364014, "hmax": 0.0, "ratio": 0.0, "vulnClass": "none"}}, {"type": "Feature", "geometry": {"type": "MultiPolygon", "coordinates": [[[[72.05128262987193, 34.241678398716246], [72.0511423357782, 34.24166763003119], [72.05113696039128, 34.24171590663271], [72.05127725456364, 34.241726675327996], [72.05128262987193, 34.241678398716246]]]]}, "properties": {"id": "8J6J63R2+MFGW", "height": 4.125468254089355, "hmax": 0.0, "ratio": 0.0, "vulnClass": "none"}}, {"type": "Feature", "geometry": {"type": "MultiPolygon", "coordinates": [[[[72.0509576351642, 34.24166967396697], [72.05090609603921, 34.24166915436028], [72.05090336851357, 34.24184369281363], [72.05095490774494, 34.241844212427], [72.0509576351642, 34.24166967396697]]]]}, "properties": {"id": "8J6J63R2+P939", "height": 4.61775541305542, "hmax": 0.0, "ratio": 0.0, "vulnClass": "none"}}, {"type": "Feature", "geometry": {"type": "MultiPolygon", "coordinates": [[[[72.05126590501003, 34.241756419261606], [72.0512325006462, 34.24175255036794], [72.05122685966643, 34.24178666836165], [72.05126015873601, 34.24179044458114], [72.05126590501003, 34.241756419261606]]]]}, "properties": {"id": "8J6J63R2+PF5X", "height": 2.481485843658447, "hmax": 0.0, "ratio": 0.0, "vulnClass": "none"}}, {"type": "Feature", "geometry": {"type": "MultiPolygon", "coordinates": [[[[72.05123451412679, 34.24184724743624], [72.05090336851357, 34.24184369281363], [72.05090204641728, 34.24192199396125], [72.05126769227597, 34.24192601849244], [72.05126846867086, 34.24187889316358], [72.05123407405856, 34.241878515952166], [72.05123451412679, 34.24184724743624]]]]}, "properties": {"id": "8J6J63R2+QC4G", "height": 3.203857183456421, "hmax": 0.0, "ratio": 0.0, "vulnClass": "none"}}, {"type": "Feature", "geometry": {"type": "MultiPolygon", "coordinates": [[[[72.05130282061103, 34.241728101997396], [72.05127081511542, 34.24172769216422], [72.05127017546324, 34.24176778974652], [72.05130218411739, 34.24176810951477], [72.05130282061103, 34.241728101997396]]]]}, "properties": {"id": "8J6J63R2+MGVR", "height": 2.80802583694458, "hmax": 0.0, "ratio": 0.0, "vulnClass": "none"}}, {"type": "Feature", "geometry": {"type": "MultiPolygon", "coordinates": [[[[72.05142437164696, 34.24170677968514], [72.05138106057188, 34.241703754078706], [72.05137878473703, 34.24172542340798], [72.05142220113039, 34.24172854169203], [72.05142437164696, 34.24170677968514]]]]}, "properties": {"id": "8J6J63R2+MHJQ", "height": 4.720571517944336, "hmax": 0.0, "ratio": 0.0, "vulnClass": "none"}}, {"type": "Feature", "geometry": {"type": "MultiPolygon", "coordinates": [[[[72.05262533331498, 34.24171449732633], [72.05261714738165, 34.241790469997326], [72.05287502166836, 34.241809744705414], [72.05288321051573, 34.241733681939394], [72.05262533331498, 34.24171449732633]]]]}, "properties": {"id": "8J6J63R3+P42C", "height": 4.454695701599121, "hmax": 0.0, "ratio": 0.0, "vulnClass": "none"}}, {"type": "Feature", "geometry": {"type": "MultiPolygon", "coordinates": [[[[72.05266223176582, 34.24163065201867], [72.05261818977549, 34.241626797991046], [72.0526103981119, 34.24168835749781], [72.05271590187633, 34.241697656491404], [72.05272369346486, 34.24163609697404], [72.05269902328027, 34.24163388088177], [72.05269649155407, 34.24165356097418], [72.05265970003126, 34.2416503321099], [72.05266223176582, 34.24163065201867]]]]}, "properties": {"id": "8J6J63R3+M37F", "height": 4.135551452636719, "hmax": 0.0, "ratio": 0.0, "vulnClass": "none"}}, {"type": "Feature", "geometry": {"type": "MultiPolygon", "coordinates": [[[[72.05288174182462, 34.241623313317476], [72.0528919214374, 34.241518182712305], [72.05281222127931, 34.2415128399081], [72.05280919156114, 34.241543685578414], [72.05264524259378, 34.24153271008721], [72.05263808931774, 34.24160708505945], [72.05288174182462, 34.241623313317476]]]]}, "properties": {"id": "8J6J63R3+J4CX", "height": 4.850602149963379, "hmax": 0.0, "ratio": 0.0, "vulnClass": "none"}}, {"type": "Feature", "geometry": {"type": "MultiPolygon", "coordinates": [[[[72.05259085659189, 34.24150489994469], [72.05248266544329, 34.24149797001118], [72.05247898347938, 34.24153817469909], [72.05258706622823, 34.241545102029136], [72.05259085659189, 34.24150489994469]]]]}, "properties": {"id": "8J6J63R3+J23R", "height": 3.299973011016846, "hmax": 0.0, "ratio": 0.0, "vulnClass": "none"}}, {"type": "Feature", "geometry": {"type": "MultiPolygon", "coordinates": [[[[72.05211620224627, 34.241495642187665], [72.052064664721, 34.24149196815665], [72.05206219891473, 34.24151597661311], [72.0521137364544, 34.241519650645905], [72.05211620224627, 34.241495642187665]]]]}, "properties": {"id": "8J6J63R2+JR49", "height": 2.725887298583984, "hmax": 0.0, "ratio": 0.0, "vulnClass": "none"}}, {"type": "Feature", "geometry": {"type": "MultiPolygon", "coordinates": [[[[72.05213660019233, 34.24134965301329], [72.05203227266236, 34.241343987500755], [72.0520270881682, 34.241408584373], [72.05213152422728, 34.241414252503766], [72.05213660019233, 34.24134965301329]]]]}, "properties": {"id": "8J6J63R2+HR44", "height": 2.760761737823486, "hmax": 0.0, "ratio": 0.0, "vulnClass": "none"}}, {"type": "Feature", "geometry": {"type": "MultiPolygon", "coordinates": [[[[72.05240856025247, 34.24135403369795], [72.05235930024547, 34.24135041459383], [72.05234149480071, 34.241518550879825], [72.0524314631391, 34.24152513261503], [72.05244717043813, 34.24137668683007], [72.05240646227327, 34.24137372421998], [72.05240856025247, 34.24135403369795]]]]}, "properties": {"id": "8J6J63R2+HXCP", "height": 4.391660690307617, "hmax": 0.0, "ratio": 0.0, "vulnClass": "none"}}, {"type": "Feature", "geometry": {"type": "MultiPolygon", "coordinates": [[[[72.05259774934213, 34.24136020828228], [72.05250390208455, 34.241352812211694], [72.05249874592701, 34.2413979392173], [72.05259259009179, 34.24140542536035], [72.05259774934213, 34.24136020828228]]]]}, "properties": {"id": "8J6J63R3+H234", "height": 6.073623180389404, "hmax": 0.0, "ratio": 0.0, "vulnClass": "none"}}, {"type": "Feature", "geometry": {"type": "MultiPolygon", "coordinates": [[[[72.05259259009179, 34.24140542536035], [72.0525437732686, 34.24140154656789], [72.05254017607228, 34.241433099708075], [72.05258899291334, 34.24143697850288], [72.05259259009179, 34.24140542536035]]]]}, "properties": {"id": "8J6J63R3+H28J", "height": 5.513999462127686, "hmax": 0.0, "ratio": 0.0, "vulnClass": "none"}}, {"type": "Feature", "geometry": {"type": "MultiPolygon", "coordinates": [[[[72.05288207588171, 34.24135857554085], [72.05271234017829, 34.24135169758769], [72.0527098749095, 34.24139436538154], [72.052879610698, 34.24140124334253], [72.05288207588171, 34.24135857554085]]]]}, "properties": {"id": "8J6J63R3+H433", "height": 4.056907176971436, "hmax": 0.0, "ratio": 0.0, "vulnClass": "none"}}, {"type": "Feature", "geometry": {"type": "MultiPolygon", "coordinates": [[[[72.05289548455485, 34.24144092695848], [72.05284384169545, 34.24143716058048], [72.05283555546929, 34.24151601539249], [72.05288720151769, 34.24151969171044], [72.05289548455485, 34.24144092695848]]]]}, "properties": {"id": "8J6J63R3+H4X4", "height": 5.83441162109375, "hmax": 0.0, "ratio": 0.0, "vulnClass": "none"}}, {"type": "Feature", "geometry": {"type": "MultiPolygon", "coordinates": [[[[72.05384891461996, 34.241459533681606], [72.05385294273471, 34.2413533536017], [72.0538045770188, 34.24135210026787], [72.05380343215657, 34.241381819463875], [72.05368338701037, 34.24137866187646], [72.05368039513864, 34.241455120138795], [72.05384891461996, 34.241459533681606]]]]}, "properties": {"id": "8J6J63R3+HG6G", "height": 2.928644180297852, "hmax": 0.0, "ratio": 0.0, "vulnClass": "none"}}, {"type": "Feature", "geometry": {"type": "MultiPolygon", "coordinates": [[[[72.05343385779364, 34.24175504080094], [72.05343419387098, 34.24168627085035], [72.05326445756282, 34.24168561339983], [72.05326357496972, 34.241841627254715], [72.05334562355382, 34.24184188819241], [72.05334616984658, 34.24175464427569], [72.05343385779364, 34.24175504080094]]]]}, "properties": {"id": "8J6J63R3+M8WW", "height": 4.644160747528076, "hmax": 0.0, "ratio": 0.0, "vulnClass": "none"}}, {"type": "Feature", "geometry": {"type": "MultiPolygon", "coordinates": [[[[72.05287353414411, 34.241699916481046], [72.05281923955434, 34.24169437360347], [72.05281372186536, 34.241731198902116], [72.0528680164781, 34.2417367417833], [72.05287353414411, 34.241699916481046]]]]}, "properties": {"id": "8J6J63R3+M4PQ", "height": 3.524757862091064, "hmax": 0.0, "ratio": 0.0, "vulnClass": "none"}}, {"type": "Feature", "geometry": {"type": "MultiPolygon", "coordinates": [[[[72.05343331473253, 34.24184219465672], [72.05343348550565, 34.24182173662339], [72.05334579434817, 34.241821430160286], [72.05334562355382, 34.24184188819241], [72.05343331473253, 34.24184219465672]]]]}, "properties": {"id": "8J6J63R3+P9J7", "height": 2.553896903991699, "hmax": 0.0, "ratio": 0.0, "vulnClass": "none"}}, {"type": "Feature", "geometry": {"type": "MultiPolygon", "coordinates": [[[[72.05381737560738, 34.24124964664231], [72.05376977557972, 34.24125445119879], [72.05377300935349, 34.24127688409069], [72.05382060939381, 34.2412720795336], [72.05381737560738, 34.24124964664231]]]]}, "properties": {"id": "8J6J63R3+GG3F", "height": 2.487417221069336, "hmax": 0.0, "ratio": 0.0, "vulnClass": "none"}}, {"type": "Feature", "geometry": {"type": "MultiPolygon", "coordinates": [[[[72.05381751073732, 34.241199080449874], [72.0537695318019, 34.24119918853079], [72.05376967782999, 34.241244803695956], [72.05381765679134, 34.24124469561633], [72.05381751073732, 34.241199080449874]]]]}, "properties": {"id": "8J6J63R3+FGMV", "height": 5.191286087036133, "hmax": 0.0, "ratio": 0.0, "vulnClass": "none"}}, {"type": "Feature", "geometry": {"type": "MultiPolygon", "coordinates": [[[[72.0537695318019, 34.24119918853079], [72.05372361656124, 34.24119925608466], [72.0537237594238, 34.241244961314656], [72.05376967782999, 34.241244803695956], [72.0537695318019, 34.24119918853079]]]]}, "properties": {"id": "8J6J63R3+FFQX", "height": 5.191286087036133, "hmax": 0.0, "ratio": 0.0, "vulnClass": "none"}}, {"type": "Feature", "geometry": {"type": "MultiPolygon", "coordinates": [[[[72.05191873418644, 34.239278545834104], [72.05181589447191, 34.23927075261382], [72.05180972922685, 34.23932613144934], [72.05191256586507, 34.23933401474418], [72.05191873418644, 34.239278545834104]]]]}, "properties": {"id": "8J6J63Q2+PPH4", "height": 3.383676528930664, "hmax": 0.0, "ratio": 0.0, "vulnClass": "none"}}, {"type": "Feature", "geometry": {"type": "MultiPolygon", "coordinates": [[[[72.05181525264175, 34.23905583966268], [72.05178077425631, 34.239051674675146], [72.05176200131612, 34.239157319513374], [72.05183311769352, 34.239165971888475], [72.05182648706977, 34.23920358163705], [72.05195639778145, 34.23921941790947], [72.0519855822984, 34.23905489070876], [72.05181903393209, 34.23903456710917], [72.05181525264175, 34.23905583966268]]]]}, "properties": {"id": "8J6J63Q2+JQRR", "height": 4.166462421417236, "hmax": 0.0, "ratio": 0.0, "vulnClass": "none"}}, {"type": "Feature", "geometry": {"type": "MultiPolygon", "coordinates": [[[[72.05178290277946, 34.23926130505027], [72.05169355299005, 34.23924950958017], [72.05166650514003, 34.23939011045659], [72.05175596351916, 34.239401908563686], [72.05178290277946, 34.23926130505027]]]]}, "properties": {"id": "8J6J63Q2+PMQ2", "height": 3.518046855926514, "hmax": 0.0, "ratio": 0.0, "vulnClass": "none"}}, {"type": "Feature", "geometry": {"type": "MultiPolygon", "coordinates": [[[[72.05107386676198, 34.23887745338642], [72.05097645315261, 34.2388696999486], [72.05096707015333, 34.238951953593215], [72.05111503431503, 34.23896362811757], [72.05111954343462, 34.238924615224256], [72.05106888769441, 34.23892060147666], [72.05107386676198, 34.23887745338642]]]]}, "properties": {"id": "8J6J63Q2+HC7R", "height": 4.368213653564453, "hmax": 0.0, "ratio": 0.0, "vulnClass": "none"}}, {"type": "Feature", "geometry": {"type": "MultiPolygon", "coordinates": [[[[72.05199709679124, 34.23894573592005], [72.05164103036464, 34.238919499229226], [72.05163344436146, 34.23899070877812], [72.05198950794042, 34.23901703557221], [72.05199709679124, 34.23894573592005]]]]}, "properties": {"id": "8J6J63Q2+HPPJ", "height": 5.678304195404053, "hmax": 0.0, "ratio": 0.0, "vulnClass": "none"}}, {"type": "Feature", "geometry": {"type": "MultiPolygon", "coordinates": [[[[72.05167793701874, 34.23857099872656], [72.05149195259119, 34.23854470831159], [72.05148594264782, 34.23857385967289], [72.05153033190585, 34.2385801562444], [72.05152418209806, 34.238610205657196], [72.05166577423383, 34.238630289588414], [72.05167793701874, 34.23857099872656]]]]}, "properties": {"id": "8J6J63Q2+CJPH", "height": 5.181745529174805, "hmax": 0.0, "ratio": 0.0, "vulnClass": "none"}}, {"type": "Feature", "geometry": {"type": "MultiPolygon", "coordinates": [[[[72.05150244492008, 34.238978091065945], [72.05159354442004, 34.23867533470666], [72.0515108937908, 34.23865820171533], [72.05141979716508, 34.23896086793345], [72.05150244492008, 34.238978091065945]]]]}, "properties": {"id": "8J6J63Q2+GJCJ", "height": 8.023863792419434, "hmax": 0.0, "ratio": 0.0, "vulnClass": "none"}}, {"type": "Feature", "geometry": {"type": "MultiPolygon", "coordinates": [[[[72.05107450151735, 34.23874108449695], [72.05102605254409, 34.23873604215641], [72.05102011787366, 34.23877547143806], [72.05106845842205, 34.238780511171576], [72.05107450151735, 34.23874108449695]]]]}, "properties": {"id": "8J6J63Q2+GC38", "height": 6.240365028381348, "hmax": 0.0, "ratio": 0.0, "vulnClass": "none"}}, {"type": "Feature", "geometry": {"type": "MultiPolygon", "coordinates": [[[[72.05110286260786, 34.238696606271674], [72.05119147213885, 34.238431018761325], [72.05113763557307, 34.23841863546258], [72.05104902589159, 34.238684222926274], [72.05110286260786, 34.238696606271674]]]]}, "properties": {"id": "8J6J63Q2+CCH9", "height": 3.424351215362549, "hmax": 0.0, "ratio": 0.0, "vulnClass": "none"}}, {"type": "Feature", "geometry": {"type": "MultiPolygon", "coordinates": [[[[72.05131701470535, 34.23831072691392], [72.05129499225447, 34.238307312313076], [72.05128622872259, 34.238346943948955], [72.05130825432614, 34.23835026848597], [72.05131701470535, 34.23831072691392]]]]}, "properties": {"id": "8J6J63Q2+8GM4", "height": 2.90810751914978, "hmax": 0.0, "ratio": 0.0, "vulnClass": "none"}}, {"type": "Feature", "geometry": {"type": "MultiPolygon", "coordinates": [[[[72.05512265407367, 34.23879050768933], [72.05508986363259, 34.23878773633476], [72.05508685658302, 34.2388117318755], [72.05511964389427, 34.23881459329757], [72.05512265407367, 34.23879050768933]]]]}, "properties": {"id": "8J6J63Q4+G2H3", "height": 3.118305206298828, "hmax": 0.0, "ratio": 0.0, "vulnClass": "none"}}, {"type": "Feature", "geometry": {"type": "MultiPolygon", "coordinates": [[[[72.05740731435087, 34.241497646231224], [72.05740593968481, 34.24139998973555], [72.057378250236, 34.24140031617142], [72.05737856308103, 34.24142249854756], [72.05731971374456, 34.24142306803543], [72.05732077548083, 34.2414985421514], [72.05740731435087, 34.241497646231224]]]]}, "properties": {"id": "8J6J63R4+HWQ8", "height": 2.542365074157715, "hmax": 0.0, "ratio": 0.0, "vulnClass": "none"}}, {"type": "Feature", "geometry": {"type": "MultiPolygon", "coordinates": [[[[72.05733190972146, 34.241583993526994], [72.05732656595329, 34.24150057422256], [72.05721133510453, 34.241505648493046], [72.05721894949835, 34.24162671143622], [72.05736363661936, 34.24162045176336], [72.0573612605005, 34.241582715451514], [72.05733190972146, 34.241583993526994]]]]}, "properties": {"id": "8J6J63R4+JWCQ", "height": 3.152350187301636, "hmax": 0.0, "ratio": 0.0, "vulnClass": "none"}}, {"type": "Feature", "geometry": {"type": "MultiPolygon", "coordinates": [[[[72.05736572323131, 34.241654034602135], [72.05736363661936, 34.24162045176336], [72.05730993633003, 34.24162276747913], [72.0573121313716, 34.24165635292286], [72.05736572323131, 34.241654034602135]]]]}, "properties": {"id": "8J6J63R4+MW4H", "height": 2.728037118911743, "hmax": 0.0, "ratio": 0.0, "vulnClass": "none"}}, {"type": "Feature", "geometry": {"type": "MultiPolygon", "coordinates": [[[[72.05730993633003, 34.24162276747913], [72.05721894949835, 34.24162671143622], [72.0572248251043, 34.2417197886797], [72.05731581203669, 34.2417158447235], [72.05730993633003, 34.24162276747913]]]]}, "properties": {"id": "8J6J63R4+MW6W", "height": 2.883439064025879, "hmax": 0.0, "ratio": 0.0, "vulnClass": "none"}}, {"type": "Feature", "geometry": {"type": "MultiPolygon", "coordinates": [[[[72.05733022264815, 34.24176955477858], [72.05725018564607, 34.241767632148665], [72.05724679452075, 34.241864993869065], [72.05732694006609, 34.24186691911112], [72.05733022264815, 34.24176955477858]]]]}, "properties": {"id": "8J6J63R4+PWFJ", "height": 3.388816595077515, "hmax": 0.0, "ratio": 0.0, "vulnClass": "none"}}, {"type": "Feature", "geometry": {"type": "MultiPolygon", "coordinates": [[[[72.05735002570964, 34.24173388365002], [72.057313567744, 34.241739768506264], [72.05731933001805, 34.24176442546929], [72.05735578485728, 34.24175863067825], [72.05735002570964, 34.24173388365002]]]]}, "properties": {"id": "8J6J63R4+MWWW", "height": 2.806012868881226, "hmax": 0.0, "ratio": 0.0, "vulnClass": "none"}}, {"type": "Feature", "geometry": {"type": "MultiPolygon", "coordinates": [[[[72.05790420550538, 34.24179100337191], [72.05774770183793, 34.24179995454495], [72.05775366439458, 34.24187185056217], [72.05791017133218, 34.24186280932209], [72.05790420550538, 34.24179100337191]]]]}, "properties": {"id": "8J6J63R5+P4P8", "height": 3.298418045043945, "hmax": 0.0, "ratio": 0.0, "vulnClass": "none"}}, {"type": "Feature", "geometry": {"type": "MultiPolygon", "coordinates": [[[[72.0579604657269, 34.241684004191455], [72.05791798290942, 34.24168523744908], [72.05792078929832, 34.24175426326894], [72.05796326901438, 34.241753120078556], [72.0579604657269, 34.241684004191455]]]]}, "properties": {"id": "8J6J63R5+M5PJ", "height": 6.938381195068359, "hmax": 0.0, "ratio": 0.0, "vulnClass": "none"}}, {"type": "Feature", "geometry": {"type": "MultiPolygon", "coordinates": [[[[72.05996321703938, 34.24057538691065], [72.05990644254481, 34.240572491926706], [72.05989697651187, 34.240697922405566], [72.0599537479558, 34.24070090746479], [72.05996321703938, 34.24057538691065]]]]}, "properties": {"id": "8J6J63R5+7X3H", "height": 3.060276985168457, "hmax": 0.0, "ratio": 0.0, "vulnClass": "none"}}, {"type": "Feature", "geometry": {"type": "MultiPolygon", "coordinates": [[[[72.05988688141062, 34.24074473413869], [72.0598363072715, 34.2407414470779], [72.05983113253207, 34.24079657979984], [72.05988159825348, 34.24079986426161], [72.05988688141062, 34.24074473413869]]]]}, "properties": {"id": "8J6J63R5+8W5V", "height": 2.522594928741455, "hmax": 0.0, "ratio": 0.0, "vulnClass": "none"}}, {"type": "Feature", "geometry": {"type": "MultiPolygon", "coordinates": [[[[72.06030958387377, 34.24075280508793], [72.0598887544594, 34.24072521832272], [72.05988159825348, 34.24079986426161], [72.06030253335062, 34.240827543739385], [72.06030958387377, 34.24075280508793]]]]}, "properties": {"id": "8J6J63R6+8292", "height": 3.125873804092407, "hmax": 0.0, "ratio": 0.0, "vulnClass": "none"}}, {"type": "Feature", "geometry": {"type": "MultiPolygon", "coordinates": [[[[72.06000488760748, 34.24126813512111], [72.06001411060805, 34.241193358495345], [72.0599787224305, 34.24119034579573], [72.05997554862685, 34.24121605017831], [72.05990433845751, 34.2412100143345], [72.05989348988568, 34.24129719150173], [72.05996469699276, 34.24130331742212], [72.05996939094848, 34.24126511981447], [72.06000488760748, 34.24126813512111]]]]}, "properties": {"id": "8J6J63R5+FXWV", "height": 2.920099020004272, "hmax": 0.0, "ratio": 0.0, "vulnClass": "none"}}, {"type": "Feature", "geometry": {"type": "MultiPolygon", "coordinates": [[[[72.06159743057042, 34.24153900092033], [72.06159241762778, 34.24149588302117], [72.06144373751458, 34.241507730869955], [72.06144875038106, 34.24155084877123], [72.06159743057042, 34.24153900092033]]]]}, "properties": {"id": "8J6J63R6+JJ2W", "height": 2.741067886352539, "hmax": 0.0, "ratio": 0.0, "vulnClass": "none"}}, {"type": "Feature", "geometry": {"type": "MultiPolygon", "coordinates": [[[[72.06137857498943, 34.242086140271894], [72.0612841378891, 34.242092528452204], [72.06130065209301, 34.242260588401194], [72.06139508938202, 34.24225420021799], [72.06137857498943, 34.242086140271894]]]]}, "properties": {"id": "8J6J63R6+VG8X", "height": 5.044703006744385, "hmax": 0.0, "ratio": 0.0, "vulnClass": "none"}}, {"type": "Feature", "geometry": {"type": "MultiPolygon", "coordinates": [[[[72.06159645360923, 34.24207892707217], [72.0615918759968, 34.242048259189765], [72.06151039679762, 34.24205658091588], [72.0615148690609, 34.24208715613163], [72.06159645360923, 34.24207892707217]]]]}, "properties": {"id": "8J6J63R6+RJFP", "height": 3.265182733535767, "hmax": 0.0, "ratio": 0.0, "vulnClass": "none"}}, {"type": "Feature", "geometry": {"type": "MultiPolygon", "coordinates": [[[[72.06152611742274, 34.242119516440184], [72.06152181829125, 34.24206523807677], [72.06138707660227, 34.2420726426546], [72.06139137564678, 34.242126921018226], [72.06152611742274, 34.242119516440184]]]]}, "properties": {"id": "8J6J63R6+RHPW", "height": 3.265182733535767, "hmax": 0.0, "ratio": 0.0, "vulnClass": "none"}}, {"type": "Feature", "geometry": {"type": "MultiPolygon", "coordinates": [[[[72.06159758348574, 34.241949690787315], [72.06151297612641, 34.241954331810746], [72.06151961293436, 34.24203814262756], [72.06160422037802, 34.24203350160394], [72.06159758348574, 34.241949690787315]]]]}, "properties": {"id": "8J6J63R6+QJVQ", "height": 3.085207939147949, "hmax": 0.0, "ratio": 0.0, "vulnClass": "none"}}, {"type": "Feature", "geometry": {"type": "MultiPolygon", "coordinates": [[[[72.06183506633242, 34.24159409846192], [72.06179305921371, 34.24159101767091], [72.06178921917417, 34.24162653159552], [72.0618313347617, 34.2416296149899], [72.06183506633242, 34.24159409846192]]]]}, "properties": {"id": "8J6J63R6+JPVH", "height": 2.620773077011108, "hmax": 0.0, "ratio": 0.0, "vulnClass": "none"}}, {"type": "Feature", "geometry": {"type": "MultiPolygon", "coordinates": [[[[72.06188911168823, 34.24169734512908], [72.06187328081326, 34.24162196742417], [72.06165095054779, 34.24165422394684], [72.06166678122595, 34.24172960167018], [72.06188911168823, 34.24169734512908]]]]}, "properties": {"id": "8J6J63R6+MPC4", "height": 2.971171855926514, "hmax": 0.0, "ratio": 0.0, "vulnClass": "none"}}, {"type": "Feature", "geometry": {"type": "MultiPolygon", "coordinates": [[[[72.06233654214532, 34.241387711375864], [72.06231861934616, 34.24130381021631], [72.06214678477254, 34.241329165805176], [72.06216470740249, 34.24141306698101], [72.06233654214532, 34.241387711375864]]]]}, "properties": {"id": "8J6J63R6+GVX8", "height": 2.907370328903198, "hmax": 0.0, "ratio": 0.0, "vulnClass": "none"}}, {"type": "Feature", "geometry": {"type": "MultiPolygon", "coordinates": [[[[72.06253625234193, 34.241156869495214], [72.06251698236822, 34.24109610251525], [72.06238803531451, 34.241124199537026], [72.0624073020673, 34.24118505659935], [72.06253625234193, 34.241156869495214]]]]}, "properties": {"id": "8J6J63R6+FX4Q", "height": 2.759345293045044, "hmax": 0.0, "ratio": 0.0, "vulnClass": "none"}}, {"type": "Feature", "geometry": {"type": "MultiPolygon", "coordinates": [[[[72.06164333056954, 34.2409338980056], [72.06154622972105, 34.240932650618774], [72.0615424636257, 34.24113456814784], [72.06163956470596, 34.24113581554968], [72.06164333056954, 34.2409338980056]]]]}, "properties": {"id": "8J6J63R6+CJ89", "height": 3.743391036987305, "hmax": 0.0, "ratio": 0.0, "vulnClass": "none"}}, {"type": "Feature", "geometry": {"type": "MultiPolygon", "coordinates": [[[[72.06199234624192, 34.24111020323463], [72.06197565356716, 34.24101903004514], [72.06188135197752, 34.24103092062536], [72.06189804455083, 34.24112209382242], [72.06199234624192, 34.24111020323463]]]]}, "properties": {"id": "8J6J63R6+CQFX", "height": 3.252151012420654, "hmax": 0.0, "ratio": 0.0, "vulnClass": "none"}}, {"type": "Feature", "geometry": {"type": "MultiPolygon", "coordinates": [[[[72.0618864370521, 34.241046997693196], [72.06179095303425, 34.24105543445285], [72.06179734226394, 34.24110579670588], [72.06189293165768, 34.241097452612024], [72.0618864370521, 34.241046997693196]]]]}, "properties": {"id": "8J6J63R6+CPP5", "height": 3.435938358306885, "hmax": 0.0, "ratio": 0.0, "vulnClass": "none"}}, {"type": "Feature", "geometry": {"type": "MultiPolygon", "coordinates": [[[[72.06201258578278, 34.241221112410194], [72.06199234624192, 34.24111020323463], [72.06189804455083, 34.24112209382242], [72.0619182839683, 34.241233003007096], [72.06201258578278, 34.241221112410194]]]]}, "properties": {"id": "8J6J63R6+FQ8W", "height": 3.193947315216064, "hmax": 0.0, "ratio": 0.0, "vulnClass": "none"}}, {"type": "Feature", "geometry": {"type": "MultiPolygon", "coordinates": [[[[72.06177050560404, 34.2411877229653], [72.06176793643378, 34.24110554212191], [72.06168223093232, 34.2411074526927], [72.06168480001892, 34.24118963353355], [72.06177050560404, 34.2411877229653]]]]}, "properties": {"id": "8J6J63R6+FM5R", "height": 3.704661130905151, "hmax": 0.0, "ratio": 0.0, "vulnClass": "none"}}, {"type": "Feature", "geometry": {"type": "MultiPolygon", "coordinates": [[[[72.0613683834499, 34.24090305469088], [72.06129484235635, 34.240882901621156], [72.06121466996807, 34.24108460875915], [72.06130777695563, 34.24111018904361], [72.06137033847769, 34.2409529500241], [72.06135066431338, 34.24094752027512], [72.0613683834499, 34.24090305469088]]]]}, "properties": {"id": "8J6J63R6+9GVW", "height": 2.862386226654053, "hmax": 0.0, "ratio": 0.0, "vulnClass": "none"}}, {"type": "Feature", "geometry": {"type": "MultiPolygon", "coordinates": [[[[72.06156322956484, 34.240425109089315], [72.06149106693486, 34.24041526538166], [72.0614765595129, 34.24048910413031], [72.06158512577332, 34.24050396756427], [72.06159670533019, 34.240445653112076], [72.06156019020158, 34.2404407208675], [72.06156322956484, 34.240425109089315]]]]}, "properties": {"id": "8J6J63R6+5JMC", "height": 3.796669483184814, "hmax": 0.0, "ratio": 0.0, "vulnClass": "none"}}, {"type": "Feature", "geometry": {"type": "MultiPolygon", "coordinates": [[[[72.0616462646325, 34.240403213181416], [72.06151647173513, 34.24035890511578], [72.06150409273835, 34.24038402818419], [72.06163388566586, 34.24042833626446], [72.0616462646325, 34.240403213181416]]]]}, "properties": {"id": "8J6J63R6+5J4M", "height": 3.195964813232422, "hmax": 0.116, "ratio": 0.036, "vulnClass": "low"}}, {"type": "Feature", "geometry": {"type": "MultiPolygon", "coordinates": [[[[72.06163024502476, 34.24033639439504], [72.0615673433637, 34.240328665844444], [72.06155868609697, 34.240377855921295], [72.06162158779321, 34.24038558447815], [72.06163024502476, 34.24033639439504]]]]}, "properties": {"id": "8J6J63R6+4JX6", "height": 3.075376987457275, "hmax": 0.116, "ratio": 0.038, "vulnClass": "low"}}, {"type": "Feature", "geometry": {"type": "MultiPolygon", "coordinates": [[[[72.06176227739348, 34.24034127392144], [72.06167101510779, 34.24033133278733], [72.06166282811027, 34.240382607415434], [72.06175419889942, 34.24039255115956], [72.06176227739348, 34.24034127392144]]]]}, "properties": {"id": "8J6J63R6+4MWH", "height": 2.733368158340454, "hmax": 0.116, "ratio": 0.043, "vulnClass": "low"}}, {"type": "Feature", "geometry": {"type": "MultiPolygon", "coordinates": [[[[72.06194697126801, 34.24043611589928], [72.06186040977961, 34.24042520594127], [72.06183975280081, 34.24053855966728], [72.06203070453194, 34.24056270011817], [72.06205146971509, 34.24044934894822], [72.0619931165513, 34.24044190998099], [72.06198574561486, 34.2404822068998], [72.06193960031047, 34.24047641281422], [72.06194697126801, 34.24043611589928]]]]}, "properties": {"id": "8J6J63R6+5QWR", "height": 2.764379501342773, "hmax": 0.0, "ratio": 0.0, "vulnClass": "none"}}, {"type": "Feature", "geometry": {"type": "MultiPolygon", "coordinates": [[[[72.06175215719503, 34.2404668692189], [72.06159670533019, 34.240445653112076], [72.06158512577332, 34.24050396756427], [72.0617406861905, 34.24052518629222], [72.06175215719503, 34.2404668692189]]]]}, "properties": {"id": "8J6J63R6+5MVF", "height": 2.927113056182861, "hmax": 0.0, "ratio": 0.0, "vulnClass": "none"}}, {"type": "Feature", "geometry": {"type": "MultiPolygon", "coordinates": [[[[72.0616158698389, 34.24022229057761], [72.06164904058745, 34.24012987952651], [72.0615940488504, 34.24011630121346], [72.06156087804922, 34.240208712247004], [72.0616158698389, 34.24022229057761]]]]}, "properties": {"id": "8J6J63R6+3J9M", "height": 3.217051029205322, "hmax": 0.116, "ratio": 0.036, "vulnClass": "low"}}, {"type": "Feature", "geometry": {"type": "MultiPolygon", "coordinates": [[[[72.06178826341151, 34.240012248413535], [72.06166206472007, 34.239986325516675], [72.06163872811655, 34.240064369473274], [72.06176492691388, 34.24009029239958], [72.06178826341151, 34.240012248413535]]]]}, "properties": {"id": "8J6J63R6+2M8H", "height": 3.708971977233887, "hmax": 0.0, "ratio": 0.0, "vulnClass": "none"}}, {"type": "Feature", "geometry": {"type": "MultiPolygon", "coordinates": [[[[72.06180504326642, 34.23976692415396], [72.06175350213903, 34.239757124494304], [72.06174320421812, 34.23979419623253], [72.06179474536629, 34.239803995897596], [72.06180504326642, 34.23976692415396]]]]}, "properties": {"id": "8J6J63Q6+WP69", "height": 3.266773700714111, "hmax": 0.0, "ratio": 0.0, "vulnClass": "none"}}, {"type": "Feature", "geometry": {"type": "MultiPolygon", "coordinates": [[[[72.06092114454806, 34.239359914302234], [72.06070418252251, 34.23936282167796], [72.06070521513072, 34.239417382262786], [72.06081695280142, 34.23941591661663], [72.06081877908812, 34.23951006851026], [72.06092400370103, 34.2395086267907], [72.06092370748922, 34.239489058905114], [72.06088276908886, 34.23948960914396], [72.06088123893264, 34.239415025132736], [72.0609222857453, 34.23941447749434], [72.06092114454806, 34.239359914302234]]]]}, "properties": {"id": "8J6J63Q6+Q88P", "height": 2.501291751861572, "hmax": 0.0, "ratio": 0.0, "vulnClass": "none"}}, {"type": "Feature", "geometry": {"type": "MultiPolygon", "coordinates": [[[[72.06156406067564, 34.24020770688428], [72.06151737111769, 34.24032368122662], [72.06155908315954, 34.24033522835098], [72.06157691048551, 34.24029076532164], [72.06166184033744, 34.24031425619948], [72.06169059087816, 34.240242832310535], [72.06156406067564, 34.24020770688428]]]]}, "properties": {"id": "8J6J63R6+4J5M", "height": 3.78092622756958, "hmax": 0.116, "ratio": 0.031, "vulnClass": "low"}}, {"type": "Feature", "geometry": {"type": "MultiPolygon", "coordinates": [[[[72.06064266193866, 34.24019840260696], [72.06041655116717, 34.240152233032795], [72.06039257085311, 34.2402331458082], [72.0606186786883, 34.240279405503344], [72.06064266193866, 34.24019840260696]]]]}, "properties": {"id": "8J6J63R6+36JP", "height": 2.813844680786133, "hmax": 0.0, "ratio": 0.0, "vulnClass": "none"}}, {"type": "Feature", "geometry": {"type": "MultiPolygon", "coordinates": [[[[72.06031460444694, 34.24009687346586], [72.06021834583261, 34.24008392682604], [72.06019694453954, 34.24019365668583], [72.06032183271967, 34.24021044532079], [72.06032818204464, 34.240177695919925], [72.06029955260877, 34.24017385394978], [72.06031460444694, 34.24009687346586]]]]}, "properties": {"id": "8J6J63R6+342V", "height": 4.012869834899902, "hmax": 0.0, "ratio": 0.0, "vulnClass": "none"}}, {"type": "Feature", "geometry": {"type": "MultiPolygon", "coordinates": [[[[72.06052613715245, 34.239778971174346], [72.06049742445559, 34.2397744061215], [72.06049153966929, 34.239800045477985], [72.06052025237435, 34.239804610532644], [72.06052613715245, 34.239778971174346]]]]}, "properties": {"id": "8J6J63Q6+W66F", "height": 2.797285079956055, "hmax": 0.0, "ratio": 0.0, "vulnClass": "none"}}, {"type": "Feature", "geometry": {"type": "MultiPolygon", "coordinates": [[[[72.06010814304038, 34.23988215895353], [72.06006679383852, 34.23987891309899], [72.06006041073456, 34.23993446755219], [72.06010164838017, 34.239937800874294], [72.06010814304038, 34.23988215895353]]]]}, "properties": {"id": "8J6J63Q6+X288", "height": 4.456403255462646, "hmax": 0.0, "ratio": 0.0, "vulnClass": "none"}}, {"type": "Feature", "geometry": {"type": "MultiPolygon", "coordinates": [[[[72.06005395079343, 34.239932960395954], [72.06000900081196, 34.23993025910031], [72.05999812209998, 34.24005574584193], [72.06004307214731, 34.240058447144975], [72.06005395079343, 34.239932960395954]]]]}, "properties": {"id": "8J6J63Q6+X2RQ", "height": 5.106008529663086, "hmax": 0.0, "ratio": 0.0, "vulnClass": "none"}}, {"type": "Feature", "geometry": {"type": "MultiPolygon", "coordinates": [[[[72.06003417056611, 34.240064723728416], [72.05998694934857, 34.240061787632264], [72.05997893958641, 34.240148492103884], [72.06002615771787, 34.24015151827217], [72.06003417056611, 34.240064723728416]]]]}, "properties": {"id": "8J6J63R6+22R6", "height": 5.736268520355225, "hmax": 0.0, "ratio": 0.0, "vulnClass": "none"}}, {"type": "Feature", "geometry": {"type": "MultiPolygon", "coordinates": [[[[72.06008978369148, 34.24005731460676], [72.06005268652888, 34.24005975957884], [72.06005524182767, 34.24008614231007], [72.06009233900191, 34.24008369733782], [72.06008978369148, 34.24005731460676]]]]}, "properties": {"id": "8J6J63R6+22GV", "height": 3.059800148010254, "hmax": 0.0, "ratio": 0.0, "vulnClass": "none"}}, {"type": "Feature", "geometry": {"type": "MultiPolygon", "coordinates": [[[[72.06030438125296, 34.23960454396695], [72.06005267176222, 34.239598503585206], [72.06004954424378, 34.23968839005734], [72.0603011455525, 34.239694427856946], [72.06030438125296, 34.23960454396695]]]]}, "properties": {"id": "8J6J63Q6+V33W", "height": 3.027498960494995, "hmax": 0.0, "ratio": 0.0, "vulnClass": "none"}}, {"type": "Feature", "geometry": {"type": "MultiPolygon", "coordinates": [[[[72.06016525405397, 34.238749184852935], [72.0601681450968, 34.23866920828934], [72.05970096267544, 34.23865772589641], [72.05969806805798, 34.238737792492756], [72.06016525405397, 34.238749184852935]]]]}, "properties": {"id": "8J6J63Q5+FXM5", "height": 3.139391422271729, "hmax": 0.0, "ratio": 0.0, "vulnClass": "none"}}, {"type": "Feature", "geometry": {"type": "MultiPolygon", "coordinates": [[[[72.06049389804313, 34.238552899710704], [72.06039337234776, 34.23855346228505], [72.06039372328723, 34.23859953318276], [72.06049424590434, 34.238599060677636], [72.06049389804313, 34.238552899710704]]]]}, "properties": {"id": "8J6J63Q6+C5P2", "height": 5.165314674377441, "hmax": 0.0, "ratio": 0.0, "vulnClass": "none"}}, {"type": "Feature", "geometry": {"type": "MultiPolygon", "coordinates": [[[[72.06053536568604, 34.2385527228556], [72.06049389804313, 34.238552899710704], [72.06049640983512, 34.23890189902198], [72.06053788078275, 34.23890163210829], [72.06053536568604, 34.2385527228556]]]]}, "properties": {"id": "8J6J63Q6+F6R4", "height": 5.165314674377441, "hmax": 0.0, "ratio": 0.0, "vulnClass": "none"}}, {"type": "Feature", "geometry": {"type": "MultiPolygon", "coordinates": [[[[72.06182853655945, 34.23798006442374], [72.06181248302978, 34.237904861641894], [72.06167557127159, 34.23792492468654], [72.06169162468042, 34.238000127479985], [72.06182853655945, 34.23798006442374]]]]}, "properties": {"id": "8J6J63Q6+5PJ2", "height": 2.443925380706787, "hmax": 0.0, "ratio": 0.0, "vulnClass": "none"}}, {"type": "Feature", "geometry": {"type": "MultiPolygon", "coordinates": [[[[72.06181370761561, 34.238113118758584], [72.06178664557905, 34.23798618093665], [72.06169162468042, 34.238000127479985], [72.06171857812842, 34.23812706271446], [72.06181370761561, 34.238113118758584]]]]}, "properties": {"id": "8J6J63Q6+6PC6", "height": 2.525684356689453, "hmax": 0.0, "ratio": 0.0, "vulnClass": "none"}}, {"type": "Feature", "geometry": {"type": "MultiPolygon", "coordinates": [[[[72.0610282112197, 34.237314550123834], [72.0608250039424, 34.237321573791746], [72.06083663683053, 34.237555049869236], [72.06107842137621, 34.23754669810289], [72.06107616065874, 34.23750247435575], [72.06098368506238, 34.23750566439799], [72.06097940448612, 34.237419656510944], [72.06093343784956, 34.23742125801077], [72.06093195541673, 34.23739210662496], [72.06103192932176, 34.23738864579172], [72.0610282112197, 34.237314550123834]]]]}, "properties": {"id": "8J6J63P6+X9FG", "height": 2.997355222702026, "hmax": 0.0, "ratio": 0.0, "vulnClass": "none"}}, {"type": "Feature", "geometry": {"type": "MultiPolygon", "coordinates": [[[[72.06107962376092, 34.237003441909955], [72.06107842156919, 34.23697871419769], [72.06100409765939, 34.23698116787068], [72.06100529982929, 34.23700589558253], [72.06107962376092, 34.237003441909955]]]]}, "properties": {"id": "8J6J63P6+QCVM", "height": 3.268713474273682, "hmax": 0.0, "ratio": 0.0, "vulnClass": "none"}}, {"type": "Feature", "geometry": {"type": "MultiPolygon", "coordinates": [[[[72.06118293452757, 34.236941468770354], [72.0611383810728, 34.236943014112775], [72.06114917472081, 34.23716943899558], [72.06123936319455, 34.23716646437972], [72.0612378297704, 34.2371325342514], [72.0611920833118, 34.237134050992836], [72.06118293452757, 34.236941468770354]]]]}, "properties": {"id": "8J6J63P6+RFFP", "height": 2.527609825134277, "hmax": 0.0, "ratio": 0.0, "vulnClass": "none"}}, {"type": "Feature", "geometry": {"type": "MultiPolygon", "coordinates": [[[[72.06112922075226, 34.237053488587335], [72.06106880599728, 34.23705546468453], [72.06107049359743, 34.23709120134933], [72.06113090837808, 34.237089225252625], [72.06112922075226, 34.237053488587335]]]]}, "properties": {"id": "8J6J63P6+RCHR", "height": 2.566214084625244, "hmax": 0.0, "ratio": 0.0, "vulnClass": "none"}}, {"type": "Feature", "geometry": {"type": "MultiPolygon", "coordinates": [[[[72.06152537033647, 34.237343963355], [72.06152083038437, 34.237212337456775], [72.06148563444093, 34.237213205949004], [72.06148778732855, 34.237273021654744], [72.06134222870527, 34.23727647112867], [72.06134483248248, 34.23734828651862], [72.06152537033647, 34.237343963355]]]]}, "properties": {"id": "8J6J63P6+WHG2", "height": 3.30315899848938, "hmax": 0.0, "ratio": 0.0, "vulnClass": "none"}}, {"type": "Feature", "geometry": {"type": "MultiPolygon", "coordinates": [[[[72.06134222870527, 34.23727647112867], [72.06130594514636, 34.23727740362141], [72.06130720845742, 34.237312859681666], [72.06134348889948, 34.23731201725608], [72.06134222870527, 34.23727647112867]]]]}, "properties": {"id": "8J6J63P6+WG8M", "height": 2.909140825271606, "hmax": 0.0, "ratio": 0.0, "vulnClass": "none"}}, {"type": "Feature", "geometry": {"type": "MultiPolygon", "coordinates": [[[[72.0556452042171, 34.236440453891966], [72.05558368531453, 34.236446096559355], [72.05558913023275, 34.23648607005932], [72.05565054385829, 34.23648033471814], [72.0556452042171, 34.236440453891966]]]]}, "properties": {"id": "8J6J63P4+H6QG", "height": 5.220991611480713, "hmax": 0.0, "ratio": 0.0, "vulnClass": "none"}}, {"type": "Feature", "geometry": {"type": "MultiPolygon", "coordinates": [[[[72.05823427572284, 34.23626368498288], [72.0582302205125, 34.23622428578592], [72.05817625347207, 34.23622812798571], [72.05818031179253, 34.236267437116645], [72.05823427572284, 34.23626368498288]]]]}, "properties": {"id": "8J6J63P5+F7WW", "height": 2.849360704421997, "hmax": 0.0, "ratio": 0.0, "vulnClass": "none"}}, {"type": "Feature", "geometry": {"type": "MultiPolygon", "coordinates": [[[[72.06046947645362, 34.234484211678705], [72.06047134646528, 34.23445541114493], [72.06041792207789, 34.234453047600574], [72.06041616049036, 34.23448185073454], [72.06046947645362, 34.234484211678705]]]]}, "properties": {"id": "8J6J63M6+Q5PJ", "height": 4.30704927444458, "hmax": 0.0, "ratio": 0.0, "vulnClass": "none"}}, {"type": "Feature", "geometry": {"type": "MultiPolygon", "coordinates": [[[[72.06025543906533, 34.234802775473675], [72.06024460592097, 34.23469299315688], [72.06015191845793, 34.23469924239537], [72.06016274834826, 34.23480911478075], [72.06025543906533, 34.234802775473675]]]]}, "properties": {"id": "8J6J63M6+W344", "height": 4.688564300537109, "hmax": 0.0, "ratio": 0.0, "vulnClass": "none"}}, {"type": "Feature", "geometry": {"type": "MultiPolygon", "coordinates": [[[[72.06063507517649, 34.23632590724212], [72.0604820027937, 34.23631763730299], [72.06047052917897, 34.23646339181802], [72.06067863223795, 34.23647469480003], [72.06068470697515, 34.23639677769167], [72.06052914649395, 34.23638826782916], [72.06053183955285, 34.23635452924709], [72.0606323727621, 34.236359916028896], [72.06063507517649, 34.23632590724212]]]]}, "properties": {"id": "8J6J63P6+H682", "height": 4.247024059295654, "hmax": 0.0, "ratio": 0.0, "vulnClass": "none"}}, {"type": "Feature", "geometry": {"type": "MultiPolygon", "coordinates": [[[[72.06192779887988, 34.23461312095538], [72.06191128174358, 34.2345356535054], [72.06148745588209, 34.23459823326839], [72.06150397263315, 34.234675700755346], [72.06192779887988, 34.23461312095538]]]]}, "properties": {"id": "8J6J63M6+RMW8", "height": 3.620997667312622, "hmax": 0.0, "ratio": 0.0, "vulnClass": "none"}}, {"type": "Feature", "geometry": {"type": "MultiPolygon", "coordinates": [[[[72.06212890858048, 34.234219786796174], [72.06205113145502, 34.234224862626256], [72.06205398647636, 34.234255128637145], [72.0621317636298, 34.234250052806715], [72.06212890858048, 34.234219786796174]]]]}, "properties": {"id": "8J6J63M6+MRWH", "height": 3.132146120071411, "hmax": 0.0, "ratio": 0.0, "vulnClass": "none"}}, {"type": "Feature", "geometry": {"type": "MultiPolygon", "coordinates": [[[[72.06218256574546, 34.23424667377747], [72.06217970754699, 34.23421649783402], [72.06212890858048, 34.234219786796174], [72.0621317636298, 34.234250052806715], [72.06218256574546, 34.23424667377747]]]]}, "properties": {"id": "8J6J63M6+MVR9", "height": 2.973219394683838, "hmax": 0.0, "ratio": 0.0, "vulnClass": "none"}}, {"type": "Feature", "geometry": {"type": "MultiPolygon", "coordinates": [[[[72.06218983249818, 34.23431238121443], [72.06216206390934, 34.234315050592755], [72.0621672491943, 34.23435321482845], [72.06219501466482, 34.23435063551648], [72.06218983249818, 34.23431238121443]]]]}, "properties": {"id": "8J6J63M6+PVM8", "height": 3.4465651512146, "hmax": 0.0, "ratio": 0.0, "vulnClass": "none"}}, {"type": "Feature", "geometry": {"type": "MultiPolygon", "coordinates": [[[[72.06217970754699, 34.23421649783402], [72.06217788652059, 34.23419707365127], [72.06194901383812, 34.23421204744493], [72.06195083481167, 34.23423147162832], [72.06217970754699, 34.23421649783402]]]]}, "properties": {"id": "8J6J63M6+MRPC", "height": 3.952420949935913, "hmax": 0.0, "ratio": 0.0, "vulnClass": "none"}}, {"type": "Feature", "geometry": {"type": "MultiPolygon", "coordinates": [[[[72.06223385076277, 34.23406392385357], [72.06218567640872, 34.23406664478351], [72.06219552015507, 34.234186228750644], [72.06224369457762, 34.23418350782038], [72.06223385076277, 34.23406392385357]]]]}, "properties": {"id": "8J6J63M6+MV45", "height": 3.700247764587402, "hmax": 0.0, "ratio": 0.0, "vulnClass": "none"}}, {"type": "Feature", "geometry": {"type": "MultiPolygon", "coordinates": [[[[72.06252557572267, 34.23384249903052], [72.06248535529697, 34.23384432908508], [72.06248750347319, 34.23387620069844], [72.06252761234207, 34.233874458110826], [72.06252557572267, 34.23384249903052]]]]}, "properties": {"id": "8J6J63M7+G2R6", "height": 2.445470333099365, "hmax": 0.0, "ratio": 0.0, "vulnClass": "none"}}, {"type": "Feature", "geometry": {"type": "MultiPolygon", "coordinates": [[[[72.06250577734484, 34.23378135880503], [72.06246197725221, 34.23378625799293], [72.06247110362067, 34.23384218453737], [72.06251490374225, 34.23383728534773], [72.06250577734484, 34.23378135880503]]]]}, "properties": {"id": "8J6J63M6+GXHG", "height": 2.679834842681885, "hmax": 0.0, "ratio": 0.0, "vulnClass": "none"}}, {"type": "Feature", "geometry": {"type": "MultiPolygon", "coordinates": [[[[72.06232172929133, 34.2335902618735], [72.06228450151131, 34.23359342560988], [72.06229279951711, 34.23366069018723], [72.06233002732684, 34.23365752644989], [72.06232172929133, 34.2335902618735]]]]}, "properties": {"id": "8J6J63M6+FW35", "height": 2.465048789978027, "hmax": 0.0, "ratio": 0.0, "vulnClass": "none"}}, {"type": "Feature", "geometry": {"type": "MultiPolygon", "coordinates": [[[[72.06269869029458, 34.2334925719644], [72.06268846551795, 34.233405790547714], [72.06243650420964, 34.23342625127974], [72.06244672872661, 34.233513032703904], [72.06269869029458, 34.2334925719644]]]]}, "properties": {"id": "8J6J63M7+92P6", "height": 2.780065774917603, "hmax": 0.0, "ratio": 0.0, "vulnClass": "none"}}, {"type": "Feature", "geometry": {"type": "MultiPolygon", "coordinates": [[[[72.06245670356599, 34.233578895208254], [72.06244738588457, 34.233503493413856], [72.06227529242516, 34.23351802641064], [72.06228450151131, 34.23359342560988], [72.06245670356599, 34.233578895208254]]]]}, "properties": {"id": "8J6J63M6+CW9W", "height": 3.166997909545898, "hmax": 0.0, "ratio": 0.0, "vulnClass": "none"}}, {"type": "Feature", "geometry": {"type": "MultiPolygon", "coordinates": [[[[72.0622801857207, 34.23355834705053], [72.06227551243812, 34.23351794154425], [72.06216624306873, 34.23352667928709], [72.06217091316806, 34.2335671748617], [72.0622801857207, 34.23355834705053]]]]}, "properties": {"id": "8J6J63M6+CV9J", "height": 3.145355701446533, "hmax": 0.0, "ratio": 0.0, "vulnClass": "none"}}, {"type": "Feature", "geometry": {"type": "MultiPolygon", "coordinates": [[[[72.06211099928476, 34.23353608146424], [72.06202007522397, 34.23354471813624], [72.06202398447438, 34.233572755881774], [72.0621148001242, 34.233564116608086], [72.06211099928476, 34.23353608146424]]]]}, "properties": {"id": "8J6J63M6+CRG2", "height": 3.010602951049805, "hmax": 0.0, "ratio": 0.0, "vulnClass": "none"}}, {"type": "Feature", "geometry": {"type": "MultiPolygon", "coordinates": [[[[72.06208532774164, 34.233575218461816], [72.06203905039361, 34.23357645241879], [72.06204311666504, 34.23368426954255], [72.06208939407234, 34.23368303558715], [72.06208532774164, 34.233575218461816]]]]}, "properties": {"id": "8J6J63M6+FR42", "height": 2.649333477020264, "hmax": 0.0, "ratio": 0.0, "vulnClass": "none"}}, {"type": "Feature", "geometry": {"type": "MultiPolygon", "coordinates": [[[[72.06074000589298, 34.23384258209508], [72.0607463423046, 34.233800818130106], [72.06063701509673, 34.23378936131891], [72.0605895804741, 34.234104711442264], [72.06063640730589, 34.23410953073278], [72.06067749905263, 34.23383612467622], [72.06074000589298, 34.23384258209508]]]]}, "properties": {"id": "8J6J63M6+H7C4", "height": 3.478759050369263, "hmax": 0.0, "ratio": 0.0, "vulnClass": "none"}}, {"type": "Feature", "geometry": {"type": "MultiPolygon", "coordinates": [[[[72.06040286165815, 34.234361823229314], [72.06031121006636, 34.234366384758296], [72.06031983635532, 34.23448657057972], [72.06041148494529, 34.23448209911781], [72.06040804541283, 34.23443433153646], [72.0604417470558, 34.234432706333685], [72.06043854824784, 34.23438737835909], [72.06040484662304, 34.23438900356194], [72.06040286165815, 34.234361823229314]]]]}, "properties": {"id": "8J6J63M6+Q49X", "height": 4.037709712982178, "hmax": 0.0, "ratio": 0.0, "vulnClass": "none"}}, {"type": "Feature", "geometry": {"type": "MultiPolygon", "coordinates": [[[[72.06012206685833, 34.23418147230473], [72.06007211785005, 34.23418216669152], [72.06007347887467, 34.23425223958518], [72.06012342792447, 34.23425154519999], [72.06012206685833, 34.23418147230473]]]]}, "properties": {"id": "8J6J63M6+M2QJ", "height": 2.585305213928223, "hmax": 0.0, "ratio": 0.0, "vulnClass": "none"}}, {"type": "Feature", "geometry": {"type": "MultiPolygon", "coordinates": [[[[72.06028757792545, 34.234190852328695], [72.06023595963111, 34.2341896137488], [72.06023487876294, 34.234220686760374], [72.06028649707618, 34.23422192534171], [72.06028757792545, 34.234190852328695]]]]}, "properties": {"id": "8J6J63M6+M4J7", "height": 3.217012882232666, "hmax": 0.0, "ratio": 0.0, "vulnClass": "none"}}, {"type": "Feature", "geometry": {"type": "MultiPolygon", "coordinates": [[[[72.0603063890723, 34.23409935898002], [72.06031561300098, 34.23397770848199], [72.06027076207016, 34.23397537031319], [72.06026916457482, 34.233996335039436], [72.06019333068667, 34.233992351987744], [72.06018570410012, 34.234093037743506], [72.0603063890723, 34.23409935898002]]]]}, "properties": {"id": "8J6J63M6+J46J", "height": 3.211023330688477, "hmax": 0.0, "ratio": 0.0, "vulnClass": "none"}}, {"type": "Feature", "geometry": {"type": "MultiPolygon", "coordinates": [[[[72.06020736130802, 34.234110053381976], [72.06006632324711, 34.23411162683933], [72.06006751629899, 34.23418340839825], [72.06020855447997, 34.234181834945765], [72.06020736130802, 34.234110053381976]]]]}, "properties": {"id": "8J6J63M6+M32V", "height": 3.803683996200562, "hmax": 0.0, "ratio": 0.0, "vulnClass": "none"}}, {"type": "Feature", "geometry": {"type": "MultiPolygon", "coordinates": [[[[72.05931987185265, 34.23343693875991], [72.05916567354322, 34.233445586961864], [72.05917873117075, 34.233606803598065], [72.05928693076768, 34.23360074711679], [72.05928965629953, 34.233634705874195], [72.05933576376715, 34.23363211675527], [72.05931987185265, 34.23343693875991]]]]}, "properties": {"id": "8J6J63M5+CP62", "height": 2.565648555755615, "hmax": 0.0, "ratio": 0.0, "vulnClass": "none"}}, {"type": "Feature", "geometry": {"type": "MultiPolygon", "coordinates": [[[[72.0594381684321, 34.23363664792961], [72.05942490961002, 34.233450006474264], [72.05932413118707, 34.233454889081905], [72.05933738978554, 34.2336415305365], [72.0594381684321, 34.23363664792961]]]]}, "properties": {"id": "8J6J63M5+CQ6R", "height": 2.756036043167114, "hmax": 0.0, "ratio": 0.0, "vulnClass": "none"}}, {"type": "Feature", "geometry": {"type": "MultiPolygon", "coordinates": [[[[72.06029641571627, 34.23345938273344], [72.06029237886003, 34.233410068401426], [72.06013100471708, 34.2334190864966], [72.0601423990777, 34.233559530537754], [72.06011554209833, 34.23356095934471], [72.06011734889913, 34.23358389873798], [72.06001132441443, 34.233589827869004], [72.06001778475924, 34.23366930774729], [72.06026115268095, 34.23365567691088], [72.06024552441635, 34.2334622179986], [72.06029641571627, 34.23345938273344]]]]}, "properties": {"id": "8J6J63M6+C3F3", "height": 2.945675134658813, "hmax": 0.0, "ratio": 0.0, "vulnClass": "none"}}, {"type": "Feature", "geometry": {"type": "MultiPolygon", "coordinates": [[[[72.06058238039799, 34.23291060931106], [72.06047988756741, 34.23291175594242], [72.06048064672798, 34.23295233801048], [72.06058303116765, 34.23295118877937], [72.06058238039799, 34.23291060931106]]]]}, "properties": {"id": "8J6J63M6+56F6", "height": 3.906726598739624, "hmax": 0.0, "ratio": 0.0, "vulnClass": "none"}}, {"type": "Feature", "geometry": {"type": "MultiPolygon", "coordinates": [[[[72.06011974671553, 34.233012637025304], [72.06006297171409, 34.23301614231488], [72.06007024323353, 34.233097264215054], [72.06016334702748, 34.233091475687836], [72.06015851599588, 34.23303691406589], [72.06012219041462, 34.23303910723611], [72.06011974671553, 34.233012637025304]]]]}, "properties": {"id": "8J6J63M6+62H8", "height": 3.944358587265015, "hmax": 0.0, "ratio": 0.0, "vulnClass": "none"}}, {"type": "Feature", "geometry": {"type": "MultiPolygon", "coordinates": [[[[72.0602672731522, 34.23310217230699], [72.0602244767891, 34.23310006371622], [72.06021914985631, 34.23317520437247], [72.06026205469757, 34.233177315569044], [72.0602672731522, 34.23310217230699]]]]}, "properties": {"id": "8J6J63M6+735H", "height": 2.949089527130127, "hmax": 0.0, "ratio": 0.0, "vulnClass": "none"}}, {"type": "Feature", "geometry": {"type": "MultiPolygon", "coordinates": [[[[72.06034192449546, 34.23313389061947], [72.06034387786467, 34.23310581321856], [72.0602672731522, 34.23310217230699], [72.06026532289057, 34.23313015963868], [72.06034192449546, 34.23313389061947]]]]}, "properties": {"id": "8J6J63M6+64VP", "height": 2.876502513885498, "hmax": 0.0, "ratio": 0.0, "vulnClass": "none"}}, {"type": "Feature", "geometry": {"type": "MultiPolygon", "coordinates": [[[[72.06022096162789, 34.233104396322624], [72.06006274013144, 34.233094560196264], [72.06005569872437, 34.23317218367312], [72.06021392036409, 34.233182019815985], [72.06022096162789, 34.233104396322624]]]]}, "properties": {"id": "8J6J63M6+732F", "height": 2.949089527130127, "hmax": 0.0, "ratio": 0.0, "vulnClass": "none"}}, {"type": "Feature", "geometry": {"type": "MultiPolygon", "coordinates": [[[[72.05974855380796, 34.233215923378644], [72.05969180373407, 34.2332187079547], [72.05969793599495, 34.23330448990133], [72.05983948913253, 34.233297430538165], [72.0598370793012, 34.233263749787625], [72.05975238790329, 34.23326793711079], [72.05974855380796, 34.233215923378644]]]]}, "properties": {"id": "8J6J63M5+8W2J", "height": 3.595939159393311, "hmax": 0.0, "ratio": 0.0, "vulnClass": "none"}}, {"type": "Feature", "geometry": {"type": "MultiPolygon", "coordinates": [[[[72.0599735927575, 34.233205008169065], [72.05997077974538, 34.23316419653575], [72.05955308935971, 34.23318473059067], [72.0595559053027, 34.233225452156354], [72.0599735927575, 34.233205008169065]]]]}, "properties": {"id": "8J6J63M5+7WCM", "height": 4.730262279510498, "hmax": 0.0, "ratio": 0.0, "vulnClass": "none"}}, {"type": "Feature", "geometry": {"type": "MultiPolygon", "coordinates": [[[[72.05955265398738, 34.23322843894678], [72.05955023173655, 34.233195118462945], [72.05941780657177, 34.23320185572989], [72.05942719759707, 34.23332809945197], [72.05957930398196, 34.23332030212499], [72.05957233185346, 34.23322746895321], [72.05955265398738, 34.23322843894678]]]]}, "properties": {"id": "8J6J63M5+8Q5H", "height": 3.109195947647095, "hmax": 0.0, "ratio": 0.0, "vulnClass": "none"}}, {"type": "Feature", "geometry": {"type": "MultiPolygon", "coordinates": [[[[72.05941153014534, 34.2331919697646], [72.05933958275924, 34.23319484012568], [72.05934166269415, 34.23323175806943], [72.05941372168603, 34.23322880024488], [72.05941153014534, 34.2331919697646]]]]}, "properties": {"id": "8J6J63M5+7QJC", "height": 2.466221570968628, "hmax": 0.0, "ratio": 0.0, "vulnClass": "none"}}, {"type": "Feature", "geometry": {"type": "MultiPolygon", "coordinates": [[[[72.05945453418428, 34.23335967422725], [72.05931777113474, 34.23336630726324], [72.05932244871268, 34.23343150195749], [72.05945921500192, 34.233424778855166], [72.05945453418428, 34.23335967422725]]]]}, "properties": {"id": "8J6J63M5+9Q2V", "height": 2.811238765716553, "hmax": 0.0, "ratio": 0.0, "vulnClass": "none"}}, {"type": "Feature", "geometry": {"type": "MultiPolygon", "coordinates": [[[[72.05889523017191, 34.23329540892118], [72.05888885988234, 34.23322584677524], [72.05880706193842, 34.23323109446309], [72.05881354060087, 34.23330065921303], [72.05889523017191, 34.23329540892118]]]]}, "properties": {"id": "8J6J63M5+8G5C", "height": 2.698744297027588, "hmax": 0.0, "ratio": 0.0, "vulnClass": "none"}}, {"type": "Feature", "geometry": {"type": "MultiPolygon", "coordinates": [[[[72.05900251297803, 34.23322523981761], [72.0589960830518, 34.23315738893795], [72.05895159304633, 34.2331602871891], [72.0589544626149, 34.233190102884244], [72.05860224502447, 34.23321292649219], [72.05860591362745, 34.233250964282576], [72.05900251297803, 34.23322523981761]]]]}, "properties": {"id": "8J6J63M5+7GPJ", "height": 3.090907573699951, "hmax": 0.0, "ratio": 0.0, "vulnClass": "none"}}, {"type": "Feature", "geometry": {"type": "MultiPolygon", "coordinates": [[[[72.05990392594515, 34.233167279603016], [72.05990091801819, 34.233125832298256], [72.0597426214823, 34.23313375190552], [72.0597352253597, 34.23303126338051], [72.0596396588362, 34.23303609105914], [72.05964470965985, 34.23310616236887], [72.05941248571224, 34.23311771580474], [72.05940743508205, 34.23304764449551], [72.05930980504203, 34.23305251252926], [72.05932021141938, 34.23319635829041], [72.05941784162636, 34.233191490257056], [72.05941857192231, 34.23320169381577], [72.05945760232022, 34.23319974605994], [72.05945687201954, 34.233189542501215], [72.05990392594515, 34.233167279603016]]]]}, "properties": {"id": "8J6J63M5+7R46", "height": 6.421656131744385, "hmax": 0.0, "ratio": 0.0, "vulnClass": "none"}}, {"type": "Feature", "geometry": {"type": "MultiPolygon", "coordinates": [[[[72.05916932291983, 34.23272625240484], [72.05912030812647, 34.23272507587179], [72.05911922690778, 34.23275614885961], [72.0591682417191, 34.232757325394026], [72.05916932291983, 34.23272625240484]]]]}, "properties": {"id": "8J6J63M5+3MRP", "height": 2.699495792388916, "hmax": 0.0, "ratio": 0.0, "vulnClass": "none"}}, {"type": "Feature", "geometry": {"type": "MultiPolygon", "coordinates": [[[[72.05925195175955, 34.232796923851744], [72.05924397439885, 34.232645654611055], [72.05917344973321, 34.23264819846914], [72.05918142383321, 34.232799557774456], [72.05925195175955, 34.232796923851744]]]]}, "properties": {"id": "8J6J63M5+3MPX", "height": 2.491702079772949, "hmax": 0.0, "ratio": 0.0, "vulnClass": "none"}}, {"type": "Feature", "geometry": {"type": "MultiPolygon", "coordinates": [[[[72.06116223084804, 34.232602442596296], [72.0611106561538, 34.23260309843861], [72.06111527130473, 34.232873003905546], [72.06116684616411, 34.23287234806986], [72.06116223084804, 34.232602442596296]]]]}, "properties": {"id": "8J6J63M6+3FRF", "height": 6.343564033508301, "hmax": 0.0, "ratio": 0.0, "vulnClass": "none"}}, {"type": "Feature", "geometry": {"type": "MultiPolygon", "coordinates": [[[[72.06142655402581, 34.232828819101684], [72.0614251432272, 34.23274765752949], [72.06126303867524, 34.23274962857048], [72.06126434400933, 34.23283069746852], [72.06142655402581, 34.232828819101684]]]]}, "properties": {"id": "8J6J63M6+4G9C", "height": 3.52640438079834, "hmax": 0.0, "ratio": 0.0, "vulnClass": "none"}}, {"type": "Feature", "geometry": {"type": "MultiPolygon", "coordinates": [[[[72.06122923714376, 34.2327884802368], [72.06116550138543, 34.23278929510539], [72.0611661919796, 34.232831858656475], [72.06122992463837, 34.23283113385598], [72.06122923714376, 34.2327884802368]]]]}, "properties": {"id": "8J6J63M6+4FGF", "height": 3.000333547592163, "hmax": 0.0, "ratio": 0.0, "vulnClass": "none"}}, {"type": "Feature", "geometry": {"type": "MultiPolygon", "coordinates": [[[[72.06096519758758, 34.23284109934949], [72.06087048119043, 34.23284333427705], [72.06087465791819, 34.232966658464655], [72.06096937445406, 34.232964423541084], [72.06096519758758, 34.23284109934949]]]]}, "properties": {"id": "8J6J63M6+5973", "height": 6.386674880981445, "hmax": 0.0, "ratio": 0.0, "vulnClass": "none"}}, {"type": "Feature", "geometry": {"type": "MultiPolygon", "coordinates": [[[[72.06067838349752, 34.23286513736498], [72.06062887214914, 34.232865752359416], [72.06062961139526, 34.23291002976898], [72.06067912276964, 34.232909414775584], [72.06067838349752, 34.23286513736498]]]]}, "properties": {"id": "8J6J63M6+572H", "height": 5.284659385681152, "hmax": 0.0, "ratio": 0.0, "vulnClass": "none"}}, {"type": "Feature", "geometry": {"type": "MultiPolygon", "coordinates": [[[[72.06067912276964, 34.232909414775584], [72.06058238039799, 34.23291060931106], [72.06058303116765, 34.23295118877937], [72.06067988202612, 34.23294999684741], [72.06067912276964, 34.232909414775584]]]]}, "properties": {"id": "8J6J63M6+57C6", "height": 4.251524448394775, "hmax": 0.0, "ratio": 0.0, "vulnClass": "none"}}, {"type": "Feature", "geometry": {"type": "MultiPolygon", "coordinates": [[[[72.06066873058901, 34.232967937975346], [72.06057379017159, 34.23296412778689], [72.06056958675487, 34.23303505875477], [72.06066452411903, 34.23303895901735], [72.06066873058901, 34.232967937975346]]]]}, "properties": {"id": "8J6J63M6+6655", "height": 2.631332159042358, "hmax": 0.0, "ratio": 0.0, "vulnClass": "none"}}, {"type": "Feature", "geometry": {"type": "MultiPolygon", "coordinates": [[[[72.060744155337, 34.23296181499856], [72.06069066296384, 34.23296143309006], [72.0606875480383, 34.233235119314436], [72.06074103745235, 34.23323559130003], [72.060744155337, 34.23296181499856]]]]}, "properties": {"id": "8J6J63M6+67PX", "height": 5.082858562469482, "hmax": 0.0, "ratio": 0.0, "vulnClass": "none"}}, {"type": "Feature", "geometry": {"type": "MultiPolygon", "coordinates": [[[[72.06096791548542, 34.23292211198569], [72.06096937445406, 34.232964423541084], [72.06106680512981, 34.23296216350885], [72.0610653461122, 34.232919851952055], [72.06096791548542, 34.23292211198569]]]]}, "properties": {"id": "8J6J63M6+5CCP", "height": 4.66239070892334, "hmax": 0.0, "ratio": 0.0, "vulnClass": "none"}}, {"type": "Feature", "geometry": {"type": "MultiPolygon", "coordinates": [[[[72.06082999515094, 34.23303382443954], [72.06079205355198, 34.233032553648826], [72.06079027725382, 34.23306802694556], [72.0608282188686, 34.233069297737636], [72.06082999515094, 34.23303382443954]]]]}, "properties": {"id": "8J6J63M6+68F5", "height": 3.441637992858887, "hmax": 0.0, "ratio": 0.0, "vulnClass": "none"}}, {"type": "Feature", "geometry": {"type": "MultiPolygon", "coordinates": [[[[72.06062596753196, 34.23303352689328], [72.06056180917882, 34.233037125701735], [72.06056523866326, 34.23307894368129], [72.0606292886079, 34.23307534227104], [72.06062596753196, 34.23303352689328]]]]}, "properties": {"id": "8J6J63M6+66H6", "height": 2.564808368682861, "hmax": 0.0, "ratio": 0.0, "vulnClass": "none"}}, {"type": "Feature", "geometry": {"type": "MultiPolygon", "coordinates": [[[[72.06079658670619, 34.233360959213464], [72.06071715405623, 34.2333543661931], [72.06067215009672, 34.23372467110819], [72.06075157682245, 34.23373144430881], [72.06075875969722, 34.23367158212825], [72.06072932634449, 34.2336690731587], [72.06073374287513, 34.233632581505425], [72.06076328465657, 34.23363509307483], [72.06079658670619, 34.233360959213464]]]]}, "properties": {"id": "8J6J63M6+C79F", "height": 3.242995738983154, "hmax": 0.0, "ratio": 0.0, "vulnClass": "none"}}, {"type": "Feature", "geometry": {"type": "MultiPolygon", "coordinates": [[[[72.0611924256624, 34.233073076704095], [72.06110786599244, 34.2330734821735], [72.06110933158864, 34.23330599332357], [72.0611938914916, 34.23330558786524], [72.0611924256624, 34.233073076704095]]]]}, "properties": {"id": "8J6J63M6+7FCH", "height": 3.322224140167236, "hmax": 0.0, "ratio": 0.0, "vulnClass": "none"}}, {"type": "Feature", "geometry": {"type": "MultiPolygon", "coordinates": [[[[72.06223920675417, 34.23304184265247], [72.0619151062952, 34.23303325952459], [72.06191218733409, 34.23311098201744], [72.06223617964929, 34.23311956256818], [72.06223920675417, 34.23304184265247]]]]}, "properties": {"id": "8J6J63M6+6RP3", "height": 2.609025001525879, "hmax": 0.0, "ratio": 0.0, "vulnClass": "none"}}, {"type": "Feature", "geometry": {"type": "MultiPolygon", "coordinates": [[[[72.06167819806065, 34.23335749744356], [72.06162548211911, 34.23335974867435], [72.06162787898366, 34.23339694463337], [72.06168048963892, 34.233394600735174], [72.06167819806065, 34.23335749744356]]]]}, "properties": {"id": "8J6J63M6+9M25", "height": 4.313864707946777, "hmax": 0.0, "ratio": 0.0, "vulnClass": "none"}}, {"type": "Feature", "geometry": {"type": "MultiPolygon", "coordinates": [[[[72.062448650813, 34.233223542842794], [72.06244249984695, 34.23314758597994], [72.06239236782537, 34.23315044035174], [72.0623986271869, 34.23322639981486], [72.062448650813, 34.233223542842794]]]]}, "properties": {"id": "8J6J63M6+7XFF", "height": 4.731118679046631, "hmax": 0.0, "ratio": 0.0, "vulnClass": "none"}}, {"type": "Feature", "geometry": {"type": "MultiPolygon", "coordinates": [[[[72.06208934738973, 34.23279144052177], [72.06204519488112, 34.2327783928766], [72.06202193172369, 34.23283255118568], [72.06206608425576, 34.232845598840434], [72.06208934738973, 34.23279144052177]]]]}, "properties": {"id": "8J6J63M6+4RFH", "height": 4.208717346191406, "hmax": 0.0, "ratio": 0.0, "vulnClass": "none"}}, {"type": "Feature", "geometry": {"type": "MultiPolygon", "coordinates": [[[[72.06229870766192, 34.23284126126396], [72.0622321870911, 34.232831643589925], [72.06222386628802, 34.23287119666985], [72.06229049532868, 34.232880816950086], [72.06229870766192, 34.23284126126396]]]]}, "properties": {"id": "8J6J63M6+4WR7", "height": 2.679001569747925, "hmax": 0.0, "ratio": 0.0, "vulnClass": "none"}}, {"type": "Feature", "geometry": {"type": "MultiPolygon", "coordinates": [[[[72.05820978983097, 34.23289197355129], [72.05811204341653, 34.23289395329837], [72.05811311992755, 34.23292850346733], [72.0582107579421, 34.23292652111768], [72.05820978983097, 34.23289197355129]]]]}, "properties": {"id": "8J6J63M5+577C", "height": 5.351236343383789, "hmax": 0.0, "ratio": 0.0, "vulnClass": "none"}}, {"type": "Feature", "geometry": {"type": "MultiPolygon", "coordinates": [[[[72.05811213931622, 34.23289431616844], [72.05788363059362, 34.23289892485766], [72.05788569563946, 34.23297054705249], [72.05806685260313, 34.23296687460073], [72.05806996294142, 34.23307394763316], [72.05811742339498, 34.23307301400778], [72.05811213931622, 34.23289431616844]]]]}, "properties": {"id": "8J6J63M5+56J4", "height": 5.336485862731934, "hmax": 0.0, "ratio": 0.0, "vulnClass": "none"}}, {"type": "Feature", "geometry": {"type": "MultiPolygon", "coordinates": [[[[72.05804207365445, 34.232864960182276], [72.05803023779914, 34.232721711035616], [72.05791203152279, 34.23272842755472], [72.05791669621914, 34.232784607784936], [72.05780207777184, 34.23279113992641], [72.05780924861087, 34.23287820884429], [72.05804207365445, 34.232864960182276]]]]}, "properties": {"id": "8J6J63M5+45F9", "height": 6.367890357971191, "hmax": 0.0, "ratio": 0.0, "vulnClass": "none"}}, {"type": "Feature", "geometry": {"type": "MultiPolygon", "coordinates": [[[[72.05780924861087, 34.23287820884429], [72.05780452884744, 34.232820494879135], [72.05762324862368, 34.2328308344844], [72.05762786609398, 34.23288836571274], [72.05780924861087, 34.23287820884429]]]]}, "properties": {"id": "8J6J63M5+43W5", "height": 2.566099882125854, "hmax": 0.0, "ratio": 0.0, "vulnClass": "none"}}, {"type": "Feature", "geometry": {"type": "MultiPolygon", "coordinates": [[[[72.05799203942746, 34.233189260834244], [72.05798543548771, 34.233117078937845], [72.05793376963199, 34.233120345353306], [72.0579404819677, 34.233192529854215], [72.05799203942746, 34.233189260834244]]]]}, "properties": {"id": "8J6J63M5+7585", "height": 2.774510145187378, "hmax": 0.0, "ratio": 0.0, "vulnClass": "none"}}, {"type": "Feature", "geometry": {"type": "MultiPolygon", "coordinates": [[[[72.05823659908039, 34.23328166940598], [72.0582170827392, 34.23310650593258], [72.05816408425885, 34.23311064186602], [72.05817565747971, 34.233214673000646], [72.05799533853981, 34.23322855174817], [72.0580032845327, 34.233299594026825], [72.05823659908039, 34.23328166940598]]]]}, "properties": {"id": "8J6J63M5+77R7", "height": 2.663902759552002, "hmax": 0.0, "ratio": 0.0, "vulnClass": "none"}}, {"type": "Feature", "geometry": {"type": "MultiPolygon", "coordinates": [[[[72.0580879466971, 34.23310917421147], [72.05804242247142, 34.23311060502815], [72.05804410883434, 34.233146341684034], [72.05808963307936, 34.23314491086772], [72.0580879466971, 34.23310917421147]]]]}, "properties": {"id": "8J6J63M5+7642", "height": 2.822442293167114, "hmax": 0.0, "ratio": 0.0, "vulnClass": "none"}}, {"type": "Feature", "geometry": {"type": "MultiPolygon", "coordinates": [[[[72.05821398189185, 34.23303657156033], [72.05811623530963, 34.233038551302045], [72.05811722846018, 34.2330723783342], [72.05821497508167, 34.23307039859374], [72.05821398189185, 34.23303657156033]]]]}, "properties": {"id": "8J6J63M5+67F3", "height": 3.123044967651367, "hmax": 0.0, "ratio": 0.0, "vulnClass": "none"}}, {"type": "Feature", "geometry": {"type": "MultiPolygon", "coordinates": [[[[72.05816516239086, 34.23311084803754], [72.05812000608765, 34.23311418069592], [72.05812468234473, 34.2331575610586], [72.05816983867119, 34.2331542283997], [72.05816516239086, 34.23311084803754]]]]}, "properties": {"id": "8J6J63M5+7728", "height": 2.901210784912109, "hmax": 0.0, "ratio": 0.0, "vulnClass": "none"}}, {"type": "Feature", "geometry": {"type": "MultiPolygon", "coordinates": [[[[72.05839036343434, 34.23334160988458], [72.0583824202474, 34.233270477547805], [72.05818360362477, 34.23328571527555], [72.05820279900789, 34.233457625937376], [72.05828333037594, 34.23345135668968], [72.05827977092802, 34.23341954130127], [72.05825212982856, 34.23342167200615], [72.05824454214411, 34.233352801745795], [72.05839036343434, 34.23334160988458]]]]}, "properties": {"id": "8J6J63M5+88JP", "height": 2.752192735671997, "hmax": 0.0, "ratio": 0.0, "vulnClass": "none"}}, {"type": "Feature", "geometry": {"type": "MultiPolygon", "coordinates": [[[[72.05818822163752, 34.23332765196834], [72.05818360362477, 34.23328571527555], [72.05804909784992, 34.233296096907644], [72.05805382737132, 34.23333794613942], [72.05818822163752, 34.23332765196834]]]]}, "properties": {"id": "8J6J63M5+86HH", "height": 3.280088901519775, "hmax": 0.0, "ratio": 0.0, "vulnClass": "none"}}, {"type": "Feature", "geometry": {"type": "MultiPolygon", "coordinates": [[[[72.05800276114186, 34.23329904060763], [72.05799531032282, 34.23322936234697], [72.05777257419095, 34.23324582785667], [72.05778013013057, 34.233315598791975], [72.05800276114186, 34.23329904060763]]]]}, "properties": {"id": "8J6J63M5+852V", "height": 2.773084402084351, "hmax": 0.0, "ratio": 0.0, "vulnClass": "none"}}, {"type": "Feature", "geometry": {"type": "MultiPolygon", "coordinates": [[[[72.05780884916675, 34.23323885665784], [72.05778474337347, 34.23315814168901], [72.05773916008232, 34.23316750345288], [72.05776326583333, 34.233248218428464], [72.05780884916675, 34.23323885665784]]]]}, "properties": {"id": "8J6J63M5+74J5", "height": 2.915422916412354, "hmax": 0.0, "ratio": 0.0, "vulnClass": "none"}}, {"type": "Feature", "geometry": {"type": "MultiPolygon", "coordinates": [[[[72.05815347603472, 34.23345905571804], [72.05815433818132, 34.23343428741879], [72.0581133476279, 34.23343330314827], [72.05811248546934, 34.23345807144661], [72.05815347603472, 34.23345905571804]]]]}, "properties": {"id": "8J6J63M5+97CV", "height": 5.715331554412842, "hmax": 0.0, "ratio": 0.0, "vulnClass": "none"}}, {"type": "Feature", "geometry": {"type": "MultiPolygon", "coordinates": [[[[72.05828449743412, 34.23353007852551], [72.05828236153619, 34.23349478178692], [72.05820551839594, 34.23349798462918], [72.05820762604633, 34.23353409196635], [72.05828449743412, 34.23353007852551]]]]}, "properties": {"id": "8J6J63M5+C75H", "height": 4.530633926391602, "hmax": 0.0, "ratio": 0.0, "vulnClass": "none"}}, {"type": "Feature", "geometry": {"type": "MultiPolygon", "coordinates": [[[[72.05848260623071, 34.23361938817874], [72.05847365112427, 34.233567972612725], [72.05837087731732, 34.23358028829224], [72.05837993766737, 34.233631796532734], [72.05848260623071, 34.23361938817874]]]]}, "properties": {"id": "8J6J63M5+C9MW", "height": 4.787388801574707, "hmax": 0.0, "ratio": 0.0, "vulnClass": "none"}}, {"type": "Feature", "geometry": {"type": "MultiPolygon", "coordinates": [[[[72.05832236367732, 34.23363329869555], [72.0582946221894, 34.23363831153606], [72.05829681537486, 34.23364701781149], [72.0583245568656, 34.23364200497063], [72.05832236367732, 34.23363329869555]]]]}, "properties": {"id": "8J6J63M5+F83Q", "height": 3.547099351882935, "hmax": 0.0, "ratio": 0.0, "vulnClass": "none"}}, {"type": "Feature", "geometry": {"type": "MultiPolygon", "coordinates": [[[[72.05830470890525, 34.23365721308426], [72.05803723036243, 34.233699376855384], [72.05805616454147, 34.233782130998556], [72.0582210598289, 34.23375616341377], [72.0582408322277, 34.233842903900204], [72.05834341584614, 34.23382670767499], [72.05830470890525, 34.23365721308426]]]]}, "properties": {"id": "8J6J63M5+F7WP", "height": 4.936468124389648, "hmax": 0.0, "ratio": 0.0, "vulnClass": "none"}}, {"type": "Feature", "geometry": {"type": "MultiPolygon", "coordinates": [[[[72.05360371323442, 34.233226318392944], [72.05357224222415, 34.23322934749017], [72.053575392478, 34.23325105725679], [72.05360686349637, 34.23324802815917], [72.05360371323442, 34.233226318392944]]]]}, "properties": {"id": "8J6J63M3+7CWH", "height": 2.718290328979492, "hmax": 0.0, "ratio": 0.0, "vulnClass": "none"}}, {"type": "Feature", "geometry": {"type": "MultiPolygon", "coordinates": [[[[72.05211951811484, 34.23328337158471], [72.05207752199726, 34.23328010755699], [72.05206484448028, 34.23339464296622], [72.05210684379519, 34.23339781693511], [72.05211951811484, 34.23328337158471]]]]}, "properties": {"id": "8J6J63M2+8RPH", "height": 3.221733093261719, "hmax": 0.0, "ratio": 0.0, "vulnClass": "none"}}, {"type": "Feature", "geometry": {"type": "MultiPolygon", "coordinates": [[[[72.05192423542418, 34.23328750656213], [72.05189044618415, 34.233285431508904], [72.05188185113369, 34.23338248751005], [72.05200282147553, 34.23338990546994], [72.0520047494538, 34.233368858717846], [72.05195861373414, 34.233366035889965], [72.05196327732575, 34.23331323496627], [72.05192212358872, 34.23331071228782], [72.05192423542418, 34.23328750656213]]]]}, "properties": {"id": "8J6J63M2+8QMW", "height": 4.080846786499023, "hmax": 0.0, "ratio": 0.0, "vulnClass": "none"}}, {"type": "Feature", "geometry": {"type": "MultiPolygon", "coordinates": [[[[72.05145645556074, 34.233234964684634], [72.05142934563358, 34.233234312236114], [72.05142856007977, 34.23325682873614], [72.05145567001412, 34.233257481185206], [72.05145645556074, 34.233234964684634]]]]}, "properties": {"id": "8J6J63M2+7HWR", "height": 3.259927988052368, "hmax": 0.0, "ratio": 0.0, "vulnClass": "none"}}, {"type": "Feature", "geometry": {"type": "MultiPolygon", "coordinates": [[[[72.05183283665512, 34.23330351582279], [72.05182662835317, 34.23326992388193], [72.05174846858218, 34.23327976145992], [72.05175467685316, 34.23331335340311], [72.05183283665512, 34.23330351582279]]]]}, "properties": {"id": "8J6J63M2+8P7M", "height": 4.243927478790283, "hmax": 0.0, "ratio": 0.0, "vulnClass": "none"}}, {"type": "Feature", "geometry": {"type": "MultiPolygon", "coordinates": [[[[72.05157425336365, 34.23330531570717], [72.05155381165495, 34.23330329135327], [72.05154877513382, 34.23333877608716], [72.05156910841102, 34.233340797832625], [72.05157425336365, 34.23330531570717]]]]}, "properties": {"id": "8J6J63M2+8JFX", "height": 2.66578483581543, "hmax": 0.0, "ratio": 0.0, "vulnClass": "none"}}, {"type": "Feature", "geometry": {"type": "MultiPolygon", "coordinates": [[[[72.0517009385982, 34.23336668604854], [72.05169652296654, 34.23340615196311], [72.05213923199028, 34.23344006139184], [72.05214353583774, 34.23340068290768], [72.0517009385982, 34.23336668604854]]]]}, "properties": {"id": "8J6J63M2+9Q73", "height": 3.949004411697388, "hmax": 0.0, "ratio": 0.0, "vulnClass": "none"}}, {"type": "Feature", "geometry": {"type": "MultiPolygon", "coordinates": [[[[72.05179120735943, 34.233342627091474], [72.0517270439863, 34.2333432464488], [72.05172738384032, 34.23337083796634], [72.05179165567434, 34.23337022121943], [72.05179120735943, 34.233342627091474]]]]}, "properties": {"id": "8J6J63M2+8PR7", "height": 3.863951683044434, "hmax": 0.0, "ratio": 0.0, "vulnClass": "none"}}, {"type": "Feature", "geometry": {"type": "MultiPolygon", "coordinates": [[[[72.04765887482527, 34.23371915435308], [72.04751010173162, 34.233709169100536], [72.04750209143809, 34.23379244708893], [72.04757842839872, 34.23379753181752], [72.04757191012769, 34.2338660625607], [72.04775815032252, 34.233878483006194], [72.04777278692364, 34.23372667683968], [72.04772427817686, 34.2337234346627], [72.04771626494487, 34.233806802741576], [72.04765086467606, 34.2338024323587], [72.04765887482527, 34.23371915435308]]]]}, "properties": {"id": "8J6J62MX+G36P", "height": 6.213728904724121, "hmax": 0.0, "ratio": 0.0, "vulnClass": "none"}}, {"type": "Feature", "geometry": {"type": "MultiPolygon", "coordinates": [[[[72.0476825777142, 34.23353151007297], [72.04748651141831, 34.23351146112935], [72.04747133713578, 34.23361340604439], [72.04755882581816, 34.23362236518993], [72.04755086535334, 34.23367625825495], [72.0478041394752, 34.233702192713665], [72.04782716837336, 34.23354626196746], [72.04773243314122, 34.23353658754488], [72.04771725600028, 34.23363862257099], [72.04766751210097, 34.233633457637346], [72.0476825777142, 34.23353151007297]]]]}, "properties": {"id": "8J6J62MX+C3R9", "height": 6.484848976135254, "hmax": 0.0, "ratio": 0.0, "vulnClass": "none"}}, {"type": "Feature", "geometry": {"type": "MultiPolygon", "coordinates": [[[[72.04824418378391, 34.23309144998888], [72.04815042345281, 34.233078734579124], [72.04814118750967, 34.23312565606965], [72.04823494789044, 34.23313837148906], [72.04824418378391, 34.23309144998888]]]]}, "properties": {"id": "8J6J62MX+67W6", "height": 7.045721530914307, "hmax": 0.0, "ratio": 0.0, "vulnClass": "none"}}, {"type": "Feature", "geometry": {"type": "MultiPolygon", "coordinates": [[[[72.04840036313738, 34.23302607414299], [72.0483010097027, 34.23300880716815], [72.04826662457475, 34.23314499386995], [72.04836597815842, 34.23316226088036], [72.04840036313738, 34.23302607414299]]]]}, "properties": {"id": "8J6J62MX+68PG", "height": 6.669646263122559, "hmax": 0.0, "ratio": 0.0, "vulnClass": "none"}}, {"type": "Feature", "geometry": {"type": "MultiPolygon", "coordinates": [[[[72.04823235533297, 34.23300129390146], [72.04817682044836, 34.23299725164377], [72.04817034069187, 34.23305848190499], [72.0482258787616, 34.233062434101925], [72.04823235533297, 34.23300129390146]]]]}, "properties": {"id": "8J6J62MX+6783", "height": 6.394401073455811, "hmax": 0.0, "ratio": 0.0, "vulnClass": "none"}}, {"type": "Feature", "geometry": {"type": "MultiPolygon", "coordinates": [[[[72.04838953832946, 34.23276422261739], [72.04820579765186, 34.232751773278586], [72.04819452789832, 34.23286625192439], [72.04837826882083, 34.23287870129282], [72.04838953832946, 34.23276422261739]]]]}, "properties": {"id": "8J6J62MX+48FM", "height": 3.773434638977051, "hmax": 0.0, "ratio": 0.0, "vulnClass": "none"}}, {"type": "Feature", "geometry": {"type": "MultiPolygon", "coordinates": [[[[72.04849236710092, 34.23281249178509], [72.04845487870301, 34.232810687239876], [72.04845154420241, 34.232859553763724], [72.04848903262177, 34.23286135831106], [72.04849236710092, 34.23281249178509]]]]}, "properties": {"id": "8J6J62MX+49QC", "height": 2.951369285583496, "hmax": 0.0, "ratio": 0.0, "vulnClass": "none"}}, {"type": "Feature", "geometry": {"type": "MultiPolygon", "coordinates": [[[[72.04858977558928, 34.232792212863714], [72.04853709632053, 34.23279031282015], [72.04853385743804, 34.23285198175003], [72.04858653674499, 34.23285388179698], [72.04858977558928, 34.232792212863714]]]]}, "properties": {"id": "8J6J62MX+4CFX", "height": 3.124691009521484, "hmax": 0.0, "ratio": 0.0, "vulnClass": "none"}}, {"type": "Feature", "geometry": {"type": "MultiPolygon", "coordinates": [[[[72.04873004150402, 34.23282200325687], [72.04864929061783, 34.23282213129206], [72.04864941875263, 34.232855757174924], [72.04873006437707, 34.23285553646339], [72.04873004150402, 34.23282200325687]]]]}, "properties": {"id": "8J6J62MX+4FPC", "height": 4.171503067016602, "hmax": 0.0, "ratio": 0.0, "vulnClass": "none"}}, {"type": "Feature", "geometry": {"type": "MultiPolygon", "coordinates": [[[[72.0486489144088, 34.232705479069516], [72.0486014826411, 34.2327055984369], [72.04860199004565, 34.232855786472335], [72.04864942189775, 34.23285566710915], [72.0486489144088, 34.232705479069516]]]]}, "properties": {"id": "8J6J62MX+4F66", "height": 8.585151672363281, "hmax": 0.0, "ratio": 0.0, "vulnClass": "none"}}, {"type": "Feature", "geometry": {"type": "MultiPolygon", "coordinates": [[[[72.04879809381224, 34.23267581039571], [72.04878540333556, 34.23267559484566], [72.0487837835525, 34.232728198493106], [72.04883291261983, 34.23272920163839], [72.04883353380177, 34.23270830376144], [72.04879709208303, 34.232707606233255], [72.04879809381224, 34.23267581039571]]]]}, "properties": {"id": "8J6J62MX+3GMG", "height": 5.36897611618042, "hmax": 0.0, "ratio": 0.0, "vulnClass": "none"}}, {"type": "Feature", "geometry": {"type": "MultiPolygon", "coordinates": [[[[72.04845136417684, 34.23263473642656], [72.04839796683305, 34.23263164718665], [72.04838778624097, 34.23275534653609], [72.04857636433141, 34.23276601916343], [72.0485865415057, 34.23264240984994], [72.04852729475046, 34.232638999471085], [72.04852465061424, 34.23267120644508], [72.04844872315736, 34.23266685333167], [72.04845136417684, 34.23263473642656]]]]}, "properties": {"id": "8J6J62MX+39Q4", "height": 3.237083435058594, "hmax": 0.0, "ratio": 0.0, "vulnClass": "none"}}]}