{"type": "FeatureCollection", "features": [{"type": "Feature", "geometry": {"type": "MultiPolygon", "coordinates": [[[[71.78324999338436, 34.396571637800896], [71.78317214553067, 34.396574365914496], [71.78317450738714, 34.39662057545013], [71.78325235873262, 34.39661775729661], [71.78324999338436, 34.396571637800896]]]]}, "properties": {"id": "8J6H9QWM+J7PX", "height": 2.655693531036377, "hmax": 0.0, "ratio": 0.0, "vulnClass": "none"}}, {"type": "Feature", "geometry": {"type": "MultiPolygon", "coordinates": [[[[71.78331368055868, 34.396595125778525], [71.78330937907893, 34.39651155071622], [71.78324699014823, 34.39651378440973], [71.78325129156556, 34.3965973594707], [71.78331368055868, 34.396595125778525]]]]}, "properties": {"id": "8J6H9QWM+J8C5", "height": 2.718557357788086, "hmax": 0.0, "ratio": 0.0, "vulnClass": "none"}}, {"type": "Feature", "geometry": {"type": "MultiPolygon", "coordinates": [[[[71.78368328171166, 34.3966627168539], [71.78367478324583, 34.39658651227388], [71.78328394548626, 34.39661633531741], [71.78329244359563, 34.39669253990452], [71.78368328171166, 34.3966627168539]]]]}, "properties": {"id": "8J6H9QWM+M95F", "height": 2.675806283950806, "hmax": 0.0, "ratio": 0.0, "vulnClass": "none"}}, {"type": "Feature", "geometry": {"type": "MultiPolygon", "coordinates": [[[[71.7838311307706, 34.39659810738022], [71.78371089249488, 34.396600441434245], [71.78371187013003, 34.396634536907605], [71.78383210845475, 34.396632202855386], [71.7838311307706, 34.39659810738022]]]]}, "properties": {"id": "8J6H9QWM+JGRP", "height": 3.386820793151855, "hmax": 0.0, "ratio": 0.0, "vulnClass": "none"}}, {"type": "Feature", "geometry": {"type": "MultiPolygon", "coordinates": [[[[71.78391220121757, 34.396621962336006], [71.78390727858907, 34.39658298608143], [71.78383320319922, 34.39658941914726], [71.7838380171706, 34.39662839254462], [71.78391220121757, 34.396621962336006]]]]}, "properties": {"id": "8J6H9QWM+JGX9", "height": 2.951711177825928, "hmax": 0.0, "ratio": 0.0, "vulnClass": "none"}}, {"type": "Feature", "geometry": {"type": "MultiPolygon", "coordinates": [[[[71.78380041478864, 34.39663073795202], [71.78371114254313, 34.39664785723906], [71.78376637485187, 34.39684669886752], [71.78381643274075, 34.39683711017236], [71.78377275058867, 34.39668021329956], [71.78381207370319, 34.39667268554725], [71.78380041478864, 34.39663073795202]]]]}, "properties": {"id": "8J6H9QWM+MGR8", "height": 4.877653121948242, "hmax": 0.0, "ratio": 0.0, "vulnClass": "none"}}, {"type": "Feature", "geometry": {"type": "MultiPolygon", "coordinates": [[[[71.78382496742746, 34.39685274725797], [71.78377819580268, 34.39686170137908], [71.78379712044098, 34.39692970793808], [71.78397796380752, 34.39689507902078], [71.7839686048643, 34.39686121367095], [71.78383442803778, 34.39688679555555], [71.78382496742746, 34.39685274725797]]]]}, "properties": {"id": "8J6H9QWM+QG5P", "height": 5.016120910644531, "hmax": 0.0, "ratio": 0.0, "vulnClass": "none"}}, {"type": "Feature", "geometry": {"type": "MultiPolygon", "coordinates": [[[[71.78413203864781, 34.39705974757452], [71.78404857465905, 34.397058633070685], [71.7840476851899, 34.397104576789246], [71.78407604965018, 34.39710496258831], [71.78407568422456, 34.39712586350748], [71.78413067518905, 34.39712658935832], [71.78413203864781, 34.39705974757452]]]]}, "properties": {"id": "8J6H9QWM+RJPH", "height": 2.917012214660645, "hmax": 0.0, "ratio": 0.0, "vulnClass": "none"}}, {"type": "Feature", "geometry": {"type": "MultiPolygon", "coordinates": [[[[71.7846296721295, 34.39702092417589], [71.78459129366603, 34.39702081585206], [71.78459108819388, 34.397151140783336], [71.7848704105478, 34.39715145851685], [71.7848706420498, 34.397063045469125], [71.78462959329691, 34.397062743179056], [71.7846296721295, 34.39702092417589]]]]}, "properties": {"id": "8J6H9QWM+RVX2", "height": 2.56016206741333, "hmax": 0.0, "ratio": 0.0, "vulnClass": "none"}}, {"type": "Feature", "geometry": {"type": "MultiPolygon", "coordinates": [[[[71.78490202745444, 34.396842507758365], [71.78459015890843, 34.396843136553834], [71.78459026471806, 34.39690001239721], [71.7848427563371, 34.396899624314166], [71.78484284684306, 34.396959744498524], [71.78490232920022, 34.39695959669837], [71.78490202745444, 34.396842507758365]]]]}, "properties": {"id": "8J6H9QWM+QW28", "height": 3.367366790771484, "hmax": 0.0, "ratio": 0.0, "vulnClass": "none"}}, {"type": "Feature", "geometry": {"type": "MultiPolygon", "coordinates": [[[[71.7848272176391, 34.3967459917715], [71.78479758717837, 34.396704833346305], [71.78468863921306, 34.396758750263096], [71.78471837825799, 34.396799911569964], [71.7848272176391, 34.3967459917715]]]]}, "properties": {"id": "8J6H9QWM+PW23", "height": 4.155957221984863, "hmax": 0.0, "ratio": 0.0, "vulnClass": "none"}}, {"type": "Feature", "geometry": {"type": "MultiPolygon", "coordinates": [[[[71.78464896218141, 34.39616491070027], [71.78455168335724, 34.3961639739317], [71.78454743830599, 34.396456609808986], [71.7846448260914, 34.396457549457516], [71.78464896218141, 34.39616491070027]]]]}, "properties": {"id": "8J6H9QWM+GRHC", "height": 3.180494070053101, "hmax": 0.0, "ratio": 0.0, "vulnClass": "none"}}, {"type": "Feature", "geometry": {"type": "MultiPolygon", "coordinates": [[[[71.78522347470123, 34.395898541786075], [71.78511494260951, 34.395899021993365], [71.78511640856244, 34.396110689684384], [71.78522494092817, 34.396110209491205], [71.78522347470123, 34.395898541786075]]]]}, "properties": {"id": "8J6H9QWP+C333", "height": 3.173211336135864, "hmax": 0.0, "ratio": 0.0, "vulnClass": "none"}}, {"type": "Feature", "geometry": {"type": "MultiPolygon", "coordinates": [[[[71.78460006769289, 34.39567835567049], [71.78454366212914, 34.395677682976704], [71.78454165656217, 34.39579254805861], [71.784598062203, 34.395793220757646], [71.78460006769289, 34.39567835567049]]]]}, "properties": {"id": "8J6H9QWM+7RWF", "height": 3.119282722473145, "hmax": 0.0, "ratio": 0.0, "vulnClass": "none"}}, {"type": "Feature", "geometry": {"type": "MultiPolygon", "coordinates": [[[[71.7846060365679, 34.39553096719063], [71.78455253116276, 34.3955340661957], [71.78456233778485, 34.39564996308148], [71.78473985775959, 34.395639581051896], [71.78473580878524, 34.39559197516063], [71.78461190642912, 34.395599171001436], [71.7846060365679, 34.39553096719063]]]]}, "properties": {"id": "8J6H9QWM+6VR2", "height": 2.840957164764404, "hmax": 0.0, "ratio": 0.0, "vulnClass": "none"}}, {"type": "Feature", "geometry": {"type": "MultiPolygon", "coordinates": [[[[71.78449597057087, 34.395537445328266], [71.78442394094071, 34.395541589179935], [71.78443374738434, 34.39565748606601], [71.78450578056174, 34.395653252173204], [71.78449597057087, 34.395537445328266]]]]}, "properties": {"id": "8J6H9QWM+6QPX", "height": 3.610851526260376, "hmax": 0.0, "ratio": 0.0, "vulnClass": "none"}}, {"type": "Feature", "geometry": {"type": "MultiPolygon", "coordinates": [[[[71.78445926682987, 34.39568672916983], [71.78433193315789, 34.39568130615166], [71.78432911631288, 34.39572647812345], [71.78438632537076, 34.3957288845576], [71.78438346718215, 34.395775137023165], [71.78445370397138, 34.39577806643442], [71.78445926682987, 34.39568672916983]]]]}, "properties": {"id": "8J6H9QWM+7QJX", "height": 3.093931674957275, "hmax": 0.0, "ratio": 0.0, "vulnClass": "none"}}, {"type": "Feature", "geometry": {"type": "MultiPolygon", "coordinates": [[[[71.78438087274438, 34.395817340503704], [71.78427698736265, 34.39581289484591], [71.78427414634507, 34.39585869710018], [71.7843781438521, 34.39586305558035], [71.78438087274438, 34.395817340503704]]]]}, "properties": {"id": "8J6H9QWM+8PPF", "height": 2.753805637359619, "hmax": 0.0, "ratio": 0.0, "vulnClass": "none"}}, {"type": "Feature", "geometry": {"type": "MultiPolygon", "coordinates": [[[[71.78452340676499, 34.39582334362822], [71.78438087274438, 34.395817340503704], [71.7843781438521, 34.39586305558035], [71.78452067794966, 34.39586905871238], [71.78452340676499, 34.39582334362822]]]]}, "properties": {"id": "8J6H9QWM+8QPM", "height": 2.668737173080444, "hmax": 0.0, "ratio": 0.0, "vulnClass": "none"}}, {"type": "Feature", "geometry": {"type": "MultiPolygon", "coordinates": [[[[71.78378883549567, 34.395942188263845], [71.7837311452909, 34.39593814651525], [71.7837229850052, 34.39601778839208], [71.78378078388553, 34.39602183300581], [71.78378883549567, 34.395942188263845]]]]}, "properties": {"id": "8J6H9QWM+9GR6", "height": 3.286879777908325, "hmax": 0.0, "ratio": 0.0, "vulnClass": "none"}}, {"type": "Feature", "geometry": {"type": "MultiPolygon", "coordinates": [[[[71.78406655031927, 34.39596166345577], [71.78378883549567, 34.395942188263845], [71.78378078388553, 34.39602183300581], [71.78405839034603, 34.396041305372535], [71.78406655031927, 34.39596166345577]]]]}, "properties": {"id": "8J6H9QWM+9HVP", "height": 2.95127272605896, "hmax": 0.0, "ratio": 0.0, "vulnClass": "none"}}, {"type": "Feature", "geometry": {"type": "MultiPolygon", "coordinates": [[[[71.78427698736265, 34.39581289484591], [71.78407463738912, 34.39580441628926], [71.78407190833154, 34.395850131349775], [71.78427414634507, 34.39585869710018], [71.78427698736265, 34.39581289484591]]]]}, "properties": {"id": "8J6H9QWM+8MM8", "height": 2.753805637359619, "hmax": 0.0, "ratio": 0.0, "vulnClass": "none"}}, {"type": "Feature", "geometry": {"type": "MultiPolygon", "coordinates": [[[[71.78419704929965, 34.395654413287794], [71.78406946751319, 34.395661151239], [71.78408066503319, 34.39580601699106], [71.78413350509287, 34.39580326121969], [71.7841255716219, 34.39570661163996], [71.78420074796931, 34.39570264089237], [71.78419704929965, 34.395654413287794]]]]}, "properties": {"id": "8J6H9QWM+7JQQ", "height": 3.65451192855835, "hmax": 0.0, "ratio": 0.0, "vulnClass": "none"}}, {"type": "Feature", "geometry": {"type": "MultiPolygon", "coordinates": [[[[71.78411671550062, 34.39557442592124], [71.78406591525584, 34.39557786628154], [71.78407384855235, 34.395657480981924], [71.78412464884556, 34.39565404062106], [71.78411671550062, 34.39557442592124]]]]}, "properties": {"id": "8J6H9QWM+6JXJ", "height": 3.682043075561523, "hmax": 0.0, "ratio": 0.0, "vulnClass": "none"}}, {"type": "Feature", "geometry": {"type": "MultiPolygon", "coordinates": [[[[71.7840772319795, 34.39576221282377], [71.78380888169114, 34.39575091567271], [71.783803449143, 34.39583883131314], [71.78407190833154, 34.395850131349775], [71.7840772319795, 34.39576221282377]]]]}, "properties": {"id": "8J6H9QWM+8HG2", "height": 3.549655914306641, "hmax": 0.0, "ratio": 0.0, "vulnClass": "none"}}, {"type": "Feature", "geometry": {"type": "MultiPolygon", "coordinates": [[[[71.78379972640649, 34.39573445107272], [71.78374693119122, 34.39572467958567], [71.78373006396087, 34.39578750813288], [71.78378297128212, 34.395797192446615], [71.78379972640649, 34.39573445107272]]]]}, "properties": {"id": "8J6H9QWM+8G2F", "height": 3.503952264785767, "hmax": 0.0, "ratio": 0.0, "vulnClass": "none"}}, {"type": "Feature", "geometry": {"type": "MultiPolygon", "coordinates": [[[[71.78371452243881, 34.39577312876809], [71.78376734491077, 34.395640222637006], [71.78373237399803, 34.395630649775974], [71.78367954803099, 34.39576364593021], [71.78371452243881, 34.39577312876809]]]]}, "properties": {"id": "8J6H9QWM+7FQ2", "height": 3.912157535552979, "hmax": 0.0, "ratio": 0.0, "vulnClass": "none"}}, {"type": "Feature", "geometry": {"type": "MultiPolygon", "coordinates": [[[[71.78370579274737, 34.3955950693739], [71.78362165263218, 34.39556906050385], [71.78359764564998, 34.39562241759248], [71.78368178580853, 34.39564842648147], [71.78370579274737, 34.3955950693739]]]]}, "properties": {"id": "8J6H9QWM+6FR9", "height": 3.060191869735718, "hmax": 0.0, "ratio": 0.0, "vulnClass": "none"}}, {"type": "Feature", "geometry": {"type": "MultiPolygon", "coordinates": [[[[71.78362618368956, 34.39556999092335], [71.78353537463272, 34.39554209400103], [71.78351160209031, 34.39559500658286], [71.78360251636667, 34.3956229964247], [71.78362618368956, 34.39556999092335]]]]}, "properties": {"id": "8J6H9QWM+6CP6", "height": 3.556970119476318, "hmax": 0.0, "ratio": 0.0, "vulnClass": "none"}}, {"type": "Feature", "geometry": {"type": "MultiPolygon", "coordinates": [[[[71.78358153521715, 34.39562289495704], [71.78353948326473, 34.3956136764905], [71.78352428489177, 34.39566131668122], [71.78356633686553, 34.39567053515419], [71.78358153521715, 34.39562289495704]]]]}, "properties": {"id": "8J6H9QWM+7C3P", "height": 2.857451915740967, "hmax": 0.0, "ratio": 0.0, "vulnClass": "none"}}, {"type": "Feature", "geometry": {"type": "MultiPolygon", "coordinates": [[[[71.78348279662814, 34.39575945977408], [71.78339403054362, 34.395732157295306], [71.78336633193915, 34.3957938895499], [71.78345509462827, 34.39582128209261], [71.78348279662814, 34.39575945977408]]]]}, "properties": {"id": "8J6H9QWM+8974", "height": 4.286369323730469, "hmax": 0.0, "ratio": 0.0, "vulnClass": "none"}}, {"type": "Feature", "geometry": {"type": "MultiPolygon", "coordinates": [[[[71.78335251302788, 34.39573169559363], [71.78331881797043, 34.39573423382611], [71.78332195411568, 34.39576306834312], [71.78335564573624, 34.395760620151286], [71.78335251302788, 34.39573169559363]]]]}, "properties": {"id": "8J6H9QWM+78WX", "height": 2.715156078338623, "hmax": 0.0, "ratio": 0.0, "vulnClass": "none"}}, {"type": "Feature", "geometry": {"type": "MultiPolygon", "coordinates": [[[[71.78336661801636, 34.39584887735666], [71.78332937636709, 34.395838974224574], [71.78331537959521, 34.395875109161516], [71.78335262125816, 34.39588501229863], [71.78336661801636, 34.39584887735666]]]]}, "properties": {"id": "8J6H9QWM+88WH", "height": 2.475014448165894, "hmax": 0.0, "ratio": 0.0, "vulnClass": "none"}}, {"type": "Feature", "geometry": {"type": "MultiPolygon", "coordinates": [[[[71.7835341625021, 34.395775322710406], [71.78348279662814, 34.39575945977408], [71.78345509462827, 34.39582128209261], [71.7835064639813, 34.395837055001415], [71.7835341625021, 34.395775322710406]]]]}, "properties": {"id": "8J6H9QWM+899X", "height": 4.145344734191895, "hmax": 0.0, "ratio": 0.0, "vulnClass": "none"}}, {"type": "Feature", "geometry": {"type": "MultiPolygon", "coordinates": [[[[71.78369934142088, 34.39585438853055], [71.78351848996185, 34.39579843462298], [71.78350149842522, 34.395836113142785], [71.78368245857168, 34.39589206993749], [71.78369934142088, 34.39585438853055]]]]}, "properties": {"id": "8J6H9QWM+8CQR", "height": 3.807199478149414, "hmax": 0.0, "ratio": 0.0, "vulnClass": "none"}}, {"type": "Feature", "geometry": {"type": "MultiPolygon", "coordinates": [[[[71.78359856304441, 34.396030016877546], [71.78357849559777, 34.39599469799199], [71.78345994608434, 34.39604097035616], [71.78347990831553, 34.396076196359395], [71.78359856304441, 34.396030016877546]]]]}, "properties": {"id": "8J6H9QWM+CC6H", "height": 2.753383636474609, "hmax": 0.0, "ratio": 0.0, "vulnClass": "none"}}, {"type": "Feature", "geometry": {"type": "MultiPolygon", "coordinates": [[[[71.7833675332851, 34.39595273305012], [71.78330953793625, 34.395948142282116], [71.78329820128661, 34.39604825052805], [71.78335608808135, 34.39605283844661], [71.7833675332851, 34.39595273305012]]]]}, "properties": {"id": "8J6H9QWM+C844", "height": 3.209804773330688, "hmax": 0.0, "ratio": 0.0, "vulnClass": "none"}}, {"type": "Feature", "geometry": {"type": "MultiPolygon", "coordinates": [[[[71.78335608808135, 34.39605283844661], [71.78329820128661, 34.39604825052805], [71.78329330108562, 34.396091024205894], [71.78335118790922, 34.39609561212838], [71.78335608808135, 34.39605283844661]]]]}, "properties": {"id": "8J6H9QWM+C8GV", "height": 3.105397939682007, "hmax": 0.0, "ratio": 0.0, "vulnClass": "none"}}, {"type": "Feature", "geometry": {"type": "MultiPolygon", "coordinates": [[[[71.78328614059244, 34.39611048444462], [71.78322675891148, 34.39610802030695], [71.78322254476075, 34.39617830217281], [71.78328181786901, 34.39618076345658], [71.78328614059244, 34.39611048444462]]]]}, "properties": {"id": "8J6H9QWM+F82J", "height": 2.696794986724854, "hmax": 0.0, "ratio": 0.0, "vulnClass": "none"}}, {"type": "Feature", "geometry": {"type": "MultiPolygon", "coordinates": [[[[71.78338810525797, 34.39621618832781], [71.78330790081966, 34.39621515912403], [71.78330562618805, 34.396345519681], [71.78338583419927, 34.39634645885242], [71.78338810525797, 34.39621618832781]]]]}, "properties": {"id": "8J6H9QWM+G896", "height": 2.638947010040283, "hmax": 0.0, "ratio": 0.0, "vulnClass": "none"}}, {"type": "Feature", "geometry": {"type": "MultiPolygon", "coordinates": [[[[71.78352941230621, 34.39606686358679], [71.78347629965512, 34.39607673231362], [71.78352538106914, 34.39625729571358], [71.78360466830831, 34.396242527607825], [71.7835877025816, 34.39618016073246], [71.78356153157294, 34.396184970053], [71.78352941230621, 34.39606686358679]]]]}, "properties": {"id": "8J6H9QWM+FC7J", "height": 2.491135835647583, "hmax": 0.0, "ratio": 0.0, "vulnClass": "none"}}, {"type": "Feature", "geometry": {"type": "MultiPolygon", "coordinates": [[[[71.78397752797949, 34.396165361991834], [71.78388701306928, 34.396160997402376], [71.7838834735412, 34.39621083718177], [71.78397410057455, 34.39621511459406], [71.78397752797949, 34.396165361991834]]]]}, "properties": {"id": "8J6H9QWM+FHFH", "height": 3.077879428863525, "hmax": 0.0, "ratio": 0.0, "vulnClass": "none"}}, {"type": "Feature", "geometry": {"type": "MultiPolygon", "coordinates": [[[[71.78391059013627, 34.39641416657388], [71.78385626174276, 34.39641886596896], [71.78387716773634, 34.39658561876976], [71.7839314962382, 34.39658091937149], [71.78391059013627, 34.39641416657388]]]]}, "properties": {"id": "8J6H9QWM+HHRW", "height": 2.834622383117676, "hmax": 0.0, "ratio": 0.0, "vulnClass": "none"}}, {"type": "Feature", "geometry": {"type": "MultiPolygon", "coordinates": [[[[71.78352098253016, 34.39644879974887], [71.78349015102692, 34.39644753771906], [71.78348824404975, 34.396480295436824], [71.78364675343416, 34.39648653976942], [71.78365024139855, 34.3964266940378], [71.783522567068, 34.396421621704036], [71.78352098253016, 34.39644879974887]]]]}, "properties": {"id": "8J6H9QWM+HCP7", "height": 2.574820995330811, "hmax": 0.0, "ratio": 0.0, "vulnClass": "none"}}, {"type": "Feature", "geometry": {"type": "MultiPolygon", "coordinates": [[[[71.78361509259011, 34.39632806642674], [71.7836052114194, 34.39627093335609], [71.78348375462642, 34.39628522263715], [71.78349363571449, 34.39634235571296], [71.78361509259011, 34.39632806642674]]]]}, "properties": {"id": "8J6H9QWM+GCF8", "height": 2.61090087890625, "hmax": 0.0, "ratio": 0.0, "vulnClass": "none"}}, {"type": "Feature", "geometry": {"type": "MultiPolygon", "coordinates": [[[[71.78338496522167, 34.396346435983304], [71.78330562618805, 34.396345519681], [71.78330321872663, 34.396487864242054], [71.78338255444599, 34.39648887059431], [71.78338496522167, 34.396346435983304]]]]}, "properties": {"id": "8J6H9QWM+H89J", "height": 2.680536031723022, "hmax": 0.0, "ratio": 0.0, "vulnClass": "none"}}, {"type": "Feature", "geometry": {"type": "MultiPolygon", "coordinates": [[[[71.78297889539218, 34.39640208550295], [71.78293111191445, 34.39640623569758], [71.78293444278061, 34.39643282205484], [71.78298233489579, 34.396428674718756], [71.78297889539218, 34.39640208550295]]]]}, "properties": {"id": "8J6H9QWM+H58P", "height": 2.688345432281494, "hmax": 0.0, "ratio": 0.0, "vulnClass": "none"}}, {"type": "Feature", "geometry": {"type": "MultiPolygon", "coordinates": [[[[71.78300672370527, 34.39635685084948], [71.78295785922792, 34.396357998260825], [71.7829590434591, 34.39639236956444], [71.78300790795655, 34.39639122215376], [71.78300672370527, 34.39635685084948]]]]}, "properties": {"id": "8J6H9QWM+G5XV", "height": 2.688345432281494, "hmax": 0.0, "ratio": 0.0, "vulnClass": "none"}}, {"type": "Feature", "geometry": {"type": "MultiPolygon", "coordinates": [[[[71.78306674645069, 34.396433420137356], [71.78306489868683, 34.39635108136467], [71.7830122427828, 34.39635185861315], [71.78301398187259, 34.39643419452475], [71.78306674645069, 34.396433420137356]]]]}, "properties": {"id": "8J6H9QWM+H63M", "height": 2.876765727996826, "hmax": 0.0, "ratio": 0.0, "vulnClass": "none"}}, {"type": "Feature", "geometry": {"type": "MultiPolygon", "coordinates": [[[[71.78325641243786, 34.39571988289048], [71.7830939286091, 34.395726602569944], [71.78309664044261, 34.39577219039951], [71.78325912436004, 34.395765470721436], [71.78325641243786, 34.39571988289048]]]]}, "properties": {"id": "8J6H9QWM+77VW", "height": 5.17301607131958, "hmax": 0.0, "ratio": 0.0, "vulnClass": "none"}}, {"type": "Feature", "geometry": {"type": "MultiPolygon", "coordinates": [[[[71.78303915370651, 34.3952178101571], [71.78301531380137, 34.39525828270396], [71.78315514124908, 34.39531505038497], [71.78317897765871, 34.39527466784908], [71.78303915370651, 34.3952178101571]]]]}, "properties": {"id": "8J6H9QWM+465J", "height": 3.820088863372803, "hmax": 0.0, "ratio": 0.0, "vulnClass": "none"}}, {"type": "Feature", "geometry": {"type": "MultiPolygon", "coordinates": [[[[71.78327847112325, 34.395186523808206], [71.78319645216158, 34.39518463562182], [71.78319158262916, 34.39532880816038], [71.78327360173115, 34.39533069635791], [71.78327847112325, 34.395186523808206]]]]}, "properties": {"id": "8J6H9QWM+4758", "height": 3.909943819046021, "hmax": 0.0, "ratio": 0.0, "vulnClass": "none"}}, {"type": "Feature", "geometry": {"type": "MultiPolygon", "coordinates": [[[[71.7832581799358, 34.39512298779536], [71.78319900237905, 34.395126567854476], [71.78320312634574, 34.395172192850914], [71.78326219876271, 34.39516851989212], [71.7832581799358, 34.39512298779536]]]]}, "properties": {"id": "8J6H9QWM+375V", "height": 3.521163940429688, "hmax": 0.0, "ratio": 0.0, "vulnClass": "none"}}, {"type": "Feature", "geometry": {"type": "MultiPolygon", "coordinates": [[[[71.78304574530479, 34.39517913692661], [71.78307386824122, 34.39507793826847], [71.78302907352413, 34.39506936849992], [71.7830008419176, 34.3951705642861], [71.78304574530479, 34.39517913692661]]]]}, "properties": {"id": "8J6H9QWM+26VR", "height": 2.471791744232178, "hmax": 0.0, "ratio": 0.0, "vulnClass": "none"}}, {"type": "Feature", "geometry": {"type": "MultiPolygon", "coordinates": [[[[71.78299820060381, 34.395160039501285], [71.7830335718631, 34.395056958602545], [71.78298206167892, 34.39504487719876], [71.78294669036387, 34.39514795807948], [71.78299820060381, 34.395160039501285]]]]}, "properties": {"id": "8J6H9QWM+25X4", "height": 3.085177898406982, "hmax": 0.0, "ratio": 0.0, "vulnClass": "none"}}, {"type": "Feature", "geometry": {"type": "MultiPolygon", "coordinates": [[[[71.78301938152545, 34.39517763185406], [71.78297510056935, 34.39516700255974], [71.78294981905458, 34.39523943386657], [71.78299410349305, 34.395249973131115], [71.78301938152545, 34.39517763185406]]]]}, "properties": {"id": "8J6H9QWM+35Q8", "height": 3.840597152709961, "hmax": 0.0, "ratio": 0.0, "vulnClass": "none"}}, {"type": "Feature", "geometry": {"type": "MultiPolygon", "coordinates": [[[[71.78140991827426, 34.39561277732379], [71.78155747056307, 34.39546794570596], [71.78148376820992, 34.39541643260645], [71.78133632452, 34.39556126699458], [71.78140991827426, 34.39561277732379]]]]}, "properties": {"id": "8J6H9QWJ+6H4F", "height": 3.764456748962402, "hmax": 0.0, "ratio": 0.0, "vulnClass": "none"}}, {"type": "Feature", "geometry": {"type": "MultiPolygon", "coordinates": [[[[71.78321547177949, 34.39499748218315], [71.7830667947888, 34.39494751193474], [71.78304391184432, 34.39499422875824], [71.7831926975201, 34.39504420189681], [71.78321547177949, 34.39499748218315]]]]}, "properties": {"id": "8J6H9QVM+X7RR", "height": 2.89823842048645, "hmax": 0.0, "ratio": 0.0, "vulnClass": "none"}}, {"type": "Feature", "geometry": {"type": "MultiPolygon", "coordinates": [[[[71.78388716463981, 34.395242740433574], [71.78364066777247, 34.39520596994605], [71.78361544547462, 34.39532229706308], [71.78386183404339, 34.395359064761394], [71.78388716463981, 34.395242740433574]]]]}, "properties": {"id": "8J6H9QWM+4G66", "height": 3.246888399124146, "hmax": 0.0, "ratio": 0.0, "vulnClass": "none"}}, {"type": "Feature", "geometry": {"type": "MultiPolygon", "coordinates": [[[[71.78359313329284, 34.39523770724927], [71.78352702978674, 34.395231911783235], [71.78351489183669, 34.395327402268954], [71.7835808867952, 34.395333194887286], [71.78359313329284, 34.39523770724927]]]]}, "properties": {"id": "8J6H9QWM+4C78", "height": 3.768800973892212, "hmax": 0.0, "ratio": 0.0, "vulnClass": "none"}}, {"type": "Feature", "geometry": {"type": "MultiPolygon", "coordinates": [[[[71.78351402115462, 34.39525076748481], [71.78336161753224, 34.39526685611053], [71.78337022605868, 34.395323144522195], [71.78352262633513, 34.39530714593237], [71.78351402115462, 34.39525076748481]]]]}, "properties": {"id": "8J6H9QWM+498C", "height": 3.768800973892212, "hmax": 0.0, "ratio": 0.0, "vulnClass": "none"}}, {"type": "Feature", "geometry": {"type": "MultiPolygon", "coordinates": [[[[71.78349867632225, 34.395208542603164], [71.78344506768168, 34.39520298577538], [71.78343777108014, 34.39525155495689], [71.78349149181987, 34.39525702460716], [71.78349867632225, 34.395208542603164]]]]}, "properties": {"id": "8J6H9QWM+39W9", "height": 3.656035900115967, "hmax": 0.0, "ratio": 0.0, "vulnClass": "none"}}, {"type": "Feature", "geometry": {"type": "MultiPolygon", "coordinates": [[[[71.78359914035616, 34.395427231850654], [71.78354476432237, 34.39541615684001], [71.78353366946065, 34.39545317935876], [71.78358815068903, 34.395464347274824], [71.78359914035616, 34.395427231850654]]]]}, "properties": {"id": "8J6H9QWM+5CGJ", "height": 4.779722690582275, "hmax": 0.0, "ratio": 0.0, "vulnClass": "none"}}, {"type": "Feature", "geometry": {"type": "MultiPolygon", "coordinates": [[[[71.78364576470481, 34.39547604826385], [71.78353366946065, 34.39545317935876], [71.78351955388388, 34.39550093817673], [71.78363154056471, 34.39552380423964], [71.78364576470481, 34.39547604826385]]]]}, "properties": {"id": "8J6H9QWM+5CWG", "height": 5.176400184631348, "hmax": 0.0, "ratio": 0.0, "vulnClass": "none"}}, {"type": "Feature", "geometry": {"type": "MultiPolygon", "coordinates": [[[[71.78387246369343, 34.395436406997476], [71.78362402143942, 34.39539931487652], [71.78360750249203, 34.39547576244712], [71.78385594495961, 34.39551285461362], [71.78387246369343, 34.395436406997476]]]]}, "properties": {"id": "8J6H9QWM+5FQ8", "height": 3.003039836883545, "hmax": 0.0, "ratio": 0.0, "vulnClass": "none"}}, {"type": "Feature", "geometry": {"type": "MultiPolygon", "coordinates": [[[[71.78425101716607, 34.39548305084772], [71.784070495724, 34.395483799247934], [71.78407083754884, 34.39555438130729], [71.78425146776414, 34.39555363577292], [71.78425101716607, 34.39548305084772]]]]}, "properties": {"id": "8J6H9QWM+6M3J", "height": 3.661914348602295, "hmax": 0.0, "ratio": 0.0, "vulnClass": "none"}}, {"type": "Feature", "geometry": {"type": "MultiPolygon", "coordinates": [[[[71.7841225686403, 34.39527957909294], [71.7840542478394, 34.39528057557594], [71.78405738676021, 34.395437126675304], [71.78412570768884, 34.39543613019774], [71.78412492292784, 34.39539699242181], [71.78416136614271, 34.39539650916307], [71.78415995875028, 34.39533103656789], [71.78412362418489, 34.39533152268573], [71.7841225686403, 34.39527957909294]]]]}, "properties": {"id": "8J6H9QWM+4JX6", "height": 2.759638547897339, "hmax": 0.0, "ratio": 0.0, "vulnClass": "none"}}, {"type": "Feature", "geometry": {"type": "MultiPolygon", "coordinates": [[[[71.78430300014445, 34.39548279613261], [71.78425167578817, 34.39548288791271], [71.78425182989871, 34.395561216357954], [71.7843032629242, 34.39556112743825], [71.78430329425838, 34.395594386836265], [71.78440496552042, 34.39559417749963], [71.78440489786134, 34.39555334608707], [71.78430322664877, 34.39555355542643], [71.78430300014445, 34.39548279613261]]]]}, "properties": {"id": "8J6H9QWM+6P8R", "height": 3.836649894714355, "hmax": 0.0, "ratio": 0.0, "vulnClass": "none"}}, {"type": "Feature", "geometry": {"type": "MultiPolygon", "coordinates": [[[[71.78472493278495, 34.395464242903834], [71.78472111316641, 34.39541916673129], [71.78441500359911, 34.395437071743935], [71.78442394094071, 34.395541589179935], [71.7846060365679, 34.39553096719063], [71.78460103061835, 34.39547143874428], [71.78472493278495, 34.395464242903834]]]]}, "properties": {"id": "8J6H9QWM+5RV3", "height": 3.36430025100708, "hmax": 0.0, "ratio": 0.0, "vulnClass": "none"}}, {"type": "Feature", "geometry": {"type": "MultiPolygon", "coordinates": [[[[71.78440450170513, 34.39542453755118], [71.78430283064873, 34.395424746898975], [71.78430300014445, 34.39548279613261], [71.78440467127122, 34.395482586788624], [71.78440450170513, 34.39542453755118]]]]}, "properties": {"id": "8J6H9QWM+5PQ3", "height": 2.803845882415771, "hmax": 0.0, "ratio": 0.0, "vulnClass": "none"}}, {"type": "Feature", "geometry": {"type": "MultiPolygon", "coordinates": [[[[71.7848593291716, 34.39509201938137], [71.78475835846982, 34.39509098570089], [71.78475622439255, 34.395234779683506], [71.78485708319931, 34.39523590055918], [71.7848593291716, 34.39509201938137]]]]}, "properties": {"id": "8J6H9QWM+3W7H", "height": 2.878067493438721, "hmax": 0.0, "ratio": 0.0, "vulnClass": "none"}}, {"type": "Feature", "geometry": {"type": "MultiPolygon", "coordinates": [[[[71.78574474050009, 34.39486131559302], [71.78572436266708, 34.39478579014185], [71.78566150798997, 34.39479738656009], [71.78566826207488, 34.39482262078837], [71.78553959231722, 34.39484645672939], [71.78555311075972, 34.39489665507203], [71.78574474050009, 34.39486131559302]]]]}, "properties": {"id": "8J6H9QVP+W7JX", "height": 2.617215633392334, "hmax": 0.0, "ratio": 0.0, "vulnClass": "none"}}, {"type": "Feature", "geometry": {"type": "MultiPolygon", "coordinates": [[[[71.78619118892354, 34.39473335106959], [71.78614184370728, 34.39471582988475], [71.78611660222735, 34.39476455835326], [71.78616605608579, 34.39478208240554], [71.78619118892354, 34.39473335106959]]]]}, "properties": {"id": "8J6H9QVP+VFRX", "height": 3.058163166046143, "hmax": 0.0, "ratio": 0.0, "vulnClass": "none"}}, {"type": "Feature", "geometry": {"type": "MultiPolygon", "coordinates": [[[[71.78615253093872, 34.39469511020833], [71.78606199236933, 34.394662986092], [71.78603767839948, 34.39471020669327], [71.78612810838715, 34.39474232797366], [71.78615253093872, 34.39469511020833]]]]}, "properties": {"id": "8J6H9QVP+VCQ2", "height": 4.208479881286621, "hmax": 0.0, "ratio": 0.0, "vulnClass": "none"}}, {"type": "Feature", "geometry": {"type": "MultiPolygon", "coordinates": [[[[71.78587394418679, 34.3947581775838], [71.7858540404406, 34.39468446725134], [71.78570456767007, 34.39471208264878], [71.78572436266708, 34.39478579014185], [71.78587394418679, 34.3947581775838]]]]}, "properties": {"id": "8J6H9QVP+V8VF", "height": 3.139661073684692, "hmax": 0.0, "ratio": 0.0, "vulnClass": "none"}}, {"type": "Feature", "geometry": {"type": "MultiPolygon", "coordinates": [[[[71.78655708054048, 34.39534108521695], [71.78650755918903, 34.3953281562549], [71.78649196230191, 34.395369206777126], [71.7865414871192, 34.39538204570553], [71.78655708054048, 34.39534108521695]]]]}, "properties": {"id": "8J6H9QWP+4JR9", "height": 2.762243747711182, "hmax": 0.0, "ratio": 0.0, "vulnClass": "none"}}, {"type": "Feature", "geometry": {"type": "MultiPolygon", "coordinates": [[[[71.78641171439226, 34.39528976391248], [71.78633259101726, 34.395269026305485], [71.78631264958996, 34.39532131916742], [71.78639177300722, 34.39534205678971], [71.78641171439226, 34.39528976391248]]]]}, "properties": {"id": "8J6H9QWP+4GH8", "height": 2.915083408355713, "hmax": 0.0, "ratio": 0.0, "vulnClass": "none"}}, {"type": "Feature", "geometry": {"type": "MultiPolygon", "coordinates": [[[[71.78635881397922, 34.39533388954958], [71.78631175994866, 34.39532183656638], [71.7862492134425, 34.39549018040662], [71.7863279300733, 34.39551018632481], [71.78634877315174, 34.39545422176952], [71.78631711754188, 34.39544608878735], [71.78635881397922, 34.39533388954958]]]]}, "properties": {"id": "8J6H9QWP+5G7X", "height": 3.237179279327393, "hmax": 0.0, "ratio": 0.0, "vulnClass": "none"}}, {"type": "Feature", "geometry": {"type": "MultiPolygon", "coordinates": [[[[71.7863012010173, 34.39531362735099], [71.7862333713567, 34.39531031164789], [71.78623003149562, 34.39535781336872], [71.78629786119419, 34.3953611290758], [71.7863012010173, 34.39531362735099]]]]}, "properties": {"id": "8J6H9QWP+4GJF", "height": 3.402606964111328, "hmax": 0.0, "ratio": 0.0, "vulnClass": "none"}}, {"type": "Feature", "geometry": {"type": "MultiPolygon", "coordinates": [[[[71.78622529932109, 34.39543033509247], [71.78617666762334, 34.395416888598064], [71.78614809381797, 34.39548734131354], [71.78619672210468, 34.395500877862354], [71.78622529932109, 34.39543033509247]]]]}, "properties": {"id": "8J6H9QWP+5FM9", "height": 3.085643768310547, "hmax": 0.0, "ratio": 0.0, "vulnClass": "none"}}, {"type": "Feature", "geometry": {"type": "MultiPolygon", "coordinates": [[[[71.78620979928228, 34.39553988821026], [71.78614442714887, 34.39550644295213], [71.78606672982325, 34.39561039479699], [71.78613209855436, 34.395643930140146], [71.78620979928228, 34.39553988821026]]]]}, "properties": {"id": "8J6H9QWP+6FJ3", "height": 3.048528671264648, "hmax": 0.0, "ratio": 0.0, "vulnClass": "none"}}, {"type": "Feature", "geometry": {"type": "MultiPolygon", "coordinates": [[[[71.78604604597587, 34.395636620025215], [71.78614328545453, 34.395496498445475], [71.78609950525878, 34.39547560842429], [71.78600237091275, 34.39561582286416], [71.78604604597587, 34.395636620025215]]]]}, "properties": {"id": "8J6H9QWP+6CG7", "height": 3.220099210739136, "hmax": 0.0, "ratio": 0.0, "vulnClass": "none"}}, {"type": "Feature", "geometry": {"type": "MultiPolygon", "coordinates": [[[[71.78579645630916, 34.395382284757304], [71.78574978739509, 34.39539142263201], [71.7857577347262, 34.39541957244923], [71.78580451227681, 34.39541043742878], [71.78579645630916, 34.395382284757304]]]]}, "properties": {"id": "8J6H9QWP+5865", "height": 3.22722053527832, "hmax": 0.0, "ratio": 0.0, "vulnClass": "none"}}, {"type": "Feature", "geometry": {"type": "MultiPolygon", "coordinates": [[[[71.78605977977146, 34.39526635963359], [71.78600193477854, 34.395266370826675], [71.78600202587414, 34.39531513446817], [71.78605987434628, 34.39531503323582], [71.78605977977146, 34.39526635963359]]]]}, "properties": {"id": "8J6H9QWP+4C6Q", "height": 2.708230018615723, "hmax": 0.0, "ratio": 0.0, "vulnClass": "none"}}, {"type": "Feature", "geometry": {"type": "MultiPolygon", "coordinates": [[[[71.78600795163048, 34.395310873835506], [71.7859579585063, 34.39531595858596], [71.78596567898346, 34.39536708600774], [71.7860160014474, 34.39536191978347], [71.78600795163048, 34.395310873835506]]]]}, "properties": {"id": "8J6H9QWP+49QG", "height": 2.89219069480896, "hmax": 0.0, "ratio": 0.0, "vulnClass": "none"}}, {"type": "Feature", "geometry": {"type": "MultiPolygon", "coordinates": [[[[71.78601509293716, 34.39536577155665], [71.78592242558896, 34.3953750519194], [71.78593407100719, 34.395454313508594], [71.7859793693788, 34.39544973624072], [71.78598523264333, 34.39548972862656], [71.78603249310886, 34.39548502267056], [71.78601509293716, 34.39536577155665]]]]}, "properties": {"id": "8J6H9QWP+599V", "height": 2.89219069480896, "hmax": 0.0, "ratio": 0.0, "vulnClass": "none"}}, {"type": "Feature", "geometry": {"type": "MultiPolygon", "coordinates": [[[[71.78598659862435, 34.395982514485944], [71.7858773927213, 34.395938092073024], [71.78584983679185, 34.39598477670454], [71.78595904618281, 34.39602910910336], [71.78598659862435, 34.395982514485944]]]]}, "properties": {"id": "8J6H9QWP+99V7", "height": 3.1843581199646, "hmax": 0.0, "ratio": 0.0, "vulnClass": "none"}}, {"type": "Feature", "geometry": {"type": "MultiPolygon", "coordinates": [[[[71.78551436232375, 34.39590907659214], [71.78550115477209, 34.395961546396315], [71.78575468107238, 34.39600507767792], [71.78577599977017, 34.395919652687326], [71.78562401306516, 34.395893573458736], [71.78561579654051, 34.39592643569867], [71.78551436232375, 34.39590907659214]]]]}, "properties": {"id": "8J6H9QWP+97CX", "height": 2.538137912750244, "hmax": 0.082, "ratio": 0.032, "vulnClass": "none"}}, {"type": "Feature", "geometry": {"type": "MultiPolygon", "coordinates": [[[[71.78538387702035, 34.395852467119106], [71.78531542462694, 34.395851207543195], [71.78531416869497, 34.39589822323987], [71.78538261768021, 34.39589957285968], [71.78538387702035, 34.395852467119106]]]]}, "properties": {"id": "8J6H9QWP+9452", "height": 4.863251686096191, "hmax": 0.0, "ratio": 0.0, "vulnClass": "none"}}, {"type": "Feature", "geometry": {"type": "MultiPolygon", "coordinates": [[[[71.7855130339089, 34.39602332861383], [71.78544830847461, 34.39599855262918], [71.78541211293415, 34.396063577052736], [71.78547695047317, 34.39608826587428], [71.7855130339089, 34.39602332861383]]]]}, "properties": {"id": "8J6H9QWP+C58Q", "height": 4.705331802368164, "hmax": 0.0, "ratio": 0.0, "vulnClass": "none"}}, {"type": "Feature", "geometry": {"type": "MultiPolygon", "coordinates": [[[[71.78554272992838, 34.396133799850155], [71.7854676093548, 34.39610505508746], [71.78541471248339, 34.3962001948962], [71.7854898331187, 34.39622893969483], [71.78554272992838, 34.396133799850155]]]]}, "properties": {"id": "8J6H9QWP+F59M", "height": 2.902378082275391, "hmax": 0.082, "ratio": 0.028, "vulnClass": "none"}}, {"type": "Feature", "geometry": {"type": "MultiPolygon", "coordinates": [[[[71.78531361454993, 34.39619960894802], [71.78527353617325, 34.396187108102644], [71.78525168510687, 34.39623529460774], [71.78529187212443, 34.39624779831824], [71.78531361454993, 34.39619960894802]]]]}, "properties": {"id": "8J6H9QWP+F4MJ", "height": 3.282007932662964, "hmax": 0.0, "ratio": 0.0, "vulnClass": "none"}}, {"type": "Feature", "geometry": {"type": "MultiPolygon", "coordinates": [[[[71.78851005108439, 34.395066498481214], [71.78845763849723, 34.39500121791123], [71.78829980017431, 34.395088374056634], [71.78835221268203, 34.39515365468977], [71.78851005108439, 34.395066498481214]]]]}, "properties": {"id": "8J6H9QWQ+29J5", "height": 2.735722780227661, "hmax": 0.0, "ratio": 0.0, "vulnClass": "none"}}, {"type": "Feature", "geometry": {"type": "MultiPolygon", "coordinates": [[[[71.78743899784102, 34.39384005047939], [71.78740762524924, 34.39371935067228], [71.78730975508604, 34.39373678752443], [71.78734112753945, 34.39385748734885], [71.78743899784102, 34.39384005047939]]]]}, "properties": {"id": "8J6H9QVP+GW9H", "height": 2.832926750183105, "hmax": 0.0, "ratio": 0.0, "vulnClass": "none"}}, {"type": "Feature", "geometry": {"type": "MultiPolygon", "coordinates": [[[[71.78755070926299, 34.39368246189469], [71.78754411782425, 34.39364443331823], [71.78746776944743, 34.39365351289554], [71.78747425567624, 34.39369144857813], [71.78755070926299, 34.39368246189469]]]]}, "properties": {"id": "8J6H9QVQ+F26M", "height": 2.892465829849243, "hmax": 0.0, "ratio": 0.0, "vulnClass": "none"}}, {"type": "Feature", "geometry": {"type": "MultiPolygon", "coordinates": [[[[71.78761620550111, 34.393661470057175], [71.7876023516202, 34.393614327569566], [71.78753814292844, 34.39362724138203], [71.78755199677423, 34.393674383874945], [71.78761620550111, 34.393661470057175]]]]}, "properties": {"id": "8J6H9QVQ+F24M", "height": 2.606854915618896, "hmax": 0.0, "ratio": 0.0, "vulnClass": "none"}}, {"type": "Feature", "geometry": {"type": "MultiPolygon", "coordinates": [[[[71.7875458479059, 34.39279751060391], [71.78745606926914, 34.39279956747354], [71.78745996287113, 34.392916660838274], [71.7875497381899, 34.392914694014095], [71.7875458479059, 34.39279751060391]]]]}, "properties": {"id": "8J6H9QVQ+42R6", "height": 2.910758972167969, "hmax": 0.0, "ratio": 0.0, "vulnClass": "none"}}, {"type": "Feature", "geometry": {"type": "MultiPolygon", "coordinates": [[[[71.78747127209839, 34.39289956264369], [71.78742009916098, 34.392898578204466], [71.78741809941589, 34.39297360540345], [71.78746927584265, 34.39297449980483], [71.78747127209839, 34.39289956264369]]]]}, "properties": {"id": "8J6H9QVP+5XGC", "height": 2.931015729904175, "hmax": 0.0, "ratio": 0.0, "vulnClass": "none"}}, {"type": "Feature", "geometry": {"type": "MultiPolygon", "coordinates": [[[[71.78746927584265, 34.39297449980483], [71.78741809941589, 34.39297360540345], [71.78741682947617, 34.39302386554876], [71.78746800248972, 34.39302484999362], [71.78746927584265, 34.39297449980483]]]]}, "properties": {"id": "8J6H9QVP+5XWR", "height": 2.931920528411865, "hmax": 0.0, "ratio": 0.0, "vulnClass": "none"}}, {"type": "Feature", "geometry": {"type": "MultiPolygon", "coordinates": [[[[71.7875229211526, 34.39307856981156], [71.78739697201057, 34.39307399768203], [71.78739417636443, 34.39312719207367], [71.78764390246116, 34.39313627912569], [71.78764867357083, 34.39304564182536], [71.78752489682806, 34.393041126922476], [71.7875229211526, 34.39307856981156]]]]}, "properties": {"id": "8J6H9QVQ+62MJ", "height": 2.9967041015625, "hmax": 0.0, "ratio": 0.0, "vulnClass": "none"}}, {"type": "Feature", "geometry": {"type": "MultiPolygon", "coordinates": [[[[71.7875923774852, 34.3935425008128], [71.78752793755446, 34.39355009077038], [71.7875385180181, 34.39361174857759], [71.78760296143983, 34.39360406857584], [71.7875923774852, 34.3935425008128]]]]}, "properties": {"id": "8J6H9QVQ+C2P2", "height": 2.609550476074219, "hmax": 0.0, "ratio": 0.0, "vulnClass": "none"}}, {"type": "Feature", "geometry": {"type": "MultiPolygon", "coordinates": [[[[71.78694122200554, 34.393723945769345], [71.78687180448273, 34.393733747951934], [71.78688199430181, 34.393782867220565], [71.78695130324577, 34.393773062179186], [71.78694122200554, 34.393723945769345]]]]}, "properties": {"id": "8J6H9QVP+GQ32", "height": 6.30974006652832, "hmax": 0.0, "ratio": 0.0, "vulnClass": "none"}}, {"type": "Feature", "geometry": {"type": "MultiPolygon", "coordinates": [[[[71.7842707119934, 34.39367651966596], [71.78421577832725, 34.3936629967585], [71.78419411376446, 34.39372335576878], [71.78424904746502, 34.39373687868789], [71.7842707119934, 34.39367651966596]]]]}, "properties": {"id": "8J6H9QVM+FMHV", "height": 2.941392421722412, "hmax": 0.0, "ratio": 0.0, "vulnClass": "none"}}, {"type": "Feature", "geometry": {"type": "MultiPolygon", "coordinates": [[[[71.78440483134631, 34.39375738111027], [71.78435565102318, 34.393749778048544], [71.78434504310562, 34.39379681808985], [71.78439411483564, 34.39380441829974], [71.78440483134631, 34.39375738111027]]]]}, "properties": {"id": "8J6H9QVM+GP95", "height": 2.565714836120605, "hmax": 0.0, "ratio": 0.0, "vulnClass": "none"}}, {"type": "Feature", "geometry": {"type": "MultiPolygon", "coordinates": [[[[71.78429556630253, 34.39379695852565], [71.78422774995946, 34.39377913089885], [71.78420975931925, 34.39382588655853], [71.78427757224739, 34.39384380423809], [71.78429556630253, 34.39379695852565]]]]}, "properties": {"id": "8J6H9QVM+GPCC", "height": 2.729477882385254, "hmax": 0.0, "ratio": 0.0, "vulnClass": "none"}}, {"type": "Feature", "geometry": {"type": "MultiPolygon", "coordinates": [[[[71.78415171139879, 34.393959016008], [71.78414913445975, 34.3940291607613], [71.78433998546483, 34.394034001675365], [71.78434256224512, 34.39396385690914], [71.78415171139879, 34.393959016008]]]]}, "properties": {"id": "8J6H9QVM+HMXX", "height": 3.648176908493042, "hmax": 0.0, "ratio": 0.0, "vulnClass": "none"}}, {"type": "Feature", "geometry": {"type": "MultiPolygon", "coordinates": [[[[71.78330509556947, 34.39418189649125], [71.78308070339325, 34.39418978105542], [71.78308461509299, 34.394266495876195], [71.78330900747518, 34.39425861131645], [71.78330509556947, 34.39418189649125]]]]}, "properties": {"id": "8J6H9QVM+M7PR", "height": 2.546602249145508, "hmax": 0.0, "ratio": 0.0, "vulnClass": "none"}}, {"type": "Feature", "geometry": {"type": "MultiPolygon", "coordinates": [[[[71.78381837684036, 34.39304965011254], [71.7837675867356, 34.39305002618569], [71.78376820593468, 34.39309916422461], [71.7838189995169, 34.393098698111956], [71.78381837684036, 34.39304965011254]]]]}, "properties": {"id": "8J6H9QVM+6GFV", "height": 3.160993576049805, "hmax": 0.0, "ratio": 0.0, "vulnClass": "none"}}, {"type": "Feature", "geometry": {"type": "MultiPolygon", "coordinates": [[[[71.78395666560512, 34.3934077765386], [71.78395141031137, 34.393374650080894], [71.78388229629877, 34.39338220525341], [71.78388755156523, 34.39341533171255], [71.78395666560512, 34.3934077765386]]]]}, "properties": {"id": "8J6H9QVM+9H3M", "height": 3.643775463104248, "hmax": 0.0, "ratio": 0.0, "vulnClass": "none"}}, {"type": "Feature", "geometry": {"type": "MultiPolygon", "coordinates": [[[[71.7840040050833, 34.39351456626386], [71.7839673742164, 34.39343762147847], [71.78390659626821, 34.39345747363745], [71.78394322708505, 34.39353441843821], [71.7840040050833, 34.39351456626386]]]]}, "properties": {"id": "8J6H9QVM+9HWG", "height": 3.370677947998047, "hmax": 0.0, "ratio": 0.0, "vulnClass": "none"}}, {"type": "Feature", "geometry": {"type": "MultiPolygon", "coordinates": [[[[71.7841908950471, 34.3935631972716], [71.78415731024005, 34.39346064515778], [71.78400475319874, 34.39349502738022], [71.78403844644495, 34.39359758238367], [71.7841908950471, 34.3935631972716]]]]}, "properties": {"id": "8J6H9QVM+CJ92", "height": 2.77996563911438, "hmax": 0.0, "ratio": 0.0, "vulnClass": "none"}}, {"type": "Feature", "geometry": {"type": "MultiPolygon", "coordinates": [[[[71.78388070675712, 34.39339532264922], [71.78385861175944, 34.393288025413206], [71.78381980058191, 34.39329358380523], [71.78384200759639, 34.39340079386255], [71.78388070675712, 34.39339532264922]]]]}, "properties": {"id": "8J6H9QVM+8GQJ", "height": 3.527129650115967, "hmax": 0.0, "ratio": 0.0, "vulnClass": "none"}}, {"type": "Feature", "geometry": {"type": "MultiPolygon", "coordinates": [[[[71.78227524020282, 34.39251241137978], [71.78221692645879, 34.39252187231062], [71.78223818153351, 34.39261130161675], [71.78229649878821, 34.39260175063844], [71.78227524020282, 34.39251241137978]]]]}, "properties": {"id": "8J6H9QVJ+2WCC", "height": 3.864848852157593, "hmax": 0.0, "ratio": 0.0, "vulnClass": "none"}}, {"type": "Feature", "geometry": {"type": "MultiPolygon", "coordinates": [[[[71.78242439445299, 34.39246748644631], [71.78221183613041, 34.39245323828917], [71.78220646662993, 34.392508257473224], [71.78241902508945, 34.39252250564739], [71.78242439445299, 34.39246748644631]]]]}, "properties": {"id": "8J6H9QRJ+XWWC", "height": 4.129446506500244, "hmax": 0.0, "ratio": 0.0, "vulnClass": "none"}}, {"type": "Feature", "geometry": {"type": "MultiPolygon", "coordinates": [[[[71.78223239152902, 34.392243051733615], [71.78221183613041, 34.39245323828917], [71.7823139947289, 34.39246007367819], [71.78233043402946, 34.392292050467056], [71.78253193030511, 34.39230555656384], [71.78253604605224, 34.39226339317573], [71.78223239152902, 34.392243051733615]]]]}, "properties": {"id": "8J6H9QRJ+WWP6", "height": 4.174167633056641, "hmax": 0.0, "ratio": 0.0, "vulnClass": "none"}}, {"type": "Feature", "geometry": {"type": "MultiPolygon", "coordinates": [[[[71.78271600299706, 34.39122972357755], [71.78251236188991, 34.39111332122075], [71.78245890360793, 34.39117771013276], [71.78266243961568, 34.39129401968256], [71.78271600299706, 34.39122972357755]]]]}, "properties": {"id": "8J6H9QRM+F2P5", "height": 2.922059535980225, "hmax": 0.319, "ratio": 0.109, "vulnClass": "low"}}, {"type": "Feature", "geometry": {"type": "MultiPolygon", "coordinates": [[[[71.78276534486744, 34.39134945525408], [71.7825090281072, 34.39125996774849], [71.78246528114636, 34.391346153744095], [71.7827215981082, 34.39143564135265], [71.78276534486744, 34.39134945525408]]]]}, "properties": {"id": "8J6H9QRM+G2QW", "height": 3.71572732925415, "hmax": 0.32, "ratio": 0.086, "vulnClass": "low"}}, {"type": "Feature", "geometry": {"type": "MultiPolygon", "coordinates": [[[[71.78234957113459, 34.391500117122526], [71.78245632128127, 34.39133879749488], [71.78236505695999, 34.39129736810921], [71.78233366139011, 34.391344942330385], [71.78234220922964, 34.391348862740735], [71.78232731830418, 34.39137145431205], [71.78231941180995, 34.391367821178406], [71.78225905666653, 34.39145897778851], [71.78234957113459, 34.391500117122526]]]]}, "properties": {"id": "8J6H9QRJ+HW5V", "height": 3.283498048782349, "hmax": 0.169, "ratio": 0.052, "vulnClass": "low"}}, {"type": "Feature", "geometry": {"type": "MultiPolygon", "coordinates": [[[[71.78254735816316, 34.39137481293064], [71.78250390683465, 34.39135960864749], [71.78248732628525, 34.391392250505476], [71.78253066901097, 34.391407451936196], [71.78254735816316, 34.39137481293064]]]]}, "properties": {"id": "8J6H9QRM+H228", "height": 3.71572732925415, "hmax": 0.0, "ratio": 0.0, "vulnClass": "none"}}, {"type": "Feature", "geometry": {"type": "MultiPolygon", "coordinates": [[[[71.78186917673116, 34.39152117946869], [71.78190755620774, 34.391731205094985], [71.78198195494511, 34.39172189737416], [71.78197819679777, 34.39170079776997], [71.78201589009862, 34.39169602169948], [71.78201975342206, 34.391717214203354], [71.78209666755637, 34.3917075219761], [71.7820582910569, 34.39149740634174], [71.78186917673116, 34.39152117946869]]]]}, "properties": {"id": "8J6H9QRJ+JQXF", "height": 2.78248405456543, "hmax": 0.0, "ratio": 0.0, "vulnClass": "none"}}, {"type": "Feature", "geometry": {"type": "MultiPolygon", "coordinates": [[[[71.78256211667707, 34.390830535998404], [71.78253502368437, 34.390774301769284], [71.78243404427155, 34.39080769636944], [71.78246113375484, 34.39086402065835], [71.78256211667707, 34.390830535998404]]]]}, "properties": {"id": "8J6H9QRJ+8XHQ", "height": 2.471065521240234, "hmax": 0.097, "ratio": 0.039, "vulnClass": "none"}}, {"type": "Feature", "geometry": {"type": "MultiPolygon", "coordinates": [[[[71.78492197145077, 34.39102115727028], [71.78478798098426, 34.39099951640219], [71.78477085216528, 34.391072072520956], [71.7849048392939, 34.39109380345495], [71.78492197145077, 34.39102115727028]]]]}, "properties": {"id": "8J6H9QRM+CW9R", "height": 2.477445125579834, "hmax": 0.0, "ratio": 0.0, "vulnClass": "none"}}, {"type": "Feature", "geometry": {"type": "MultiPolygon", "coordinates": [[[[71.78472814996567, 34.39102876763934], [71.78456861368218, 34.39097292557276], [71.78453063917475, 34.391047547109295], [71.78469017901323, 34.39110329919044], [71.78472814996567, 34.39102876763934]]]]}, "properties": {"id": "8J6H9QRM+CV6C", "height": 2.683212041854858, "hmax": 0.094, "ratio": 0.035, "vulnClass": "none"}}, {"type": "Feature", "geometry": {"type": "MultiPolygon", "coordinates": [[[[71.79027502463977, 34.39320404791157], [71.79022181171545, 34.39320238015027], [71.790217657219, 34.39329402527523], [71.79027087364186, 34.39329560300009], [71.79027502463977, 34.39320404791157]]]]}, "properties": {"id": "8J6H9QVR+73XX", "height": 3.977561235427856, "hmax": 0.0, "ratio": 0.0, "vulnClass": "none"}}, {"type": "Feature", "geometry": {"type": "MultiPolygon", "coordinates": [[[[71.79024429826922, 34.39342199104187], [71.79019170400424, 34.39341835660873], [71.79018660993653, 34.39346914732936], [71.79023920423276, 34.39347278176644], [71.79024429826922, 34.39342199104187]]]]}, "properties": {"id": "8J6H9QVR+93GX", "height": 3.505524158477783, "hmax": 0.0, "ratio": 0.0, "vulnClass": "none"}}, {"type": "Feature", "geometry": {"type": "MultiPolygon", "coordinates": [[[[71.78927367301156, 34.38280555304404], [71.78922488169155, 34.38280499262404], [71.7892239520238, 34.38286346382462], [71.78927263477232, 34.382864021394425], [71.78927367301156, 34.38280555304404]]]]}, "properties": {"id": "8J6H9QMQ+4MQ9", "height": 4.13592529296875, "hmax": 0.0, "ratio": 0.0, "vulnClass": "none"}}, {"type": "Feature", "geometry": {"type": "MultiPolygon", "coordinates": [[[[71.7893383066922, 34.38276137342882], [71.78927021909345, 34.38275084238305], [71.78925687404659, 34.38280988882325], [71.7893250702957, 34.382820422731385], [71.7893383066922, 34.38276137342882]]]]}, "properties": {"id": "8J6H9QMQ+4P7G", "height": 3.534726619720459, "hmax": 0.0, "ratio": 0.0, "vulnClass": "none"}}, {"type": "Feature", "geometry": {"type": "MultiPolygon", "coordinates": [[[[71.78926221902029, 34.38260741263723], [71.78904914459119, 34.38255891342023], [71.78900354301442, 34.38269678919151], [71.78903889713189, 34.38270474810102], [71.78902895089578, 34.382734590912285], [71.78920678361995, 34.38277504414512], [71.78926221902029, 34.38260741263723]]]]}, "properties": {"id": "8J6H9QMQ+3M6J", "height": 4.939024925231934, "hmax": 0.0, "ratio": 0.0, "vulnClass": "none"}}, {"type": "Feature", "geometry": {"type": "MultiPolygon", "coordinates": [[[[71.788987930116, 34.38299156111824], [71.78902290667678, 34.38275335985615], [71.78890312993553, 34.38274129065213], [71.78886826165098, 34.382979494714306], [71.788987930116, 34.38299156111824]]]]}, "properties": {"id": "8J6H9QMQ+4HWM", "height": 6.744545936584473, "hmax": 0.0, "ratio": 0.0, "vulnClass": "none"}}, {"type": "Feature", "geometry": {"type": "MultiPolygon", "coordinates": [[[[71.78887173701702, 34.38279751954358], [71.78880537296277, 34.38278171572947], [71.78878838426249, 34.38283084201841], [71.78882350743521, 34.382839155452494], [71.7888159274155, 34.382861128790715], [71.78884717177934, 34.382868529142655], [71.78887173701702, 34.38279751954358]]]]}, "properties": {"id": "8J6H9QMQ+4GGW", "height": 5.240977764129639, "hmax": 0.0, "ratio": 0.0, "vulnClass": "none"}}, {"type": "Feature", "geometry": {"type": "MultiPolygon", "coordinates": [[[[71.78700979046499, 34.38279744812352], [71.7869908841675, 34.38275738332933], [71.78682466976375, 34.38281114965902], [71.78687836446534, 34.38292513565145], [71.78697082546283, 34.38289529864902], [71.78693604035695, 34.38282128745324], [71.78700979046499, 34.38279744812352]]]]}, "properties": {"id": "8J6H9QMP+4QMC", "height": 4.964237213134766, "hmax": 0.0, "ratio": 0.0, "vulnClass": "none"}}, {"type": "Feature", "geometry": {"type": "MultiPolygon", "coordinates": [[[[71.78215778698049, 34.382745898809276], [71.78211291268552, 34.38273390179289], [71.78209808885342, 34.3827718175561], [71.7821429597175, 34.382783904619835], [71.78215778698049, 34.382745898809276]]]]}, "properties": {"id": "8J6H9QMJ+4V26", "height": 2.835906028747559, "hmax": 0.0, "ratio": 0.0, "vulnClass": "none"}}, {"type": "Feature", "geometry": {"type": "MultiPolygon", "coordinates": [[[[71.78155288009711, 34.38264146532744], [71.78150518049245, 34.38263227792179], [71.78148038144256, 34.38272058497769], [71.78152807764431, 34.382729862436456], [71.78155288009711, 34.38264146532744]]]]}, "properties": {"id": "8J6H9QMJ+3JC8", "height": 4.379202842712402, "hmax": 0.0, "ratio": 0.0, "vulnClass": "none"}}, {"type": "Feature", "geometry": {"type": "MultiPolygon", "coordinates": [[[[71.78150518049245, 34.38263227792179], [71.78145132839394, 34.38262193706498], [71.78141934555563, 34.38273601289162], [71.78147319772108, 34.38274635376627], [71.78150518049245, 34.38263227792179]]]]}, "properties": {"id": "8J6H9QMJ+3HG9", "height": 4.846611499786377, "hmax": 0.0, "ratio": 0.0, "vulnClass": "none"}}, {"type": "Feature", "geometry": {"type": "MultiPolygon", "coordinates": [[[[71.78171030785997, 34.382669584924614], [71.78168494617059, 34.38266756527072], [71.78168251702407, 34.3826884118703], [71.7817078787196, 34.38269043152504], [71.78171030785997, 34.382669584924614]]]]}, "properties": {"id": "8J6H9QMJ+3MG3", "height": 3.403772830963135, "hmax": 0.0, "ratio": 0.0, "vulnClass": "none"}}, {"type": "Feature", "geometry": {"type": "MultiPolygon", "coordinates": [[[[71.78184080781425, 34.38281605940461], [71.78172849367543, 34.38279084014116], [71.78168957416571, 34.382910051199346], [71.78180189189501, 34.382935180465594], [71.78184080781425, 34.38281605940461]]]]}, "properties": {"id": "8J6H9QMJ+4PRF", "height": 3.591444492340088, "hmax": 0.0, "ratio": 0.0, "vulnClass": "none"}}, {"type": "Feature", "geometry": {"type": "MultiPolygon", "coordinates": [[[[71.78164959372172, 34.38275325110888], [71.78148038144256, 34.38272058497769], [71.78146866716594, 34.382762458186484], [71.78163787952228, 34.38279512433823], [71.78164959372172, 34.38275325110888]]]]}, "properties": {"id": "8J6H9QMJ+4J39", "height": 3.848729610443115, "hmax": 0.0, "ratio": 0.0, "vulnClass": "none"}}, {"type": "Feature", "geometry": {"type": "MultiPolygon", "coordinates": [[[[71.78141934555563, 34.38273601289162], [71.78133009880057, 34.3827187913936], [71.78131573816022, 34.38277014886543], [71.78140498496522, 34.38278737037674], [71.78141934555563, 34.38273601289162]]]]}, "properties": {"id": "8J6H9QMJ+4G55", "height": 3.717720031738281, "hmax": 0.0, "ratio": 0.0, "vulnClass": "none"}}, {"type": "Feature", "geometry": {"type": "MultiPolygon", "coordinates": [[[[71.78129512577591, 34.382766181147844], [71.78128869364302, 34.382789355894246], [71.7813984442556, 34.382810542271045], [71.78140498496522, 34.38278737037674], [71.78129512577591, 34.382766181147844]]]]}, "properties": {"id": "8J6H9QMJ+4G9C", "height": 3.092162847518921, "hmax": 0.0, "ratio": 0.0, "vulnClass": "none"}}, {"type": "Feature", "geometry": {"type": "MultiPolygon", "coordinates": [[[[71.7816025377365, 34.38284079197436], [71.78148986152539, 34.38282502678565], [71.7814796900121, 34.38287487219992], [71.78159236628669, 34.38289063740156], [71.7816025377365, 34.38284079197436]]]]}, "properties": {"id": "8J6H9QMJ+4JV7", "height": 5.323514461517334, "hmax": 0.0, "ratio": 0.0, "vulnClass": "none"}}, {"type": "Feature", "geometry": {"type": "MultiPolygon", "coordinates": [[[[71.78134250014304, 34.382985366862606], [71.78133209341667, 34.38308108308587], [71.7814034243476, 34.383086386169914], [71.78141383099427, 34.3829906699361], [71.78134250014304, 34.382985366862606]]]]}, "properties": {"id": "8J6H9QMJ+6G9H", "height": 3.149712562561035, "hmax": 0.0, "ratio": 0.0, "vulnClass": "none"}}, {"type": "Feature", "geometry": {"type": "MultiPolygon", "coordinates": [[[[71.78150768570784, 34.383032348251284], [71.78144708254257, 34.38302795859704], [71.78144178439237, 34.38307829284027], [71.78150238759328, 34.38308268249914], [71.78150768570784, 34.383032348251284]]]]}, "properties": {"id": "8J6H9QMJ+6HH6", "height": 2.721688508987427, "hmax": 0.0, "ratio": 0.0, "vulnClass": "none"}}, {"type": "Feature", "geometry": {"type": "MultiPolygon", "coordinates": [[[[71.7815589857621, 34.38297592446257], [71.7814982498858, 34.38297216226265], [71.78149278960574, 34.38303240672482], [71.78155363412976, 34.38303617178919], [71.7815589857621, 34.38297592446257]]]]}, "properties": {"id": "8J6H9QMJ+6J25", "height": 4.192522048950195, "hmax": 0.0, "ratio": 0.0, "vulnClass": "none"}}, {"type": "Feature", "geometry": {"type": "MultiPolygon", "coordinates": [[[[71.78168215004247, 34.383018734816815], [71.781615602891, 34.383016261790345], [71.78161090092055, 34.38310212361989], [71.78167733608595, 34.38310468383441], [71.78168215004247, 34.383018734816815]]]]}, "properties": {"id": "8J6H9QMJ+6MCG", "height": 2.744095325469971, "hmax": 0.0, "ratio": 0.0, "vulnClass": "none"}}, {"type": "Feature", "geometry": {"type": "MultiPolygon", "coordinates": [[[[71.78168608813519, 34.3829442995945], [71.78165326198291, 34.38293847815134], [71.78164378367744, 34.382975903659556], [71.78167661329196, 34.38298163506513], [71.78168608813519, 34.3829442995945]]]]}, "properties": {"id": "8J6H9QMJ+5MMF", "height": 2.881669521331787, "hmax": 0.0, "ratio": 0.0, "vulnClass": "none"}}, {"type": "Feature", "geometry": {"type": "MultiPolygon", "coordinates": [[[[71.78198103149217, 34.38287328895693], [71.781833260444, 34.38284281009263], [71.78180483281952, 34.382937871705714], [71.78195249886268, 34.382968257712996], [71.78197455300057, 34.382894840153945], [71.78198103149217, 34.38287328895693]]]]}, "properties": {"id": "8J6H9QMJ+5Q68", "height": 3.970675945281982, "hmax": 0.0, "ratio": 0.0, "vulnClass": "none"}}, {"type": "Feature", "geometry": {"type": "MultiPolygon", "coordinates": [[[[71.78206130956526, 34.38314174131837], [71.78175264402176, 34.38311685129217], [71.78174340840759, 34.383196194427875], [71.7820519656312, 34.38322108163457], [71.78206130956526, 34.38314174131837]]]]}, "properties": {"id": "8J6H9QMJ+7Q6Q", "height": 3.516743183135986, "hmax": 0.0, "ratio": 0.0, "vulnClass": "none"}}, {"type": "Feature", "geometry": {"type": "MultiPolygon", "coordinates": [[[[71.78284932279398, 34.383376094168334], [71.78276102661758, 34.383373770438986], [71.78275530880867, 34.383520264248766], [71.78299977652772, 34.383526788012894], [71.7830039115995, 34.38342162298615], [71.78284774040475, 34.38341742298035], [71.78284932279398, 34.383376094168334]]]]}, "properties": {"id": "8J6H9QMM+94QH", "height": 3.828993082046509, "hmax": 0.0, "ratio": 0.0, "vulnClass": "none"}}, {"type": "Feature", "geometry": {"type": "MultiPolygon", "coordinates": [[[[71.7831368480281, 34.383407996218885], [71.7830600743126, 34.38340570551977], [71.78305224886104, 34.38358170709823], [71.78324792873825, 34.3835875774067], [71.78325286851258, 34.38347558352677], [71.7831339626685, 34.383472003944995], [71.7831368480281, 34.383407996218885]]]]}, "properties": {"id": "8J6H9QMM+C72G", "height": 4.564382076263428, "hmax": 0.0, "ratio": 0.0, "vulnClass": "none"}}, {"type": "Feature", "geometry": {"type": "MultiPolygon", "coordinates": [[[[71.78281716663957, 34.38327042472704], [71.78276514472687, 34.383269055639424], [71.78276102661758, 34.383373770438986], [71.78281304859482, 34.38337513953199], [71.78281716663957, 34.38327042472704]]]]}, "properties": {"id": "8J6H9QMM+84FV", "height": 3.291129589080811, "hmax": 0.0, "ratio": 0.0, "vulnClass": "none"}}, {"type": "Feature", "geometry": {"type": "MultiPolygon", "coordinates": [[[[71.78422190187611, 34.38370135139613], [71.78401262975405, 34.38366430000515], [71.78398441992822, 34.383773608729086], [71.78419369574856, 34.3838105701414], [71.78422190187611, 34.38370135139613]]]]}, "properties": {"id": "8J6H9QMM+FJXF", "height": 4.863652229309082, "hmax": 0.0, "ratio": 0.0, "vulnClass": "none"}}, {"type": "Feature", "geometry": {"type": "MultiPolygon", "coordinates": [[[[71.78357197923064, 34.38421314583053], [71.7834755521047, 34.3842073639128], [71.78347248734019, 34.38424198398567], [71.7835689110585, 34.384247855949035], [71.78357197923064, 34.38421314583053]]]]}, "properties": {"id": "8J6H9QMM+MCR4", "height": 5.864643096923828, "hmax": 0.0, "ratio": 0.0, "vulnClass": "none"}}, {"type": "Feature", "geometry": {"type": "MultiPolygon", "coordinates": [[[[71.78378310509933, 34.38421031842471], [71.78369410976026, 34.38420635457873], [71.78369109524347, 34.38425386481933], [71.78377998202579, 34.38425782581288], [71.78378310509933, 34.38421031842471]]]]}, "properties": {"id": "8J6H9QMM+MFX8", "height": 9.780750274658203, "hmax": 0.0, "ratio": 0.0, "vulnClass": "none"}}, {"type": "Feature", "geometry": {"type": "MultiPolygon", "coordinates": [[[[71.7837304673926, 34.3841000543967], [71.78353297595292, 34.38407899503118], [71.78352573604545, 34.38412612369312], [71.7837231189858, 34.384147180218896], [71.7837304673926, 34.3841000543967]]]]}, "properties": {"id": "8J6H9QMM+JFRC", "height": 5.998329162597656, "hmax": 0.0, "ratio": 0.0, "vulnClass": "none"}}, {"type": "Feature", "geometry": {"type": "MultiPolygon", "coordinates": [[[[71.78413132976522, 34.38426977313506], [71.7838341987675, 34.38423311402715], [71.78382024479541, 34.384310800989184], [71.78411737950273, 34.38434737010472], [71.78413132976522, 34.38426977313506]]]]}, "properties": {"id": "8J6H9QMM+PH9J", "height": 11.5108060836792, "hmax": 0.0, "ratio": 0.0, "vulnClass": "none"}}, {"type": "Feature", "geometry": {"type": "MultiPolygon", "coordinates": [[[[71.78414101029006, 34.38421567835677], [71.78408701547542, 34.3842090302736], [71.78407733491724, 34.38426312504575], [71.78413132976522, 34.38426977313506], [71.78414101029006, 34.38421567835677]]]]}, "properties": {"id": "8J6H9QMM+MJXF", "height": 10.239060401916504, "hmax": 0.0, "ratio": 0.0, "vulnClass": "none"}}, {"type": "Feature", "geometry": {"type": "MultiPolygon", "coordinates": [[[[71.78393176945838, 34.38383693818513], [71.7837962685696, 34.383823819338396], [71.78378377495468, 34.38391163947664], [71.78391938458725, 34.38392476120222], [71.78393176945838, 34.38383693818513]]]]}, "properties": {"id": "8J6H9QMM+GGXV", "height": 3.020464897155762, "hmax": 0.0, "ratio": 0.0, "vulnClass": "none"}}, {"type": "Feature", "geometry": {"type": "MultiPolygon", "coordinates": [[[[71.78420652257194, 34.384682661825856], [71.78414981059959, 34.38467882649873], [71.78414463114854, 34.384731777838695], [71.78420134315601, 34.38473561317021], [71.78420652257194, 34.384682661825856]]]]}, "properties": {"id": "8J6H9QMM+VMM8", "height": 5.269508361816406, "hmax": 0.0, "ratio": 0.0, "vulnClass": "none"}}, {"type": "Feature", "geometry": {"type": "MultiPolygon", "coordinates": [[[[71.78246476442817, 34.385392674290124], [71.78238317572291, 34.38539115769278], [71.78237886007994, 34.385546431107734], [71.78246055754376, 34.3855479505751], [71.78246476442817, 34.385392674290124]]]]}, "properties": {"id": "8J6H9QPJ+5XMM", "height": 4.047426223754883, "hmax": 0.0, "ratio": 0.0, "vulnClass": "none"}}, {"type": "Feature", "geometry": {"type": "MultiPolygon", "coordinates": [[[[71.7827224066729, 34.385483998928606], [71.78272051206419, 34.38542842794528], [71.78267197979241, 34.385429584177025], [71.78267387436891, 34.38548515515931], [71.7827224066729, 34.385483998928606]]]]}, "properties": {"id": "8J6H9QPM+53P7", "height": 3.724544763565063, "hmax": 0.0, "ratio": 0.0, "vulnClass": "none"}}, {"type": "Feature", "geometry": {"type": "MultiPolygon", "coordinates": [[[[71.78270347612514, 34.38539066505907], [71.78264206779838, 34.38539022055055], [71.78264162643048, 34.38543581556668], [71.78270303479054, 34.38543626007729], [71.78270347612514, 34.38539066505907]]]]}, "properties": {"id": "8J6H9QPM+537G", "height": 3.562498092651367, "hmax": 0.0, "ratio": 0.0, "vulnClass": "none"}}, {"type": "Feature", "geometry": {"type": "MultiPolygon", "coordinates": [[[[71.78324336058175, 34.38555268907233], [71.78322346005179, 34.38537109080369], [71.78316741835388, 34.38537529436661], [71.78317871759629, 34.385477710926416], [71.78314230113457, 34.385480448017056], [71.78314898860103, 34.385541462898225], [71.78304955178956, 34.38554894088947], [71.78303906987664, 34.38545357610442], [71.78297626683856, 34.385458322697666], [71.78299657886836, 34.38564335682318], [71.78322947295545, 34.385625780961334], [71.78322166135818, 34.38555437135616], [71.78324336058175, 34.38555268907233]]]]}, "properties": {"id": "8J6H9QPM+669H", "height": 3.52229642868042, "hmax": 0.0, "ratio": 0.0, "vulnClass": "none"}}, {"type": "Feature", "geometry": {"type": "MultiPolygon", "coordinates": [[[[71.78297353784586, 34.38545861140613], [71.78285648766085, 34.38546896058604], [71.78286957252453, 34.385570162312376], [71.78298662629874, 34.38555972308694], [71.78297353784586, 34.38545861140613]]]]}, "properties": {"id": "8J6H9QPM+653F", "height": 2.970134258270264, "hmax": 0.0, "ratio": 0.0, "vulnClass": "none"}}, {"type": "Feature", "geometry": {"type": "MultiPolygon", "coordinates": [[[[71.78275825427114, 34.385558579980426], [71.78275806293688, 34.38562887766072], [71.78283872614202, 34.38562901768152], [71.78283891740875, 34.38555871999729], [71.78275825427114, 34.385558579980426]]]]}, "properties": {"id": "8J6H9QPM+64MP", "height": 2.892175674438477, "hmax": 0.0, "ratio": 0.0, "vulnClass": "none"}}, {"type": "Feature", "geometry": {"type": "MultiPolygon", "coordinates": [[[[71.78311979114123, 34.38573898428845], [71.78310833680011, 34.38563494127518], [71.78299657886836, 34.38564335682318], [71.78300792446188, 34.38574739698086], [71.78311979114123, 34.38573898428845]]]]}, "properties": {"id": "8J6H9QPM+76FQ", "height": 2.812729120254517, "hmax": 0.0, "ratio": 0.0, "vulnClass": "none"}}, {"type": "Feature", "geometry": {"type": "MultiPolygon", "coordinates": [[[[71.78300792446188, 34.38574739698086], [71.7829942221756, 34.385622564513156], [71.78287821129504, 34.385631318687594], [71.78289191340808, 34.385756151158546], [71.78300792446188, 34.38574739698086]]]]}, "properties": {"id": "8J6H9QPM+75GC", "height": 2.798998832702637, "hmax": 0.0, "ratio": 0.0, "vulnClass": "none"}}, {"type": "Feature", "geometry": {"type": "MultiPolygon", "coordinates": [[[[71.78289191340808, 34.385756151158546], [71.78288045935061, 34.38565210813992], [71.78275496157475, 34.38566160397097], [71.78276630686754, 34.38576564413414], [71.78289191340808, 34.385756151158546]]]]}, "properties": {"id": "8J6H9QPM+74P7", "height": 4.008743286132812, "hmax": 0.0, "ratio": 0.0, "vulnClass": "none"}}, {"type": "Feature", "geometry": {"type": "MultiPolygon", "coordinates": [[[[71.78272237564036, 34.38555294885221], [71.78237886007994, 34.385546431107734], [71.78237655999675, 34.38562920157482], [71.78266869038194, 34.385634727448554], [71.78266612680264, 34.38572722521547], [71.78271751237185, 34.38572821711594], [71.78272237564036, 34.38555294885221]]]]}, "properties": {"id": "8J6H9QPM+62W2", "height": 5.777924060821533, "hmax": 0.0, "ratio": 0.0, "vulnClass": "none"}}, {"type": "Feature", "geometry": {"type": "MultiPolygon", "coordinates": [[[[71.7824843336976, 34.38568791996002], [71.78241393481007, 34.385686607768456], [71.78240800010022, 34.385909707714006], [71.78247829056559, 34.38591101706078], [71.7824843336976, 34.38568791996002]]]]}, "properties": {"id": "8J6H9QPJ+8X8V", "height": 4.567994117736816, "hmax": 0.0, "ratio": 0.0, "vulnClass": "none"}}, {"type": "Feature", "geometry": {"type": "MultiPolygon", "coordinates": [[[[71.78190587573994, 34.38582907148898], [71.7818951384483, 34.38571486240686], [71.7817894193648, 34.38572172331622], [71.7818001565119, 34.38583593239949], [71.78190587573994, 34.38582907148898]]]]}, "properties": {"id": "8J6H9QPJ+8P92", "height": 3.552283763885498, "hmax": 0.0, "ratio": 0.0, "vulnClass": "none"}}, {"type": "Feature", "geometry": {"type": "MultiPolygon", "coordinates": [[[[71.78186916990242, 34.38562648066022], [71.78198376544782, 34.38561778032249], [71.78197729429868, 34.385559655310836], [71.78186269883297, 34.385568355646996], [71.78186916990242, 34.38562648066022]]]]}, "properties": {"id": "8J6H9QPJ+6QMP", "height": 3.209749937057495, "hmax": 0.0, "ratio": 0.0, "vulnClass": "none"}}, {"type": "Feature", "geometry": {"type": "MultiPolygon", "coordinates": [[[[71.78186916990242, 34.38562648066022], [71.78184857248769, 34.38544044745969], [71.78174880649473, 34.3854480058552], [71.78176940368742, 34.385634039060044], [71.78186916990242, 34.38562648066022]]]]}, "properties": {"id": "8J6H9QPJ+6P7H", "height": 3.726103782653809, "hmax": 0.0, "ratio": 0.0, "vulnClass": "none"}}, {"type": "Feature", "geometry": {"type": "MultiPolygon", "coordinates": [[[[71.78132474900445, 34.38567091290046], [71.78126792622672, 34.3856699575112], [71.78126641673896, 34.385729224382914], [71.78132323610728, 34.385730269815944], [71.78132474900445, 34.38567091290046]]]]}, "properties": {"id": "8J6H9QPJ+7GM3", "height": 3.419264078140259, "hmax": 0.0, "ratio": 0.0, "vulnClass": "none"}}, {"type": "Feature", "geometry": {"type": "MultiPolygon", "coordinates": [[[[71.78180927776218, 34.38600084306077], [71.78179798708102, 34.38589824639001], [71.78152627575543, 34.38591876326979], [71.78155053708983, 34.38613968377738], [71.78160603282826, 34.38613555673371], [71.78158917302278, 34.38598251996877], [71.78170060561875, 34.38597409716451], [71.7817043857965, 34.38600880724006], [71.78180927776218, 34.38600084306077]]]]}, "properties": {"id": "8J6H9QPJ+9MR9", "height": 7.791118621826172, "hmax": 0.0, "ratio": 0.0, "vulnClass": "none"}}, {"type": "Feature", "geometry": {"type": "MultiPolygon", "coordinates": [[[[71.78183373696963, 34.38585898883956], [71.78178754205248, 34.385867236513924], [71.78179682681147, 34.385902992821684], [71.78184302519682, 34.385894655104046], [71.78183373696963, 34.38585898883956]]]]}, "properties": {"id": "8J6H9QPJ+9P46", "height": 4.598392486572266, "hmax": 0.0, "ratio": 0.0, "vulnClass": "none"}}, {"type": "Feature", "geometry": {"type": "MultiPolygon", "coordinates": [[[[71.7820304521667, 34.385940148451006], [71.78197528583792, 34.385944194232685], [71.78198611471387, 34.38604749978934], [71.78204128111085, 34.386043454006625], [71.7820304521667, 34.385940148451006]]]]}, "properties": {"id": "8J6H9QPJ+9RRM", "height": 10.889090538024902, "hmax": 0.0, "ratio": 0.0, "vulnClass": "none"}}, {"type": "Feature", "geometry": {"type": "MultiPolygon", "coordinates": [[[[71.78182224913358, 34.386119166884164], [71.78180927776218, 34.38600084306077], [71.78176577045683, 34.386004204239015], [71.78177885382445, 34.38612244088203], [71.78182224913358, 34.386119166884164]]]]}, "properties": {"id": "8J6H9QPJ+CPFF", "height": 2.979300022125244, "hmax": 0.0, "ratio": 0.0, "vulnClass": "none"}}, {"type": "Feature", "geometry": {"type": "MultiPolygon", "coordinates": [[[[71.7814788246439, 34.38599953372303], [71.78140875651263, 34.38600093360112], [71.78141266244907, 34.38614019969426], [71.78148283930572, 34.38613880268009], [71.7814788246439, 34.38599953372303]]]]}, "properties": {"id": "8J6H9QPJ+CHGM", "height": 7.852010250091553, "hmax": 0.0, "ratio": 0.0, "vulnClass": "none"}}, {"type": "Feature", "geometry": {"type": "MultiPolygon", "coordinates": [[[[71.7832581413691, 34.38607530109761], [71.78314901701948, 34.38607738671942], [71.78315744843975, 34.38636828330867], [71.78351965000473, 34.38636104983046], [71.78351687533393, 34.386265978005255], [71.78321114231413, 34.386272083659065], [71.78320620403208, 34.386100072564005], [71.78325875523346, 34.38609902188789], [71.7832581413691, 34.38607530109761]]]]}, "properties": {"id": "8J6H9QPM+G874", "height": 4.255311965942383, "hmax": 0.0, "ratio": 0.0, "vulnClass": "none"}}, {"type": "Feature", "geometry": {"type": "MultiPolygon", "coordinates": [[[[71.78267831319506, 34.385917183012964], [71.78237723798809, 34.385912413137504], [71.78237410666046, 34.38605095322488], [71.78248134837271, 34.386052604273964], [71.78248326395314, 34.38597135592404], [71.78267699259557, 34.385974381873], [71.78267831319506, 34.385917183012964]]]]}, "properties": {"id": "8J6H9QPJ+9XQQ", "height": 3.507853269577026, "hmax": 0.0, "ratio": 0.0, "vulnClass": "none"}}, {"type": "Feature", "geometry": {"type": "MultiPolygon", "coordinates": [[[[71.78272538561103, 34.385769614511204], [71.78268173190457, 34.385768285320665], [71.78267999758569, 34.38580789761496], [71.78272365131262, 34.385809226807275], [71.78272538561103, 34.385769614511204]]]]}, "properties": {"id": "8J6H9QPM+838F", "height": 5.426070690155029, "hmax": 0.0, "ratio": 0.0, "vulnClass": "none"}}, {"type": "Feature", "geometry": {"type": "MultiPolygon", "coordinates": [[[[71.78293400176632, 34.38575293249353], [71.78276630686754, 34.38576564413414], [71.78277678503068, 34.3858610989642], [71.78294447667328, 34.38584847736097], [71.78293400176632, 34.38575293249353]]]]}, "properties": {"id": "8J6H9QPM+84H7", "height": 4.46535587310791, "hmax": 0.0, "ratio": 0.0, "vulnClass": "none"}}, {"type": "Feature", "geometry": {"type": "MultiPolygon", "coordinates": [[[[71.78278429453772, 34.385858051862655], [71.78274246299328, 34.38585740157082], [71.78274124932696, 34.38591180916544], [71.78278308089844, 34.38591245945922], [71.78278429453772, 34.385858051862655]]]]}, "properties": {"id": "8J6H9QPM+9427", "height": 4.756177425384521, "hmax": 0.0, "ratio": 0.0, "vulnClass": "none"}}, {"type": "Feature", "geometry": {"type": "MultiPolygon", "coordinates": [[[[71.78282265758111, 34.38595496162795], [71.7827547581727, 34.38595650949046], [71.78275664761529, 34.38601505468056], [71.7828245470712, 34.38601350681969], [71.78282265758111, 34.38595496162795]]]]}, "properties": {"id": "8J6H9QPM+94VF", "height": 3.052923202514648, "hmax": 0.0, "ratio": 0.0, "vulnClass": "none"}}, {"type": "Feature", "geometry": {"type": "MultiPolygon", "coordinates": [[[[71.78298260356242, 34.38588625447714], [71.7829387187758, 34.38588527982221], [71.78293663465914, 34.38594822702503], [71.78298062808726, 34.385949204540786], [71.78298260356242, 34.38588625447714]]]]}, "properties": {"id": "8J6H9QPM+958P", "height": 3.352605581283569, "hmax": 0.0, "ratio": 0.0, "vulnClass": "none"}}, {"type": "Feature", "geometry": {"type": "MultiPolygon", "coordinates": [[[[71.7831279425519, 34.385872503577886], [71.78308076158443, 34.38587243368164], [71.7830804773924, 34.38593948418341], [71.78312776700628, 34.38593955694], [71.7831279425519, 34.385872503577886]]]]}, "properties": {"id": "8J6H9QPM+9697", "height": 3.928695917129517, "hmax": 0.0, "ratio": 0.0, "vulnClass": "none"}}, {"type": "Feature", "geometry": {"type": "MultiPolygon", "coordinates": [[[[71.7832572092722, 34.385878158543406], [71.78316715032877, 34.385884891944706], [71.78318013396428, 34.38600294560956], [71.78329189237317, 34.38599452991988], [71.78328035677839, 34.38588976372659], [71.78325866091468, 34.38589135597107], [71.7832572092722, 34.385878158543406]]]]}, "properties": {"id": "8J6H9QPM+97HM", "height": 3.488749504089355, "hmax": 0.0, "ratio": 0.0, "vulnClass": "none"}}, {"type": "Feature", "geometry": {"type": "MultiPolygon", "coordinates": [[[[71.78311872433349, 34.38580943920162], [71.78311259552717, 34.38576790746873], [71.78304176040552, 34.38577514666876], [71.78304789262431, 34.38581658836225], [71.78311872433349, 34.38580943920162]]]]}, "properties": {"id": "8J6H9QPM+868P", "height": 4.485913276672363, "hmax": 0.0, "ratio": 0.0, "vulnClass": "none"}}, {"type": "Feature", "geometry": {"type": "MultiPolygon", "coordinates": [[[[71.78349669740788, 34.38597801706037], [71.7834810790418, 34.38584925854715], [71.78346668065184, 34.38585050205543], [71.78346907538256, 34.385870303911595], [71.78334158097218, 34.38588082938207], [71.78335469581043, 34.385989783186226], [71.78349669740788, 34.38597801706037]]]]}, "properties": {"id": "8J6H9QPM+99F3", "height": 2.694124221801758, "hmax": 0.0, "ratio": 0.0, "vulnClass": "none"}}, {"type": "Feature", "geometry": {"type": "MultiPolygon", "coordinates": [[[[71.78334479976849, 34.38590750293358], [71.78328830259291, 34.38591223534611], [71.78329820202661, 34.38599442555921], [71.78335469581043, 34.385989783186226], [71.78334479976849, 34.38590750293358]]]]}, "properties": {"id": "8J6H9QPM+98P3", "height": 2.562684535980225, "hmax": 0.0, "ratio": 0.0, "vulnClass": "none"}}, {"type": "Feature", "geometry": {"type": "MultiPolygon", "coordinates": [[[[71.78368063909392, 34.38595554701386], [71.78367373037925, 34.385877581568685], [71.78364005654024, 34.385879669911226], [71.78364272380097, 34.385909393424214], [71.78351870996244, 34.385917036311405], [71.78352306336923, 34.38596519106078], [71.78368063909392, 34.38595554701386]]]]}, "properties": {"id": "8J6H9QPM+9CH7", "height": 3.860360145568848, "hmax": 0.0, "ratio": 0.0, "vulnClass": "none"}}, {"type": "Feature", "geometry": {"type": "MultiPolygon", "coordinates": [[[[71.78356461391995, 34.38578007223808], [71.78351128027164, 34.38578452746908], [71.78352452806509, 34.38589285383871], [71.78357775662077, 34.385888305707105], [71.78356461391995, 34.38578007223808]]]]}, "properties": {"id": "8J6H9QPM+8CMF", "height": 3.926986217498779, "hmax": 0.0, "ratio": 0.0, "vulnClass": "none"}}, {"type": "Feature", "geometry": {"type": "MultiPolygon", "coordinates": [[[[71.78378089957585, 34.3860202856963], [71.78369582089343, 34.38601903866322], [71.7836943236195, 34.38609507043372], [71.78377929721663, 34.38609622457357], [71.78377983998853, 34.386073525661935], [71.7837526774055, 34.38607308139551], [71.7837531994362, 34.386045244430704], [71.78378036545705, 34.38604559865551], [71.78378089957585, 34.3860202856963]]]]}, "properties": {"id": "8J6H9QPM+CFH7", "height": 3.007519721984863, "hmax": 0.0, "ratio": 0.0, "vulnClass": "none"}}, {"type": "Feature", "geometry": {"type": "MultiPolygon", "coordinates": [[[[71.78397785714878, 34.385998608312434], [71.78390011041641, 34.38599611220931], [71.78389677724057, 34.386066146993066], [71.78397463264636, 34.38606864595929], [71.78397785714878, 34.385998608312434]]]]}, "properties": {"id": "8J6H9QPM+CH79", "height": 3.574248075485229, "hmax": 0.0, "ratio": 0.0, "vulnClass": "none"}}, {"type": "Feature", "geometry": {"type": "MultiPolygon", "coordinates": [[[[71.78416916549803, 34.38599102280517], [71.78410552421852, 34.385994936732764], [71.78410910894897, 34.38603477913004], [71.78417275025883, 34.38603086520231], [71.78416916549803, 34.38599102280517]]]]}, "properties": {"id": "8J6H9QPM+CM2F", "height": 3.409740924835205, "hmax": 0.0, "ratio": 0.0, "vulnClass": "none"}}, {"type": "Feature", "geometry": {"type": "MultiPolygon", "coordinates": [[[[71.78422614894028, 34.38599062909948], [71.78417489764541, 34.38599180452382], [71.78417577388696, 34.386020038806244], [71.78422702519912, 34.386018863382525], [71.78422614894028, 34.38599062909948]]]]}, "properties": {"id": "8J6H9QPM+CM47", "height": 3.813665390014648, "hmax": 0.0, "ratio": 0.0, "vulnClass": "none"}}, {"type": "Feature", "geometry": {"type": "MultiPolygon", "coordinates": [[[[71.7842174648523, 34.386058450105246], [71.78411392928282, 34.3860451809586], [71.78409121297092, 34.386167162489286], [71.78419475213049, 34.38618034162217], [71.7842174648523, 34.386058450105246]]]]}, "properties": {"id": "8J6H9QPM+CMRH", "height": 3.562012195587158, "hmax": 0.0, "ratio": 0.0, "vulnClass": "none"}}, {"type": "Feature", "geometry": {"type": "MultiPolygon", "coordinates": [[[[71.78408726609976, 34.38611973950014], [71.78399671187069, 34.38610816373921], [71.78398821689635, 34.38615399755727], [71.78407877117267, 34.386165573327126], [71.78408726609976, 34.38611973950014]]]]}, "properties": {"id": "8J6H9QPM+FJ3C", "height": 4.516727924346924, "hmax": 0.0, "ratio": 0.0, "vulnClass": "none"}}, {"type": "Feature", "geometry": {"type": "MultiPolygon", "coordinates": [[[[71.78407453921425, 34.38618808505535], [71.78397976639188, 34.38617594763824], [71.78397399848957, 34.38620734199356], [71.78406866273663, 34.386219476559745], [71.78407453921425, 34.38618808505535]]]]}, "properties": {"id": "8J6H9QPM+FJCX", "height": 5.027736186981201, "hmax": 0.0, "ratio": 0.0, "vulnClass": "none"}}, {"type": "Feature", "geometry": {"type": "MultiPolygon", "coordinates": [[[[71.78408121315168, 34.38622106858067], [71.78397810840474, 34.38620790077929], [71.78395016863846, 34.386358406737216], [71.78405316495265, 34.38637157171475], [71.78408121315168, 34.38622106858067]]]]}, "properties": {"id": "8J6H9QPM+GJ6G", "height": 4.881241321563721, "hmax": 0.0, "ratio": 0.0, "vulnClass": "none"}}, {"type": "Feature", "geometry": {"type": "MultiPolygon", "coordinates": [[[[71.78332614260174, 34.38607393590003], [71.7832581413691, 34.38607530109761], [71.7832608243856, 34.38616991985144], [71.78332882569511, 34.386168554656685], [71.78332614260174, 34.38607393590003]]]]}, "properties": {"id": "8J6H9QPM+C8VV", "height": 3.00203800201416, "hmax": 0.0, "ratio": 0.0, "vulnClass": "none"}}, {"type": "Feature", "geometry": {"type": "MultiPolygon", "coordinates": [[[[71.78420431185071, 34.38630551568346], [71.78406864309999, 34.38628815641576], [71.78405316495265, 34.38637157171475], [71.78418883383222, 34.38638893100686], [71.78420431185071, 34.38630551568346]]]]}, "properties": {"id": "8J6H9QPM+GMJC", "height": 3.530325889587402, "hmax": 0.0, "ratio": 0.0, "vulnClass": "none"}}, {"type": "Feature", "geometry": {"type": "MultiPolygon", "coordinates": [[[[71.78429328762047, 34.38634129520879], [71.7841896001409, 34.38633766621452], [71.78418166040039, 34.38649113193285], [71.78433235878188, 34.38649644827714], [71.78433621390745, 34.386421289696294], [71.7842892032355, 34.386419602367404], [71.78429328762047, 34.38634129520879]]]]}, "properties": {"id": "8J6H9QPM+HP6R", "height": 2.805780410766602, "hmax": 0.0, "ratio": 0.0, "vulnClass": "none"}}, {"type": "Feature", "geometry": {"type": "MultiPolygon", "coordinates": [[[[71.78463322848143, 34.38660323710875], [71.78456654899173, 34.38660130291667], [71.78456078694832, 34.386740495011985], [71.78453081405804, 34.386739616462506], [71.78452854985139, 34.38679309515261], [71.78462520240254, 34.386795907908734], [71.78463322848143, 34.38660323710875]]]]}, "properties": {"id": "8J6H9QPM+MRP9", "height": 4.266452312469482, "hmax": 0.0, "ratio": 0.0, "vulnClass": "none"}}, {"type": "Feature", "geometry": {"type": "MultiPolygon", "coordinates": [[[[71.784679430714, 34.38675956910582], [71.78468434486808, 34.38664252710483], [71.78463167256129, 34.386641051511965], [71.78462675833417, 34.386758093506714], [71.784679430714, 34.38675956910582]]]]}, "properties": {"id": "8J6H9QPM+MVJ5", "height": 3.799363136291504, "hmax": 0.0, "ratio": 0.0, "vulnClass": "none"}}, {"type": "Feature", "geometry": {"type": "MultiPolygon", "coordinates": [[[[71.78507544764531, 34.38660738732725], [71.7849659844075, 34.386601263655066], [71.78495928543704, 34.38668256656571], [71.78506874877942, 34.386688690249755], [71.78507544764531, 34.38660738732725]]]]}, "properties": {"id": "8J6H9QPP+M22P", "height": 2.517827033996582, "hmax": 0.0, "ratio": 0.0, "vulnClass": "none"}}, {"type": "Feature", "geometry": {"type": "MultiPolygon", "coordinates": [[[[71.7852019174347, 34.38641909329972], [71.78510287773388, 34.386359345095045], [71.78507593826357, 34.38639000244346], [71.78517497797782, 34.38644975067069], [71.7852019174347, 34.38641909329972]]]]}, "properties": {"id": "8J6H9QPP+H363", "height": 4.841020584106445, "hmax": 0.0, "ratio": 0.0, "vulnClass": "none"}}, {"type": "Feature", "geometry": {"type": "MultiPolygon", "coordinates": [[[[71.78508081492598, 34.386248353449275], [71.78501154823984, 34.38625437319202], [71.7850254152093, 34.38636361705507], [71.78514289410094, 34.38635345736012], [71.78513490004462, 34.38628961410167], [71.78508657591155, 34.386293841234775], [71.78508081492598, 34.386248353449275]]]]}, "properties": {"id": "8J6H9QPP+G2GF", "height": 3.818143367767334, "hmax": 0.0, "ratio": 0.0, "vulnClass": "none"}}, {"type": "Feature", "geometry": {"type": "MultiPolygon", "coordinates": [[[[71.78514134806854, 34.386243275693914], [71.78513983729299, 34.38634526511005], [71.78519004587694, 34.38634577436714], [71.78519089590145, 34.386289464373135], [71.78529903116784, 34.386290505530084], [71.78529968835399, 34.386244916141194], [71.78514134806854, 34.386243275693914]]]]}, "properties": {"id": "8J6H9QPP+G388", "height": 3.232761383056641, "hmax": 0.0, "ratio": 0.0, "vulnClass": "none"}}, {"type": "Feature", "geometry": {"type": "MultiPolygon", "coordinates": [[[[71.78520836150659, 34.38617680834023], [71.78514370454718, 34.386176009244714], [71.78514306254449, 34.38621267598591], [71.78520761092278, 34.386213472227055], [71.78520836150659, 34.38617680834023]]]]}, "properties": {"id": "8J6H9QPP+F3FP", "height": 3.189933300018311, "hmax": 0.0, "ratio": 0.0, "vulnClass": "none"}}, {"type": "Feature", "geometry": {"type": "MultiPolygon", "coordinates": [[[[71.78509659968826, 34.386131326905954], [71.78495565778296, 34.386129603003056], [71.78495419968738, 34.3862103227037], [71.78509514172795, 34.386212046615874], [71.78509659968826, 34.386131326905954]]]]}, "properties": {"id": "8J6H9QPP+F26X", "height": 3.91467547416687, "hmax": 0.0, "ratio": 0.0, "vulnClass": "none"}}, {"type": "Feature", "geometry": {"type": "MultiPolygon", "coordinates": [[[[71.78495424827614, 34.3860897276973], [71.78491575241078, 34.38608997706434], [71.78491620868095, 34.38613487467687], [71.78495470456691, 34.38613462531085], [71.78495424827614, 34.3860897276973]]]]}, "properties": {"id": "8J6H9QPM+CXVH", "height": 2.822241544723511, "hmax": 0.0, "ratio": 0.0, "vulnClass": "none"}}, {"type": "Feature", "geometry": {"type": "MultiPolygon", "coordinates": [[[[71.78490400568697, 34.38610147537142], [71.78478579045175, 34.38608827135603], [71.78477058223751, 34.386181698494106], [71.78486194864865, 34.386191943070784], [71.7848687606816, 34.38615030110619], [71.78489549756482, 34.38615334774905], [71.78490400568697, 34.38610147537142]]]]}, "properties": {"id": "8J6H9QPM+FW4G", "height": 3.681840181350708, "hmax": 0.0, "ratio": 0.0, "vulnClass": "none"}}, {"type": "Feature", "geometry": {"type": "MultiPolygon", "coordinates": [[[[71.78486865207242, 34.38615029824961], [71.78486194864865, 34.386191943070784], [71.78493166559288, 34.38619972541197], [71.78493836898329, 34.3861580805851], [71.78486865207242, 34.38615029824961]]]]}, "properties": {"id": "8J6H9QPM+FX6X", "height": 3.179139375686646, "hmax": 0.0, "ratio": 0.0, "vulnClass": "none"}}, {"type": "Feature", "geometry": {"type": "MultiPolygon", "coordinates": [[[[71.78494736987554, 34.38622970166382], [71.78483862289585, 34.38623612504314], [71.78484257708506, 34.38628336794919], [71.78495143273562, 34.38627694742634], [71.78494736987554, 34.38622970166382]]]]}, "properties": {"id": "8J6H9QPM+GX28", "height": 4.191463470458984, "hmax": 0.0, "ratio": 0.0, "vulnClass": "none"}}, {"type": "Feature", "geometry": {"type": "MultiPolygon", "coordinates": [[[[71.78475596406822, 34.386222774604235], [71.78467280102437, 34.38632486960891], [71.78472069663209, 34.38635172682094], [71.78480385620387, 34.386249721823354], [71.78475596406822, 34.386222774604235]]]]}, "properties": {"id": "8J6H9QPM+GV9G", "height": 4.098280906677246, "hmax": 0.0, "ratio": 0.0, "vulnClass": "none"}}, {"type": "Feature", "geometry": {"type": "MultiPolygon", "coordinates": [[[[71.78468471651989, 34.38622657889775], [71.78460168673976, 34.38619735541173], [71.78457772476425, 34.38624395415188], [71.78466075113357, 34.38627326769723], [71.78468471651989, 34.38622657889775]]]]}, "properties": {"id": "8J6H9QPM+FVRC", "height": 3.646192073822021, "hmax": 0.0, "ratio": 0.0, "vulnClass": "none"}}, {"type": "Feature", "geometry": {"type": "MultiPolygon", "coordinates": [[[[71.78461061644569, 34.38617992447464], [71.78452898142915, 34.3861511882871], [71.78449608970027, 34.38621521793972], [71.78457772476425, 34.38624395415188], [71.78461061644569, 34.38617992447464]]]]}, "properties": {"id": "8J6H9QPM+FRFW", "height": 4.14751148223877, "hmax": 0.0, "ratio": 0.0, "vulnClass": "none"}}, {"type": "Feature", "geometry": {"type": "MultiPolygon", "coordinates": [[[[71.78456267096932, 34.38623391408103], [71.7845103123991, 34.386218566408395], [71.78449692825532, 34.38625012097961], [71.78454928684184, 34.386265468658884], [71.78456267096932, 34.38623391408103]]]]}, "properties": {"id": "8J6H9QPM+FRRQ", "height": 4.14751148223877, "hmax": 0.0, "ratio": 0.0, "vulnClass": "none"}}, {"type": "Feature", "geometry": {"type": "MultiPolygon", "coordinates": [[[[71.78426265875234, 34.38618429118714], [71.78421258992826, 34.386182974042036], [71.78420796498199, 34.386309487450596], [71.78425803732752, 34.38631071456075], [71.78426265875234, 34.38618429118714]]]]}, "properties": {"id": "8J6H9QPM+FMXW", "height": 3.324327945709229, "hmax": 0.0, "ratio": 0.0, "vulnClass": "none"}}, {"type": "Feature", "geometry": {"type": "MultiPolygon", "coordinates": [[[[71.78432982683738, 34.38615072648609], [71.7842353763846, 34.386138687879864], [71.7842268815348, 34.386184521721475], [71.7843212234277, 34.38619655747996], [71.78432982683738, 34.38615072648609]]]]}, "properties": {"id": "8J6H9QPM+FP6Q", "height": 3.107496500015259, "hmax": 0.0, "ratio": 0.0, "vulnClass": "none"}}, {"type": "Feature", "geometry": {"type": "MultiPolygon", "coordinates": [[[[71.78447741509945, 34.38601003753561], [71.7844365246587, 34.38600751981165], [71.78442544556394, 34.38613224109331], [71.78446622745538, 34.386134755967376], [71.78447741509945, 34.38601003753561]]]]}, "properties": {"id": "8J6H9QPM+CQGV", "height": 3.736019611358643, "hmax": 0.0, "ratio": 0.0, "vulnClass": "none"}}, {"type": "Feature", "geometry": {"type": "MultiPolygon", "coordinates": [[[[71.78461246998786, 34.3861144474537], [71.78455765303897, 34.38609515947415], [71.78452898142915, 34.3861511882871], [71.78458368979675, 34.38617047342422], [71.78461246998786, 34.3861144474537]]]]}, "properties": {"id": "8J6H9QPM+FR47", "height": 3.83164644241333, "hmax": 0.0, "ratio": 0.0, "vulnClass": "none"}}, {"type": "Feature", "geometry": {"type": "MultiPolygon", "coordinates": [[[[71.78471930379786, 34.386058581754014], [71.78459830211715, 34.386015921320435], [71.78455765303897, 34.38609515947415], [71.78472231429289, 34.386153209138726], [71.78474498842377, 34.3861090100501], [71.78470132895505, 34.38609362087324], [71.78471930379786, 34.386058581754014]]]]}, "properties": {"id": "8J6H9QPM+CVJ9", "height": 3.651834487915039, "hmax": 0.0, "ratio": 0.0, "vulnClass": "none"}}, {"type": "Feature", "geometry": {"type": "MultiPolygon", "coordinates": [[[[71.78462790095362, 34.385952706337285], [71.78456626813895, 34.38595811544438], [71.78457050462059, 34.38599229667867], [71.7846322426235, 34.385986980468765], [71.78462790095362, 34.385952706337285]]]]}, "properties": {"id": "8J6H9QPM+9RQR", "height": 3.930707454681396, "hmax": 0.0, "ratio": 0.0, "vulnClass": "none"}}, {"type": "Feature", "geometry": {"type": "MultiPolygon", "coordinates": [[[[71.78469550393788, 34.385953222663176], [71.78463532949634, 34.38595461423621], [71.78463724782041, 34.38601243914219], [71.78469742230355, 34.386011047570555], [71.78469550393788, 34.385953222663176]]]]}, "properties": {"id": "8J6H9QPM+9VV7", "height": 4.062380313873291, "hmax": 0.0, "ratio": 0.0, "vulnClass": "none"}}, {"type": "Feature", "geometry": {"type": "MultiPolygon", "coordinates": [[[[71.7845439364182, 34.38597348134872], [71.78446140564395, 34.38596815581177], [71.78445628660602, 34.386022370594304], [71.7845388174327, 34.38602769613766], [71.7845439364182, 34.38597348134872]]]]}, "properties": {"id": "8J6H9QPM+9RRR", "height": 3.507324695587158, "hmax": 0.0, "ratio": 0.0, "vulnClass": "none"}}, {"type": "Feature", "geometry": {"type": "MultiPolygon", "coordinates": [[[[71.78484187072505, 34.38595238558899], [71.78475650590212, 34.385952934407115], [71.78475736301405, 34.38603849197942], [71.78484261931504, 34.38603794030898], [71.78484187072505, 34.38595238558899]]]]}, "properties": {"id": "8J6H9QPM+9WVW", "height": 3.404871225357056, "hmax": 0.0, "ratio": 0.0, "vulnClass": "none"}}, {"type": "Feature", "geometry": {"type": "MultiPolygon", "coordinates": [[[[71.78491451107823, 34.3859519527034], [71.78484187072505, 34.38595238558899], [71.7848423013293, 34.386006475964734], [71.78491494172935, 34.38600604308153], [71.78491451107823, 34.3859519527034]]]]}, "properties": {"id": "8J6H9QPM+9XR2", "height": 2.581394195556641, "hmax": 0.0, "ratio": 0.0, "vulnClass": "none"}}, {"type": "Feature", "geometry": {"type": "MultiPolygon", "coordinates": [[[[71.78510525235248, 34.38595066002908], [71.78491451107823, 34.3859519527034], [71.78491494172935, 34.38600604308153], [71.78500530952003, 34.38600544547029], [71.78500562756692, 34.38603690981755], [71.78503390382204, 34.38603666204019], [71.78503358576454, 34.386005197692405], [71.78510579173569, 34.38600475326982], [71.78510525235248, 34.38595066002908]]]]}, "properties": {"id": "8J6H9QPP+92R7", "height": 4.004581451416016, "hmax": 0.0, "ratio": 0.0, "vulnClass": "none"}}, {"type": "Feature", "geometry": {"type": "MultiPolygon", "coordinates": [[[[71.78522432534034, 34.38594144347912], [71.7850930589427, 34.38595394461828], [71.78512071172148, 34.386160352544756], [71.78516893405799, 34.38615594245505], [71.78514882502806, 34.38600525409447], [71.78523207270042, 34.38599752891593], [71.78522432534034, 34.38594144347912]]]]}, "properties": {"id": "8J6H9QPP+C365", "height": 4.006578922271729, "hmax": 0.0, "ratio": 0.0, "vulnClass": "none"}}, {"type": "Feature", "geometry": {"type": "MultiPolygon", "coordinates": [[[[71.78379692000853, 34.385723903452465], [71.78370959024281, 34.38573034853924], [71.78373101946667, 34.38592884160703], [71.78387427944163, 34.385918279857584], [71.78386962076208, 34.385875254591], [71.78381368734227, 34.38587946129058], [71.78379692000853, 34.385723903452465]]]]}, "properties": {"id": "8J6H9QPM+8GJH", "height": 4.356362819671631, "hmax": 0.0, "ratio": 0.0, "vulnClass": "none"}}, {"type": "Feature", "geometry": {"type": "MultiPolygon", "coordinates": [[[[71.78371382858359, 34.385807072012234], [71.78369877712773, 34.3856833758074], [71.78350092721729, 34.38569998190546], [71.78351128027164, 34.38578452746908], [71.78366909869315, 34.38577137467587], [71.78367390893143, 34.385810438139636], [71.78371382858359, 34.385807072012234]]]]}, "properties": {"id": "8J6H9QPM+7CXG", "height": 3.059324741363525, "hmax": 0.0, "ratio": 0.0, "vulnClass": "none"}}, {"type": "Feature", "geometry": {"type": "MultiPolygon", "coordinates": [[[[71.7833620163097, 34.38583549007713], [71.78347827914973, 34.38582584076186], [71.783468045077, 34.3857410279323], [71.7832592962431, 34.38575833829897], [71.78327472462242, 34.38588637077823], [71.7833672108758, 34.385878709720046], [71.7833620163097, 34.38583549007713]]]]}, "properties": {"id": "8J6H9QPM+88H4", "height": 2.824065685272217, "hmax": 0.0, "ratio": 0.0, "vulnClass": "none"}}, {"type": "Feature", "geometry": {"type": "MultiPolygon", "coordinates": [[[[71.7832994383027, 34.38550495281229], [71.78323870567989, 34.385509573757844], [71.78324892060247, 34.385603399267445], [71.78339306268809, 34.385592500754136], [71.7834041087804, 34.38569301787257], [71.78346146088431, 34.38568866842406], [71.7834450028544, 34.38553924764981], [71.78330445872365, 34.385549880377816], [71.7832994383027, 34.38550495281229]]]]}, "properties": {"id": "8J6H9QPM+68QG", "height": 3.208041667938232, "hmax": 0.0, "ratio": 0.0, "vulnClass": "none"}}, {"type": "Feature", "geometry": {"type": "MultiPolygon", "coordinates": [[[[71.78373474848202, 34.38550198577536], [71.78372508822278, 34.3854163768696], [71.7834612087125, 34.38543683379084], [71.78348491131048, 34.38564692356646], [71.78358392068937, 34.385639253712355], [71.78357532779111, 34.38556268605574], [71.78363311768318, 34.385558257910766], [71.78362777984705, 34.38551025752355], [71.78373474848202, 34.38550198577536]]]]}, "properties": {"id": "8J6H9QPM+6C4F", "height": 6.306697845458984, "hmax": 0.0, "ratio": 0.0, "vulnClass": "none"}}, {"type": "Feature", "geometry": {"type": "MultiPolygon", "coordinates": [[[[71.78422424625738, 34.385151272334504], [71.78422728801554, 34.38500362643111], [71.78395966337591, 34.384999830650465], [71.7839536220123, 34.38529683602483], [71.78406825859011, 34.3852984098033], [71.78407125752246, 34.385149050285015], [71.78422424625738, 34.385151272334504]]]]}, "properties": {"id": "8J6H9QPM+2JWR", "height": 4.256829261779785, "hmax": 0.0, "ratio": 0.0, "vulnClass": "none"}}, {"type": "Feature", "geometry": {"type": "MultiPolygon", "coordinates": [[[[71.78711210087852, 34.38486415633004], [71.78705500822048, 34.38487311106234], [71.78706962533695, 34.384937218450766], [71.78712683008908, 34.384928176527225], [71.78711210087852, 34.38486415633004]]]]}, "properties": {"id": "8J6H9QMP+XR85", "height": 4.337997436523438, "hmax": 0.0, "ratio": 0.0, "vulnClass": "none"}}, {"type": "Feature", "geometry": {"type": "MultiPolygon", "coordinates": [[[[71.7873881143839, 34.38498975349674], [71.78708755303532, 34.38498014173697], [71.78708518700103, 34.38503064350855], [71.78718856114489, 34.38503390123222], [71.78718684777603, 34.38507017933077], [71.78727599432435, 34.385073063049575], [71.78727759904693, 34.38503678209325], [71.78733232715553, 34.38503849080588], [71.7873306104055, 34.38507485895128], [71.78738414385313, 34.385076536244576], [71.7873881143839, 34.38498975349674]]]]}, "properties": {"id": "8J6H9QPP+2V5X", "height": 4.298306465148926, "hmax": 0.0, "ratio": 0.0, "vulnClass": "none"}}, {"type": "Feature", "geometry": {"type": "MultiPolygon", "coordinates": [[[[71.78705240725985, 34.384980930503716], [71.78690607783548, 34.38500926147393], [71.78695855346157, 34.3851949603395], [71.7871046625428, 34.3851667136566], [71.78705240725985, 34.384980930503716]]]]}, "properties": {"id": "8J6H9QPP+2RJC", "height": 7.102567672729492, "hmax": 0.0, "ratio": 0.0, "vulnClass": "none"}}, {"type": "Feature", "geometry": {"type": "MultiPolygon", "coordinates": [[[[71.7871646983194, 34.38506373862486], [71.78710371757039, 34.3850634878728], [71.78710300430284, 34.3851702753466], [71.78716398512937, 34.38517052610337], [71.7871646983194, 34.38506373862486]]]]}, "properties": {"id": "8J6H9QPP+2VRM", "height": 4.326151371002197, "hmax": 0.0, "ratio": 0.0, "vulnClass": "none"}}, {"type": "Feature", "geometry": {"type": "MultiPolygon", "coordinates": [[[[71.78709250297574, 34.38522029290282], [71.78701093691987, 34.3852267116029], [71.78705539171264, 34.385619322552195], [71.78715996411678, 34.38561116507369], [71.78714964838687, 34.38551986080289], [71.78712653039501, 34.38552168675949], [71.78709250297574, 34.38522029290282]]]]}, "properties": {"id": "8J6H9QPP+5RG4", "height": 8.034492492675781, "hmax": 0.0, "ratio": 0.0, "vulnClass": "none"}}, {"type": "Feature", "geometry": {"type": "MultiPolygon", "coordinates": [[[[71.78699426103577, 34.38522212723515], [71.78686833834313, 34.38523422999103], [71.78687736123767, 34.38529963246349], [71.78700339263699, 34.38528753255849], [71.78699426103577, 34.38522212723515]]]]}, "properties": {"id": "8J6H9QPP+4Q3H", "height": 6.139115810394287, "hmax": 0.0, "ratio": 0.0, "vulnClass": "none"}}, {"type": "Feature", "geometry": {"type": "MultiPolygon", "coordinates": [[[[71.78691614754796, 34.38542539438857], [71.78699049212554, 34.385417343840814], [71.78698305092357, 34.38537027970816], [71.7869087063877, 34.38537833025373], [71.78691614754796, 34.38542539438857]]]]}, "properties": {"id": "8J6H9QPP+5Q4V", "height": 9.212453842163086, "hmax": 0.0, "ratio": 0.0, "vulnClass": "none"}}, {"type": "Feature", "geometry": {"type": "MultiPolygon", "coordinates": [[[[71.78533101285363, 34.38596894525981], [71.78528088209156, 34.38596924929995], [71.78528179175537, 34.386064812892165], [71.78533192601975, 34.386064418813696], [71.78533101285363, 34.38596894525981]]]]}, "properties": {"id": "8J6H9QPP+C43Q", "height": 3.135665655136108, "hmax": 0.0, "ratio": 0.0, "vulnClass": "none"}}, {"type": "Feature", "geometry": {"type": "MultiPolygon", "coordinates": [[[[71.78553824950554, 34.38593149219743], [71.785493785466, 34.38593428876358], [71.78550641104523, 34.38607315330156], [71.7856083050987, 34.386066819513246], [71.78560163266292, 34.38599399784867], [71.78554420277294, 34.38599753507008], [71.78553824950554, 34.38593149219743]]]]}, "properties": {"id": "8J6H9QPP+C63F", "height": 4.494128227233887, "hmax": 0.0, "ratio": 0.0, "vulnClass": "none"}}, {"type": "Feature", "geometry": {"type": "MultiPolygon", "coordinates": [[[[71.78606278737948, 34.38597484751431], [71.7860739716486, 34.38591268023615], [71.78602235459485, 34.385906365884935], [71.78601128234257, 34.38596844597065], [71.78606278737948, 34.38597484751431]]]]}, "properties": {"id": "8J6H9QPP+9CFM", "height": 3.433992862701416, "hmax": 0.0, "ratio": 0.0, "vulnClass": "none"}}, {"type": "Feature", "geometry": {"type": "MultiPolygon", "coordinates": [[[[71.7861574208018, 34.38594515849693], [71.78607850151685, 34.3859392079479], [71.78607134106188, 34.38600418497252], [71.78615026040666, 34.38601013552956], [71.7861574208018, 34.38594515849693]]]]}, "properties": {"id": "8J6H9QPP+9CQW", "height": 3.70577073097229, "hmax": 0.0, "ratio": 0.0, "vulnClass": "none"}}, {"type": "Feature", "geometry": {"type": "MultiPolygon", "coordinates": [[[[71.786081003381, 34.38599317253619], [71.78604834442659, 34.38598294017249], [71.7860326922662, 34.386016958991505], [71.78606535123127, 34.38602719136], [71.786081003381, 34.38599317253619]]]]}, "properties": {"id": "8J6H9QPP+CC39", "height": 3.672795295715332, "hmax": 0.0, "ratio": 0.0, "vulnClass": "none"}}, {"type": "Feature", "geometry": {"type": "MultiPolygon", "coordinates": [[[[71.78605747286882, 34.38598588412878], [71.78596546566936, 34.3859440774775], [71.78594181268762, 34.38597977869022], [71.78603381991154, 34.38602158536065], [71.78605747286882, 34.38598588412878]]]]}, "properties": {"id": "8J6H9QPP+99X9", "height": 3.539433002471924, "hmax": 0.0, "ratio": 0.0, "vulnClass": "none"}}, {"type": "Feature", "geometry": {"type": "MultiPolygon", "coordinates": [[[[71.78603226354879, 34.38603100827863], [71.78593456020532, 34.38598463538302], [71.78589036735121, 34.38604854857286], [71.78598806729443, 34.38609501154746], [71.78603226354879, 34.38603100827863]]]]}, "properties": {"id": "8J6H9QPP+C98H", "height": 3.571764945983887, "hmax": 0.0, "ratio": 0.0, "vulnClass": "none"}}, {"type": "Feature", "geometry": {"type": "MultiPolygon", "coordinates": [[[[71.78595014758798, 34.38587841931332], [71.78579205330327, 34.38589310005237], [71.78590297941376, 34.38594622008021], [71.78595014758798, 34.38587841931332]]]]}, "properties": {"id": "8J6H9QPP+9966", "height": 3.811938047409058, "hmax": 0.0, "ratio": 0.0, "vulnClass": "none"}}, {"type": "Feature", "geometry": {"type": "MultiPolygon", "coordinates": [[[[71.78583979364609, 34.38591265207221], [71.78574313023704, 34.38591867293745], [71.78575729114432, 34.38607425221141], [71.7858538461242, 34.3860682284894], [71.78583979364609, 34.38591265207221]]]]}, "properties": {"id": "8J6H9QPP+98VP", "height": 3.488505363464355, "hmax": 0.0, "ratio": 0.0, "vulnClass": "none"}}, {"type": "Feature", "geometry": {"type": "MultiPolygon", "coordinates": [[[[71.78574313023704, 34.38591867293745], [71.78564951476133, 34.38592459360755], [71.78565295879577, 34.3859624493829], [71.78574657086916, 34.38595661875375], [71.78574313023704, 34.38591867293745]]]]}, "properties": {"id": "8J6H9QPP+97GM", "height": 3.294174194335938, "hmax": 0.0, "ratio": 0.0, "vulnClass": "none"}}, {"type": "Feature", "geometry": {"type": "MultiPolygon", "coordinates": [[[[71.78575253808032, 34.38602230146051], [71.78568442658573, 34.38602654933226], [71.78568907099819, 34.38607849722757], [71.78575729114432, 34.38607425221141], [71.78575253808032, 34.38602230146051]]]]}, "properties": {"id": "8J6H9QPP+C7H2", "height": 2.865829467773438, "hmax": 0.0, "ratio": 0.0, "vulnClass": "none"}}, {"type": "Feature", "geometry": {"type": "MultiPolygon", "coordinates": [[[[71.78618928737032, 34.38601305434694], [71.78610028459012, 34.38600638804926], [71.78609309314284, 34.3860721754463], [71.7861819839379, 34.38607892893887], [71.78618928737032, 34.38601305434694]]]]}, "properties": {"id": "8J6H9QPP+CF6P", "height": 3.849378108978271, "hmax": 0.0, "ratio": 0.0, "vulnClass": "none"}}, {"type": "Feature", "geometry": {"type": "MultiPolygon", "coordinates": [[[[71.78609070579925, 34.386080585067766], [71.7860198432644, 34.38605159229951], [71.78599114301538, 34.38609986939989], [71.78606222279693, 34.386128867897405], [71.78609070579925, 34.386080585067766]]]]}, "properties": {"id": "8J6H9QPP+CCMM", "height": 3.729143142700195, "hmax": 0.0, "ratio": 0.0, "vulnClass": "none"}}, {"type": "Feature", "geometry": {"type": "MultiPolygon", "coordinates": [[[[71.7860511730915, 34.38615056953736], [71.7859262470894, 34.386162156686694], [71.78593607292719, 34.38623497112094], [71.78606099903794, 34.38622338396769], [71.7860511730915, 34.38615056953736]]]]}, "properties": {"id": "8J6H9QPP+F9HQ", "height": 3.583349704742432, "hmax": 0.0, "ratio": 0.0, "vulnClass": "none"}}, {"type": "Feature", "geometry": {"type": "MultiPolygon", "coordinates": [[[[71.78607239512289, 34.386110207669326], [71.78607319367363, 34.38616322615598], [71.7862187161833, 34.386161734318414], [71.78621792098471, 34.38610862578629], [71.78607239512289, 34.386110207669326]]]]}, "properties": {"id": "8J6H9QPP+FF2G", "height": 2.857593297958374, "hmax": 0.0, "ratio": 0.0, "vulnClass": "none"}}, {"type": "Feature", "geometry": {"type": "MultiPolygon", "coordinates": [[[[71.7858952240497, 34.3862427299979], [71.78588564709781, 34.38618614582618], [71.78583399242063, 34.3861921784554], [71.78584357278234, 34.386248672587996], [71.7858952240497, 34.3862427299979]]]]}, "properties": {"id": "8J6H9QPP+F8QP", "height": 4.40283203125, "hmax": 0.0, "ratio": 0.0, "vulnClass": "none"}}, {"type": "Feature", "geometry": {"type": "MultiPolygon", "coordinates": [[[[71.78584336083394, 34.38625137096851], [71.7858388336491, 34.3862020399809], [71.78573236061565, 34.386208704214724], [71.78573678257295, 34.38625794230571], [71.78584336083394, 34.38625137096851]]]]}, "properties": {"id": "8J6H9QPP+F8V6", "height": 3.91660213470459, "hmax": 0.0, "ratio": 0.0, "vulnClass": "none"}}, {"type": "Feature", "geometry": {"type": "MultiPolygon", "coordinates": [[[[71.7855330237338, 34.38607376298083], [71.78553037079831, 34.38618572701027], [71.78556188127673, 34.386186195081635], [71.78556134242787, 34.386208803986705], [71.7856310971841, 34.386209917173105], [71.78563275156539, 34.38614110000043], [71.78567328004331, 34.38614171504085], [71.78567491898086, 34.38607614220385], [71.7855330237338, 34.38607376298083]]]]}, "properties": {"id": "8J6H9QPP+F656", "height": 4.423465728759766, "hmax": 0.0, "ratio": 0.0, "vulnClass": "none"}}, {"type": "Feature", "geometry": {"type": "MultiPolygon", "coordinates": [[[[71.78568487135651, 34.38602629063208], [71.78562651544163, 34.386022773263655], [71.78562172297364, 34.3860769967045], [71.78568018753487, 34.38608051693317], [71.78568487135651, 34.38602629063208]]]]}, "properties": {"id": "8J6H9QPP+C7C5", "height": 4.423223972320557, "hmax": 0.0, "ratio": 0.0, "vulnClass": "none"}}, {"type": "Feature", "geometry": {"type": "MultiPolygon", "coordinates": [[[[71.78537215688809, 34.38608701827766], [71.78528200620823, 34.38608762186801], [71.78528260822185, 34.38615712928905], [71.78521703416573, 34.3861575679596], [71.78521749945513, 34.38621075793463], [71.7853733295288, 34.38620980857975], [71.78537215688809, 34.38608701827766]]]]}, "properties": {"id": "8J6H9QPP+F479", "height": 3.168892621994019, "hmax": 0.0, "ratio": 0.0, "vulnClass": "none"}}, {"type": "Feature", "geometry": {"type": "MultiPolygon", "coordinates": [[[[71.78551172918664, 34.38622399346814], [71.78535810459918, 34.38624401880037], [71.78536134617731, 34.38626158960806], [71.78541488517074, 34.38625461528415], [71.78542069240218, 34.386284691743434], [71.78546582025211, 34.386278758053834], [71.78548861483704, 34.386399052460156], [71.78554357617243, 34.38639184508943], [71.78551172918664, 34.38622399346814]]]]}, "properties": {"id": "8J6H9QPP+G59V", "height": 3.92693018913269, "hmax": 0.0, "ratio": 0.0, "vulnClass": "none"}}, {"type": "Feature", "geometry": {"type": "MultiPolygon", "coordinates": [[[[71.7854101117921, 34.38626287201241], [71.7853707572972, 34.38626282854611], [71.7853705718952, 34.38634439291687], [71.78533034848725, 34.386344326586155], [71.78533019448322, 34.386382448271526], [71.78537052651897, 34.38638251745948], [71.78537039501227, 34.38642289303099], [71.78548780362263, 34.386423096309734], [71.78548790207178, 34.38637505866693], [71.78546300637129, 34.38637503491673], [71.78546320401512, 34.38630167285612], [71.78541004232117, 34.38630162684466], [71.7854101117921, 34.38626287201241]]]]}, "properties": {"id": "8J6H9QPP+G5V6", "height": 3.59741735458374, "hmax": 0.0, "ratio": 0.0, "vulnClass": "none"}}, {"type": "Feature", "geometry": {"type": "MultiPolygon", "coordinates": [[[[71.78530002446195, 34.38653163411132], [71.78520911812682, 34.38652924341313], [71.78520686306244, 34.38658533619157], [71.78526394670912, 34.38663631974947], [71.78529587800776, 34.386637159488565], [71.78530002446195, 34.38653163411132]]]]}, "properties": {"id": "8J6H9QPP+J4J2", "height": 4.878995895385742, "hmax": 0.0, "ratio": 0.0, "vulnClass": "none"}}, {"type": "Feature", "geometry": {"type": "MultiPolygon", "coordinates": [[[[71.78528886121478, 34.38668699808501], [71.7852263348754, 34.386693014934814], [71.78523565481147, 34.386759146350435], [71.78529806914494, 34.38675321668354], [71.78528886121478, 34.38668699808501]]]]}, "properties": {"id": "8J6H9QPP+M4JV", "height": 2.439853668212891, "hmax": 0.0, "ratio": 0.0, "vulnClass": "none"}}, {"type": "Feature", "geometry": {"type": "MultiPolygon", "coordinates": [[[[71.78554032857686, 34.38666711223895], [71.78550588019228, 34.38666386294719], [71.78549726755024, 34.38672699909498], [71.78553160735001, 34.386730245534544], [71.78554032857686, 34.38666711223895]]]]}, "properties": {"id": "8J6H9QPP+M6CW", "height": 2.790378093719482, "hmax": 0.0, "ratio": 0.0, "vulnClass": "none"}}, {"type": "Feature", "geometry": {"type": "MultiPolygon", "coordinates": [[[[71.78605074543883, 34.38636921800702], [71.78610334004014, 34.38636987975305], [71.78610427945587, 34.38632258526343], [71.78605168832854, 34.38632183347825], [71.78605074543883, 34.38636921800702]]]]}, "properties": {"id": "8J6H9QPP+GCPV", "height": 2.841889381408691, "hmax": 0.0, "ratio": 0.0, "vulnClass": "none"}}, {"type": "Feature", "geometry": {"type": "MultiPolygon", "coordinates": [[[[71.78648270893332, 34.38639418428275], [71.78634871688277, 34.38633865573229], [71.78632526577317, 34.3863776070711], [71.7864592613102, 34.38643304560836], [71.78648270893332, 34.38639418428275]]]]}, "properties": {"id": "8J6H9QPP+HH2H", "height": 3.912711143493652, "hmax": 0.0, "ratio": 0.0, "vulnClass": "none"}}, {"type": "Feature", "geometry": {"type": "MultiPolygon", "coordinates": [[[[71.78651403816572, 34.386348229468695], [71.78645063770304, 34.386345841720924], [71.78644887892364, 34.38637761200974], [71.78651216735652, 34.386380086945884], [71.78651403816572, 34.386348229468695]]]]}, "properties": {"id": "8J6H9QPP+GHXF", "height": 2.817636489868164, "hmax": 0.0, "ratio": 0.0, "vulnClass": "none"}}, {"type": "Feature", "geometry": {"type": "MultiPolygon", "coordinates": [[[[71.78654791693458, 34.38649143818519], [71.78630763550187, 34.38643491805557], [71.786293931668, 34.38647484669466], [71.78632043613169, 34.38648113166361], [71.78630317964112, 34.38653151232467], [71.78646555628659, 34.38656976076676], [71.78645062519445, 34.386613352565206], [71.7865437203115, 34.386635268347895], [71.78657590771654, 34.386541295831044], [71.78653420975746, 34.38653145689811], [71.78654791693458, 34.38649143818519]]]]}, "properties": {"id": "8J6H9QPP+JH82", "height": 7.537876129150391, "hmax": 0.0, "ratio": 0.0, "vulnClass": "none"}}, {"type": "Feature", "geometry": {"type": "MultiPolygon", "coordinates": [[[[71.78627358372717, 34.386725418913734], [71.78631357921604, 34.38662912806259], [71.78627066748273, 34.386616913702724], [71.7862307805628, 34.38671320739296], [71.78627358372717, 34.386725418913734]]]]}, "properties": {"id": "8J6H9QPP+MG6W", "height": 8.242871284484863, "hmax": 0.0, "ratio": 0.0, "vulnClass": "none"}}, {"type": "Feature", "geometry": {"type": "MultiPolygon", "coordinates": [[[[71.78646618177157, 34.386721108494825], [71.78636269101806, 34.386698108169576], [71.78633779325017, 34.38677487682652], [71.7864412840881, 34.38679787717757], [71.78646618177157, 34.386721108494825]]]]}, "properties": {"id": "8J6H9QPP+MHRX", "height": 2.754520177841187, "hmax": 0.0, "ratio": 0.0, "vulnClass": "none"}}, {"type": "Feature", "geometry": {"type": "MultiPolygon", "coordinates": [[[[71.78635261888917, 34.38664024916345], [71.78631357921604, 34.38662912806259], [71.78630111964313, 34.386659265047044], [71.78634015932799, 34.38667038615254], [71.78635261888917, 34.38664024916345]]]]}, "properties": {"id": "8J6H9QPP+MG4V", "height": 6.530544281005859, "hmax": 0.0, "ratio": 0.0, "vulnClass": "none"}}, {"type": "Feature", "geometry": {"type": "MultiPolygon", "coordinates": [[[[71.78642689313958, 34.38613665252535], [71.78642385565091, 34.38617911488284], [71.78672258531003, 34.38619408816484], [71.78672573470237, 34.386151538605176], [71.78642689313958, 34.38613665252535]]]]}, "properties": {"id": "8J6H9QPP+FJ8M", "height": 3.232563018798828, "hmax": 0.0, "ratio": 0.0, "vulnClass": "none"}}, {"type": "Feature", "geometry": {"type": "MultiPolygon", "coordinates": [[[[71.78650507708372, 34.386232895589366], [71.7864040130904, 34.386223208484886], [71.78639248508581, 34.386305736546866], [71.78643917181951, 34.386310208633454], [71.78644427313878, 34.386273478834724], [71.78649865047178, 34.386278693864], [71.78650507708372, 34.386232895589366]]]]}, "properties": {"id": "8J6H9QPP+GH4C", "height": 6.808808326721191, "hmax": 0.0, "ratio": 0.0, "vulnClass": "none"}}, {"type": "Feature", "geometry": {"type": "MultiPolygon", "coordinates": [[[[71.78625608073514, 34.386358753292726], [71.78625297634666, 34.38616137318337], [71.7861939188103, 34.3861619836999], [71.78619691445006, 34.386359360947516], [71.78625608073514, 34.386358753292726]]]]}, "properties": {"id": "8J6H9QPP+GF5C", "height": 6.168758392333984, "hmax": 0.0, "ratio": 0.0, "vulnClass": "none"}}, {"type": "Feature", "geometry": {"type": "MultiPolygon", "coordinates": [[[[71.7862619132637, 34.386118164611204], [71.78627646774443, 34.3860559957828], [71.7862449157304, 34.38605093008408], [71.78623046983708, 34.38611310176287], [71.7862619132637, 34.386118164611204]]]]}, "properties": {"id": "8J6H9QPP+CGJ6", "height": 4.427597999572754, "hmax": 0.0, "ratio": 0.0, "vulnClass": "none"}}, {"type": "Feature", "geometry": {"type": "MultiPolygon", "coordinates": [[[[71.78640633276389, 34.38600623209431], [71.78632918053275, 34.38600240119057], [71.78632624632793, 34.3860421623063], [71.7862794770924, 34.38603985117509], [71.78627221142844, 34.3861416893533], [71.78639613307985, 34.38614783140786], [71.78640633276389, 34.38600623209431]]]]}, "properties": {"id": "8J6H9QPP+CGP9", "height": 4.323609352111816, "hmax": 0.0, "ratio": 0.0, "vulnClass": "none"}}, {"type": "Feature", "geometry": {"type": "MultiPolygon", "coordinates": [[[[71.78639905385891, 34.385997568350845], [71.78639241540486, 34.38608869734578], [71.78645491924385, 34.38609178260158], [71.78645811697855, 34.38604797247793], [71.78677778711466, 34.38606403689273], [71.78678122758883, 34.386016717995304], [71.786610323058, 34.386008169585494], [71.78639905385891, 34.385997568350845]]]]}, "properties": {"id": "8J6H9QPP+CJ8C", "height": 4.234557628631592, "hmax": 0.0, "ratio": 0.0, "vulnClass": "none"}}, {"type": "Feature", "geometry": {"type": "MultiPolygon", "coordinates": [[[[71.78641440734769, 34.38595714227056], [71.78638690169304, 34.38595714023214], [71.78638695298038, 34.38598706533801], [71.78641446208881, 34.38598697733571], [71.78641440734769, 34.38595714227056]]]]}, "properties": {"id": "8J6H9QPP+9HJX", "height": 4.86514139175415, "hmax": 0.0, "ratio": 0.0, "vulnClass": "none"}}, {"type": "Feature", "geometry": {"type": "MultiPolygon", "coordinates": [[[[71.78627321475126, 34.3858937631603], [71.78620498947214, 34.38589530438179], [71.78620592334549, 34.38592489216244], [71.78627425725779, 34.38592335379709], [71.78627321475126, 34.3858937631603]]]]}, "properties": {"id": "8J6H9QPP+9F98", "height": 5.006709575653076, "hmax": 0.0, "ratio": 0.0, "vulnClass": "none"}}, {"type": "Feature", "geometry": {"type": "MultiPolygon", "coordinates": [[[[71.78636236444353, 34.38583121196817], [71.7863283974002, 34.385829597944415], [71.78632531511283, 34.38587323083542], [71.78635928217363, 34.38587484486101], [71.78636236444353, 34.38583121196817]]]]}, "properties": {"id": "8J6H9QPP+8GX2", "height": 3.115607261657715, "hmax": 0.0, "ratio": 0.0, "vulnClass": "none"}}, {"type": "Feature", "geometry": {"type": "MultiPolygon", "coordinates": [[[[71.78629125393952, 34.38588828870879], [71.78628408888073, 34.38583969956557], [71.78621424163403, 34.38584669619192], [71.78622140320815, 34.38589537537819], [71.78629125393952, 34.38588828870879]]]]}, "properties": {"id": "8J6H9QPP+8GRJ", "height": 4.581298828125, "hmax": 0.0, "ratio": 0.0, "vulnClass": "none"}}, {"type": "Feature", "geometry": {"type": "MultiPolygon", "coordinates": [[[[71.78752599595217, 34.38576526610709], [71.78749153248019, 34.38576526173483], [71.78749155827188, 34.38585557451339], [71.78765637491169, 34.385855579438584], [71.78765633950515, 34.38575129596646], [71.78752598653638, 34.385751295424654], [71.78752599595217, 34.38576526610709]]]]}, "properties": {"id": "8J6H9QPQ+82G3", "height": 4.845606803894043, "hmax": 0.0, "ratio": 0.0, "vulnClass": "none"}}, {"type": "Feature", "geometry": {"type": "MultiPolygon", "coordinates": [[[[71.7880963167251, 34.38590499505802], [71.78816930131556, 34.38592115353693], [71.78819359556066, 34.38584590082524], [71.78812072307984, 34.385829655176366], [71.7880963167251, 34.38590499505802]]]]}, "properties": {"id": "8J6H9QPQ+9724", "height": 5.688005447387695, "hmax": 0.0, "ratio": 0.0, "vulnClass": "none"}}, {"type": "Feature", "geometry": {"type": "MultiPolygon", "coordinates": [[[[71.78838009356545, 34.38580771772613], [71.78828286588475, 34.385777312517966], [71.78823835815534, 34.38587510792443], [71.78833547731817, 34.38590551031957], [71.78838009356545, 34.38580771772613]]]]}, "properties": {"id": "8J6H9QPQ+88MQ", "height": 5.259535789489746, "hmax": 0.121, "ratio": 0.023, "vulnClass": "low"}}, {"type": "Feature", "geometry": {"type": "MultiPolygon", "coordinates": [[[[71.78851114049746, 34.38586920552329], [71.78837191116232, 34.385825529125924], [71.78833547731817, 34.38590551031957], [71.78847459815094, 34.38594918391103], [71.78851114049746, 34.38586920552329]]]]}, "properties": {"id": "8J6H9QPQ+993G", "height": 5.620696544647217, "hmax": 0.121, "ratio": 0.021, "vulnClass": "low"}}, {"type": "Feature", "geometry": {"type": "MultiPolygon", "coordinates": [[[[71.78858792292746, 34.38583435875674], [71.78853617102773, 34.38582587875878], [71.78852630945417, 34.385867711265035], [71.78857806481966, 34.38587610122707], [71.78858792292746, 34.38583435875674]]]]}, "properties": {"id": "8J6H9QPQ+8CV5", "height": 3.403697729110718, "hmax": 0.217, "ratio": 0.064, "vulnClass": "low"}}, {"type": "Feature", "geometry": {"type": "MultiPolygon", "coordinates": [[[[71.78869255044529, 34.3857735643991], [71.78864177565117, 34.38575943180724], [71.78862232251743, 34.38580759197515], [71.78867298872693, 34.38582172172328], [71.78869255044529, 34.3857735643991]]]]}, "properties": {"id": "8J6H9QPQ+8F7J", "height": 2.967830896377563, "hmax": 0.208, "ratio": 0.07, "vulnClass": "low"}}, {"type": "Feature", "geometry": {"type": "MultiPolygon", "coordinates": [[[[71.7887463486772, 34.38568583724064], [71.78866245082617, 34.38565938777807], [71.7886236799594, 34.38574363400557], [71.78870768304569, 34.38577017639316], [71.7887463486772, 34.38568583724064]]]]}, "properties": {"id": "8J6H9QPQ+7FMH", "height": 3.956449747085571, "hmax": 0.191, "ratio": 0.048, "vulnClass": "low"}}, {"type": "Feature", "geometry": {"type": "MultiPolygon", "coordinates": [[[[71.7888227722749, 34.38553236733431], [71.78871790768798, 34.385502663182834], [71.78867980126299, 34.38559512888907], [71.78878455733768, 34.38562483022556], [71.7888227722749, 34.38553236733431]]]]}, "properties": {"id": "8J6H9QPQ+6GCC", "height": 5.553096771240234, "hmax": 0.194, "ratio": 0.035, "vulnClass": "low"}}, {"type": "Feature", "geometry": {"type": "MultiPolygon", "coordinates": [[[[71.78886969595551, 34.385291685977144], [71.78875438417299, 34.38525656991594], [71.78871700831924, 34.38534130349079], [71.78883232019676, 34.38537641959254], [71.78886969595551, 34.385291685977144]]]]}, "properties": {"id": "8J6H9QPQ+4GFM", "height": 2.538758754730225, "hmax": 0.211, "ratio": 0.083, "vulnClass": "low"}}, {"type": "Feature", "geometry": {"type": "MultiPolygon", "coordinates": [[[[71.78881753373199, 34.385444711665244], [71.78864287055029, 34.38539514752621], [71.78861100026567, 34.385472364485494], [71.7887857721906, 34.38552193153063], [71.78881753373199, 34.385444711665244]]]]}, "properties": {"id": "8J6H9QPQ+5FP9", "height": 5.387503623962402, "hmax": 0.211, "ratio": 0.039, "vulnClass": "low"}}, {"type": "Feature", "geometry": {"type": "MultiPolygon", "coordinates": [[[[71.78862016813775, 34.385471433616146], [71.78853131431933, 34.38544665651185], [71.78850058162409, 34.38552255134598], [71.78858943551013, 34.38554732847637], [71.78862016813775, 34.385471433616146]]]]}, "properties": {"id": "8J6H9QPQ+5CVX", "height": 4.369167804718018, "hmax": 0.208, "ratio": 0.048, "vulnClass": "low"}}, {"type": "Feature", "geometry": {"type": "MultiPolygon", "coordinates": [[[[71.78842912965278, 34.3854776812717], [71.78838878151979, 34.38546382251019], [71.78836583716785, 34.38550945735321], [71.78840629392651, 34.38552331897663], [71.78842912965278, 34.3854776812717]]]]}, "properties": {"id": "8J6H9QPQ+59RP", "height": 3.18631386756897, "hmax": 0.0, "ratio": 0.0, "vulnClass": "none"}}, {"type": "Feature", "geometry": {"type": "MultiPolygon", "coordinates": [[[[71.78838878151979, 34.38546382251019], [71.78835744983105, 34.38545299470992], [71.788334505466, 34.38549862954634], [71.78836583716785, 34.38550945735321], [71.78838878151979, 34.38546382251019]]]]}, "properties": {"id": "8J6H9QPQ+58X8", "height": 2.665314197540283, "hmax": 0.0, "ratio": 0.0, "vulnClass": "none"}}, {"type": "Feature", "geometry": {"type": "MultiPolygon", "coordinates": [[[[71.78853131431933, 34.38544665651185], [71.78847881922131, 34.38543202800442], [71.78844808648613, 34.38550792282311], [71.78850058162409, 34.38552255134598], [71.78853131431933, 34.38544665651185]]]]}, "properties": {"id": "8J6H9QPQ+59X4", "height": 4.501848697662354, "hmax": 0.0, "ratio": 0.0, "vulnClass": "none"}}, {"type": "Feature", "geometry": {"type": "MultiPolygon", "coordinates": [[[[71.78864166897249, 34.385395296224154], [71.78852203194752, 34.385362409745326], [71.78849125798085, 34.385439385076715], [71.78861089509854, 34.385472271590814], [71.78864166897249, 34.385395296224154]]]]}, "properties": {"id": "8J6H9QPQ+5C8J", "height": 4.760259628295898, "hmax": 0.211, "ratio": 0.044, "vulnClass": "low"}}, {"type": "Feature", "geometry": {"type": "MultiPolygon", "coordinates": [[[[71.78857591807834, 34.38530082320913], [71.78850895979471, 34.38529482794398], [71.78850098902888, 34.385355457556074], [71.78856794391798, 34.38536154286969], [71.78857591807834, 34.38530082320913]]]]}, "properties": {"id": "8J6H9QPQ+4CM2", "height": 4.68248462677002, "hmax": 0.211, "ratio": 0.045, "vulnClass": "low"}}, {"type": "Feature", "geometry": {"type": "MultiPolygon", "coordinates": [[[[71.78814799104208, 34.38535240237613], [71.7881350766581, 34.38532051690662], [71.78809474922663, 34.38533171525261], [71.78810755498782, 34.38536359787191], [71.78814799104208, 34.38535240237613]]]]}, "properties": {"id": "8J6H9QPQ+46QQ", "height": 2.771151781082153, "hmax": 0.0, "ratio": 0.0, "vulnClass": "none"}}, {"type": "Feature", "geometry": {"type": "MultiPolygon", "coordinates": [[[[71.7882013716791, 34.38538652277227], [71.78811686199646, 34.385381778650654], [71.78811282765308, 34.38543043398668], [71.78819744599267, 34.38543518096737], [71.7882013716791, 34.38538652277227]]]]}, "properties": {"id": "8J6H9QPQ+5776", "height": 3.267320156097412, "hmax": 0.0, "ratio": 0.0, "vulnClass": "none"}}, {"type": "Feature", "geometry": {"type": "MultiPolygon", "coordinates": [[[[71.7882532245459, 34.38544070241231], [71.7881937873492, 34.38542850521421], [71.7881796971857, 34.38547572463212], [71.78823913441266, 34.38548792183875], [71.7882532245459, 34.38544070241231]]]]}, "properties": {"id": "8J6H9QPQ+57P9", "height": 3.612870216369629, "hmax": 0.0, "ratio": 0.0, "vulnClass": "none"}}, {"type": "Feature", "geometry": {"type": "MultiPolygon", "coordinates": [[[[71.7884482191179, 34.3854305030302], [71.78844165628449, 34.38538319164297], [71.78824950513823, 34.3854014874608], [71.78825606786306, 34.38544879885221], [71.7884482191179, 34.3854305030302]]]]}, "properties": {"id": "8J6H9QPQ+589J", "height": 3.773187637329102, "hmax": 0.0, "ratio": 0.0, "vulnClass": "none"}}, {"type": "Feature", "geometry": {"type": "MultiPolygon", "coordinates": [[[[71.78823192833357, 34.38551432140848], [71.788166689345, 34.3854917868607], [71.78813726539924, 34.38555050079353], [71.788202507865, 34.38557294531754], [71.78823192833357, 34.38551432140848]]]]}, "properties": {"id": "8J6H9QPQ+6779", "height": 3.6030113697052, "hmax": 0.0, "ratio": 0.0, "vulnClass": "none"}}, {"type": "Feature", "geometry": {"type": "MultiPolygon", "coordinates": [[[[71.78822070718559, 34.38572538580419], [71.78829625791455, 34.385574867676546], [71.78821556850703, 34.38554696996783], [71.78814001766665, 34.38569748803942], [71.78822070718559, 34.38572538580419]]]]}, "properties": {"id": "8J6H9QPQ+774H", "height": 3.551297187805176, "hmax": 0.0, "ratio": 0.0, "vulnClass": "none"}}, {"type": "Feature", "geometry": {"type": "MultiPolygon", "coordinates": [[[[71.78840629392651, 34.38552331897663], [71.78836583716785, 34.38550945735321], [71.78832758963833, 34.385585695494456], [71.78839583537807, 34.38560921027263], [71.7884123072012, 34.38557647449809], [71.78838440620619, 34.38556690854981], [71.78840629392651, 34.38552331897663]]]]}, "properties": {"id": "8J6H9QPQ+68HH", "height": 2.665314197540283, "hmax": 0.0, "ratio": 0.0, "vulnClass": "none"}}, {"type": "Feature", "geometry": {"type": "MultiPolygon", "coordinates": [[[[71.78842832669781, 34.38573760048724], [71.78853591467617, 34.385533934890844], [71.78848776884178, 34.385516446294346], [71.78838018077593, 34.385720111843526], [71.78842832669781, 34.38573760048724]]]]}, "properties": {"id": "8J6H9QPQ+7944", "height": 4.59797191619873, "hmax": 0.0, "ratio": 0.0, "vulnClass": "none"}}, {"type": "Feature", "geometry": {"type": "MultiPolygon", "coordinates": [[[[71.78865742014948, 34.38558336458095], [71.78857431327197, 34.385550446345384], [71.78855789466444, 34.385578947343916], [71.78864111361236, 34.385611778403494], [71.78865742014948, 34.38558336458095]]]]}, "properties": {"id": "8J6H9QPQ+6CQ7", "height": 3.046353340148926, "hmax": 0.191, "ratio": 0.063, "vulnClass": "low"}}, {"type": "Feature", "geometry": {"type": "MultiPolygon", "coordinates": [[[[71.78862287507071, 34.38564807307363], [71.78851349359599, 34.385617078368895], [71.78849850982564, 34.38565354865811], [71.78860778273118, 34.38568454052523], [71.78862287507071, 34.38564807307363]]]]}, "properties": {"id": "8J6H9QPQ+7C75", "height": 4.194496631622314, "hmax": 0.191, "ratio": 0.045, "vulnClass": "low"}}, {"type": "Feature", "geometry": {"type": "MultiPolygon", "coordinates": [[[[71.7885581715872, 34.38579355860763], [71.78837812293966, 34.38572844004244], [71.78834752499253, 34.38578658239116], [71.7883911713139, 34.3858023304593], [71.78840184636542, 34.38578188058989], [71.78853835736935, 34.38583125397722], [71.7885581715872, 34.38579355860763]]]]}, "properties": {"id": "8J6H9QPQ+8987", "height": 4.759339809417725, "hmax": 0.131, "ratio": 0.028, "vulnClass": "low"}}, {"type": "Feature", "geometry": {"type": "MultiPolygon", "coordinates": [[[[71.78837812293966, 34.38572844004244], [71.78829008389953, 34.385696563746045], [71.7882702695913, 34.38573425906715], [71.7883583086611, 34.38576613537947], [71.78837812293966, 34.38572844004244]]]]}, "properties": {"id": "8J6H9QPQ+78W7", "height": 4.759339809417725, "hmax": 0.0, "ratio": 0.0, "vulnClass": "none"}}, {"type": "Feature", "geometry": {"type": "MultiPolygon", "coordinates": [[[[71.78822652499645, 34.38574383542837], [71.78815365259467, 34.38572758980354], [71.78813947592718, 34.38577138192958], [71.78821246041397, 34.38578754037692], [71.78822652499645, 34.38574383542837]]]]}, "properties": {"id": "8J6H9QPQ+8739", "height": 5.475820064544678, "hmax": 0.0, "ratio": 0.0, "vulnClass": "none"}}, {"type": "Feature", "geometry": {"type": "MultiPolygon", "coordinates": [[[[71.78802382361009, 34.385534721391004], [71.7879535862903, 34.385529180449446], [71.78794558635984, 34.38559909282557], [71.787896160575, 34.385595180275615], [71.78788669773206, 34.38567776279652], [71.78815496783916, 34.385698872297695], [71.78816934776188, 34.385572975384044], [71.78802074459207, 34.38556122938619], [71.78802382361009, 34.385534721391004]]]]}, "properties": {"id": "8J6H9QPQ+66VR", "height": 3.807496070861816, "hmax": 0.0, "ratio": 0.0, "vulnClass": "none"}}, {"type": "Feature", "geometry": {"type": "MultiPolygon", "coordinates": [[[[71.78789432265671, 34.385592067498585], [71.78772497990335, 34.385571123517465], [71.78770952120263, 34.38565697347121], [71.78787886412182, 34.38567791748304], [71.78789432265671, 34.385592067498585]]]]}, "properties": {"id": "8J6H9QPQ+64VW", "height": 3.906837463378906, "hmax": 0.0, "ratio": 0.0, "vulnClass": "none"}}, {"type": "Feature", "geometry": {"type": "MultiPolygon", "coordinates": [[[[71.78771216953668, 34.385604766593545], [71.78766625056524, 34.385605813222156], [71.78766708823319, 34.3856322438652], [71.78771300721914, 34.38563119723708], [71.78771216953668, 34.385604766593545]]]]}, "properties": {"id": "8J6H9QPQ+63WJ", "height": 3.737931728363037, "hmax": 0.0, "ratio": 0.0, "vulnClass": "none"}}, {"type": "Feature", "geometry": {"type": "MultiPolygon", "coordinates": [[[[71.78763310548965, 34.385332473651076], [71.78756448750889, 34.38533292374654], [71.78756514088606, 34.38539260819742], [71.78763376235828, 34.38539206806297], [71.78763310548965, 34.385332473651076]]]]}, "properties": {"id": "8J6H9QPQ+42XC", "height": 4.59878396987915, "hmax": 0.0, "ratio": 0.0, "vulnClass": "none"}}, {"type": "Feature", "geometry": {"type": "MultiPolygon", "coordinates": [[[[71.78769156322032, 34.38528497809614], [71.78764647164624, 34.38528144974074], [71.78763717919503, 34.38536241434328], [71.7876823759776, 34.3853660355999], [71.78769156322032, 34.38528497809614]]]]}, "properties": {"id": "8J6H9QPQ+43FV", "height": 3.810569524765015, "hmax": 0.0, "ratio": 0.0, "vulnClass": "none"}}, {"type": "Feature", "geometry": {"type": "MultiPolygon", "coordinates": [[[[71.7878641902846, 34.38526265498563], [71.78776059925431, 34.38527074874009], [71.78776922008409, 34.385346686028434], [71.78787280776613, 34.38533868231338], [71.7878641902846, 34.38526265498563]]]]}, "properties": {"id": "8J6H9QPQ+44G2", "height": 4.163260459899902, "hmax": 0.0, "ratio": 0.0, "vulnClass": "none"}}, {"type": "Feature", "geometry": {"type": "MultiPolygon", "coordinates": [[[[71.78771649929818, 34.38541758639219], [71.78770875028677, 34.38536150101821], [71.78763444366085, 34.385368561554806], [71.7876421926225, 34.38542464693067], [71.78771649929818, 34.38541758639219]]]]}, "properties": {"id": "8J6H9QPQ+533P", "height": 3.878992080688477, "hmax": 0.0, "ratio": 0.0, "vulnClass": "none"}}, {"type": "Feature", "geometry": {"type": "MultiPolygon", "coordinates": [[[[71.7877377237813, 34.38557902947415], [71.78771650902642, 34.38549410858668], [71.78765631985205, 34.38550442432865], [71.78767753454692, 34.38558934522318], [71.7877377237813, 34.38557902947415]]]]}, "properties": {"id": "8J6H9QPQ+638M", "height": 4.677376270294189, "hmax": 0.0, "ratio": 0.0, "vulnClass": "none"}}, {"type": "Feature", "geometry": {"type": "MultiPolygon", "coordinates": [[[[71.78780998131448, 34.38549476217198], [71.78779435492812, 34.38545703696791], [71.78771686671148, 34.38547906596735], [71.78773249306546, 34.38551679117949], [71.78780998131448, 34.38549476217198]]]]}, "properties": {"id": "8J6H9QPQ+54RF", "height": 2.997772216796875, "hmax": 0.0, "ratio": 0.0, "vulnClass": "none"}}, {"type": "Feature", "geometry": {"type": "MultiPolygon", "coordinates": [[[[71.7881262614934, 34.385551112989525], [71.78815868451507, 34.38545660537721], [71.78809393048371, 34.385441294082966], [71.7880792486664, 34.38548408148073], [71.78796654932052, 34.385457415580866], [71.78794869938216, 34.385509132901085], [71.7881262614934, 34.385551112989525]]]]}, "properties": {"id": "8J6H9QPQ+56WR", "height": 3.807496070861816, "hmax": 0.0, "ratio": 0.0, "vulnClass": "none"}}, {"type": "Feature", "geometry": {"type": "MultiPolygon", "coordinates": [[[[71.78807297852835, 34.38534664591059], [71.78803796066623, 34.38535546005366], [71.78805441851544, 34.38539987683401], [71.78808932778655, 34.385391059833545], [71.78807297852835, 34.38534664591059]]]]}, "properties": {"id": "8J6H9QPQ+46WR", "height": 3.169644594192505, "hmax": 0.0, "ratio": 0.0, "vulnClass": "none"}}, {"type": "Feature", "geometry": {"type": "MultiPolygon", "coordinates": [[[[71.78813165850586, 34.38519379182869], [71.78811729575561, 34.3850775048778], [71.7879807366346, 34.38508914906382], [71.78799509919499, 34.385205436020065], [71.78813165850586, 34.38519379182869]]]]}, "properties": {"id": "8J6H9QPQ+363Q", "height": 4.110657691955566, "hmax": 0.0, "ratio": 0.0, "vulnClass": "none"}}, {"type": "Feature", "geometry": {"type": "MultiPolygon", "coordinates": [[[[71.78783764293672, 34.385115312880494], [71.78779979221699, 34.38511576038846], [71.78780143684912, 34.38520070781077], [71.78783928760723, 34.38520026030444], [71.78783764293672, 34.385115312880494]]]]}, "properties": {"id": "8J6H9QPQ+3486", "height": 4.556477546691895, "hmax": 0.0, "ratio": 0.0, "vulnClass": "none"}}, {"type": "Feature", "geometry": {"type": "MultiPolygon", "coordinates": [[[[71.7877008052595, 34.38528495056308], [71.78774089006461, 34.38519479047126], [71.78768866414035, 34.38517881672732], [71.787648575847, 34.38526906684085], [71.7877008052595, 34.38528495056308]]]]}, "properties": {"id": "8J6H9QPQ+33W6", "height": 3.398806095123291, "hmax": 0.0, "ratio": 0.0, "vulnClass": "none"}}, {"type": "Feature", "geometry": {"type": "MultiPolygon", "coordinates": [[[[71.78764987536994, 34.385263512815676], [71.78747901284542, 34.38524252857645], [71.78747056996067, 34.38528989631148], [71.78764132396915, 34.38531087771363], [71.78764987536994, 34.385263512815676]]]]}, "properties": {"id": "8J6H9QPQ+4275", "height": 4.525772571563721, "hmax": 0.0, "ratio": 0.0, "vulnClass": "none"}}, {"type": "Feature", "geometry": {"type": "MultiPolygon", "coordinates": [[[[71.78717239199975, 34.38522077022268], [71.78711692605394, 34.38522129533817], [71.78711739513865, 34.38525736039934], [71.78717296971661, 34.385256838139455], [71.78717239199975, 34.38522077022268]]]]}, "properties": {"id": "8J6H9QPP+3VRG", "height": 4.246543407440186, "hmax": 0.0, "ratio": 0.0, "vulnClass": "none"}}, {"type": "Feature", "geometry": {"type": "MultiPolygon", "coordinates": [[[[71.78725211640875, 34.3852056503563], [71.78718361059845, 34.3852060130565], [71.78718387530456, 34.38525595304908], [71.78721203927986, 34.38525579193902], [71.78721245266122, 34.3853132167814], [71.78725290317297, 34.38531301804922], [71.78725211640875, 34.3852056503563]]]]}, "properties": {"id": "8J6H9QPP+4V52", "height": 4.464934825897217, "hmax": 0.0, "ratio": 0.0, "vulnClass": "none"}}, {"type": "Feature", "geometry": {"type": "MultiPolygon", "coordinates": [[[[71.78739893272078, 34.38509350916142], [71.7873508049349, 34.38508124825049], [71.78733186676368, 34.385130142786934], [71.78738051351449, 34.38514304826761], [71.78739893272078, 34.38509350916142]]]]}, "properties": {"id": "8J6H9QPP+2WXG", "height": 4.094651222229004, "hmax": 0.0, "ratio": 0.0, "vulnClass": "none"}}, {"type": "Feature", "geometry": {"type": "MultiPolygon", "coordinates": [[[[71.78747551134231, 34.385208997644085], [71.78728696309402, 34.385124546207415], [71.78725577969396, 34.385172397854106], [71.78744432801051, 34.38525684934265], [71.78747551134231, 34.385208997644085]]]]}, "properties": {"id": "8J6H9QPP+3WHP", "height": 4.428122520446777, "hmax": 0.0, "ratio": 0.0, "vulnClass": "none"}}, {"type": "Feature", "geometry": {"type": "MultiPolygon", "coordinates": [[[[71.78723231132415, 34.38510093744299], [71.78716448479324, 34.38510059693298], [71.78716398512937, 34.38517052610337], [71.78723192376795, 34.3851707794299], [71.78723231132415, 34.38510093744299]]]]}, "properties": {"id": "8J6H9QPP+3V4F", "height": 3.900457143783569, "hmax": 0.0, "ratio": 0.0, "vulnClass": "none"}}, {"type": "Feature", "geometry": {"type": "MultiPolygon", "coordinates": [[[[71.78740820689349, 34.38502155728449], [71.78738215167179, 34.38508883195124], [71.78741499138592, 34.38509717593466], [71.78742298579064, 34.38507575438731], [71.78749199764992, 34.38509343121696], [71.78750919987571, 34.38504728511989], [71.78740820689349, 34.38502155728449]]]]}, "properties": {"id": "8J6H9QPP+2XGC", "height": 4.094651222229004, "hmax": 0.0, "ratio": 0.0, "vulnClass": "none"}}, {"type": "Feature", "geometry": {"type": "MultiPolygon", "coordinates": [[[[71.78767445266399, 34.38516095769788], [71.7875999194587, 34.38512276607736], [71.78756061848591, 34.38517536173887], [71.78763514827351, 34.38521364342609], [71.78767445266399, 34.38516095769788]]]]}, "properties": {"id": "8J6H9QPQ+329Q", "height": 4.045072078704834, "hmax": 0.0, "ratio": 0.0, "vulnClass": "none"}}, {"type": "Feature", "geometry": {"type": "MultiPolygon", "coordinates": [[[[71.7876420071693, 34.38496884530126], [71.78755519744242, 34.38495034032113], [71.78751911705771, 34.38506656355719], [71.78760603550077, 34.38508507142306], [71.7876420071693, 34.38496884530126]]]]}, "properties": {"id": "8J6H9QPQ+224P", "height": 4.737750053405762, "hmax": 0.0, "ratio": 0.0, "vulnClass": "none"}}, {"type": "Feature", "geometry": {"type": "MultiPolygon", "coordinates": [[[[71.78734007864124, 34.38489547502683], [71.78727971334722, 34.384893347772504], [71.7872768892141, 34.38495014674112], [71.78733714594077, 34.384952271144805], [71.78734007864124, 34.38489547502683]]]]}, "properties": {"id": "8J6H9QMP+XW7X", "height": 4.333788871765137, "hmax": 0.0, "ratio": 0.0, "vulnClass": "none"}}, {"type": "Feature", "geometry": {"type": "MultiPolygon", "coordinates": [[[[71.78753123794263, 34.38482632018621], [71.78730732319325, 34.38478825861062], [71.78728314529319, 34.384886047157586], [71.78733898912007, 34.38489553652518], [71.78735326522076, 34.38483777667364], [71.78752133627835, 34.384866348913846], [71.78753123794263, 34.38482632018621]]]]}, "properties": {"id": "8J6H9QMP+WXJF", "height": 4.245615482330322, "hmax": 0.0, "ratio": 0.0, "vulnClass": "none"}}, {"type": "Feature", "geometry": {"type": "MultiPolygon", "coordinates": [[[[71.78757520032127, 34.38483378470439], [71.7875408833777, 34.38482711445135], [71.78752120865492, 34.38489527788303], [71.7875560652206, 34.38490205245494], [71.78757520032127, 34.38483378470439]]]]}, "properties": {"id": "8J6H9QMQ+W2VG", "height": 4.141417503356934, "hmax": 0.0, "ratio": 0.0, "vulnClass": "none"}}, {"type": "Feature", "geometry": {"type": "MultiPolygon", "coordinates": [[[[71.78762798504425, 34.38485788504147], [71.78756098779702, 34.38485576391329], [71.78755622876957, 34.384957487839415], [71.78762322265491, 34.38495969901612], [71.78762798504425, 34.38485788504147]]]]}, "properties": {"id": "8J6H9QMQ+X289", "height": 4.076189041137695, "hmax": 0.0, "ratio": 0.0, "vulnClass": "none"}}, {"type": "Feature", "geometry": {"type": "MultiPolygon", "coordinates": [[[[71.78769803712616, 34.38480285268041], [71.7876619862392, 34.38480172507212], [71.7876584463299, 34.38487725267392], [71.78781469860577, 34.384882259918925], [71.7878187960331, 34.38479214559727], [71.7876986999699, 34.384788358870004], [71.78769803712616, 34.38480285268041]]]]}, "properties": {"id": "8J6H9QMQ+W3QG", "height": 3.818356513977051, "hmax": 0.0, "ratio": 0.0, "vulnClass": "none"}}, {"type": "Feature", "geometry": {"type": "MultiPolygon", "coordinates": [[[[71.7876423965123, 34.384964348940024], [71.78764016784336, 34.38499989245512], [71.78778831794503, 34.38500639933361], [71.7877906586022, 34.384970768624854], [71.7876423965123, 34.384964348940024]]]]}, "properties": {"id": "8J6H9QMQ+X3WH", "height": 3.86026668548584, "hmax": 0.0, "ratio": 0.0, "vulnClass": "none"}}, {"type": "Feature", "geometry": {"type": "MultiPolygon", "coordinates": [[[[71.78803531608764, 34.384975304508515], [71.78802900668052, 34.38492421422523], [71.78782722831514, 34.38494126499916], [71.78786116022717, 34.38521678838368], [71.78791721897103, 34.38521213244023], [71.78790857770954, 34.3851424137189], [71.78798645442639, 34.385135807342], [71.78798074007679, 34.38508905902242], [71.78794561679533, 34.3850921019332], [71.78793224092111, 34.38498413302951], [71.78803531608764, 34.384975304508515]]]]}, "properties": {"id": "8J6H9QPQ+257R", "height": 4.4016432762146, "hmax": 0.0, "ratio": 0.0, "vulnClass": "none"}}, {"type": "Feature", "geometry": {"type": "MultiPolygon", "coordinates": [[[[71.78798514371682, 34.384800392245815], [71.787917958356, 34.3847946610978], [71.78791389535135, 34.38482700180798], [71.7879811927874, 34.38483264577196], [71.78798514371682, 34.384800392245815]]]]}, "properties": {"id": "8J6H9QMQ+W5GF", "height": 4.13649320602417, "hmax": 0.0, "ratio": 0.0, "vulnClass": "none"}}, {"type": "Feature", "geometry": {"type": "MultiPolygon", "coordinates": [[[[71.78817410704215, 34.38485123432315], [71.7881122839079, 34.38485880341998], [71.78812470595622, 34.38492916226238], [71.7881866343082, 34.38492168605715], [71.78817410704215, 34.38485123432315]]]]}, "properties": {"id": "8J6H9QMQ+X72Q", "height": 4.837433815002441, "hmax": 0.0, "ratio": 0.0, "vulnClass": "none"}}, {"type": "Feature", "geometry": {"type": "MultiPolygon", "coordinates": [[[[71.78855094186159, 34.38481084109126], [71.7884824607545, 34.38479065511208], [71.7884526139852, 34.38486044425242], [71.78856463739616, 34.38489340115948], [71.7885823082414, 34.38485204419171], [71.78853876944386, 34.38483918324901], [71.78855094186159, 34.38481084109126]]]]}, "properties": {"id": "8J6H9QMQ+WCJM", "height": 4.599481582641602, "hmax": 0.0, "ratio": 0.0, "vulnClass": "none"}}, {"type": "Feature", "geometry": {"type": "MultiPolygon", "coordinates": [[[[71.78850236040397, 34.38494413170094], [71.78845318964152, 34.38493355632829], [71.78844153498271, 34.38497110552818], [71.78849070920654, 34.384981590865166], [71.78850236040397, 34.38494413170094]]]]}, "properties": {"id": "8J6H9QMQ+X9Q6", "height": 3.02387523651123, "hmax": 0.0, "ratio": 0.0, "vulnClass": "none"}}, {"type": "Feature", "geometry": {"type": "MultiPolygon", "coordinates": [[[[71.78834899673389, 34.3850086027665], [71.78827247582693, 34.385025249638645], [71.78831990961027, 34.385175123322], [71.78839643064933, 34.38515847642763], [71.78834899673389, 34.3850086027665]]]]}, "properties": {"id": "8J6H9QPQ+28PP", "height": 5.046663284301758, "hmax": 0.0, "ratio": 0.0, "vulnClass": "none"}}, {"type": "Feature", "geometry": {"type": "MultiPolygon", "coordinates": [[[[71.78838056682291, 34.38490226539131], [71.78831950429837, 34.3849155328836], [71.78837275937263, 34.38508376612888], [71.7884338220155, 34.385070498616656], [71.78838056682291, 34.38490226539131]]]]}, "properties": {"id": "8J6H9QMQ+X9RJ", "height": 4.815073490142822, "hmax": 0.0, "ratio": 0.0, "vulnClass": "none"}}, {"type": "Feature", "geometry": {"type": "MultiPolygon", "coordinates": [[[[71.78823452494808, 34.38502263016789], [71.78821601506087, 34.38491813167003], [71.78812470595622, 34.38492916226238], [71.78814321228792, 34.3850337508091], [71.78823452494808, 34.38502263016789]]]]}, "properties": {"id": "8J6H9QMQ+X7V4", "height": 4.837433815002441, "hmax": 0.0, "ratio": 0.0, "vulnClass": "none"}}, {"type": "Feature", "geometry": {"type": "MultiPolygon", "coordinates": [[[[71.78823452150618, 34.38502272020933], [71.78814321572992, 34.38503366076768], [71.78817395452909, 34.38520788211338], [71.78826515188626, 34.38519693868924], [71.78823452150618, 34.38502272020933]]]]}, "properties": {"id": "8J6H9QPQ+27WP", "height": 4.568862915039062, "hmax": 0.0, "ratio": 0.0, "vulnClass": "none"}}, {"type": "Feature", "geometry": {"type": "MultiPolygon", "coordinates": [[[[71.7883570754518, 34.38526938625595], [71.78833307720778, 34.38522882733907], [71.78817538920167, 34.385292643760906], [71.78819938394068, 34.385333292746594], [71.7883570754518, 34.38526938625595]]]]}, "properties": {"id": "8J6H9QPQ+4868", "height": 2.888747453689575, "hmax": 0.0, "ratio": 0.0, "vulnClass": "none"}}, {"type": "Feature", "geometry": {"type": "MultiPolygon", "coordinates": [[[[71.78849781851787, 34.38522792779137], [71.78847983649719, 34.38518356115356], [71.78839269477947, 34.38520786067584], [71.78842608962125, 34.385289856715545], [71.78846521197887, 34.38527889699419], [71.78844990770688, 34.38524127046003], [71.78849781851787, 34.38522792779137]]]]}, "properties": {"id": "8J6H9QPQ+39W6", "height": 3.579423666000366, "hmax": 0.0, "ratio": 0.0, "vulnClass": "none"}}, {"type": "Feature", "geometry": {"type": "MultiPolygon", "coordinates": [[[[71.78860011280848, 34.38526513567515], [71.788531046984, 34.385246015934506], [71.78851554970882, 34.38528454577229], [71.78858472761011, 34.38530357833495], [71.78860011280848, 34.38526513567515]]]]}, "properties": {"id": "8J6H9QPQ+4C3X", "height": 2.825063943862915, "hmax": 0.211, "ratio": 0.075, "vulnClass": "low"}}, {"type": "Feature", "geometry": {"type": "MultiPolygon", "coordinates": [[[[71.7888245880022, 34.38511222018429], [71.78881239110365, 34.385064400282545], [71.7887586515132, 34.385073804422795], [71.78877084838163, 34.3851216243282], [71.7888245880022, 34.38511222018429]]]]}, "properties": {"id": "8J6H9QPQ+2GMM", "height": 2.870541572570801, "hmax": 0.0, "ratio": 0.0, "vulnClass": "none"}}, {"type": "Feature", "geometry": {"type": "MultiPolygon", "coordinates": [[[[71.78869136039773, 34.385184611439314], [71.7886130143244, 34.385160831493394], [71.78860361174036, 34.38518212600195], [71.78863348479798, 34.38519129304467], [71.78858492914115, 34.38530115006862], [71.78871700831924, 34.38534130349079], [71.7887543807316, 34.38525665995743], [71.78867077126456, 34.38523120953839], [71.78869136039773, 34.385184611439314]]]]}, "properties": {"id": "8J6H9QPQ+4F3F", "height": 4.618536472320557, "hmax": 0.211, "ratio": 0.046, "vulnClass": "low"}}, {"type": "Feature", "geometry": {"type": "MultiPolygon", "coordinates": [[[[71.78879271497118, 34.38491074933634], [71.78862813966352, 34.38486181073117], [71.78860894336474, 34.384906101983965], [71.78877352218515, 34.3849549505775], [71.78879271497118, 34.38491074933634]]]]}, "properties": {"id": "8J6H9QMQ+XF87", "height": 4.806084632873535, "hmax": 0.0, "ratio": 0.0, "vulnClass": "none"}}, {"type": "Feature", "geometry": {"type": "MultiPolygon", "coordinates": [[[[71.78887970542579, 34.38468842577429], [71.78883253635489, 34.384679525512155], [71.78882140966905, 34.38472033337272], [71.7888685822022, 34.38472914359882], [71.78887970542579, 34.38468842577429]]]]}, "properties": {"id": "8J6H9QMQ+VGQ2", "height": 3.853341579437256, "hmax": 0.221, "ratio": 0.057, "vulnClass": "low"}}, {"type": "Feature", "geometry": {"type": "MultiPolygon", "coordinates": [[[[71.78902735108511, 34.38468536390103], [71.788933372727, 34.3846609932946], [71.78890314785077, 34.38474068713517], [71.78899701079558, 34.384765234999314], [71.78902735108511, 34.38468536390103]]]]}, "properties": {"id": "8J6H9QMQ+VHPH", "height": 6.003666877746582, "hmax": 0.298, "ratio": 0.05, "vulnClass": "low"}}, {"type": "Feature", "geometry": {"type": "MultiPolygon", "coordinates": [[[[71.78880289710564, 34.3848007855093], [71.78867132045038, 34.38476172698584], [71.78862813966352, 34.38486181073117], [71.78875960783998, 34.384900866455254], [71.78880289710564, 34.3848007855093]]]]}, "properties": {"id": "8J6H9QMQ+WFP9", "height": 4.285747528076172, "hmax": 0.0, "ratio": 0.0, "vulnClass": "none"}}, {"type": "Feature", "geometry": {"type": "MultiPolygon", "coordinates": [[[[71.78851457751144, 34.38471551768466], [71.7884824607545, 34.38479065511208], [71.78850869261821, 34.3847983745437], [71.78852158551707, 34.384768248679165], [71.788648659074, 34.38480565682398], [71.78866799146417, 34.38476064808311], [71.78851457751144, 34.38471551768466]]]]}, "properties": {"id": "8J6H9QMQ+WC4F", "height": 4.262938976287842, "hmax": 0.0, "ratio": 0.0, "vulnClass": "none"}}, {"type": "Feature", "geometry": {"type": "MultiPolygon", "coordinates": [[[[71.78849535366115, 34.38476052925074], [71.78852686196505, 34.384687088340065], [71.7884168817355, 34.38465472587572], [71.7883724804129, 34.384758292601546], [71.78842913506375, 34.3847750133232], [71.78844202798622, 34.384744887468365], [71.78849535366115, 34.38476052925074]]]]}, "properties": {"id": "8J6H9QMQ+V9PM", "height": 3.941201210021973, "hmax": 0.0, "ratio": 0.0, "vulnClass": "none"}}, {"type": "Feature", "geometry": {"type": "MultiPolygon", "coordinates": [[[[71.7883480559148, 34.384785772056624], [71.78825793593796, 34.38476285427936], [71.7882322298639, 34.384832391622645], [71.78832234990529, 34.384855309422456], [71.78833071462199, 34.38483272582208], [71.78829905581698, 34.38482477363901], [71.7883093578859, 34.38479701329132], [71.78834101668183, 34.38480496547122], [71.7883480559148, 34.384785772056624]]]]}, "properties": {"id": "8J6H9QMQ+W8F6", "height": 4.4170823097229, "hmax": 0.0, "ratio": 0.0, "vulnClass": "none"}}, {"type": "Feature", "geometry": {"type": "MultiPolygon", "coordinates": [[[[71.78825972948908, 34.384772815907695], [71.78816665496011, 34.38475324544946], [71.78814839382594, 34.384812883611836], [71.7882414684145, 34.3848324540873], [71.78825972948908, 34.384772815907695]]]]}, "properties": {"id": "8J6H9QMQ+W78P", "height": 5.682576179504395, "hmax": 0.0, "ratio": 0.0, "vulnClass": "none"}}, {"type": "Feature", "geometry": {"type": "MultiPolygon", "coordinates": [[[[71.78831209411543, 34.384776625244406], [71.78835829556617, 34.38465156431848], [71.78830424606606, 34.38463779623123], [71.78825793593796, 34.38476285427936], [71.78831209411543, 34.384776625244406]]]]}, "properties": {"id": "8J6H9QMQ+V8M9", "height": 5.385031700134277, "hmax": 0.0, "ratio": 0.0, "vulnClass": "none"}}, {"type": "Feature", "geometry": {"type": "MultiPolygon", "coordinates": [[[[71.78828936490838, 34.384660208624766], [71.7881890172266, 34.38464035696777], [71.78817773497887, 34.38467953829967], [71.78822683480436, 34.38468912046393], [71.78821391694196, 34.38473411739762], [71.78826570790459, 34.38474440117615], [71.78828936490838, 34.384660208624766]]]]}, "properties": {"id": "8J6H9QMQ+V7HG", "height": 5.650491714477539, "hmax": 0.0, "ratio": 0.0, "vulnClass": "none"}}, {"type": "Feature", "geometry": {"type": "MultiPolygon", "coordinates": [[[[71.78839307210072, 34.384572260603925], [71.7883263117399, 34.3845525704103], [71.7882976542744, 34.38461968680306], [71.78836441812105, 34.38463928697333], [71.78839307210072, 34.384572260603925]]]]}, "properties": {"id": "8J6H9QMQ+R8QR", "height": 4.111312866210938, "hmax": 0.0, "ratio": 0.0, "vulnClass": "none"}}, {"type": "Feature", "geometry": {"type": "MultiPolygon", "coordinates": [[[[71.78845424685169, 34.38459018164545], [71.7883930755424, 34.384572170562464], [71.78836441812105, 34.38463928697333], [71.78842548430475, 34.38465720517814], [71.78845424685169, 34.38459018164545]]]]}, "properties": {"id": "8J6H9QMQ+R9VC", "height": 3.653457641601562, "hmax": 0.0, "ratio": 0.0, "vulnClass": "none"}}, {"type": "Feature", "geometry": {"type": "MultiPolygon", "coordinates": [[[[71.788689173547, 34.384618886282425], [71.78858249133492, 34.384588413243456], [71.78852622494512, 34.38472366514881], [71.78863290730067, 34.38475413824486], [71.788689173547, 34.384618886282425]]]]}, "properties": {"id": "8J6H9QMQ+VC9V", "height": 4.483660221099854, "hmax": 0.221, "ratio": 0.049, "vulnClass": "low"}}, {"type": "Feature", "geometry": {"type": "MultiPolygon", "coordinates": [[[[71.78843724230005, 34.38446904832026], [71.78837047856533, 34.384449448195994], [71.78835221305633, 34.38449214148926], [71.78841886477, 34.38451182881322], [71.78843724230005, 34.38446904832026]]]]}, "properties": {"id": "8J6H9QMQ+Q9R8", "height": 3.886354684829712, "hmax": 0.0, "ratio": 0.0, "vulnClass": "none"}}, {"type": "Feature", "geometry": {"type": "MultiPolygon", "coordinates": [[[[71.78835220961459, 34.38449223153072], [71.78829501901487, 34.3844753164343], [71.78824035499548, 34.38460276882364], [71.78829765771621, 34.38461959676162], [71.78835220961459, 34.38449223153072]]]]}, "properties": {"id": "8J6H9QMQ+R87V", "height": 3.92231822013855, "hmax": 0.0, "ratio": 0.0, "vulnClass": "none"}}, {"type": "Feature", "geometry": {"type": "MultiPolygon", "coordinates": [[[[71.78821171559407, 34.38450160946169], [71.78817279553081, 34.3844902217232], [71.7881662335557, 34.3845054618649], [71.78813989321144, 34.38449773951274], [71.78811123906473, 34.384564765813515], [71.78813757598444, 34.38457257821425], [71.78812540002963, 34.38460101036724], [71.78819904241823, 34.38462268412431], [71.78821121835242, 34.384594251962824], [71.7882307852959, 34.384599993703056], [71.78825944280557, 34.384532877328425], [71.78820515018295, 34.384516939647256], [71.78821171559407, 34.38450160946169]]]]}, "properties": {"id": "8J6H9QMQ+R7F9", "height": 4.420997619628906, "hmax": 0.0, "ratio": 0.0, "vulnClass": "none"}}, {"type": "Feature", "geometry": {"type": "MultiPolygon", "coordinates": [[[[71.78830625872126, 34.38442018062824], [71.78822130830437, 34.384409926983835], [71.78821532340083, 34.38444420011587], [71.788300273851, 34.3844544537663], [71.78830625872126, 34.38442018062824]]]]}, "properties": {"id": "8J6H9QMQ+Q8C7", "height": 3.25255298614502, "hmax": 0.0, "ratio": 0.0, "vulnClass": "none"}}, {"type": "Feature", "geometry": {"type": "MultiPolygon", "coordinates": [[[[71.78837047856533, 34.384449448195994], [71.78831328798967, 34.38443253310945], [71.78830039852102, 34.38446256891065], [71.78835770116267, 34.384479396816054], [71.78837047856533, 34.384449448195994]]]]}, "properties": {"id": "8J6H9QMQ+Q8P8", "height": 3.301244735717773, "hmax": 0.0, "ratio": 0.0, "vulnClass": "none"}}, {"type": "Feature", "geometry": {"type": "MultiPolygon", "coordinates": [[[[71.78834924730548, 34.38438201254825], [71.78828977449812, 34.38436792171254], [71.78828292497525, 34.38438784116456], [71.78834239779502, 34.3844019320043], [71.78834924730548, 34.38438201254825]]]]}, "properties": {"id": "8J6H9QMQ+Q846", "height": 2.87330436706543, "hmax": 0.0, "ratio": 0.0, "vulnClass": "none"}}, {"type": "Feature", "geometry": {"type": "MultiPolygon", "coordinates": [[[[71.78863960563133, 34.384428126914344], [71.78851669412995, 34.38438992679822], [71.78849471924744, 34.384438651634824], [71.7885217957734, 34.38444702417413], [71.78848320134456, 34.38453235659871], [71.78857914850549, 34.38456209704719], [71.78863960563133, 34.384428126914344]]]]}, "properties": {"id": "8J6H9QMQ+QCMX", "height": 4.841163158416748, "hmax": 0.206, "ratio": 0.043, "vulnClass": "low"}}, {"type": "Feature", "geometry": {"type": "MultiPolygon", "coordinates": [[[[71.78896009338055, 34.38433731048149], [71.78883539208314, 34.38429473734195], [71.78879580984105, 34.384374636016794], [71.7889204060642, 34.38441711630747], [71.78896009338055, 34.38433731048149]]]]}, "properties": {"id": "8J6H9QMQ+PHR6", "height": 4.763336658477783, "hmax": 0.191, "ratio": 0.04, "vulnClass": "low"}}, {"type": "Feature", "geometry": {"type": "MultiPolygon", "coordinates": [[[[71.78880143734908, 34.384406600402315], [71.78878384254156, 34.384400459899965], [71.78875516057832, 34.38445685007538], [71.7888962381279, 34.38450616270586], [71.78892491657753, 34.38444986253484], [71.78886773770188, 34.384429793396166], [71.78887913634702, 34.384407469710744], [71.78881283600771, 34.3843842767238], [71.78880143734908, 34.384406600402315]]]]}, "properties": {"id": "8J6H9QMQ+QGGX", "height": 4.852768898010254, "hmax": 0.199, "ratio": 0.041, "vulnClass": "low"}}, {"type": "Feature", "geometry": {"type": "MultiPolygon", "coordinates": [[[[71.78904058693422, 34.384452810736946], [71.78894909561885, 34.38441741925261], [71.78890209218561, 34.38450090856585], [71.78899369217396, 34.3845363029418], [71.78904058693422, 34.384452810736946]]]]}, "properties": {"id": "8J6H9QMQ+QHX2", "height": 6.004848480224609, "hmax": 0.274, "ratio": 0.046, "vulnClass": "low"}}, {"type": "Feature", "geometry": {"type": "MultiPolygon", "coordinates": [[[[71.78904788755001, 34.384224788524065], [71.78897047109051, 34.38419661678381], [71.7889206792951, 34.38429048816829], [71.78902843940419, 34.38432973201184], [71.78905433757471, 34.38428074959187], [71.7890239905621, 34.38426976757241], [71.78904788755001, 34.384224788524065]]]]}, "properties": {"id": "8J6H9QMQ+PH5G", "height": 4.249447345733643, "hmax": 0.26, "ratio": 0.061, "vulnClass": "low"}}, {"type": "Feature", "geometry": {"type": "MultiPolygon", "coordinates": [[[[71.78883539208314, 34.38429473734195], [71.78876112717961, 34.38426944234384], [71.78874122399272, 34.38430947885845], [71.78881548548249, 34.38433486391167], [71.78883539208314, 34.38429473734195]]]]}, "properties": {"id": "8J6H9QMQ+PGF2", "height": 4.663888931274414, "hmax": 0.181, "ratio": 0.039, "vulnClass": "low"}}, {"type": "Feature", "geometry": {"type": "MultiPolygon", "coordinates": [[[[71.78876606759718, 34.38419422185986], [71.78867824716264, 34.38416235162467], [71.78863079240323, 34.38425195794419], [71.78871850085946, 34.38428391540583], [71.78876606759718, 34.38419422185986]]]]}, "properties": {"id": "8J6H9QMQ+MFPV", "height": 4.369365692138672, "hmax": 0.179, "ratio": 0.041, "vulnClass": "low"}}, {"type": "Feature", "geometry": {"type": "MultiPolygon", "coordinates": [[[[71.78894534154128, 34.38424255489082], [71.78877162981378, 34.38418238043087], [71.78875021496678, 34.384224991063455], [71.78892392676215, 34.3842851655576], [71.78894534154128, 34.38424255489082]]]]}, "properties": {"id": "8J6H9QMQ+MGX6", "height": 4.431728363037109, "hmax": 0.184, "ratio": 0.042, "vulnClass": "low"}}, {"type": "Feature", "geometry": {"type": "MultiPolygon", "coordinates": [[[[71.78894357590279, 34.38414651803846], [71.78887153720139, 34.38412840200665], [71.78885988588625, 34.38416018290527], [71.78893192461129, 34.38417829894527], [71.78894357590279, 34.38414651803846]]]]}, "properties": {"id": "8J6H9QMQ+MH65", "height": 4.627688884735107, "hmax": 0.139, "ratio": 0.03, "vulnClass": "low"}}, {"type": "Feature", "geometry": {"type": "MultiPolygon", "coordinates": [[[[71.78913166036979, 34.38418904338718], [71.78921286951754, 34.384063910132696], [71.78913227362798, 34.3840279036452], [71.78905168507765, 34.38415386433199], [71.78913166036979, 34.38418904338718]]]]}, "properties": {"id": "8J6H9QMQ+JMR6", "height": 5.448121547698975, "hmax": 0.231, "ratio": 0.042, "vulnClass": "low"}}, {"type": "Feature", "geometry": {"type": "MultiPolygon", "coordinates": [[[[71.78915947746722, 34.38396750873858], [71.78905894471764, 34.38393260092582], [71.78900002506973, 34.38404912610043], [71.78903660926663, 34.38406189432772], [71.78904531027791, 34.38404472741578], [71.78910925892771, 34.38406686705055], [71.78915947746722, 34.38396750873858]]]]}, "properties": {"id": "8J6H9QMQ+JJ44", "height": 5.448121547698975, "hmax": 0.231, "ratio": 0.042, "vulnClass": "low"}}, {"type": "Feature", "geometry": {"type": "MultiPolygon", "coordinates": [[[[71.78903504817751, 34.38389222507758], [71.78903551546311, 34.38384870364082], [71.78900117167271, 34.38384843246698], [71.7890007043693, 34.383891953902626], [71.78903504817751, 34.38389222507758]]]]}, "properties": {"id": "8J6H9QMQ+GJRW", "height": 3.747723817825317, "hmax": 0.124, "ratio": 0.033, "vulnClass": "low"}}, {"type": "Feature", "geometry": {"type": "MultiPolygon", "coordinates": [[[[71.78898464258802, 34.38382294162986], [71.78887737559769, 34.38382201677689], [71.78887686543062, 34.38386950288798], [71.78890968873294, 34.38386973415758], [71.78890941279764, 34.383891178302136], [71.7889838600062, 34.38389178184909], [71.78898464258802, 34.38382294162986]]]]}, "properties": {"id": "8J6H9QMQ+GHV5", "height": 3.586761236190796, "hmax": 0.124, "ratio": 0.035, "vulnClass": "low"}}, {"type": "Feature", "geometry": {"type": "MultiPolygon", "coordinates": [[[[71.7888875762024, 34.38412404632707], [71.78897060828264, 34.383959753748684], [71.78894228363191, 34.38394990641667], [71.78893311377404, 34.38396796232473], [71.78886916869257, 34.38394573256275], [71.78882906428605, 34.38402507674982], [71.7886990260918, 34.38397992973277], [71.7886651594614, 34.384046819257605], [71.7888875762024, 34.38412404632707]]]]}, "properties": {"id": "8J6H9QMQ+JG88", "height": 4.999168395996094, "hmax": 0.135, "ratio": 0.027, "vulnClass": "low"}}, {"type": "Feature", "geometry": {"type": "MultiPolygon", "coordinates": [[[[71.78841330978737, 34.38388066956047], [71.78838230448912, 34.38386985035705], [71.78834843766506, 34.38393673978338], [71.7886651594614, 34.384046819257605], [71.7886990260918, 34.38397992973277], [71.78853626564725, 34.383923377519174], [71.78852580467293, 34.383943923168516], [71.78840284878997, 34.38390121519802], [71.78841330978737, 34.38388066956047]]]]}, "properties": {"id": "8J6H9QMQ+HCJH", "height": 5.168171405792236, "hmax": 0.131, "ratio": 0.025, "vulnClass": "low"}}, {"type": "Feature", "geometry": {"type": "MultiPolygon", "coordinates": [[[[71.78822952862285, 34.38398156588358], [71.78825247294222, 34.38391601190165], [71.78823222353672, 34.383911063425685], [71.78822430365828, 34.38393338831528], [71.7881534221387, 34.383916293722116], [71.78812682028135, 34.38399220688246], [71.78818477574079, 34.384006167791526], [71.78819624104307, 34.38397357088981], [71.78822952862285, 34.38398156588358]]]]}, "properties": {"id": "8J6H9QMQ+H7M9", "height": 3.747371196746826, "hmax": 0.0, "ratio": 0.0, "vulnClass": "none"}}, {"type": "Feature", "geometry": {"type": "MultiPolygon", "coordinates": [[[[71.78829752793025, 34.38400011695317], [71.78821390225897, 34.383969438183925], [71.7881927025035, 34.38400926027567], [71.78827632820432, 34.38403993906105], [71.78829752793025, 34.38400011695317]]]]}, "properties": {"id": "8J6H9QMQ+J755", "height": 3.917698383331299, "hmax": 0.0, "ratio": 0.0, "vulnClass": "none"}}, {"type": "Feature", "geometry": {"type": "MultiPolygon", "coordinates": [[[[71.78820090108324, 34.38413322674853], [71.78809505517656, 34.38433116944272], [71.78817945172364, 34.38436159815992], [71.78828368902722, 34.38416307233452], [71.78820090108324, 34.38413322674853]]]]}, "properties": {"id": "8J6H9QMQ+M7WR", "height": 3.996225357055664, "hmax": 0.0, "ratio": 0.0, "vulnClass": "none"}}, {"type": "Feature", "geometry": {"type": "MultiPolygon", "coordinates": [[[[71.78830459314227, 34.384059879748214], [71.78825432423221, 34.38404107345827], [71.78822100332548, 34.38410220874549], [71.78827127226243, 34.38412101505062], [71.78830459314227, 34.384059879748214]]]]}, "properties": {"id": "8J6H9QMQ+J8J7", "height": 4.009270668029785, "hmax": 0.0, "ratio": 0.0, "vulnClass": "none"}}, {"type": "Feature", "geometry": {"type": "MultiPolygon", "coordinates": [[[[71.78851976632127, 34.3840734643237], [71.78848049457112, 34.384059904283255], [71.78845790062553, 34.38410491744617], [71.78867088032086, 34.384178742368704], [71.78870264754885, 34.384115583234305], [71.78852893627892, 34.38405540845258], [71.78851976632127, 34.3840734643237]]]]}, "properties": {"id": "8J6H9QMQ+JCWG", "height": 5.816354751586914, "hmax": 0.131, "ratio": 0.022, "vulnClass": "low"}}, {"type": "Feature", "geometry": {"type": "MultiPolygon", "coordinates": [[[[71.78866425680704, 34.38417568415068], [71.78857214914167, 34.38414505319476], [71.78853626242044, 34.3842192804235], [71.78862837014974, 34.384249911410016], [71.78866425680704, 34.38417568415068]]]]}, "properties": {"id": "8J6H9QMQ+MCHR", "height": 4.610980987548828, "hmax": 0.173, "ratio": 0.038, "vulnClass": "low"}}, {"type": "Feature", "geometry": {"type": "MultiPolygon", "coordinates": [[[[71.78847882873404, 34.38420019586598], [71.78841849710207, 34.384180133829325], [71.78839453632663, 34.38422961766303], [71.7884548679865, 34.38424967971305], [71.78847882873404, 34.38420019586598]]]]}, "properties": {"id": "8J6H9QMQ+M9MH", "height": 4.396783351898193, "hmax": 0.0, "ratio": 0.0, "vulnClass": "none"}}, {"type": "Feature", "geometry": {"type": "MultiPolygon", "coordinates": [[[[71.78867604962493, 34.38428811801635], [71.78859333215136, 34.38425926599157], [71.78853888971948, 34.38436671507835], [71.7886216107156, 34.384395477103006], [71.78867604962493, 34.38428811801635]]]]}, "properties": {"id": "8J6H9QMQ+PCQ3", "height": 4.397393226623535, "hmax": 0.181, "ratio": 0.041, "vulnClass": "low"}}, {"type": "Feature", "geometry": {"type": "MultiPolygon", "coordinates": [[[[71.78841639436284, 34.38428634407653], [71.78836407055546, 34.38427009766629], [71.78834411747296, 34.38431427886595], [71.78839644130262, 34.384330525285954], [71.78841639436284, 34.38428634407653]]]]}, "properties": {"id": "8J6H9QMQ+P9C2", "height": 3.525716543197632, "hmax": 0.0, "ratio": 0.0, "vulnClass": "none"}}, {"type": "Feature", "geometry": {"type": "MultiPolygon", "coordinates": [[[[71.78813062845813, 34.38420258460282], [71.78805609313234, 34.38417583996849], [71.78804202080715, 34.38420269004696], [71.788078699739, 34.384215821575914], [71.78803600011555, 34.384297620977556], [71.78807374794813, 34.384311231253676], [71.78813062845813, 34.38420258460282]]]]}, "properties": {"id": "8J6H9QMQ+M6WG", "height": 4.001461029052734, "hmax": 0.0, "ratio": 0.0, "vulnClass": "none"}}, {"type": "Feature", "geometry": {"type": "MultiPolygon", "coordinates": [[[[71.78802918474605, 34.38425976678271], [71.78799809829871, 34.38424822429215], [71.78795236292262, 34.38433264785229], [71.78804090215786, 34.38436561907596], [71.78806916425879, 34.38431453583016], [71.78804226871758, 34.38430427517884], [71.7880307042888, 34.38432524244604], [71.78799994363915, 34.384313708515606], [71.78802918474605, 34.38425976678271]]]]}, "properties": {"id": "8J6H9QMQ+P6CF", "height": 3.681302070617676, "hmax": 0.0, "ratio": 0.0, "vulnClass": "none"}}, {"type": "Feature", "geometry": {"type": "MultiPolygon", "coordinates": [[[[71.78797195633074, 34.38429503689893], [71.78790869356723, 34.38426633506768], [71.7878848040451, 34.38430257127906], [71.78794795821855, 34.3843312702699], [71.78797195633074, 34.38429503689893]]]]}, "properties": {"id": "8J6H9QMQ+P57W", "height": 3.394994258880615, "hmax": 0.0, "ratio": 0.0, "vulnClass": "none"}}, {"type": "Feature", "geometry": {"type": "MultiPolygon", "coordinates": [[[[71.78790869356723, 34.38426633506768], [71.78782704991475, 34.38422930874717], [71.78780305176346, 34.38426554208753], [71.7878848040451, 34.38430257127906], [71.78790869356723, 34.38426633506768]]]]}, "properties": {"id": "8J6H9QMQ+P45M", "height": 4.475468158721924, "hmax": 0.0, "ratio": 0.0, "vulnClass": "none"}}, {"type": "Feature", "geometry": {"type": "MultiPolygon", "coordinates": [[[[71.7876835409599, 34.38429196491909], [71.7876275212341, 34.38427571120804], [71.78761210294634, 34.38431216997104], [71.78766812269235, 34.38432842369027], [71.7876835409599, 34.38429196491909]]]]}, "properties": {"id": "8J6H9QMQ+P3C4", "height": 4.172234535217285, "hmax": 0.0, "ratio": 0.0, "vulnClass": "none"}}, {"type": "Feature", "geometry": {"type": "MultiPolygon", "coordinates": [[[[71.78785182373275, 34.38416425358617], [71.78780802190802, 34.38415544141785], [71.78779815799363, 34.38418880141137], [71.7878420649989, 34.38419770647934], [71.78785182373275, 34.38416425358617]]]]}, "properties": {"id": "8J6H9QMQ+M4G3", "height": 4.59653377532959, "hmax": 0.0, "ratio": 0.0, "vulnClass": "none"}}, {"type": "Feature", "geometry": {"type": "MultiPolygon", "coordinates": [[[[71.78775995889139, 34.38406756175044], [71.78771562476747, 34.38406414347507], [71.78769782133828, 34.38422555246699], [71.78774215898802, 34.384228880712094], [71.78775995889139, 34.38406756175044]]]]}, "properties": {"id": "8J6H9QMQ+M35V", "height": 4.384402751922607, "hmax": 0.0, "ratio": 0.0, "vulnClass": "none"}}, {"type": "Feature", "geometry": {"type": "MultiPolygon", "coordinates": [[[[71.78800977633563, 34.384090620097275], [71.78793285025999, 34.38406669679414], [71.78790542142436, 34.384127265750614], [71.78798245615181, 34.38415119192719], [71.78800977633563, 34.384090620097275]]]]}, "properties": {"id": "8J6H9QMQ+J5W8", "height": 3.767000913619995, "hmax": 0.0, "ratio": 0.0, "vulnClass": "none"}}, {"type": "Feature", "geometry": {"type": "MultiPolygon", "coordinates": [[[[71.78805423267767, 34.3841704733052], [71.78799107857989, 34.38414177437345], [71.7879715812375, 34.384171185855934], [71.7880347353491, 34.384199884798505], [71.78805423267767, 34.3841704733052]]]]}, "properties": {"id": "8J6H9QMQ+M66V", "height": 3.825350761413574, "hmax": 0.0, "ratio": 0.0, "vulnClass": "none"}}, {"type": "Feature", "geometry": {"type": "MultiPolygon", "coordinates": [[[[71.78821308571139, 34.3841330060892], [71.78804670390342, 34.38405743038489], [71.78799246791452, 34.38413955758173], [71.78815885326625, 34.384215043324055], [71.78821308571139, 34.3841330060892]]]]}, "properties": {"id": "8J6H9QMQ+M65F", "height": 3.996225357055664, "hmax": 0.0, "ratio": 0.0, "vulnClass": "none"}}, {"type": "Feature", "geometry": {"type": "MultiPolygon", "coordinates": [[[[71.78806955042151, 34.38402287923779], [71.78801387498379, 34.38399762156579], [71.78797660585548, 34.38405396618498], [71.78803227787456, 34.38407931391667], [71.78806955042151, 34.38402287923779]]]]}, "properties": {"id": "8J6H9QMQ+J66G", "height": 3.375170230865479, "hmax": 0.0, "ratio": 0.0, "vulnClass": "none"}}, {"type": "Feature", "geometry": {"type": "MultiPolygon", "coordinates": [[[[71.7879784704444, 34.38396253132855], [71.78794662160105, 34.38394249639999], [71.78791270251774, 34.38397946053975], [71.78794454792349, 34.38399958551881], [71.7879784704444, 34.38396253132855]]]]}, "properties": {"id": "8J6H9QMQ+H5PV", "height": 4.117525577545166, "hmax": 0.0, "ratio": 0.0, "vulnClass": "none"}}, {"type": "Feature", "geometry": {"type": "MultiPolygon", "coordinates": [[[[71.7879629749213, 34.38394698202465], [71.78793843298831, 34.383914971283126], [71.78787973746662, 34.383945966616416], [71.78790428282649, 34.383977887327426], [71.7879629749213, 34.38394698202465]]]]}, "properties": {"id": "8J6H9QMQ+H5FV", "height": 4.213866710662842, "hmax": 0.0, "ratio": 0.0, "vulnClass": "none"}}, {"type": "Feature", "geometry": {"type": "MultiPolygon", "coordinates": [[[[71.788094538916, 34.38394935726273], [71.78814727827138, 34.3838665597666], [71.78811092338724, 34.383850642687925], [71.78805818400855, 34.38393344016706], [71.788094538916, 34.38394935726273]]]]}, "properties": {"id": "8J6H9QMQ+H693", "height": 3.709104537963867, "hmax": 0.0, "ratio": 0.0, "vulnClass": "none"}}, {"type": "Feature", "geometry": {"type": "MultiPolygon", "coordinates": [[[[71.78810657410733, 34.383879100219225], [71.78810748011506, 34.38384117850376], [71.78807564462845, 34.38384070257712], [71.78807473860638, 34.38387862429155], [71.78810657410733, 34.383879100219225]]]]}, "properties": {"id": "8J6H9QMQ+G6W9", "height": 3.576667785644531, "hmax": 0.0, "ratio": 0.0, "vulnClass": "none"}}, {"type": "Feature", "geometry": {"type": "MultiPolygon", "coordinates": [[[[71.7879679838695, 34.3839353964932], [71.78805457723436, 34.38384862143843], [71.78801559099215, 34.38382190950119], [71.78792888901243, 34.38390868167421], [71.7879679838695, 34.3839353964932]]]]}, "properties": {"id": "8J6H9QMQ+H554", "height": 4.213866710662842, "hmax": 0.0, "ratio": 0.0, "vulnClass": "none"}}, {"type": "Feature", "geometry": {"type": "MultiPolygon", "coordinates": [[[[71.7876431227081, 34.38381644870111], [71.78760024084956, 34.383851825250346], [71.78764701633608, 34.383890909803604], [71.78769001024645, 34.38385544605066], [71.7876431227081, 34.38381644870111]]]]}, "properties": {"id": "8J6H9QMQ+G3R4", "height": 3.64112377166748, "hmax": 0.0, "ratio": 0.0, "vulnClass": "none"}}, {"type": "Feature", "geometry": {"type": "MultiPolygon", "coordinates": [[[[71.78784635629205, 34.38392904601427], [71.78768539627795, 34.38387091761901], [71.78765913034977, 34.38392097164859], [71.7878199818293, 34.38397909722865], [71.78784635629205, 34.38392904601427]]]]}, "properties": {"id": "8J6H9QMQ+H4C2", "height": 3.231362342834473, "hmax": 0.0, "ratio": 0.0, "vulnClass": "none"}}, {"type": "Feature", "geometry": {"type": "MultiPolygon", "coordinates": [[[[71.7878998791097, 34.3840191421436], [71.78773178766822, 34.38394280004646], [71.78770731727684, 34.38398001241164], [71.78787530015826, 34.38405635169126], [71.7878998791097, 34.3840191421436]]]]}, "properties": {"id": "8J6H9QMQ+H4VW", "height": 3.643398523330688, "hmax": 0.0, "ratio": 0.0, "vulnClass": "none"}}, {"type": "Feature", "geometry": {"type": "MultiPolygon", "coordinates": [[[[71.78795063777808, 34.38404219764356], [71.7878998791097, 34.3840191421436], [71.78782060204307, 34.38413918771864], [71.78787136075688, 34.384162243254025], [71.78795063777808, 34.38404219764356]]]]}, "properties": {"id": "8J6H9QMQ+J5JM", "height": 4.209919452667236, "hmax": 0.0, "ratio": 0.0, "vulnClass": "none"}}, {"type": "Feature", "geometry": {"type": "MultiPolygon", "coordinates": [[[[71.787765940148, 34.384027700372684], [71.78771385864809, 34.3840221857501], [71.78770833399741, 34.38405863411231], [71.78776041551919, 34.38406414873847], [71.787765940148, 34.384027700372684]]]]}, "properties": {"id": "8J6H9QMQ+J39P", "height": 4.302982807159424, "hmax": 0.0, "ratio": 0.0, "vulnClass": "none"}}, {"type": "Feature", "geometry": {"type": "MultiPolygon", "coordinates": [[[[71.78730792917732, 34.383876771176496], [71.78727549025886, 34.383875017336024], [71.78727383989205, 34.383895433892626], [71.78730627881828, 34.38389718773397], [71.78730792917732, 34.383876771176496]]]]}, "properties": {"id": "8J6H9QMP+HW3F", "height": 3.622421264648438, "hmax": 0.0, "ratio": 0.0, "vulnClass": "none"}}, {"type": "Feature", "geometry": {"type": "MultiPolygon", "coordinates": [[[[71.78748593007019, 34.38382187187859], [71.78739957598238, 34.38379148139079], [71.78733531747899, 34.38391678844455], [71.78757205855568, 34.384000343022386], [71.78761270369361, 34.38392110362532], [71.7874623100258, 34.38386811972494], [71.78748593007019, 34.38382187187859]]]]}, "properties": {"id": "8J6H9QMP+HX85", "height": 4.059620380401611, "hmax": 0.0, "ratio": 0.0, "vulnClass": "none"}}, {"type": "Feature", "geometry": {"type": "MultiPolygon", "coordinates": [[[[71.78724578844074, 34.38395805935874], [71.78715720239825, 34.38393770480618], [71.78714187411664, 34.38398317905676], [71.78723045675873, 34.38400362366419], [71.78724578844074, 34.38395805935874]]]]}, "properties": {"id": "8J6H9QMP+HVPR", "height": 4.014688491821289, "hmax": 0.0, "ratio": 0.0, "vulnClass": "none"}}, {"type": "Feature", "geometry": {"type": "MultiPolygon", "coordinates": [[[[71.78757372896607, 34.38399930533609], [71.78733448493557, 34.38391865933377], [71.78729816283604, 34.38399287472792], [71.78753741047406, 34.38407343076913], [71.78757372896607, 34.38399930533609]]]]}, "properties": {"id": "8J6H9QMP+HXVX", "height": 4.059620380401611, "hmax": 0.0, "ratio": 0.0, "vulnClass": "none"}}, {"type": "Feature", "geometry": {"type": "MultiPolygon", "coordinates": [[[[71.78734221943725, 34.384120127022086], [71.78724349771021, 34.384089050861306], [71.78722618134132, 34.384126811665844], [71.78732490310408, 34.384157887842605], [71.78734221943725, 34.384120127022086]]]]}, "properties": {"id": "8J6H9QMP+JWVR", "height": 3.692693710327148, "hmax": 0.0, "ratio": 0.0, "vulnClass": "none"}}, {"type": "Feature", "geometry": {"type": "MultiPolygon", "coordinates": [[[[71.78718924591267, 34.38418010031327], [71.78724014310679, 34.38409148638959], [71.78718423879695, 34.38406937694432], [71.78713323639715, 34.384157897946636], [71.78718924591267, 34.38418010031327]]]]}, "properties": {"id": "8J6H9QMP+JVVX", "height": 3.241574764251709, "hmax": 0.0, "ratio": 0.0, "vulnClass": "none"}}, {"type": "Feature", "geometry": {"type": "MultiPolygon", "coordinates": [[[[71.78764741520406, 34.38410227949779], [71.78756992622246, 34.384090238581415], [71.78755202799111, 34.38416881387678], [71.78765210229119, 34.38418442265677], [71.78766216902284, 34.38414007191954], [71.78763958034124, 34.38413659411496], [71.78764741520406, 34.38410227949779]]]]}, "properties": {"id": "8J6H9QMQ+M25F", "height": 4.857931613922119, "hmax": 0.0, "ratio": 0.0, "vulnClass": "none"}}, {"type": "Feature", "geometry": {"type": "MultiPolygon", "coordinates": [[[[71.78756417329127, 34.38411559471756], [71.7875084075659, 34.384106918706244], [71.78749651042968, 34.384159333193814], [71.78755227618775, 34.38416800921239], [71.78756417329127, 34.38411559471756]]]]}, "properties": {"id": "8J6H9QMQ+M22H", "height": 5.159970760345459, "hmax": 0.0, "ratio": 0.0, "vulnClass": "none"}}, {"type": "Feature", "geometry": {"type": "MultiPolygon", "coordinates": [[[[71.78746233745491, 34.384163122004914], [71.78738340837731, 34.3841404075657], [71.7873623518664, 34.38419068855815], [71.78744128098337, 34.384213403013135], [71.78746233745491, 34.384163122004914]]]]}, "properties": {"id": "8J6H9QMP+MXF2", "height": 4.389763832092285, "hmax": 0.0, "ratio": 0.0, "vulnClass": "none"}}, {"type": "Feature", "geometry": {"type": "MultiPolygon", "coordinates": [[[[71.78756818522697, 34.384209707671936], [71.78745981982397, 34.38418063155396], [71.7874343871754, 34.38424584957568], [71.78754275609265, 34.3842748356788], [71.78756818522697, 34.384209707671936]]]]}, "properties": {"id": "8J6H9QMQ+M2R2", "height": 4.628077983856201, "hmax": 0.0, "ratio": 0.0, "vulnClass": "none"}}, {"type": "Feature", "geometry": {"type": "MultiPolygon", "coordinates": [[[[71.78780476973076, 34.38430876039234], [71.78758778611927, 34.384208870778295], [71.7875651909927, 34.3842425271146], [71.78778227982258, 34.384342509666986], [71.78780476973076, 34.38430876039234]]]]}, "properties": {"id": "8J6H9QMQ+P375", "height": 4.389742374420166, "hmax": 0.0, "ratio": 0.0, "vulnClass": "none"}}, {"type": "Feature", "geometry": {"type": "MultiPolygon", "coordinates": [[[[71.78729856212738, 34.38432078488326], [71.78732010414888, 34.38425780807381], [71.78728875083748, 34.38425040445676], [71.78726710018817, 34.38431337840521], [71.78729856212738, 34.38432078488326]]]]}, "properties": {"id": "8J6H9QMP+PW7F", "height": 4.363855838775635, "hmax": 0.0, "ratio": 0.0, "vulnClass": "none"}}, {"type": "Feature", "geometry": {"type": "MultiPolygon", "coordinates": [[[[71.78740452213361, 34.38424785881206], [71.78733700549472, 34.38422805808346], [71.7872822040974, 34.38435622745219], [71.78734960877158, 34.38437611540291], [71.78740452213361, 34.38424785881206]]]]}, "properties": {"id": "8J6H9QMP+PWG5", "height": 4.363855838775635, "hmax": 0.0, "ratio": 0.0, "vulnClass": "none"}}, {"type": "Feature", "geometry": {"type": "MultiPolygon", "coordinates": [[[[71.78729762372643, 34.38421737899331], [71.7871989019074, 34.38418630279139], [71.78715761898474, 34.38427652135494], [71.78725634088914, 34.38430759759496], [71.78729762372643, 34.38421737899331]]]]}, "properties": {"id": "8J6H9QMP+MVXV", "height": 4.464227676391602, "hmax": 0.0, "ratio": 0.0, "vulnClass": "none"}}, {"type": "Feature", "geometry": {"type": "MultiPolygon", "coordinates": [[[[71.78729503826393, 34.38450393031349], [71.78734960877158, 34.38437611540291], [71.78731112333311, 34.384364738816444], [71.78729596686296, 34.38440003270126], [71.78726715622437, 34.38439152418719], [71.78722752145477, 34.384484129514924], [71.78729503826393, 34.38450393031349]]]]}, "properties": {"id": "8J6H9QMP+QWFC", "height": 3.940706014633179, "hmax": 0.0, "ratio": 0.0, "vulnClass": "none"}}, {"type": "Feature", "geometry": {"type": "MultiPolygon", "coordinates": [[[[71.78727513839736, 34.384492681633446], [71.78723198969135, 34.38448100220084], [71.78721187946934, 34.3845321192166], [71.78725502819768, 34.384543798657546], [71.78727513839736, 34.384492681633446]]]]}, "properties": {"id": "8J6H9QMP+RV5H", "height": 3.718758821487427, "hmax": 0.0, "ratio": 0.0, "vulnClass": "none"}}, {"type": "Feature", "geometry": {"type": "MultiPolygon", "coordinates": [[[[71.78739133633218, 34.38449889001309], [71.78733851278751, 34.38448434253669], [71.78730883267086, 34.38455828181863], [71.78736165281202, 34.38457291935142], [71.78739133633218, 34.38449889001309]]]]}, "properties": {"id": "8J6H9QMP+RW92", "height": 3.33985710144043, "hmax": 0.0, "ratio": 0.0, "vulnClass": "none"}}, {"type": "Feature", "geometry": {"type": "MultiPolygon", "coordinates": [[[[71.78742668802748, 34.384424468833636], [71.78735505169455, 34.38441573619473], [71.787343258643, 34.38448248436025], [71.78741489503054, 34.38449121700913], [71.78742668802748, 34.384424468833636]]]]}, "properties": {"id": "8J6H9QMP+QXJ3", "height": 3.762911319732666, "hmax": 0.0, "ratio": 0.0, "vulnClass": "none"}}, {"type": "Feature", "geometry": {"type": "MultiPolygon", "coordinates": [[[[71.7875439287655, 34.38442899196491], [71.78748958284527, 34.38441161046055], [71.78744481121595, 34.38450777627773], [71.78749926579329, 34.38452516065889], [71.7875439287655, 34.38442899196491]]]]}, "properties": {"id": "8J6H9QMP+QXQQ", "height": 3.418081760406494, "hmax": 0.0, "ratio": 0.0, "vulnClass": "none"}}, {"type": "Feature", "geometry": {"type": "MultiPolygon", "coordinates": [[[[71.78749926579329, 34.38452516065889], [71.78744481121595, 34.38450777627773], [71.78742135493974, 34.384558264606746], [71.78747570093584, 34.38457564614566], [71.78749926579329, 34.38452516065889]]]]}, "properties": {"id": "8J6H9QMP+RX8P", "height": 3.307171821594238, "hmax": 0.0, "ratio": 0.0, "vulnClass": "none"}}, {"type": "Feature", "geometry": {"type": "MultiPolygon", "coordinates": [[[[71.78763369558649, 34.384350232240784], [71.7875815825836, 34.38433984960814], [71.78757079994584, 34.3843773315017], [71.78762291641239, 34.38438762409875], [71.78763369558649, 34.384350232240784]]]]}, "properties": {"id": "8J6H9QMQ+P2XF", "height": 5.752288818359375, "hmax": 0.0, "ratio": 0.0, "vulnClass": "none"}}, {"type": "Feature", "geometry": {"type": "MultiPolygon", "coordinates": [[[[71.7875579729701, 34.38436022989961], [71.7875131469796, 34.38434976833613], [71.78749979404971, 34.38438907544606], [71.78754462005875, 34.384399537015476], [71.7875579729701, 34.38436022989961]]]]}, "properties": {"id": "8J6H9QMQ+P2RX", "height": 6.49962854385376, "hmax": 0.0, "ratio": 0.0, "vulnClass": "none"}}, {"type": "Feature", "geometry": {"type": "MultiPolygon", "coordinates": [[[[71.78746634722285, 34.38431131401286], [71.78741471501294, 34.38429688801191], [71.78737273305198, 34.38439970674047], [71.78742436187233, 34.384414222803485], [71.78746634722285, 34.38431131401286]]]]}, "properties": {"id": "8J6H9QMP+PXV7", "height": 4.520684242248535, "hmax": 0.0, "ratio": 0.0, "vulnClass": "none"}}, {"type": "Feature", "geometry": {"type": "MultiPolygon", "coordinates": [[[[71.78759901022497, 34.38429064492889], [71.78755628566668, 34.38427924715414], [71.78752699549985, 34.38435436846034], [71.78756982525535, 34.3843658591426], [71.78759901022497, 34.38429064492889]]]]}, "properties": {"id": "8J6H9QMQ+P2GR", "height": 6.49962854385376, "hmax": 0.0, "ratio": 0.0, "vulnClass": "none"}}, {"type": "Feature", "geometry": {"type": "MultiPolygon", "coordinates": [[[[71.78789673647022, 34.38434876193574], [71.78780514823757, 34.38432445328231], [71.78774528251343, 34.38447988988792], [71.7878367657259, 34.384504105699065], [71.78789673647022, 34.38434876193574]]]]}, "properties": {"id": "8J6H9QMQ+Q48F", "height": 4.475051879882812, "hmax": 0.0, "ratio": 0.0, "vulnClass": "none"}}, {"type": "Feature", "geometry": {"type": "MultiPolygon", "coordinates": [[[[71.7881623452812, 34.38438818827057], [71.78810880613861, 34.38437245061015], [71.788071201038, 34.3844603325797], [71.78817279553081, 34.3844902217232], [71.78819751448637, 34.38443228546469], [71.78814956437525, 34.384418226906895], [71.7881623452812, 34.38438818827057]]]]}, "properties": {"id": "8J6H9QMQ+Q7CF", "height": 4.437807559967041, "hmax": 0.0, "ratio": 0.0, "vulnClass": "none"}}, {"type": "Feature", "geometry": {"type": "MultiPolygon", "coordinates": [[[[71.7880204712456, 34.384408075155946], [71.78793468692092, 34.384376978941155], [71.78791651379574, 34.38441156272291], [71.78800218953964, 34.384442656098244], [71.7880204712456, 34.384408075155946]]]]}, "properties": {"id": "8J6H9QMQ+Q589", "height": 4.450085639953613, "hmax": 0.0, "ratio": 0.0, "vulnClass": "none"}}, {"type": "Feature", "geometry": {"type": "MultiPolygon", "coordinates": [[[[71.7880069689017, 34.38447973574251], [71.78797984958035, 34.384475327767696], [71.78797556678676, 34.38449351200428], [71.78794909566531, 34.38448921118616], [71.78794116947859, 34.38452307276493], [71.78799475994713, 34.38453178156374], [71.7880069689017, 34.38447973574251]]]]}, "properties": {"id": "8J6H9QMQ+R556", "height": 4.370017051696777, "hmax": 0.0, "ratio": 0.0, "vulnClass": "none"}}, {"type": "Feature", "geometry": {"type": "MultiPolygon", "coordinates": [[[[71.78770618490125, 34.38449589742171], [71.78763936059819, 34.3844693551569], [71.78760326535402, 34.38453194959061], [71.78767009313475, 34.384558401835704], [71.78770618490125, 34.38449589742171]]]]}, "properties": {"id": "8J6H9QMQ+R32H", "height": 4.840702056884766, "hmax": 0.0, "ratio": 0.0, "vulnClass": "none"}}, {"type": "Feature", "geometry": {"type": "MultiPolygon", "coordinates": [[[[71.7877684997819, 34.384697267092946], [71.78781159126959, 34.38458816814611], [71.78777619331595, 34.38457849520472], [71.78775922732633, 34.38462131267808], [71.78771069973557, 34.384608140090826], [71.7876844655584, 34.384674418683524], [71.7877684997819, 34.384697267092946]]]]}, "properties": {"id": "8J6H9QMQ+V35Q", "height": 4.969978332519531, "hmax": 0.0, "ratio": 0.0, "vulnClass": "none"}}, {"type": "Feature", "geometry": {"type": "MultiPolygon", "coordinates": [[[[71.78787736999054, 34.384653439546916], [71.78779473390281, 34.384630988479095], [71.7877684997819, 34.384697267092946], [71.78785124453265, 34.38471972103541], [71.78787736999054, 34.384653439546916]]]]}, "properties": {"id": "8J6H9QMQ+V4G3", "height": 4.410082340240479, "hmax": 0.0, "ratio": 0.0, "vulnClass": "none"}}, {"type": "Feature", "geometry": {"type": "MultiPolygon", "coordinates": [[[[71.78795139973516, 34.384585352294906], [71.78780802233904, 34.38455355386356], [71.78779358721992, 34.38459842074668], [71.78793696468445, 34.384630219198776], [71.78795139973516, 34.384585352294906]]]]}, "properties": {"id": "8J6H9QMQ+R4QQ", "height": 4.91521167755127, "hmax": 0.0, "ratio": 0.0, "vulnClass": "none"}}, {"type": "Feature", "geometry": {"type": "MultiPolygon", "coordinates": [[[[71.78813757598444, 34.38457257821425], [71.78803587280181, 34.38454268618325], [71.78800447275071, 34.38461612980128], [71.78810606739928, 34.384646019008905], [71.78813757598444, 34.38457257821425]]]]}, "properties": {"id": "8J6H9QMQ+R6PM", "height": 4.302384853363037, "hmax": 0.0, "ratio": 0.0, "vulnClass": "none"}}, {"type": "Feature", "geometry": {"type": "MultiPolygon", "coordinates": [[[[71.78813502908754, 34.38474727699144], [71.78793403620992, 34.3846926036317], [71.78791633945407, 34.3847374749594], [71.78811733586487, 34.38479205831189], [71.78813502908754, 34.38474727699144]]]]}, "properties": {"id": "8J6H9QMQ+V6RQ", "height": 5.173242092132568, "hmax": 0.0, "ratio": 0.0, "vulnClass": "none"}}, {"type": "Feature", "geometry": {"type": "MultiPolygon", "coordinates": [[[[71.78767091676092, 34.38472453648709], [71.78755528838897, 34.38470626566384], [71.78752740224452, 34.3848271207055], [71.78764313938038, 34.384845394417894], [71.78767091676092, 34.38472453648709]]]]}, "properties": {"id": "8J6H9QMQ+W292", "height": 5.634556770324707, "hmax": 0.0, "ratio": 0.0, "vulnClass": "none"}}, {"type": "Feature", "geometry": {"type": "MultiPolygon", "coordinates": [[[[71.78768581556453, 34.384562330130734], [71.78756653384711, 34.38453440934595], [71.78753003771305, 34.38464160848607], [71.78764932300736, 34.38466943927256], [71.78766034386759, 34.38463710114907], [71.78762586141714, 34.38462907459499], [71.7876325956248, 34.38460933241913], [71.7876670780681, 34.384617358970885], [71.78768581556453, 34.384562330130734]]]]}, "properties": {"id": "8J6H9QMQ+R2X3", "height": 4.840702056884766, "hmax": 0.0, "ratio": 0.0, "vulnClass": "none"}}, {"type": "Feature", "geometry": {"type": "MultiPolygon", "coordinates": [[[[71.78735289197738, 34.38463713338094], [71.78729263547528, 34.38463500899763], [71.78728514124697, 34.38478551247997], [71.787345404742, 34.38478745679027], [71.78735289197738, 34.38463713338094]]]]}, "properties": {"id": "8J6H9QMP+VWPC", "height": 5.717578411102295, "hmax": 0.0, "ratio": 0.0, "vulnClass": "none"}}, {"type": "Feature", "geometry": {"type": "MultiPolygon", "coordinates": [[[[71.7872644813658, 34.38481119787691], [71.78724612073964, 34.384765379017416], [71.78715042170607, 34.384791706050926], [71.78716877884035, 34.384837614963374], [71.7872644813658, 34.38481119787691]]]]}, "properties": {"id": "8J6H9QMP+WVG4", "height": 4.753156185150146, "hmax": 0.0, "ratio": 0.0, "vulnClass": "none"}}, {"type": "Feature", "geometry": {"type": "MultiPolygon", "coordinates": [[[[71.78713532843712, 34.384754265179204], [71.78712302484878, 34.38472347724977], [71.78700227407009, 34.38475671681541], [71.78704802790818, 34.38487085456552], [71.78715988176545, 34.384839994951726], [71.78712653653504, 34.38475673806141], [71.78713532843712, 34.384754265179204]]]]}, "properties": {"id": "8J6H9QMP+WR8W", "height": 4.633399963378906, "hmax": 0.0, "ratio": 0.0, "vulnClass": "none"}}, {"type": "Feature", "geometry": {"type": "MultiPolygon", "coordinates": [[[[71.78680537812417, 34.38459777664158], [71.78673432954113, 34.384587887370756], [71.78672345937007, 34.384641860999], [71.78679504759035, 34.38465185459372], [71.78680537812417, 34.38459777664158]]]]}, "properties": {"id": "8J6H9QMP+RPRM", "height": 4.411163806915283, "hmax": 0.0, "ratio": 0.0, "vulnClass": "none"}}, {"type": "Feature", "geometry": {"type": "MultiPolygon", "coordinates": [[[[71.78699718795015, 34.384579834610115], [71.78696595909616, 34.38458054604364], [71.78696703472558, 34.3846121204566], [71.78699826359134, 34.38461140902347], [71.78699718795015, 34.384579834610115]]]]}, "properties": {"id": "8J6H9QMP+RQQV", "height": 3.640625715255737, "hmax": 0.0, "ratio": 0.0, "vulnClass": "none"}}, {"type": "Feature", "geometry": {"type": "MultiPolygon", "coordinates": [[[[71.78708196803866, 34.384728166603836], [71.78703006796407, 34.38463829304979], [71.78694396307328, 34.384672443162614], [71.7869958630708, 34.38476231674884], [71.78708196803866, 34.384728166603836]]]]}, "properties": {"id": "8J6H9QMP+VRJ3", "height": 4.285828590393066, "hmax": 0.0, "ratio": 0.0, "vulnClass": "none"}}, {"type": "Feature", "geometry": {"type": "MultiPolygon", "coordinates": [[[[71.78698620848695, 34.384517264933855], [71.78691665576204, 34.38449668939915], [71.78690054416111, 34.384534211419556], [71.78697010035489, 34.38455469692354], [71.78698620848695, 34.384517264933855]]]]}, "properties": {"id": "8J6H9QMP+RQ82", "height": 5.758471488952637, "hmax": 0.0, "ratio": 0.0, "vulnClass": "none"}}, {"type": "Feature", "geometry": {"type": "MultiPolygon", "coordinates": [[[[71.78720122478775, 34.38438997167435], [71.78710800734541, 34.384359941377305], [71.78706444190335, 34.384452984130384], [71.787183863509, 34.384491454500356], [71.78719996996647, 34.38445690665385], [71.78717376589407, 34.38444846662266], [71.78720122478775, 34.38438997167435]]]]}, "properties": {"id": "8J6H9QMP+QVC3", "height": 4.593494415283203, "hmax": 0.0, "ratio": 0.0, "vulnClass": "none"}}, {"type": "Feature", "geometry": {"type": "MultiPolygon", "coordinates": [[[[71.78722940069801, 34.38432978305757], [71.78713629191596, 34.38429975563942], [71.78710811595252, 34.384359944231775], [71.78720122823069, 34.38438988163299], [71.78722940069801, 34.38432978305757]]]]}, "properties": {"id": "8J6H9QMP+PVMM", "height": 4.865365982055664, "hmax": 0.0, "ratio": 0.0, "vulnClass": "none"}}, {"type": "Feature", "geometry": {"type": "MultiPolygon", "coordinates": [[[[71.78706789307675, 34.384385475959036], [71.78699293575524, 34.38436124328035], [71.78696499754099, 34.38442089729337], [71.78692741199092, 34.38440873305261], [71.78691120027113, 34.38444318796162], [71.78702374666499, 34.384479494876224], [71.78706789307675, 34.384385475959036]]]]}, "properties": {"id": "8J6H9QMP+QQ9X", "height": 7.073435306549072, "hmax": 0.0, "ratio": 0.0, "vulnClass": "none"}}, {"type": "Feature", "geometry": {"type": "MultiPolygon", "coordinates": [[[[71.78683435357176, 34.38445414707011], [71.78677934639576, 34.384448374877785], [71.78675642904481, 34.384598472901445], [71.7868114363159, 34.3846042451094], [71.78683435357176, 34.38445414707011]]]]}, "properties": {"id": "8J6H9QMP+RP73", "height": 5.956450939178467, "hmax": 0.0, "ratio": 0.0, "vulnClass": "none"}}, {"type": "Feature", "geometry": {"type": "MultiPolygon", "coordinates": [[[[71.78675534354787, 34.38450461713758], [71.78663809592183, 34.38450027332826], [71.78663516437018, 34.38455418522994], [71.78675241207091, 34.384558529046274], [71.78675534354787, 34.38450461713758]]]]}, "properties": {"id": "8J6H9QMP+RM82", "height": 5.776939868927002, "hmax": 0.0, "ratio": 0.0, "vulnClass": "none"}}, {"type": "Feature", "geometry": {"type": "MultiPolygon", "coordinates": [[[[71.78663399825184, 34.38450223864705], [71.78657389526789, 34.384498946233485], [71.7865702582567, 34.384545719174184], [71.78663036127372, 34.3845490115914], [71.78663399825184, 34.38450223864705]]]]}, "properties": {"id": "8J6H9QMP+RJ5V", "height": 5.772343635559082, "hmax": 0.0, "ratio": 0.0, "vulnClass": "none"}}, {"type": "Feature", "geometry": {"type": "MultiPolygon", "coordinates": [[[[71.78643595853842, 34.38448693796167], [71.78638130845239, 34.384486042095055], [71.78637973747985, 34.38455269833917], [71.78643438760915, 34.38455359420893], [71.78643595853842, 34.38448693796167]]]]}, "properties": {"id": "8J6H9QMP+RH3J", "height": 4.630317687988281, "hmax": 0.0, "ratio": 0.0, "vulnClass": "none"}}, {"type": "Feature", "geometry": {"type": "MultiPolygon", "coordinates": [[[[71.78663857082442, 34.38444521526776], [71.78657835582997, 34.38444201004506], [71.78657389526789, 34.384498946233485], [71.78663399825184, 34.38450223864705], [71.78663857082442, 34.38444521526776]]]]}, "properties": {"id": "8J6H9QMP+QJQV", "height": 6.835415363311768, "hmax": 0.0, "ratio": 0.0, "vulnClass": "none"}}, {"type": "Feature", "geometry": {"type": "MultiPolygon", "coordinates": [[[[71.78636332467939, 34.38449007591771], [71.78631740449727, 34.38448832793786], [71.78631447274131, 34.38454223982038], [71.78636039639653, 34.3845438977617], [71.78636332467939, 34.38449007591771]]]]}, "properties": {"id": "8J6H9QMP+RG4Q", "height": 4.356057643890381, "hmax": 0.0, "ratio": 0.0, "vulnClass": "none"}}, {"type": "Feature", "geometry": {"type": "MultiPolygon", "coordinates": [[[[71.7863212094814, 34.38457360252993], [71.78626012900577, 34.384570284263134], [71.78625689844773, 34.38461211062474], [71.78625438632146, 34.38464368084703], [71.78631546684981, 34.38464699911965], [71.7863212094814, 34.38457360252993]]]]}, "properties": {"id": "8J6H9QMP+RGV6", "height": 4.947504043579102, "hmax": 0.0, "ratio": 0.0, "vulnClass": "none"}}, {"type": "Feature", "geometry": {"type": "MultiPolygon", "coordinates": [[[[71.78630705032825, 34.38463965744341], [71.78615129772427, 34.38465286804249], [71.7861570989809, 34.384700159494436], [71.78631296372431, 34.384686861706854], [71.78630705032825, 34.38463965744341]]]]}, "properties": {"id": "8J6H9QMP+VF9M", "height": 4.099908828735352, "hmax": 0.0, "ratio": 0.0, "vulnClass": "none"}}, {"type": "Feature", "geometry": {"type": "MultiPolygon", "coordinates": [[[[71.78640557898738, 34.38462746602386], [71.78635929502343, 34.38462669994425], [71.78635798895003, 34.38468074469664], [71.7864042729437, 34.38468151077841], [71.78640557898738, 34.38462746602386]]]]}, "properties": {"id": "8J6H9QMP+VH62", "height": 4.055485248565674, "hmax": 0.0, "ratio": 0.0, "vulnClass": "none"}}, {"type": "Feature", "geometry": {"type": "MultiPolygon", "coordinates": [[[[71.78636970873492, 34.38457613936456], [71.7863212094814, 34.38457360252993], [71.78631271871059, 34.38468189801607], [71.78636121802589, 34.38468443485754], [71.78636970873492, 34.38457613936456]]]]}, "properties": {"id": "8J6H9QMP+VG45", "height": 4.755666732788086, "hmax": 0.0, "ratio": 0.0, "vulnClass": "none"}}, {"type": "Feature", "geometry": {"type": "MultiPolygon", "coordinates": [[[[71.78636039639653, 34.3845438977617], [71.78631447274131, 34.38454223982038], [71.78631267267717, 34.384575090609665], [71.78635859290637, 34.38457683859394], [71.78636039639653, 34.3845438977617]]]]}, "properties": {"id": "8J6H9QMP+RGG9", "height": 4.755666732788086, "hmax": 0.0, "ratio": 0.0, "vulnClass": "none"}}, {"type": "Feature", "geometry": {"type": "MultiPolygon", "coordinates": [[[[71.78651622903853, 34.384551329178585], [71.78642845527756, 34.38454667837285], [71.78642590533778, 34.38457923905682], [71.78651367913236, 34.38458388986627], [71.78651622903853, 34.384551329178585]]]]}, "properties": {"id": "8J6H9QMP+RHHJ", "height": 4.660348892211914, "hmax": 0.0, "ratio": 0.0, "vulnClass": "none"}}, {"type": "Feature", "geometry": {"type": "MultiPolygon", "coordinates": [[[[71.78665748555277, 34.384550445645274], [71.7865702582567, 34.384545719174184], [71.78656131298426, 34.384660221835695], [71.78664854039776, 34.38466494831976], [71.7866523273062, 34.38461709773458], [71.78668227195688, 34.38461869605264], [71.78668433599093, 34.38459315287019], [71.78665428618542, 34.38459146165695], [71.78665748555277, 34.384550445645274]]]]}, "properties": {"id": "8J6H9QMP+RJX8", "height": 5.321505546569824, "hmax": 0.0, "ratio": 0.0, "vulnClass": "none"}}, {"type": "Feature", "geometry": {"type": "MultiPolygon", "coordinates": [[[[71.78656499133439, 34.384612368401], [71.78651161160336, 34.384609523084244], [71.78650668237162, 34.38467302656999], [71.78656005869885, 34.38467596193243], [71.78656499133439, 34.384612368401]]]]}, "properties": {"id": "8J6H9QMP+VJ3J", "height": 4.183956146240234, "hmax": 0.0, "ratio": 0.0, "vulnClass": "none"}}, {"type": "Feature", "geometry": {"type": "MultiPolygon", "coordinates": [[[[71.78649664100463, 34.38460867888473], [71.78642384122612, 34.38460478223054], [71.78641890848502, 34.38466837575034], [71.78649170831798, 34.38467227241053], [71.78649664100463, 34.38460867888473]]]]}, "properties": {"id": "8J6H9QMP+VH4G", "height": 3.640163898468018, "hmax": 0.0, "ratio": 0.0, "vulnClass": "none"}}, {"type": "Feature", "geometry": {"type": "MultiPolygon", "coordinates": [[[[71.78640624658021, 34.3845986413932], [71.78637864998281, 34.38459818631643], [71.78637798238054, 34.38462701094641], [71.78640557898738, 34.38462746602386], [71.78640624658021, 34.3845986413932]]]]}, "properties": {"id": "8J6H9QMP+RHRG", "height": 4.054959297180176, "hmax": 0.0, "ratio": 0.0, "vulnClass": "none"}}, {"type": "Feature", "geometry": {"type": "MultiPolygon", "coordinates": [[[[71.78616916080398, 34.38452408865862], [71.78612945188944, 34.3845219631124], [71.78612418462166, 34.38458861230083], [71.7861638935673, 34.38459073785051], [71.78616916080398, 34.38452408865862]]]]}, "properties": {"id": "8J6H9QMP+RFC8", "height": 3.615562915802002, "hmax": 0.0, "ratio": 0.0, "vulnClass": "none"}}, {"type": "Feature", "geometry": {"type": "MultiPolygon", "coordinates": [[[[71.7860276122887, 34.3846349247489], [71.78598637938221, 34.38463284921843], [71.78598360883247, 34.3846711725226], [71.7860248417576, 34.38467324805506], [71.7860276122887, 34.3846349247489]]]]}, "properties": {"id": "8J6H9QMP+VC62", "height": 4.390666007995605, "hmax": 0.0, "ratio": 0.0, "vulnClass": "none"}}, {"type": "Feature", "geometry": {"type": "MultiPolygon", "coordinates": [[[[71.78582338022974, 34.384531401491415], [71.7857769135725, 34.3845297290708], [71.78577222435138, 34.384618205328564], [71.78581868761277, 34.38461996779492], [71.78582338022974, 34.384531401491415]]]]}, "properties": {"id": "8J6H9QMP+R8FW", "height": 4.265276908874512, "hmax": 0.0, "ratio": 0.0, "vulnClass": "none"}}, {"type": "Feature", "geometry": {"type": "MultiPolygon", "coordinates": [[[[71.78590781707005, 34.384731280602374], [71.78591648732011, 34.38456999238211], [71.7858214938636, 34.384566503293485], [71.78581293203992, 34.38472779435248], [71.78590781707005, 34.384731280602374]]]]}, "properties": {"id": "8J6H9QMP+V85W", "height": 3.974671840667725, "hmax": 0.0, "ratio": 0.0, "vulnClass": "none"}}, {"type": "Feature", "geometry": {"type": "MultiPolygon", "coordinates": [[[[71.78573874814526, 34.3845895645232], [71.78569456221265, 34.384587952039226], [71.78568945427575, 34.3846845291419], [71.78573364025883, 34.38468614163055], [71.78573874814526, 34.3845895645232]]]]}, "properties": {"id": "8J6H9QMP+V74H", "height": 3.925570964813232, "hmax": 0.0, "ratio": 0.0, "vulnClass": "none"}}, {"type": "Feature", "geometry": {"type": "MultiPolygon", "coordinates": [[[[71.78581043287913, 34.384741969464805], [71.78580139060566, 34.38468846382321], [71.78547847828844, 34.3847260302934], [71.7854875203562, 34.38477953594729], [71.78581043287913, 34.384741969464805]]]]}, "properties": {"id": "8J6H9QMP+V7R8", "height": 2.57920241355896, "hmax": 0.0, "ratio": 0.0, "vulnClass": "none"}}, {"type": "Feature", "geometry": {"type": "MultiPolygon", "coordinates": [[[[71.78542844109158, 34.384561936505484], [71.78534094848096, 34.38455846402419], [71.78533600187504, 34.38464513084702], [71.78552466836557, 34.384652525649145], [71.78552810214134, 34.3845940302814], [71.78546080009876, 34.38459135920078], [71.78546413908504, 34.38453250081594], [71.78543027087557, 34.38453115955211], [71.78542844109158, 34.384561936505484]]]]}, "properties": {"id": "8J6H9QMP+R5V4", "height": 3.240422964096069, "hmax": 0.0, "ratio": 0.0, "vulnClass": "none"}}, {"type": "Feature", "geometry": {"type": "MultiPolygon", "coordinates": [[[[71.78569776993498, 34.38452683689677], [71.78564251299501, 34.38452475302829], [71.78563919662552, 34.38458586531126], [71.78569456221265, 34.384587952039226], [71.78569776993498, 34.38452683689677]]]]}, "properties": {"id": "8J6H9QMP+R7F7", "height": 3.689722299575806, "hmax": 0.0, "ratio": 0.0, "vulnClass": "none"}}, {"type": "Feature", "geometry": {"type": "MultiPolygon", "coordinates": [[[[71.78548995667134, 34.38448568026264], [71.78543296550257, 34.384483460565306], [71.78543027087557, 34.38453115955211], [71.78548726207646, 34.38453337925252], [71.78548995667134, 34.38448568026264]]]]}, "properties": {"id": "8J6H9QMP+R548", "height": 2.620915651321411, "hmax": 0.0, "ratio": 0.0, "vulnClass": "none"}}, {"type": "Feature", "geometry": {"type": "MultiPolygon", "coordinates": [[[[71.78550155165341, 34.384381522420504], [71.78540810813799, 34.38437446850179], [71.78539924125181, 34.384455624334706], [71.78549268830054, 34.38446258822395], [71.78550155165341, 34.384381522420504]]]]}, "properties": {"id": "8J6H9QMP+Q58M", "height": 2.826560020446777, "hmax": 0.0, "ratio": 0.0, "vulnClass": "none"}}, {"type": "Feature", "geometry": {"type": "MultiPolygon", "coordinates": [[[[71.78561927837627, 34.384390386504094], [71.78550155165341, 34.384381522420504], [71.78549268830054, 34.38446258822395], [71.78561052374187, 34.384471455178144], [71.78561927837627, 34.384390386504094]]]]}, "properties": {"id": "8J6H9QMP+Q6F5", "height": 3.066628456115723, "hmax": 0.0, "ratio": 0.0, "vulnClass": "none"}}, {"type": "Feature", "geometry": {"type": "MultiPolygon", "coordinates": [[[[71.78570112510172, 34.38439650441318], [71.78561927837627, 34.384390386504094], [71.78561052374187, 34.384471455178144], [71.78569226193765, 34.384477570241714], [71.78570112510172, 34.38439650441318]]]]}, "properties": {"id": "8J6H9QMP+Q7C9", "height": 2.991508007049561, "hmax": 0.0, "ratio": 0.0, "vulnClass": "none"}}, {"type": "Feature", "geometry": {"type": "MultiPolygon", "coordinates": [[[[71.78590636071726, 34.384385676994576], [71.78582639151101, 34.384384475705986], [71.78582541394547, 34.38442708234316], [71.78590549524361, 34.38442819644897], [71.78590636071726, 34.384385676994576]]]]}, "properties": {"id": "8J6H9QMP+Q898", "height": 3.843473672866821, "hmax": 0.0, "ratio": 0.0, "vulnClass": "none"}}, {"type": "Feature", "geometry": {"type": "MultiPolygon", "coordinates": [[[[71.7858098766761, 34.38443821068993], [71.78576121726266, 34.38443702140108], [71.78575960889661, 34.38448474896274], [71.78580826833758, 34.384485938253796], [71.7858098766761, 34.38443821068993]]]]}, "properties": {"id": "8J6H9QMP+Q8MC", "height": 4.173573017120361, "hmax": 0.0, "ratio": 0.0, "vulnClass": "none"}}, {"type": "Feature", "geometry": {"type": "MultiPolygon", "coordinates": [[[[71.78598505873092, 34.38449968982565], [71.78581907760008, 34.384493252743724], [71.78581526859186, 34.38456156262624], [71.78598114124938, 34.38456799686537], [71.78598505873092, 34.38449968982565]]]]}, "properties": {"id": "8J6H9QMP+R969", "height": 4.54611873626709, "hmax": 0.0, "ratio": 0.0, "vulnClass": "none"}}, {"type": "Feature", "geometry": {"type": "MultiPolygon", "coordinates": [[[[71.7860218593488, 34.384458475689556], [71.78598153327266, 34.38445543255205], [71.78597807458672, 34.38448616669327], [71.78601850928447, 34.38448921268817], [71.7860218593488, 34.384458475689556]]]]}, "properties": {"id": "8J6H9QMP+Q9QX", "height": 3.495722770690918, "hmax": 0.0, "ratio": 0.0, "vulnClass": "none"}}, {"type": "Feature", "geometry": {"type": "MultiPolygon", "coordinates": [[[[71.78613755000032, 34.38441825404267], [71.7860619300807, 34.38441419290286], [71.78605516202472, 34.38450018096819], [71.78613077857669, 34.38450433215773], [71.78613755000032, 34.38441825404267]]]]}, "properties": {"id": "8J6H9QMP+QCQ6", "height": 3.706018209457397, "hmax": 0.0, "ratio": 0.0, "vulnClass": "none"}}, {"type": "Feature", "geometry": {"type": "MultiPolygon", "coordinates": [[[[71.78600757580594, 34.38439419670499], [71.78591200850423, 34.38439150379163], [71.78591056349988, 34.384426436937666], [71.78596127611587, 34.384427950544854], [71.78596020655634, 34.384453069196745], [71.78600505785074, 34.38445433854865], [71.78600757580594, 34.38439419670499]]]]}, "properties": {"id": "8J6H9QMP+Q98Q", "height": 3.833761930465698, "hmax": 0.0, "ratio": 0.0, "vulnClass": "none"}}, {"type": "Feature", "geometry": {"type": "MultiPolygon", "coordinates": [[[[71.78605305829149, 34.38398105658347], [71.78592937434503, 34.38393183752162], [71.78587001033101, 34.38403428880821], [71.78599369438379, 34.38408350793599], [71.78605305829149, 34.38398105658347]]]]}, "properties": {"id": "8J6H9QMP+J949", "height": 4.182031631469727, "hmax": 0.0, "ratio": 0.0, "vulnClass": "none"}}, {"type": "Feature", "geometry": {"type": "MultiPolygon", "coordinates": [[[[71.78613425489482, 34.38386773244693], [71.78595781388563, 34.3838079329618], [71.78590973106992, 34.3839053630986], [71.7860862808448, 34.383965165517324], [71.78613425489482, 34.38386773244693]]]]}, "properties": {"id": "8J6H9QMP+HC2G", "height": 5.384000301361084, "hmax": 0.0, "ratio": 0.0, "vulnClass": "none"}}, {"type": "Feature", "geometry": {"type": "MultiPolygon", "coordinates": [[[[71.78628227726085, 34.38384341265416], [71.78622818096405, 34.38384226089456], [71.78622633367266, 34.38389908550602], [71.78628053861236, 34.383900240123644], [71.78628227726085, 34.38384341265416]]]]}, "properties": {"id": "8J6H9QMP+GGRR", "height": 3.740495681762695, "hmax": 0.0, "ratio": 0.0, "vulnClass": "none"}}, {"type": "Feature", "geometry": {"type": "MultiPolygon", "coordinates": [[[[71.78624903266328, 34.383905360555296], [71.78619919608666, 34.383903689844345], [71.78619599752095, 34.383967419079234], [71.78624594274166, 34.38396909264881], [71.78624903266328, 34.383905360555296]]]]}, "properties": {"id": "8J6H9QMP+HFHC", "height": 3.540560007095337, "hmax": 0.0, "ratio": 0.0, "vulnClass": "none"}}, {"type": "Feature", "geometry": {"type": "MultiPolygon", "coordinates": [[[[71.78629633372438, 34.383993220739086], [71.78630060350281, 34.38390716696972], [71.78624903266328, 34.383905360555296], [71.78624475938845, 34.38399150436117], [71.78629633372438, 34.383993220739086]]]]}, "properties": {"id": "8J6H9QMP+HGCW", "height": 3.62277889251709, "hmax": 0.0, "ratio": 0.0, "vulnClass": "none"}}, {"type": "Feature", "geometry": {"type": "MultiPolygon", "coordinates": [[[[71.78673199790752, 34.3839012018125], [71.78655884449059, 34.38389187328991], [71.78655491110982, 34.38394071147526], [71.78672817323273, 34.38395004286377], [71.78673199790752, 34.3839012018125]]]]}, "properties": {"id": "8J6H9QMP+HM6W", "height": 4.624715328216553, "hmax": 0.0, "ratio": 0.0, "vulnClass": "none"}}, {"type": "Feature", "geometry": {"type": "MultiPolygon", "coordinates": [[[[71.78654805482164, 34.38386130536936], [71.7865073218555, 34.38385185235822], [71.78648843386773, 34.38390795862901], [71.78652905825145, 34.383917408792854], [71.78654805482164, 34.38386130536936]]]]}, "properties": {"id": "8J6H9QMP+HJ28", "height": 4.673006534576416, "hmax": 0.0, "ratio": 0.0, "vulnClass": "none"}}, {"type": "Feature", "geometry": {"type": "MultiPolygon", "coordinates": [[[[71.78644554282087, 34.38386681259651], [71.78639198634639, 34.38387144353641], [71.7863973254884, 34.38391376558518], [71.78645088198998, 34.383909134644455], [71.78644554282087, 34.38386681259651]]]]}, "properties": {"id": "8J6H9QMP+HH3M", "height": 4.31024169921875, "hmax": 0.0, "ratio": 0.0, "vulnClass": "none"}}, {"type": "Feature", "geometry": {"type": "MultiPolygon", "coordinates": [[[[71.78657758576675, 34.38394193844242], [71.78645271397815, 34.383935140768244], [71.7864476830642, 34.38399846131962], [71.78654999232212, 34.38400394484875], [71.78655152048763, 34.38398388562254], [71.78657419515608, 34.38398511259097], [71.78657758576675, 34.38394193844242]]]]}, "properties": {"id": "8J6H9QMP+HJJM", "height": 4.420164585113525, "hmax": 0.0, "ratio": 0.0, "vulnClass": "none"}}, {"type": "Feature", "geometry": {"type": "MultiPolygon", "coordinates": [[[[71.78667327844549, 34.383944183455704], [71.78661900114417, 34.38394491987804], [71.7866194454038, 34.38397025859964], [71.78667371927807, 34.383969612219325], [71.78667327844549, 34.383944183455704]]]]}, "properties": {"id": "8J6H9QMP+HMJ8", "height": 4.624715328216553, "hmax": 0.0, "ratio": 0.0, "vulnClass": "none"}}, {"type": "Feature", "geometry": {"type": "MultiPolygon", "coordinates": [[[[71.78654999232212, 34.38400394484875], [71.7864476830642, 34.38399846131962], [71.78644154778056, 34.384076444325416], [71.7865438571323, 34.38408192786495], [71.78654999232212, 34.38400394484875]]]]}, "properties": {"id": "8J6H9QMP+JH9Q", "height": 3.885501384735107, "hmax": 0.0, "ratio": 0.0, "vulnClass": "none"}}, {"type": "Feature", "geometry": {"type": "MultiPolygon", "coordinates": [[[[71.78641353212942, 34.38399314710264], [71.78634659764434, 34.38398940460527], [71.78634224717695, 34.38404345946019], [71.78640918170457, 34.38404720196234], [71.78641353212942, 34.38399314710264]]]]}, "properties": {"id": "8J6H9QMP+JH2J", "height": 3.697651386260986, "hmax": 0.0, "ratio": 0.0, "vulnClass": "none"}}, {"type": "Feature", "geometry": {"type": "MultiPolygon", "coordinates": [[[[71.78645510275312, 34.384299065724754], [71.78630018297157, 34.384262095006854], [71.78628625891575, 34.3843021080077], [71.78644117876213, 34.38433907874687], [71.78645510275312, 34.384299065724754]]]]}, "properties": {"id": "8J6H9QMP+PGH5", "height": 3.358481168746948, "hmax": 0.0, "ratio": 0.0, "vulnClass": "none"}}, {"type": "Feature", "geometry": {"type": "MultiPolygon", "coordinates": [[[[71.78652039199343, 34.38409852621184], [71.78647470592531, 34.384084977183065], [71.78641016764509, 34.384234611933046], [71.7865947413823, 34.38428930680203], [71.78661156324259, 34.384250271252945], [71.78647278430066, 34.384209128317714], [71.78652039199343, 34.38409852621184]]]]}, "properties": {"id": "8J6H9QMP+MHQ5", "height": 3.643212080001831, "hmax": 0.0, "ratio": 0.0, "vulnClass": "none"}}, {"type": "Feature", "geometry": {"type": "MultiPolygon", "coordinates": [[[[71.78667665055684, 34.384089113944036], [71.7865665318269, 34.384083154836254], [71.78656395097697, 34.38411652590073], [71.78667407319358, 34.38412239497193], [71.78667665055684, 34.384089113944036]]]]}, "properties": {"id": "8J6H9QMP+JJX5", "height": 3.770130395889282, "hmax": 0.0, "ratio": 0.0, "vulnClass": "none"}}, {"type": "Feature", "geometry": {"type": "MultiPolygon", "coordinates": [[[[71.78700733844536, 34.38418361145377], [71.78692692757558, 34.38413994718978], [71.78678686481635, 34.38431716029455], [71.7869380980959, 34.38439936981966], [71.78698664913652, 34.38433800429618], [71.78691571822647, 34.384299456306486], [71.78700733844536, 34.38418361145377]]]]}, "properties": {"id": "8J6H9QMP+PQ2X", "height": 4.864593982696533, "hmax": 0.0, "ratio": 0.0, "vulnClass": "none"}}, {"type": "Feature", "geometry": {"type": "MultiPolygon", "coordinates": [[[[71.78682207074438, 34.38424940522674], [71.78676859024434, 34.38422645798236], [71.78674496410041, 34.38426432325191], [71.78679833600945, 34.384287267652766], [71.78682207074438, 34.38424940522674]]]]}, "properties": {"id": "8J6H9QMP+PP36", "height": 4.035935878753662, "hmax": 0.0, "ratio": 0.0, "vulnClass": "none"}}, {"type": "Feature", "geometry": {"type": "MultiPolygon", "coordinates": [[[[71.78712069974347, 34.38431232482587], [71.78696817621405, 34.38424964022194], [71.78693600894687, 34.38430332450541], [71.7870885291002, 34.38436609919454], [71.78712069974347, 34.38431232482587]]]]}, "properties": {"id": "8J6H9QMP+PRC9", "height": 4.865365982055664, "hmax": 0.0, "ratio": 0.0, "vulnClass": "none"}}, {"type": "Feature", "geometry": {"type": "MultiPolygon", "coordinates": [[[[71.78714200187922, 34.384210134395815], [71.7870863751406, 34.38418929404529], [71.78706251846135, 34.38423319215533], [71.78711814522136, 34.384254032517894], [71.78714200187922, 34.384210134395815]]]]}, "properties": {"id": "8J6H9QMP+MRQV", "height": 4.24888801574707, "hmax": 0.0, "ratio": 0.0, "vulnClass": "none"}}, {"type": "Feature", "geometry": {"type": "MultiPolygon", "coordinates": [[[[71.78703648505584, 34.38422313420943], [71.78710797383638, 34.384184543935326], [71.78708495799313, 34.38415527709501], [71.78701346578602, 34.38419395739793], [71.78703648505584, 34.38422313420943]]]]}, "properties": {"id": "8J6H9QMP+MRFH", "height": 3.976378679275513, "hmax": 0.0, "ratio": 0.0, "vulnClass": "none"}}, {"type": "Feature", "geometry": {"type": "MultiPolygon", "coordinates": [[[[71.78699527234082, 34.384109656604764], [71.78696318906742, 34.38415261741743], [71.78703291989311, 34.38418842987999], [71.7870650031475, 34.384145469047965], [71.78699527234082, 34.384109656604764]]]]}, "properties": {"id": "8J6H9QMP+MR2V", "height": 4.875717639923096, "hmax": 0.0, "ratio": 0.0, "vulnClass": "none"}}, {"type": "Feature", "geometry": {"type": "MultiPolygon", "coordinates": [[[[71.78671530235873, 34.38408760624625], [71.78677598251988, 34.38391659878895], [71.7867318188518, 34.3839058839612], [71.78671635233646, 34.38394928148607], [71.78668619387585, 34.38394190912607], [71.78664087494813, 34.38406942612264], [71.78671530235873, 34.38408760624625]]]]}, "properties": {"id": "8J6H9QMP+JM44", "height": 4.358386039733887, "hmax": 0.0, "ratio": 0.0, "vulnClass": "none"}}, {"type": "Feature", "geometry": {"type": "MultiPolygon", "coordinates": [[[[71.78675167714034, 34.38381302936438], [71.78670310040751, 34.38380400116593], [71.78667904932112, 34.383892779741586], [71.7867276261012, 34.383901807952235], [71.78675167714034, 34.38381302936438]]]]}, "properties": {"id": "8J6H9QMP+GMW5", "height": 4.150824546813965, "hmax": 0.0, "ratio": 0.0, "vulnClass": "none"}}, {"type": "Feature", "geometry": {"type": "MultiPolygon", "coordinates": [[[[71.7871332376359, 34.38389345114997], [71.78710329322521, 34.383891852956395], [71.78710108819035, 34.38392108785203], [71.7871309240048, 34.3839226831923], [71.7871332376359, 34.38389345114997]]]]}, "properties": {"id": "8J6H9QMP+HR98", "height": 3.434805870056152, "hmax": 0.0, "ratio": 0.0, "vulnClass": "none"}}, {"type": "Feature", "geometry": {"type": "MultiPolygon", "coordinates": [[[[71.78714043516695, 34.383801886097416], [71.78682624165758, 34.38378497538668], [71.78681993961375, 34.38386448628235], [71.78713413341684, 34.383881397025775], [71.78714043516695, 34.383801886097416]]]]}, "properties": {"id": "8J6H9QMP+GQQ7", "height": 2.917996883392334, "hmax": 0.0, "ratio": 0.0, "vulnClass": "none"}}, {"type": "Feature", "geometry": {"type": "MultiPolygon", "coordinates": [[[[71.78682634682065, 34.38378506828269], [71.78676390636039, 34.38377468425496], [71.78675448368926, 34.38381355379433], [71.78681681212682, 34.38382402501504], [71.78682634682065, 34.38378506828269]]]]}, "properties": {"id": "8J6H9QMP+GP7V", "height": 2.460072994232178, "hmax": 0.0, "ratio": 0.0, "vulnClass": "none"}}, {"type": "Feature", "geometry": {"type": "MultiPolygon", "coordinates": [[[[71.78658494885337, 34.38376646506128], [71.78658183057007, 34.38380820426054], [71.78668881313214, 34.383813720380054], [71.78669203652578, 34.38377207407123], [71.78658494885337, 34.38376646506128]]]]}, "properties": {"id": "8J6H9QMP+GM6M", "height": 4.19896411895752, "hmax": 0.0, "ratio": 0.0, "vulnClass": "none"}}, {"type": "Feature", "geometry": {"type": "MultiPolygon", "coordinates": [[[[71.78701225180308, 34.38298327455966], [71.78697082546283, 34.38289529864902], [71.78687836446534, 34.38292513565145], [71.78691978727521, 34.38301320162982], [71.78701225180308, 34.38298327455966]]]]}, "properties": {"id": "8J6H9QMP+5QP2", "height": 4.382753372192383, "hmax": 0.0, "ratio": 0.0, "vulnClass": "none"}}, {"type": "Feature", "geometry": {"type": "MultiPolygon", "coordinates": [[[[71.78716214593071, 34.38292132772084], [71.78711487791132, 34.382940635496986], [71.78713929563328, 34.382981566179076], [71.78718645506633, 34.38296225554026], [71.78716214593071, 34.38292132772084]]]]}, "properties": {"id": "8J6H9QMP+5VJ5", "height": 4.070892810821533, "hmax": 0.0, "ratio": 0.0, "vulnClass": "none"}}, {"type": "Feature", "geometry": {"type": "MultiPolygon", "coordinates": [[[[71.78724480154317, 34.38332422624485], [71.78721032687244, 34.38332169783685], [71.7871981555438, 34.38343530461904], [71.78741335277518, 34.38345105489282], [71.78742098378048, 34.38337942034137], [71.78729468171458, 34.38337024253727], [71.7872972024629, 34.38334696463349], [71.78724288734293, 34.38334301349522], [71.78724480154317, 34.38332422624485]]]]}, "properties": {"id": "8J6H9QMP+9W3W", "height": 3.813572883605957, "hmax": 0.0, "ratio": 0.0, "vulnClass": "none"}}, {"type": "Feature", "geometry": {"type": "MultiPolygon", "coordinates": [[[[71.78756715329673, 34.38346609271349], [71.78751816653087, 34.38343082569617], [71.78748961860371, 34.38345810649562], [71.78753860881409, 34.383493283483084], [71.78756715329673, 34.38346609271349]]]]}, "properties": {"id": "8J6H9QMQ+92JH", "height": 4.806575775146484, "hmax": 0.0, "ratio": 0.0, "vulnClass": "none"}}, {"type": "Feature", "geometry": {"type": "MultiPolygon", "coordinates": [[[[71.78759196918271, 34.38344258949404], [71.78754390675019, 34.383499731936084], [71.7876395229312, 34.3835551519664], [71.78765307701065, 34.3835390140067], [71.78778315885599, 34.38361426729619], [71.78781766715525, 34.38357326273658], [71.78759196918271, 34.38344258949404]]]]}, "properties": {"id": "8J6H9QMQ+C374", "height": 7.340665340423584, "hmax": 0.0, "ratio": 0.0, "vulnClass": "none"}}, {"type": "Feature", "geometry": {"type": "MultiPolygon", "coordinates": [[[[71.78753708015218, 34.38355885930714], [71.78750665466055, 34.3835243504447], [71.78744443946253, 34.38356210310081], [71.78747475633355, 34.38359660912381], [71.78753708015218, 34.38355885930714]]]]}, "properties": {"id": "8J6H9QMP+CXHG", "height": 4.346404552459717, "hmax": 0.0, "ratio": 0.0, "vulnClass": "none"}}, {"type": "Feature", "geometry": {"type": "MultiPolygon", "coordinates": [[[[71.7872667394425, 34.383469824946964], [71.78719835867665, 34.383461267930926], [71.7871791016095, 34.383566847013405], [71.78724748245763, 34.383575404044834], [71.7872667394425, 34.383469824946964]]]]}, "properties": {"id": "8J6H9QMP+CV5J", "height": 3.581238269805908, "hmax": 0.0, "ratio": 0.0, "vulnClass": "none"}}, {"type": "Feature", "geometry": {"type": "MultiPolygon", "coordinates": [[[[71.78724066437188, 34.38357459393493], [71.78718448746987, 34.38357383858319], [71.7871809353568, 34.38374634771846], [71.78728415957592, 34.383747798736955], [71.78728703577654, 34.38360717850482], [71.78723998865323, 34.38360648285167], [71.78724066437188, 34.38357459393493]]]]}, "properties": {"id": "8J6H9QMP+FV9M", "height": 3.658787250518799, "hmax": 0.0, "ratio": 0.0, "vulnClass": "none"}}, {"type": "Feature", "geometry": {"type": "MultiPolygon", "coordinates": [[[[71.78746189879901, 34.38367414516236], [71.78736845097383, 34.38361319380249], [71.78733276655277, 34.38365083244007], [71.78742621438947, 34.38371178382781], [71.78746189879901, 34.38367414516236]]]]}, "properties": {"id": "8J6H9QMP+FX6G", "height": 4.014793395996094, "hmax": 0.0, "ratio": 0.0, "vulnClass": "none"}}, {"type": "Feature", "geometry": {"type": "MultiPolygon", "coordinates": [[[[71.7872281446835, 34.38374848976923], [71.78717609251844, 34.383739370419896], [71.78716522904848, 34.38378180740418], [71.78721728123793, 34.3837909267595], [71.7872281446835, 34.38374848976923]]]]}, "properties": {"id": "8J6H9QMP+GV4M", "height": 3.699486494064331, "hmax": 0.0, "ratio": 0.0, "vulnClass": "none"}}, {"type": "Feature", "geometry": {"type": "MultiPolygon", "coordinates": [[[[71.78728405380478, 34.38376762496448], [71.78723470957823, 34.38375307876375], [71.78721597138897, 34.38379675090496], [71.78726531563672, 34.38381129711444], [71.78728405380478, 34.38376762496448]]]]}, "properties": {"id": "8J6H9QMP+GW66", "height": 3.767135858535767, "hmax": 0.0, "ratio": 0.0, "vulnClass": "none"}}, {"type": "Feature", "geometry": {"type": "MultiPolygon", "coordinates": [[[[71.7873557575192, 34.383788797595514], [71.78728405380478, 34.38376762496448], [71.78725052984274, 34.38384542902593], [71.78732223361196, 34.38386660167969], [71.7873557575192, 34.383788797595514]]]]}, "properties": {"id": "8J6H9QMP+GWFP", "height": 3.870522499084473, "hmax": 0.0, "ratio": 0.0, "vulnClass": "none"}}, {"type": "Feature", "geometry": {"type": "MultiPolygon", "coordinates": [[[[71.78764201409679, 34.38381416627253], [71.7876074476623, 34.38377990914413], [71.78755954048314, 34.38381308058991], [71.78759410690952, 34.38384733773138], [71.78764201409679, 34.38381416627253]]]]}, "properties": {"id": "8J6H9QMQ+G2HC", "height": 3.64112377166748, "hmax": 0.0, "ratio": 0.0, "vulnClass": "none"}}, {"type": "Feature", "geometry": {"type": "MultiPolygon", "coordinates": [[[[71.78772629987431, 34.38370813273018], [71.787651298343, 34.38365947357025], [71.7875852372688, 34.38372957270537], [71.78766035086659, 34.38377814471932], [71.78772629987431, 34.38370813273018]]]]}, "properties": {"id": "8J6H9QMQ+F3JQ", "height": 4.340823173522949, "hmax": 0.0, "ratio": 0.0, "vulnClass": "none"}}, {"type": "Feature", "geometry": {"type": "MultiPolygon", "coordinates": [[[[71.78759523283506, 34.38373542354766], [71.78749851687927, 34.3836547376569], [71.78743071888735, 34.38371055022664], [71.78752754343994, 34.38379123902451], [71.78759523283506, 34.38373542354766]]]]}, "properties": {"id": "8J6H9QMQ+F2JV", "height": 3.983031272888184, "hmax": 0.0, "ratio": 0.0, "vulnClass": "none"}}, {"type": "Feature", "geometry": {"type": "MultiPolygon", "coordinates": [[[[71.78746703573213, 34.38363930899669], [71.78745350838481, 34.38361209421281], [71.7874127526233, 34.38362598505649], [71.78742638512254, 34.383653292739744], [71.78746703573213, 34.38363930899669]]]]}, "properties": {"id": "8J6H9QMP+FX46", "height": 4.080936431884766, "hmax": 0.0, "ratio": 0.0, "vulnClass": "none"}}, {"type": "Feature", "geometry": {"type": "MultiPolygon", "coordinates": [[[[71.7874497462625, 34.383602441369405], [71.7874221082419, 34.38356611297073], [71.787375291862, 34.383590660354], [71.7874029333113, 34.38362689872108], [71.7874497462625, 34.383602441369405]]]]}, "properties": {"id": "8J6H9QMP+CXMR", "height": 4.489112377166748, "hmax": 0.0, "ratio": 0.0, "vulnClass": "none"}}, {"type": "Feature", "geometry": {"type": "MultiPolygon", "coordinates": [[[[71.78762651582353, 34.38360816823003], [71.78761113092735, 34.38359541587951], [71.78759474429295, 34.383608865575304], [71.78757451498485, 34.38359202011558], [71.78749851687927, 34.3836547376569], [71.78753412763686, 34.383684425532486], [71.78762651582353, 34.38360816823003]]]]}, "properties": {"id": "8J6H9QMQ+F23H", "height": 3.974335432052612, "hmax": 0.0, "ratio": 0.0, "vulnClass": "none"}}, {"type": "Feature", "geometry": {"type": "MultiPolygon", "coordinates": [[[[71.78781743067232, 34.383761451865645], [71.78774252008395, 34.38370756750055], [71.78767187846586, 34.38377520289143], [71.78774668389792, 34.38382899440493], [71.78781743067232, 34.383761451865645]]]]}, "properties": {"id": "8J6H9QMQ+G35Q", "height": 4.004455089569092, "hmax": 0.0, "ratio": 0.0, "vulnClass": "none"}}, {"type": "Feature", "geometry": {"type": "MultiPolygon", "coordinates": [[[[71.78787879925106, 34.383802722423795], [71.78784632484681, 34.383784834198806], [71.78779654222353, 34.38384715918567], [71.78782902008132, 34.38386495738308], [71.78787879925106, 34.383802722423795]]]]}, "properties": {"id": "8J6H9QMQ+G4GX", "height": 3.129639148712158, "hmax": 0.0, "ratio": 0.0, "vulnClass": "none"}}, {"type": "Feature", "geometry": {"type": "MultiPolygon", "coordinates": [[[[71.78785692353097, 34.383786284406426], [71.78789543998414, 34.38374565554108], [71.7878584175405, 34.38372160898085], [71.78782001313097, 34.38376215064663], [71.78785692353097, 34.383786284406426]]]]}, "properties": {"id": "8J6H9QMQ+G453", "height": 3.484446287155151, "hmax": 0.0, "ratio": 0.0, "vulnClass": "none"}}, {"type": "Feature", "geometry": {"type": "MultiPolygon", "coordinates": [[[[71.78807652130224, 34.383749512152406], [71.78802382887065, 34.38373154341608], [71.7880086345999, 34.38376214955378], [71.78806143565286, 34.38378012115107], [71.78807652130224, 34.383749512152406]]]]}, "properties": {"id": "8J6H9QMQ+G637", "height": 3.502743482589722, "hmax": 0.0, "ratio": 0.0, "vulnClass": "none"}}, {"type": "Feature", "geometry": {"type": "MultiPolygon", "coordinates": [[[[71.78807126740678, 34.383679341641184], [71.78801418147468, 34.3836454843871], [71.78794843655581, 34.383721540739195], [71.78800563111456, 34.3837554008787], [71.78807126740678, 34.383679341641184]]]]}, "properties": {"id": "8J6H9QMQ+F6J3", "height": 3.612543821334839, "hmax": 0.0, "ratio": 0.0, "vulnClass": "none"}}, {"type": "Feature", "geometry": {"type": "MultiPolygon", "coordinates": [[[[71.78798005756755, 34.383684966862106], [71.78793126397517, 34.38365601430949], [71.78789975156147, 34.38369259102723], [71.78794843655581, 34.383721540739195], [71.78798005756755, 34.383684966862106]]]]}, "properties": {"id": "8J6H9QMQ+F5GC", "height": 3.817590713500977, "hmax": 0.0, "ratio": 0.0, "vulnClass": "none"}}, {"type": "Feature", "geometry": {"type": "MultiPolygon", "coordinates": [[[[71.78791618717429, 34.383663639894436], [71.7878823062739, 34.383648418679705], [71.78786464310444, 34.38367535465118], [71.78789863261804, 34.383690578724924], [71.78791618717429, 34.383663639894436]]]]}, "properties": {"id": "8J6H9QMQ+F56M", "height": 3.736105442047119, "hmax": 0.0, "ratio": 0.0, "vulnClass": "none"}}, {"type": "Feature", "geometry": {"type": "MultiPolygon", "coordinates": [[[[71.78795460752652, 34.38363121048271], [71.78789220069307, 34.38360856998118], [71.78787684770509, 34.38363763968986], [71.78793925455473, 34.38366028020013], [71.78795460752652, 34.38363121048271]]]]}, "properties": {"id": "8J6H9QMQ+F537", "height": 4.294487953186035, "hmax": 0.0, "ratio": 0.0, "vulnClass": "none"}}, {"type": "Feature", "geometry": {"type": "MultiPolygon", "coordinates": [[[[71.78829119258562, 34.38367096913472], [71.78820884986018, 34.38364086486831], [71.78818038312517, 34.38369446647591], [71.78820246692824, 34.3837026177705], [71.78819157492264, 34.38372306193355], [71.78816948423193, 34.38371509071966], [71.78815378828618, 34.38374460211384], [71.78823623969406, 34.38377470927499], [71.78829119258562, 34.38367096913472]]]]}, "properties": {"id": "8J6H9QMQ+F7Q6", "height": 8.295525550842285, "hmax": 0.0, "ratio": 0.0, "vulnClass": "none"}}, {"type": "Feature", "geometry": {"type": "MultiPolygon", "coordinates": [[[[71.78817686292855, 34.38377233806432], [71.78812249239157, 34.38376982796288], [71.78812029306701, 34.38380176699443], [71.78817477223096, 34.38380427995148], [71.78817686292855, 34.38377233806432]]]]}, "properties": {"id": "8J6H9QMQ+G76H", "height": 4.876975059509277, "hmax": 0.0, "ratio": 0.0, "vulnClass": "none"}}, {"type": "Feature", "geometry": {"type": "MultiPolygon", "coordinates": [[[[71.78845491447004, 34.383853100636586], [71.78848783877265, 34.38374544680133], [71.78844243207136, 34.38373596178028], [71.78840950771624, 34.38384361560036], [71.78845491447004, 34.383853100636586]]]]}, "properties": {"id": "8J6H9QMQ+G98M", "height": 4.282461166381836, "hmax": 0.0, "ratio": 0.0, "vulnClass": "none"}}, {"type": "Feature", "geometry": {"type": "MultiPolygon", "coordinates": [[[[71.78890890272388, 34.38375659797297], [71.78891372530833, 34.383653163092525], [71.78882294757337, 34.38365032789846], [71.78881812831891, 34.383753672727586], [71.78890890272388, 34.38375659797297]]]]}, "properties": {"id": "8J6H9QMQ+FGQ4", "height": 3.864586353302002, "hmax": 0.0, "ratio": 0.0, "vulnClass": "none"}}, {"type": "Feature", "geometry": {"type": "MultiPolygon", "coordinates": [[[[71.78868470887542, 34.38378847401092], [71.78868226130106, 34.38384113687349], [71.78881386499756, 34.38384531501149], [71.78881492184924, 34.38382335058973], [71.78891818264911, 34.38382669395851], [71.78892149764016, 34.38375701894169], [71.7887379939217, 34.383751117048824], [71.78873617805573, 34.38379009645965], [71.78868470887542, 34.38378847401092]]]]}, "properties": {"id": "8J6H9QMQ+GG7W", "height": 3.973170518875122, "hmax": 0.0, "ratio": 0.0, "vulnClass": "none"}}, {"type": "Feature", "geometry": {"type": "MultiPolygon", "coordinates": [[[[71.78903795101513, 34.383642726073425], [71.7889124246146, 34.38364168217471], [71.78891112109415, 34.38375260030842], [71.78898545957342, 34.38375320099468], [71.78898504795932, 34.38378104094171], [71.78903634811063, 34.38378139697713], [71.78903795101513, 34.383642726073425]]]]}, "properties": {"id": "8J6H9QMQ+FHQ3", "height": 3.826887607574463, "hmax": 0.124, "ratio": 0.032, "vulnClass": "low"}}, {"type": "Feature", "geometry": {"type": "MultiPolygon", "coordinates": [[[[71.78919325881836, 34.38302372341714], [71.78902914905387, 34.38299967408288], [71.78901403256543, 34.38307093189963], [71.78917803729652, 34.38309488836746], [71.78919325881836, 34.38302372341714]]]]}, "properties": {"id": "8J6H9QMQ+6J9V", "height": 5.311299324035645, "hmax": 0.0, "ratio": 0.0, "vulnClass": "none"}}, {"type": "Feature", "geometry": {"type": "MultiPolygon", "coordinates": [[[[71.78918856584617, 34.382930313618886], [71.78904834796236, 34.382909776053665], [71.78902914905387, 34.38299967408288], [71.78919325881836, 34.38302372341714], [71.78920531295769, 34.382967166776], [71.7891814212341, 34.38296365504013], [71.78918856584617, 34.382930313618886]]]]}, "properties": {"id": "8J6H9QMQ+5JQP", "height": 5.219546318054199, "hmax": 0.0, "ratio": 0.0, "vulnClass": "none"}}, {"type": "Feature", "geometry": {"type": "MultiPolygon", "coordinates": [[[[71.7892100366382, 34.38309960450169], [71.7891541455386, 34.38309137662434], [71.7891448606408, 34.38313520726107], [71.7892006431622, 34.38314343229169], [71.7892100366382, 34.38309960450169]]]]}, "properties": {"id": "8J6H9QMQ+6MVP", "height": 3.597127437591553, "hmax": 0.0, "ratio": 0.0, "vulnClass": "none"}}, {"type": "Feature", "geometry": {"type": "MultiPolygon", "coordinates": [[[[71.7894746866868, 34.38323517346629], [71.78941764552273, 34.383225743787605], [71.78940807769553, 34.3832656012121], [71.78946511888488, 34.38327503089666], [71.7894746866868, 34.38323517346629]]]]}, "properties": {"id": "8J6H9QMQ+8Q42", "height": 4.63239049911499, "hmax": 0.0, "ratio": 0.0, "vulnClass": "none"}}, {"type": "Feature", "geometry": {"type": "MultiPolygon", "coordinates": [[[[71.7897029051269, 34.383214577968765], [71.78963174565628, 34.383210455942326], [71.78962676342108, 34.38326972204462], [71.78972113710232, 34.383275174754786], [71.7897170228005, 34.38332310703104], [71.78978134707232, 34.38332686925299], [71.78978864040451, 34.383241255173914], [71.78970109860641, 34.38323625232415], [71.7897029051269, 34.383214577968765]]]]}, "properties": {"id": "8J6H9QMQ+8V4H", "height": 2.558656215667725, "hmax": 0.137, "ratio": 0.054, "vulnClass": "low"}}, {"type": "Feature", "geometry": {"type": "MultiPolygon", "coordinates": [[[[71.78959747396058, 34.38336764731976], [71.78964233139875, 34.38328338027579], [71.7896125242369, 34.3832725027193], [71.78956777538248, 34.3833567726033], [71.78959747396058, 34.38336764731976]]]]}, "properties": {"id": "8J6H9QMQ+8RHV", "height": 3.585728406906128, "hmax": 0.137, "ratio": 0.038, "vulnClass": "low"}}, {"type": "Feature", "geometry": {"type": "MultiPolygon", "coordinates": [[[[71.78956549019996, 34.38353039681439], [71.78943035718858, 34.38347348976783], [71.78938664993606, 34.38354471780201], [71.78947309992368, 34.3835811482538], [71.78949662981763, 34.383542919354326], [71.78954520085696, 34.383563483180815], [71.78956549019996, 34.38353039681439]]]]}, "properties": {"id": "8J6H9QMQ+CQ85", "height": 6.283318042755127, "hmax": 0.0, "ratio": 0.0, "vulnClass": "none"}}, {"type": "Feature", "geometry": {"type": "MultiPolygon", "coordinates": [[[[71.78955026837394, 34.383450771093116], [71.78947095106167, 34.383423991874984], [71.78944490205382, 34.38347693624656], [71.78952432801131, 34.38350371833604], [71.78955026837394, 34.383450771093116]]]]}, "properties": {"id": "8J6H9QMQ+9QQH", "height": 5.16972017288208, "hmax": 0.0, "ratio": 0.0, "vulnClass": "none"}}, {"type": "Feature", "geometry": {"type": "MultiPolygon", "coordinates": [[[[71.78969969528215, 34.383457940026666], [71.78954412024441, 34.38340112720172], [71.78952022034474, 34.38344619642197], [71.78972768662327, 34.38352203785117], [71.78977524149613, 34.38343261394263], [71.78972324175277, 34.38341358254265], [71.78969969528215, 34.383457940026666]]]]}, "properties": {"id": "8J6H9QMQ+9VJ9", "height": 4.046257495880127, "hmax": 0.0, "ratio": 0.0, "vulnClass": "none"}}, {"type": "Feature", "geometry": {"type": "MultiPolygon", "coordinates": [[[[71.78939182754623, 34.38365959171907], [71.78943268803702, 34.38358035731148], [71.78937884542741, 34.383561187232985], [71.78933798489808, 34.383640421620434], [71.78939182754623, 34.38365959171907]]]]}, "properties": {"id": "8J6H9QMQ+CQRF", "height": 8.864922523498535, "hmax": 0.204, "ratio": 0.023, "vulnClass": "low"}}, {"type": "Feature", "geometry": {"type": "MultiPolygon", "coordinates": [[[[71.78961742302566, 34.38359386156569], [71.78953696202032, 34.3835600220608], [71.78951354074508, 34.38359825382099], [71.7895940017751, 34.38363209334268], [71.78961742302566, 34.38359386156569]]]]}, "properties": {"id": "8J6H9QMQ+CRPR", "height": 3.806503295898438, "hmax": 0.0, "ratio": 0.0, "vulnClass": "none"}}, {"type": "Feature", "geometry": {"type": "MultiPolygon", "coordinates": [[[[71.78943547738946, 34.383686605972315], [71.78935772902007, 34.38366428434506], [71.78931631149293, 34.38376378377453], [71.78937556539, 34.383780752574495], [71.78938669796078, 34.38375400538115], [71.78940519594552, 34.38375926819554], [71.78943547738946, 34.383686605972315]]]]}, "properties": {"id": "8J6H9QMQ+FPQX", "height": 11.993865966796877, "hmax": 0.204, "ratio": 0.017, "vulnClass": "low"}}, {"type": "Feature", "geometry": {"type": "MultiPolygon", "coordinates": [[[[71.78942355892772, 34.383736766830225], [71.78941038739144, 34.38376850786469], [71.7895640690468, 34.38381229215429], [71.78959233893325, 34.38374390339354], [71.78954942806946, 34.38373169023713], [71.7895343296551, 34.383768337937994], [71.78942355892772, 34.383736766830225]]]]}, "properties": {"id": "8J6H9QMQ+GR2V", "height": 9.280648231506348, "hmax": 0.204, "ratio": 0.022, "vulnClass": "low"}}, {"type": "Feature", "geometry": {"type": "MultiPolygon", "coordinates": [[[[71.78946788445323, 34.38378308704992], [71.78937375749497, 34.38376547279826], [71.78936489923514, 34.38379813829698], [71.78945891417992, 34.38381583974655], [71.78946788445323, 34.38378308704992]]]]}, "properties": {"id": "8J6H9QMQ+GQ7M", "height": 11.32534122467041, "hmax": 0.204, "ratio": 0.018, "vulnClass": "low"}}, {"type": "Feature", "geometry": {"type": "MultiPolygon", "coordinates": [[[[71.7891593564175, 34.3838085128697], [71.78910510427994, 34.38380005760898], [71.78908626838006, 34.38388329540753], [71.78914052056817, 34.38389175067945], [71.7891593564175, 34.3838085128697]]]]}, "properties": {"id": "8J6H9QMQ+GJQX", "height": 3.613823652267456, "hmax": 0.124, "ratio": 0.034, "vulnClass": "low"}}, {"type": "Feature", "geometry": {"type": "MultiPolygon", "coordinates": [[[[71.78928065748411, 34.383849013455816], [71.78916817314615, 34.383816766185305], [71.7891514198668, 34.38385688551165], [71.78926390424955, 34.38388913280007], [71.78928065748411, 34.383849013455816]]]]}, "properties": {"id": "8J6H9QMQ+GMW5", "height": 6.332991600036621, "hmax": 0.126, "ratio": 0.02, "vulnClass": "low"}}, {"type": "Feature", "geometry": {"type": "MultiPolygon", "coordinates": [[[[71.78934001659746, 34.38386607516986], [71.78928065748411, 34.383849013455816], [71.78924115982468, 34.38394378628534], [71.78930041038706, 34.383960845169184], [71.78934001659746, 34.38386607516986]]]]}, "properties": {"id": "8J6H9QMQ+HP73", "height": 6.440422058105469, "hmax": 0.222, "ratio": 0.034, "vulnClass": "low"}}, {"type": "Feature", "geometry": {"type": "MultiPolygon", "coordinates": [[[[71.78934001659746, 34.38386607516986], [71.78930041038706, 34.383960845169184], [71.78934901899515, 34.38397474030369], [71.78937187196827, 34.383920089647525], [71.78944757768674, 34.38394181683429], [71.78946433084813, 34.38390169746078], [71.78934001659746, 34.38386607516986]]]]}, "properties": {"id": "8J6H9QMQ+HP9Q", "height": 6.440422058105469, "hmax": 0.234, "ratio": 0.036, "vulnClass": "low"}}, {"type": "Feature", "geometry": {"type": "MultiPolygon", "coordinates": [[[[71.78929600839477, 34.38399353756996], [71.78926002660822, 34.38399060962077], [71.78925636569726, 34.38402097805409], [71.78929234405587, 34.384023996046615], [71.78929600839477, 34.38399353756996]]]]}, "properties": {"id": "8J6H9QMQ+JP29", "height": 3.88316822052002, "hmax": 0.281, "ratio": 0.072, "vulnClass": "low"}}, {"type": "Feature", "geometry": {"type": "MultiPolygon", "coordinates": [[[[71.78940427054489, 34.38403955415584], [71.78936265596819, 34.38402755523932], [71.78934482892963, 34.38407017008528], [71.78938644696449, 34.38408207896731], [71.78940427054489, 34.38403955415584]]]]}, "properties": {"id": "8J6H9QMQ+JPH5", "height": 3.412995338439941, "hmax": 0.291, "ratio": 0.085, "vulnClass": "low"}}, {"type": "Feature", "geometry": {"type": "MultiPolygon", "coordinates": [[[[71.79045557388166, 34.3839508002704], [71.7903981762421, 34.38393361032677], [71.79038436026606, 34.38396515429198], [71.7904417579233, 34.38398234424307], [71.79045557388166, 34.3839508002704]]]]}, "properties": {"id": "8J6H9QMR+H5M7", "height": 4.404637813568115, "hmax": 0.0, "ratio": 0.0, "vulnClass": "none"}}, {"type": "Feature", "geometry": {"type": "MultiPolygon", "coordinates": [[[[71.79040561387644, 34.38405196858977], [71.79029861903894, 34.3840154500059], [71.7902814278526, 34.38404996982332], [71.79038841928471, 34.3840865784658], [71.79040561387644, 34.38405196858977]]]]}, "properties": {"id": "8J6H9QMR+J4G5", "height": 5.938138484954834, "hmax": 0.0, "ratio": 0.0, "vulnClass": "none"}}, {"type": "Feature", "geometry": {"type": "MultiPolygon", "coordinates": [[[[71.7902955887797, 34.384000859199446], [71.79025150998763, 34.38398221625019], [71.79023076227644, 34.38401592162229], [71.79027484108036, 34.38403456457969], [71.7902955887797, 34.384000859199446]]]]}, "properties": {"id": "8J6H9QMR+J427", "height": 7.473030090332031, "hmax": 0.0, "ratio": 0.0, "vulnClass": "none"}}, {"type": "Feature", "geometry": {"type": "MultiPolygon", "coordinates": [[[[71.79039177955401, 34.38390469028719], [71.79035512983388, 34.3838936332491], [71.79034475924814, 34.383917516323415], [71.79038140897683, 34.38392857336508], [71.79039177955401, 34.38390469028719]]]]}, "properties": {"id": "8J6H9QMR+H49H", "height": 5.325724124908447, "hmax": 0.0, "ratio": 0.0, "vulnClass": "none"}}, {"type": "Feature", "geometry": {"type": "MultiPolygon", "coordinates": [[[[71.7915749499472, 34.38645520829048], [71.79150756391864, 34.386426219763436], [71.79147965922095, 34.38647082371586], [71.79154715388353, 34.38649981511027], [71.7915749499472, 34.38645520829048]]]]}, "properties": {"id": "8J6H9QPR+HJJH", "height": 2.671154260635376, "hmax": 0.0, "ratio": 0.0, "vulnClass": "none"}}, {"type": "Feature", "geometry": {"type": "MultiPolygon", "coordinates": [[[[71.7914153277385, 34.38642163562212], [71.79127540394485, 34.38635622244388], [71.79124315675195, 34.386403506443436], [71.79138307715455, 34.3864690097029], [71.7914153277385, 34.38642163562212]]]]}, "properties": {"id": "8J6H9QPR+HG8G", "height": 10.377052307128906, "hmax": 0.0, "ratio": 0.0, "vulnClass": "none"}}, {"type": "Feature", "geometry": {"type": "MultiPolygon", "coordinates": [[[[71.79116252075286, 34.386100889852294], [71.79109095090307, 34.38610459931131], [71.79110211108656, 34.38625360998727], [71.791173789674, 34.386249903379884], [71.79116252075286, 34.386100889852294]]]]}, "properties": {"id": "8J6H9QPR+FFC2", "height": 5.531817436218262, "hmax": 0.0, "ratio": 0.0, "vulnClass": "none"}}, {"type": "Feature", "geometry": {"type": "MultiPolygon", "coordinates": [[[[71.79132978921074, 34.38601109262092], [71.79115647536513, 34.38602006306412], [71.79116252075286, 34.386100889852294], [71.79133583820489, 34.38609182936825], [71.79132978921074, 34.38601109262092]]]]}, "properties": {"id": "8J6H9QPR+CFH9", "height": 5.343783378601074, "hmax": 0.0, "ratio": 0.0, "vulnClass": "none"}}, {"type": "Feature", "geometry": {"type": "MultiPolygon", "coordinates": [[[[71.79139607075778, 34.38623410635346], [71.79137593643712, 34.38609801940053], [71.7913194014554, 34.386103746005766], [71.79133315946206, 34.38619613186157], [71.79129834439266, 34.38619963447812], [71.7913048257679, 34.386243428472746], [71.79139607075778, 34.38623410635346]]]]}, "properties": {"id": "8J6H9QPR+FGH2", "height": 3.484825372695923, "hmax": 0.0, "ratio": 0.0, "vulnClass": "none"}}, {"type": "Feature", "geometry": {"type": "MultiPolygon", "coordinates": [[[[71.79144596939072, 34.38608615755727], [71.79143427871146, 34.38593109412671], [71.79132414773004, 34.38593676593863], [71.79133583820489, 34.38609182936825], [71.79144596939072, 34.38608615755727]]]]}, "properties": {"id": "8J6H9QPR+CH2F", "height": 4.70777702331543, "hmax": 0.0, "ratio": 0.0, "vulnClass": "none"}}, {"type": "Feature", "geometry": {"type": "MultiPolygon", "coordinates": [[[[71.7911604817175, 34.38588100449432], [71.79114236689921, 34.38583438142169], [71.7910406596809, 34.38586145511224], [71.79105877444606, 34.38590807819695], [71.7911604817175, 34.38588100449432]]]]}, "properties": {"id": "8J6H9QPR+8CXR", "height": 6.450201034545898, "hmax": 0.0, "ratio": 0.0, "vulnClass": "none"}}, {"type": "Feature", "geometry": {"type": "MultiPolygon", "coordinates": [[[[71.79113195739012, 34.3857454183291], [71.79103302661129, 34.38574534504895], [71.79103293048738, 34.38580194539095], [71.79113196650341, 34.38580211156761], [71.79113195739012, 34.3857454183291]]]]}, "properties": {"id": "8J6H9QPR+8C4W", "height": 4.290985107421875, "hmax": 0.0, "ratio": 0.0, "vulnClass": "none"}}, {"type": "Feature", "geometry": {"type": "MultiPolygon", "coordinates": [[[[71.79126061852652, 34.3858381163891], [71.79123880463594, 34.3857972548095], [71.79114475430364, 34.38583165000037], [71.79116645954514, 34.38587250874354], [71.79126061852652, 34.3858381163891]]]]}, "properties": {"id": "8J6H9QPR+8FP7", "height": 3.028168916702271, "hmax": 0.0, "ratio": 0.0, "vulnClass": "none"}}, {"type": "Feature", "geometry": {"type": "MultiPolygon", "coordinates": [[[[71.7918124667477, 34.38575570872991], [71.79172219371932, 34.38575667441422], [71.79172367300094, 34.3858545965609], [71.7918138340871, 34.38585371807276], [71.7918124667477, 34.38575570872991]]]]}, "properties": {"id": "8J6H9QPR+8PC8", "height": 3.074124574661255, "hmax": 0.0, "ratio": 0.0, "vulnClass": "none"}}, {"type": "Feature", "geometry": {"type": "MultiPolygon", "coordinates": [[[[71.791710118038, 34.385907779198604], [71.79170908474163, 34.38582095499043], [71.79167754329134, 34.385821298886725], [71.79167785494829, 34.38585014929714], [71.79158357358799, 34.38585073927869], [71.79158428825261, 34.385908893155246], [71.791710118038, 34.385907779198604]]]]}, "properties": {"id": "8J6H9QPR+8MRX", "height": 2.442154169082642, "hmax": 0.0, "ratio": 0.0, "vulnClass": "none"}}, {"type": "Feature", "geometry": {"type": "MultiPolygon", "coordinates": [[[[71.7921139932876, 34.38598787013193], [71.79209071600228, 34.385891358855595], [71.79196051822458, 34.38591290866716], [71.79198379536211, 34.38600941995995], [71.7921139932876, 34.38598787013193]]]]}, "properties": {"id": "8J6H9QPR+9RM2", "height": 2.622634172439575, "hmax": 0.0, "ratio": 0.0, "vulnClass": "none"}}, {"type": "Feature", "geometry": {"type": "MultiPolygon", "coordinates": [[[[71.79190357145569, 34.38576143457147], [71.79182750562283, 34.385763313974024], [71.79182861056888, 34.38579416810859], [71.7919046729917, 34.38579237874867], [71.79190357145569, 34.38576143457147]]]]}, "properties": {"id": "8J6H9QPR+8P94", "height": 2.60515022277832, "hmax": 0.0, "ratio": 0.0, "vulnClass": "none"}}, {"type": "Feature", "geometry": {"type": "MultiPolygon", "coordinates": [[[[71.79130663249026, 34.3849947877023], [71.79115840412818, 34.38498747185212], [71.7911555499359, 34.38502804644612], [71.7913037783688, 34.38503536230374], [71.79130663249026, 34.3849947877023]]]]}, "properties": {"id": "8J6H9QPR+2F5F", "height": 3.569493770599365, "hmax": 0.0, "ratio": 0.0, "vulnClass": "none"}}, {"type": "Feature", "geometry": {"type": "MultiPolygon", "coordinates": [[[[71.79112972120608, 34.384986989331324], [71.79104260499271, 34.384982178824956], [71.79103501545272, 34.38507842079151], [71.79112213176467, 34.38508323130881], [71.79112972120608, 34.384986989331324]]]]}, "properties": {"id": "8J6H9QPR+2C88", "height": 4.060156345367432, "hmax": 0.0, "ratio": 0.0, "vulnClass": "none"}}, {"type": "Feature", "geometry": {"type": "MultiPolygon", "coordinates": [[[[71.79125353736829, 34.385032871834056], [71.7911555499359, 34.38502804644612], [71.79114890647176, 34.38511944613122], [71.79124689400963, 34.38512427153038], [71.79125353736829, 34.385032871834056]]]]}, "properties": {"id": "8J6H9QPR+2FP3", "height": 3.569493770599365, "hmax": 0.0, "ratio": 0.0, "vulnClass": "none"}}, {"type": "Feature", "geometry": {"type": "MultiPolygon", "coordinates": [[[[71.79139092084571, 34.38507649649866], [71.7913083964303, 34.38506531720137], [71.79129611976208, 34.385127726807355], [71.79137864423588, 34.385138906116204], [71.79139092084571, 34.38507649649866]]]]}, "properties": {"id": "8J6H9QPR+2GW5", "height": 3.46214485168457, "hmax": 0.0, "ratio": 0.0, "vulnClass": "none"}}, {"type": "Feature", "geometry": {"type": "MultiPolygon", "coordinates": [[[[71.79136326945242, 34.385165722415636], [71.79131424369685, 34.38516272307445], [71.79130305807165, 34.385290506992895], [71.79141185512727, 34.38529696797774], [71.79141626495846, 34.38524697035049], [71.7913564972056, 34.38524341867782], [71.79136326945242, 34.385165722415636]]]]}, "properties": {"id": "8J6H9QPR+3GXJ", "height": 3.21892237663269, "hmax": 0.0, "ratio": 0.0, "vulnClass": "none"}}, {"type": "Feature", "geometry": {"type": "MultiPolygon", "coordinates": [[[[71.79160908693203, 34.38523670885942], [71.79152637522454, 34.38523327613838], [71.79152517746044, 34.38525325399899], [71.79149467559762, 34.38525200276449], [71.79149044900593, 34.38532282569061], [71.79155329569593, 34.3853254666588], [71.79155170393864, 34.38535291513239], [71.79160196234056, 34.38535495528189], [71.79160908693203, 34.38523670885942]]]]}, "properties": {"id": "8J6H9QPR+4J7H", "height": 3.726890802383423, "hmax": 0.0, "ratio": 0.0, "vulnClass": "none"}}, {"type": "Feature", "geometry": {"type": "MultiPolygon", "coordinates": [[[[71.79144349136243, 34.3852485862925], [71.79141647529882, 34.385247156135335], [71.79141078858768, 34.38531920257976], [71.79148000880487, 34.38532291219481], [71.79148275484768, 34.38528801306573], [71.7914406593431, 34.385285736462976], [71.79144349136243, 34.3852485862925]]]]}, "properties": {"id": "8J6H9QPR+4H8J", "height": 2.584534645080566, "hmax": 0.0, "ratio": 0.0, "vulnClass": "none"}}, {"type": "Feature", "geometry": {"type": "MultiPolygon", "coordinates": [[[[71.79130746796667, 34.38524050937313], [71.79122654904327, 34.3852356813951], [71.79122213910077, 34.38528567900927], [71.79130305807165, 34.385290506992895], [71.79130746796667, 34.38524050937313]]]]}, "properties": {"id": "8J6H9QPR+4G2F", "height": 3.272162675857544, "hmax": 0.0, "ratio": 0.0, "vulnClass": "none"}}, {"type": "Feature", "geometry": {"type": "MultiPolygon", "coordinates": [[[[71.79122213910077, 34.38528567900927], [71.79122654904327, 34.3852356813951], [71.7911931422732, 34.385233632778636], [71.79119233645069, 34.385243345878195], [71.79114992547488, 34.38524079049909], [71.79114642992397, 34.385281077859986], [71.79122213910077, 34.38528567900927]]]]}, "properties": {"id": "8J6H9QPR+4F4C", "height": 3.272162675857544, "hmax": 0.0, "ratio": 0.0, "vulnClass": "none"}}, {"type": "Feature", "geometry": {"type": "MultiPolygon", "coordinates": [[[[71.79131424369685, 34.38516272307445], [71.79126608337643, 34.385159836562195], [71.79125930760229, 34.38523762285575], [71.79130746796667, 34.38524050937313], [71.79131424369685, 34.38516272307445]]]]}, "properties": {"id": "8J6H9QPR+3GM2", "height": 3.892451047897339, "hmax": 0.0, "ratio": 0.0, "vulnClass": "none"}}, {"type": "Feature", "geometry": {"type": "MultiPolygon", "coordinates": [[[[71.79114118980274, 34.3851848596386], [71.79105353434493, 34.38518562316036], [71.79105453749511, 34.38527037353345], [71.79114218960274, 34.38526970005764], [71.79114118980274, 34.3851848596386]]]]}, "properties": {"id": "8J6H9QPR+3CX2", "height": 3.181766033172607, "hmax": 0.0, "ratio": 0.0, "vulnClass": "none"}}, {"type": "Feature", "geometry": {"type": "MultiPolygon", "coordinates": [[[[71.79147702051917, 34.38549796017713], [71.79126374703617, 34.38547722001055], [71.79125008242413, 34.3855731222635], [71.79146346131421, 34.38559395535958], [71.79146926160016, 34.38555309755591], [71.79137350904034, 34.3855438243859], [71.79137693891471, 34.385519488650644], [71.79147269144758, 34.38552876181647], [71.79147702051917, 34.38549796017713]]]]}, "properties": {"id": "8J6H9QPR+6G9F", "height": 3.826724529266357, "hmax": 0.0, "ratio": 0.0, "vulnClass": "none"}}, {"type": "Feature", "geometry": {"type": "MultiPolygon", "coordinates": [[[[71.79149464730682, 34.38542640738463], [71.79127574522855, 34.385387943778], [71.79125656192399, 34.38546324121937], [71.79147535557519, 34.38550170201983], [71.79149464730682, 34.38542640738463]]]]}, "properties": {"id": "8J6H9QPR+5HCJ", "height": 3.62921929359436, "hmax": 0.0, "ratio": 0.0, "vulnClass": "none"}}, {"type": "Feature", "geometry": {"type": "MultiPolygon", "coordinates": [[[[71.7917656511524, 34.38540440747447], [71.7917535204876, 34.38536334945401], [71.79163628091031, 34.38538722193034], [71.79164841151929, 34.38542827995928], [71.7917656511524, 34.38540440747447]]]]}, "properties": {"id": "8J6H9QPR+5M4V", "height": 2.926187992095947, "hmax": 0.0, "ratio": 0.0, "vulnClass": "none"}}, {"type": "Feature", "geometry": {"type": "MultiPolygon", "coordinates": [[[[71.791749438616, 34.385319348052555], [71.79169646015245, 34.38532021093103], [71.7916974528114, 34.38536539310399], [71.79175043130353, 34.3853645302267], [71.791749438616, 34.385319348052555]]]]}, "properties": {"id": "8J6H9QPR+4MQJ", "height": 3.090917825698853, "hmax": 0.0, "ratio": 0.0, "vulnClass": "none"}}, {"type": "Feature", "geometry": {"type": "MultiPolygon", "coordinates": [[[[71.79180354217853, 34.38543992245543], [71.79178329614942, 34.38539216195185], [71.79175053185314, 34.38540175737257], [71.79177078130321, 34.38544942783885], [71.79180354217853, 34.38543992245543]]]]}, "properties": {"id": "8J6H9QPR+5P6X", "height": 2.786007165908813, "hmax": 0.0, "ratio": 0.0, "vulnClass": "none"}}, {"type": "Feature", "geometry": {"type": "MultiPolygon", "coordinates": [[[[71.79175910531701, 34.38543632266497], [71.79174956671189, 34.385404255737996], [71.79163999503217, 34.38542661695103], [71.79164953359658, 34.385458683884266], [71.79175910531701, 34.38543632266497]]]]}, "properties": {"id": "8J6H9QPR+5MG7", "height": 3.020111322402954, "hmax": 0.0, "ratio": 0.0, "vulnClass": "none"}}, {"type": "Feature", "geometry": {"type": "MultiPolygon", "coordinates": [[[[71.79162332649663, 34.38541329059961], [71.79158238354022, 34.38542068841452], [71.79159321081771, 34.38546171224063], [71.79163415723211, 34.38545422438144], [71.79162332649663, 34.38541329059961]]]]}, "properties": {"id": "8J6H9QPR+5JHF", "height": 3.132359027862549, "hmax": 0.0, "ratio": 0.0, "vulnClass": "none"}}, {"type": "Feature", "geometry": {"type": "MultiPolygon", "coordinates": [[[[71.79165734109112, 34.38550476597182], [71.79163707794292, 34.385457455656876], [71.79156022155907, 34.385480044505435], [71.7915804846673, 34.38552735483085], [71.79165734109112, 34.38550476597182]]]]}, "properties": {"id": "8J6H9QPR+5JXM", "height": 2.766972064971924, "hmax": 0.0, "ratio": 0.0, "vulnClass": "none"}}, {"type": "Feature", "geometry": {"type": "MultiPolygon", "coordinates": [[[[71.7917930809482, 34.38562847440008], [71.79178579376384, 34.38558015267521], [71.79153006399973, 34.38560642918283], [71.79156792267784, 34.3858591614312], [71.79162336795224, 34.38585349623655], [71.79161964674014, 34.38582852214593], [71.79166614475426, 34.385823703684196], [71.79164327236555, 34.38567105074588], [71.79159688304543, 34.38567587205426], [71.79159279961421, 34.385648995684534], [71.7917930809482, 34.38562847440008]]]]}, "properties": {"id": "8J6H9QPR+7JHX", "height": 3.379035711288452, "hmax": 0.0, "ratio": 0.0, "vulnClass": "none"}}, {"type": "Feature", "geometry": {"type": "MultiPolygon", "coordinates": [[[[71.79178247115048, 34.385558974591824], [71.79177060722714, 34.38551377750243], [71.79169835447047, 34.385526843136944], [71.79171032352652, 34.38557213312341], [71.79178247115048, 34.385558974591824]]]]}, "properties": {"id": "8J6H9QPR+6M9P", "height": 2.787614345550537, "hmax": 0.0, "ratio": 0.0, "vulnClass": "none"}}, {"type": "Feature", "geometry": {"type": "MultiPolygon", "coordinates": [[[[71.79204090914119, 34.38559559061224], [71.79202360710936, 34.385544752782586], [71.79189174899581, 34.38557563269145], [71.79190905095106, 34.385626470535435], [71.79204090914119, 34.38559559061224]]]]}, "properties": {"id": "8J6H9QPR+6QPH", "height": 2.540682077407837, "hmax": 0.0, "ratio": 0.0, "vulnClass": "none"}}, {"type": "Feature", "geometry": {"type": "MultiPolygon", "coordinates": [[[[71.79182468974942, 34.385677614695055], [71.79178127211549, 34.3856786383887], [71.79178332179373, 34.38574169443295], [71.79182684463163, 34.38574076363255], [71.79182468974942, 34.385677614695055]]]]}, "properties": {"id": "8J6H9QPR+7PM8", "height": 3.826206684112549, "hmax": 0.0, "ratio": 0.0, "vulnClass": "none"}}, {"type": "Feature", "geometry": {"type": "MultiPolygon", "coordinates": [[[[71.79135786620415, 34.38571430399419], [71.79127895537736, 34.38571097085765], [71.79127266986295, 34.38581292537979], [71.79135158078469, 34.3858162585257], [71.79135786620415, 34.38571430399419]]]]}, "properties": {"id": "8J6H9QPR+8G4C", "height": 3.505937814712524, "hmax": 0.0, "ratio": 0.0, "vulnClass": "none"}}, {"type": "Feature", "geometry": {"type": "MultiPolygon", "coordinates": [[[[71.79146660848194, 34.385619725574536], [71.79127320588073, 34.385608159637655], [71.79126825002055, 34.385663911367374], [71.79146175791902, 34.38567557021161], [71.79146660848194, 34.385619725574536]]]]}, "properties": {"id": "8J6H9QPR+7G5Q", "height": 3.962095975875854, "hmax": 0.0, "ratio": 0.0, "vulnClass": "none"}}, {"type": "Feature", "geometry": {"type": "MultiPolygon", "coordinates": [[[[71.79117661967965, 34.385555240562105], [71.79107411677624, 34.38555191893677], [71.7910660209593, 34.385724038713136], [71.7911685240715, 34.38572736035698], [71.79117661967965, 34.385555240562105]]]]}, "properties": {"id": "8J6H9QPR+7C5H", "height": 3.166067123413086, "hmax": 0.0, "ratio": 0.0, "vulnClass": "none"}}, {"type": "Feature", "geometry": {"type": "MultiPolygon", "coordinates": [[[[71.79127404875689, 34.38570849863369], [71.79118012120875, 34.385694135690116], [71.79116949438364, 34.38574180694034], [71.79126330649508, 34.385756347127405], [71.79127404875689, 34.38570849863369]]]]}, "properties": {"id": "8J6H9QPR+7FX2", "height": 3.109624862670898, "hmax": 0.0, "ratio": 0.0, "vulnClass": "none"}}, {"type": "Feature", "geometry": {"type": "MultiPolygon", "coordinates": [[[[71.79104703889936, 34.38576274782122], [71.79103752693332, 34.38571860386443], [71.79088621089586, 34.38574086000285], [71.7908957227829, 34.38578500396696], [71.79104703889936, 34.38576274782122]]]]}, "properties": {"id": "8J6H9QPR+8945", "height": 4.73680591583252, "hmax": 0.0, "ratio": 0.0, "vulnClass": "none"}}, {"type": "Feature", "geometry": {"type": "MultiPolygon", "coordinates": [[[[71.79107172901763, 34.385603051207156], [71.79100983556494, 34.385601065931986], [71.79100753373909, 34.38564994715665], [71.79106942378863, 34.385652022476684], [71.79107172901763, 34.385603051207156]]]]}, "properties": {"id": "8J6H9QPR+7C33", "height": 3.111758470535278, "hmax": 0.0, "ratio": 0.0, "vulnClass": "none"}}, {"type": "Feature", "geometry": {"type": "MultiPolygon", "coordinates": [[[[71.79107411677624, 34.38555191893677], [71.79101233197008, 34.38554993651598], [71.79100983556494, 34.385601065931986], [71.79107172901763, 34.385603051207156], [71.79107411677624, 34.38555191893677]]]]}, "properties": {"id": "8J6H9QPR+6CM3", "height": 3.219058990478516, "hmax": 0.0, "ratio": 0.0, "vulnClass": "none"}}, {"type": "Feature", "geometry": {"type": "MultiPolygon", "coordinates": [[[[71.79101233197008, 34.38554993651598], [71.79086552691628, 34.38554518133914], [71.79086313903144, 34.38559631359838], [71.79100983556494, 34.385601065931986], [71.79101233197008, 34.38554993651598]]]]}, "properties": {"id": "8J6H9QPR+69GR", "height": 4.127878665924072, "hmax": 0.0, "ratio": 0.0, "vulnClass": "none"}}, {"type": "Feature", "geometry": {"type": "MultiPolygon", "coordinates": [[[[71.79089471677044, 34.38559786363402], [71.79085152872358, 34.385601416718885], [71.79086246866225, 34.38568787005789], [71.79090522231682, 34.3856843055669], [71.79089471677044, 34.38559786363402]]]]}, "properties": {"id": "8J6H9QPR+792J", "height": 4.810407638549805, "hmax": 0.0, "ratio": 0.0, "vulnClass": "none"}}, {"type": "Feature", "geometry": {"type": "MultiPolygon", "coordinates": [[[[71.79031796920161, 34.38534738707375], [71.79030281130608, 34.385260372291654], [71.79006428228563, 34.38528890001031], [71.79007943649418, 34.385376004849675], [71.79031796920161, 34.38534738707375]]]]}, "properties": {"id": "8J6H9QPR+43GJ", "height": 4.787134170532227, "hmax": 0.0, "ratio": 0.0, "vulnClass": "none"}}, {"type": "Feature", "geometry": {"type": "MultiPolygon", "coordinates": [[[[71.79116972718774, 34.385451047357], [71.79098385145936, 34.38543598314053], [71.79097375576654, 34.385520982943675], [71.79120200841568, 34.38553950298673], [71.7912073222299, 34.38549430609534], [71.79116494551538, 34.385490850297494], [71.79116972718774, 34.385451047357]]]]}, "properties": {"id": "8J6H9QPR+5CWG", "height": 3.50801420211792, "hmax": 0.0, "ratio": 0.0, "vulnClass": "none"}}, {"type": "Feature", "geometry": {"type": "MultiPolygon", "coordinates": [[[[71.79103714154701, 34.38539565095842], [71.79091651093665, 34.385385904631846], [71.79091313651864, 34.38541447800819], [71.79103376716913, 34.385424224340326], [71.79103714154701, 34.38539565095842]]]]}, "properties": {"id": "8J6H9QPR+5996", "height": 3.151947021484375, "hmax": 0.0, "ratio": 0.0, "vulnClass": "none"}}, {"type": "Feature", "geometry": {"type": "MultiPolygon", "coordinates": [[[[71.7910474586801, 34.38530200429157], [71.79085203916507, 34.38530056967464], [71.79085119375843, 34.385382477423164], [71.79104650485507, 34.38538390920112], [71.7910474586801, 34.38530200429157]]]]}, "properties": {"id": "8J6H9QPR+49PM", "height": 4.25226354598999, "hmax": 0.0, "ratio": 0.0, "vulnClass": "none"}}, {"type": "Feature", "geometry": {"type": "MultiPolygon", "coordinates": [[[[71.79102781234076, 34.38507345471167], [71.7909135061111, 34.385068921803914], [71.79090926529621, 34.385140104851374], [71.79094356839647, 34.385141456018616], [71.79094260635001, 34.3851581051752], [71.79102271819978, 34.385161289777635], [71.79102781234076, 34.38507345471167]]]]}, "properties": {"id": "8J6H9QPR+29XC", "height": 6.430911064147949, "hmax": 0.0, "ratio": 0.0, "vulnClass": "none"}}, {"type": "Feature", "geometry": {"type": "MultiPolygon", "coordinates": [[[[71.7910081853403, 34.38496964826503], [71.79095369491765, 34.38496740665034], [71.79095128193971, 34.3850078125552], [71.79100588443568, 34.38500996698181], [71.7910081853403, 34.38496964826503]]]]}, "properties": {"id": "8J6H9QMR+X9XF", "height": 3.685025215148926, "hmax": 0.0, "ratio": 0.0, "vulnClass": "none"}}, {"type": "Feature", "geometry": {"type": "MultiPolygon", "coordinates": [[[[71.79090770545761, 34.38496746121032], [71.79085135205906, 34.38497129961675], [71.79085511395559, 34.38500943405849], [71.79091146737986, 34.38500559565178], [71.79090770545761, 34.38496746121032]]]]}, "properties": {"id": "8J6H9QMR+X9RC", "height": 2.643561840057373, "hmax": 0.0, "ratio": 0.0, "vulnClass": "none"}}, {"type": "Feature", "geometry": {"type": "MultiPolygon", "coordinates": [[[[71.78931550351044, 34.38517901379204], [71.78936007808446, 34.38505381959256], [71.7893015923967, 34.38503948476273], [71.78925701774654, 34.385164678936654], [71.78931550351044, 34.38517901379204]]]]}, "properties": {"id": "8J6H9QPQ+2PV9", "height": 4.60626220703125, "hmax": 0.281, "ratio": 0.061, "vulnClass": "low"}}, {"type": "Feature", "geometry": {"type": "MultiPolygon", "coordinates": [[[[71.7893114112463, 34.385183683300646], [71.78925599343079, 34.38518294880854], [71.78925416494796, 34.38527916165179], [71.78930947421833, 34.3852798932957], [71.7893114112463, 34.385183683300646]]]]}, "properties": {"id": "8J6H9QPQ+3PV6", "height": 4.537792205810547, "hmax": 0.281, "ratio": 0.062, "vulnClass": "low"}}, {"type": "Feature", "geometry": {"type": "MultiPolygon", "coordinates": [[[[71.78929738321129, 34.38528903957683], [71.78925393679556, 34.38529366689505], [71.78927763727413, 34.38544444913541], [71.78932097515921, 34.385439818960606], [71.78929738321129, 34.38528903957683]]]]}, "properties": {"id": "8J6H9QPQ+4PVJ", "height": 5.139528751373291, "hmax": 0.281, "ratio": 0.055, "vulnClass": "low"}}, {"type": "Feature", "geometry": {"type": "MultiPolygon", "coordinates": [[[[71.78953178397916, 34.38549943476448], [71.78951926825842, 34.38543718544366], [71.7893036240735, 34.3854671238622], [71.789316248244, 34.38552937604872], [71.78936586977804, 34.38552247733671], [71.78937402547227, 34.385562259445194], [71.78945938577962, 34.38555044077273], [71.7894513420947, 34.385510571478605], [71.78953178397916, 34.38549943476448]]]]}, "properties": {"id": "8J6H9QPQ+5QVM", "height": 3.100336790084839, "hmax": 0.272, "ratio": 0.088, "vulnClass": "low"}}, {"type": "Feature", "geometry": {"type": "MultiPolygon", "coordinates": [[[[71.78955058861057, 34.38539140981408], [71.78953635599686, 34.385288736309136], [71.78946804705475, 34.38529532456383], [71.78948228302532, 34.38539790803047], [71.78955058861057, 34.38539140981408]]]]}, "properties": {"id": "8J6H9QPQ+4RJM", "height": 3.658005475997925, "hmax": 0.281, "ratio": 0.077, "vulnClass": "low"}}, {"type": "Feature", "geometry": {"type": "MultiPolygon", "coordinates": [[[[71.79263806835628, 34.387387671606355], [71.79256945192894, 34.387388034379676], [71.79256994654239, 34.387446272619286], [71.79263856301739, 34.38744590984836], [71.79263806835628, 34.387387671606355]]]]}, "properties": {"id": "8J6H9QPV+X29M", "height": 2.812779664993286, "hmax": 0.0, "ratio": 0.0, "vulnClass": "none"}}, {"type": "Feature", "geometry": {"type": "MultiPolygon", "coordinates": [[[[71.79249427978664, 34.39017988252654], [71.79242150164275, 34.39015534965644], [71.79240240353016, 34.39019423616369], [71.79247518170034, 34.39021876904662], [71.79249427978664, 34.39017988252654]]]]}, "properties": {"id": "8J6H9QRR+3XGF", "height": 3.404629707336426, "hmax": 0.0, "ratio": 0.0, "vulnClass": "none"}}, {"type": "Feature", "geometry": {"type": "MultiPolygon", "coordinates": [[[[71.79186149744025, 34.389875485148394], [71.79187730651208, 34.38974052189435], [71.79182766420003, 34.38973651504792], [71.79181185505016, 34.38987147829116], [71.79186149744025, 34.389875485148394]]]]}, "properties": {"id": "8J6H9QQR+WPH6", "height": 3.913308382034302, "hmax": 0.0, "ratio": 0.0, "vulnClass": "none"}}, {"type": "Feature", "geometry": {"type": "MultiPolygon", "coordinates": [[[[71.79208400350825, 34.38974585641581], [71.79202492889935, 34.38974115145164], [71.79199625510553, 34.38998808150294], [71.7920899058366, 34.38999558666584], [71.79209266347233, 34.38997177407151], [71.79205808752971, 34.38996897389747], [71.79208400350825, 34.38974585641581]]]]}, "properties": {"id": "8J6H9QQR+WRVV", "height": 3.910706996917725, "hmax": 0.0, "ratio": 0.0, "vulnClass": "none"}}, {"type": "Feature", "geometry": {"type": "MultiPolygon", "coordinates": [[[[71.79234845588974, 34.38976766809082], [71.7922953811442, 34.38976528386877], [71.7922905119065, 34.389838703762386], [71.79234347808324, 34.389841085138904], [71.79234845588974, 34.38976766809082]]]]}, "properties": {"id": "8J6H9QQR+WWG2", "height": 2.799606561660767, "hmax": 0.0, "ratio": 0.0, "vulnClass": "none"}}, {"type": "Feature", "geometry": {"type": "MultiPolygon", "coordinates": [[[[71.79250355726423, 34.38981446062746], [71.7923753170256, 34.3898045158768], [71.79236410116772, 34.38990462855316], [71.79240919555076, 34.38990815531467], [71.79240473644238, 34.38994805689021], [71.79248777043348, 34.38995456209636], [71.79250355726423, 34.38981446062746]]]]}, "properties": {"id": "8J6H9QQR+WXVX", "height": 2.862148761749268, "hmax": 0.0, "ratio": 0.0, "vulnClass": "none"}}, {"type": "Feature", "geometry": {"type": "MultiPolygon", "coordinates": [[[[71.79237036016112, 34.38984891098711], [71.79231333881856, 34.389844530436434], [71.79230251201733, 34.38994014671638], [71.79240473644238, 34.38994805689021], [71.79240919555076, 34.38990815531467], [71.79236410116772, 34.38990462855316], [71.79237036016112, 34.38984891098711]]]]}, "properties": {"id": "8J6H9QQR+XW92", "height": 2.532532453536987, "hmax": 0.0, "ratio": 0.0, "vulnClass": "none"}}, {"type": "Feature", "geometry": {"type": "MultiPolygon", "coordinates": [[[[71.79262092158788, 34.39010641316621], [71.79228671449758, 34.39008051826187], [71.79228098755895, 34.39013084186542], [71.79261530346056, 34.3901567396464], [71.79262092158788, 34.39010641316621]]]]}, "properties": {"id": "8J6H9QRR+2XWM", "height": 2.781109809875488, "hmax": 0.0, "ratio": 0.0, "vulnClass": "none"}}, {"type": "Feature", "geometry": {"type": "MultiPolygon", "coordinates": [[[[71.7923466493572, 34.38995734844343], [71.79229838652209, 34.389957073393916], [71.79229755272088, 34.39007287106748], [71.79234570700747, 34.390073143270826], [71.7923466493572, 34.38995734844343]]]]}, "properties": {"id": "8J6H9QRR+2W4M", "height": 2.532532453536987, "hmax": 0.0, "ratio": 0.0, "vulnClass": "none"}}, {"type": "Feature", "geometry": {"type": "MultiPolygon", "coordinates": [[[[71.79261012132582, 34.38982545885271], [71.79257750251979, 34.38982550427201], [71.79257747060015, 34.38986335885741], [71.7926101980357, 34.38986331628893], [71.79261012132582, 34.38982545885271]]]]}, "properties": {"id": "8J6H9QQV+W2QJ", "height": 2.934339761734009, "hmax": 0.0, "ratio": 0.0, "vulnClass": "none"}}, {"type": "Feature", "geometry": {"type": "MultiPolygon", "coordinates": [[[[71.79244866321353, 34.38962338254705], [71.79243659266646, 34.389463982902306], [71.79232176941888, 34.38946998300891], [71.79233384318496, 34.389629292610955], [71.79244866321353, 34.38962338254705]]]]}, "properties": {"id": "8J6H9QQR+RX6V", "height": 2.561680793762207, "hmax": 0.0, "ratio": 0.0, "vulnClass": "none"}}, {"type": "Feature", "geometry": {"type": "MultiPolygon", "coordinates": [[[[71.79247621425039, 34.389217880753506], [71.79231648220694, 34.38922405441966], [71.79232247823309, 34.38933182932112], [71.79248221048253, 34.3893256556587], [71.79247621425039, 34.389217880753506]]]]}, "properties": {"id": "8J6H9QQR+PX2X", "height": 2.906344413757324, "hmax": 0.0, "ratio": 0.0, "vulnClass": "none"}}, {"type": "Feature", "geometry": {"type": "MultiPolygon", "coordinates": [[[[71.78935454042275, 34.38964814679962], [71.7893239933921, 34.38963950297693], [71.78931271683999, 34.38966714765964], [71.78934315526486, 34.38967578863274], [71.78935454042275, 34.38964814679962]]]]}, "properties": {"id": "8J6H9QQQ+VP88", "height": 4.41018009185791, "hmax": 0.0, "ratio": 0.0, "vulnClass": "none"}}, {"type": "Feature", "geometry": {"type": "MultiPolygon", "coordinates": [[[[71.78937750083966, 34.38959926748441], [71.78933144029669, 34.38958120300305], [71.78931628806122, 34.389607844568694], [71.78936224000046, 34.38962590620348], [71.78937750083966, 34.38959926748441]]]]}, "properties": {"id": "8J6H9QQQ+RPX2", "height": 8.46806812286377, "hmax": 0.0, "ratio": 0.0, "vulnClass": "none"}}, {"type": "Feature", "geometry": {"type": "MultiPolygon", "coordinates": [[[[71.78941501615141, 34.389718595978906], [71.78946197788045, 34.389570841475894], [71.78941324219971, 34.3895601877071], [71.78936617177963, 34.38970793933425], [71.78941501615141, 34.389718595978906]]]]}, "properties": {"id": "8J6H9QQQ+VQ3F", "height": 8.94867992401123, "hmax": 0.0, "ratio": 0.0, "vulnClass": "none"}}, {"type": "Feature", "geometry": {"type": "MultiPolygon", "coordinates": [[[[71.78927742559493, 34.38954652557874], [71.78916409613487, 34.38949352557214], [71.78912227395368, 34.389555158770825], [71.78923560690566, 34.38960806877752], [71.78927742559493, 34.38954652557874]]]]}, "properties": {"id": "8J6H9QQQ+RMG3", "height": 4.405148506164551, "hmax": 0.0, "ratio": 0.0, "vulnClass": "none"}}, {"type": "Feature", "geometry": {"type": "MultiPolygon", "coordinates": [[[[71.78944116509497, 34.389725682153156], [71.78938812949497, 34.389713743719085], [71.78935198127438, 34.38982320577939], [71.78940501349457, 34.389835234274045], [71.78944116509497, 34.389725682153156]]]]}, "properties": {"id": "8J6H9QQQ+WQ2W", "height": 2.817296504974365, "hmax": 0.0, "ratio": 0.0, "vulnClass": "none"}}, {"type": "Feature", "geometry": {"type": "MultiPolygon", "coordinates": [[[[71.7892675495869, 34.389932931824646], [71.78922153556142, 34.38991649089284], [71.78917880957376, 34.38999892081962], [71.7892248270749, 34.39001527172796], [71.7892675495869, 34.389932931824646]]]]}, "properties": {"id": "8J6H9QQQ+XMQJ", "height": 2.459048748016357, "hmax": 0.0, "ratio": 0.0, "vulnClass": "none"}}, {"type": "Feature", "geometry": {"type": "MultiPolygon", "coordinates": [[[[71.78824928463291, 34.390426692281856], [71.7881819593479, 34.3902624156115], [71.78811436594894, 34.39028145997089], [71.7881817997259, 34.39044573952547], [71.78824928463291, 34.390426692281856]]]]}, "properties": {"id": "8J6H9QRQ+47V5", "height": 3.908155202865601, "hmax": 0.0, "ratio": 0.0, "vulnClass": "none"}}, {"type": "Feature", "geometry": {"type": "MultiPolygon", "coordinates": [[[[71.78846087189997, 34.39040367983071], [71.7884359275303, 34.390308205774645], [71.78836827336386, 34.39032030852875], [71.78837908571352, 34.39036169272487], [71.78835806639505, 34.39036546678426], [71.78834725405558, 34.39032408258684], [71.78826536631837, 34.39033878565261], [71.78829031049737, 34.390434259732736], [71.78846087189997, 34.39040367983071]]]]}, "properties": {"id": "8J6H9QRQ+48XW", "height": 2.550519704818726, "hmax": 0.0, "ratio": 0.0, "vulnClass": "none"}}, {"type": "Feature", "geometry": {"type": "MultiPolygon", "coordinates": [[[[71.78824769747835, 34.38998761849892], [71.78823217883357, 34.38994989617006], [71.78814051339239, 34.389975788991165], [71.78819540452119, 34.39010981520268], [71.78812715267702, 34.39012902253583], [71.78814406108458, 34.39017020640331], [71.78826419187784, 34.39013631873284], [71.78820780222318, 34.38999882816535], [71.78824769747835, 34.38998761849892]]]]}, "properties": {"id": "8J6H9QRQ+27GF", "height": 5.011993408203125, "hmax": 0.0, "ratio": 0.0, "vulnClass": "none"}}, {"type": "Feature", "geometry": {"type": "MultiPolygon", "coordinates": [[[[71.7881819593479, 34.3902624156115], [71.78812715267702, 34.39012902253583], [71.78805966799274, 34.39014806972462], [71.78811436594894, 34.39028145997089], [71.7881819593479, 34.3902624156115]]]]}, "properties": {"id": "8J6H9QRQ+36Q9", "height": 4.060664653778076, "hmax": 0.0, "ratio": 0.0, "vulnClass": "none"}}, {"type": "Feature", "geometry": {"type": "MultiPolygon", "coordinates": [[[[71.78902533993538, 34.38949988535369], [71.78895385347023, 34.38945582577809], [71.78885505022403, 34.389566075325405], [71.78892653672176, 34.38961013496058], [71.78902533993538, 34.38949988535369]]]]}, "properties": {"id": "8J6H9QQQ+RH86", "height": 3.583486080169678, "hmax": 0.0, "ratio": 0.0, "vulnClass": "none"}}, {"type": "Feature", "geometry": {"type": "MultiPolygon", "coordinates": [[[[71.7891567329455, 34.38935335739029], [71.78911647344488, 34.389328595190364], [71.78909728142642, 34.38934999309691], [71.78906594588867, 34.38933069294224], [71.78895385347023, 34.38945582577809], [71.78907292865362, 34.389529166439544], [71.78912199054227, 34.38947439318687], [71.78907451044873, 34.3894451149738], [71.7891567329455, 34.38935335739029]]]]}, "properties": {"id": "8J6H9QQQ+QJF5", "height": 3.088541984558105, "hmax": 0.0, "ratio": 0.0, "vulnClass": "none"}}, {"type": "Feature", "geometry": {"type": "MultiPolygon", "coordinates": [[[[71.7877315487057, 34.38821152794058], [71.78768336590475, 34.38820350186014], [71.7876689014664, 34.38826332980062], [71.7877171963545, 34.38827126870142], [71.7877315487057, 34.38821152794058]]]]}, "properties": {"id": "8J6H9QQQ+73WF", "height": 3.664797306060791, "hmax": 0.0, "ratio": 0.0, "vulnClass": "none"}}, {"type": "Feature", "geometry": {"type": "MultiPolygon", "coordinates": [[[[71.78798842582626, 34.38814409958865], [71.78793019975521, 34.38814851829014], [71.78794030608991, 34.38823963673702], [71.78799853222445, 34.38823521803428], [71.78798842582626, 34.38814409958865]]]]}, "properties": {"id": "8J6H9QQQ+75GQ", "height": 3.051516056060791, "hmax": 0.0, "ratio": 0.0, "vulnClass": "none"}}, {"type": "Feature", "geometry": {"type": "MultiPolygon", "coordinates": [[[[71.78795443475019, 34.38810327801275], [71.7879489219141, 34.388054101437504], [71.78780999942911, 34.38806487199435], [71.78781551562625, 34.3881139585299], [71.78795443475019, 34.38810327801275]]]]}, "properties": {"id": "8J6H9QQQ+65J6", "height": 3.061074256896973, "hmax": 0.0, "ratio": 0.0, "vulnClass": "none"}}, {"type": "Feature", "geometry": {"type": "MultiPolygon", "coordinates": [[[[71.78779325991573, 34.38813302242885], [71.78769892704028, 34.38811783490462], [71.78768760141273, 34.388166659119705], [71.78778182572745, 34.38818184380142], [71.78779325991573, 34.38813302242885]]]]}, "properties": {"id": "8J6H9QQQ+735W", "height": 4.093753337860107, "hmax": 0.0, "ratio": 0.0, "vulnClass": "none"}}, {"type": "Feature", "geometry": {"type": "MultiPolygon", "coordinates": [[[[71.78806289930215, 34.38814695779664], [71.7880571535127, 34.38809534154398], [71.78781551562625, 34.3881139585299], [71.78782136643582, 34.388165667680965], [71.78806289930215, 34.38814695779664]]]]}, "properties": {"id": "8J6H9QQQ+7546", "height": 3.092400074005127, "hmax": 0.0, "ratio": 0.0, "vulnClass": "none"}}, {"type": "Feature", "geometry": {"type": "MultiPolygon", "coordinates": [[[[71.78778659508022, 34.38777844895328], [71.78774974443557, 34.38777261346198], [71.78772379966136, 34.38788531750522], [71.78776065035241, 34.38789115300695], [71.78778659508022, 34.38777844895328]]]]}, "properties": {"id": "8J6H9QQQ+44J6", "height": 5.248889923095703, "hmax": 0.0, "ratio": 0.0, "vulnClass": "none"}}, {"type": "Feature", "geometry": {"type": "MultiPolygon", "coordinates": [[[[71.78783180449354, 34.38779883504452], [71.78777610205586, 34.38779412654869], [71.7877610792242, 34.387914057760455], [71.7878167782968, 34.38791885630883], [71.78783180449354, 34.38779883504452]]]]}, "properties": {"id": "8J6H9QQQ+44V7", "height": 3.883760452270508, "hmax": 0.0, "ratio": 0.0, "vulnClass": "none"}}, {"type": "Feature", "geometry": {"type": "MultiPolygon", "coordinates": [[[[71.78767386268214, 34.38810230448554], [71.78771219145281, 34.38793584680401], [71.78768085240497, 34.38793087718279], [71.78764252357603, 34.38809733485124], [71.78767386268214, 34.38810230448554]]]]}, "properties": {"id": "8J6H9QQQ+633P", "height": 4.064525127410889, "hmax": 0.0, "ratio": 0.0, "vulnClass": "none"}}, {"type": "Feature", "geometry": {"type": "MultiPolygon", "coordinates": [[[[71.78776065035241, 34.38789115300695], [71.78769246063122, 34.38788034788797], [71.78768085240497, 34.38793087718279], [71.78774904216466, 34.38794168231039], [71.78776065035241, 34.38789115300695]]]]}, "properties": {"id": "8J6H9QQQ+539C", "height": 4.4754638671875, "hmax": 0.0, "ratio": 0.0, "vulnClass": "none"}}, {"type": "Feature", "geometry": {"type": "MultiPolygon", "coordinates": [[[[71.787201911345, 34.38682562215576], [71.78710416896024, 34.386822872927326], [71.78709979028757, 34.3869288429855], [71.78722251319776, 34.38693224877398], [71.78722542647388, 34.38686175212896], [71.78720044609202, 34.386861095581075], [71.787201911345, 34.38682562215576]]]]}, "properties": {"id": "8J6H9QPP+QV36", "height": 3.093464612960815, "hmax": 0.0, "ratio": 0.0, "vulnClass": "none"}}, {"type": "Feature", "geometry": {"type": "MultiPolygon", "coordinates": [[[[71.78707560947478, 34.38681914793325], [71.78688549514524, 34.386818206818006], [71.7868851890001, 34.38686885284654], [71.78707530688769, 34.386869703927395], [71.78707560947478, 34.38681914793325]]]]}, "properties": {"id": "8J6H9QPP+PQQM", "height": 3.997754573822021, "hmax": 0.0, "ratio": 0.0, "vulnClass": "none"}}, {"type": "Feature", "geometry": {"type": "MultiPolygon", "coordinates": [[[[71.78688549514524, 34.386818206818006], [71.78673733539307, 34.38681755706302], [71.78673669484364, 34.38690821281826], [71.78688485475573, 34.38690886258301], [71.78688549514524, 34.386818206818006]]]]}, "properties": {"id": "8J6H9QPP+PPVH", "height": 6.128873825073242, "hmax": 0.0, "ratio": 0.0, "vulnClass": "none"}}, {"type": "Feature", "geometry": {"type": "MultiPolygon", "coordinates": [[[[71.78673669484364, 34.38690821281826], [71.78668136739991, 34.386907930156454], [71.78668094270436, 34.38697020006606], [71.78673627018911, 34.38697048273035], [71.78673669484364, 34.38690821281826]]]]}, "properties": {"id": "8J6H9QPP+QMGG", "height": 2.453672885894775, "hmax": 0.0, "ratio": 0.0, "vulnClass": "none"}}, {"type": "Feature", "geometry": {"type": "MultiPolygon", "coordinates": [[[[71.78656557767697, 34.38700466224499], [71.7865502836039, 34.38694973045902], [71.78646627684468, 34.386965908945825], [71.78648128636111, 34.3870197516786], [71.78656557767697, 34.38700466224499]]]]}, "properties": {"id": "8J6H9QPP+QJRG", "height": 3.37823486328125, "hmax": 0.0, "ratio": 0.0, "vulnClass": "none"}}, {"type": "Feature", "geometry": {"type": "MultiPolygon", "coordinates": [[[[71.78651545825812, 34.386885272050094], [71.78646218619213, 34.386893786105475], [71.78647574083409, 34.38695155639098], [71.78652901638036, 34.38694295229049], [71.78651545825812, 34.386885272050094]]]]}, "properties": {"id": "8J6H9QPP+QH9Q", "height": 3.871071815490723, "hmax": 0.0, "ratio": 0.0, "vulnClass": "none"}}, {"type": "Feature", "geometry": {"type": "MultiPolygon", "coordinates": [[[[71.78646277303478, 34.38686991660762], [71.78641509520574, 34.386877135598944], [71.78643668179473, 34.38697504542399], [71.78648424762447, 34.38696791361339], [71.78646277303478, 34.38686991660762]]]]}, "properties": {"id": "8J6H9QPP+QH8V", "height": 3.871071815490723, "hmax": 0.0, "ratio": 0.0, "vulnClass": "none"}}, {"type": "Feature", "geometry": {"type": "MultiPolygon", "coordinates": [[[[71.78673733539307, 34.38681755706302], [71.7866125509653, 34.38681689068515], [71.78661213604526, 34.38686753384865], [71.78664779121904, 34.386867659941466], [71.78664745341773, 34.38690775971222], [71.78673669484364, 34.38690821281826], [71.78673733539307, 34.38681755706302]]]]}, "properties": {"id": "8J6H9QPP+PMV9", "height": 6.128873825073242, "hmax": 0.0, "ratio": 0.0, "vulnClass": "none"}}, {"type": "Feature", "geometry": {"type": "MultiPolygon", "coordinates": [[[[71.7865445797777, 34.38681176900086], [71.78643219071607, 34.38681106776017], [71.7864318218175, 34.38685197789611], [71.78654421093387, 34.386852679140205], [71.7865445797777, 34.38681176900086]]]]}, "properties": {"id": "8J6H9QPP+PHQ8", "height": 3.247007846832275, "hmax": 0.0, "ratio": 0.0, "vulnClass": "none"}}, {"type": "Feature", "geometry": {"type": "MultiPolygon", "coordinates": [[[[71.78643535234438, 34.38680799626317], [71.78629002869512, 34.38680994421294], [71.78629097890017, 34.38685900088667], [71.78643629919047, 34.386857142981796], [71.78643535234438, 34.38680799626317]]]]}, "properties": {"id": "8J6H9QPP+PGQ8", "height": 3.229899883270264, "hmax": 0.0, "ratio": 0.0, "vulnClass": "none"}}, {"type": "Feature", "geometry": {"type": "MultiPolygon", "coordinates": [[[[71.7862453166646, 34.386830580613974], [71.78620899975108, 34.386836385704086], [71.78623721568455, 34.386957092926075], [71.78629924207617, 34.38694709661911], [71.78627577988739, 34.3868470644334], [71.78625017910149, 34.386851258496975], [71.7862453166646, 34.386830580613974]]]]}, "properties": {"id": "8J6H9QPP+QG2R", "height": 2.92387580871582, "hmax": 0.0, "ratio": 0.0, "vulnClass": "none"}}, {"type": "Feature", "geometry": {"type": "MultiPolygon", "coordinates": [[[[71.78625840825397, 34.38695161125937], [71.78621140269512, 34.38695830705255], [71.78622159162464, 34.38700742635423], [71.78626859721085, 34.38700073055867], [71.78625840825397, 34.38695161125937]]]]}, "properties": {"id": "8J6H9QPP+QFX4", "height": 2.62424898147583, "hmax": 0.0, "ratio": 0.0, "vulnClass": "none"}}, {"type": "Feature", "geometry": {"type": "MultiPolygon", "coordinates": [[[[71.7864626861497, 34.38709389182708], [71.78644315486417, 34.38700477882158], [71.7863014347793, 34.38702619984254], [71.78632096591562, 34.38711531286227], [71.7864626861497, 34.38709389182708]]]]}, "properties": {"id": "8J6H9QPP+RHCC", "height": 2.862316131591797, "hmax": 0.0, "ratio": 0.0, "vulnClass": "none"}}, {"type": "Feature", "geometry": {"type": "MultiPolygon", "coordinates": [[[[71.78652834360172, 34.38701170516344], [71.78647159247576, 34.38702021789394], [71.78648821812266, 34.38709149854771], [71.78654477273913, 34.387082439854304], [71.78652834360172, 34.38701170516344]]]]}, "properties": {"id": "8J6H9QPP+RJC3", "height": 2.463449478149414, "hmax": 0.0, "ratio": 0.0, "vulnClass": "none"}}, {"type": "Feature", "geometry": {"type": "MultiPolygon", "coordinates": [[[[71.78589414179149, 34.38705253556088], [71.78586700657438, 34.386960428462636], [71.78582209052453, 34.38696934220779], [71.78581632830475, 34.38694945183797], [71.785794308168, 34.38695383008546], [71.78579996177234, 34.386973717600206], [71.7857068472147, 34.38699208963377], [71.78573332715273, 34.387084269663774], [71.78589414179149, 34.38705253556088]]]]}, "properties": {"id": "8J6H9QPP+R83W", "height": 2.526483058929443, "hmax": 0.0, "ratio": 0.0, "vulnClass": "none"}}, {"type": "Feature", "geometry": {"type": "MultiPolygon", "coordinates": [[[[71.78545891439603, 34.38705596290948], [71.78565290622045, 34.38705502532777], [71.7856523013767, 34.38696001054193], [71.78553953812967, 34.386960560477476], [71.78553984293569, 34.38700374160699], [71.78545850248076, 34.387004216447444], [71.78545891439603, 34.38705596290948]]]]}, "properties": {"id": "8J6H9QPP+R64C", "height": 3.281538009643555, "hmax": 0.0, "ratio": 0.0, "vulnClass": "none"}}, {"type": "Feature", "geometry": {"type": "MultiPolygon", "coordinates": [[[[71.78549027857683, 34.38688977353578], [71.78545302889835, 34.386894382156676], [71.78545832067891, 34.38692372400485], [71.78549557037041, 34.386919115383066], [71.78549027857683, 34.38688977353578]]]]}, "properties": {"id": "8J6H9QPP+Q596", "height": 2.520630359649658, "hmax": 0.0, "ratio": 0.0, "vulnClass": "none"}}, {"type": "Feature", "geometry": {"type": "MultiPolygon", "coordinates": [[[[71.78563233922864, 34.38684808276513], [71.78551279896837, 34.38684106367077], [71.78550611589968, 34.386919122299304], [71.78562565626953, 34.386926141406335], [71.78563233922864, 34.38684808276513]]]]}, "properties": {"id": "8J6H9QPP+Q646", "height": 3.574758052825928, "hmax": 0.0, "ratio": 0.0, "vulnClass": "none"}}, {"type": "Feature", "geometry": {"type": "MultiPolygon", "coordinates": [[[[71.78560553469045, 34.38673597506019], [71.78547257373113, 34.386735903696916], [71.78547254760295, 34.3867820504723], [71.78553353641885, 34.386782122026496], [71.785533538248, 34.38683890508596], [71.78560539845812, 34.38683899208708], [71.78560553469045, 34.38673597506019]]]]}, "properties": {"id": "8J6H9QPP+P674", "height": 3.620380878448486, "hmax": 0.0, "ratio": 0.0, "vulnClass": "none"}}, {"type": "Feature", "geometry": {"type": "MultiPolygon", "coordinates": [[[[71.78572554443761, 34.387114349292794], [71.78571597749661, 34.38704613837894], [71.78559463427744, 34.38705781935464], [71.78560420456459, 34.38712594023124], [71.78572554443761, 34.387114349292794]]]]}, "properties": {"id": "8J6H9QPP+R7MC", "height": 3.217911243438721, "hmax": 0.0, "ratio": 0.0, "vulnClass": "none"}}, {"type": "Feature", "geometry": {"type": "MultiPolygon", "coordinates": [[[[71.78574377495373, 34.38714934912659], [71.78572773042757, 34.38711404624593], [71.78545243153435, 34.387199822979234], [71.78549243572166, 34.38728803237679], [71.78574033256271, 34.38721090873856], [71.78571626404343, 34.38715799943647], [71.78574377495373, 34.38714934912659]]]]}, "properties": {"id": "8J6H9QPP+V6Q3", "height": 2.969269275665283, "hmax": 0.0, "ratio": 0.0, "vulnClass": "none"}}, {"type": "Feature", "geometry": {"type": "MultiPolygon", "coordinates": [[[[71.78543866199418, 34.38713916273392], [71.78543159566047, 34.38709084655042], [71.78536415054397, 34.387097545297486], [71.78537121683878, 34.387145861482686], [71.78543866199418, 34.38713916273392]]]]}, "properties": {"id": "8J6H9QPP+R5RQ", "height": 3.183335304260254, "hmax": 0.0, "ratio": 0.0, "vulnClass": "none"}}, {"type": "Feature", "geometry": {"type": "MultiPolygon", "coordinates": [[[[71.78619330318462, 34.38815333910052], [71.78618069724554, 34.38806224497851], [71.78588018526082, 34.388090847083795], [71.78589279087291, 34.38818194121836], [71.78619330318462, 34.38815333910052]]]]}, "properties": {"id": "8J6H9QQP+6CVR", "height": 4.882863998413086, "hmax": 0.206, "ratio": 0.042, "vulnClass": "low"}}, {"type": "Feature", "geometry": {"type": "MultiPolygon", "coordinates": [[[[71.7854474555182, 34.3883186778216], [71.78543126803899, 34.388289950761695], [71.78537631101975, 34.388311218708296], [71.78539249848303, 34.388339945774575], [71.7854474555182, 34.3883186778216]]]]}, "properties": {"id": "8J6H9QQP+85FC", "height": 2.49151873588562, "hmax": 0.0, "ratio": 0.0, "vulnClass": "none"}}, {"type": "Feature", "geometry": {"type": "MultiPolygon", "coordinates": [[[[71.78502446656844, 34.38787996857567], [71.7849167671704, 34.387878848446384], [71.78491491340422, 34.38800399266588], [71.78530203259712, 34.388007774623404], [71.78530320932595, 34.38792019751361], [71.78502390203973, 34.387917448530544], [71.78502446656844, 34.38787996857567]]]]}, "properties": {"id": "8J6H9QQP+52Q6", "height": 3.559213638305664, "hmax": 0.0, "ratio": 0.0, "vulnClass": "none"}}, {"type": "Feature", "geometry": {"type": "MultiPolygon", "coordinates": [[[[71.78503131027067, 34.38672096422449], [71.78494612562463, 34.38671962512411], [71.78494418643501, 34.386798709794], [71.78502936771552, 34.386800138941354], [71.78503131027067, 34.38672096422449]]]]}, "properties": {"id": "8J6H9QPM+PX58", "height": 2.461107730865479, "hmax": 0.0, "ratio": 0.0, "vulnClass": "none"}}, {"type": "Feature", "geometry": {"type": "MultiPolygon", "coordinates": [[[[71.7831288602206, 34.38740170195386], [71.78309961603101, 34.38727105260249], [71.78304952767296, 34.38727874761462], [71.78305928029907, 34.38732217734683], [71.78288670684724, 34.387348640947515], [71.7829061947078, 34.38743595063272], [71.7831288602206, 34.38740170195386]]]]}, "properties": {"id": "8J6H9QPM+W6RM", "height": 2.644568920135498, "hmax": 0.0, "ratio": 0.0, "vulnClass": "none"}}, {"type": "Feature", "geometry": {"type": "MultiPolygon", "coordinates": [[[[71.78298315355319, 34.38946918322759], [71.78299339252591, 34.389443134254414], [71.78294550789485, 34.38943015690008], [71.78293516029626, 34.38945620301002], [71.78291105506064, 34.3894497100359], [71.78288226895772, 34.389522860373496], [71.78297987095073, 34.389549223876564], [71.78300865698137, 34.38947607351193], [71.78298315355319, 34.38946918322759]]]]}, "properties": {"id": "8J6H9QQM+Q5WM", "height": 2.487101793289185, "hmax": 0.0, "ratio": 0.0, "vulnClass": "none"}}, {"type": "Feature", "geometry": {"type": "MultiPolygon", "coordinates": [[[[71.7831717805723, 34.38963404095938], [71.78306563587412, 34.389595104746164], [71.7830131669045, 34.38969331936054], [71.78311931169512, 34.38973225562446], [71.7831717805723, 34.38963404095938]]]]}, "properties": {"id": "8J6H9QQM+V68H", "height": 2.74222469329834, "hmax": 0.0, "ratio": 0.0, "vulnClass": "none"}}, {"type": "Feature", "geometry": {"type": "MultiPolygon", "coordinates": [[[[71.78318576923915, 34.389592407739755], [71.7831398154061, 34.38959146878109], [71.78313906892554, 34.38961380178743], [71.78318513138426, 34.38961474360539], [71.78318576923915, 34.389592407739755]]]]}, "properties": {"id": "8J6H9QQM+R7V2", "height": 2.834066867828369, "hmax": 0.0, "ratio": 0.0, "vulnClass": "none"}}, {"type": "Feature", "geometry": {"type": "MultiPolygon", "coordinates": [[[[71.78331310920842, 34.38965137005512], [71.78334582752117, 34.3895862546704], [71.78323949487462, 34.38954938669018], [71.78315947285054, 34.38970843620591], [71.78323404561972, 34.389734283588176], [71.7832813492034, 34.38964034939274], [71.78331310920842, 34.38965137005512]]]]}, "properties": {"id": "8J6H9QQM+V75H", "height": 2.893141269683838, "hmax": 0.0, "ratio": 0.0, "vulnClass": "none"}}, {"type": "Feature", "geometry": {"type": "MultiPolygon", "coordinates": [[[[71.78402844915195, 34.389414308624076], [71.78397691228571, 34.38934904933468], [71.78384134821418, 34.389422545165196], [71.78389299017705, 34.38948789740643], [71.78402844915195, 34.389414308624076]]]]}, "properties": {"id": "8J6H9QQM+QH7Q", "height": 8.130212783813477, "hmax": 0.0, "ratio": 0.0, "vulnClass": "none"}}, {"type": "Feature", "geometry": {"type": "MultiPolygon", "coordinates": [[[[71.78361247360043, 34.38933486371231], [71.78362237447688, 34.38931196039194], [71.7835986191889, 34.38930484583978], [71.78358861314139, 34.389327656259], [71.78361247360043, 34.38933486371231]]]]}, "properties": {"id": "8J6H9QQM+PCHM", "height": 7.446667194366455, "hmax": 0.0, "ratio": 0.0, "vulnClass": "none"}}, {"type": "Feature", "geometry": {"type": "MultiPolygon", "coordinates": [[[[71.78359633894084, 34.38966540267011], [71.78346000115371, 34.38962846639577], [71.78343025000119, 34.38970411516594], [71.78347738147535, 34.38971689225423], [71.78349062182524, 34.38968344128646], [71.7835105291731, 34.38968883223802], [71.78344840634999, 34.389846099658094], [71.7835045752772, 34.38986136784523], [71.78356680662468, 34.38970410324961], [71.78357971959878, 34.38970759764218], [71.78359633894084, 34.38966540267011]]]]}, "properties": {"id": "8J6H9QQM+VCR2", "height": 3.007808208465576, "hmax": 0.0, "ratio": 0.0, "vulnClass": "none"}}, {"type": "Feature", "geometry": {"type": "MultiPolygon", "coordinates": [[[[71.78333627514301, 34.38971930802928], [71.78325089445153, 34.38970029668921], [71.78322634619755, 34.389776352717185], [71.78331172695803, 34.38979536407826], [71.78333627514301, 34.38971930802928]]]]}, "properties": {"id": "8J6H9QQM+V8VR", "height": 2.473141431808472, "hmax": 0.0, "ratio": 0.0, "vulnClass": "none"}}, {"type": "Feature", "geometry": {"type": "MultiPolygon", "coordinates": [[[[71.78341572918859, 34.38986470821165], [71.78331965415987, 34.38983820496311], [71.78330150198676, 34.38988351416209], [71.78339757705928, 34.38991001742733], [71.78341572918859, 34.38986470821165]]]]}, "properties": {"id": "8J6H9QQM+W8XV", "height": 2.981397151947021, "hmax": 0.0, "ratio": 0.0, "vulnClass": "none"}}, {"type": "Feature", "geometry": {"type": "MultiPolygon", "coordinates": [[[[71.78343379613754, 34.390071495017544], [71.78338261127824, 34.39005951255871], [71.78336251613788, 34.39011865091163], [71.78341370447676, 34.39013054333974], [71.78343379613754, 34.390071495017544]]]]}, "properties": {"id": "8J6H9QRM+29JW", "height": 2.514190196990967, "hmax": 0.0, "ratio": 0.0, "vulnClass": "none"}}, {"type": "Feature", "geometry": {"type": "MultiPolygon", "coordinates": [[[[71.78383928729556, 34.39009829827503], [71.78357724411855, 34.390036332836935], [71.78356218838637, 34.390080281448064], [71.7838123806435, 34.39013941141926], [71.78381850081504, 34.3901215461154], [71.78383024323932, 34.390124378762806], [71.78383928729556, 34.39009829827503]]]]}, "properties": {"id": "8J6H9QRM+2FPF", "height": 4.262322902679443, "hmax": 0.0, "ratio": 0.0, "vulnClass": "none"}}, {"type": "Feature", "geometry": {"type": "MultiPolygon", "coordinates": [[[[71.78404278468179, 34.39034340266787], [71.78418636987674, 34.39009733524122], [71.78409813681854, 34.390061935601935], [71.78391290623935, 34.390379102675546], [71.78407534431102, 34.39044430546541], [71.7841047782849, 34.39039397519237], [71.78413369058404, 34.39040555165235], [71.78414579654441, 34.390384689202364], [71.78404278468179, 34.39034340266787]]]]}, "properties": {"id": "8J6H9QRM+4J3P", "height": 6.566800594329834, "hmax": 0.0, "ratio": 0.0, "vulnClass": "none"}}, {"type": "Feature", "geometry": {"type": "MultiPolygon", "coordinates": [[[[71.78396643448224, 34.39006577121306], [71.78385922867197, 34.390040327499214], [71.78383024323932, 34.390124378762806], [71.78393745259119, 34.390149732466355], [71.78396643448224, 34.39006577121306]]]]}, "properties": {"id": "8J6H9QRM+2HJW", "height": 7.668907165527344, "hmax": 0.0, "ratio": 0.0, "vulnClass": "none"}}, {"type": "Feature", "geometry": {"type": "MultiPolygon", "coordinates": [[[[71.78391086119578, 34.39016273284415], [71.78382412306998, 34.39014224406737], [71.783809448441, 34.39018476063243], [71.78389618660549, 34.39020524942178], [71.78391086119578, 34.39016273284415]]]]}, "properties": {"id": "8J6H9QRM+3G9W", "height": 5.304412841796875, "hmax": 0.0, "ratio": 0.0, "vulnClass": "none"}}, {"type": "Feature", "geometry": {"type": "MultiPolygon", "coordinates": [[[[71.78391757305604, 34.390362280708196], [71.7839269894161, 34.390326475789074], [71.78389210873469, 34.390334481084714], [71.78390254463486, 34.39036576095964], [71.78391757305604, 34.390362280708196]]]]}, "properties": {"id": "8J6H9QRM+4HMR", "height": 5.859340667724609, "hmax": 0.0, "ratio": 0.0, "vulnClass": "none"}}, {"type": "Feature", "geometry": {"type": "MultiPolygon", "coordinates": [[[[71.78357700121323, 34.39037774519915], [71.78347282766023, 34.39033273222498], [71.78346043707572, 34.39035250553374], [71.78348706835556, 34.390364022120146], [71.78345036551325, 34.39042245306869], [71.78352791128576, 34.39045585945222], [71.78357700121323, 34.39037774519915]]]]}, "properties": {"id": "8J6H9QRM+5C2V", "height": 4.231777667999268, "hmax": 0.0, "ratio": 0.0, "vulnClass": "none"}}, {"type": "Feature", "geometry": {"type": "MultiPolygon", "coordinates": [[[[71.78391687889584, 34.39042868948938], [71.78368151031115, 34.390308930619085], [71.78358106858673, 34.39044472992163], [71.78362905913734, 34.39046915655359], [71.7837025491749, 34.39036996255702], [71.7838898221279, 34.39046520198211], [71.78391687889584, 34.39042868948938]]]]}, "properties": {"id": "8J6H9QRM+5F5M", "height": 4.354048728942871, "hmax": 0.0, "ratio": 0.0, "vulnClass": "none"}}, {"type": "Feature", "geometry": {"type": "MultiPolygon", "coordinates": [[[[71.78360433007386, 34.39027165829175], [71.78354126643802, 34.39025756069146], [71.78353103443499, 34.390289107925355], [71.78359409809194, 34.3903032055321], [71.78360433007386, 34.39027165829175]]]]}, "properties": {"id": "8J6H9QRM+4C86", "height": 5.060672760009766, "hmax": 0.0, "ratio": 0.0, "vulnClass": "none"}}, {"type": "Feature", "geometry": {"type": "MultiPolygon", "coordinates": [[[[71.78351829869585, 34.39023271090201], [71.78345584018992, 34.39020565022269], [71.78339667677047, 34.390299813174686], [71.78345913877017, 34.39032678384584], [71.78351829869585, 34.39023271090201]]]]}, "properties": {"id": "8J6H9QRM+494P", "height": 5.955801963806152, "hmax": 0.0, "ratio": 0.0, "vulnClass": "none"}}, {"type": "Feature", "geometry": {"type": "MultiPolygon", "coordinates": [[[[71.78341487237248, 34.39033003543933], [71.78338620502272, 34.390317744205], [71.78331394395431, 34.390433103909245], [71.78334260788226, 34.39044548520289], [71.78337665062791, 34.390391220476424], [71.78345034827458, 34.39042290327335], [71.7834754863384, 34.39038255486398], [71.78340178871521, 34.39035087208351], [71.78341487237248, 34.39033003543933]]]]}, "properties": {"id": "8J6H9QRM+5928", "height": 2.77898120880127, "hmax": 0.0, "ratio": 0.0, "vulnClass": "none"}}, {"type": "Feature", "geometry": {"type": "MultiPolygon", "coordinates": [[[[71.7835291027877, 34.390495729000264], [71.7834657148483, 34.390473060315074], [71.7834428283619, 34.39051707323714], [71.78350632494113, 34.3905397447937], [71.7835291027877, 34.390495729000264]]]]}, "properties": {"id": "8J6H9QRM+6958", "height": 2.462844133377075, "hmax": 0.0, "ratio": 0.0, "vulnClass": "none"}}, {"type": "Feature", "geometry": {"type": "MultiPolygon", "coordinates": [[[[71.78363755548544, 34.39051417555732], [71.78359332511174, 34.39050228604112], [71.78358126732608, 34.39053324444532], [71.78362549771369, 34.39054513396666], [71.78363755548544, 34.39051417555732]]]]}, "properties": {"id": "8J6H9QRM+6C5W", "height": 3.650082111358643, "hmax": 0.0, "ratio": 0.0, "vulnClass": "none"}}, {"type": "Feature", "geometry": {"type": "MultiPolygon", "coordinates": [[[[71.78263748086403, 34.390395741825635], [71.7824764953465, 34.39038916094905], [71.78246816540732, 34.39052999768173], [71.78256977003987, 34.39053420438907], [71.78257492722139, 34.39044781376935], [71.78263419969903, 34.39045018509981], [71.78263748086403, 34.390395741825635]]]]}, "properties": {"id": "8J6H9QRM+52M2", "height": 2.880290508270264, "hmax": 0.0, "ratio": 0.0, "vulnClass": "none"}}, {"type": "Feature", "geometry": {"type": "MultiPolygon", "coordinates": [[[[71.78319460183887, 34.38988133188737], [71.78310143013873, 34.3898528318458], [71.78303899438053, 34.38999269538326], [71.78317794616056, 34.390035198962174], [71.783211961204, 34.38995894142398], [71.78316628989816, 34.389944940814274], [71.78319460183887, 34.38988133188737]]]]}, "properties": {"id": "8J6H9QQM+X7CR", "height": 3.632222175598145, "hmax": 0.0, "ratio": 0.0, "vulnClass": "none"}}, {"type": "Feature", "geometry": {"type": "MultiPolygon", "coordinates": [[[[71.78321567454856, 34.38982221928847], [71.78312452518834, 34.38979485406657], [71.78309902339538, 34.38985321916506], [71.78319017280755, 34.389880584408864], [71.78321567454856, 34.38982221928847]]]]}, "properties": {"id": "8J6H9QQM+W7MC", "height": 4.694472789764404, "hmax": 0.0, "ratio": 0.0, "vulnClass": "none"}}, {"type": "Feature", "geometry": {"type": "MultiPolygon", "coordinates": [[[[71.78323615065338, 34.38973325740467], [71.78318702969021, 34.389721329184006], [71.78317253240836, 34.3897620477009], [71.78322164994444, 34.38977406596947], [71.78323615065338, 34.38973325740467]]]]}, "properties": {"id": "8J6H9QQM+V7WW", "height": 2.727356672286987, "hmax": 0.0, "ratio": 0.0, "vulnClass": "none"}}, {"type": "Feature", "geometry": {"type": "MultiPolygon", "coordinates": [[[[71.78304120122206, 34.389832859910946], [71.78290022585146, 34.38978642726759], [71.7828610005872, 34.389868135746816], [71.78302140759658, 34.38992102853071], [71.78304834040932, 34.38986504453535], [71.78302880027512, 34.38985858159247], [71.78304120122206, 34.389832859910946]]]]}, "properties": {"id": "8J6H9QQM+W5W4", "height": 2.662518501281738, "hmax": 0.0, "ratio": 0.0, "vulnClass": "none"}}, {"type": "Feature", "geometry": {"type": "MultiPolygon", "coordinates": [[[[71.78212876401946, 34.390651123159564], [71.78212038582274, 34.39059736441879], [71.7820375230577, 34.39060626916622], [71.78204590465057, 34.39065993786888], [71.78212876401946, 34.390651123159564]]]]}, "properties": {"id": "8J6H9QRJ+7R44", "height": 3.705812692642212, "hmax": 0.0, "ratio": 0.0, "vulnClass": "none"}}, {"type": "Feature", "geometry": {"type": "MultiPolygon", "coordinates": [[[[71.77785679081458, 34.38512591897075], [71.77773719211267, 34.38512051316645], [71.77773077513024, 34.38521696501682], [71.77815468429765, 34.385236250234826], [71.77816109734529, 34.3851398883756], [71.77791289580621, 34.385128569518336], [71.77792112596552, 34.38500467532394], [71.7778650176028, 34.38500211482525], [71.77785679081458, 34.38512591897075]]]]}, "properties": {"id": "8J6H9QPH+358C", "height": 2.478784799575806, "hmax": 0.0, "ratio": 0.0, "vulnClass": "none"}}, {"type": "Feature", "geometry": {"type": "MultiPolygon", "coordinates": [[[[71.77836510407086, 34.385921027253275], [71.77829699292442, 34.38591959270882], [71.77829563542006, 34.38596633520059], [71.77836364144865, 34.385967676845034], [71.77836510407086, 34.385921027253275]]]]}, "properties": {"id": "8J6H9QPH+98GP", "height": 4.356858253479004, "hmax": 0.0, "ratio": 0.0, "vulnClass": "none"}}, {"type": "Feature", "geometry": {"type": "MultiPolygon", "coordinates": [[[[71.77918816082394, 34.38656318162442], [71.77918854544272, 34.3865191174243], [71.77905299604753, 34.386518520207616], [71.77905271996674, 34.38656258726507], [71.77918816082394, 34.38656318162442]]]]}, "properties": {"id": "8J6H9QPH+JJ9Q", "height": 2.475983619689941, "hmax": 0.0, "ratio": 0.0, "vulnClass": "none"}}, {"type": "Feature", "geometry": {"type": "MultiPolygon", "coordinates": [[[[71.77868329245923, 34.38605505599468], [71.77860340314476, 34.38605457307882], [71.7786030615366, 34.38609467261556], [71.77868295088922, 34.38609515553378], [71.77868329245923, 34.38605505599468]]]]}, "properties": {"id": "8J6H9QPH+CFCW", "height": 2.543462753295898, "hmax": 0.0, "ratio": 0.0, "vulnClass": "none"}}, {"type": "Feature", "geometry": {"type": "MultiPolygon", "coordinates": [[[[71.77876475813912, 34.38596905410562], [71.77876520349982, 34.38592057506494], [71.77868466265905, 34.385920075037525], [71.77868421725188, 34.38596855407529], [71.77876475813912, 34.38596905410562]]]]}, "properties": {"id": "8J6H9QPH+9FHJ", "height": 2.94433069229126, "hmax": 0.0, "ratio": 0.0, "vulnClass": "none"}}, {"type": "Feature", "geometry": {"type": "MultiPolygon", "coordinates": [[[[71.77873752411143, 34.38587973712769], [71.77868461439186, 34.38588447180221], [71.77868915357118, 34.385919201935415], [71.77874206331272, 34.385914467260186], [71.77873752411143, 34.38587973712769]]]]}, "properties": {"id": "8J6H9QPH+9F4X", "height": 3.1169273853302, "hmax": 0.0, "ratio": 0.0, "vulnClass": "none"}}, {"type": "Feature", "geometry": {"type": "MultiPolygon", "coordinates": [[[[71.77865962490968, 34.3859039126102], [71.77855215616388, 34.38590252261688], [71.77855029145822, 34.38599368660257], [71.77859951519045, 34.38599435287704], [71.77859841061102, 34.38605435137977], [71.77865665233026, 34.386055165150246], [71.77865962490968, 34.3859039126102]]]]}, "properties": {"id": "8J6H9QPH+9CQP", "height": 4.206568717956543, "hmax": 0.0, "ratio": 0.0, "vulnClass": "none"}}, {"type": "Feature", "geometry": {"type": "MultiPolygon", "coordinates": [[[[71.77942446339493, 34.38635182993566], [71.77934070364552, 34.38634736986584], [71.77933729187183, 34.386390993787195], [71.77942105166423, 34.38639545386178], [71.77942446339493, 34.38635182993566]]]]}, "properties": {"id": "8J6H9QPH+GQRR", "height": 3.677465200424194, "hmax": 0.0, "ratio": 0.0, "vulnClass": "none"}}, {"type": "Feature", "geometry": {"type": "MultiPolygon", "coordinates": [[[[71.77942287271358, 34.38642452420563], [71.7793778207063, 34.38642279645655], [71.77937426167314, 34.38648444281312], [71.7794193102617, 34.386486260606], [71.77942287271358, 34.38642452420563]]]]}, "properties": {"id": "8J6H9QPH+HQJ5", "height": 4.002498626708984, "hmax": 0.0, "ratio": 0.0, "vulnClass": "none"}}, {"type": "Feature", "geometry": {"type": "MultiPolygon", "coordinates": [[[[71.7794711795416, 34.386426427820744], [71.77942287271358, 34.38642452420563], [71.7794174264062, 34.386518387943994], [71.77946584189687, 34.38652029442569], [71.7794711795416, 34.386426427820744]]]]}, "properties": {"id": "8J6H9QPH+HQPR", "height": 2.755147695541382, "hmax": 0.0, "ratio": 0.0, "vulnClass": "none"}}, {"type": "Feature", "geometry": {"type": "MultiPolygon", "coordinates": [[[[71.77972746214716, 34.38653052164259], [71.7796012118652, 34.38652557329825], [71.77959881220757, 34.38656832257818], [71.7797250625533, 34.38657327092859], [71.77972746214716, 34.38653052164259]]]]}, "properties": {"id": "8J6H9QPH+JV7R", "height": 2.739495038986206, "hmax": 0.0, "ratio": 0.0, "vulnClass": "none"}}, {"type": "Feature", "geometry": {"type": "MultiPolygon", "coordinates": [[[[71.7797869592555, 34.38648440940032], [71.77973018432078, 34.386482192696235], [71.7797250625533, 34.38657327092859], [71.77978172893992, 34.38657548477736], [71.7797869592555, 34.38648440940032]]]]}, "properties": {"id": "8J6H9QPH+JW62", "height": 3.527972221374512, "hmax": 0.0, "ratio": 0.0, "vulnClass": "none"}}, {"type": "Feature", "geometry": {"type": "MultiPolygon", "coordinates": [[[[71.78028817424001, 34.38645831464353], [71.78023834371754, 34.38644510476812], [71.78022265102942, 34.38648579143655], [71.78027248502316, 34.386498911278814], [71.78028817424001, 34.38645831464353]]]]}, "properties": {"id": "8J6H9QPJ+H4JR", "height": 5.02297830581665, "hmax": 0.0, "ratio": 0.0, "vulnClass": "none"}}, {"type": "Feature", "geometry": {"type": "MultiPolygon", "coordinates": [[[[71.78113924161545, 34.386174100285764], [71.78113349747336, 34.38608282595302], [71.7808372918202, 34.38609566601705], [71.78084303563874, 34.386186940345475], [71.78113924161545, 34.386174100285764]]]]}, "properties": {"id": "8J6H9QPJ+F958", "height": 7.114683628082275, "hmax": 0.0, "ratio": 0.0, "vulnClass": "none"}}, {"type": "Feature", "geometry": {"type": "MultiPolygon", "coordinates": [[[[71.78086234774703, 34.385787895438206], [71.78080637142021, 34.385784708831565], [71.78080161024751, 34.3858437097915], [71.78085759006305, 34.385846806361734], [71.78086234774703, 34.385787895438206]]]]}, "properties": {"id": "8J6H9QPJ+88GP", "height": 6.563052654266357, "hmax": 0.0, "ratio": 0.0, "vulnClass": "none"}}, {"type": "Feature", "geometry": {"type": "MultiPolygon", "coordinates": [[[[71.78111424892438, 34.385853114360536], [71.78084332582, 34.38586157283494], [71.78084800055586, 34.38596372493782], [71.7811189274409, 34.385955176430905], [71.78111424892438, 34.385853114360536]]]]}, "properties": {"id": "8J6H9QPJ+9997", "height": 5.565814018249512, "hmax": 0.0, "ratio": 0.0, "vulnClass": "none"}}, {"type": "Feature", "geometry": {"type": "MultiPolygon", "coordinates": [[[[71.78129028601614, 34.385852522039], [71.78140612655007, 34.38584538727518], [71.78140186227711, 34.385797775622834], [71.78118184381944, 34.38581127055191], [71.7811924955694, 34.385930524785955], [71.78129667715731, 34.38592407457889], [71.78129028601614, 34.385852522039]]]]}, "properties": {"id": "8J6H9QPJ+8GR4", "height": 4.706502437591553, "hmax": 0.0, "ratio": 0.0, "vulnClass": "none"}}, {"type": "Feature", "geometry": {"type": "MultiPolygon", "coordinates": [[[[71.78132822863815, 34.38573049140293], [71.78119190091881, 34.38573888927341], [71.78119829887407, 34.385810261732736], [71.78133462670986, 34.38580186386168], [71.78132822863815, 34.38573049140293]]]]}, "properties": {"id": "8J6H9QPJ+8G2V", "height": 4.28383731842041, "hmax": 0.0, "ratio": 0.0, "vulnClass": "none"}}, {"type": "Feature", "geometry": {"type": "MultiPolygon", "coordinates": [[[[71.78119991189608, 34.38565464687135], [71.78115249842784, 34.385652136555926], [71.78113972937861, 34.385823681348505], [71.7811871463921, 34.38582610163346], [71.78119991189608, 34.38565464687135]]]]}, "properties": {"id": "8J6H9QPJ+7FVF", "height": 4.28383731842041, "hmax": 0.0, "ratio": 0.0, "vulnClass": "none"}}, {"type": "Feature", "geometry": {"type": "MultiPolygon", "coordinates": [[[[71.78108493615301, 34.385619352219585], [71.78107858970588, 34.38556366401666], [71.78097925108032, 34.38557141329233], [71.78098559746127, 34.385627101496695], [71.78108493615301, 34.385619352219585]]]]}, "properties": {"id": "8J6H9QPJ+6CMR", "height": 2.828310489654541, "hmax": 0.0, "ratio": 0.0, "vulnClass": "none"}}, {"type": "Feature", "geometry": {"type": "MultiPolygon", "coordinates": [[[[71.78139493962556, 34.38564644258703], [71.78139381677838, 34.3855735866551], [71.78115464615998, 34.385576212141], [71.78115577569834, 34.38564888798181], [71.78139493962556, 34.38564644258703]]]]}, "properties": {"id": "8J6H9QPJ+6GRH", "height": 5.0566086769104, "hmax": 0.0, "ratio": 0.0, "vulnClass": "none"}}, {"type": "Feature", "geometry": {"type": "MultiPolygon", "coordinates": [[[[71.78112458416142, 34.38548402707417], [71.78100702376456, 34.385484987344874], [71.78100783270528, 34.38554900210505], [71.78112539319193, 34.385548041838625], [71.78112458416142, 34.38548402707417]]]]}, "properties": {"id": "8J6H9QPJ+6C4J", "height": 2.956905126571655, "hmax": 0.0, "ratio": 0.0, "vulnClass": "none"}}, {"type": "Feature", "geometry": {"type": "MultiPolygon", "coordinates": [[[[71.78093033213663, 34.385594009972394], [71.78092037178008, 34.38548793314813], [71.78086576947665, 34.385491452498044], [71.78086769810568, 34.38551205329771], [71.7808167988057, 34.38551539974538], [71.78082493901987, 34.385600878631074], [71.78093033213663, 34.385594009972394]]]]}, "properties": {"id": "8J6H9QPJ+696R", "height": 3.970275640487671, "hmax": 0.0, "ratio": 0.0, "vulnClass": "none"}}, {"type": "Feature", "geometry": {"type": "MultiPolygon", "coordinates": [[[[71.78098869383278, 34.38343220718265], [71.78088184017301, 34.38342335460733], [71.78085680673969, 34.38363126002445], [71.78096366065793, 34.38364011263617], [71.78098869383278, 34.38343220718265]]]]}, "properties": {"id": "8J6H9QMJ+C978", "height": 3.331639528274536, "hmax": 0.0, "ratio": 0.0, "vulnClass": "none"}}, {"type": "Feature", "geometry": {"type": "MultiPolygon", "coordinates": [[[[71.78107495089182, 34.38311883744284], [71.78095979890796, 34.38310525985669], [71.78090876258868, 34.38340450499041], [71.78102402702162, 34.38341799546574], [71.78105839296651, 34.38321619429391], [71.78107495089182, 34.38311883744284]]]]}, "properties": {"id": "8J6H9QMJ+895G", "height": 3.522911071777344, "hmax": 0.0, "ratio": 0.0, "vulnClass": "none"}}, {"type": "Feature", "geometry": {"type": "MultiPolygon", "coordinates": [[[[71.78087107377526, 34.383023337223705], [71.7807501211952, 34.38300510011356], [71.7807387838268, 34.383056987777195], [71.78085962787256, 34.38307522204259], [71.78087107377526, 34.383023337223705]]]]}, "properties": {"id": "8J6H9QMJ+687Q", "height": 2.824194431304932, "hmax": 0.0, "ratio": 0.0, "vulnClass": "none"}}, {"type": "Feature", "geometry": {"type": "MultiPolygon", "coordinates": [[[[71.7807501211952, 34.38300510011356], [71.78062787232098, 34.382986648483495], [71.78061653488136, 34.383038536131814], [71.7807387838268, 34.383056987777195], [71.7807501211952, 34.38300510011356]]]]}, "properties": {"id": "8J6H9QMJ+673X", "height": 2.484537124633789, "hmax": 0.0, "ratio": 0.0, "vulnClass": "none"}}, {"type": "Feature", "geometry": {"type": "MultiPolygon", "coordinates": [[[[71.78109167169241, 34.383071147420246], [71.78086803773785, 34.38303731781291], [71.78085962787256, 34.38307522204259], [71.7811206632897, 34.38311463321223], [71.78113210904041, 34.383062748360366], [71.78109470769472, 34.38305716682352], [71.78109167169241, 34.383071147420246]]]]}, "properties": {"id": "8J6H9QMJ+6CJ2", "height": 2.746094226837158, "hmax": 0.0, "ratio": 0.0, "vulnClass": "none"}}, {"type": "Feature", "geometry": {"type": "MultiPolygon", "coordinates": [[[[71.78116983594389, 34.38286968827389], [71.78111430461948, 34.38286344910638], [71.78110322236513, 34.38293138696515], [71.7811586451282, 34.382937623280476], [71.78116983594389, 34.38286968827389]]]]}, "properties": {"id": "8J6H9QMJ+5F63", "height": 2.818408250808716, "hmax": 0.0, "ratio": 0.0, "vulnClass": "none"}}, {"type": "Feature", "geometry": {"type": "MultiPolygon", "coordinates": [[[[71.78131677879959, 34.382689057762185], [71.78126756908841, 34.38267956010833], [71.78123937527364, 34.382779855366515], [71.78128869364302, 34.382789355894246], [71.78131677879959, 34.382689057762185]]]]}, "properties": {"id": "8J6H9QMJ+3GR9", "height": 4.08017110824585, "hmax": 0.0, "ratio": 0.0, "vulnClass": "none"}}, {"type": "Feature", "geometry": {"type": "MultiPolygon", "coordinates": [[[[71.78030484428506, 34.38264717769579], [71.7802481892097, 34.38264189999073], [71.780232645405, 34.38275532684991], [71.7803545078557, 34.38276682855075], [71.7803667203492, 34.382677919871675], [71.78030150966525, 34.38267178593833], [71.78030484428506, 34.38264717769579]]]]}, "properties": {"id": "8J6H9QMJ+34M7", "height": 2.957780838012695, "hmax": 0.0, "ratio": 0.0, "vulnClass": "none"}}, {"type": "Feature", "geometry": {"type": "MultiPolygon", "coordinates": [[[[71.79265777518124, 34.396313864730494], [71.79252866983393, 34.39625513579612], [71.7925045577119, 34.3962914571125], [71.79263377171728, 34.396350188924714], [71.79265777518124, 34.396313864730494]]]]}, "properties": {"id": "8J6H9QWV+G2G4", "height": 2.720391273498535, "hmax": 0.0, "ratio": 0.0, "vulnClass": "none"}}, {"type": "Feature", "geometry": {"type": "MultiPolygon", "coordinates": [[[[71.79239863173635, 34.3964087329802], [71.79233041137944, 34.39637575699507], [71.79227969541311, 34.39644815387817], [71.79234791924331, 34.396481039851864], [71.79239863173635, 34.3964087329802]]]]}, "properties": {"id": "8J6H9QWR+HWG5", "height": 3.910149097442627, "hmax": 0.0, "ratio": 0.0, "vulnClass": "none"}}, {"type": "Feature", "geometry": {"type": "MultiPolygon", "coordinates": [[[[71.7925468251749, 34.39648013077606], [71.79239863173635, 34.3964087329802], [71.79234791924331, 34.396481039851864], [71.79258366061713, 34.396594663597426], [71.79267438498434, 34.39646545178111], [71.79258683720217, 34.396423225966295], [71.7925468251749, 34.39648013077606]]]]}, "properties": {"id": "8J6H9QWV+H2RW", "height": 4.135500907897949, "hmax": 0.0, "ratio": 0.0, "vulnClass": "none"}}, {"type": "Feature", "geometry": {"type": "MultiPolygon", "coordinates": [[[[71.79168257103483, 34.39645014710165], [71.79167057736765, 34.396357086587976], [71.79136378767001, 34.39638418459672], [71.79137567237258, 34.39647724226978], [71.79168257103483, 34.39645014710165]]]]}, "properties": {"id": "8J6H9QWR+HJ6P", "height": 3.812966346740723, "hmax": 0.0, "ratio": 0.0, "vulnClass": "none"}}, {"type": "Feature", "geometry": {"type": "MultiPolygon", "coordinates": [[[[71.79149802943093, 34.39610352286587], [71.79149259309635, 34.396066516227], [71.79133333514527, 34.39608270528949], [71.79135354469288, 34.396219695459585], [71.79141576589572, 34.39621330713303], [71.79140098909811, 34.396113413649836], [71.79149802943093, 34.39610352286587]]]]}, "properties": {"id": "8J6H9QWR+FH28", "height": 3.593360662460327, "hmax": 0.0, "ratio": 0.0, "vulnClass": "none"}}, {"type": "Feature", "geometry": {"type": "MultiPolygon", "coordinates": [[[[71.79163556686498, 34.39620050985092], [71.79155775557984, 34.39620513707052], [71.79156139405335, 34.396246512974066], [71.7916390967541, 34.39624188290303], [71.79163556686498, 34.39620050985092]]]]}, "properties": {"id": "8J6H9QWR+FJQR", "height": 3.459625244140625, "hmax": 0.0, "ratio": 0.0, "vulnClass": "none"}}, {"type": "Feature", "geometry": {"type": "MultiPolygon", "coordinates": [[[[71.79206844089946, 34.39586711740219], [71.79207016048558, 34.39578793660954], [71.7918208741069, 34.39578418770539], [71.79181876818278, 34.39588201564488], [71.79197557925104, 34.3958843288779], [71.79197596188033, 34.395865771753556], [71.79206844089946, 34.39586711740219]]]]}, "properties": {"id": "8J6H9QWR+8QP6", "height": 3.913800239562988, "hmax": 0.0, "ratio": 0.0, "vulnClass": "none"}}, {"type": "Feature", "geometry": {"type": "MultiPolygon", "coordinates": [[[[71.77888713078131, 34.390796298725085], [71.77849980073202, 34.390760854296815], [71.77848846555823, 34.3908466311335], [71.77887579944546, 34.390881985578815], [71.77888713078131, 34.390796298725085]]]]}, "properties": {"id": "8J6H9QRH+8FGR", "height": 3.442475318908691, "hmax": 0.0, "ratio": 0.0, "vulnClass": "none"}}, {"type": "Feature", "geometry": {"type": "MultiPolygon", "coordinates": [[[[71.77978451934841, 34.39062670155977], [71.77973767201529, 34.39062636868388], [71.77973684290158, 34.390707555357054], [71.77978369027997, 34.3907078882358], [71.77978451934841, 34.39062670155977]]]]}, "properties": {"id": "8J6H9QRH+7W6M", "height": 6.704553127288818, "hmax": 0.0, "ratio": 0.0, "vulnClass": "none"}}, {"type": "Feature", "geometry": {"type": "MultiPolygon", "coordinates": [[[[71.7800142249843, 34.39082031663544], [71.77972543373646, 34.39082082051688], [71.77972556349086, 34.39089401074282], [71.77990703829381, 34.3908936541272], [71.77990717554633, 34.39095530771736], [71.7800146043884, 34.39095507329035], [71.7800142249843, 34.39082031663544]]]]}, "properties": {"id": "8J6H9QRH+8XRW", "height": 7.387065410614014, "hmax": 0.0, "ratio": 0.0, "vulnClass": "none"}}, {"type": "Feature", "geometry": {"type": "MultiPolygon", "coordinates": [[[[71.79157322545541, 34.395777416798595], [71.79156069426507, 34.395687046119626], [71.79148659236114, 34.395694204239724], [71.79149923553359, 34.395784487731625], [71.79157322545541, 34.395777416798595]]]]}, "properties": {"id": "8J6H9QWR+7JRH", "height": 2.536003828048706, "hmax": 0.0, "ratio": 0.0, "vulnClass": "none"}}, {"type": "Feature", "geometry": {"type": "MultiPolygon", "coordinates": [[[[71.79140143928576, 34.39567186948354], [71.79134261620766, 34.395671857528065], [71.79134244895184, 34.395727464495245], [71.79140138069118, 34.395727479304476], [71.79140143928576, 34.39567186948354]]]]}, "properties": {"id": "8J6H9QWR+7GHX", "height": 2.894658088684082, "hmax": 0.0, "ratio": 0.0, "vulnClass": "none"}}, {"type": "Feature", "geometry": {"type": "MultiPolygon", "coordinates": [[[[71.79138614460118, 34.39573068461034], [71.79132345830936, 34.39573787190994], [71.7913627584566, 34.395975680005165], [71.79142555354863, 34.39596849554687], [71.7914160877598, 34.39591173438151], [71.79138614460118, 34.39573068461034]]]]}, "properties": {"id": "8J6H9QWR+8GX5", "height": 3.41946268081665, "hmax": 0.0, "ratio": 0.0, "vulnClass": "none"}}, {"type": "Feature", "geometry": {"type": "MultiPolygon", "coordinates": [[[[71.79145962064666, 34.3956317558852], [71.79141404406865, 34.3956293877399], [71.79140979446896, 34.39568939413545], [71.79145537795888, 34.395691582200996], [71.79145962064666, 34.3956317558852]]]]}, "properties": {"id": "8J6H9QWR+7H7H", "height": 3.065529346466064, "hmax": 0.0, "ratio": 0.0, "vulnClass": "none"}}, {"type": "Feature", "geometry": {"type": "MultiPolygon", "coordinates": [[[[71.79158162105863, 34.39564018608354], [71.7915318849595, 34.39564708250952], [71.79154168790738, 34.39569501959654], [71.79159131885226, 34.395688030275274], [71.79158162105863, 34.39564018608354]]]]}, "properties": {"id": "8J6H9QWR+7J7Q", "height": 3.441832542419434, "hmax": 0.0, "ratio": 0.0, "vulnClass": "none"}}, {"type": "Feature", "geometry": {"type": "MultiPolygon", "coordinates": [[[[71.79160816507125, 34.39568252377995], [71.79155917011428, 34.395687096242504], [71.79158835997957, 34.395902105922566], [71.79168460530234, 34.3958930954316], [71.79167723267818, 34.39583846225766], [71.79179301076498, 34.39582762096586], [71.79178342956072, 34.395756796219416], [71.79162029278055, 34.39577207267757], [71.79160816507125, 34.39568252377995]]]]}, "properties": {"id": "8J6H9QWR+8MC5", "height": 2.536003828048706, "hmax": 0.0, "ratio": 0.0, "vulnClass": "none"}}, {"type": "Feature", "geometry": {"type": "MultiPolygon", "coordinates": [[[[71.77763214008363, 34.395333335536186], [71.7775720005262, 34.39533364275681], [71.77757265920981, 34.395429830349336], [71.7777427453381, 34.3954289967307], [71.77774241224927, 34.395383832104685], [71.77770782952393, 34.39538400196561], [71.7777075263607, 34.39535506178547], [71.77763227128972, 34.395355421194125], [71.77763214008363, 34.395333335536186]]]]}, "properties": {"id": "8J6H9QWH+532G", "height": 3.614598274230957, "hmax": 0.0, "ratio": 0.0, "vulnClass": "none"}}, {"type": "Feature", "geometry": {"type": "MultiPolygon", "coordinates": [[[[71.791856249448, 34.39565226184271], [71.79182492154054, 34.395652611271466], [71.79182608958732, 34.39571312041909], [71.79185742095682, 34.3957126809497], [71.791856249448, 34.39565226184271]]]]}, "properties": {"id": "8J6H9QWR+7PG9", "height": 2.639137744903564, "hmax": 0.0, "ratio": 0.0, "vulnClass": "none"}}, {"type": "Feature", "geometry": {"type": "MultiPolygon", "coordinates": [[[[71.78124616862473, 34.395005665418324], [71.7812581755306, 34.39493919413748], [71.7812147810336, 34.39493381518718], [71.78121038384842, 34.39495776451107], [71.78113603785725, 34.394948596092185], [71.78112831944733, 34.394991115175834], [71.78124616862473, 34.395005665418324]]]]}, "properties": {"id": "8J6H9QVJ+XFPV", "height": 2.502209663391113, "hmax": 0.0, "ratio": 0.0, "vulnClass": "none"}}, {"type": "Feature", "geometry": {"type": "MultiPolygon", "coordinates": [[[[71.7920280920895, 34.395645325425384], [71.79188015865336, 34.39565541309163], [71.79189373965002, 34.39579231935156], [71.79204167332863, 34.39578223168248], [71.7920280920895, 34.395645325425384]]]]}, "properties": {"id": "8J6H9QWR+7QPP", "height": 4.30721378326416, "hmax": 0.0, "ratio": 0.0, "vulnClass": "none"}}, {"type": "Feature", "geometry": {"type": "MultiPolygon", "coordinates": [[[[71.78107508335542, 34.395290752507776], [71.78102794252837, 34.39527247614548], [71.78100974846909, 34.39530462459625], [71.7810568893091, 34.3953229009663], [71.78107508335542, 34.395290752507776]]]]}, "properties": {"id": "8J6H9QWJ+4C7V", "height": 2.639309406280518, "hmax": 0.0, "ratio": 0.0, "vulnClass": "none"}}, {"type": "Feature", "geometry": {"type": "MultiPolygon", "coordinates": [[[[71.78050594122989, 34.39555580096289], [71.78044037324577, 34.39552469097219], [71.78040860594474, 34.39557054230418], [71.78047427911947, 34.39560174521487], [71.78050594122989, 34.39555580096289]]]]}, "properties": {"id": "8J6H9QWJ+65GG", "height": 2.493080615997314, "hmax": 0.0, "ratio": 0.0, "vulnClass": "none"}}, {"type": "Feature", "geometry": {"type": "MultiPolygon", "coordinates": [[[[71.78129539229921, 34.395792367929346], [71.78144189355326, 34.395640929189], [71.78140033201802, 34.395613245938854], [71.78134813901805, 34.395667212280046], [71.78129014152272, 34.3956286409133], [71.78125470417002, 34.3956652925449], [71.78127824177983, 34.395680964360636], [71.78121937084745, 34.395741785043306], [71.78129539229921, 34.395792367929346]]]]}, "properties": {"id": "8J6H9QWJ+7GGV", "height": 2.805979251861572, "hmax": 0.318, "ratio": 0.113, "vulnClass": "low"}}, {"type": "Feature", "geometry": {"type": "MultiPolygon", "coordinates": [[[[71.7776541783808, 34.395671458732046], [71.77752384349124, 34.395673430395284], [71.77752677528902, 34.39580672192563], [71.77772989521733, 34.39580360468368], [71.77772752648426, 34.39570097267674], [71.77765485036305, 34.395702121131315], [71.7776541783808, 34.395671458732046]]]]}, "properties": {"id": "8J6H9QWH+72XQ", "height": 5.64259147644043, "hmax": 0.0, "ratio": 0.0, "vulnClass": "none"}}, {"type": "Feature", "geometry": {"type": "MultiPolygon", "coordinates": [[[[71.7785585470668, 34.3973112648009], [71.77850447857878, 34.397312002849866], [71.7785059494833, 34.397392709250646], [71.77856001802343, 34.397391971203945], [71.7785585470668, 34.3973112648009]]]]}, "properties": {"id": "8J6H9QWH+WCV2", "height": 2.643686771392822, "hmax": 0.0, "ratio": 0.0, "vulnClass": "none"}}, {"type": "Feature", "geometry": {"type": "MultiPolygon", "coordinates": [[[[71.77866867146793, 34.39740538033496], [71.77852855393785, 34.397412863569535], [71.77853103480152, 34.3974445650913], [71.77867115238483, 34.39743708185686], [71.77866867146793, 34.39740538033496]]]]}, "properties": {"id": "8J6H9QWH+XC9R", "height": 2.745794773101807, "hmax": 0.523, "ratio": 0.191, "vulnClass": "low"}}, {"type": "Feature", "geometry": {"type": "MultiPolygon", "coordinates": [[[[71.79250253785818, 34.39578062666155], [71.79233698208178, 34.39569696591632], [71.79227998770344, 34.395774335566436], [71.79254144149152, 34.395906480255036], [71.79258158793435, 34.39585174212818], [71.79248590384633, 34.39580335404264], [71.79250253785818, 34.39578062666155]]]]}, "properties": {"id": "8J6H9QWR+8X7W", "height": 2.710657119750977, "hmax": 0.0, "ratio": 0.0, "vulnClass": "none"}}, {"type": "Feature", "geometry": {"type": "MultiPolygon", "coordinates": [[[[71.7922328936433, 34.39573767778186], [71.79216785689279, 34.395706768175074], [71.79213333053872, 34.3957566964081], [71.79219836731222, 34.39578760603452], [71.7922328936433, 34.39573767778186]]]]}, "properties": {"id": "8J6H9QWR+7VVX", "height": 2.731392860412598, "hmax": 0.0, "ratio": 0.0, "vulnClass": "none"}}, {"type": "Feature", "geometry": {"type": "MultiPolygon", "coordinates": [[[[71.79206699728951, 34.395896372374935], [71.79201848972964, 34.39589672161295], [71.79201913686171, 34.395953792077776], [71.79206775307723, 34.39595344569228], [71.79206699728951, 34.395896372374935]]]]}, "properties": {"id": "8J6H9QWR+9RF3", "height": 3.308772325515747, "hmax": 0.0, "ratio": 0.0, "vulnClass": "none"}}, {"type": "Feature", "geometry": {"type": "MultiPolygon", "coordinates": [[[[71.79206550840811, 34.39598943953116], [71.7920648807401, 34.395954632151366], [71.7920191938953, 34.395955145552904], [71.79201982154432, 34.395989952931856], [71.79206550840811, 34.39598943953116]]]]}, "properties": {"id": "8J6H9QWR+9RMV", "height": 2.669578790664673, "hmax": 0.0, "ratio": 0.0, "vulnClass": "none"}}, {"type": "Feature", "geometry": {"type": "MultiPolygon", "coordinates": [[[[71.79238133109585, 34.39594500104207], [71.79232568927245, 34.39591578017818], [71.79220107825248, 34.396078172250164], [71.79225660806907, 34.39610748036467], [71.79238133109585, 34.39594500104207]]]]}, "properties": {"id": "8J6H9QWR+CW3F", "height": 2.720350027084351, "hmax": 0.0, "ratio": 0.0, "vulnClass": "none"}}, {"type": "Feature", "geometry": {"type": "MultiPolygon", "coordinates": [[[[71.79243854477797, 34.39587043119055], [71.79238290297982, 34.39584121035411], [71.79234822964241, 34.395886447933776], [71.79240375939445, 34.3959157559779], [71.79243854477797, 34.39587043119055]]]]}, "properties": {"id": "8J6H9QWR+9X24", "height": 2.5317223072052, "hmax": 0.0, "ratio": 0.0, "vulnClass": "none"}}, {"type": "Feature", "geometry": {"type": "MultiPolygon", "coordinates": [[[[71.7926369144247, 34.39602588669636], [71.79260228821805, 34.39599586545155], [71.79255822400721, 34.39603076188761], [71.79259295883328, 34.39606078599513], [71.7926369144247, 34.39602588669636]]]]}, "properties": {"id": "8J6H9QWV+C292", "height": 2.758990049362183, "hmax": 0.0, "ratio": 0.0, "vulnClass": "none"}}, {"type": "Feature", "geometry": {"type": "MultiPolygon", "coordinates": [[[[71.79218758684912, 34.395409400093705], [71.79219497247503, 34.39536975563174], [71.79211392421136, 34.39535951664758], [71.79210993503816, 34.39538140413102], [71.79206080985794, 34.395375157557346], [71.79202958183333, 34.39554369576072], [71.79207881572997, 34.395549945203086], [71.79210116394889, 34.39542885369862], [71.79221380608742, 34.39544316661293], [71.79221929271017, 34.39541338681892], [71.79218758684912, 34.395409400093705]]]]}, "properties": {"id": "8J6H9QWR+5RHF", "height": 3.375122785568237, "hmax": 0.0, "ratio": 0.0, "vulnClass": "none"}}, {"type": "Feature", "geometry": {"type": "MultiPolygon", "coordinates": [[[[71.79203502373782, 34.39488596594163], [71.79200019959943, 34.39488676445382], [71.79200207255411, 34.394943055910744], [71.79203689671594, 34.39494225739933], [71.79203502373782, 34.39488596594163]]]]}, "properties": {"id": "8J6H9QVR+XR6G", "height": 6.484851837158203, "hmax": 0.0, "ratio": 0.0, "vulnClass": "none"}}, {"type": "Feature", "geometry": {"type": "MultiPolygon", "coordinates": [[[[71.79159955290791, 34.3949658394586], [71.79154651874677, 34.39497084669323], [71.7915550178421, 34.39503299039083], [71.791608160664, 34.39502798600597], [71.79159955290791, 34.3949658394586]]]]}, "properties": {"id": "8J6H9QVR+XJWV", "height": 3.942872762680054, "hmax": 0.0, "ratio": 0.0, "vulnClass": "none"}}, {"type": "Feature", "geometry": {"type": "MultiPolygon", "coordinates": [[[[71.79200500277695, 34.395002980392086], [71.79199428448605, 34.394924915257896], [71.79162675583507, 34.394959613362595], [71.79163747034359, 34.39503776855133], [71.79200500277695, 34.395002980392086]]]]}, "properties": {"id": "8J6H9QVR+XPW6", "height": 4.4117431640625, "hmax": 0.0, "ratio": 0.0, "vulnClass": "none"}}, {"type": "Feature", "geometry": {"type": "MultiPolygon", "coordinates": [[[[71.79161274548075, 34.39494212054443], [71.79160554057992, 34.39489163783315], [71.79156362710388, 34.39489585540458], [71.79157094404032, 34.394946250926594], [71.79161274548075, 34.39494212054443]]]]}, "properties": {"id": "8J6H9QVR+XJ8Q", "height": 4.381337642669678, "hmax": 0.0, "ratio": 0.0, "vulnClass": "none"}}, {"type": "Feature", "geometry": {"type": "MultiPolygon", "coordinates": [[[[71.79123824222563, 34.39454463235412], [71.79120753457336, 34.394554371633774], [71.79123966166031, 34.39462416592549], [71.79127036589584, 34.39461451668064], [71.79123824222563, 34.39454463235412]]]]}, "properties": {"id": "8J6H9QVR+RFQ8", "height": 4.564446449279785, "hmax": 0.0, "ratio": 0.0, "vulnClass": "none"}}, {"type": "Feature", "geometry": {"type": "MultiPolygon", "coordinates": [[[[71.79113357711566, 34.394754145155275], [71.79120329780126, 34.394716497768115], [71.79117322877853, 34.394678213518475], [71.79110350811408, 34.39471586088969], [71.79113357711566, 34.394754145155275]]]]}, "properties": {"id": "8J6H9QVR+VFJQ", "height": 4.228078842163086, "hmax": 0.0, "ratio": 0.0, "vulnClass": "none"}}, {"type": "Feature", "geometry": {"type": "MultiPolygon", "coordinates": [[[[71.79144206613302, 34.395001183177186], [71.79140518464693, 34.39501598808241], [71.79145928668747, 34.395108261231435], [71.79149617164695, 34.39509336627022], [71.79144206613302, 34.395001183177186]]]]}, "properties": {"id": "8J6H9QWR+2HG3", "height": 3.302653789520264, "hmax": 0.0, "ratio": 0.0, "vulnClass": "none"}}, {"type": "Feature", "geometry": {"type": "MultiPolygon", "coordinates": [[[[71.79140728139798, 34.39501802602543], [71.79137375630872, 34.39502751111746], [71.79140995098899, 34.39511606944662], [71.7914434726714, 34.395106674388096], [71.79140728139798, 34.39501802602543]]]]}, "properties": {"id": "8J6H9QWR+2HFJ", "height": 2.690583467483521, "hmax": 0.0, "ratio": 0.0, "vulnClass": "none"}}, {"type": "Feature", "geometry": {"type": "MultiPolygon", "coordinates": [[[[71.79154181655544, 34.395128093512334], [71.7915389071272, 34.39510178876494], [71.79148831070636, 34.39510559811592], [71.79149121667895, 34.39513199290521], [71.79154181655544, 34.395128093512334]]]]}, "properties": {"id": "8J6H9QWR+2JRM", "height": 3.305387496948242, "hmax": 0.0, "ratio": 0.0, "vulnClass": "none"}}, {"type": "Feature", "geometry": {"type": "MultiPolygon", "coordinates": [[[[71.79159919523825, 34.395029282910585], [71.79154149484528, 34.395045434139824], [71.7915538219333, 34.39507568150664], [71.79161163096707, 34.39505953312392], [71.79159919523825, 34.395029282910585]]]]}, "properties": {"id": "8J6H9QWR+2JG3", "height": 3.856406211853027, "hmax": 0.0, "ratio": 0.0, "vulnClass": "none"}}, {"type": "Feature", "geometry": {"type": "MultiPolygon", "coordinates": [[[[71.79161340614854, 34.39519522819318], [71.79160988744195, 34.39509094338198], [71.79156145802558, 34.39509210568997], [71.79156487148985, 34.3951962976063], [71.79161340614854, 34.39519522819318]]]]}, "properties": {"id": "8J6H9QWR+3J4Q", "height": 3.265568733215332, "hmax": 0.0, "ratio": 0.0, "vulnClass": "none"}}, {"type": "Feature", "geometry": {"type": "MultiPolygon", "coordinates": [[[[71.7917552364858, 34.395074478947315], [71.79168268623673, 34.39507518843676], [71.79168573510606, 34.395311323850834], [71.79178547195362, 34.39531051677662], [71.79178485014442, 34.39526417266959], [71.79175765344706, 34.39526454038953], [71.7917552364858, 34.395074478947315]]]]}, "properties": {"id": "8J6H9QWR+3MHR", "height": 2.923984050750732, "hmax": 0.0, "ratio": 0.0, "vulnClass": "none"}}, {"type": "Feature", "geometry": {"type": "MultiPolygon", "coordinates": [[[[71.79205660627886, 34.395035430275406], [71.7919632282521, 34.39503487223621], [71.79196214745711, 34.39517418776554], [71.79205541701718, 34.395174742963384], [71.79205660627886, 34.395035430275406]]]]}, "properties": {"id": "8J6H9QWR+2RR3", "height": 3.527732133865356, "hmax": 0.0, "ratio": 0.0, "vulnClass": "none"}}, {"type": "Feature", "geometry": {"type": "MultiPolygon", "coordinates": [[[[71.79201250719709, 34.39521642940077], [71.79193118597514, 34.39521618777502], [71.79193081305029, 34.39529711641864], [71.7920121343506, 34.39529735804904], [71.79201250719709, 34.39521642940077]]]]}, "properties": {"id": "8J6H9QWR+4Q56", "height": 3.312001943588257, "hmax": 0.0, "ratio": 0.0, "vulnClass": "none"}}, {"type": "Feature", "geometry": {"type": "MultiPolygon", "coordinates": [[[[71.79182640902158, 34.39538595008802], [71.79177008656455, 34.39544287719497], [71.7919638152998, 34.39557459736817], [71.79202013772839, 34.39551767017047], [71.79182640902158, 34.39538595008802]]]]}, "properties": {"id": "8J6H9QWR+5QR8", "height": 3.888718605041504, "hmax": 0.0, "ratio": 0.0, "vulnClass": "none"}}, {"type": "Feature", "geometry": {"type": "MultiPolygon", "coordinates": [[[[71.79179516455736, 34.3954097359906], [71.79177612254067, 34.39538733412819], [71.79173441940648, 34.39541165668047], [71.79175357003841, 34.395434061400124], [71.79179516455736, 34.3954097359906]]]]}, "properties": {"id": "8J6H9QWR+5P6F", "height": 4.109055042266846, "hmax": 0.0, "ratio": 0.0, "vulnClass": "none"}}, {"type": "Feature", "geometry": {"type": "MultiPolygon", "coordinates": [[[[71.79158096913847, 34.39556617070618], [71.79156723532705, 34.395484511249286], [71.79151491991145, 34.39549061890945], [71.79152865711173, 34.395572188327776], [71.79158096913847, 34.39556617070618]]]]}, "properties": {"id": "8J6H9QWR+6J74", "height": 4.025990962982178, "hmax": 0.0, "ratio": 0.0, "vulnClass": "none"}}, {"type": "Feature", "geometry": {"type": "MultiPolygon", "coordinates": [[[[71.79190585239608, 34.39687854607351], [71.79187847100712, 34.39693497097737], [71.7921932556538, 34.397040214887646], [71.7922207455009, 34.39698379275492], [71.79190585239608, 34.39687854607351]]]]}, "properties": {"id": "8J6H9QWR+QRM8", "height": 3.129439115524292, "hmax": 0.0, "ratio": 0.0, "vulnClass": "none"}}, {"type": "Feature", "geometry": {"type": "MultiPolygon", "coordinates": [[[[71.79236206234933, 34.39675982840968], [71.79224081847839, 34.39671446472798], [71.79222048040313, 34.39675160608271], [71.79234172087443, 34.3967970598284], [71.79236206234933, 34.39675982840968]]]]}, "properties": {"id": "8J6H9QWR+PW37", "height": 4.654360294342041, "hmax": 0.0, "ratio": 0.0, "vulnClass": "none"}}, {"type": "Feature", "geometry": {"type": "MultiPolygon", "coordinates": [[[[71.79252488352786, 34.396644676598754], [71.79248147761271, 34.396631009181405], [71.79246345028848, 34.39667028425479], [71.7925068527811, 34.3966840417211], [71.79252488352786, 34.396644676598754]]]]}, "properties": {"id": "8J6H9QWR+MX99", "height": 3.497019290924072, "hmax": 0.0, "ratio": 0.0, "vulnClass": "none"}}, {"type": "Feature", "geometry": {"type": "MultiPolygon", "coordinates": [[[[71.79241158239311, 34.396593482688836], [71.79235847951092, 34.3965774877143], [71.79234107981208, 34.39661741016289], [71.7923940775304, 34.39663331225383], [71.79241158239311, 34.396593482688836]]]]}, "properties": {"id": "8J6H9QWR+JXR6", "height": 3.082867383956909, "hmax": 0.0, "ratio": 0.0, "vulnClass": "none"}}, {"type": "Feature", "geometry": {"type": "MultiPolygon", "coordinates": [[[[71.79256445256712, 34.396798668796805], [71.79236207645091, 34.396779387398226], [71.79231455362076, 34.39712118213959], [71.79240696585954, 34.39713000676598], [71.79244024868962, 34.39689058862357], [71.79261597239295, 34.396907367858695], [71.79262569796941, 34.39683777086029], [71.79255982662983, 34.39683153567315], [71.79256445256712, 34.396798668796805]]]]}, "properties": {"id": "8J6H9QWR+QX7X", "height": 4.608547210693359, "hmax": 0.0, "ratio": 0.0, "vulnClass": "none"}}, {"type": "Feature", "geometry": {"type": "MultiPolygon", "coordinates": [[[[71.79234487867552, 34.39737200382346], [71.79271130133104, 34.39744056598838], [71.79273617689253, 34.39735009541157], [71.79236975803879, 34.39728144329984], [71.79234487867552, 34.39737200382346]]]]}, "properties": {"id": "Pakistan_123102132_508344", "height": 3.212257623672485, "hmax": 0.0, "ratio": 0.0, "vulnClass": "none"}}, {"type": "Feature", "geometry": {"type": "MultiPolygon", "coordinates": [[[[71.7919717356806, 34.3974594627035], [71.79185757761043, 34.397450607742044], [71.7918539427213, 34.39748314006567], [71.79196799221022, 34.39749199218184], [71.7919717356806, 34.3974594627035]]]]}, "properties": {"id": "8J6H9QWR+XQMR", "height": 2.692625522613525, "hmax": 0.0, "ratio": 0.0, "vulnClass": "none"}}, {"type": "Feature", "geometry": {"type": "MultiPolygon", "coordinates": [[[[71.79185525873189, 34.39727506014402], [71.79163923565298, 34.39722874027915], [71.79162311594646, 34.397280683744256], [71.79183903052119, 34.39732700079312], [71.79185525873189, 34.39727506014402]]]]}, "properties": {"id": "8J6H9QWR+WM94", "height": 3.432490825653076, "hmax": 0.0, "ratio": 0.0, "vulnClass": "none"}}, {"type": "Feature", "geometry": {"type": "MultiPolygon", "coordinates": [[[[71.79201473232962, 34.39715080801769], [71.7918754166958, 34.39710316699876], [71.79183019319437, 34.397194004597644], [71.79213598352946, 34.397298471802436], [71.79215636105845, 34.39725745583422], [71.791989886537, 34.39720062973763], [71.79201473232962, 34.39715080801769]]]]}, "properties": {"id": "8J6H9QWR+VQHR", "height": 2.663363695144653, "hmax": 0.0, "ratio": 0.0, "vulnClass": "none"}}, {"type": "Feature", "geometry": {"type": "MultiPolygon", "coordinates": [[[[71.79218804345032, 34.397091272996], [71.79189522185376, 34.396991743065755], [71.79185657669069, 34.39706977435619], [71.79214939849865, 34.397169304390744], [71.79218804345032, 34.397091272996]]]]}, "properties": {"id": "8J6H9QWR+RRJ8", "height": 3.769001245498657, "hmax": 0.0, "ratio": 0.0, "vulnClass": "none"}}, {"type": "Feature", "geometry": {"type": "MultiPolygon", "coordinates": [[[[71.7918120501286, 34.3971110577184], [71.79175710932628, 34.39709762805767], [71.79173544211169, 34.39715816871541], [71.79179048813309, 34.397171691280604], [71.7918120501286, 34.3971110577184]]]]}, "properties": {"id": "8J6H9QWR+VP29", "height": 2.502549171447754, "hmax": 0.0, "ratio": 0.0, "vulnClass": "none"}}, {"type": "Feature", "geometry": {"type": "MultiPolygon", "coordinates": [[[[71.79159968214755, 34.397478538940895], [71.79147225169335, 34.397455635173024], [71.79145175996626, 34.39753378233702], [71.7918003570482, 34.39759647137769], [71.79182084503573, 34.39751841418007], [71.79174255312338, 34.39750428143926], [71.7917498041695, 34.397476711161445], [71.7917233459448, 34.39747196072075], [71.7917069220784, 34.39753471203414], [71.79159040066561, 34.397513717115785], [71.79159968214755, 34.397478538940895]]]]}, "properties": {"id": "8J6H9QXR+2M63", "height": 3.822328567504883, "hmax": 0.0, "ratio": 0.0, "vulnClass": "none"}}, {"type": "Feature", "geometry": {"type": "MultiPolygon", "coordinates": [[[[71.79158375809321, 34.39761358909815], [71.79153632151106, 34.39760864844912], [71.79152993210091, 34.39765066242564], [71.79157747733082, 34.397655605929906], [71.79158375809321, 34.39761358909815]]]]}, "properties": {"id": "8J6H9QXR+3J39", "height": 3.96138858795166, "hmax": 0.0, "ratio": 0.0, "vulnClass": "none"}}, {"type": "Feature", "geometry": {"type": "MultiPolygon", "coordinates": [[[[71.79198074120308, 34.397582368538416], [71.79181029454047, 34.3975526577459], [71.79179941382294, 34.39759554530066], [71.79196986056637, 34.39762525611287], [71.79198074120308, 34.397582368538416]]]]}, "properties": {"id": "8J6H9QXR+2QJF", "height": 3.215422630310059, "hmax": 0.0, "ratio": 0.0, "vulnClass": "none"}}]}