{"type": "FeatureCollection", "features": [{"type": "Feature", "geometry": {"type": "MultiPolygon", "coordinates": [[[[72.34753293, 34.22025861], [72.34792045, 34.22026003], [72.34792072, 34.22020902], [72.3477893, 34.22020854], [72.34778981, 34.22011191], [72.34764766, 34.22011138], [72.34764734, 34.22017126], [72.34757364, 34.22017099], [72.34757333, 34.22022771], [72.3475331, 34.22022756], [72.34753293, 34.22025861]]]]}, "properties": {"id": "Pakistan_123102310_671129", "height": 3.550413370132446, "hmax": 0.021, "ratio": 0.006, "vulnClass": "none"}}, {"type": "Feature", "geometry": {"type": "MultiPolygon", "coordinates": [[[[72.34811334, 34.22052821], [72.34810896, 34.22046855], [72.34774422, 34.22048687], [72.34774301, 34.22047045], [72.34768689, 34.22047328], [72.34768858, 34.22049632], [72.34753756, 34.2205039], [72.34754188, 34.22056263], [72.34781583, 34.22054885], [72.34781541, 34.22054317], [72.34811334, 34.22052821]]]]}, "properties": {"id": "Pakistan_123102310_349086", "height": 4.94980525970459, "hmax": 0.026, "ratio": 0.005, "vulnClass": "none"}}, {"type": "Feature", "geometry": {"type": "MultiPolygon", "coordinates": [[[[72.34761645, 34.22251378], [72.34761169, 34.22262231], [72.34758907, 34.22262163], [72.34758374, 34.22274345], [72.34769743, 34.22274686], [72.34769753, 34.22274465], [72.34792671, 34.22275152], [72.34792452, 34.2228015], [72.34803285, 34.22280474], [72.34803586, 34.22273608], [72.34804122, 34.22273624], [72.34804355, 34.22268308], [72.347887, 34.2226784], [72.34789068, 34.22259423], [72.34768294, 34.22258802], [72.3476841, 34.22256144], [72.3478972, 34.22256781], [72.34790142, 34.22247132], [72.34784102, 34.2224695], [72.34784218, 34.22244293], [72.34779397, 34.22244148], [72.34779261, 34.22247249], [72.34776729, 34.22247173], [72.34776613, 34.22249831], [72.34769648, 34.22249622], [72.34769561, 34.22251616], [72.34761645, 34.22251378]]]]}, "properties": {"id": "Pakistan_123102310_718815", "height": 3.955213069915771, "hmax": 0.004, "ratio": 0.001, "vulnClass": "none"}}, {"type": "Feature", "geometry": {"type": "MultiPolygon", "coordinates": [[[[72.34790828, 34.22226335], [72.3477539, 34.22224313], [72.34773774, 34.22232751], [72.34769849, 34.22232237], [72.34768854, 34.22237429], [72.34764668, 34.22236881], [72.3476359, 34.22242506], [72.34772487, 34.22243671], [72.34773108, 34.22240426], [72.34783575, 34.22241797], [72.34784445, 34.22237253], [72.34788631, 34.22237801], [72.34790828, 34.22226335]]]]}, "properties": {"id": "Pakistan_123102310_187114", "height": 3.494144678115845, "hmax": 0.008, "ratio": 0.002, "vulnClass": "none"}}, {"type": "Feature", "geometry": {"type": "MultiPolygon", "coordinates": [[[[72.34759954, 34.22208366], [72.34770671, 34.2220866], [72.34770884, 34.22203343], [72.34760167, 34.22203049], [72.34759954, 34.22208366]]]]}, "properties": {"id": "Pakistan_123102310_912830", "height": 3.297062158584595, "hmax": 0.008, "ratio": 0.002, "vulnClass": "none"}}, {"type": "Feature", "geometry": {"type": "MultiPolygon", "coordinates": [[[[72.34782712, 34.22193285], [72.34783164, 34.22185096], [72.34762161, 34.22184302], [72.3476232, 34.22181425], [72.34755486, 34.22181167], [72.34755768, 34.22176076], [72.34748006, 34.22175783], [72.34747761, 34.22180209], [72.34742675, 34.22180017], [72.34742308, 34.22186657], [72.34754621, 34.22187122], [72.34754339, 34.22192212], [72.34750467, 34.22192066], [72.34750174, 34.22197378], [72.34757258, 34.22197645], [72.34757551, 34.22192334], [72.34782712, 34.22193285]]]]}, "properties": {"id": "Pakistan_123102310_614055", "height": 4.261553764343262, "hmax": 0.008, "ratio": 0.002, "vulnClass": "none"}}, {"type": "Feature", "geometry": {"type": "MultiPolygon", "coordinates": [[[[72.34771218, 34.22156052], [72.34770187, 34.2214951], [72.34764648, 34.22150107], [72.3476568, 34.22156649], [72.34771218, 34.22156052]]]]}, "properties": {"id": "Pakistan_123102310_794522", "height": 3.450835704803467, "hmax": 0.01, "ratio": 0.003, "vulnClass": "none"}}, {"type": "Feature", "geometry": {"type": "MultiPolygon", "coordinates": [[[[72.34768685, 34.22147523], [72.34767772, 34.22142536], [72.34759517, 34.22143569], [72.3476043, 34.22148556], [72.34768685, 34.22147523]]]]}, "properties": {"id": "Pakistan_123102310_813423", "height": 3.426738262176514, "hmax": 0.013, "ratio": 0.004, "vulnClass": "none"}}, {"type": "Feature", "geometry": {"type": "MultiPolygon", "coordinates": [[[[72.34770359, 34.22137538], [72.34769422, 34.22132104], [72.34757856, 34.22133467], [72.34758793, 34.22138902], [72.34770359, 34.22137538]]]]}, "properties": {"id": "Pakistan_123102310_311151", "height": 3.748815059661865, "hmax": 0.013, "ratio": 0.003, "vulnClass": "none"}}, {"type": "Feature", "geometry": {"type": "MultiPolygon", "coordinates": [[[[72.34779182, 34.22126265], [72.34759337, 34.22126485], [72.34759433, 34.22132378], [72.34770428, 34.22132255], [72.34770461, 34.22134251], [72.3478387, 34.22134101], [72.3478382, 34.22131093], [72.34779262, 34.22131143], [72.34779182, 34.22126265]]]]}, "properties": {"id": "Pakistan_123102310_865439", "height": 3.754638671875, "hmax": 0.013, "ratio": 0.003, "vulnClass": "none"}}, {"type": "Feature", "geometry": {"type": "MultiPolygon", "coordinates": [[[[72.34754869, 34.22115169], [72.34754931, 34.22124612], [72.34777866, 34.22124508], [72.34777833, 34.22119502], [72.34768845, 34.22119542], [72.34768816, 34.22115107], [72.34754869, 34.22115169]]]]}, "properties": {"id": "Pakistan_123102310_263579", "height": 3.789604663848877, "hmax": 0.013, "ratio": 0.003, "vulnClass": "none"}}, {"type": "Feature", "geometry": {"type": "MultiPolygon", "coordinates": [[[[72.3476292, 34.2210613], [72.34762738, 34.22109672], [72.3477318, 34.22110039], [72.34773362, 34.22106497], [72.3476292, 34.2210613]]]]}, "properties": {"id": "Pakistan_123102310_27375", "height": 3.444412708282471, "hmax": 0.013, "ratio": 0.004, "vulnClass": "none"}}, {"type": "Feature", "geometry": {"type": "MultiPolygon", "coordinates": [[[[72.3478209, 34.22095932], [72.34775396, 34.220957], [72.34775205, 34.22099464], [72.34757801, 34.22098859], [72.34757554, 34.2210373], [72.34781651, 34.22104567], [72.3478209, 34.22095932]]]]}, "properties": {"id": "Pakistan_123102310_656752", "height": 4.265023708343506, "hmax": 0.013, "ratio": 0.003, "vulnClass": "none"}}, {"type": "Feature", "geometry": {"type": "MultiPolygon", "coordinates": [[[[72.34782299, 34.22082394], [72.34756709, 34.22081718], [72.34756415, 34.22089345], [72.34782004, 34.22090022], [72.34782299, 34.22082394]]]]}, "properties": {"id": "Pakistan_123102310_159793", "height": 4.008039474487305, "hmax": 0.013, "ratio": 0.003, "vulnClass": "none"}}, {"type": "Feature", "geometry": {"type": "MultiPolygon", "coordinates": [[[[72.34821694, 34.22078619], [72.34820648, 34.22086059], [72.34812973, 34.2208532], [72.34812635, 34.22087728], [72.34803901, 34.22086888], [72.34803224, 34.22091702], [72.34823337, 34.22093636], [72.34824537, 34.22085102], [72.34829301, 34.2208556], [72.34830163, 34.22079433], [72.34821694, 34.22078619]]]]}, "properties": {"id": "Pakistan_123102310_803966", "height": 4.03534460067749, "hmax": 0.025, "ratio": 0.006, "vulnClass": "none"}}, {"type": "Feature", "geometry": {"type": "MultiPolygon", "coordinates": [[[[72.34821627, 34.22077984], [72.34809579, 34.22077564], [72.34809369, 34.22081674], [72.34821418, 34.22082093], [72.34821627, 34.22077984]]]]}, "properties": {"id": "Pakistan_123102310_443360", "height": 4.03534460067749, "hmax": 0.025, "ratio": 0.006, "vulnClass": "none"}}, {"type": "Feature", "geometry": {"type": "MultiPolygon", "coordinates": [[[[72.34803059, 34.22096308], [72.34820983, 34.22098982], [72.3482178, 34.22095331], [72.34803856, 34.22092656], [72.34803059, 34.22096308]]]]}, "properties": {"id": "Pakistan_123102310_728252", "height": 3.816171884536743, "hmax": 0.025, "ratio": 0.007, "vulnClass": "none"}}, {"type": "Feature", "geometry": {"type": "MultiPolygon", "coordinates": [[[[72.3478349, 34.22090278], [72.34802794, 34.2209061], [72.34802875, 34.22087381], [72.34803948, 34.220874], [72.34804043, 34.22083631], [72.34783667, 34.22083279], [72.3478349, 34.22090278]]]]}, "properties": {"id": "Pakistan_123102310_846523", "height": 3.601787328720093, "hmax": 0.013, "ratio": 0.004, "vulnClass": "none"}}, {"type": "Feature", "geometry": {"type": "MultiPolygon", "coordinates": [[[[72.34796722, 34.22125587], [72.34796951, 34.22118273], [72.34789982, 34.22118123], [72.34790108, 34.22114134], [72.34784479, 34.22114013], [72.34784618, 34.2210958], [72.34779257, 34.22109465], [72.34778763, 34.22125201], [72.34796722, 34.22125587]]]]}, "properties": {"id": "Pakistan_123102310_647167", "height": 3.789604663848877, "hmax": 0.013, "ratio": 0.003, "vulnClass": "none"}}, {"type": "Feature", "geometry": {"type": "MultiPolygon", "coordinates": [[[[72.34797983, 34.22111769], [72.34807515, 34.22113369], [72.34808456, 34.22109535], [72.34798925, 34.22107935], [72.34797983, 34.22111769]]]]}, "properties": {"id": "Pakistan_123102310_16790", "height": 4.132942676544189, "hmax": 0.02, "ratio": 0.005, "vulnClass": "none"}}, {"type": "Feature", "geometry": {"type": "MultiPolygon", "coordinates": [[[[72.34822017, 34.22112905], [72.34808819, 34.22110304], [72.3480773, 34.22114082], [72.34820928, 34.22116683], [72.34822017, 34.22112905]]]]}, "properties": {"id": "Pakistan_123102310_111420", "height": 4.215299129486084, "hmax": 0.025, "ratio": 0.006, "vulnClass": "none"}}, {"type": "Feature", "geometry": {"type": "MultiPolygon", "coordinates": [[[[72.34801297, 34.22103063], [72.34796849, 34.22102481], [72.34795896, 34.22107457], [72.34800344, 34.2210804], [72.34801297, 34.22103063]]]]}, "properties": {"id": "Pakistan_123102310_131127", "height": 3.963903427124023, "hmax": 0.013, "ratio": 0.003, "vulnClass": "none"}}, {"type": "Feature", "geometry": {"type": "MultiPolygon", "coordinates": [[[[72.34806076, 34.22110305], [72.34843894, 34.22110447], [72.3484392, 34.2210579], [72.34833191, 34.22105749], [72.34833231, 34.22098529], [72.3482438, 34.22098495], [72.34824361, 34.22101946], [72.34806122, 34.22101877], [72.34806076, 34.22110305]]]]}, "properties": {"id": "Pakistan_123102310_27393", "height": 4.226253509521484, "hmax": 0.025, "ratio": 0.006, "vulnClass": "none"}}, {"type": "Feature", "geometry": {"type": "MultiPolygon", "coordinates": [[[[72.34827024, 34.22119301], [72.34826929, 34.22127408], [72.34846906, 34.22127568], [72.34846951, 34.22123799], [72.34846015, 34.22123791], [72.34846066, 34.22119455], [72.34849553, 34.22119483], [72.34849598, 34.22115614], [72.34853621, 34.22115646], [72.34853666, 34.22111876], [72.34844279, 34.22111801], [72.3484426, 34.22113353], [72.34827096, 34.22113215], [72.34827061, 34.22116196], [72.34841543, 34.22116313], [72.34841507, 34.22119418], [72.34827024, 34.22119301]]]]}, "properties": {"id": "Pakistan_123102310_281546", "height": 3.411405324935913, "hmax": 0.025, "ratio": 0.007, "vulnClass": "none"}}, {"type": "Feature", "geometry": {"type": "MultiPolygon", "coordinates": [[[[72.34862684, 34.22111759], [72.34858672, 34.22111587], [72.34858186, 34.22119328], [72.34862199, 34.221195], [72.34862684, 34.22111759]]]]}, "properties": {"id": "Pakistan_123102310_35652", "height": 3.74033784866333, "hmax": 0.025, "ratio": 0.007, "vulnClass": "none"}}, {"type": "Feature", "geometry": {"type": "MultiPolygon", "coordinates": [[[[72.34856421, 34.22131486], [72.34874741, 34.22136728], [72.34874953, 34.22136688], [72.34884006, 34.22139278], [72.34885669, 34.22135304], [72.34884083, 34.22129541], [72.34890883, 34.22131486], [72.34893912, 34.22124249], [72.34889673, 34.22123036], [72.34888749, 34.22119677], [72.34884784, 34.22120423], [72.34887187, 34.22114682], [72.34878482, 34.22112192], [72.34875931, 34.22112672], [72.34872723, 34.22111754], [72.348709, 34.22116112], [72.34874371, 34.22117105], [72.3487263, 34.22121265], [72.34885283, 34.22124885], [72.34879418, 34.22125989], [72.34875889, 34.22124979], [72.34872269, 34.2212566], [72.34871409, 34.22127717], [72.34866578, 34.22128626], [72.34864707, 34.22128091], [72.34857255, 34.22129493], [72.34856421, 34.22131486]]]]}, "properties": {"id": "Pakistan_123102310_344298", "height": 4.262939929962158, "hmax": 0.025, "ratio": 0.006, "vulnClass": "none"}}, {"type": "Feature", "geometry": {"type": "MultiPolygon", "coordinates": [[[[72.34851705, 34.22104453], [72.34852093, 34.22110647], [72.34856373, 34.22110464], [72.34855985, 34.2210427], [72.34851705, 34.22104453]]]]}, "properties": {"id": "Pakistan_123102310_367921", "height": 3.072171211242676, "hmax": 0.025, "ratio": 0.008, "vulnClass": "none"}}, {"type": "Feature", "geometry": {"type": "MultiPolygon", "coordinates": [[[[72.34844217, 34.22104883], [72.3484434, 34.2211077], [72.34851311, 34.2211067], [72.34851189, 34.22104783], [72.34844217, 34.22104883]]]]}, "properties": {"id": "Pakistan_123102310_396315", "height": 2.907066345214844, "hmax": 0.025, "ratio": 0.009, "vulnClass": "none"}}, {"type": "Feature", "geometry": {"type": "MultiPolygon", "coordinates": [[[[72.34866002, 34.22097163], [72.34852077, 34.22096704], [72.348519, 34.22100369], [72.34856855, 34.22100532], [72.34856381, 34.22110375], [72.3486535, 34.2211067], [72.34866002, 34.22097163]]]]}, "properties": {"id": "Pakistan_123102310_524180", "height": 3.072171211242676, "hmax": 0.025, "ratio": 0.008, "vulnClass": "none"}}, {"type": "Feature", "geometry": {"type": "MultiPolygon", "coordinates": [[[[72.34859261, 34.2209609], [72.34859781, 34.22083684], [72.34850271, 34.22083412], [72.34850066, 34.22088285], [72.34845646, 34.22088159], [72.3484533, 34.2209569], [72.34859261, 34.2209609]]]]}, "properties": {"id": "Pakistan_123102310_756803", "height": 3.50408411026001, "hmax": 0.025, "ratio": 0.007, "vulnClass": "none"}}, {"type": "Feature", "geometry": {"type": "MultiPolygon", "coordinates": [[[[72.34845473, 34.22085916], [72.34840939, 34.22085635], [72.34840419, 34.22091369], [72.34844954, 34.2209165], [72.34845473, 34.22085916]]]]}, "properties": {"id": "Pakistan_123102310_149402", "height": 3.589754343032837, "hmax": 0.025, "ratio": 0.007, "vulnClass": "none"}}, {"type": "Feature", "geometry": {"type": "MultiPolygon", "coordinates": [[[[72.34830653, 34.22094695], [72.34843338, 34.22095979], [72.34843971, 34.22091707], [72.34831286, 34.22090422], [72.34830653, 34.22094695]]]]}, "properties": {"id": "Pakistan_123102310_851208", "height": 3.426398754119873, "hmax": 0.025, "ratio": 0.007, "vulnClass": "none"}}, {"type": "Feature", "geometry": {"type": "MultiPolygon", "coordinates": [[[[72.34835143, 34.22084113], [72.34839759, 34.2208493], [72.34840583, 34.22081749], [72.34835967, 34.22080932], [72.34835143, 34.22084113]]]]}, "properties": {"id": "Pakistan_123102310_552386", "height": 3.492722988128662, "hmax": 0.025, "ratio": 0.007, "vulnClass": "none"}}, {"type": "Feature", "geometry": {"type": "MultiPolygon", "coordinates": [[[[72.34846184, 34.22079961], [72.34883914, 34.22084387], [72.34884494, 34.22081008], [72.34877527, 34.2208019], [72.34877937, 34.22077799], [72.34870312, 34.22076904], [72.34870068, 34.22078327], [72.34853897, 34.2207643], [72.3485444, 34.22073267], [72.34847474, 34.22072449], [72.34846184, 34.22079961]]]]}, "properties": {"id": "Pakistan_123102310_349089", "height": 3.38904333114624, "hmax": 0.025, "ratio": 0.007, "vulnClass": "none"}}, {"type": "Feature", "geometry": {"type": "MultiPolygon", "coordinates": [[[[72.3485013, 34.22082684], [72.34841288, 34.22081389], [72.34840572, 34.22084733], [72.34849414, 34.22086028], [72.3485013, 34.22082684]]]]}, "properties": {"id": "Pakistan_123102310_552389", "height": 3.492722988128662, "hmax": 0.025, "ratio": 0.007, "vulnClass": "none"}}, {"type": "Feature", "geometry": {"type": "MultiPolygon", "coordinates": [[[[72.34889297, 34.22072952], [72.34879935, 34.22070844], [72.34877487, 34.22078277], [72.34886726, 34.22080357], [72.3488829, 34.22075608], [72.34888414, 34.22075636], [72.34889297, 34.22072952]]]]}, "properties": {"id": "Pakistan_123102310_775714", "height": 3.081170797348022, "hmax": 0.025, "ratio": 0.008, "vulnClass": "none"}}, {"type": "Feature", "geometry": {"type": "MultiPolygon", "coordinates": [[[[72.34890616, 34.22099667], [72.34877836, 34.22097582], [72.34878271, 34.22095758], [72.34888727, 34.22097464], [72.34889848, 34.22092768], [72.3487255, 34.22089946], [72.34871809, 34.22093051], [72.34864839, 34.22091914], [72.34863515, 34.22097465], [72.34869711, 34.22098475], [72.34868947, 34.22101677], [72.34880049, 34.22103488], [72.34878063, 34.22111814], [72.34887357, 34.22113329], [72.34890616, 34.22099667]]]]}, "properties": {"id": "Pakistan_123102310_234366", "height": 3.500245094299316, "hmax": 0.025, "ratio": 0.007, "vulnClass": "none"}}, {"type": "Feature", "geometry": {"type": "MultiPolygon", "coordinates": [[[[72.34922827, 34.22089005], [72.34914638, 34.2208577], [72.34909269, 34.22095063], [72.34917457, 34.22098298], [72.34922827, 34.22089005]]]]}, "properties": {"id": "Pakistan_123102310_405760", "height": 3.380439043045044, "hmax": 0.096, "ratio": 0.028, "vulnClass": "none"}}, {"type": "Feature", "geometry": {"type": "MultiPolygon", "coordinates": [[[[72.34906088, 34.22083327], [72.34901469, 34.22089321], [72.34908147, 34.22092839], [72.34912766, 34.22086844], [72.34906088, 34.22083327]]]]}, "properties": {"id": "Pakistan_123102310_912841", "height": 3.48456335067749, "hmax": 0.026, "ratio": 0.007, "vulnClass": "none"}}, {"type": "Feature", "geometry": {"type": "MultiPolygon", "coordinates": [[[[72.34894843, 34.22083381], [72.34902885, 34.22086711], [72.34905785, 34.22081924], [72.34897743, 34.22078594], [72.34894843, 34.22083381]]]]}, "properties": {"id": "Pakistan_123102310_273027", "height": 3.396579027175903, "hmax": 0.025, "ratio": 0.007, "vulnClass": "none"}}, {"type": "Feature", "geometry": {"type": "MultiPolygon", "coordinates": [[[[72.34939441, 34.22082598], [72.34937928, 34.22088079], [72.34945959, 34.22089594], [72.34947471, 34.22084113], [72.34939441, 34.22082598]]]]}, "properties": {"id": "Pakistan_123102310_8249", "height": 2.821645736694336, "hmax": 0.101, "ratio": 0.036, "vulnClass": "none"}}, {"type": "Feature", "geometry": {"type": "MultiPolygon", "coordinates": [[[[72.34931594, 34.22109433], [72.34938851, 34.22110555], [72.34940159, 34.22104769], [72.34932902, 34.22103647], [72.34931594, 34.22109433]]]]}, "properties": {"id": "Pakistan_123102310_614077", "height": 3.199949979782104, "hmax": 0.101, "ratio": 0.032, "vulnClass": "none"}}, {"type": "Feature", "geometry": {"type": "MultiPolygon", "coordinates": [[[[72.3493936, 34.22111807], [72.34954761, 34.22115598], [72.34955641, 34.22113154], [72.34962169, 34.22114761], [72.3496789, 34.2209887], [72.34960745, 34.22097111], [72.34956232, 34.22109645], [72.34941449, 34.22106006], [72.3493936, 34.22111807]]]]}, "properties": {"id": "Pakistan_123102310_452961", "height": 3.783153295516968, "hmax": 0.101, "ratio": 0.027, "vulnClass": "none"}}, {"type": "Feature", "geometry": {"type": "MultiPolygon", "coordinates": [[[[72.34942903, 34.22105177], [72.34946684, 34.22105969], [72.3494876, 34.2209919], [72.34944979, 34.22098398], [72.34942903, 34.22105177]]]]}, "properties": {"id": "Pakistan_123102310_737846", "height": 3.327860355377197, "hmax": 0.101, "ratio": 0.03, "vulnClass": "none"}}, {"type": "Feature", "geometry": {"type": "MultiPolygon", "coordinates": [[[[72.34960296, 34.2211779], [72.34969477, 34.22120624], [72.34972201, 34.2211459], [72.3496302, 34.22111756], [72.34960296, 34.2211779]]]]}, "properties": {"id": "Pakistan_123102310_101812", "height": 3.435347557067871, "hmax": 0.101, "ratio": 0.029, "vulnClass": "none"}}, {"type": "Feature", "geometry": {"type": "MultiPolygon", "coordinates": [[[[72.34941228, 34.22120248], [72.34952119, 34.22122435], [72.34953965, 34.22116153], [72.34943074, 34.22113965], [72.34941228, 34.22120248]]]]}, "properties": {"id": "Pakistan_123102310_561893", "height": 4.363131523132324, "hmax": 0.101, "ratio": 0.023, "vulnClass": "none"}}, {"type": "Feature", "geometry": {"type": "MultiPolygon", "coordinates": [[[[72.34925829, 34.22110215], [72.34919621, 34.22108576], [72.34917678, 34.22113608], [72.34923887, 34.22115247], [72.34925829, 34.22110215]]]]}, "properties": {"id": "Pakistan_123102310_358481", "height": 2.485222339630127, "hmax": 0.101, "ratio": 0.041, "vulnClass": "none"}}, {"type": "Feature", "geometry": {"type": "MultiPolygon", "coordinates": [[[[72.349164, 34.22114795], [72.34915127, 34.221192], [72.34935171, 34.22123162], [72.34936445, 34.22118756], [72.349164, 34.22114795]]]]}, "properties": {"id": "Pakistan_123102310_140853", "height": 2.98190450668335, "hmax": 0.101, "ratio": 0.034, "vulnClass": "none"}}, {"type": "Feature", "geometry": {"type": "MultiPolygon", "coordinates": [[[[72.34890474, 34.22120465], [72.34897588, 34.22123372], [72.34899768, 34.22119724], [72.34892654, 34.22116818], [72.34890474, 34.22120465]]]]}, "properties": {"id": "Pakistan_123102310_538231", "height": 2.747252464294434, "hmax": 0.025, "ratio": 0.009, "vulnClass": "none"}}, {"type": "Feature", "geometry": {"type": "MultiPolygon", "coordinates": [[[[72.34901151, 34.22110416], [72.34906712, 34.22113138], [72.3491147, 34.22106493], [72.34905909, 34.22103771], [72.34901151, 34.22110416]]]]}, "properties": {"id": "Pakistan_123102310_424530", "height": 2.921401977539062, "hmax": 0.025, "ratio": 0.009, "vulnClass": "none"}}, {"type": "Feature", "geometry": {"type": "MultiPolygon", "coordinates": [[[[72.34878201, 34.22108318], [72.3487166, 34.2210746], [72.34870913, 34.22111354], [72.34877453, 34.22112212], [72.34878201, 34.22108318]]]]}, "properties": {"id": "Pakistan_123102310_150321", "height": 2.81241774559021, "hmax": 0.025, "ratio": 0.009, "vulnClass": "none"}}, {"type": "Feature", "geometry": {"type": "MultiPolygon", "coordinates": [[[[72.3487692, 34.22141346], [72.34878107, 34.22137961], [72.34866231, 34.22135114], [72.34865044, 34.22138499], [72.3487692, 34.22141346]]]]}, "properties": {"id": "Pakistan_123102310_628329", "height": 3.825386524200439, "hmax": 0.025, "ratio": 0.007, "vulnClass": "none"}}, {"type": "Feature", "geometry": {"type": "MultiPolygon", "coordinates": [[[[72.34866168, 34.22147927], [72.34874888, 34.22149923], [72.34877577, 34.22141888], [72.34872843, 34.22140805], [72.34872153, 34.22142865], [72.34868167, 34.22141953], [72.34866168, 34.22147927]]]]}, "properties": {"id": "Pakistan_123102310_756805", "height": 3.208377838134766, "hmax": 0.025, "ratio": 0.008, "vulnClass": "none"}}, {"type": "Feature", "geometry": {"type": "MultiPolygon", "coordinates": [[[[72.34902024, 34.22136023], [72.34900265, 34.22139776], [72.34909479, 34.22142729], [72.34911239, 34.22138976], [72.34902024, 34.22136023]]]]}, "properties": {"id": "Pakistan_123102310_505083", "height": 3.88348650932312, "hmax": 0.028, "ratio": 0.007, "vulnClass": "none"}}, {"type": "Feature", "geometry": {"type": "MultiPolygon", "coordinates": [[[[72.34911015, 34.22129027], [72.34905778, 34.22127653], [72.34902609, 34.22135915], [72.3491223, 34.2213844], [72.34918375, 34.22122427], [72.34913989, 34.22121277], [72.34911015, 34.22129027]]]]}, "properties": {"id": "Pakistan_123102310_557090", "height": 3.183786392211914, "hmax": 0.067, "ratio": 0.021, "vulnClass": "none"}}, {"type": "Feature", "geometry": {"type": "MultiPolygon", "coordinates": [[[[72.34965459, 34.22134838], [72.34969, 34.2212058], [72.34960764, 34.22119181], [72.34957223, 34.2213344], [72.34965459, 34.22134838]]]]}, "properties": {"id": "Pakistan_123102310_121843", "height": 3.64890193939209, "hmax": 0.101, "ratio": 0.028, "vulnClass": "none"}}, {"type": "Feature", "geometry": {"type": "MultiPolygon", "coordinates": [[[[72.34921775, 34.22148967], [72.34933599, 34.22152549], [72.34931952, 34.22156264], [72.34944485, 34.22160062], [72.34947691, 34.22152828], [72.34923335, 34.22145447], [72.34921775, 34.22148967]]]]}, "properties": {"id": "Pakistan_123102310_234374", "height": 4.059401512145996, "hmax": 0.094, "ratio": 0.023, "vulnClass": "none"}}, {"type": "Feature", "geometry": {"type": "MultiPolygon", "coordinates": [[[[72.34915191, 34.22146768], [72.34911609, 34.22146116], [72.34910539, 34.22150136], [72.34914121, 34.22150787], [72.34915191, 34.22146768]]]]}, "properties": {"id": "Pakistan_123102310_599843", "height": 5.000267028808594, "hmax": 0.101, "ratio": 0.02, "vulnClass": "none"}}, {"type": "Feature", "geometry": {"type": "MultiPolygon", "coordinates": [[[[72.34877513, 34.22155739], [72.3489026, 34.22159317], [72.34892345, 34.22154238], [72.34879598, 34.22150659], [72.34877513, 34.22155739]]]]}, "properties": {"id": "Pakistan_123102310_17923", "height": 3.192904233932495, "hmax": 0.019, "ratio": 0.006, "vulnClass": "none"}}, {"type": "Feature", "geometry": {"type": "MultiPolygon", "coordinates": [[[[72.34831468, 34.22167538], [72.34837697, 34.22168962], [72.34836457, 34.22172671], [72.34849664, 34.22175689], [72.34854004, 34.22162709], [72.34834568, 34.22158266], [72.34831468, 34.22167538]]]]}, "properties": {"id": "Pakistan_123102310_367919", "height": 4.398340225219727, "hmax": 0.015, "ratio": 0.003, "vulnClass": "none"}}, {"type": "Feature", "geometry": {"type": "MultiPolygon", "coordinates": [[[[72.34915913, 34.22149577], [72.34901833, 34.22163237], [72.34878896, 34.22158947], [72.34873704, 34.22163985], [72.34869389, 34.22165071], [72.34868386, 34.22168736], [72.34862443, 34.22167624], [72.3485218, 34.22177581], [72.34864945, 34.22179968], [72.34863574, 34.22179002], [72.3486564, 34.22171448], [72.3488233, 34.22174569], [72.34883378, 34.22177417], [72.34869708, 34.22180859], [72.34898858, 34.22186309], [72.34897473, 34.22191373], [72.34903578, 34.22192514], [72.34907191, 34.22191605], [72.34909434, 34.22183407], [72.34895279, 34.22180761], [72.34899607, 34.22164936], [72.3494503, 34.2217343], [72.34931144, 34.22176925], [72.34966925, 34.22183618], [72.34968246, 34.22182337], [72.34964565, 34.22179744], [72.34990386, 34.22184572], [72.34995235, 34.22166849], [72.34948063, 34.22158028], [72.34930315, 34.22162496], [72.34932976, 34.22152768], [72.34915913, 34.22149577]]]]}, "properties": {"id": "Pakistan_123102310_344303", "height": 5.116632461547852, "hmax": 0.052, "ratio": 0.01, "vulnClass": "none"}}, {"type": "Feature", "geometry": {"type": "MultiPolygon", "coordinates": [[[[72.34862363, 34.22146533], [72.34866632, 34.22146791], [72.34867276, 34.22139511], [72.34856338, 34.22138849], [72.34855967, 34.22143041], [72.34862636, 34.22143444], [72.34862363, 34.22146533]]]]}, "properties": {"id": "Pakistan_123102310_111434", "height": 3.498262405395508, "hmax": 0.025, "ratio": 0.007, "vulnClass": "none"}}, {"type": "Feature", "geometry": {"type": "MultiPolygon", "coordinates": [[[[72.34857107, 34.22135654], [72.34848021, 34.22135204], [72.34847652, 34.22140287], [72.34856739, 34.22140737], [72.34857107, 34.22135654]]]]}, "properties": {"id": "Pakistan_123102310_723580", "height": 3.498262405395508, "hmax": 0.025, "ratio": 0.007, "vulnClass": "none"}}, {"type": "Feature", "geometry": {"type": "MultiPolygon", "coordinates": [[[[72.3484778, 34.2212094], [72.34847601, 34.22127147], [72.34867975, 34.22127548], [72.34868153, 34.22121341], [72.3484778, 34.2212094]]]]}, "properties": {"id": "Pakistan_123102310_666389", "height": 4.262939929962158, "hmax": 0.025, "ratio": 0.006, "vulnClass": "none"}}, {"type": "Feature", "geometry": {"type": "MultiPolygon", "coordinates": [[[[72.34846792, 34.22134487], [72.34857246, 34.22134702], [72.34857376, 34.22130369], [72.34846922, 34.22130153], [72.34846792, 34.22134487]]]]}, "properties": {"id": "Pakistan_123102310_121126", "height": 3.349299907684326, "hmax": 0.025, "ratio": 0.007, "vulnClass": "none"}}, {"type": "Feature", "geometry": {"type": "MultiPolygon", "coordinates": [[[[72.34845878, 34.22136637], [72.34836493, 34.22136779], [72.34836576, 34.22140548], [72.34845961, 34.22140406], [72.34845878, 34.22136637]]]]}, "properties": {"id": "Pakistan_123102310_519493", "height": 3.487122535705566, "hmax": 0.025, "ratio": 0.007, "vulnClass": "none"}}, {"type": "Feature", "geometry": {"type": "MultiPolygon", "coordinates": [[[[72.34824752, 34.2214219], [72.34824453, 34.22145052], [72.34819661, 34.2214471], [72.34818765, 34.22153296], [72.34853376, 34.22155765], [72.34854571, 34.22144318], [72.34824752, 34.2214219]]]]}, "properties": {"id": "Pakistan_123102310_538224", "height": 5.009054183959961, "hmax": 0.024, "ratio": 0.005, "vulnClass": "none"}}, {"type": "Feature", "geometry": {"type": "MultiPolygon", "coordinates": [[[[72.34807134, 34.22140595], [72.34828591, 34.22140595], [72.34828591, 34.22137835], [72.34818935, 34.22137836], [72.34818935, 34.22134385], [72.34798014, 34.22134385], [72.34798014, 34.22141482], [72.34807134, 34.22141482], [72.34807134, 34.22140595]]]]}, "properties": {"id": "Pakistan_123102310_742668", "height": 3.6381516456604, "hmax": 0.023, "ratio": 0.006, "vulnClass": "none"}}, {"type": "Feature", "geometry": {"type": "MultiPolygon", "coordinates": [[[[72.34809067, 34.22129463], [72.34808201, 34.22133092], [72.34810266, 34.22133429], [72.34811133, 34.221298], [72.34809067, 34.22129463]]]]}, "properties": {"id": "Pakistan_123102310_879650", "height": 3.092250108718872, "hmax": 0.025, "ratio": 0.008, "vulnClass": "none"}}, {"type": "Feature", "geometry": {"type": "MultiPolygon", "coordinates": [[[[72.34813571, 34.22126763], [72.3482616, 34.22127157], [72.34826454, 34.22120735], [72.34813865, 34.22120341], [72.34813571, 34.22126763]]]]}, "properties": {"id": "Pakistan_123102310_675951", "height": 3.421180725097656, "hmax": 0.025, "ratio": 0.007, "vulnClass": "none"}}, {"type": "Feature", "geometry": {"type": "MultiPolygon", "coordinates": [[[[72.34812857, 34.22126629], [72.34812894, 34.22122193], [72.34797201, 34.22122104], [72.34797164, 34.2212654], [72.34812857, 34.22126629]]]]}, "properties": {"id": "Pakistan_123102310_282453", "height": 2.886918783187866, "hmax": 0.021, "ratio": 0.007, "vulnClass": "none"}}, {"type": "Feature", "geometry": {"type": "MultiPolygon", "coordinates": [[[[72.3477964, 34.22130179], [72.34794492, 34.22130803], [72.34794716, 34.22127138], [72.34790436, 34.22126958], [72.34790483, 34.22126199], [72.34779912, 34.22125755], [72.3477964, 34.22130179]]]]}, "properties": {"id": "Pakistan_123102310_27381", "height": 3.706746578216553, "hmax": 0.013, "ratio": 0.003, "vulnClass": "none"}}, {"type": "Feature", "geometry": {"type": "MultiPolygon", "coordinates": [[[[72.34784365, 34.22132065], [72.3478451, 34.22137164], [72.34797378, 34.22136913], [72.34797232, 34.22131815], [72.34784365, 34.22132065]]]]}, "properties": {"id": "Pakistan_123102310_159795", "height": 3.402023077011108, "hmax": 0.013, "ratio": 0.004, "vulnClass": "none"}}, {"type": "Feature", "geometry": {"type": "MultiPolygon", "coordinates": [[[[72.34797433, 34.22149347], [72.347976, 34.2214203], [72.34788484, 34.22141888], [72.34788317, 34.22149204], [72.34797433, 34.22149347]]]]}, "properties": {"id": "Pakistan_123102310_704399", "height": 3.999696969985962, "hmax": 0.013, "ratio": 0.003, "vulnClass": "none"}}, {"type": "Feature", "geometry": {"type": "MultiPolygon", "coordinates": [[[[72.34768175, 34.22137861], [72.34768868, 34.22147809], [72.3478464, 34.22147058], [72.34784041, 34.22138437], [72.34775486, 34.22138844], [72.34775393, 34.22137518], [72.34768175, 34.22137861]]]]}, "properties": {"id": "Pakistan_123102310_415111", "height": 3.801740169525146, "hmax": 0.013, "ratio": 0.003, "vulnClass": "none"}}, {"type": "Feature", "geometry": {"type": "MultiPolygon", "coordinates": [[[[72.34788893, 34.22158952], [72.34788597, 34.22170035], [72.34795567, 34.22170163], [72.3479595, 34.2215585], [72.34785494, 34.22155659], [72.3478558, 34.22152459], [72.34771371, 34.22152199], [72.34771199, 34.22158628], [72.34788893, 34.22158952]]]]}, "properties": {"id": "Pakistan_123102310_311154", "height": 4.081299304962158, "hmax": 0.008, "ratio": 0.002, "vulnClass": "none"}}, {"type": "Feature", "geometry": {"type": "MultiPolygon", "coordinates": [[[[72.34799532, 34.22151696], [72.3480675, 34.22152039], [72.34807304, 34.22144081], [72.34800086, 34.22143738], [72.34799532, 34.22151696]]]]}, "properties": {"id": "Pakistan_123102310_235293", "height": 3.999696969985962, "hmax": 0.022, "ratio": 0.006, "vulnClass": "none"}}, {"type": "Feature", "geometry": {"type": "MultiPolygon", "coordinates": [[[[72.34807283, 34.22158197], [72.34807526, 34.22152438], [72.34797882, 34.22152159], [72.3479747, 34.22161906], [72.34813544, 34.2216237], [72.34813712, 34.22158383], [72.34807283, 34.22158197]]]]}, "properties": {"id": "Pakistan_123102310_808802", "height": 4.129894733428955, "hmax": 0.014, "ratio": 0.003, "vulnClass": "none"}}, {"type": "Feature", "geometry": {"type": "MultiPolygon", "coordinates": [[[[72.34800995, 34.22180332], [72.34810241, 34.22180644], [72.34810863, 34.22168023], [72.34801619, 34.22167711], [72.34800995, 34.22180332]]]]}, "properties": {"id": "Pakistan_123102310_101772", "height": 3.89863657951355, "hmax": 0.015, "ratio": 0.004, "vulnClass": "none"}}, {"type": "Feature", "geometry": {"type": "MultiPolygon", "coordinates": [[[[72.34801934, 34.22163233], [72.34802053, 34.22167319], [72.34811704, 34.22167126], [72.34811584, 34.22163039], [72.34801934, 34.22163233]]]]}, "properties": {"id": "Pakistan_123102310_358463", "height": 4.403878688812256, "hmax": 0.015, "ratio": 0.003, "vulnClass": "none"}}, {"type": "Feature", "geometry": {"type": "MultiPolygon", "coordinates": [[[[72.34787842, 34.22167439], [72.34782815, 34.22166954], [72.34782074, 34.22172206], [72.34787102, 34.22172691], [72.34787842, 34.22167439]]]]}, "properties": {"id": "Pakistan_123102310_382093", "height": 4.497251510620117, "hmax": 0.008, "ratio": 0.002, "vulnClass": "none"}}, {"type": "Feature", "geometry": {"type": "MultiPolygon", "coordinates": [[[[72.34812427, 34.22191505], [72.34814332, 34.22191893], [72.34813397, 34.22195029], [72.34825905, 34.22197578], [72.34828059, 34.22190353], [72.34813646, 34.22187415], [72.34812427, 34.22191505]]]]}, "properties": {"id": "Pakistan_123102310_287234", "height": 3.288038969039917, "hmax": 0.015, "ratio": 0.005, "vulnClass": "none"}}, {"type": "Feature", "geometry": {"type": "MultiPolygon", "coordinates": [[[[72.34823808, 34.22182408], [72.34841018, 34.221854], [72.34842206, 34.22180727], [72.34834757, 34.22179432], [72.34834571, 34.22180164], [72.3482481, 34.22178466], [72.34823808, 34.22182408]]]]}, "properties": {"id": "Pakistan_123102310_694943", "height": 4.055747509002686, "hmax": 0.015, "ratio": 0.004, "vulnClass": "none"}}, {"type": "Feature", "geometry": {"type": "MultiPolygon", "coordinates": [[[[72.34849541, 34.22189141], [72.34847433, 34.2219457], [72.34878184, 34.22202733], [72.34880292, 34.22197305], [72.34849541, 34.22189141]]]]}, "properties": {"id": "Pakistan_123102310_566630", "height": 3.719247579574585, "hmax": 0.015, "ratio": 0.004, "vulnClass": "none"}}, {"type": "Feature", "geometry": {"type": "MultiPolygon", "coordinates": [[[[72.34843561, 34.22197869], [72.3483938, 34.2219705], [72.34835856, 34.22209345], [72.34840037, 34.22210165], [72.34843561, 34.22197869]]]]}, "properties": {"id": "Pakistan_123102310_74551", "height": 4.391849517822266, "hmax": 0.015, "ratio": 0.003, "vulnClass": "none"}}, {"type": "Feature", "geometry": {"type": "MultiPolygon", "coordinates": [[[[72.34852402, 34.22203221], [72.34844565, 34.2220089], [72.34839734, 34.22211996], [72.34847572, 34.22214327], [72.34852402, 34.22203221]]]]}, "properties": {"id": "Pakistan_123102310_287241", "height": 4.795242309570312, "hmax": 0.015, "ratio": 0.003, "vulnClass": "none"}}, {"type": "Feature", "geometry": {"type": "MultiPolygon", "coordinates": [[[[72.34871235, 34.22206523], [72.34851336, 34.22204804], [72.3485006, 34.22214896], [72.3486996, 34.22216615], [72.34871235, 34.22206523]]]]}, "properties": {"id": "Pakistan_123102310_382103", "height": 4.170692920684814, "hmax": 0.015, "ratio": 0.004, "vulnClass": "none"}}, {"type": "Feature", "geometry": {"type": "MultiPolygon", "coordinates": [[[[72.34854072, 34.22215981], [72.34847915, 34.22213843], [72.34843277, 34.22222977], [72.34849433, 34.22225115], [72.34854072, 34.22215981]]]]}, "properties": {"id": "Pakistan_123102310_680721", "height": 3.509285688400269, "hmax": 0.015, "ratio": 0.004, "vulnClass": "none"}}, {"type": "Feature", "geometry": {"type": "MultiPolygon", "coordinates": [[[[72.34801831, 34.22204497], [72.34794441, 34.2220165], [72.34791816, 34.22206308], [72.34799207, 34.22209156], [72.34801831, 34.22204497]]]]}, "properties": {"id": "Pakistan_123102310_604506", "height": 3.089428424835205, "hmax": 0.009, "ratio": 0.003, "vulnClass": "none"}}, {"type": "Feature", "geometry": {"type": "MultiPolygon", "coordinates": [[[[72.34776423, 34.22200717], [72.34779563, 34.22201129], [72.3478064, 34.22195503], [72.34771744, 34.22194338], [72.34769962, 34.22203642], [72.34775718, 34.22204395], [72.34776423, 34.22200717]]]]}, "properties": {"id": "Pakistan_123102310_737828", "height": 4.813971996307373, "hmax": 0.008, "ratio": 0.002, "vulnClass": "none"}}, {"type": "Feature", "geometry": {"type": "MultiPolygon", "coordinates": [[[[72.34791132, 34.22223899], [72.34789779, 34.22232852], [72.34796382, 34.22233534], [72.34794699, 34.22244671], [72.34807376, 34.22245981], [72.3480797, 34.2224205], [72.34815893, 34.22242868], [72.34816882, 34.22236317], [72.3483088, 34.22237763], [72.3483153, 34.22233462], [72.34825069, 34.22229179], [72.34825069, 34.22229179], [72.34808822, 34.22218407], [72.34806482, 34.22218166], [72.34807354, 34.22212392], [72.34799927, 34.22211625], [72.34794955, 34.22216753], [72.34774823, 34.22214673], [72.34773701, 34.22222098], [72.34791132, 34.22223899]]]]}, "properties": {"id": "Pakistan_123102310_647165", "height": 4.66712760925293, "hmax": 0.013, "ratio": 0.003, "vulnClass": "none"}}, {"type": "Feature", "geometry": {"type": "MultiPolygon", "coordinates": [[[[72.34826378, 34.22252656], [72.34818873, 34.22251471], [72.34819615, 34.22248261], [72.34825308, 34.2224916], [72.34826989, 34.22241885], [72.34819485, 34.222407], [72.34817853, 34.22247761], [72.34812419, 34.22246902], [72.34812963, 34.22244549], [72.34809599, 34.22244017], [72.34806929, 34.22255571], [72.34825043, 34.22258433], [72.34826378, 34.22252656]]]]}, "properties": {"id": "Pakistan_123102310_287238", "height": 4.073358058929443, "hmax": 0.008, "ratio": 0.002, "vulnClass": "none"}}, {"type": "Feature", "geometry": {"type": "MultiPolygon", "coordinates": [[[[72.34836756, 34.22240572], [72.3483311, 34.22254327], [72.34827109, 34.2225324], [72.34825545, 34.22259142], [72.34831252, 34.22262197], [72.34806095, 34.2225764], [72.34804862, 34.22262296], [72.34809213, 34.22263084], [72.34808067, 34.22267409], [72.34819628, 34.22269504], [72.34822311, 34.22270939], [72.34820222, 34.22273607], [72.34819519, 34.22276261], [72.34827241, 34.2227766], [72.34832063, 34.22271502], [72.34826868, 34.22268721], [72.34839666, 34.2227104], [72.34841423, 34.22268795], [72.34847123, 34.22269828], [72.34849804, 34.22259707], [72.34857418, 34.22263782], [72.348659, 34.22252948], [72.34865072, 34.22252798], [72.34845031, 34.22242071], [72.34836756, 34.22240572]]]]}, "properties": {"id": "Pakistan_123102310_709218", "height": 4.680981636047363, "hmax": 0.008, "ratio": 0.002, "vulnClass": "none"}}, {"type": "Feature", "geometry": {"type": "MultiPolygon", "coordinates": [[[[72.34789164, 34.22238012], [72.34785414, 34.22237906], [72.34785084, 34.22245881], [72.34788835, 34.22245987], [72.34789164, 34.22238012]]]]}, "properties": {"id": "Pakistan_123102310_311155", "height": 3.341797590255737, "hmax": 0.006, "ratio": 0.002, "vulnClass": "none"}}, {"type": "Feature", "geometry": {"type": "MultiPolygon", "coordinates": [[[[72.34778504, 34.22242353], [72.34775446, 34.22242639], [72.34776027, 34.22246894], [72.34779086, 34.22246608], [72.34778504, 34.22242353]]]]}, "properties": {"id": "Pakistan_123102310_46439", "height": 3.250624179840088, "hmax": 0.004, "ratio": 0.001, "vulnClass": "none"}}, {"type": "Feature", "geometry": {"type": "MultiPolygon", "coordinates": [[[[72.34795229, 34.22250426], [72.34793474, 34.22256511], [72.34804641, 34.22258713], [72.34806396, 34.22252627], [72.34795229, 34.22250426]]]]}, "properties": {"id": "Pakistan_123102310_794525", "height": 3.174845218658447, "hmax": 0.006, "ratio": 0.002, "vulnClass": "none"}}, {"type": "Feature", "geometry": {"type": "MultiPolygon", "coordinates": [[[[72.34794992, 34.22249643], [72.34806235, 34.22251139], [72.34807118, 34.22246599], [72.34795876, 34.22245103], [72.34794992, 34.22249643]]]]}, "properties": {"id": "Pakistan_123102310_101770", "height": 3.699850797653198, "hmax": 0.007, "ratio": 0.002, "vulnClass": "none"}}, {"type": "Feature", "geometry": {"type": "MultiPolygon", "coordinates": [[[[72.3485319, 34.22270251], [72.34855616, 34.22262331], [72.34850071, 34.2226117], [72.34847645, 34.2226909], [72.3485319, 34.22270251]]]]}, "properties": {"id": "Pakistan_123102310_311167", "height": 4.034914493560791, "hmax": 0.008, "ratio": 0.002, "vulnClass": "none"}}, {"type": "Feature", "geometry": {"type": "MultiPolygon", "coordinates": [[[[72.34874174, 34.22267561], [72.34864578, 34.22265583], [72.34863227, 34.22270063], [72.34879277, 34.22273371], [72.34880033, 34.22270866], [72.34873579, 34.22269535], [72.34874174, 34.22267561]]]]}, "properties": {"id": "Pakistan_123102310_851215", "height": 3.553299903869629, "hmax": 0.008, "ratio": 0.002, "vulnClass": "none"}}, {"type": "Feature", "geometry": {"type": "MultiPolygon", "coordinates": [[[[72.34837177, 34.22231585], [72.34872361, 34.22243864], [72.34876204, 34.22236335], [72.34879847, 34.22237606], [72.34881961, 34.22233465], [72.34875814, 34.22231319], [72.3487764, 34.22227743], [72.3487524, 34.22226905], [72.34871352, 34.2223452], [72.34866695, 34.22232894], [72.34867027, 34.22232244], [72.34841406, 34.22223302], [72.34837177, 34.22231585]]]]}, "properties": {"id": "Pakistan_123102310_514690", "height": 4.052191257476807, "hmax": 0.015, "ratio": 0.004, "vulnClass": "none"}}, {"type": "Feature", "geometry": {"type": "MultiPolygon", "coordinates": [[[[72.34871188, 34.222242], [72.34868879, 34.22228716], [72.34872748, 34.22230068], [72.34875056, 34.22225552], [72.34871188, 34.222242]]]]}, "properties": {"id": "Pakistan_123102310_879653", "height": 3.619234323501587, "hmax": 0.015, "ratio": 0.004, "vulnClass": "none"}}, {"type": "Feature", "geometry": {"type": "MultiPolygon", "coordinates": [[[[72.34880464, 34.22228706], [72.34879444, 34.222331], [72.34885512, 34.22234063], [72.34886532, 34.22229669], [72.34880464, 34.22228706]]]]}, "properties": {"id": "Pakistan_123102310_822884", "height": 2.890434265136719, "hmax": 0.015, "ratio": 0.005, "vulnClass": "none"}}, {"type": "Feature", "geometry": {"type": "MultiPolygon", "coordinates": [[[[72.34893261, 34.22229253], [72.34896928, 34.22231047], [72.34900744, 34.22225714], [72.34896083, 34.22223434], [72.34893497, 34.22227049], [72.34888927, 34.22224813], [72.34886459, 34.22228263], [72.34892023, 34.22230985], [72.34893261, 34.22229253]]]]}, "properties": {"id": "Pakistan_123102310_599838", "height": 2.871742486953735, "hmax": 0.015, "ratio": 0.005, "vulnClass": "none"}}, {"type": "Feature", "geometry": {"type": "MultiPolygon", "coordinates": [[[[72.34893559, 34.2222972], [72.34889427, 34.22233965], [72.34893895, 34.22236939], [72.34898028, 34.22232694], [72.34893559, 34.2222972]]]]}, "properties": {"id": "Pakistan_123102310_35664", "height": 2.610110282897949, "hmax": 0.015, "ratio": 0.006, "vulnClass": "none"}}, {"type": "Feature", "geometry": {"type": "MultiPolygon", "coordinates": [[[[72.34911301, 34.22240041], [72.34933023, 34.22243807], [72.34933752, 34.22240933], [72.34928473, 34.22240018], [72.34930036, 34.22233857], [72.34925295, 34.22233035], [72.34924242, 34.22237184], [72.3491254, 34.22235155], [72.34911301, 34.22240041]]]]}, "properties": {"id": "Pakistan_123102310_8239", "height": 5.54102897644043, "hmax": 0.069, "ratio": 0.013, "vulnClass": "none"}}, {"type": "Feature", "geometry": {"type": "MultiPolygon", "coordinates": [[[[72.34903874, 34.22241057], [72.34907402, 34.2224215], [72.34909605, 34.22237288], [72.34906076, 34.22236195], [72.34903874, 34.22241057]]]]}, "properties": {"id": "Pakistan_123102310_690158", "height": 4.978813171386719, "hmax": 0.037, "ratio": 0.007, "vulnClass": "none"}}, {"type": "Feature", "geometry": {"type": "MultiPolygon", "coordinates": [[[[72.34908595, 34.22245553], [72.34913195, 34.22246977], [72.349161, 34.22240557], [72.34911501, 34.22239134], [72.34908595, 34.22245553]]]]}, "properties": {"id": "Pakistan_123102310_614070", "height": 5.002664089202881, "hmax": 0.067, "ratio": 0.013, "vulnClass": "none"}}, {"type": "Feature", "geometry": {"type": "MultiPolygon", "coordinates": [[[[72.34882935, 34.2224095], [72.34876922, 34.22237955], [72.34869982, 34.22247484], [72.34883475, 34.22254202], [72.34893669, 34.22240205], [72.34886189, 34.22236481], [72.34882935, 34.2224095]]]]}, "properties": {"id": "Pakistan_123102310_243778", "height": 2.948567152023315, "hmax": 0.011, "ratio": 0.004, "vulnClass": "none"}}, {"type": "Feature", "geometry": {"type": "MultiPolygon", "coordinates": [[[[72.34907059, 34.22254467], [72.34904428, 34.22258171], [72.34912494, 34.22262088], [72.34915125, 34.22258384], [72.34907059, 34.22254467]]]]}, "properties": {"id": "Pakistan_123102310_642460", "height": 3.479080200195312, "hmax": 0.05, "ratio": 0.014, "vulnClass": "none"}}, {"type": "Feature", "geometry": {"type": "MultiPolygon", "coordinates": [[[[72.34919202, 34.22260743], [72.34918706, 34.22251986], [72.34924002, 34.22251782], [72.34927944, 34.22254076], [72.34928164, 34.22257949], [72.34929719, 34.22257888], [72.34941568, 34.22264784], [72.34947834, 34.22257422], [72.34947692, 34.22254924], [72.34942226, 34.22251743], [72.34937769, 34.22251915], [72.34937379, 34.22252374], [72.34929862, 34.22252664], [72.34929673, 34.22249316], [72.34925942, 34.22247145], [72.34925897, 34.22246349], [72.34919714, 34.22242751], [72.34914828, 34.2224294], [72.34915131, 34.2224829], [72.34914878, 34.22248142], [72.34911208, 34.22248284], [72.34903789, 34.22256999], [72.34904621, 34.22256967], [72.34907303, 34.22253817], [72.34919202, 34.22260743]]]]}, "properties": {"id": "Pakistan_123102310_542946", "height": 5.103118896484375, "hmax": 0.056, "ratio": 0.011, "vulnClass": "none"}}, {"type": "Feature", "geometry": {"type": "MultiPolygon", "coordinates": [[[[72.34915792, 34.22258952], [72.3491249, 34.22263175], [72.34926108, 34.22270456], [72.34933813, 34.22260603], [72.34928328, 34.2225767], [72.34923925, 34.22263301], [72.34915792, 34.22258952]]]]}, "properties": {"id": "Pakistan_123102310_131151", "height": 5.103118896484375, "hmax": 0.055, "ratio": 0.011, "vulnClass": "none"}}, {"type": "Feature", "geometry": {"type": "MultiPolygon", "coordinates": [[[[72.34932842, 34.2226132], [72.34927539, 34.22270831], [72.34935281, 34.22273782], [72.34940584, 34.22264271], [72.34932842, 34.2226132]]]]}, "properties": {"id": "Pakistan_123102310_747363", "height": 5.103118896484375, "hmax": 0.055, "ratio": 0.011, "vulnClass": "none"}}, {"type": "Feature", "geometry": {"type": "MultiPolygon", "coordinates": [[[[72.34900443, 34.22223006], [72.34926357, 34.22229875], [72.3493119, 34.22217405], [72.34926437, 34.22216145], [72.34923397, 34.22223989], [72.34902236, 34.2221838], [72.34900443, 34.22223006]]]]}, "properties": {"id": "Pakistan_123102310_704413", "height": 4.68184232711792, "hmax": 0.059, "ratio": 0.013, "vulnClass": "none"}}, {"type": "Feature", "geometry": {"type": "MultiPolygon", "coordinates": [[[[72.34900792, 34.22205414], [72.34900079, 34.22208756], [72.34909704, 34.22210159], [72.34910416, 34.22206817], [72.34900792, 34.22205414]]]]}, "properties": {"id": "Pakistan_123102310_931702", "height": 4.724713325500488, "hmax": 0.026, "ratio": 0.006, "vulnClass": "none"}}, {"type": "Feature", "geometry": {"type": "MultiPolygon", "coordinates": [[[[72.34883805, 34.22219501], [72.34870943, 34.22215559], [72.34867708, 34.22222773], [72.34886101, 34.22228411], [72.3488781, 34.22224601], [72.34882278, 34.22222905], [72.34883805, 34.22219501]]]]}, "properties": {"id": "Pakistan_123102310_524183", "height": 3.707665681838989, "hmax": 0.015, "ratio": 0.004, "vulnClass": "none"}}, {"type": "Feature", "geometry": {"type": "MultiPolygon", "coordinates": [[[[72.34887263, 34.22213591], [72.34891079, 34.22214863], [72.34893964, 34.22208951], [72.34890149, 34.22207678], [72.34887263, 34.22213591]]]]}, "properties": {"id": "Pakistan_123102310_8233", "height": 3.437717199325562, "hmax": 0.015, "ratio": 0.004, "vulnClass": "none"}}, {"type": "Feature", "geometry": {"type": "MultiPolygon", "coordinates": [[[[72.34882736, 34.22210225], [72.34887892, 34.22211522], [72.34889086, 34.22208274], [72.3488393, 34.22206977], [72.34882736, 34.22210225]]]]}, "properties": {"id": "Pakistan_123102310_325427", "height": 3.550414800643921, "hmax": 0.015, "ratio": 0.004, "vulnClass": "none"}}, {"type": "Feature", "geometry": {"type": "MultiPolygon", "coordinates": [[[[72.34911147, 34.22207105], [72.34909756, 34.22210484], [72.34922015, 34.22213934], [72.34925287, 34.22205984], [72.34903413, 34.22199828], [72.34901532, 34.22204399], [72.34911147, 34.22207105]]]]}, "properties": {"id": "Pakistan_123102310_339558", "height": 5.08901309967041, "hmax": 0.059, "ratio": 0.012, "vulnClass": "none"}}, {"type": "Feature", "geometry": {"type": "MultiPolygon", "coordinates": [[[[72.34893649, 34.22197414], [72.34922191, 34.22203934], [72.34921402, 34.22206297], [72.34946686, 34.22212074], [72.34945171, 34.22216607], [72.34960756, 34.22220167], [72.34963303, 34.22212543], [72.34949961, 34.22209495], [72.34952578, 34.22201665], [72.34938009, 34.22198337], [72.34938215, 34.22197718], [72.3492936, 34.22195695], [72.34929085, 34.22196519], [72.34920114, 34.2219447], [72.34919425, 34.2219653], [72.34895752, 34.22191121], [72.34893649, 34.22197414]]]]}, "properties": {"id": "Pakistan_123102310_26400", "height": 5.08901309967041, "hmax": 0.061, "ratio": 0.012, "vulnClass": "none"}}, {"type": "Feature", "geometry": {"type": "MultiPolygon", "coordinates": [[[[72.34886731, 34.2219481], [72.34893168, 34.22196693], [72.34894686, 34.22193144], [72.34888249, 34.22191262], [72.34886731, 34.2219481]]]]}, "properties": {"id": "Pakistan_123102310_926938", "height": 3.860795736312866, "hmax": 0.015, "ratio": 0.004, "vulnClass": "none"}}, {"type": "Feature", "geometry": {"type": "MultiPolygon", "coordinates": [[[[72.34879211, 34.22193294], [72.34886666, 34.22194252], [72.34887643, 34.22189055], [72.34880187, 34.22188097], [72.34879211, 34.22193294]]]]}, "properties": {"id": "Pakistan_123102310_500288", "height": 3.860795736312866, "hmax": 0.015, "ratio": 0.004, "vulnClass": "none"}}, {"type": "Feature", "geometry": {"type": "MultiPolygon", "coordinates": [[[[72.349231, 34.22187684], [72.34921474, 34.22193587], [72.34931164, 34.22195412], [72.3493279, 34.22189508], [72.349231, 34.22187684]]]]}, "properties": {"id": "Pakistan_123102310_467266", "height": 4.986382484436035, "hmax": 0.069, "ratio": 0.014, "vulnClass": "none"}}, {"type": "Feature", "geometry": {"type": "MultiPolygon", "coordinates": [[[[72.34933561, 34.22190531], [72.34931714, 34.22195125], [72.34968185, 34.2220515], [72.34970031, 34.22200557], [72.34933561, 34.22190531]]]]}, "properties": {"id": "Pakistan_123102310_514709", "height": 4.436149120330811, "hmax": 0.069, "ratio": 0.016, "vulnClass": "none"}}, {"type": "Feature", "geometry": {"type": "MultiPolygon", "coordinates": [[[[72.3492973, 34.2218234], [72.34927962, 34.22185279], [72.34932263, 34.22187047], [72.34934031, 34.22184108], [72.3492973, 34.2218234]]]]}, "properties": {"id": "Pakistan_123102310_609249", "height": 4.347064971923828, "hmax": 0.069, "ratio": 0.016, "vulnClass": "none"}}, {"type": "Feature", "geometry": {"type": "MultiPolygon", "coordinates": [[[[72.34959422, 34.22196077], [72.34963987, 34.22196984], [72.34965326, 34.2219237], [72.34960761, 34.22191464], [72.34959422, 34.22196077]]]]}, "properties": {"id": "Pakistan_123102310_832422", "height": 3.676391363143921, "hmax": 0.069, "ratio": 0.019, "vulnClass": "none"}}, {"type": "Feature", "geometry": {"type": "MultiPolygon", "coordinates": [[[[72.34992904, 34.22187485], [72.34988394, 34.2219891], [72.3496598, 34.22192862], [72.34964081, 34.22197672], [72.34994381, 34.22205849], [72.35000789, 34.22189613], [72.34992904, 34.22187485]]]]}, "properties": {"id": "Pakistan_123102310_287258", "height": 3.595508337020874, "hmax": 0.069, "ratio": 0.019, "vulnClass": "none"}}, {"type": "Feature", "geometry": {"type": "MultiPolygon", "coordinates": [[[[72.35042299, 34.22189816], [72.34993222, 34.22180316], [72.34991465, 34.22186521], [72.35005197, 34.22189179], [72.35004275, 34.22192435], [72.35071288, 34.22205408], [72.35076436, 34.22187218], [72.3504477, 34.2218109], [72.35042299, 34.22189816]]]]}, "properties": {"id": "Pakistan_123102310_434005", "height": 4.015549659729004, "hmax": 0.171, "ratio": 0.043, "vulnClass": "none"}}, {"type": "Feature", "geometry": {"type": "MultiPolygon", "coordinates": [[[[72.35041476, 34.22200946], [72.35037338, 34.22212582], [72.35050176, 34.22215703], [72.35054313, 34.22204067], [72.35041476, 34.22200946]]]]}, "properties": {"id": "Pakistan_123102310_457682", "height": 4.937617301940918, "hmax": 0.196, "ratio": 0.04, "vulnClass": "none"}}, {"type": "Feature", "geometry": {"type": "MultiPolygon", "coordinates": [[[[72.35004154, 34.22194038], [72.34999121, 34.22207132], [72.35020935, 34.22212863], [72.35022483, 34.22208834], [72.35008353, 34.22205121], [72.35011836, 34.22196056], [72.35004154, 34.22194038]]]]}, "properties": {"id": "Pakistan_123102310_879663", "height": 4.574793338775635, "hmax": 0.086, "ratio": 0.019, "vulnClass": "none"}}, {"type": "Feature", "geometry": {"type": "MultiPolygon", "coordinates": [[[[72.35019984, 34.22226276], [72.35050546, 34.22232995], [72.35054343, 34.22221188], [72.35035554, 34.22217057], [72.35034755, 34.22219543], [72.35022981, 34.22216954], [72.35019984, 34.22226276]]]]}, "properties": {"id": "Pakistan_123102310_514721", "height": 3.413694858551025, "hmax": 0.196, "ratio": 0.057, "vulnClass": "low"}}, {"type": "Feature", "geometry": {"type": "MultiPolygon", "coordinates": [[[[72.35105043, 34.22219283], [72.35101632, 34.22218377], [72.35090465, 34.22221954], [72.35088039, 34.22221309], [72.35087013, 34.22223946], [72.3507966, 34.22226302], [72.35077438, 34.22232019], [72.35082223, 34.22233291], [72.35082922, 34.22234783], [72.35070447, 34.22266864], [72.35052541, 34.22262104], [72.35051546, 34.22259982], [72.35056869, 34.22246289], [72.35065244, 34.22248516], [72.35072826, 34.22229018], [72.35055455, 34.222244], [72.35049339, 34.22240131], [72.35048753, 34.22238879], [72.3504237, 34.22255298], [72.35037508, 34.22254005], [72.35035604, 34.22258904], [72.35038096, 34.22264222], [72.35036718, 34.22267767], [72.35075709, 34.22278133], [72.35077426, 34.22277583], [72.35079215, 34.22272983], [72.35081918, 34.22278752], [72.35105043, 34.22219283]]]]}, "properties": {"id": "Pakistan_123102310_205898", "height": 3.477540016174316, "hmax": 0.194, "ratio": 0.056, "vulnClass": "low"}}, {"type": "Feature", "geometry": {"type": "MultiPolygon", "coordinates": [[[[72.35132522, 34.22240253], [72.3510742, 34.22229534], [72.35103102, 34.22236447], [72.35128205, 34.22247165], [72.35132522, 34.22240253]]]]}, "properties": {"id": "Pakistan_123102310_37053", "height": 3.760490655899048, "hmax": 0.212, "ratio": 0.056, "vulnClass": "low"}}, {"type": "Feature", "geometry": {"type": "MultiPolygon", "coordinates": [[[[72.35140648, 34.2225279], [72.35103676, 34.22238491], [72.35098838, 34.22247043], [72.35110821, 34.22251678], [72.35112415, 34.2224886], [72.35137404, 34.22258526], [72.35140648, 34.2225279]]]]}, "properties": {"id": "Pakistan_123102310_272006", "height": 3.787720203399658, "hmax": 0.184, "ratio": 0.049, "vulnClass": "none"}}, {"type": "Feature", "geometry": {"type": "MultiPolygon", "coordinates": [[[[72.35132434, 34.22271514], [72.35092431, 34.22255296], [72.35086812, 34.22264772], [72.35126815, 34.2228099], [72.35132434, 34.22271514]]]]}, "properties": {"id": "Pakistan_123102310_538254", "height": 2.97090482711792, "hmax": 0.185, "ratio": 0.062, "vulnClass": "low"}}, {"type": "Feature", "geometry": {"type": "MultiPolygon", "coordinates": [[[[72.35128919, 34.22247614], [72.35137669, 34.22250813], [72.35140149, 34.22246175], [72.35131399, 34.22242976], [72.35128919, 34.22247614]]]]}, "properties": {"id": "Pakistan_123102310_45026", "height": 2.984039545059204, "hmax": 0.258, "ratio": 0.087, "vulnClass": "low"}}, {"type": "Feature", "geometry": {"type": "MultiPolygon", "coordinates": [[[[72.35124606, 34.22253995], [72.35114296, 34.22249645], [72.35112503, 34.22252551], [72.35122812, 34.22256902], [72.35124606, 34.22253995]]]]}, "properties": {"id": "Pakistan_123102310_728293", "height": 3.25744366645813, "hmax": 0.191, "ratio": 0.059, "vulnClass": "low"}}, {"type": "Feature", "geometry": {"type": "MultiPolygon", "coordinates": [[[[72.35130039, 34.222569], [72.35128489, 34.22260167], [72.35135565, 34.22262464], [72.35137115, 34.22259197], [72.35130039, 34.222569]]]]}, "properties": {"id": "Pakistan_123102310_931726", "height": 3.585895538330078, "hmax": 0.144, "ratio": 0.04, "vulnClass": "none"}}, {"type": "Feature", "geometry": {"type": "MultiPolygon", "coordinates": [[[[72.35123003, 34.2225763], [72.35127808, 34.22259747], [72.35129923, 34.22256464], [72.35125118, 34.22254348], [72.35123003, 34.2225763]]]]}, "properties": {"id": "Pakistan_123102310_281606", "height": 2.868784189224243, "hmax": 0.145, "ratio": 0.05, "vulnClass": "low"}}, {"type": "Feature", "geometry": {"type": "MultiPolygon", "coordinates": [[[[72.35138051, 34.22251386], [72.35145282, 34.22253854], [72.35147173, 34.22250064], [72.35139942, 34.22247596], [72.35138051, 34.22251386]]]]}, "properties": {"id": "Pakistan_123102310_235369", "height": 3.026473522186279, "hmax": 0.189, "ratio": 0.062, "vulnClass": "low"}}, {"type": "Feature", "geometry": {"type": "MultiPolygon", "coordinates": [[[[72.35153021, 34.22236112], [72.35139408, 34.22230813], [72.35137444, 34.22234262], [72.35151057, 34.22239561], [72.35153021, 34.22236112]]]]}, "properties": {"id": "Pakistan_123102310_234412", "height": 3.167036533355713, "hmax": 0.26, "ratio": 0.082, "vulnClass": "low"}}, {"type": "Feature", "geometry": {"type": "MultiPolygon", "coordinates": [[[[72.35114661, 34.22224504], [72.35133799, 34.22231674], [72.35137227, 34.22225418], [72.35118089, 34.22218247], [72.35114661, 34.22224504]]]]}, "properties": {"id": "Pakistan_123102310_353804", "height": 3.374409437179565, "hmax": 0.232, "ratio": 0.069, "vulnClass": "low"}}, {"type": "Feature", "geometry": {"type": "MultiPolygon", "coordinates": [[[[72.35172158, 34.22201401], [72.3515707, 34.22199202], [72.35155419, 34.22206945], [72.35170507, 34.22209145], [72.35172158, 34.22201401]]]]}, "properties": {"id": "Pakistan_123102310_808835", "height": 2.842544078826904, "hmax": 0.26, "ratio": 0.091, "vulnClass": "low"}}, {"type": "Feature", "geometry": {"type": "MultiPolygon", "coordinates": [[[[72.35128313, 34.22209401], [72.35145019, 34.22214568], [72.35151444, 34.22200365], [72.35134737, 34.22195198], [72.35128313, 34.22209401]]]]}, "properties": {"id": "Pakistan_123102310_234400", "height": 4.021001815795898, "hmax": 0.26, "ratio": 0.065, "vulnClass": "low"}}, {"type": "Feature", "geometry": {"type": "MultiPolygon", "coordinates": [[[[72.35080298, 34.22220043], [72.35084244, 34.22221804], [72.35087159, 34.22217338], [72.35084874, 34.22216318], [72.3509216, 34.22205153], [72.35079073, 34.22199314], [72.35071787, 34.22210479], [72.35068255, 34.22208903], [72.35059063, 34.22222988], [72.3507402, 34.22229662], [72.35080298, 34.22220043]]]]}, "properties": {"id": "Pakistan_123102310_614091", "height": 3.948331832885742, "hmax": 0.196, "ratio": 0.05, "vulnClass": "none"}}, {"type": "Feature", "geometry": {"type": "MultiPolygon", "coordinates": [[[[72.35095834, 34.22196579], [72.3509745, 34.22201178], [72.35107476, 34.22198769], [72.35105859, 34.2219417], [72.35095834, 34.22196579]]]]}, "properties": {"id": "Pakistan_123102310_557109", "height": 3.105770111083984, "hmax": 0.196, "ratio": 0.063, "vulnClass": "low"}}, {"type": "Feature", "geometry": {"type": "MultiPolygon", "coordinates": [[[[72.35093014, 34.22172011], [72.35088857, 34.22196765], [72.35114939, 34.22189991], [72.35115504, 34.22186622], [72.35114029, 34.22182738], [72.35110338, 34.22182314], [72.35109746, 34.22182468], [72.35097257, 34.22181034], [72.35097988, 34.22176682], [72.35102199, 34.22177166], [72.35102875, 34.22173144], [72.35093014, 34.22172011]]]]}, "properties": {"id": "Pakistan_123102310_671161", "height": 3.765864133834839, "hmax": 0.196, "ratio": 0.052, "vulnClass": "low"}}, {"type": "Feature", "geometry": {"type": "MultiPolygon", "coordinates": [[[[72.35127856, 34.22171121], [72.35132834, 34.22172614], [72.35135585, 34.22166341], [72.35125391, 34.22163285], [72.35121523, 34.22172106], [72.35126738, 34.22173669], [72.35127856, 34.22171121]]]]}, "properties": {"id": "Pakistan_123102310_789821", "height": 4.591571807861328, "hmax": 0.238, "ratio": 0.052, "vulnClass": "low"}}, {"type": "Feature", "geometry": {"type": "MultiPolygon", "coordinates": [[[[72.35086498, 34.22166901], [72.35054235, 34.22158051], [72.35052391, 34.22162646], [72.35084655, 34.22171497], [72.35086498, 34.22166901]]]]}, "properties": {"id": "Pakistan_123102310_685466", "height": 4.806326866149902, "hmax": 0.196, "ratio": 0.041, "vulnClass": "none"}}, {"type": "Feature", "geometry": {"type": "MultiPolygon", "coordinates": [[[[72.35020193, 34.22153377], [72.35012002, 34.22151097], [72.35010137, 34.22155679], [72.35018328, 34.22157959], [72.35020193, 34.22153377]]]]}, "properties": {"id": "Pakistan_123102310_832425", "height": 3.361554861068726, "hmax": 0.114, "ratio": 0.034, "vulnClass": "none"}}, {"type": "Feature", "geometry": {"type": "MultiPolygon", "coordinates": [[[[72.34971091, 34.22123915], [72.34969567, 34.22127711], [72.34975123, 34.22129236], [72.34976647, 34.22125441], [72.34971091, 34.22123915]]]]}, "properties": {"id": "Pakistan_123102310_728275", "height": 2.681553363800049, "hmax": 0.101, "ratio": 0.038, "vulnClass": "none"}}, {"type": "Feature", "geometry": {"type": "MultiPolygon", "coordinates": [[[[72.34996486, 34.22130917], [72.34995502, 34.22134736], [72.3500243, 34.22135957], [72.35003414, 34.22132138], [72.34996486, 34.22130917]]]]}, "properties": {"id": "Pakistan_123102310_789808", "height": 2.762784719467163, "hmax": 0.101, "ratio": 0.037, "vulnClass": "none"}}, {"type": "Feature", "geometry": {"type": "MultiPolygon", "coordinates": [[[[72.35055959, 34.22118404], [72.35057208, 34.22114699], [72.35053474, 34.22113839], [72.35052226, 34.22117544], [72.35055959, 34.22118404]]]]}, "properties": {"id": "Pakistan_123102310_429265", "height": 3.561641693115234, "hmax": 0.213, "ratio": 0.06, "vulnClass": "low"}}, {"type": "Feature", "geometry": {"type": "MultiPolygon", "coordinates": [[[[72.35124409, 34.22113417], [72.35113863, 34.2211114], [72.35111205, 34.22119553], [72.35106937, 34.22118631], [72.35105494, 34.22123198], [72.35081892, 34.22118101], [72.35084974, 34.22108342], [72.35076437, 34.22106499], [72.35075355, 34.22109923], [72.35059034, 34.22106399], [72.35056804, 34.22113458], [72.35059817, 34.22114109], [72.35057095, 34.22122726], [72.35117357, 34.22135741], [72.35124409, 34.22113417]]]]}, "properties": {"id": "Pakistan_123102310_837138", "height": 4.879437446594238, "hmax": 0.213, "ratio": 0.044, "vulnClass": "none"}}, {"type": "Feature", "geometry": {"type": "MultiPolygon", "coordinates": [[[[72.35039892, 34.2209685], [72.35038477, 34.22101785], [72.3504381, 34.2210283], [72.35045225, 34.22097896], [72.35039892, 34.2209685]]]]}, "properties": {"id": "Pakistan_123102310_514727", "height": 4.273466110229492, "hmax": 0.213, "ratio": 0.05, "vulnClass": "none"}}, {"type": "Feature", "geometry": {"type": "MultiPolygon", "coordinates": [[[[72.34997562, 34.22108625], [72.34977626, 34.22104491], [72.34975601, 34.22111169], [72.34995537, 34.22115302], [72.34997562, 34.22108625]]]]}, "properties": {"id": "Pakistan_123102310_349109", "height": 3.187288045883179, "hmax": 0.101, "ratio": 0.032, "vulnClass": "none"}}, {"type": "Feature", "geometry": {"type": "MultiPolygon", "coordinates": [[[[72.34978509, 34.22101374], [72.34969913, 34.22098879], [72.34967565, 34.22104407], [72.34976162, 34.22106903], [72.34978509, 34.22101374]]]]}, "properties": {"id": "Pakistan_123102310_651921", "height": 3.439198970794678, "hmax": 0.101, "ratio": 0.029, "vulnClass": "none"}}, {"type": "Feature", "geometry": {"type": "MultiPolygon", "coordinates": [[[[72.34972445, 34.22098585], [72.34981878, 34.22100365], [72.34983274, 34.22095306], [72.34973841, 34.22093526], [72.34972445, 34.22098585]]]]}, "properties": {"id": "Pakistan_123102310_273045", "height": 3.309677124023438, "hmax": 0.101, "ratio": 0.03, "vulnClass": "none"}}, {"type": "Feature", "geometry": {"type": "MultiPolygon", "coordinates": [[[[72.34981478, 34.22102062], [72.35018996, 34.2211081], [72.35020993, 34.22104954], [72.35006086, 34.22101477], [72.35010045, 34.22089871], [72.34999361, 34.2208738], [72.34998346, 34.22090357], [72.34990644, 34.2208856], [72.34989172, 34.22092875], [72.34984948, 34.2209189], [72.34981478, 34.22102062]]]]}, "properties": {"id": "Pakistan_123102310_604528", "height": 4.417512893676758, "hmax": 0.101, "ratio": 0.023, "vulnClass": "none"}}, {"type": "Feature", "geometry": {"type": "MultiPolygon", "coordinates": [[[[72.35009272, 34.22077804], [72.35031744, 34.22081445], [72.35033161, 34.22075465], [72.35010689, 34.22071824], [72.35009272, 34.22077804]]]]}, "properties": {"id": "Pakistan_123102310_581002", "height": 4.077001571655273, "hmax": 0.159, "ratio": 0.039, "vulnClass": "none"}}, {"type": "Feature", "geometry": {"type": "MultiPolygon", "coordinates": [[[[72.3503222, 34.22083262], [72.35071706, 34.22088831], [72.3507224, 34.22086244], [72.35066506, 34.22085436], [72.35067217, 34.22081988], [72.35058747, 34.22080793], [72.35060392, 34.22072819], [72.35055048, 34.22072065], [72.35054914, 34.22072712], [72.35049573, 34.22071958], [72.35048906, 34.22075191], [72.3503431, 34.22073133], [72.3503222, 34.22083262]]]]}, "properties": {"id": "Pakistan_123102310_780442", "height": 4.083079814910889, "hmax": 0.213, "ratio": 0.052, "vulnClass": "low"}}, {"type": "Feature", "geometry": {"type": "MultiPolygon", "coordinates": [[[[72.35053303, 34.22087736], [72.35020838, 34.22082878], [72.3502018, 34.22085884], [72.35028491, 34.22087128], [72.3502741, 34.22092067], [72.35039876, 34.22093933], [72.35039312, 34.2209651], [72.35050999, 34.22098259], [72.35053303, 34.22087736]]]]}, "properties": {"id": "Pakistan_123102310_467287", "height": 4.925435543060303, "hmax": 0.212, "ratio": 0.043, "vulnClass": "none"}}, {"type": "Feature", "geometry": {"type": "MultiPolygon", "coordinates": [[[[72.35064042, 34.22090454], [72.3505711, 34.22089242], [72.35056268, 34.22092533], [72.350632, 34.22093746], [72.35064042, 34.22090454]]]]}, "properties": {"id": "Pakistan_123102310_590432", "height": 2.548401594161987, "hmax": 0.213, "ratio": 0.084, "vulnClass": "low"}}, {"type": "Feature", "geometry": {"type": "MultiPolygon", "coordinates": [[[[72.35066936, 34.22083144], [72.35075724, 34.22083757], [72.35076387, 34.22077262], [72.35067598, 34.22076649], [72.35066936, 34.22083144]]]]}, "properties": {"id": "Pakistan_123102310_898650", "height": 2.886410236358643, "hmax": 0.213, "ratio": 0.074, "vulnClass": "low"}}, {"type": "Feature", "geometry": {"type": "MultiPolygon", "coordinates": [[[[72.35099302, 34.22076802], [72.35086413, 34.22074162], [72.3508438, 34.22080952], [72.35097269, 34.22083591], [72.35099302, 34.22076802]]]]}, "properties": {"id": "Pakistan_123102310_647204", "height": 4.651797771453857, "hmax": 0.213, "ratio": 0.046, "vulnClass": "none"}}, {"type": "Feature", "geometry": {"type": "MultiPolygon", "coordinates": [[[[72.35101724, 34.22098148], [72.35112692, 34.22099252], [72.35115653, 34.22079145], [72.35104684, 34.22078041], [72.35101724, 34.22098148]]]]}, "properties": {"id": "Pakistan_123102310_486232", "height": 3.682572364807129, "hmax": 0.213, "ratio": 0.058, "vulnClass": "low"}}, {"type": "Feature", "geometry": {"type": "MultiPolygon", "coordinates": [[[[72.35098132, 34.22084703], [72.35096738, 34.22089997], [72.35101348, 34.22090827], [72.35102741, 34.22085533], [72.35098132, 34.22084703]]]]}, "properties": {"id": "Pakistan_123102310_325451", "height": 3.961291790008545, "hmax": 0.213, "ratio": 0.054, "vulnClass": "low"}}, {"type": "Feature", "geometry": {"type": "MultiPolygon", "coordinates": [[[[72.35094718, 34.22091221], [72.35094558, 34.22096097], [72.35098043, 34.22096175], [72.35098202, 34.220913], [72.35094718, 34.22091221]]]]}, "properties": {"id": "Pakistan_123102310_54318", "height": 3.734270095825195, "hmax": 0.213, "ratio": 0.057, "vulnClass": "low"}}, {"type": "Feature", "geometry": {"type": "MultiPolygon", "coordinates": [[[[72.35094167, 34.22090839], [72.35085596, 34.22090574], [72.35085375, 34.22095447], [72.35093947, 34.22095712], [72.35094167, 34.22090839]]]]}, "properties": {"id": "Pakistan_123102310_623491", "height": 4.018625259399414, "hmax": 0.213, "ratio": 0.053, "vulnClass": "low"}}, {"type": "Feature", "geometry": {"type": "MultiPolygon", "coordinates": [[[[72.35069171, 34.22096594], [72.35074965, 34.22097813], [72.35076215, 34.22093749], [72.3507042, 34.22092531], [72.35069171, 34.22096594]]]]}, "properties": {"id": "Pakistan_123102310_301591", "height": 4.12421989440918, "hmax": 0.213, "ratio": 0.052, "vulnClass": "low"}}, {"type": "Feature", "geometry": {"type": "MultiPolygon", "coordinates": [[[[72.35104862, 34.22102964], [72.35104485, 34.22108713], [72.35110636, 34.22108989], [72.35111013, 34.2210324], [72.35104862, 34.22102964]]]]}, "properties": {"id": "Pakistan_123102310_860671", "height": 3.268333911895752, "hmax": 0.213, "ratio": 0.065, "vulnClass": "low"}}, {"type": "Feature", "geometry": {"type": "MultiPolygon", "coordinates": [[[[72.35091622, 34.22102257], [72.35100073, 34.22104583], [72.35101842, 34.2210019], [72.3509339, 34.22097864], [72.35091622, 34.22102257]]]]}, "properties": {"id": "Pakistan_123102310_733085", "height": 3.798189640045166, "hmax": 0.213, "ratio": 0.056, "vulnClass": "low"}}, {"type": "Feature", "geometry": {"type": "MultiPolygon", "coordinates": [[[[72.35115312, 34.22095671], [72.35112285, 34.22106866], [72.35116117, 34.22107575], [72.35117316, 34.22103139], [72.35124087, 34.2210439], [72.35125914, 34.22097631], [72.35115312, 34.22095671]]]]}, "properties": {"id": "Pakistan_123102310_481557", "height": 4.714087009429932, "hmax": 0.213, "ratio": 0.045, "vulnClass": "none"}}, {"type": "Feature", "geometry": {"type": "MultiPolygon", "coordinates": [[[[72.35148808, 34.2211391], [72.35164418, 34.22117618], [72.35167051, 34.22110037], [72.35151441, 34.2210633], [72.35148808, 34.2211391]]]]}, "properties": {"id": "Pakistan_123102310_457700", "height": 4.467158317565918, "hmax": 0.279, "ratio": 0.062, "vulnClass": "low"}}, {"type": "Feature", "geometry": {"type": "MultiPolygon", "coordinates": [[[[72.35179778, 34.22103337], [72.3515377, 34.22099856], [72.35152354, 34.2210709], [72.35178363, 34.2211057], [72.35179778, 34.22103337]]]]}, "properties": {"id": "Pakistan_123102310_82672", "height": 5.47636079788208, "hmax": 0.279, "ratio": 0.051, "vulnClass": "low"}}, {"type": "Feature", "geometry": {"type": "MultiPolygon", "coordinates": [[[[72.35134466, 34.22052923], [72.35125496, 34.22051089], [72.35124058, 34.22055896], [72.35133029, 34.22057731], [72.35134466, 34.22052923]]]]}, "properties": {"id": "Pakistan_123102310_476878", "height": 3.552932977676392, "hmax": 0.182, "ratio": 0.051, "vulnClass": "low"}}, {"type": "Feature", "geometry": {"type": "MultiPolygon", "coordinates": [[[[72.35122374, 34.22076776], [72.35190817, 34.22091309], [72.35192467, 34.22085995], [72.35176992, 34.2208271], [72.35177767, 34.22080213], [72.35164682, 34.22077436], [72.35165035, 34.22076298], [72.35159123, 34.22075042], [72.35164972, 34.22056206], [72.35144965, 34.22051959], [72.35143802, 34.22055704], [72.35135246, 34.22053888], [72.35133567, 34.22059298], [72.3512325, 34.22057108], [72.35122539, 34.22059397], [72.35126565, 34.22060251], [72.3512424, 34.22067742], [72.35125122, 34.22067929], [72.35122374, 34.22076776]]]]}, "properties": {"id": "Pakistan_123102310_438719", "height": 5.418462753295898, "hmax": 0.238, "ratio": 0.044, "vulnClass": "none"}}, {"type": "Feature", "geometry": {"type": "MultiPolygon", "coordinates": [[[[72.35124079, 34.22067471], [72.35115896, 34.22066612], [72.3511479, 34.22073815], [72.35122972, 34.22074674], [72.35124079, 34.22067471]]]]}, "properties": {"id": "Pakistan_123102310_803996", "height": 5.183225631713867, "hmax": 0.197, "ratio": 0.038, "vulnClass": "none"}}, {"type": "Feature", "geometry": {"type": "MultiPolygon", "coordinates": [[[[72.35069286, 34.22068485], [72.35068136, 34.22072116], [72.35074535, 34.22073502], [72.35075685, 34.22069871], [72.35069286, 34.22068485]]]]}, "properties": {"id": "Pakistan_123102310_457687", "height": 3.010079145431519, "hmax": 0.213, "ratio": 0.071, "vulnClass": "low"}}, {"type": "Feature", "geometry": {"type": "MultiPolygon", "coordinates": [[[[72.3506703, 34.22067707], [72.35113352, 34.22076594], [72.35115124, 34.2207028], [72.35108887, 34.22069083], [72.35109655, 34.22066347], [72.35103675, 34.220652], [72.351027, 34.22068676], [72.35086411, 34.2206555], [72.35087061, 34.22063235], [72.35069245, 34.22059816], [72.3506703, 34.22067707]]]]}, "properties": {"id": "Pakistan_123102310_215378", "height": 3.701497077941895, "hmax": 0.188, "ratio": 0.051, "vulnClass": "low"}}, {"type": "Feature", "geometry": {"type": "MultiPolygon", "coordinates": [[[[72.3507992, 34.22049574], [72.35069478, 34.2204715], [72.35067663, 34.22052495], [72.35078105, 34.22054919], [72.3507992, 34.22049574]]]]}, "properties": {"id": "Pakistan_123102310_510004", "height": 2.958725214004517, "hmax": 0.167, "ratio": 0.056, "vulnClass": "low"}}, {"type": "Feature", "geometry": {"type": "MultiPolygon", "coordinates": [[[[72.35105585, 34.22064686], [72.35116176, 34.22066402], [72.35117694, 34.22059994], [72.35110203, 34.22058781], [72.35111569, 34.22053014], [72.35120869, 34.2205452], [72.3512183, 34.22050462], [72.35114597, 34.2204929], [72.35114952, 34.22047795], [72.35109785, 34.22046958], [72.35105585, 34.22064686]]]]}, "properties": {"id": "Pakistan_123102310_547620", "height": 2.717151641845703, "hmax": 0.167, "ratio": 0.062, "vulnClass": "low"}}, {"type": "Feature", "geometry": {"type": "MultiPolygon", "coordinates": [[[[72.35098561, 34.22045271], [72.35097487, 34.22048819], [72.35106573, 34.220507], [72.35107647, 34.22047152], [72.35098561, 34.22045271]]]]}, "properties": {"id": "Pakistan_123102310_405787", "height": 3.457928895950317, "hmax": 0.167, "ratio": 0.048, "vulnClass": "none"}}, {"type": "Feature", "geometry": {"type": "MultiPolygon", "coordinates": [[[[72.35095055, 34.22045988], [72.35085447, 34.22044546], [72.35084646, 34.22048196], [72.35088541, 34.22048781], [72.35087623, 34.22052965], [72.35079313, 34.22051719], [72.35077922, 34.22058055], [72.35091945, 34.22060159], [72.35095055, 34.22045988]]]]}, "properties": {"id": "Pakistan_123102310_505101", "height": 3.976451635360718, "hmax": 0.167, "ratio": 0.042, "vulnClass": "none"}}, {"type": "Feature", "geometry": {"type": "MultiPolygon", "coordinates": [[[[72.35106723, 34.22032526], [72.35128566, 34.220368], [72.35130339, 34.22030609], [72.35109633, 34.22026556], [72.35109664, 34.22026448], [72.35100013, 34.22024559], [72.35097037, 34.22034958], [72.3508777, 34.22033145], [72.35086118, 34.22038918], [72.35103897, 34.22042397], [72.35106723, 34.22032526]]]]}, "properties": {"id": "Pakistan_123102310_709249", "height": 4.127549171447754, "hmax": 0.167, "ratio": 0.041, "vulnClass": "none"}}, {"type": "Feature", "geometry": {"type": "MultiPolygon", "coordinates": [[[[72.35131692, 34.22035653], [72.35137331, 34.22036881], [72.35136339, 34.22039992], [72.35145368, 34.2204196], [72.3514765, 34.220348], [72.35139252, 34.2203297], [72.35139879, 34.22031005], [72.35133609, 34.22029639], [72.35131692, 34.22035653]]]]}, "properties": {"id": "Pakistan_123102310_780452", "height": 3.615248680114746, "hmax": 0.202, "ratio": 0.056, "vulnClass": "low"}}, {"type": "Feature", "geometry": {"type": "MultiPolygon", "coordinates": [[[[72.35112703, 34.2204502], [72.3514181, 34.22050429], [72.35143187, 34.22045362], [72.35133616, 34.22043583], [72.35134564, 34.22040095], [72.35115027, 34.22036465], [72.35112703, 34.2204502]]]]}, "properties": {"id": "Pakistan_123102310_386834", "height": 4.097170829772949, "hmax": 0.179, "ratio": 0.044, "vulnClass": "none"}}, {"type": "Feature", "geometry": {"type": "MultiPolygon", "coordinates": [[[[72.35156825, 34.2201388], [72.35153801, 34.22024263], [72.35165209, 34.22026535], [72.35168233, 34.22016152], [72.35156825, 34.2201388]]]]}, "properties": {"id": "Pakistan_123102310_794562", "height": 2.560022830963135, "hmax": 0.202, "ratio": 0.079, "vulnClass": "low"}}, {"type": "Feature", "geometry": {"type": "MultiPolygon", "coordinates": [[[[72.3513452, 34.22027875], [72.35142233, 34.22029656], [72.35147514, 34.22014019], [72.351398, 34.22012238], [72.3513452, 34.22027875]]]]}, "properties": {"id": "Pakistan_123102310_391548", "height": 4.147013664245605, "hmax": 0.202, "ratio": 0.049, "vulnClass": "none"}}, {"type": "Feature", "geometry": {"type": "MultiPolygon", "coordinates": [[[[72.35220259, 34.22035757], [72.35210686, 34.22033543], [72.35211173, 34.22032103], [72.35184804, 34.22026005], [72.35185708, 34.22023331], [72.35180106, 34.22022035], [72.3518101, 34.22019361], [72.35173179, 34.2201755], [72.35169631, 34.22028041], [72.35175353, 34.22029364], [72.35172918, 34.22036563], [72.35164082, 34.2203452], [72.35165163, 34.22031325], [72.35144893, 34.22026639], [72.35142597, 34.22033427], [72.35155653, 34.22036446], [72.35154016, 34.22041285], [72.35173548, 34.22045802], [72.35174731, 34.22042305], [72.35185428, 34.22044779], [72.35189709, 34.22032121], [72.35199531, 34.22034392], [72.35197476, 34.22040468], [72.35217129, 34.22045013], [72.35220259, 34.22035757]]]]}, "properties": {"id": "Pakistan_123102310_235389", "height": 4.127019882202148, "hmax": 0.202, "ratio": 0.049, "vulnClass": "none"}}, {"type": "Feature", "geometry": {"type": "MultiPolygon", "coordinates": [[[[72.35115442, 34.22026811], [72.35118438, 34.22018578], [72.35110813, 34.22016681], [72.35107817, 34.22024914], [72.35115442, 34.22026811]]]]}, "properties": {"id": "Pakistan_123102310_452978", "height": 4.155001640319824, "hmax": 0.167, "ratio": 0.04, "vulnClass": "none"}}, {"type": "Feature", "geometry": {"type": "MultiPolygon", "coordinates": [[[[72.35129069, 34.22014279], [72.35118237, 34.22012217], [72.35118413, 34.22011586], [72.35109377, 34.22009866], [72.35108145, 34.22014289], [72.35118201, 34.22016203], [72.35118112, 34.22016523], [72.35127924, 34.22018391], [72.35129069, 34.22014279]]]]}, "properties": {"id": "Pakistan_123102310_599859", "height": 5.224795341491699, "hmax": 0.167, "ratio": 0.032, "vulnClass": "none"}}, {"type": "Feature", "geometry": {"type": "MultiPolygon", "coordinates": [[[[72.35131811, 34.22020893], [72.35136546, 34.22021444], [72.35137507, 34.22015789], [72.35132773, 34.22015239], [72.35131811, 34.22020893]]]]}, "properties": {"id": "Pakistan_123102310_472043", "height": 3.701734066009521, "hmax": 0.202, "ratio": 0.055, "vulnClass": "low"}}, {"type": "Feature", "geometry": {"type": "MultiPolygon", "coordinates": [[[[72.35110499, 34.2200291], [72.3510863, 34.22008946], [72.35118831, 34.22011105], [72.35120701, 34.22005069], [72.35110499, 34.2200291]]]]}, "properties": {"id": "Pakistan_123102310_273079", "height": 5.269277572631836, "hmax": 0.167, "ratio": 0.032, "vulnClass": "none"}}, {"type": "Feature", "geometry": {"type": "MultiPolygon", "coordinates": [[[[72.35158238, 34.21984062], [72.35155769, 34.21991358], [72.35157759, 34.21991818], [72.35155774, 34.21997686], [72.35169454, 34.22000852], [72.35171719, 34.21994161], [72.35160525, 34.21991571], [72.35162716, 34.21985098], [72.35158238, 34.21984062]]]]}, "properties": {"id": "Pakistan_123102310_733091", "height": 3.164949893951416, "hmax": 0.202, "ratio": 0.064, "vulnClass": "low"}}, {"type": "Feature", "geometry": {"type": "MultiPolygon", "coordinates": [[[[72.35109694, 34.22002234], [72.35182052, 34.22017355], [72.35185238, 34.22006932], [72.35170615, 34.22003876], [72.35170776, 34.22003348], [72.35161315, 34.22001371], [72.35161472, 34.22000856], [72.35125552, 34.2199335], [72.3512517, 34.21994601], [72.35112816, 34.21992019], [72.35109694, 34.22002234]]]]}, "properties": {"id": "Pakistan_123102310_281604", "height": 4.752289772033691, "hmax": 0.192, "ratio": 0.04, "vulnClass": "none"}}, {"type": "Feature", "geometry": {"type": "MultiPolygon", "coordinates": [[[[72.35079049, 34.2198338], [72.35075577, 34.2199158], [72.35093496, 34.21996769], [72.35095463, 34.21992124], [72.350871, 34.21989703], [72.35088606, 34.21986147], [72.35079049, 34.2198338]]]]}, "properties": {"id": "Pakistan_123102310_63610", "height": 4.433048725128174, "hmax": 0.167, "ratio": 0.038, "vulnClass": "none"}}, {"type": "Feature", "geometry": {"type": "MultiPolygon", "coordinates": [[[[72.35062532, 34.22002015], [72.35061576, 34.2200526], [72.35069052, 34.22006765], [72.35070008, 34.22003522], [72.35062532, 34.22002015]]]]}, "properties": {"id": "Pakistan_123102310_690182", "height": 3.050535202026367, "hmax": 0.167, "ratio": 0.055, "vulnClass": "low"}}, {"type": "Feature", "geometry": {"type": "MultiPolygon", "coordinates": [[[[72.35081048, 34.22001892], [72.35080055, 34.22005358], [72.35084626, 34.22006254], [72.35085619, 34.22002787], [72.35081048, 34.22001892]]]]}, "properties": {"id": "Pakistan_123102310_813463", "height": 3.44799017906189, "hmax": 0.167, "ratio": 0.048, "vulnClass": "none"}}, {"type": "Feature", "geometry": {"type": "MultiPolygon", "coordinates": [[[[72.35098992, 34.21999802], [72.35087655, 34.21997905], [72.35085281, 34.22007601], [72.35096619, 34.22009499], [72.35098992, 34.21999802]]]]}, "properties": {"id": "Pakistan_123102310_557111", "height": 4.919546604156494, "hmax": 0.167, "ratio": 0.034, "vulnClass": "none"}}, {"type": "Feature", "geometry": {"type": "MultiPolygon", "coordinates": [[[[72.35106818, 34.2201259], [72.3511036, 34.22004059], [72.35104601, 34.22002424], [72.35103118, 34.22005996], [72.35101085, 34.22005418], [72.35099026, 34.22010379], [72.35106818, 34.2201259]]]]}, "properties": {"id": "Pakistan_123102310_349121", "height": 4.919546604156494, "hmax": 0.167, "ratio": 0.034, "vulnClass": "none"}}, {"type": "Feature", "geometry": {"type": "MultiPolygon", "coordinates": [[[[72.35098322, 34.22010119], [72.3508729, 34.2200879], [72.35086505, 34.22013245], [72.35097537, 34.22014574], [72.35098322, 34.22010119]]]]}, "properties": {"id": "Pakistan_123102310_618831", "height": 4.814067840576172, "hmax": 0.167, "ratio": 0.035, "vulnClass": "none"}}, {"type": "Feature", "geometry": {"type": "MultiPolygon", "coordinates": [[[[72.35087067, 34.22012584], [72.35085879, 34.22015835], [72.35092141, 34.220174], [72.35093329, 34.22014148], [72.35087067, 34.22012584]]]]}, "properties": {"id": "Pakistan_123102310_827637", "height": 3.920299053192139, "hmax": 0.167, "ratio": 0.043, "vulnClass": "none"}}, {"type": "Feature", "geometry": {"type": "MultiPolygon", "coordinates": [[[[72.35092124, 34.22020741], [72.35088582, 34.22031235], [72.35096296, 34.22033015], [72.35099838, 34.22022521], [72.35092124, 34.22020741]]]]}, "properties": {"id": "Pakistan_123102310_785171", "height": 3.376751661300659, "hmax": 0.167, "ratio": 0.05, "vulnClass": "none"}}, {"type": "Feature", "geometry": {"type": "MultiPolygon", "coordinates": [[[[72.35078555, 34.22022173], [72.35074823, 34.2202131], [72.35073814, 34.22024293], [72.35077545, 34.22025157], [72.35078555, 34.22022173]]]]}, "properties": {"id": "Pakistan_123102310_353795", "height": 3.138920307159424, "hmax": 0.167, "ratio": 0.053, "vulnClass": "low"}}, {"type": "Feature", "geometry": {"type": "MultiPolygon", "coordinates": [[[[72.35070299, 34.22035005], [72.35085768, 34.22038076], [72.35091036, 34.2201994], [72.35067199, 34.22015206], [72.35065951, 34.22019503], [72.35079898, 34.22022273], [72.35078223, 34.22028041], [72.35072644, 34.22026933], [72.35070299, 34.22035005]]]]}, "properties": {"id": "Pakistan_123102310_756828", "height": 4.260912895202637, "hmax": 0.167, "ratio": 0.039, "vulnClass": "none"}}, {"type": "Feature", "geometry": {"type": "MultiPolygon", "coordinates": [[[[72.35059007, 34.22020258], [72.35066198, 34.22021511], [72.35067335, 34.22017051], [72.35060144, 34.22015798], [72.35059007, 34.22020258]]]]}, "properties": {"id": "Pakistan_123102310_552410", "height": 3.723222732543945, "hmax": 0.167, "ratio": 0.045, "vulnClass": "none"}}, {"type": "Feature", "geometry": {"type": "MultiPolygon", "coordinates": [[[[72.35048996, 34.22021252], [72.35046449, 34.22027281], [72.35053258, 34.22029247], [72.35055804, 34.22023218], [72.35048996, 34.22021252]]]]}, "properties": {"id": "Pakistan_123102310_349116", "height": 2.950222730636597, "hmax": 0.167, "ratio": 0.057, "vulnClass": "low"}}, {"type": "Feature", "geometry": {"type": "MultiPolygon", "coordinates": [[[[72.35041725, 34.2200995], [72.35040831, 34.22016183], [72.35049157, 34.22017], [72.35048859, 34.22019077], [72.35054552, 34.22019635], [72.35055744, 34.22011324], [72.35041725, 34.2200995]]]]}, "properties": {"id": "Pakistan_123102310_799294", "height": 3.578490018844604, "hmax": 0.167, "ratio": 0.047, "vulnClass": "none"}}, {"type": "Feature", "geometry": {"type": "MultiPolygon", "coordinates": [[[[72.35041925, 34.2202072], [72.35040236, 34.22025887], [72.35046115, 34.22027202], [72.35047804, 34.22022035], [72.35041925, 34.2202072]]]]}, "properties": {"id": "Pakistan_123102310_101832", "height": 2.753817319869995, "hmax": 0.167, "ratio": 0.061, "vulnClass": "low"}}, {"type": "Feature", "geometry": {"type": "MultiPolygon", "coordinates": [[[[72.35012632, 34.22014098], [72.3501745, 34.22014283], [72.35017662, 34.22010521], [72.35012844, 34.22010336], [72.35012632, 34.22014098]]]]}, "properties": {"id": "Pakistan_123102310_898646", "height": 3.436911582946777, "hmax": 0.061, "ratio": 0.018, "vulnClass": "none"}}, {"type": "Feature", "geometry": {"type": "MultiPolygon", "coordinates": [[[[72.35035627, 34.22012414], [72.35034128, 34.22016955], [72.35036624, 34.22017518], [72.35039417, 34.22009056], [72.35026187, 34.2200607], [72.35027482, 34.22002148], [72.35014751, 34.21999274], [72.35012162, 34.22007118], [72.35035627, 34.22012414]]]]}, "properties": {"id": "Pakistan_123102310_903429", "height": 3.685532569885254, "hmax": 0.118, "ratio": 0.032, "vulnClass": "none"}}, {"type": "Feature", "geometry": {"type": "MultiPolygon", "coordinates": [[[[72.35047532, 34.22008752], [72.35058287, 34.22010918], [72.35061215, 34.22000971], [72.35066919, 34.2200212], [72.35067659, 34.21999607], [72.35072723, 34.22000626], [72.35074233, 34.21995498], [72.35058653, 34.21992361], [72.35055387, 34.22003458], [72.35049443, 34.22002262], [72.35047532, 34.22008752]]]]}, "properties": {"id": "Pakistan_123102310_813457", "height": 4.347323417663574, "hmax": 0.167, "ratio": 0.038, "vulnClass": "none"}}, {"type": "Feature", "geometry": {"type": "MultiPolygon", "coordinates": [[[[72.35049068, 34.21987934], [72.35040841, 34.21986796], [72.35038965, 34.21996073], [72.35047191, 34.21997211], [72.35049068, 34.21987934]]]]}, "properties": {"id": "Pakistan_123102310_837126", "height": 4.124834060668945, "hmax": 0.167, "ratio": 0.041, "vulnClass": "none"}}, {"type": "Feature", "geometry": {"type": "MultiPolygon", "coordinates": [[[[72.350595, 34.21977565], [72.35056155, 34.21988033], [72.3507108, 34.21991294], [72.35074426, 34.21980826], [72.350595, 34.21977565]]]]}, "properties": {"id": "Pakistan_123102310_690180", "height": 4.254961490631104, "hmax": 0.166, "ratio": 0.039, "vulnClass": "none"}}, {"type": "Feature", "geometry": {"type": "MultiPolygon", "coordinates": [[[[72.35017536, 34.21981612], [72.35014986, 34.21990067], [72.35023957, 34.21991918], [72.35026509, 34.21983463], [72.35017536, 34.21981612]]]]}, "properties": {"id": "Pakistan_123102310_604531", "height": 4.442614078521729, "hmax": 0.081, "ratio": 0.018, "vulnClass": "none"}}, {"type": "Feature", "geometry": {"type": "MultiPolygon", "coordinates": [[[[72.35024843, 34.21992549], [72.35031217, 34.21993961], [72.3503296, 34.2198858], [72.35026586, 34.21987168], [72.35024843, 34.21992549]]]]}, "properties": {"id": "Pakistan_123102310_244699", "height": 3.776410102844238, "hmax": 0.167, "ratio": 0.044, "vulnClass": "none"}}, {"type": "Feature", "geometry": {"type": "MultiPolygon", "coordinates": [[[[72.34994174, 34.21983737], [72.34985437, 34.21979275], [72.34979081, 34.21987783], [72.34987818, 34.21992245], [72.34994174, 34.21983737]]]]}, "properties": {"id": "Pakistan_123102310_799289", "height": 3.263993740081787, "hmax": 0.061, "ratio": 0.019, "vulnClass": "none"}}, {"type": "Feature", "geometry": {"type": "MultiPolygon", "coordinates": [[[[72.34969731, 34.21976715], [72.34976849, 34.21996961], [72.34982668, 34.21995562], [72.34975552, 34.21975316], [72.34969731, 34.21976715]]]]}, "properties": {"id": "Pakistan_123102310_306395", "height": 4.241238594055176, "hmax": 0.061, "ratio": 0.014, "vulnClass": "none"}}, {"type": "Feature", "geometry": {"type": "MultiPolygon", "coordinates": [[[[72.34988037, 34.22013018], [72.34995083, 34.21999849], [72.3498611, 34.21996567], [72.34979064, 34.22009736], [72.34988037, 34.22013018]]]]}, "properties": {"id": "Pakistan_123102310_205876", "height": 3.711352348327637, "hmax": 0.061, "ratio": 0.016, "vulnClass": "none"}}, {"type": "Feature", "geometry": {"type": "MultiPolygon", "coordinates": [[[[72.34996337, 34.22003063], [72.34993546, 34.22009432], [72.35001133, 34.22011706], [72.35003924, 34.22005336], [72.34996337, 34.22003063]]]]}, "properties": {"id": "Pakistan_123102310_396332", "height": 3.156814813613892, "hmax": 0.061, "ratio": 0.019, "vulnClass": "none"}}, {"type": "Feature", "geometry": {"type": "MultiPolygon", "coordinates": [[[[72.35010718, 34.22003041], [72.34997102, 34.21999425], [72.34995812, 34.22002745], [72.35009429, 34.2200636], [72.35010718, 34.22003041]]]]}, "properties": {"id": "Pakistan_123102310_443379", "height": 2.733590364456177, "hmax": 0.061, "ratio": 0.022, "vulnClass": "none"}}, {"type": "Feature", "geometry": {"type": "MultiPolygon", "coordinates": [[[[72.35009549, 34.21997582], [72.3500835, 34.22001668], [72.35013923, 34.22002786], [72.35015122, 34.219987], [72.35009549, 34.21997582]]]]}, "properties": {"id": "Pakistan_123102310_528779", "height": 2.819549322128296, "hmax": 0.061, "ratio": 0.022, "vulnClass": "none"}}, {"type": "Feature", "geometry": {"type": "MultiPolygon", "coordinates": [[[[72.3500668, 34.22013501], [72.3499215, 34.22009074], [72.34990368, 34.22013074], [72.35004896, 34.22017501], [72.3500668, 34.22013501]]]]}, "properties": {"id": "Pakistan_123102310_353786", "height": 3.435856342315674, "hmax": 0.061, "ratio": 0.018, "vulnClass": "none"}}, {"type": "Feature", "geometry": {"type": "MultiPolygon", "coordinates": [[[[72.35037882, 34.22018526], [72.35008844, 34.22014064], [72.35007856, 34.22018461], [72.35036894, 34.22022921], [72.35037882, 34.22018526]]]]}, "properties": {"id": "Pakistan_123102310_339578", "height": 3.576062440872192, "hmax": 0.115, "ratio": 0.032, "vulnClass": "none"}}, {"type": "Feature", "geometry": {"type": "MultiPolygon", "coordinates": [[[[72.34990857, 34.22017097], [72.34989218, 34.22020292], [72.34996037, 34.22022684], [72.34997676, 34.22019489], [72.34990857, 34.22017097]]]]}, "properties": {"id": "Pakistan_123102310_908082", "height": 3.258358001708984, "hmax": 0.061, "ratio": 0.019, "vulnClass": "none"}}, {"type": "Feature", "geometry": {"type": "MultiPolygon", "coordinates": [[[[72.34979247, 34.22020847], [72.3497637, 34.22027543], [72.34983277, 34.22029571], [72.34986154, 34.22022876], [72.34979247, 34.22020847]]]]}, "properties": {"id": "Pakistan_123102310_728277", "height": 3.40748929977417, "hmax": 0.061, "ratio": 0.018, "vulnClass": "none"}}, {"type": "Feature", "geometry": {"type": "MultiPolygon", "coordinates": [[[[72.3497517, 34.22010926], [72.34969224, 34.22020478], [72.34974423, 34.22022691], [72.34976715, 34.22019009], [72.34979785, 34.22020316], [72.3498344, 34.22014445], [72.3497517, 34.22010926]]]]}, "properties": {"id": "Pakistan_123102310_187142", "height": 3.079270124435425, "hmax": 0.061, "ratio": 0.02, "vulnClass": "none"}}, {"type": "Feature", "geometry": {"type": "MultiPolygon", "coordinates": [[[[72.34977831, 34.22039771], [72.35003776, 34.2204725], [72.35006151, 34.22041616], [72.34991562, 34.22037411], [72.34992145, 34.22036027], [72.34980789, 34.22032754], [72.34977831, 34.22039771]]]]}, "properties": {"id": "Pakistan_123102310_642469", "height": 4.083539009094238, "hmax": 0.061, "ratio": 0.015, "vulnClass": "none"}}, {"type": "Feature", "geometry": {"type": "MultiPolygon", "coordinates": [[[[72.34983892, 34.22042319], [72.34979203, 34.22041651], [72.34978687, 34.22044132], [72.34983376, 34.22044799], [72.34983892, 34.22042319]]]]}, "properties": {"id": "Pakistan_123102310_917616", "height": 2.983397722244263, "hmax": 0.061, "ratio": 0.02, "vulnClass": "none"}}, {"type": "Feature", "geometry": {"type": "MultiPolygon", "coordinates": [[[[72.35021931, 34.22045852], [72.35007835, 34.2204161], [72.35005034, 34.22047973], [72.35019129, 34.22052215], [72.35021931, 34.22045852]]]]}, "properties": {"id": "Pakistan_123102310_434001", "height": 3.472941160202026, "hmax": 0.061, "ratio": 0.018, "vulnClass": "none"}}, {"type": "Feature", "geometry": {"type": "MultiPolygon", "coordinates": [[[[72.34988004, 34.22022698], [72.34987109, 34.22025851], [72.34993211, 34.22027035], [72.34994105, 34.22023882], [72.34988004, 34.22022698]]]]}, "properties": {"id": "Pakistan_123102310_481547", "height": 3.229529857635498, "hmax": 0.061, "ratio": 0.019, "vulnClass": "none"}}, {"type": "Feature", "geometry": {"type": "MultiPolygon", "coordinates": [[[[72.35014608, 34.22028015], [72.35030427, 34.22029738], [72.35031034, 34.22025924], [72.35015215, 34.22024202], [72.35014608, 34.22028015]]]]}, "properties": {"id": "Pakistan_123102310_633035", "height": 3.323683977127075, "hmax": 0.117, "ratio": 0.035, "vulnClass": "none"}}, {"type": "Feature", "geometry": {"type": "MultiPolygon", "coordinates": [[[[72.35071942, 34.22028494], [72.35057836, 34.22024938], [72.3505604, 34.22029808], [72.35070146, 34.22033364], [72.35071942, 34.22028494]]]]}, "properties": {"id": "Pakistan_123102310_661689", "height": 2.767573833465576, "hmax": 0.167, "ratio": 0.06, "vulnClass": "low"}}, {"type": "Feature", "geometry": {"type": "MultiPolygon", "coordinates": [[[[72.35050133, 34.22035358], [72.35066886, 34.22041808], [72.35069042, 34.2203798], [72.35052288, 34.22031531], [72.35050133, 34.22035358]]]]}, "properties": {"id": "Pakistan_123102310_292048", "height": 2.602200508117676, "hmax": 0.167, "ratio": 0.064, "vulnClass": "low"}}, {"type": "Feature", "geometry": {"type": "MultiPolygon", "coordinates": [[[[72.35043252, 34.22029973], [72.35041821, 34.22034187], [72.35038092, 34.22033322], [72.35036766, 34.22037228], [72.35046214, 34.22039421], [72.3504897, 34.220313], [72.35043252, 34.22029973]]]]}, "properties": {"id": "Pakistan_123102310_197569", "height": 2.732126712799072, "hmax": 0.167, "ratio": 0.061, "vulnClass": "low"}}, {"type": "Feature", "geometry": {"type": "MultiPolygon", "coordinates": [[[[72.35068953, 34.22047263], [72.35048411, 34.22041978], [72.35041943, 34.22059166], [72.35065419, 34.22065206], [72.35068539, 34.22056915], [72.35065605, 34.2205616], [72.35068953, 34.22047263]]]]}, "properties": {"id": "Pakistan_123102310_84055", "height": 3.424033641815186, "hmax": 0.167, "ratio": 0.049, "vulnClass": "none"}}, {"type": "Feature", "geometry": {"type": "MultiPolygon", "coordinates": [[[[72.35034096, 34.22043231], [72.35033077, 34.22046449], [72.35042995, 34.22048596], [72.35044014, 34.22045379], [72.35034096, 34.22043231]]]]}, "properties": {"id": "Pakistan_123102310_391538", "height": 2.781153440475464, "hmax": 0.167, "ratio": 0.06, "vulnClass": "low"}}, {"type": "Feature", "geometry": {"type": "MultiPolygon", "coordinates": [[[[72.35044916, 34.22044855], [72.35046417, 34.22040799], [72.35035627, 34.22038068], [72.35034125, 34.22042124], [72.35044916, 34.22044855]]]]}, "properties": {"id": "Pakistan_123102310_528783", "height": 2.759348630905151, "hmax": 0.167, "ratio": 0.06, "vulnClass": "low"}}, {"type": "Feature", "geometry": {"type": "MultiPolygon", "coordinates": [[[[72.3502334, 34.22045341], [72.35031426, 34.22046079], [72.35032699, 34.22036548], [72.35024612, 34.2203581], [72.3502334, 34.22045341]]]]}, "properties": {"id": "Pakistan_123102310_609259", "height": 3.658484697341919, "hmax": 0.167, "ratio": 0.046, "vulnClass": "none"}}, {"type": "Feature", "geometry": {"type": "MultiPolygon", "coordinates": [[[[72.35032154, 34.22048358], [72.35023161, 34.22045642], [72.35020309, 34.220521], [72.35039477, 34.22057889], [72.35040947, 34.22054563], [72.35030771, 34.22051489], [72.35032154, 34.22048358]]]]}, "properties": {"id": "Pakistan_123102310_728282", "height": 3.045563220977783, "hmax": 0.165, "ratio": 0.054, "vulnClass": "low"}}, {"type": "Feature", "geometry": {"type": "MultiPolygon", "coordinates": [[[[72.35020786, 34.22054375], [72.35018159, 34.22061227], [72.35020109, 34.22061738], [72.35021268, 34.22058715], [72.35034553, 34.22062198], [72.3503324, 34.22065624], [72.35037747, 34.22066805], [72.35038674, 34.22064386], [72.35049886, 34.22067325], [72.3505174, 34.22062488], [72.35020786, 34.22054375]]]]}, "properties": {"id": "Pakistan_123102310_244697", "height": 3.369253635406494, "hmax": 0.159, "ratio": 0.047, "vulnClass": "none"}}, {"type": "Feature", "geometry": {"type": "MultiPolygon", "coordinates": [[[[72.35053774, 34.22068374], [72.35062336, 34.22068725], [72.35062535, 34.22065406], [72.35053973, 34.22065055], [72.35053774, 34.22068374]]]]}, "properties": {"id": "Pakistan_123102310_604534", "height": 2.956418514251709, "hmax": 0.172, "ratio": 0.058, "vulnClass": "low"}}, {"type": "Feature", "geometry": {"type": "MultiPolygon", "coordinates": [[[[72.3503667, 34.2206848], [72.35026401, 34.22066684], [72.35026889, 34.22064773], [72.35020471, 34.22063651], [72.35018516, 34.22071294], [72.35035205, 34.22074212], [72.3503667, 34.2206848]]]]}, "properties": {"id": "Pakistan_123102310_452971", "height": 3.125500202178955, "hmax": 0.191, "ratio": 0.061, "vulnClass": "low"}}, {"type": "Feature", "geometry": {"type": "MultiPolygon", "coordinates": [[[[72.35014689, 34.22069626], [72.35017965, 34.22070313], [72.35020395, 34.22062395], [72.35017119, 34.22061708], [72.35014689, 34.22069626]]]]}, "properties": {"id": "Pakistan_123102310_766337", "height": 3.369253635406494, "hmax": 0.074, "ratio": 0.022, "vulnClass": "none"}}, {"type": "Feature", "geometry": {"type": "MultiPolygon", "coordinates": [[[[72.35006568, 34.22060341], [72.35005098, 34.22067908], [72.3501451, 34.22069159], [72.35015981, 34.22061592], [72.35006568, 34.22060341]]]]}, "properties": {"id": "Pakistan_123102310_637784", "height": 3.442039966583252, "hmax": 0.068, "ratio": 0.02, "vulnClass": "none"}}, {"type": "Feature", "geometry": {"type": "MultiPolygon", "coordinates": [[[[72.34987378, 34.22062537], [72.34995312, 34.22064205], [72.34998738, 34.22053063], [72.34988286, 34.22050866], [72.34987166, 34.22054508], [72.34982379, 34.22053501], [72.34981193, 34.22057358], [72.34988499, 34.22058895], [72.34987378, 34.22062537]]]]}, "properties": {"id": "Pakistan_123102310_325435", "height": 3.360800266265869, "hmax": 0.061, "ratio": 0.018, "vulnClass": "none"}}, {"type": "Feature", "geometry": {"type": "MultiPolygon", "coordinates": [[[[72.34982292, 34.22053272], [72.34987009, 34.22053872], [72.34987733, 34.22049972], [72.34983017, 34.22049372], [72.34982292, 34.22053272]]]]}, "properties": {"id": "Pakistan_123102310_296892", "height": 2.649296045303345, "hmax": 0.061, "ratio": 0.023, "vulnClass": "none"}}, {"type": "Feature", "geometry": {"type": "MultiPolygon", "coordinates": [[[[72.34982306, 34.22048422], [72.34972089, 34.22047534], [72.34971546, 34.22051807], [72.34981763, 34.22052695], [72.34982306, 34.22048422]]]]}, "properties": {"id": "Pakistan_123102310_898643", "height": 4.080357551574707, "hmax": 0.061, "ratio": 0.015, "vulnClass": "none"}}, {"type": "Feature", "geometry": {"type": "MultiPolygon", "coordinates": [[[[72.34959769, 34.22067155], [72.34954634, 34.22082977], [72.34964392, 34.22085142], [72.34967525, 34.22075489], [72.34969834, 34.22075395], [72.34963138, 34.22096034], [72.34963146, 34.22096177], [72.34971727, 34.22098081], [72.34973942, 34.22091253], [72.34983363, 34.22093344], [72.34983252, 34.22091484], [72.34989235, 34.22091241], [72.34990285, 34.22088004], [72.34999793, 34.22090114], [72.3500325, 34.22079461], [72.35002866, 34.22079376], [72.34988468, 34.22079961], [72.34988406, 34.22078917], [72.34989086, 34.22076821], [72.34988896, 34.22073616], [72.34959769, 34.22067155]]]]}, "properties": {"id": "Pakistan_123102310_893851", "height": 3.981136322021484, "hmax": 0.101, "ratio": 0.025, "vulnClass": "none"}}, {"type": "Feature", "geometry": {"type": "MultiPolygon", "coordinates": [[[[72.34938768, 34.2206425], [72.34934788, 34.22062854], [72.34932281, 34.2206774], [72.34917394, 34.22062518], [72.34915851, 34.22065525], [72.34924374, 34.22068515], [72.34922059, 34.22073026], [72.34932403, 34.22076655], [72.34938768, 34.2206425]]]]}, "properties": {"id": "Pakistan_123102310_917613", "height": 3.888088464736938, "hmax": 0.095, "ratio": 0.024, "vulnClass": "none"}}, {"type": "Feature", "geometry": {"type": "MultiPolygon", "coordinates": [[[[72.34933747, 34.22062572], [72.34928239, 34.22061159], [72.34930628, 34.22054793], [72.34920721, 34.22052252], [72.34917153, 34.2206176], [72.34932568, 34.22065714], [72.34933747, 34.22062572]]]]}, "properties": {"id": "Pakistan_123102310_358484", "height": 3.714308500289917, "hmax": 0.061, "ratio": 0.016, "vulnClass": "none"}}, {"type": "Feature", "geometry": {"type": "MultiPolygon", "coordinates": [[[[72.34949469, 34.22064042], [72.35005453, 34.22074313], [72.35007042, 34.22068394], [72.34996305, 34.22066424], [72.34995851, 34.22068115], [72.34978212, 34.22064879], [72.34981105, 34.22054099], [72.34970368, 34.22052129], [72.34970878, 34.22050227], [72.34966532, 34.2204943], [72.34964831, 34.22055771], [72.34952305, 34.22053473], [72.34949469, 34.22064042]]]]}, "properties": {"id": "Pakistan_123102310_363191", "height": 4.143294334411621, "hmax": 0.073, "ratio": 0.018, "vulnClass": "none"}}, {"type": "Feature", "geometry": {"type": "MultiPolygon", "coordinates": [[[[72.34897166, 34.22036159], [72.3489342, 34.22045429], [72.34897281, 34.22046495], [72.348947, 34.2205288], [72.34908694, 34.22056747], [72.34909823, 34.22053954], [72.3491549, 34.2205552], [72.34918231, 34.22048736], [72.3494067, 34.22054937], [72.34945024, 34.22044164], [72.34936338, 34.22041763], [72.34934441, 34.22046458], [72.34897166, 34.22036159]]]]}, "properties": {"id": "Pakistan_123102310_718828", "height": 4.063180923461914, "hmax": 0.06, "ratio": 0.015, "vulnClass": "none"}}, {"type": "Feature", "geometry": {"type": "MultiPolygon", "coordinates": [[[[72.34863883, 34.22040675], [72.34863641, 34.22048433], [72.34868734, 34.22048541], [72.34868976, 34.22040784], [72.34863883, 34.22040675]]]]}, "properties": {"id": "Pakistan_123102310_121128", "height": 4.843923091888428, "hmax": 0.059, "ratio": 0.012, "vulnClass": "none"}}, {"type": "Feature", "geometry": {"type": "MultiPolygon", "coordinates": [[[[72.34911676, 34.2206158], [72.34894353, 34.22054813], [72.34891245, 34.22060252], [72.34908568, 34.22067019], [72.34911676, 34.2206158]]]]}, "properties": {"id": "Pakistan_123102310_74575", "height": 3.780197858810425, "hmax": 0.057, "ratio": 0.015, "vulnClass": "none"}}, {"type": "Feature", "geometry": {"type": "MultiPolygon", "coordinates": [[[[72.34923869, 34.22068763], [72.34911241, 34.22064091], [72.34909395, 34.22067503], [72.34922022, 34.22072176], [72.34923869, 34.22068763]]]]}, "properties": {"id": "Pakistan_123102310_818275", "height": 3.648053407669067, "hmax": 0.088, "ratio": 0.024, "vulnClass": "none"}}, {"type": "Feature", "geometry": {"type": "MultiPolygon", "coordinates": [[[[72.34906312, 34.22083407], [72.34912489, 34.2208539], [72.34918645, 34.22072286], [72.34909671, 34.22069404], [72.34906001, 34.22077216], [72.34908798, 34.22078114], [72.34906312, 34.22083407]]]]}, "properties": {"id": "Pakistan_123102310_262716", "height": 3.858196020126343, "hmax": 0.058, "ratio": 0.015, "vulnClass": "none"}}, {"type": "Feature", "geometry": {"type": "MultiPolygon", "coordinates": [[[[72.34898846, 34.2207163], [72.34891678, 34.22069556], [72.34888796, 34.22076365], [72.34895965, 34.22078439], [72.34898846, 34.2207163]]]]}, "properties": {"id": "Pakistan_123102310_287244", "height": 3.721164464950562, "hmax": 0.025, "ratio": 0.007, "vulnClass": "none"}}, {"type": "Feature", "geometry": {"type": "MultiPolygon", "coordinates": [[[[72.34900039, 34.22070008], [72.34898505, 34.22073913], [72.34906269, 34.22075999], [72.34909658, 34.22067372], [72.3488564, 34.22060919], [72.34883784, 34.22065642], [72.34900039, 34.22070008]]]]}, "properties": {"id": "Pakistan_123102310_509978", "height": 3.877978801727295, "hmax": 0.031, "ratio": 0.008, "vulnClass": "none"}}, {"type": "Feature", "geometry": {"type": "MultiPolygon", "coordinates": [[[[72.34858433, 34.2206678], [72.34857628, 34.22069735], [72.34865797, 34.22071256], [72.34866602, 34.22068301], [72.34858433, 34.2206678]]]]}, "properties": {"id": "Pakistan_123102310_552392", "height": 3.540144681930542, "hmax": 0.025, "ratio": 0.007, "vulnClass": "none"}}, {"type": "Feature", "geometry": {"type": "MultiPolygon", "coordinates": [[[[72.3485159, 34.22064846], [72.34875368, 34.22066079], [72.34876079, 34.220567], [72.34868598, 34.22056312], [72.34868373, 34.22059284], [72.34852076, 34.22058439], [72.3485159, 34.22064846]]]]}, "properties": {"id": "Pakistan_123102310_168388", "height": 4.128048896789551, "hmax": 0.052, "ratio": 0.013, "vulnClass": "none"}}, {"type": "Feature", "geometry": {"type": "MultiPolygon", "coordinates": [[[[72.34845282, 34.22055198], [72.34839035, 34.22054694], [72.34837988, 34.2206358], [72.34849679, 34.22064523], [72.34850312, 34.22059151], [72.34844867, 34.22058713], [72.34845282, 34.22055198]]]]}, "properties": {"id": "Pakistan_123102310_789792", "height": 3.27554988861084, "hmax": 0.056, "ratio": 0.017, "vulnClass": "none"}}, {"type": "Feature", "geometry": {"type": "MultiPolygon", "coordinates": [[[[72.34820397, 34.22050992], [72.34820148, 34.22057417], [72.34824167, 34.22057524], [72.34824416, 34.22051099], [72.34820397, 34.22050992]]]]}, "properties": {"id": "Pakistan_123102310_224986", "height": 3.779519081115723, "hmax": 0.059, "ratio": 0.016, "vulnClass": "none"}}, {"type": "Feature", "geometry": {"type": "MultiPolygon", "coordinates": [[[[72.34838622, 34.22064352], [72.34833067, 34.22063206], [72.34831618, 34.22068008], [72.34837173, 34.22069154], [72.34838622, 34.22064352]]]]}, "properties": {"id": "Pakistan_123102310_922208", "height": 4.027410507202148, "hmax": 0.025, "ratio": 0.006, "vulnClass": "none"}}, {"type": "Feature", "geometry": {"type": "MultiPolygon", "coordinates": [[[[72.3483773, 34.22073158], [72.34845829, 34.22073834], [72.34846607, 34.22067467], [72.34838507, 34.22066791], [72.3483773, 34.22073158]]]]}, "properties": {"id": "Pakistan_123102310_271944", "height": 3.952760219573975, "hmax": 0.025, "ratio": 0.006, "vulnClass": "none"}}, {"type": "Feature", "geometry": {"type": "MultiPolygon", "coordinates": [[[[72.34844547, 34.22074778], [72.34835499, 34.22073647], [72.3483619, 34.22069864], [72.34831208, 34.22069242], [72.34830138, 34.22075096], [72.34818994, 34.22073704], [72.34818281, 34.22077607], [72.34843455, 34.22080752], [72.34844547, 34.22074778]]]]}, "properties": {"id": "Pakistan_123102310_467259", "height": 4.027410507202148, "hmax": 0.025, "ratio": 0.006, "vulnClass": "none"}}, {"type": "Feature", "geometry": {"type": "MultiPolygon", "coordinates": [[[[72.34818131, 34.22073616], [72.348243, 34.22073616], [72.348243, 34.2206164], [72.34810889, 34.2206164], [72.34810889, 34.22076721], [72.34818131, 34.22076721], [72.34818131, 34.22073616]]]]}, "properties": {"id": "Pakistan_123102310_623473", "height": 3.51429271697998, "hmax": 0.029, "ratio": 0.008, "vulnClass": "none"}}, {"type": "Feature", "geometry": {"type": "MultiPolygon", "coordinates": [[[[72.34803545, 34.22071763], [72.34809429, 34.22072025], [72.34810251, 34.2205942], [72.34801158, 34.22059015], [72.34800581, 34.2206786], [72.3480379, 34.22068003], [72.34803545, 34.22071763]]]]}, "properties": {"id": "Pakistan_123102310_509967", "height": 3.858098030090332, "hmax": 0.029, "ratio": 0.007, "vulnClass": "none"}}, {"type": "Feature", "geometry": {"type": "MultiPolygon", "coordinates": [[[[72.34790643, 34.22068988], [72.34786088, 34.2206886], [72.34785933, 34.22072627], [72.34781111, 34.22072491], [72.34780702, 34.2208246], [72.34799188, 34.22082979], [72.34799357, 34.22078866], [72.34790248, 34.2207861], [72.34790643, 34.22068988]]]]}, "properties": {"id": "Pakistan_123102310_410357", "height": 3.945412397384644, "hmax": 0.013, "ratio": 0.003, "vulnClass": "none"}}, {"type": "Feature", "geometry": {"type": "MultiPolygon", "coordinates": [[[[72.34790239, 34.22054278], [72.34781122, 34.22054398], [72.34781401, 34.22068811], [72.34790519, 34.2206869], [72.34790239, 34.22054278]]]]}, "properties": {"id": "Pakistan_123102310_818259", "height": 4.644341468811035, "hmax": 0.017, "ratio": 0.004, "vulnClass": "none"}}, {"type": "Feature", "geometry": {"type": "MultiPolygon", "coordinates": [[[[72.3477278, 34.22056519], [72.34773304, 34.22058978], [72.34780588, 34.22057916], [72.34780064, 34.22055457], [72.3477278, 34.22056519]]]]}, "properties": {"id": "Pakistan_123102310_224964", "height": 4.75767993927002, "hmax": 0.021, "ratio": 0.004, "vulnClass": "none"}}, {"type": "Feature", "geometry": {"type": "MultiPolygon", "coordinates": [[[[72.34766983, 34.22058289], [72.34772254, 34.22058871], [72.34772711, 34.22056039], [72.34767441, 34.22055457], [72.34766983, 34.22058289]]]]}, "properties": {"id": "Pakistan_123102310_82594", "height": 3.596102476119995, "hmax": 0.021, "ratio": 0.006, "vulnClass": "none"}}, {"type": "Feature", "geometry": {"type": "MultiPolygon", "coordinates": [[[[72.34811819, 34.22054993], [72.34802453, 34.22054613], [72.34802217, 34.22058595], [72.34811582, 34.22058976], [72.34811819, 34.22054993]]]]}, "properties": {"id": "Pakistan_123102310_472017", "height": 3.858098030090332, "hmax": 0.051, "ratio": 0.013, "vulnClass": "none"}}, {"type": "Feature", "geometry": {"type": "MultiPolygon", "coordinates": [[[[72.34813361, 34.22033953], [72.3480907, 34.22033892], [72.34808983, 34.22038105], [72.34813273, 34.22038165], [72.34813361, 34.22033953]]]]}, "properties": {"id": "Pakistan_123102310_832405", "height": 3.372255086898804, "hmax": 0.059, "ratio": 0.018, "vulnClass": "none"}}, {"type": "Feature", "geometry": {"type": "MultiPolygon", "coordinates": [[[[72.34794196, 34.22041892], [72.34794598, 34.22047194], [72.34816506, 34.22046058], [72.34815978, 34.22039086], [72.34802757, 34.22039771], [72.34802883, 34.22041442], [72.34794196, 34.22041892]]]]}, "properties": {"id": "Pakistan_123102310_334843", "height": 3.296620607376099, "hmax": 0.043, "ratio": 0.013, "vulnClass": "none"}}, {"type": "Feature", "geometry": {"type": "MultiPolygon", "coordinates": [[[[72.34809138, 34.22029009], [72.34771337, 34.22028316], [72.34771135, 34.22035853], [72.3479151, 34.22036227], [72.34791605, 34.2203268], [72.3480903, 34.22033], [72.34809138, 34.22029009]]]]}, "properties": {"id": "Pakistan_123102310_714041", "height": 4.157345771789551, "hmax": 0.024, "ratio": 0.006, "vulnClass": "none"}}, {"type": "Feature", "geometry": {"type": "MultiPolygon", "coordinates": [[[[72.34797436, 34.2204118], [72.34796711, 34.22033687], [72.34792584, 34.2203396], [72.34793309, 34.22041453], [72.34797436, 34.2204118]]]]}, "properties": {"id": "Pakistan_123102310_642444", "height": 3.637362957000732, "hmax": 0.021, "ratio": 0.006, "vulnClass": "none"}}, {"type": "Feature", "geometry": {"type": "MultiPolygon", "coordinates": [[[[72.34809498, 34.22029186], [72.3480969, 34.22033172], [72.34813439, 34.22033048], [72.34813247, 34.22029062], [72.34809498, 34.22029186]]]]}, "properties": {"id": "Pakistan_123102310_282451", "height": 3.40302300453186, "hmax": 0.059, "ratio": 0.017, "vulnClass": "none"}}, {"type": "Feature", "geometry": {"type": "MultiPolygon", "coordinates": [[[[72.34836935, 34.22036044], [72.34836427, 34.22031872], [72.34832444, 34.22032203], [72.34832952, 34.22036375], [72.34836935, 34.22036044]]]]}, "properties": {"id": "Pakistan_123102310_941187", "height": 3.723743677139282, "hmax": 0.059, "ratio": 0.016, "vulnClass": "none"}}, {"type": "Feature", "geometry": {"type": "MultiPolygon", "coordinates": [[[[72.34823971, 34.22037891], [72.34824056, 34.22040994], [72.34835852, 34.22040772], [72.34835742, 34.22036781], [72.34831989, 34.22036852], [72.34831817, 34.22030645], [72.34814928, 34.22030964], [72.34815124, 34.22038058], [72.34823971, 34.22037891]]]]}, "properties": {"id": "Pakistan_123102310_837096", "height": 3.935365915298462, "hmax": 0.059, "ratio": 0.015, "vulnClass": "none"}}, {"type": "Feature", "geometry": {"type": "MultiPolygon", "coordinates": [[[[72.34836575, 34.22045427], [72.34825579, 34.22045507], [72.3482567, 34.22053934], [72.34836666, 34.22053854], [72.34836575, 34.22045427]]]]}, "properties": {"id": "Pakistan_123102310_187921", "height": 4.29989767074585, "hmax": 0.059, "ratio": 0.014, "vulnClass": "none"}}, {"type": "Feature", "geometry": {"type": "MultiPolygon", "coordinates": [[[[72.34857183, 34.22039711], [72.34851554, 34.22039593], [72.34851173, 34.22052005], [72.34856802, 34.22052123], [72.34857183, 34.22039711]]]]}, "properties": {"id": "Pakistan_123102310_675955", "height": 4.64841890335083, "hmax": 0.059, "ratio": 0.013, "vulnClass": "none"}}, {"type": "Feature", "geometry": {"type": "MultiPolygon", "coordinates": [[[[72.34887494, 34.22035671], [72.34864131, 34.22033239], [72.34863052, 34.22040324], [72.34876645, 34.2204174], [72.34875083, 34.22052001], [72.3487997, 34.2205251], [72.3488115, 34.22044769], [72.34893295, 34.22046034], [72.34894027, 34.2204123], [72.34886762, 34.22040474], [72.34887494, 34.22035671]]]]}, "properties": {"id": "Pakistan_123102310_832416", "height": 4.419476509094238, "hmax": 0.059, "ratio": 0.013, "vulnClass": "none"}}, {"type": "Feature", "geometry": {"type": "MultiPolygon", "coordinates": [[[[72.34853542, 34.22028997], [72.34869575, 34.22029811], [72.34870346, 34.22019427], [72.34858054, 34.22018802], [72.34857775, 34.22022558], [72.34854034, 34.22022368], [72.34853542, 34.22028997]]]]}, "properties": {"id": "Pakistan_123102310_552391", "height": 3.865481853485107, "hmax": 0.059, "ratio": 0.015, "vulnClass": "none"}}, {"type": "Feature", "geometry": {"type": "MultiPolygon", "coordinates": [[[[72.34840098, 34.22028947], [72.34845457, 34.22029093], [72.34845899, 34.22018016], [72.34840541, 34.22017869], [72.34840098, 34.22028947]]]]}, "properties": {"id": "Pakistan_123102310_851210", "height": 3.687766551971436, "hmax": 0.059, "ratio": 0.016, "vulnClass": "none"}}, {"type": "Feature", "geometry": {"type": "MultiPolygon", "coordinates": [[[[72.34852501, 34.2201853], [72.34858112, 34.22018818], [72.34858526, 34.22013294], [72.34852915, 34.22013006], [72.34852501, 34.2201853]]]]}, "properties": {"id": "Pakistan_123102310_292027", "height": 3.946596622467041, "hmax": 0.059, "ratio": 0.015, "vulnClass": "none"}}, {"type": "Feature", "geometry": {"type": "MultiPolygon", "coordinates": [[[[72.34829315, 34.21997684], [72.34825566, 34.21997811], [72.34825786, 34.22002239], [72.34829534, 34.22002112], [72.34829315, 34.21997684]]]]}, "properties": {"id": "Pakistan_123102310_386809", "height": 3.776819229125977, "hmax": 0.059, "ratio": 0.016, "vulnClass": "none"}}, {"type": "Feature", "geometry": {"type": "MultiPolygon", "coordinates": [[[[72.34830096, 34.22016702], [72.34830346, 34.22010055], [72.34823112, 34.22009869], [72.34823057, 34.22011322], [72.34817966, 34.22011191], [72.3481777, 34.22016385], [72.34830096, 34.22016702]]]]}, "properties": {"id": "Pakistan_123102310_623475", "height": 4.081676959991455, "hmax": 0.059, "ratio": 0.014, "vulnClass": "none"}}, {"type": "Feature", "geometry": {"type": "MultiPolygon", "coordinates": [[[[72.34822524, 34.22028062], [72.34831909, 34.22028201], [72.3483211, 34.22018888], [72.34822725, 34.2201875], [72.34822524, 34.22028062]]]]}, "properties": {"id": "Pakistan_123102310_263589", "height": 4.081676959991455, "hmax": 0.059, "ratio": 0.014, "vulnClass": "none"}}, {"type": "Feature", "geometry": {"type": "MultiPolygon", "coordinates": [[[[72.34817339, 34.22027467], [72.34821893, 34.22027604], [72.34822341, 34.22017415], [72.34817787, 34.22017278], [72.34817339, 34.22027467]]]]}, "properties": {"id": "Pakistan_123102310_595115", "height": 4.081676959991455, "hmax": 0.059, "ratio": 0.014, "vulnClass": "none"}}, {"type": "Feature", "geometry": {"type": "MultiPolygon", "coordinates": [[[[72.34792408, 34.22026492], [72.34816927, 34.22027188], [72.34817147, 34.22021871], [72.3481031, 34.22021677], [72.34810438, 34.22018576], [72.34800934, 34.22018306], [72.34801016, 34.22016312], [72.34789356, 34.22015982], [72.34789246, 34.2201864], [72.34798495, 34.22018902], [72.34798348, 34.22022447], [72.34792582, 34.22022283], [72.34792408, 34.22026492]]]]}, "properties": {"id": "Pakistan_123102310_694940", "height": 3.050075531005859, "hmax": 0.037, "ratio": 0.012, "vulnClass": "none"}}, {"type": "Feature", "geometry": {"type": "MultiPolygon", "coordinates": [[[[72.34782145, 34.22015334], [72.3478194, 34.22010905], [72.34777514, 34.22011045], [72.3477772, 34.22015474], [72.34782145, 34.22015334]]]]}, "properties": {"id": "Pakistan_123102310_386804", "height": 3.220117330551147, "hmax": 0.021, "ratio": 0.007, "vulnClass": "none"}}, {"type": "Feature", "geometry": {"type": "MultiPolygon", "coordinates": [[[[72.34809164, 34.22015172], [72.34809054, 34.22009629], [72.34782508, 34.22009988], [72.34782618, 34.22015531], [72.34809164, 34.22015172]]]]}, "properties": {"id": "Pakistan_123102310_320702", "height": 3.050075531005859, "hmax": 0.026, "ratio": 0.009, "vulnClass": "none"}}, {"type": "Feature", "geometry": {"type": "MultiPolygon", "coordinates": [[[[72.34778732, 34.22002383], [72.34768553, 34.22002078], [72.34768319, 34.22007394], [72.34778499, 34.22007699], [72.34778732, 34.22002383]]]]}, "properties": {"id": "Pakistan_123102310_623470", "height": 3.228043079376221, "hmax": 0.021, "ratio": 0.007, "vulnClass": "none"}}, {"type": "Feature", "geometry": {"type": "MultiPolygon", "coordinates": [[[[72.34809489, 34.22009143], [72.34809172, 34.22012101], [72.34813291, 34.22012402], [72.34813608, 34.22009445], [72.34809489, 34.22009143]]]]}, "properties": {"id": "Pakistan_123102310_178531", "height": 3.322765350341797, "hmax": 0.059, "ratio": 0.018, "vulnClass": "none"}}, {"type": "Feature", "geometry": {"type": "MultiPolygon", "coordinates": [[[[72.34783574, 34.22001841], [72.34783881, 34.21995071], [72.34770614, 34.2199466], [72.34770308, 34.22001431], [72.34783574, 34.22001841]]]]}, "properties": {"id": "Pakistan_123102310_912831", "height": 3.922228813171387, "hmax": 0.021, "ratio": 0.005, "vulnClass": "none"}}, {"type": "Feature", "geometry": {"type": "MultiPolygon", "coordinates": [[[[72.34776387, 34.2198639], [72.34772167, 34.21991972], [72.34777182, 34.21994564], [72.34781401, 34.21988982], [72.34776387, 34.2198639]]]]}, "properties": {"id": "Pakistan_123102310_533490", "height": 4.118721485137939, "hmax": 0.021, "ratio": 0.005, "vulnClass": "none"}}, {"type": "Feature", "geometry": {"type": "MultiPolygon", "coordinates": [[[[72.34792288, 34.22008171], [72.34822771, 34.2200957], [72.34823306, 34.22001611], [72.34807655, 34.22000892], [72.34808411, 34.21989616], [72.34789568, 34.21988751], [72.34789286, 34.21992952], [72.34800784, 34.2199348], [72.34800057, 34.22004314], [72.3479257, 34.2200397], [72.34792288, 34.22008171]]]]}, "properties": {"id": "Pakistan_123102310_424522", "height": 4.856283664703369, "hmax": 0.038, "ratio": 0.008, "vulnClass": "none"}}, {"type": "Feature", "geometry": {"type": "MultiPolygon", "coordinates": [[[[72.34780624, 34.21983342], [72.34780498, 34.21987109], [72.34793899, 34.21987417], [72.34794025, 34.2198365], [72.34780624, 34.21983342]]]]}, "properties": {"id": "Pakistan_123102310_301555", "height": 3.600415468215942, "hmax": 0.021, "ratio": 0.006, "vulnClass": "none"}}, {"type": "Feature", "geometry": {"type": "MultiPolygon", "coordinates": [[[[72.34813406, 34.21980287], [72.34794377, 34.21980725], [72.34794623, 34.21988039], [72.34813652, 34.219876], [72.34813406, 34.21980287]]]]}, "properties": {"id": "Pakistan_123102310_159801", "height": 4.242661476135254, "hmax": 0.035, "ratio": 0.008, "vulnClass": "none"}}, {"type": "Feature", "geometry": {"type": "MultiPolygon", "coordinates": [[[[72.34903422, 34.21988446], [72.3482581, 34.21990009], [72.34826007, 34.21996659], [72.34838069, 34.21996416], [72.348382, 34.22000849], [72.34849727, 34.22000617], [72.34849603, 34.21996405], [72.3486422, 34.21996111], [72.34864324, 34.21999657], [72.34857481, 34.21999795], [72.34857678, 34.22006445], [72.34884484, 34.22005905], [72.34884215, 34.21996817], [72.34893597, 34.21996628], [72.34893683, 34.2199951], [72.34903742, 34.21999307], [72.34903422, 34.21988446]]]]}, "properties": {"id": "Pakistan_123102310_761576", "height": 5.785232543945312, "hmax": 0.059, "ratio": 0.01, "vulnClass": "none"}}, {"type": "Feature", "geometry": {"type": "MultiPolygon", "coordinates": [[[[72.34904628, 34.22009352], [72.34968086, 34.22012654], [72.34968624, 34.22005585], [72.34965685, 34.22005432], [72.34966038, 34.22000793], [72.34971381, 34.22001071], [72.34971953, 34.2199356], [72.34955389, 34.21992698], [72.34955372, 34.21992919], [72.34948693, 34.21992571], [72.34948962, 34.21989037], [72.34926787, 34.21987883], [72.34925745, 34.2200158], [72.349053, 34.22000516], [72.34904628, 34.22009352]]]]}, "properties": {"id": "Pakistan_123102310_467263", "height": 3.994947671890259, "hmax": 0.06, "ratio": 0.015, "vulnClass": "none"}}, {"type": "Feature", "geometry": {"type": "MultiPolygon", "coordinates": [[[[72.34897572, 34.2200755], [72.3488658, 34.22007757], [72.34886794, 34.22015516], [72.34897785, 34.22015309], [72.34897572, 34.2200755]]]]}, "properties": {"id": "Pakistan_123102310_438694", "height": 2.984031677246094, "hmax": 0.059, "ratio": 0.02, "vulnClass": "none"}}, {"type": "Feature", "geometry": {"type": "MultiPolygon", "coordinates": [[[[72.34885617, 34.22019808], [72.34886026, 34.22007619], [72.34873429, 34.2200733], [72.34873021, 34.22019519], [72.34885617, 34.22019808]]]]}, "properties": {"id": "Pakistan_123102310_334854", "height": 5.949142456054688, "hmax": 0.059, "ratio": 0.01, "vulnClass": "none"}}, {"type": "Feature", "geometry": {"type": "MultiPolygon", "coordinates": [[[[72.34881194, 34.22021372], [72.34871751, 34.22020635], [72.34870423, 34.22032287], [72.34886247, 34.2203352], [72.34886547, 34.22030882], [72.34880167, 34.22030385], [72.34881194, 34.22021372]]]]}, "properties": {"id": "Pakistan_123102310_273015", "height": 4.062031269073486, "hmax": 0.059, "ratio": 0.014, "vulnClass": "none"}}, {"type": "Feature", "geometry": {"type": "MultiPolygon", "coordinates": [[[[72.3494951, 34.21991657], [72.34971767, 34.21991964], [72.34971843, 34.21988195], [72.34949587, 34.21987887], [72.3494951, 34.21991657]]]]}, "properties": {"id": "Pakistan_123102310_585777", "height": 2.794260740280151, "hmax": 0.061, "ratio": 0.022, "vulnClass": "none"}}, {"type": "Feature", "geometry": {"type": "MultiPolygon", "coordinates": [[[[72.34927016, 34.21992824], [72.34927172, 34.21987727], [72.3491645, 34.21987502], [72.34916294, 34.219926], [72.34927016, 34.21992824]]]]}, "properties": {"id": "Pakistan_123102310_149416", "height": 3.757979154586792, "hmax": 0.061, "ratio": 0.016, "vulnClass": "none"}}, {"type": "Feature", "geometry": {"type": "MultiPolygon", "coordinates": [[[[72.34960493, 34.21938865], [72.35011207, 34.21947975], [72.35013433, 34.21939503], [72.34972452, 34.21932141], [72.34972785, 34.21930871], [72.34963052, 34.21929122], [72.34960493, 34.21938865]]]]}, "properties": {"id": "Pakistan_123102310_112399", "height": 4.469314575195312, "hmax": 0.097, "ratio": 0.022, "vulnClass": "none"}}, {"type": "Feature", "geometry": {"type": "MultiPolygon", "coordinates": [[[[72.34795721, 34.21979902], [72.34809535, 34.21979621], [72.34809423, 34.21975853], [72.34804723, 34.21975949], [72.34804568, 34.21970726], [72.34800547, 34.21970807], [72.34800356, 34.21964379], [72.34795263, 34.21964482], [72.34795721, 34.21979902]]]]}, "properties": {"id": "Pakistan_123102310_614058", "height": 4.656960010528564, "hmax": 0.031, "ratio": 0.007, "vulnClass": "none"}}, {"type": "Feature", "geometry": {"type": "MultiPolygon", "coordinates": [[[[72.34781664, 34.21963007], [72.34772169, 34.21964676], [72.34773805, 34.21971042], [72.347833, 34.21969373], [72.34781664, 34.21963007]]]]}, "properties": {"id": "Pakistan_123102310_271928", "height": 6.592727661132812, "hmax": 0.041, "ratio": 0.006, "vulnClass": "none"}}, {"type": "Feature", "geometry": {"type": "MultiPolygon", "coordinates": [[[[72.34936687, 34.21922011], [72.34936535, 34.21925216], [72.34941503, 34.21925377], [72.34941655, 34.21922172], [72.34936687, 34.21922011]]]]}, "properties": {"id": "Pakistan_123102310_637778", "height": 2.946969509124756, "hmax": 0.097, "ratio": 0.033, "vulnClass": "none"}}, {"type": "Feature", "geometry": {"type": "MultiPolygon", "coordinates": [[[[72.34952361, 34.21930333], [72.34950925, 34.21921172], [72.34942074, 34.21922121], [72.34943511, 34.21931282], [72.34952361, 34.21930333]]]]}, "properties": {"id": "Pakistan_123102310_131163", "height": 2.946969509124756, "hmax": 0.097, "ratio": 0.033, "vulnClass": "none"}}, {"type": "Feature", "geometry": {"type": "MultiPolygon", "coordinates": [[[[72.34960178, 34.21928493], [72.34973712, 34.21928974], [72.34974081, 34.2192189], [72.34960547, 34.21921409], [72.34960178, 34.21928493]]]]}, "properties": {"id": "Pakistan_123102310_296887", "height": 4.094403266906738, "hmax": 0.097, "ratio": 0.024, "vulnClass": "none"}}, {"type": "Feature", "geometry": {"type": "MultiPolygon", "coordinates": [[[[72.34949561, 34.21919505], [72.34947543, 34.21910041], [72.34937138, 34.21911558], [72.34939155, 34.21921022], [72.34949561, 34.21919505]]]]}, "properties": {"id": "Pakistan_123102310_54300", "height": 2.943722248077393, "hmax": 0.097, "ratio": 0.033, "vulnClass": "none"}}, {"type": "Feature", "geometry": {"type": "MultiPolygon", "coordinates": [[[[72.34973813, 34.21893203], [72.34973494, 34.21899179], [72.34977777, 34.21899336], [72.34977848, 34.21898008], [72.34997123, 34.21898711], [72.34997371, 34.21894063], [72.34973813, 34.21893203]]]]}, "properties": {"id": "Pakistan_123102310_234376", "height": 3.361016035079956, "hmax": 0.097, "ratio": 0.029, "vulnClass": "none"}}, {"type": "Feature", "geometry": {"type": "MultiPolygon", "coordinates": [[[[72.35016555, 34.21898966], [72.35042094, 34.219057], [72.35036146, 34.2190659], [72.35034704, 34.2191033], [72.35033691, 34.21905702], [72.3501686, 34.21901264], [72.35012747, 34.21911934], [72.35031872, 34.21916977], [72.35034046, 34.2191134], [72.35053362, 34.21916433], [72.35048533, 34.21917156], [72.35050813, 34.21917757], [72.35052004, 34.21923198], [72.35057822, 34.21908112], [72.35057681, 34.21907471], [72.35061919, 34.21906837], [72.3506367, 34.21902295], [72.35059813, 34.21901278], [72.35058988, 34.21897512], [72.35042406, 34.2189314], [72.3504128, 34.21896059], [72.35055645, 34.21899846], [72.3505382, 34.21904577], [72.35031217, 34.21898618], [72.35029415, 34.2189038], [72.35023532, 34.21888829], [72.35021619, 34.21893792], [72.35018363, 34.21894279], [72.35016555, 34.21898966]]]]}, "properties": {"id": "Pakistan_123102310_884451", "height": 4.346727848052979, "hmax": 0.106, "ratio": 0.024, "vulnClass": "none"}}, {"type": "Feature", "geometry": {"type": "MultiPolygon", "coordinates": [[[[72.35045038, 34.21919731], [72.35050111, 34.21921266], [72.35051366, 34.2191843], [72.35046294, 34.21916895], [72.35045038, 34.21919731]]]]}, "properties": {"id": "Pakistan_123102310_462549", "height": 2.67969536781311, "hmax": 0.11, "ratio": 0.041, "vulnClass": "none"}}, {"type": "Feature", "geometry": {"type": "MultiPolygon", "coordinates": [[[[72.3503874, 34.21918341], [72.3501287, 34.21913008], [72.35011232, 34.21918437], [72.35046194, 34.21925644], [72.35047358, 34.21921781], [72.35038268, 34.21919906], [72.3503874, 34.21918341]]]]}, "properties": {"id": "Pakistan_123102310_637786", "height": 2.91530704498291, "hmax": 0.104, "ratio": 0.036, "vulnClass": "none"}}, {"type": "Feature", "geometry": {"type": "MultiPolygon", "coordinates": [[[[72.35029859, 34.21924164], [72.35023397, 34.2192266], [72.35021508, 34.21928208], [72.35027969, 34.21929713], [72.35029859, 34.21924164]]]]}, "properties": {"id": "Pakistan_123102310_490930", "height": 3.608162879943848, "hmax": 0.104, "ratio": 0.029, "vulnClass": "none"}}, {"type": "Feature", "geometry": {"type": "MultiPolygon", "coordinates": [[[[72.34989144, 34.21904925], [72.34993626, 34.21905413], [72.34994216, 34.21901707], [72.34989734, 34.21901219], [72.34989144, 34.21904925]]]]}, "properties": {"id": "Pakistan_123102310_111452", "height": 2.495098352432251, "hmax": 0.097, "ratio": 0.039, "vulnClass": "none"}}, {"type": "Feature", "geometry": {"type": "MultiPolygon", "coordinates": [[[[72.34998479, 34.21928231], [72.34984046, 34.21925824], [72.34985501, 34.21919857], [72.34980862, 34.21919083], [72.34977639, 34.21932297], [72.34996712, 34.21935477], [72.34998479, 34.21928231]]]]}, "properties": {"id": "Pakistan_123102310_358495", "height": 3.429724931716919, "hmax": 0.097, "ratio": 0.028, "vulnClass": "none"}}, {"type": "Feature", "geometry": {"type": "MultiPolygon", "coordinates": [[[[72.3496683, 34.21972975], [72.34998764, 34.21977584], [72.34999268, 34.21975197], [72.34995542, 34.2197357], [72.35004037, 34.21974796], [72.35004295, 34.21973573], [72.35010251, 34.21964246], [72.35010434, 34.21965219], [72.35013538, 34.21960358], [72.35009202, 34.21958464], [72.35006779, 34.21958115], [72.35002578, 34.21964694], [72.34998367, 34.21965235], [72.34997693, 34.2196165], [72.35001693, 34.21955384], [72.34990887, 34.21953825], [72.34986506, 34.21960687], [72.34985542, 34.21965252], [72.34979939, 34.21964443], [72.34978513, 34.21966677], [72.34968504, 34.21965232], [72.34971246, 34.21952235], [72.34970934, 34.21950575], [72.34974096, 34.21950168], [72.34974598, 34.21947792], [72.34972411, 34.21946837], [72.34963678, 34.21945577], [72.34961344, 34.21956632], [72.34962915, 34.21964986], [72.34966493, 34.21966548], [72.34966032, 34.2196873], [72.3496683, 34.21972975]]]]}, "properties": {"id": "Pakistan_123102310_860658", "height": 4.172185897827148, "hmax": 0.097, "ratio": 0.023, "vulnClass": "none"}}, {"type": "Feature", "geometry": {"type": "MultiPolygon", "coordinates": [[[[72.35010763, 34.21977059], [72.35036238, 34.21982905], [72.35034305, 34.21982905], [72.35047837, 34.2198601], [72.35052824, 34.2198601], [72.35052824, 34.21974735], [72.35044937, 34.21972925], [72.35040582, 34.21972925], [72.35037535, 34.21982002], [72.35037535, 34.21978006], [72.35039648, 34.21971711], [72.35028416, 34.21969134], [72.35028416, 34.21966936], [72.3502174, 34.21966936], [72.35014702, 34.21965321], [72.35010763, 34.21977059]]]]}, "properties": {"id": "Pakistan_123102310_287260", "height": 4.059103965759277, "hmax": 0.124, "ratio": 0.03, "vulnClass": "none"}}, {"type": "Feature", "geometry": {"type": "MultiPolygon", "coordinates": [[[[72.3504198, 34.21965117], [72.35035778, 34.21964118], [72.35034771, 34.21968392], [72.35040973, 34.21969391], [72.3504198, 34.21965117]]]]}, "properties": {"id": "Pakistan_123102310_178591", "height": 2.861352682113647, "hmax": 0.11, "ratio": 0.038, "vulnClass": "none"}}, {"type": "Feature", "geometry": {"type": "MultiPolygon", "coordinates": [[[[72.35055921, 34.2197463], [72.35067826, 34.21975789], [72.35069336, 34.21965178], [72.35061013, 34.21964368], [72.35060094, 34.21970822], [72.35056512, 34.21970473], [72.35055921, 34.2197463]]]]}, "properties": {"id": "Pakistan_123102310_628353", "height": 4.353842258453369, "hmax": 0.11, "ratio": 0.025, "vulnClass": "none"}}, {"type": "Feature", "geometry": {"type": "MultiPolygon", "coordinates": [[[[72.3505947, 34.21970634], [72.35061014, 34.2196195], [72.35048149, 34.21960386], [72.35047068, 34.21966465], [72.35042343, 34.2196589], [72.35041435, 34.21970992], [72.35055613, 34.21972715], [72.35056057, 34.21970219], [72.3505947, 34.21970634]]]]}, "properties": {"id": "Pakistan_123102310_514732", "height": 4.015778541564941, "hmax": 0.11, "ratio": 0.027, "vulnClass": "none"}}, {"type": "Feature", "geometry": {"type": "MultiPolygon", "coordinates": [[[[72.35054596, 34.21945895], [72.35049936, 34.21959558], [72.35064843, 34.21963035], [72.35067752, 34.21954508], [72.35072224, 34.2195555], [72.35073976, 34.21950414], [72.35054596, 34.21945895]]]]}, "properties": {"id": "Pakistan_123102310_931720", "height": 4.34408712387085, "hmax": 0.11, "ratio": 0.025, "vulnClass": "none"}}, {"type": "Feature", "geometry": {"type": "MultiPolygon", "coordinates": [[[[72.35053951, 34.21946803], [72.35035535, 34.21941823], [72.35030266, 34.21955147], [72.35038636, 34.2195741], [72.35041251, 34.21950799], [72.35046824, 34.21952306], [72.35044724, 34.21957615], [72.35049197, 34.21958825], [72.35053951, 34.21946803]]]]}, "properties": {"id": "Pakistan_123102310_794553", "height": 2.701292991638184, "hmax": 0.11, "ratio": 0.041, "vulnClass": "none"}}, {"type": "Feature", "geometry": {"type": "MultiPolygon", "coordinates": [[[[72.35012392, 34.21948989], [72.350224, 34.21951922], [72.35025863, 34.21943844], [72.35021574, 34.21942587], [72.35026936, 34.21930076], [72.35020847, 34.21928292], [72.35015528, 34.21940706], [72.35015896, 34.21940814], [72.35012392, 34.21948989]]]]}, "properties": {"id": "Pakistan_123102310_808822", "height": 2.982747077941895, "hmax": 0.097, "ratio": 0.033, "vulnClass": "none"}}, {"type": "Feature", "geometry": {"type": "MultiPolygon", "coordinates": [[[[72.35047812, 34.21926172], [72.35043597, 34.21941574], [72.35059278, 34.21944507], [72.35061269, 34.21937229], [72.35067532, 34.21938401], [72.35068139, 34.21936184], [72.35115344, 34.21945014], [72.35117826, 34.21935941], [72.35103652, 34.2193329], [72.35104893, 34.21928757], [72.35094572, 34.21926826], [72.35092724, 34.21933577], [72.35076139, 34.21930474], [72.35075879, 34.21931422], [72.35047812, 34.21926172]]]]}, "properties": {"id": "Pakistan_123102310_207111", "height": 3.504842519760132, "hmax": 0.11, "ratio": 0.031, "vulnClass": "none"}}, {"type": "Feature", "geometry": {"type": "MultiPolygon", "coordinates": [[[[72.35121015, 34.21952142], [72.35122036, 34.21946956], [72.351027, 34.21944354], [72.35101679, 34.21949539], [72.35121015, 34.21952142]]]]}, "properties": {"id": "Pakistan_123102310_443391", "height": 3.785535573959351, "hmax": 0.11, "ratio": 0.029, "vulnClass": "none"}}, {"type": "Feature", "geometry": {"type": "MultiPolygon", "coordinates": [[[[72.35074928, 34.21949808], [72.35083034, 34.2195184], [72.3508579, 34.21944325], [72.35077685, 34.21942293], [72.35074928, 34.21949808]]]]}, "properties": {"id": "Pakistan_123102310_262750", "height": 3.811217069625854, "hmax": 0.11, "ratio": 0.029, "vulnClass": "none"}}, {"type": "Feature", "geometry": {"type": "MultiPolygon", "coordinates": [[[[72.35077922, 34.21937583], [72.35076431, 34.21941149], [72.35086494, 34.21944025], [72.35087985, 34.21940459], [72.35077922, 34.21937583]]]]}, "properties": {"id": "Pakistan_123102310_685464", "height": 3.621345996856689, "hmax": 0.11, "ratio": 0.03, "vulnClass": "none"}}, {"type": "Feature", "geometry": {"type": "MultiPolygon", "coordinates": [[[[72.35075218, 34.21945453], [72.35068493, 34.21944385], [72.35067797, 34.2194738], [72.35074523, 34.21948448], [72.35075218, 34.21945453]]]]}, "properties": {"id": "Pakistan_123102310_789815", "height": 4.34408712387085, "hmax": 0.11, "ratio": 0.025, "vulnClass": "none"}}, {"type": "Feature", "geometry": {"type": "MultiPolygon", "coordinates": [[[[72.35075938, 34.21955763], [72.35087999, 34.21958354], [72.35089239, 34.21954407], [72.35077178, 34.21951816], [72.35075938, 34.21955763]]]]}, "properties": {"id": "Pakistan_123102310_931723", "height": 3.183043479919434, "hmax": 0.11, "ratio": 0.035, "vulnClass": "none"}}, {"type": "Feature", "geometry": {"type": "MultiPolygon", "coordinates": [[[[72.35094297, 34.21961839], [72.35075762, 34.21957162], [72.35072878, 34.21964974], [72.35091412, 34.21969653], [72.35094297, 34.21961839]]]]}, "properties": {"id": "Pakistan_123102310_495692", "height": 3.375642061233521, "hmax": 0.11, "ratio": 0.033, "vulnClass": "none"}}, {"type": "Feature", "geometry": {"type": "MultiPolygon", "coordinates": [[[[72.35083689, 34.21968962], [72.3508293, 34.2197421], [72.35089277, 34.21974838], [72.35090036, 34.2196959], [72.35083689, 34.21968962]]]]}, "properties": {"id": "Pakistan_123102310_827636", "height": 3.375642061233521, "hmax": 0.11, "ratio": 0.033, "vulnClass": "none"}}, {"type": "Feature", "geometry": {"type": "MultiPolygon", "coordinates": [[[[72.35101256, 34.21979585], [72.35088069, 34.21977478], [72.3508707, 34.21981754], [72.35121976, 34.21987332], [72.35124301, 34.21977385], [72.35130248, 34.21978335], [72.35131021, 34.21975026], [72.35115368, 34.21972525], [72.35116068, 34.21969532], [72.35111413, 34.21968788], [72.35110315, 34.21973492], [72.35102955, 34.21972316], [72.35101256, 34.21979585]]]]}, "properties": {"id": "Pakistan_123102310_490936", "height": 4.089876651763916, "hmax": 0.14, "ratio": 0.034, "vulnClass": "none"}}, {"type": "Feature", "geometry": {"type": "MultiPolygon", "coordinates": [[[[72.35106709, 34.21963592], [72.35118105, 34.21965369], [72.35118984, 34.21961514], [72.35107588, 34.21959737], [72.35106709, 34.21963592]]]]}, "properties": {"id": "Pakistan_123102310_766345", "height": 3.344836235046387, "hmax": 0.11, "ratio": 0.033, "vulnClass": "none"}}, {"type": "Feature", "geometry": {"type": "MultiPolygon", "coordinates": [[[[72.35092252, 34.21970604], [72.35103228, 34.21972649], [72.35106709, 34.21959876], [72.35095733, 34.21957832], [72.35092252, 34.21970604]]]]}, "properties": {"id": "Pakistan_123102310_585790", "height": 3.454725742340088, "hmax": 0.11, "ratio": 0.032, "vulnClass": "none"}}, {"type": "Feature", "geometry": {"type": "MultiPolygon", "coordinates": [[[[72.35104366, 34.21950603], [72.35097335, 34.21949948], [72.35096649, 34.21954985], [72.35103679, 34.2195564], [72.35104366, 34.21950603]]]]}, "properties": {"id": "Pakistan_123102310_292051", "height": 3.785535573959351, "hmax": 0.11, "ratio": 0.029, "vulnClass": "none"}}, {"type": "Feature", "geometry": {"type": "MultiPolygon", "coordinates": [[[[72.35117499, 34.21959679], [72.35124617, 34.21961517], [72.35122686, 34.21961462], [72.3514007, 34.2196595], [72.35142968, 34.21966032], [72.3515228, 34.21968436], [72.3515377, 34.2196449], [72.35143545, 34.21961851], [72.35143643, 34.21959515], [72.35139151, 34.21959386], [72.35134781, 34.21958258], [72.35128559, 34.21958081], [72.35128839, 34.21951401], [72.3512659, 34.21950821], [72.35116394, 34.21950529], [72.3511487, 34.21954565], [72.35119025, 34.21955637], [72.35117499, 34.21959679]]]]}, "properties": {"id": "Pakistan_123102310_244721", "height": 3.179651021957397, "hmax": 0.107, "ratio": 0.034, "vulnClass": "none"}}, {"type": "Feature", "geometry": {"type": "MultiPolygon", "coordinates": [[[[72.35116822, 34.21972624], [72.35128233, 34.219736], [72.35129056, 34.21967017], [72.35117645, 34.21966041], [72.35116822, 34.21972624]]]]}, "properties": {"id": "Pakistan_123102310_301594", "height": 3.542892456054688, "hmax": 0.11, "ratio": 0.031, "vulnClass": "none"}}, {"type": "Feature", "geometry": {"type": "MultiPolygon", "coordinates": [[[[72.35130569, 34.21978972], [72.35157854, 34.21983843], [72.35159846, 34.21976215], [72.35148313, 34.21974156], [72.35149641, 34.2196907], [72.35140415, 34.21967423], [72.35138202, 34.21975899], [72.35131676, 34.21974734], [72.35130569, 34.21978972]]]]}, "properties": {"id": "Pakistan_123102310_912867", "height": 4.81674861907959, "hmax": 0.122, "ratio": 0.025, "vulnClass": "none"}}, {"type": "Feature", "geometry": {"type": "MultiPolygon", "coordinates": [[[[72.35155878, 34.21958448], [72.35153791, 34.21968926], [72.35162409, 34.219701], [72.35163097, 34.21966646], [72.35169364, 34.21967499], [72.35170763, 34.21960475], [72.35155878, 34.21958448]]]]}, "properties": {"id": "Pakistan_123102310_197585", "height": 3.076448678970337, "hmax": 0.104, "ratio": 0.034, "vulnClass": "none"}}, {"type": "Feature", "geometry": {"type": "MultiPolygon", "coordinates": [[[[72.3515346, 34.21937672], [72.35134395, 34.21933523], [72.35129312, 34.21949495], [72.35148377, 34.21953643], [72.3515346, 34.21937672]]]]}, "properties": {"id": "Pakistan_123102310_500315", "height": 5.478654861450195, "hmax": 0.104, "ratio": 0.019, "vulnClass": "none"}}, {"type": "Feature", "geometry": {"type": "MultiPolygon", "coordinates": [[[[72.35171462, 34.21913926], [72.35168784, 34.21924199], [72.35139166, 34.21918923], [72.35137233, 34.21926341], [72.35190945, 34.21935909], [72.35193291, 34.21926909], [72.35188023, 34.21925971], [72.35190287, 34.21917281], [72.35171462, 34.21913926]]]]}, "properties": {"id": "Pakistan_123102310_766348", "height": 3.58408522605896, "hmax": 0.104, "ratio": 0.029, "vulnClass": "none"}}, {"type": "Feature", "geometry": {"type": "MultiPolygon", "coordinates": [[[[72.35162015, 34.2191051], [72.35164288, 34.21901359], [72.35153222, 34.21899479], [72.35150948, 34.21908629], [72.35162015, 34.2191051]]]]}, "properties": {"id": "Pakistan_123102310_26454", "height": 3.426396608352661, "hmax": 0.104, "ratio": 0.03, "vulnClass": "none"}}, {"type": "Feature", "geometry": {"type": "MultiPolygon", "coordinates": [[[[72.35078074, 34.2190446], [72.35096301, 34.21910687], [72.35102598, 34.21898086], [72.35084368, 34.21891859], [72.35078074, 34.2190446]]]]}, "properties": {"id": "Pakistan_123102310_533521", "height": 3.510767698287964, "hmax": 0.11, "ratio": 0.031, "vulnClass": "none"}}, {"type": "Feature", "geometry": {"type": "MultiPolygon", "coordinates": [[[[72.35068078, 34.21882322], [72.35064691, 34.2188889], [72.3507808, 34.21893612], [72.35081468, 34.21887044], [72.35068078, 34.21882322]]]]}, "properties": {"id": "Pakistan_123102310_358503", "height": 2.89438533782959, "hmax": 0.086, "ratio": 0.03, "vulnClass": "none"}}, {"type": "Feature", "geometry": {"type": "MultiPolygon", "coordinates": [[[[72.35124802, 34.21882757], [72.35126079, 34.21879557], [72.35110839, 34.21875399], [72.35107845, 34.21882903], [72.35133621, 34.21889937], [72.35135339, 34.21885632], [72.35124802, 34.21882757]]]]}, "properties": {"id": "Pakistan_123102310_884461", "height": 2.745353221893311, "hmax": 0.065, "ratio": 0.024, "vulnClass": "none"}}, {"type": "Feature", "geometry": {"type": "MultiPolygon", "coordinates": [[[[72.35112809, 34.21891833], [72.35117999, 34.21892619], [72.35118878, 34.21888654], [72.35113688, 34.21887867], [72.35112809, 34.21891833]]]]}, "properties": {"id": "Pakistan_123102310_150363", "height": 3.152969360351562, "hmax": 0.1, "ratio": 0.032, "vulnClass": "none"}}, {"type": "Feature", "geometry": {"type": "MultiPolygon", "coordinates": [[[[72.35108251, 34.21898284], [72.35115489, 34.21900593], [72.35118594, 34.21893935], [72.35111356, 34.21891627], [72.35108251, 34.21898284]]]]}, "properties": {"id": "Pakistan_123102310_273077", "height": 2.95425009727478, "hmax": 0.11, "ratio": 0.037, "vulnClass": "none"}}, {"type": "Feature", "geometry": {"type": "MultiPolygon", "coordinates": [[[[72.35118687, 34.2189613], [72.35117347, 34.21900743], [72.3515006, 34.2190724], [72.351514, 34.21902627], [72.35118687, 34.2189613]]]]}, "properties": {"id": "Pakistan_123102310_524204", "height": 3.117532968521118, "hmax": 0.107, "ratio": 0.034, "vulnClass": "none"}}, {"type": "Feature", "geometry": {"type": "MultiPolygon", "coordinates": [[[[72.35153265, 34.21894464], [72.35155428, 34.21888332], [72.35136395, 34.21883741], [72.35134232, 34.21889873], [72.35153265, 34.21894464]]]]}, "properties": {"id": "Pakistan_123102310_82670", "height": 2.685673952102661, "hmax": 0.077, "ratio": 0.029, "vulnClass": "none"}}, {"type": "Feature", "geometry": {"type": "MultiPolygon", "coordinates": [[[[72.35164411, 34.2189411], [72.35185855, 34.21899536], [72.35188257, 34.21893047], [72.35176239, 34.21890006], [72.3517785, 34.21885653], [72.3516755, 34.21883046], [72.35165373, 34.21888927], [72.35160116, 34.21887597], [72.35157228, 34.21895398], [72.3516336, 34.2189695], [72.35164411, 34.2189411]]]]}, "properties": {"id": "Pakistan_123102310_690194", "height": 4.05034351348877, "hmax": 0.09, "ratio": 0.022, "vulnClass": "none"}}, {"type": "Feature", "geometry": {"type": "MultiPolygon", "coordinates": [[[[72.35177696, 34.21889211], [72.35187296, 34.2188982], [72.35187612, 34.2188641], [72.35178013, 34.21885801], [72.35177696, 34.21889211]]]]}, "properties": {"id": "Pakistan_123102310_353814", "height": 2.838789463043213, "hmax": 0.06, "ratio": 0.021, "vulnClass": "none"}}, {"type": "Feature", "geometry": {"type": "MultiPolygon", "coordinates": [[[[72.35162218, 34.21911056], [72.35193592, 34.21916947], [72.35195877, 34.21908624], [72.35164504, 34.21902732], [72.35162218, 34.21911056]]]]}, "properties": {"id": "Pakistan_123102310_699688", "height": 3.100834369659424, "hmax": 0.104, "ratio": 0.034, "vulnClass": "none"}}, {"type": "Feature", "geometry": {"type": "MultiPolygon", "coordinates": [[[[72.35201423, 34.21929746], [72.35195369, 34.21929055], [72.3519726, 34.21917738], [72.35190534, 34.2191697], [72.35189061, 34.21925792], [72.35193535, 34.21926303], [72.3519179, 34.2193675], [72.35200094, 34.21937699], [72.35201423, 34.21929746]]]]}, "properties": {"id": "Pakistan_123102310_599865", "height": 3.667434215545654, "hmax": 0.104, "ratio": 0.028, "vulnClass": "none"}}, {"type": "Feature", "geometry": {"type": "MultiPolygon", "coordinates": [[[[72.35218394, 34.21924174], [72.35254544, 34.21928797], [72.35258169, 34.21909423], [72.3525293, 34.21908753], [72.35250804, 34.21920113], [72.35241112, 34.21918873], [72.35243603, 34.21905563], [72.35235483, 34.21904524], [72.35234469, 34.21909939], [72.35238253, 34.21910423], [72.35237141, 34.21916369], [72.35220259, 34.2191421], [72.35218394, 34.21924174]]]]}, "properties": {"id": "Pakistan_123102310_936480", "height": 4.286435604095459, "hmax": 0.077, "ratio": 0.018, "vulnClass": "none"}}, {"type": "Feature", "geometry": {"type": "MultiPolygon", "coordinates": [[[[72.35225767, 34.21886918], [72.35220066, 34.21885224], [72.35214348, 34.21898386], [72.3522005, 34.2190008], [72.35225767, 34.21886918]]]]}, "properties": {"id": "Pakistan_123102310_528800", "height": 3.773819923400879, "hmax": 0.086, "ratio": 0.023, "vulnClass": "none"}}, {"type": "Feature", "geometry": {"type": "MultiPolygon", "coordinates": [[[[72.35272265, 34.21894602], [72.35264272, 34.21893634], [72.3526131, 34.21910353], [72.35269304, 34.21911322], [72.35272265, 34.21894602]]]]}, "properties": {"id": "Pakistan_123102310_775752", "height": 2.477698802947998, "hmax": 0.027, "ratio": 0.011, "vulnClass": "none"}}, {"type": "Feature", "geometry": {"type": "MultiPolygon", "coordinates": [[[[72.35282008, 34.21891003], [72.35281581, 34.21896525], [72.35287725, 34.2189685], [72.35288152, 34.21891328], [72.35282008, 34.21891003]]]]}, "properties": {"id": "Pakistan_123102310_870261", "height": 3.996342420578003, "hmax": 0.029, "ratio": 0.007, "vulnClass": "none"}}, {"type": "Feature", "geometry": {"type": "MultiPolygon", "coordinates": [[[[72.35320819, 34.21896061], [72.35354708, 34.21900825], [72.35357279, 34.21888323], [72.35348529, 34.21887093], [72.35350371, 34.2187813], [72.35345679, 34.2187747], [72.35344235, 34.21884493], [72.35334851, 34.21883174], [72.35335825, 34.21878431], [72.35325398, 34.21876966], [72.35324404, 34.218818], [72.3532675, 34.2188213], [72.35325883, 34.21886349], [72.35322902, 34.2188593], [72.35320819, 34.21896061]]]]}, "properties": {"id": "Pakistan_123102310_382145", "height": 4.146035194396973, "hmax": 0.032, "ratio": 0.008, "vulnClass": "none"}}, {"type": "Feature", "geometry": {"type": "MultiPolygon", "coordinates": [[[[72.35269264, 34.21912725], [72.35309925, 34.21917765], [72.35311363, 34.21909833], [72.35270702, 34.21904795], [72.35269264, 34.21912725]]]]}, "properties": {"id": "Pakistan_123102310_704444", "height": 2.477698802947998, "hmax": 0.027, "ratio": 0.011, "vulnClass": "none"}}, {"type": "Feature", "geometry": {"type": "MultiPolygon", "coordinates": [[[[72.35260709, 34.21933684], [72.35290561, 34.21939741], [72.35292762, 34.21932328], [72.35276065, 34.2192894], [72.35275168, 34.2193196], [72.35262013, 34.21929291], [72.35260709, 34.21933684]]]]}, "properties": {"id": "Pakistan_123102310_234436", "height": 2.78144907951355, "hmax": 0.027, "ratio": 0.01, "vulnClass": "none"}}, {"type": "Feature", "geometry": {"type": "MultiPolygon", "coordinates": [[[[72.35162695, 34.2196823], [72.35160042, 34.21975558], [72.35160895, 34.21975769], [72.35158095, 34.21983504], [72.35168187, 34.21986002], [72.3517364, 34.2197094], [72.35162695, 34.2196823]]]]}, "properties": {"id": "Pakistan_123102310_55881", "height": 3.003413915634155, "hmax": 0.132, "ratio": 0.044, "vulnClass": "none"}}, {"type": "Feature", "geometry": {"type": "MultiPolygon", "coordinates": [[[[72.35173405, 34.21974946], [72.35171574, 34.2198158], [72.35179732, 34.21983119], [72.35181563, 34.21976486], [72.35173405, 34.21974946]]]]}, "properties": {"id": "Pakistan_123102310_789825", "height": 3.086614608764648, "hmax": 0.13, "ratio": 0.042, "vulnClass": "none"}}, {"type": "Feature", "geometry": {"type": "MultiPolygon", "coordinates": [[[[72.35173055, 34.21991543], [72.35185196, 34.21993509], [72.35186258, 34.21989023], [72.35174117, 34.21987058], [72.35173055, 34.21991543]]]]}, "properties": {"id": "Pakistan_123102310_718854", "height": 3.192826509475708, "hmax": 0.202, "ratio": 0.063, "vulnClass": "low"}}, {"type": "Feature", "geometry": {"type": "MultiPolygon", "coordinates": [[[[72.35236001, 34.21998339], [72.35227277, 34.21996349], [72.35225833, 34.22000676], [72.35234556, 34.22002667], [72.35236001, 34.21998339]]]]}, "properties": {"id": "Pakistan_123102310_320742", "height": 4.119274139404297, "hmax": 0.202, "ratio": 0.049, "vulnClass": "none"}}, {"type": "Feature", "geometry": {"type": "MultiPolygon", "coordinates": [[[[72.35229448, 34.22017047], [72.35253514, 34.2202139], [72.35255581, 34.22013557], [72.35231515, 34.22009214], [72.35229448, 34.22017047]]]]}, "properties": {"id": "Pakistan_123102310_680759", "height": 4.068272590637207, "hmax": 0.105, "ratio": 0.026, "vulnClass": "none"}}, {"type": "Feature", "geometry": {"type": "MultiPolygon", "coordinates": [[[[72.35219928, 34.22010715], [72.35219312, 34.22015765], [72.35229274, 34.22016597], [72.35229892, 34.22011548], [72.35219928, 34.22010715]]]]}, "properties": {"id": "Pakistan_123102310_656803", "height": 3.967528581619263, "hmax": 0.202, "ratio": 0.051, "vulnClass": "low"}}, {"type": "Feature", "geometry": {"type": "MultiPolygon", "coordinates": [[[[72.35189024, 34.22018638], [72.35182465, 34.22017826], [72.35181837, 34.22021297], [72.35188396, 34.22022109], [72.35189024, 34.22018638]]]]}, "properties": {"id": "Pakistan_123102310_139984", "height": 2.875261783599854, "hmax": 0.202, "ratio": 0.07, "vulnClass": "low"}}, {"type": "Feature", "geometry": {"type": "MultiPolygon", "coordinates": [[[[72.35213998, 34.22018305], [72.35204754, 34.22016994], [72.35205871, 34.22011608], [72.3519427, 34.22009964], [72.35192215, 34.22019875], [72.35196645, 34.22020503], [72.35197895, 34.2201447], [72.35202982, 34.22015191], [72.35201508, 34.22022301], [72.35207105, 34.22023094], [72.35206167, 34.22027619], [72.35211899, 34.22028431], [72.35213998, 34.22018305]]]]}, "properties": {"id": "Pakistan_123102310_215412", "height": 3.278103113174438, "hmax": 0.202, "ratio": 0.062, "vulnClass": "low"}}, {"type": "Feature", "geometry": {"type": "MultiPolygon", "coordinates": [[[[72.35212626, 34.21998447], [72.35211122, 34.22005548], [72.35196549, 34.22003437], [72.35195546, 34.22008171], [72.3521883, 34.22011544], [72.35221337, 34.21999709], [72.35212626, 34.21998447]]]]}, "properties": {"id": "Pakistan_123102310_429282", "height": 3.123768329620361, "hmax": 0.202, "ratio": 0.065, "vulnClass": "low"}}, {"type": "Feature", "geometry": {"type": "MultiPolygon", "coordinates": [[[[72.3519901, 34.22045194], [72.35197619, 34.22049893], [72.35184966, 34.22047332], [72.35181187, 34.22060096], [72.35200548, 34.22064015], [72.35205719, 34.22046552], [72.3519901, 34.22045194]]]]}, "properties": {"id": "Pakistan_123102310_495701", "height": 3.798304319381714, "hmax": 0.202, "ratio": 0.053, "vulnClass": "low"}}, {"type": "Feature", "geometry": {"type": "MultiPolygon", "coordinates": [[[[72.35174063, 34.22046826], [72.35183741, 34.2204867], [72.35184798, 34.2204488], [72.3517512, 34.22043035], [72.35174063, 34.22046826]]]]}, "properties": {"id": "Pakistan_123102310_443397", "height": 4.127019882202148, "hmax": 0.202, "ratio": 0.049, "vulnClass": "none"}}, {"type": "Feature", "geometry": {"type": "MultiPolygon", "coordinates": [[[[72.35182948, 34.22072959], [72.35176161, 34.22069311], [72.35173097, 34.22073208], [72.35179884, 34.22076857], [72.35182948, 34.22072959]]]]}, "properties": {"id": "Pakistan_123102310_865496", "height": 3.029801845550537, "hmax": 0.273, "ratio": 0.09, "vulnClass": "low"}}, {"type": "Feature", "geometry": {"type": "MultiPolygon", "coordinates": [[[[72.35192821, 34.22062654], [72.35180683, 34.22060181], [72.35178627, 34.2206708], [72.35190764, 34.22069554], [72.35192821, 34.22062654]]]]}, "properties": {"id": "Pakistan_123102310_609277", "height": 3.220718622207642, "hmax": 0.202, "ratio": 0.063, "vulnClass": "low"}}, {"type": "Feature", "geometry": {"type": "MultiPolygon", "coordinates": [[[[72.35369604, 34.22017298], [72.35370762, 34.2200898], [72.35351437, 34.22007142], [72.3535028, 34.2201546], [72.35369604, 34.22017298]]]]}, "properties": {"id": "Pakistan_123102310_103189", "height": 2.459388732910156, "hmax": 0.025, "ratio": 0.01, "vulnClass": "none"}}, {"type": "Feature", "geometry": {"type": "MultiPolygon", "coordinates": [[[[72.35323572, 34.21999329], [72.35294718, 34.2199658], [72.35293438, 34.22005773], [72.35322291, 34.22008522], [72.35323572, 34.21999329]]]]}, "properties": {"id": "Pakistan_123102310_26478", "height": 3.843429327011108, "hmax": 0.045, "ratio": 0.012, "vulnClass": "none"}}, {"type": "Feature", "geometry": {"type": "MultiPolygon", "coordinates": [[[[72.35350639, 34.22001085], [72.35351704, 34.21996141], [72.35325706, 34.21992313], [72.35324641, 34.21997258], [72.35350639, 34.22001085]]]]}, "properties": {"id": "Pakistan_123102310_150419", "height": 2.569177150726318, "hmax": 0.043, "ratio": 0.017, "vulnClass": "none"}}, {"type": "Feature", "geometry": {"type": "MultiPolygon", "coordinates": [[[[72.35427296, 34.22050515], [72.35438111, 34.22051093], [72.35438725, 34.2204323], [72.35427911, 34.22042652], [72.35427296, 34.22050515]]]]}, "properties": {"id": "Pakistan_123102310_65211", "height": 4.000656127929688, "hmax": 0.025, "ratio": 0.006, "vulnClass": "none"}}, {"type": "Feature", "geometry": {"type": "MultiPolygon", "coordinates": [[[[72.35467932, 34.22036283], [72.35429664, 34.22030773], [72.35427697, 34.22040116], [72.35465966, 34.22045624], [72.35467932, 34.22036283]]]]}, "properties": {"id": "Pakistan_123102310_55935", "height": 5.276712894439697, "hmax": 0.024, "ratio": 0.005, "vulnClass": "none"}}, {"type": "Feature", "geometry": {"type": "MultiPolygon", "coordinates": [[[[72.35742176, 34.21906986], [72.35740758, 34.21913426], [72.3575322, 34.21915301], [72.35754638, 34.21908861], [72.35742176, 34.21906986]]]]}, "properties": {"id": "Pakistan_123102310_7530", "height": 2.923174858093262, "hmax": 0.019, "ratio": 0.007, "vulnClass": "none"}}, {"type": "Feature", "geometry": {"type": "MultiPolygon", "coordinates": [[[[72.35758543, 34.2190507], [72.35758995, 34.21901113], [72.35727358, 34.21898645], [72.35725753, 34.21912715], [72.35739843, 34.21913814], [72.35740997, 34.21903702], [72.35758543, 34.2190507]]]]}, "properties": {"id": "Pakistan_123102310_671235", "height": 3.445708274841309, "hmax": 0.017, "ratio": 0.005, "vulnClass": "none"}}, {"type": "Feature", "geometry": {"type": "MultiPolygon", "coordinates": [[[[72.35786562, 34.21893157], [72.35755979, 34.21890818], [72.35754945, 34.21900054], [72.35810379, 34.21904295], [72.35811363, 34.21895498], [72.35790768, 34.21893923], [72.3579158, 34.21886666], [72.35787325, 34.2188634], [72.35786562, 34.21893157]]]]}, "properties": {"id": "Pakistan_123102310_599918", "height": 3.515182018280029, "hmax": 0.015, "ratio": 0.004, "vulnClass": "none"}}, {"type": "Feature", "geometry": {"type": "MultiPolygon", "coordinates": [[[[72.35857169, 34.2188408], [72.35857954, 34.21878388], [72.35853339, 34.21877952], [72.35852552, 34.21883644], [72.35857169, 34.2188408]]]]}, "properties": {"id": "Pakistan_123102310_837193", "height": 2.829027652740479, "hmax": 0.02, "ratio": 0.007, "vulnClass": "none"}}, {"type": "Feature", "geometry": {"type": "MultiPolygon", "coordinates": [[[[72.35890952, 34.21921765], [72.35921859, 34.21922875], [72.35922487, 34.21910921], [72.35909637, 34.2191046], [72.35909364, 34.21915648], [72.35904277, 34.21915465], [72.35904422, 34.21912712], [72.35901745, 34.21912616], [72.35901884, 34.21909959], [72.35891593, 34.21909589], [72.35890952, 34.21921765]]]]}, "properties": {"id": "Pakistan_123102310_599929", "height": 3.380010604858398, "hmax": 0.023, "ratio": 0.007, "vulnClass": "none"}}, {"type": "Feature", "geometry": {"type": "MultiPolygon", "coordinates": [[[[72.3590392, 34.21939683], [72.35949799, 34.21941725], [72.3595003, 34.21938187], [72.35944948, 34.2193796], [72.3594517, 34.21934544], [72.35904372, 34.21932731], [72.3590392, 34.21939683]]]]}, "properties": {"id": "Pakistan_123102310_676077", "height": 4.137667179107666, "hmax": 0.024, "ratio": 0.006, "vulnClass": "none"}}, {"type": "Feature", "geometry": {"type": "MultiPolygon", "coordinates": [[[[72.35901227, 34.21928945], [72.35901038, 34.21933028], [72.35906395, 34.21933197], [72.35906584, 34.21929114], [72.35901227, 34.21928945]]]]}, "properties": {"id": "Pakistan_123102310_92460", "height": 4.032546520233154, "hmax": 0.024, "ratio": 0.006, "vulnClass": "none"}}, {"type": "Feature", "geometry": {"type": "MultiPolygon", "coordinates": [[[[72.35905631, 34.2192489], [72.35905714, 34.21927231], [72.35911757, 34.21927085], [72.35911675, 34.21924745], [72.35905631, 34.2192489]]]]}, "properties": {"id": "Pakistan_123102310_74733", "height": 3.151991367340088, "hmax": 0.024, "ratio": 0.008, "vulnClass": "none"}}, {"type": "Feature", "geometry": {"type": "MultiPolygon", "coordinates": [[[[72.35931862, 34.21948027], [72.35946858, 34.2194853], [72.35947049, 34.21944644], [72.35932053, 34.21944139], [72.35931862, 34.21948027]]]]}, "properties": {"id": "Pakistan_123102310_112591", "height": 3.200702667236328, "hmax": 0.024, "ratio": 0.007, "vulnClass": "none"}}, {"type": "Feature", "geometry": {"type": "MultiPolygon", "coordinates": [[[[72.35939446, 34.21952121], [72.35921371, 34.21951404], [72.35921082, 34.21956395], [72.35920424, 34.21956369], [72.35920174, 34.21960671], [72.35932216, 34.21961149], [72.35931599, 34.21971771], [72.35942571, 34.21972206], [72.35942975, 34.21965248], [72.35938694, 34.21965078], [72.35939446, 34.21952121]]]]}, "properties": {"id": "Pakistan_123102310_505185", "height": 4.597233295440674, "hmax": 0.024, "ratio": 0.005, "vulnClass": "none"}}, {"type": "Feature", "geometry": {"type": "MultiPolygon", "coordinates": [[[[72.35856183, 34.21970255], [72.35856513, 34.21957176], [72.35836941, 34.21956837], [72.35836611, 34.21969917], [72.35856183, 34.21970255]]]]}, "properties": {"id": "Pakistan_123102310_273217", "height": 4.899312973022461, "hmax": 0.016, "ratio": 0.003, "vulnClass": "none"}}, {"type": "Feature", "geometry": {"type": "MultiPolygon", "coordinates": [[[[72.35760714, 34.2195014], [72.35813865, 34.21953812], [72.35814734, 34.21945222], [72.35784635, 34.21943143], [72.35785838, 34.21931249], [72.35773972, 34.21930429], [72.35772881, 34.21941222], [72.35761694, 34.21940448], [72.35760714, 34.2195014]]]]}, "properties": {"id": "Pakistan_123102310_177942", "height": 4.184647560119629, "hmax": 0.018, "ratio": 0.004, "vulnClass": "none"}}, {"type": "Feature", "geometry": {"type": "MultiPolygon", "coordinates": [[[[72.35830159, 34.2201011], [72.35837331, 34.22010698], [72.35837647, 34.22008062], [72.35830475, 34.22007475], [72.35830159, 34.2201011]]]]}, "properties": {"id": "Pakistan_123102310_581080", "height": 2.643543004989624, "hmax": 0.03, "ratio": 0.011, "vulnClass": "none"}}, {"type": "Feature", "geometry": {"type": "MultiPolygon", "coordinates": [[[[72.35830288, 34.22000013], [72.35821461, 34.21999638], [72.3582084, 34.22009592], [72.35829668, 34.22009968], [72.35830288, 34.22000013]]]]}, "properties": {"id": "Pakistan_123102310_903503", "height": 3.863977193832397, "hmax": 0.03, "ratio": 0.008, "vulnClass": "none"}}, {"type": "Feature", "geometry": {"type": "MultiPolygon", "coordinates": [[[[72.35800686, 34.21992597], [72.35822732, 34.21995299], [72.35825634, 34.21979113], [72.35803588, 34.2197641], [72.35800686, 34.21992597]]]]}, "properties": {"id": "Pakistan_123102310_188135", "height": 6.597060203552246, "hmax": 0.016, "ratio": 0.002, "vulnClass": "none"}}, {"type": "Feature", "geometry": {"type": "MultiPolygon", "coordinates": [[[[72.35871989, 34.2199636], [72.3587208, 34.22000573], [72.35881197, 34.22000438], [72.35881106, 34.21996226], [72.35871989, 34.2199636]]]]}, "properties": {"id": "Pakistan_123102310_82776", "height": 3.816359996795654, "hmax": 0.03, "ratio": 0.008, "vulnClass": "none"}}, {"type": "Feature", "geometry": {"type": "MultiPolygon", "coordinates": [[[[72.35870059, 34.21973327], [72.35868974, 34.21995152], [72.35879685, 34.21995516], [72.35880769, 34.21973691], [72.35870059, 34.21973327]]]]}, "properties": {"id": "Pakistan_123102310_457781", "height": 4.869423866271973, "hmax": 0.016, "ratio": 0.003, "vulnClass": "none"}}, {"type": "Feature", "geometry": {"type": "MultiPolygon", "coordinates": [[[[72.35904512, 34.21987891], [72.35904929, 34.21981701], [72.35894376, 34.21981214], [72.35893958, 34.21987405], [72.35904512, 34.21987891]]]]}, "properties": {"id": "Pakistan_123102310_306517", "height": 2.918380737304688, "hmax": 0.024, "ratio": 0.008, "vulnClass": "none"}}, {"type": "Feature", "geometry": {"type": "MultiPolygon", "coordinates": [[[[72.35965982, 34.21974809], [72.35933936, 34.21975404], [72.35934165, 34.21983828], [72.3596621, 34.21983233], [72.35965982, 34.21974809]]]]}, "properties": {"id": "Pakistan_123102310_177982", "height": 4.016922950744629, "hmax": 0.024, "ratio": 0.006, "vulnClass": "none"}}, {"type": "Feature", "geometry": {"type": "MultiPolygon", "coordinates": [[[[72.35892263, 34.21996286], [72.35900528, 34.21997625], [72.35902249, 34.21990363], [72.35893984, 34.21989024], [72.35892263, 34.21996286]]]]}, "properties": {"id": "Pakistan_123102310_822977", "height": 3.800948619842529, "hmax": 0.024, "ratio": 0.006, "vulnClass": "none"}}, {"type": "Feature", "geometry": {"type": "MultiPolygon", "coordinates": [[[[72.35919306, 34.22013656], [72.35913409, 34.22013541], [72.35913036, 34.2202662], [72.35928316, 34.22026918], [72.35928847, 34.22008298], [72.35919464, 34.22008115], [72.35919306, 34.22013656]]]]}, "properties": {"id": "Pakistan_123102310_349197", "height": 3.626106739044189, "hmax": 0.022, "ratio": 0.006, "vulnClass": "none"}}, {"type": "Feature", "geometry": {"type": "MultiPolygon", "coordinates": [[[[72.35867806, 34.22003222], [72.35858506, 34.22001716], [72.35856078, 34.22011969], [72.35875968, 34.2201519], [72.35876294, 34.22013816], [72.35865703, 34.22012102], [72.35867806, 34.22003222]]]]}, "properties": {"id": "Pakistan_123102310_813543", "height": 3.546703100204468, "hmax": 0.03, "ratio": 0.009, "vulnClass": "none"}}, {"type": "Feature", "geometry": {"type": "MultiPolygon", "coordinates": [[[[72.35887976, 34.22048676], [72.35849073, 34.22045439], [72.35847897, 34.22055099], [72.35897551, 34.22059232], [72.35896738, 34.22065914], [72.35913997, 34.22067351], [72.35915173, 34.22057691], [72.35907207, 34.22057027], [72.35907673, 34.22053199], [72.35887629, 34.22051531], [72.35887976, 34.22048676]]]]}, "properties": {"id": "Pakistan_123102310_281794", "height": 3.604144096374512, "hmax": 0.026, "ratio": 0.007, "vulnClass": "none"}}, {"type": "Feature", "geometry": {"type": "MultiPolygon", "coordinates": [[[[72.35750878, 34.22062842], [72.35770485, 34.22064029], [72.35771441, 34.2205322], [72.35762507, 34.22052679], [72.35762761, 34.22049811], [72.3572621, 34.22047598], [72.35725956, 34.22050466], [72.35729555, 34.22050684], [72.3572813, 34.22066788], [72.35742537, 34.2206766], [72.35742935, 34.22063161], [72.35738802, 34.22062911], [72.35739701, 34.22052763], [72.35751706, 34.22053489], [72.35750878, 34.22062842]]]]}, "properties": {"id": "Pakistan_123102310_462627", "height": 7.402435302734375, "hmax": 0.046, "ratio": 0.006, "vulnClass": "none"}}, {"type": "Feature", "geometry": {"type": "MultiPolygon", "coordinates": [[[[72.35709958, 34.22066887], [72.35709823, 34.22064901], [72.35714403, 34.22051343], [72.35714335, 34.22050343], [72.35715522, 34.22046829], [72.35711253, 34.22045843], [72.35707734, 34.22046006], [72.35707692, 34.22045392], [72.35699544, 34.2206952], [72.35699704, 34.22071884], [72.35726175, 34.22070656], [72.35725869, 34.22066148], [72.35709958, 34.22066887]]]]}, "properties": {"id": "Pakistan_123102310_827695", "height": 6.021781921386719, "hmax": 0.046, "ratio": 0.008, "vulnClass": "none"}}, {"type": "Feature", "geometry": {"type": "MultiPolygon", "coordinates": [[[[72.35700706, 34.21982088], [72.35700271, 34.21989611], [72.35709905, 34.21989992], [72.3571034, 34.21982469], [72.35700706, 34.21982088]]]]}, "properties": {"id": "Pakistan_123102310_405834", "height": 3.584662914276123, "hmax": 0.019, "ratio": 0.005, "vulnClass": "none"}}, {"type": "Feature", "geometry": {"type": "MultiPolygon", "coordinates": [[[[72.35607946, 34.22054057], [72.35673362, 34.22060167], [72.35674289, 34.22053378], [72.35608873, 34.22047268], [72.35607946, 34.22054057]]]]}, "properties": {"id": "Pakistan_123102310_856077", "height": 4.43669319152832, "hmax": 0.05, "ratio": 0.011, "vulnClass": "none"}}, {"type": "Feature", "geometry": {"type": "MultiPolygon", "coordinates": [[[[72.35596488, 34.220957], [72.35578839, 34.22093355], [72.35577425, 34.22100627], [72.35595075, 34.22102973], [72.35596488, 34.220957]]]]}, "properties": {"id": "Pakistan_123102310_898708", "height": 3.945426940917969, "hmax": 0.051, "ratio": 0.013, "vulnClass": "none"}}, {"type": "Feature", "geometry": {"type": "MultiPolygon", "coordinates": [[[[72.35604479, 34.22099278], [72.35609237, 34.22099755], [72.35609686, 34.22096695], [72.35604928, 34.22096218], [72.35604479, 34.22099278]]]]}, "properties": {"id": "Pakistan_123102310_898710", "height": 3.497119188308716, "hmax": 0.051, "ratio": 0.015, "vulnClass": "none"}}, {"type": "Feature", "geometry": {"type": "MultiPolygon", "coordinates": [[[[72.35617841, 34.22103724], [72.35633668, 34.22106905], [72.35635269, 34.2210146], [72.35619441, 34.22098279], [72.35617841, 34.22103724]]]]}, "properties": {"id": "Pakistan_123102310_65243", "height": 3.239441871643066, "hmax": 0.051, "ratio": 0.016, "vulnClass": "none"}}, {"type": "Feature", "geometry": {"type": "MultiPolygon", "coordinates": [[[[72.35644627, 34.22142719], [72.35562751, 34.22136299], [72.35561995, 34.22142893], [72.3564387, 34.22149313], [72.35644627, 34.22142719]]]]}, "properties": {"id": "Pakistan_123102310_462608", "height": 2.691089153289795, "hmax": 0.051, "ratio": 0.019, "vulnClass": "none"}}, {"type": "Feature", "geometry": {"type": "MultiPolygon", "coordinates": [[[[72.35570804, 34.22144124], [72.35549984, 34.22142276], [72.35549282, 34.22147676], [72.35558435, 34.22148489], [72.35557457, 34.22156025], [72.35569124, 34.2215706], [72.35570804, 34.22144124]]]]}, "properties": {"id": "Pakistan_123102310_169383", "height": 2.998183727264404, "hmax": 0.046, "ratio": 0.015, "vulnClass": "none"}}, {"type": "Feature", "geometry": {"type": "MultiPolygon", "coordinates": [[[[72.35592724, 34.22162901], [72.35578974, 34.22160807], [72.35582049, 34.22147001], [72.35577379, 34.2214629], [72.35572411, 34.22168599], [72.3559083, 34.22171404], [72.35592724, 34.22162901]]]]}, "properties": {"id": "Pakistan_123102310_272098", "height": 3.159580945968628, "hmax": 0.051, "ratio": 0.016, "vulnClass": "none"}}, {"type": "Feature", "geometry": {"type": "MultiPolygon", "coordinates": [[[[72.35616713, 34.22164838], [72.35643575, 34.22166887], [72.35644385, 34.22159629], [72.35617523, 34.22157581], [72.35616713, 34.22164838]]]]}, "properties": {"id": "Pakistan_123102310_254285", "height": 3.732139110565186, "hmax": 0.051, "ratio": 0.014, "vulnClass": "none"}}, {"type": "Feature", "geometry": {"type": "MultiPolygon", "coordinates": [[[[72.35690007, 34.22141868], [72.35661, 34.22138725], [72.35659929, 34.22145484], [72.35688936, 34.22148627], [72.35690007, 34.22141868]]]]}, "properties": {"id": "Pakistan_123102310_561966", "height": 3.83331298828125, "hmax": 0.034, "ratio": 0.009, "vulnClass": "none"}}, {"type": "Feature", "geometry": {"type": "MultiPolygon", "coordinates": [[[[72.35748511, 34.22088154], [72.35869791, 34.22096766], [72.35870432, 34.22090602], [72.3586271, 34.22090053], [72.3586287, 34.22088512], [72.3585435, 34.22087907], [72.3585506, 34.22081082], [72.35834424, 34.22079617], [72.35833784, 34.22085781], [72.3580343, 34.22083626], [72.35802996, 34.22087809], [72.35798603, 34.22087497], [72.35799074, 34.22082964], [72.35802934, 34.22083238], [72.35803332, 34.22079405], [72.35793215, 34.22078687], [72.35793169, 34.22079127], [72.35787577, 34.2207873], [72.35787349, 34.22080932], [72.35795337, 34.22081499], [72.35794756, 34.22087093], [72.35789963, 34.22086752], [72.35790407, 34.22082479], [72.35783484, 34.22081988], [72.35784444, 34.22072741], [72.35750363, 34.22070321], [72.35748511, 34.22088154]]]]}, "properties": {"id": "Pakistan_123102310_723681", "height": 4.709407806396484, "hmax": 0.026, "ratio": 0.006, "vulnClass": "none"}}, {"type": "Feature", "geometry": {"type": "MultiPolygon", "coordinates": [[[[72.35864623, 34.22119742], [72.35866138, 34.22111732], [72.35847811, 34.22109361], [72.35850022, 34.22097671], [72.35842692, 34.22096723], [72.35838965, 34.22116423], [72.35864623, 34.22119742]]]]}, "properties": {"id": "Pakistan_123102310_576413", "height": 4.10853099822998, "hmax": 0.015, "ratio": 0.004, "vulnClass": "none"}}, {"type": "Feature", "geometry": {"type": "MultiPolygon", "coordinates": [[[[72.35887246, 34.22097004], [72.35898837, 34.22098296], [72.3590111, 34.22084355], [72.35870552, 34.22080949], [72.35869415, 34.22087919], [72.35888383, 34.22090033], [72.35887246, 34.22097004]]]]}, "properties": {"id": "Pakistan_123102310_235521", "height": 2.981594324111938, "hmax": 0.019, "ratio": 0.006, "vulnClass": "none"}}, {"type": "Feature", "geometry": {"type": "MultiPolygon", "coordinates": [[[[72.35919072, 34.22099865], [72.35954, 34.22102098], [72.35955175, 34.22089532], [72.35942377, 34.22088713], [72.35942274, 34.22089816], [72.35924277, 34.22088665], [72.35923637, 34.22095499], [72.35919505, 34.22095235], [72.35919072, 34.22099865]]]]}, "properties": {"id": "Pakistan_123102310_54464", "height": 3.474531650543213, "hmax": 0.014, "ratio": 0.004, "vulnClass": "none"}}, {"type": "Feature", "geometry": {"type": "MultiPolygon", "coordinates": [[[[72.35918559, 34.2210006], [72.35918787, 34.22096619], [72.3590087, 34.22095806], [72.35900642, 34.22099248], [72.35918559, 34.2210006]]]]}, "properties": {"id": "Pakistan_123102310_311271", "height": 2.570388555526733, "hmax": 0.014, "ratio": 0.005, "vulnClass": "none"}}, {"type": "Feature", "geometry": {"type": "MultiPolygon", "coordinates": [[[[72.35901028, 34.22099863], [72.35900832, 34.22103627], [72.35917966, 34.22104236], [72.35918162, 34.22100473], [72.35901028, 34.22099863]]]]}, "properties": {"id": "Pakistan_123102310_358594", "height": 3.036299467086792, "hmax": 0.014, "ratio": 0.005, "vulnClass": "none"}}, {"type": "Feature", "geometry": {"type": "MultiPolygon", "coordinates": [[[[72.35878396, 34.22121437], [72.3594269, 34.22128116], [72.35943884, 34.22120256], [72.3587959, 34.22113577], [72.35878396, 34.22121437]]]]}, "properties": {"id": "Pakistan_123102310_382202", "height": 3.507243633270264, "hmax": 0.014, "ratio": 0.004, "vulnClass": "none"}}, {"type": "Feature", "geometry": {"type": "MultiPolygon", "coordinates": [[[[72.3588302, 34.22101126], [72.35881841, 34.22105569], [72.35889132, 34.22106893], [72.35890312, 34.2210245], [72.3588302, 34.22101126]]]]}, "properties": {"id": "Pakistan_123102310_889205", "height": 2.451988220214844, "hmax": 0.015, "ratio": 0.006, "vulnClass": "none"}}, {"type": "Feature", "geometry": {"type": "MultiPolygon", "coordinates": [[[[72.35880957, 34.22105248], [72.35874288, 34.22105655], [72.35874938, 34.22112934], [72.35881607, 34.22112527], [72.35880957, 34.22105248]]]]}, "properties": {"id": "Pakistan_123102310_481635", "height": 2.451988220214844, "hmax": 0.015, "ratio": 0.006, "vulnClass": "none"}}, {"type": "Feature", "geometry": {"type": "MultiPolygon", "coordinates": [[[[72.35920309, 34.2221331], [72.35918599, 34.22222305], [72.35928808, 34.2222363], [72.35930517, 34.22214636], [72.35920309, 34.2221331]]]]}, "properties": {"id": "Pakistan_123102310_272196", "height": 2.991842269897461, "hmax": 0.017, "ratio": 0.006, "vulnClass": "none"}}, {"type": "Feature", "geometry": {"type": "MultiPolygon", "coordinates": [[[[72.35725826, 34.22253793], [72.35725024, 34.22257212], [72.3572916, 34.22257876], [72.35729962, 34.22254456], [72.35725826, 34.22253793]]]]}, "properties": {"id": "Pakistan_123102310_651993", "height": 3.413768529891968, "hmax": 0.018, "ratio": 0.005, "vulnClass": "none"}}, {"type": "Feature", "geometry": {"type": "MultiPolygon", "coordinates": [[[[72.35712353, 34.22233739], [72.35737065, 34.22236646], [72.35738936, 34.22225777], [72.3573657, 34.22225499], [72.35735971, 34.22228977], [72.35713625, 34.22226348], [72.35712353, 34.22233739]]]]}, "properties": {"id": "Pakistan_123102310_339640", "height": 2.56174898147583, "hmax": 0.018, "ratio": 0.007, "vulnClass": "none"}}, {"type": "Feature", "geometry": {"type": "MultiPolygon", "coordinates": [[[[72.35727552, 34.22245563], [72.35733664, 34.2224746], [72.35735728, 34.22242913], [72.35729616, 34.22241016], [72.35727552, 34.22245563]]]]}, "properties": {"id": "Pakistan_123102310_353859", "height": 3.324526786804199, "hmax": 0.018, "ratio": 0.005, "vulnClass": "none"}}, {"type": "Feature", "geometry": {"type": "MultiPolygon", "coordinates": [[[[72.35723429, 34.22206532], [72.35744723, 34.22210287], [72.3574631, 34.22204135], [72.35725016, 34.2220038], [72.35723429, 34.22206532]]]]}, "properties": {"id": "Pakistan_123102310_216589", "height": 2.789227485656738, "hmax": 0.018, "ratio": 0.007, "vulnClass": "none"}}, {"type": "Feature", "geometry": {"type": "MultiPolygon", "coordinates": [[[[72.35712007, 34.22172389], [72.35696569, 34.22170736], [72.35695201, 34.2217946], [72.35704961, 34.22180506], [72.35703867, 34.22187486], [72.35709547, 34.22188094], [72.35712007, 34.22172389]]]]}, "properties": {"id": "Pakistan_123102310_780507", "height": 2.535525560379028, "hmax": 0.018, "ratio": 0.007, "vulnClass": "none"}}, {"type": "Feature", "geometry": {"type": "MultiPolygon", "coordinates": [[[[72.35600411, 34.22208841], [72.35599131, 34.22212529], [72.35606927, 34.22214379], [72.35608208, 34.22210691], [72.35600411, 34.22208841]]]]}, "properties": {"id": "Pakistan_123102310_490998", "height": 2.92962121963501, "hmax": 0.059, "ratio": 0.02, "vulnClass": "none"}}, {"type": "Feature", "geometry": {"type": "MultiPolygon", "coordinates": [[[[72.3560315, 34.2220072], [72.35600923, 34.22208724], [72.35619009, 34.22212165], [72.35621236, 34.22204161], [72.3560315, 34.2220072]]]]}, "properties": {"id": "Pakistan_123102310_651978", "height": 3.982817649841309, "hmax": 0.059, "ratio": 0.015, "vulnClass": "none"}}, {"type": "Feature", "geometry": {"type": "MultiPolygon", "coordinates": [[[[72.35655831, 34.2219029], [72.35657538, 34.22181649], [72.35643292, 34.22179725], [72.35644216, 34.22175053], [72.3563873, 34.22174311], [72.35636098, 34.22187625], [72.35655831, 34.2219029]]]]}, "properties": {"id": "Pakistan_123102310_215520", "height": 3.5713210105896, "hmax": 0.059, "ratio": 0.017, "vulnClass": "none"}}, {"type": "Feature", "geometry": {"type": "MultiPolygon", "coordinates": [[[[72.35596969, 34.22189968], [72.35603857, 34.22190602], [72.35604545, 34.22185485], [72.35597657, 34.22184851], [72.35596969, 34.22189968]]]]}, "properties": {"id": "Pakistan_123102310_282612", "height": 4.123984336853027, "hmax": 0.059, "ratio": 0.014, "vulnClass": "none"}}, {"type": "Feature", "geometry": {"type": "MultiPolygon", "coordinates": [[[[72.35610444, 34.22194006], [72.3562591, 34.2219658], [72.3562783, 34.22188694], [72.35608359, 34.22185453], [72.35607218, 34.22190142], [72.35611222, 34.22190809], [72.35610444, 34.22194006]]]]}, "properties": {"id": "Pakistan_123102310_438755", "height": 2.640801429748535, "hmax": 0.059, "ratio": 0.022, "vulnClass": "none"}}, {"type": "Feature", "geometry": {"type": "MultiPolygon", "coordinates": [[[[72.35595673, 34.22189753], [72.35580413, 34.2218921], [72.35579933, 34.22198427], [72.35599477, 34.22199124], [72.35599611, 34.22196546], [72.35595327, 34.22196394], [72.35595673, 34.22189753]]]]}, "properties": {"id": "Pakistan_123102310_372736", "height": 5.458467483520508, "hmax": 0.059, "ratio": 0.011, "vulnClass": "none"}}, {"type": "Feature", "geometry": {"type": "MultiPolygon", "coordinates": [[[[72.35595484, 34.2218391], [72.355837, 34.22183539], [72.35583517, 34.22187526], [72.35595301, 34.22187896], [72.35595484, 34.2218391]]]]}, "properties": {"id": "Pakistan_123102310_234496", "height": 2.575371742248535, "hmax": 0.059, "ratio": 0.023, "vulnClass": "none"}}, {"type": "Feature", "geometry": {"type": "MultiPolygon", "coordinates": [[[[72.35556198, 34.22174675], [72.35555996, 34.22178215], [72.3557018, 34.22178768], [72.35570382, 34.22175228], [72.35556198, 34.22174675]]]]}, "properties": {"id": "Pakistan_123102310_879709", "height": 3.279403448104858, "hmax": 0.054, "ratio": 0.017, "vulnClass": "none"}}, {"type": "Feature", "geometry": {"type": "MultiPolygon", "coordinates": [[[[72.35564322, 34.22202073], [72.35569097, 34.22202834], [72.35570592, 34.22196419], [72.35565817, 34.22195658], [72.35564322, 34.22202073]]]]}, "properties": {"id": "Pakistan_123102310_642522", "height": 3.838427782058716, "hmax": 0.059, "ratio": 0.015, "vulnClass": "none"}}, {"type": "Feature", "geometry": {"type": "MultiPolygon", "coordinates": [[[[72.35580993, 34.22205015], [72.35582895, 34.22199319], [72.35577047, 34.22197984], [72.35574708, 34.2220499], [72.35575705, 34.22205218], [72.35574147, 34.22209883], [72.35594448, 34.22214519], [72.35596444, 34.22208543], [72.35580993, 34.22205015]]]]}, "properties": {"id": "Pakistan_123102310_382166", "height": 3.879234075546265, "hmax": 0.059, "ratio": 0.015, "vulnClass": "none"}}, {"type": "Feature", "geometry": {"type": "MultiPolygon", "coordinates": [[[[72.35596002, 34.22202282], [72.35582791, 34.22200227], [72.35581669, 34.22205153], [72.35594881, 34.22207209], [72.35596002, 34.22202282]]]]}, "properties": {"id": "Pakistan_123102310_609325", "height": 3.415206909179688, "hmax": 0.059, "ratio": 0.017, "vulnClass": "none"}}, {"type": "Feature", "geometry": {"type": "MultiPolygon", "coordinates": [[[[72.35568391, 34.22230301], [72.35587164, 34.22234017], [72.35589389, 34.22226331], [72.35584061, 34.22225277], [72.35584972, 34.2222213], [72.35576463, 34.22220446], [72.35578854, 34.2221219], [72.35573917, 34.22211213], [72.35568391, 34.22230301]]]]}, "properties": {"id": "Pakistan_123102310_903476", "height": 3.69238805770874, "hmax": 0.059, "ratio": 0.016, "vulnClass": "none"}}, {"type": "Feature", "geometry": {"type": "MultiPolygon", "coordinates": [[[[72.35605818, 34.22251405], [72.35610013, 34.22236548], [72.35603654, 34.2223532], [72.35600884, 34.22245129], [72.35589438, 34.2224292], [72.35588013, 34.22247967], [72.35605818, 34.22251405]]]]}, "properties": {"id": "Pakistan_123102310_476932", "height": 2.635223627090454, "hmax": 0.059, "ratio": 0.022, "vulnClass": "none"}}, {"type": "Feature", "geometry": {"type": "MultiPolygon", "coordinates": [[[[72.35602325, 34.2222372], [72.35610613, 34.22224112], [72.35610995, 34.22218586], [72.35602707, 34.22218194], [72.35602325, 34.2222372]]]]}, "properties": {"id": "Pakistan_123102310_671219", "height": 3.617187738418579, "hmax": 0.059, "ratio": 0.016, "vulnClass": "none"}}, {"type": "Feature", "geometry": {"type": "MultiPolygon", "coordinates": [[[[72.35529585, 34.22266644], [72.35540978, 34.22267689], [72.35542536, 34.22256077], [72.35531143, 34.22255032], [72.35529585, 34.22266644]]]]}, "properties": {"id": "Pakistan_123102310_158928", "height": 5.318503856658936, "hmax": 0.045, "ratio": 0.009, "vulnClass": "none"}}, {"type": "Feature", "geometry": {"type": "MultiPolygon", "coordinates": [[[[72.35512128, 34.22263322], [72.35502809, 34.22261359], [72.35499601, 34.22271772], [72.3550892, 34.22273735], [72.35512128, 34.22263322]]]]}, "properties": {"id": "Pakistan_123102310_614128", "height": 4.73156213760376, "hmax": 0.045, "ratio": 0.009, "vulnClass": "none"}}, {"type": "Feature", "geometry": {"type": "MultiPolygon", "coordinates": [[[[72.35542578, 34.22246934], [72.35533645, 34.2224506], [72.35531767, 34.2225118], [72.355407, 34.22253054], [72.35542578, 34.22246934]]]]}, "properties": {"id": "Pakistan_123102310_908144", "height": 3.330587387084961, "hmax": 0.042, "ratio": 0.013, "vulnClass": "none"}}, {"type": "Feature", "geometry": {"type": "MultiPolygon", "coordinates": [[[[72.35522788, 34.22225259], [72.35521611, 34.22233713], [72.35532874, 34.22234785], [72.3553405, 34.2222633], [72.35522788, 34.22225259]]]]}, "properties": {"id": "Pakistan_123102310_837166", "height": 2.717666625976562, "hmax": 0.042, "ratio": 0.015, "vulnClass": "none"}}, {"type": "Feature", "geometry": {"type": "MultiPolygon", "coordinates": [[[[72.35517599, 34.22222201], [72.35516033, 34.22227661], [72.35520351, 34.22228507], [72.35521916, 34.22223047], [72.35517599, 34.22222201]]]]}, "properties": {"id": "Pakistan_123102310_301641", "height": 3.150032043457031, "hmax": 0.042, "ratio": 0.013, "vulnClass": "none"}}, {"type": "Feature", "geometry": {"type": "MultiPolygon", "coordinates": [[[[72.35533752, 34.22236557], [72.35496178, 34.22231365], [72.35495278, 34.22235813], [72.35488755, 34.22234911], [72.35491661, 34.22220539], [72.35485138, 34.22219637], [72.35483192, 34.22229263], [72.35480985, 34.22228958], [72.35479355, 34.22237024], [72.35504522, 34.22240502], [72.35502996, 34.22248053], [72.35508475, 34.22248811], [72.35510411, 34.22239236], [72.3553259, 34.22242302], [72.35533752, 34.22236557]]]]}, "properties": {"id": "Pakistan_123102310_18063", "height": 3.907327651977539, "hmax": 0.042, "ratio": 0.011, "vulnClass": "none"}}, {"type": "Feature", "geometry": {"type": "MultiPolygon", "coordinates": [[[[72.35472442, 34.2224901], [72.35470863, 34.22251986], [72.35475587, 34.222537], [72.35477166, 34.22250724], [72.35472442, 34.2224901]]]]}, "properties": {"id": "Pakistan_123102310_590466", "height": 3.185267686843872, "hmax": 0.042, "ratio": 0.013, "vulnClass": "none"}}, {"type": "Feature", "geometry": {"type": "MultiPolygon", "coordinates": [[[[72.35481984, 34.22270909], [72.35496087, 34.22273882], [72.35499426, 34.22263054], [72.35501833, 34.22263561], [72.35506238, 34.22249271], [72.35498544, 34.22247649], [72.35495422, 34.22257774], [72.35486607, 34.22255915], [72.35481984, 34.22270909]]]]}, "properties": {"id": "Pakistan_123102310_46589", "height": 5.094427585601807, "hmax": 0.045, "ratio": 0.009, "vulnClass": "none"}}, {"type": "Feature", "geometry": {"type": "MultiPolygon", "coordinates": [[[[72.35475558, 34.22262485], [72.35484882, 34.22263124], [72.35485698, 34.22254974], [72.35476375, 34.22254335], [72.35475558, 34.22262485]]]]}, "properties": {"id": "Pakistan_123102310_832472", "height": 4.526327610015869, "hmax": 0.044, "ratio": 0.01, "vulnClass": "none"}}, {"type": "Feature", "geometry": {"type": "MultiPolygon", "coordinates": [[[[72.35383466, 34.22258482], [72.35382613, 34.22265508], [72.35401998, 34.22267115], [72.35402851, 34.22260089], [72.35383466, 34.22258482]]]]}, "properties": {"id": "Pakistan_123102310_908126", "height": 3.394822835922241, "hmax": 0.058, "ratio": 0.017, "vulnClass": "none"}}, {"type": "Feature", "geometry": {"type": "MultiPolygon", "coordinates": [[[[72.3541021, 34.22244113], [72.35404978, 34.22242914], [72.35400328, 34.22256799], [72.353941, 34.22255373], [72.35394169, 34.22255167], [72.35389436, 34.22254083], [72.35388263, 34.22257585], [72.35404455, 34.22261293], [72.3541021, 34.22244113]]]]}, "properties": {"id": "Pakistan_123102310_234462", "height": 2.682177543640137, "hmax": 0.064, "ratio": 0.024, "vulnClass": "none"}}, {"type": "Feature", "geometry": {"type": "MultiPolygon", "coordinates": [[[[72.35438, 34.2220036], [72.35426111, 34.22198448], [72.35425478, 34.22201141], [72.35409713, 34.22198604], [72.35408356, 34.22204374], [72.35423603, 34.22206827], [72.35422749, 34.2221046], [72.3542094, 34.22210169], [72.35417923, 34.2222299], [72.35432912, 34.22225402], [72.35436834, 34.22208734], [72.35436059, 34.22208609], [72.35438, 34.2220036]]]]}, "properties": {"id": "Pakistan_123102310_841800", "height": 5.622274875640869, "hmax": 0.069, "ratio": 0.012, "vulnClass": "none"}}, {"type": "Feature", "geometry": {"type": "MultiPolygon", "coordinates": [[[[72.35422874, 34.22207018], [72.35414512, 34.22206274], [72.35414073, 34.22209651], [72.35422435, 34.22210395], [72.35422874, 34.22207018]]]]}, "properties": {"id": "Pakistan_123102310_808855", "height": 4.927667140960693, "hmax": 0.069, "ratio": 0.014, "vulnClass": "none"}}, {"type": "Feature", "geometry": {"type": "MultiPolygon", "coordinates": [[[[72.35372792, 34.22208691], [72.35386213, 34.222098], [72.35386956, 34.22203651], [72.35373535, 34.22202543], [72.35372792, 34.22208691]]]]}, "properties": {"id": "Pakistan_123102310_282585", "height": 2.843136310577393, "hmax": 0.069, "ratio": 0.024, "vulnClass": "none"}}, {"type": "Feature", "geometry": {"type": "MultiPolygon", "coordinates": [[[[72.35390178, 34.22197671], [72.35389546, 34.22205175], [72.35387677, 34.22205067], [72.35386896, 34.22214337], [72.35398107, 34.22214983], [72.35399521, 34.22198209], [72.35390178, 34.22197671]]]]}, "properties": {"id": "Pakistan_123102310_438746", "height": 3.880889892578125, "hmax": 0.069, "ratio": 0.018, "vulnClass": "none"}}, {"type": "Feature", "geometry": {"type": "MultiPolygon", "coordinates": [[[[72.35399793, 34.22193643], [72.3539175, 34.22193511], [72.35391664, 34.22197058], [72.35399708, 34.2219719], [72.35399793, 34.22193643]]]]}, "properties": {"id": "Pakistan_123102310_931756", "height": 3.969659090042114, "hmax": 0.069, "ratio": 0.017, "vulnClass": "none"}}, {"type": "Feature", "geometry": {"type": "MultiPolygon", "coordinates": [[[[72.35356439, 34.22197634], [72.35371952, 34.22199045], [72.35373001, 34.22191156], [72.35357489, 34.22189745], [72.35356439, 34.22197634]]]]}, "properties": {"id": "Pakistan_123102310_216521", "height": 2.697087287902832, "hmax": 0.069, "ratio": 0.026, "vulnClass": "none"}}, {"type": "Feature", "geometry": {"type": "MultiPolygon", "coordinates": [[[[72.35380322, 34.22186955], [72.3538995, 34.22187386], [72.35390486, 34.22179204], [72.35380858, 34.22178773], [72.35380322, 34.22186955]]]]}, "properties": {"id": "Pakistan_123102310_566685", "height": 2.916133642196655, "hmax": 0.069, "ratio": 0.024, "vulnClass": "none"}}, {"type": "Feature", "geometry": {"type": "MultiPolygon", "coordinates": [[[[72.35404682, 34.22179547], [72.35405001, 34.22175572], [72.35396989, 34.22175133], [72.35396671, 34.22179108], [72.35404682, 34.22179547]]]]}, "properties": {"id": "Pakistan_123102310_226035", "height": 3.053264379501343, "hmax": 0.069, "ratio": 0.023, "vulnClass": "none"}}, {"type": "Feature", "geometry": {"type": "MultiPolygon", "coordinates": [[[[72.35405864, 34.22190687], [72.35421627, 34.22191502], [72.35422814, 34.22175817], [72.3540705, 34.22175001], [72.35405864, 34.22190687]]]]}, "properties": {"id": "Pakistan_123102310_121222", "height": 3.079451560974121, "hmax": 0.069, "ratio": 0.022, "vulnClass": "none"}}, {"type": "Feature", "geometry": {"type": "MultiPolygon", "coordinates": [[[[72.35427947, 34.22192984], [72.35441291, 34.22194367], [72.35441887, 34.22190436], [72.35428542, 34.22189054], [72.35427947, 34.22192984]]]]}, "properties": {"id": "Pakistan_123102310_158904", "height": 2.505524635314941, "hmax": 0.069, "ratio": 0.028, "vulnClass": "none"}}, {"type": "Feature", "geometry": {"type": "MultiPolygon", "coordinates": [[[[72.35482464, 34.22168975], [72.35479936, 34.22174635], [72.35493862, 34.22178888], [72.3549639, 34.22173228], [72.35482464, 34.22168975]]]]}, "properties": {"id": "Pakistan_123102310_74675", "height": 4.57208251953125, "hmax": 0.042, "ratio": 0.009, "vulnClass": "none"}}, {"type": "Feature", "geometry": {"type": "MultiPolygon", "coordinates": [[[[72.35494325, 34.22194467], [72.35509384, 34.22196424], [72.35510988, 34.22187982], [72.35514915, 34.22188493], [72.35516946, 34.22177805], [72.35497961, 34.22175338], [72.35494325, 34.22194467]]]]}, "properties": {"id": "Pakistan_123102310_55941", "height": 4.613693714141846, "hmax": 0.042, "ratio": 0.009, "vulnClass": "none"}}, {"type": "Feature", "geometry": {"type": "MultiPolygon", "coordinates": [[[[72.35457837, 34.22208467], [72.35458233, 34.22208533], [72.35457297, 34.22212369], [72.35480096, 34.22216172], [72.35483113, 34.22203812], [72.35469076, 34.2220147], [72.3546866, 34.22203175], [72.35459501, 34.22201647], [72.35457837, 34.22208467]]]]}, "properties": {"id": "Pakistan_123102310_301631", "height": 2.598710536956787, "hmax": 0.042, "ratio": 0.016, "vulnClass": "none"}}, {"type": "Feature", "geometry": {"type": "MultiPolygon", "coordinates": [[[[72.35502203, 34.2221055], [72.35491065, 34.22208814], [72.35489063, 34.22217595], [72.35500201, 34.22219331], [72.35502203, 34.2221055]]]]}, "properties": {"id": "Pakistan_123102310_7508", "height": 3.572488784790039, "hmax": 0.042, "ratio": 0.012, "vulnClass": "none"}}, {"type": "Feature", "geometry": {"type": "MultiPolygon", "coordinates": [[[[72.35519023, 34.22221526], [72.35537672, 34.22224973], [72.3554062, 34.22214068], [72.35542801, 34.22214471], [72.35545485, 34.22204543], [72.35540238, 34.22203573], [72.35537897, 34.22212234], [72.35522314, 34.22209354], [72.35519023, 34.22221526]]]]}, "properties": {"id": "Pakistan_123102310_438753", "height": 5.08686637878418, "hmax": 0.042, "ratio": 0.008, "vulnClass": "none"}}, {"type": "Feature", "geometry": {"type": "MultiPolygon", "coordinates": [[[[72.35518334, 34.22218505], [72.35503077, 34.22215306], [72.35500289, 34.22224394], [72.35515546, 34.22227595], [72.35518334, 34.22218505]]]]}, "properties": {"id": "Pakistan_123102310_785212", "height": 3.572488784790039, "hmax": 0.042, "ratio": 0.012, "vulnClass": "none"}}, {"type": "Feature", "geometry": {"type": "MultiPolygon", "coordinates": [[[[72.35566035, 34.2221947], [72.35546805, 34.22216055], [72.35544913, 34.22223342], [72.35564143, 34.22226756], [72.35566035, 34.2221947]]]]}, "properties": {"id": "Pakistan_123102310_699729", "height": 3.009344100952148, "hmax": 0.048, "ratio": 0.016, "vulnClass": "none"}}, {"type": "Feature", "geometry": {"type": "MultiPolygon", "coordinates": [[[[72.35553359, 34.22204625], [72.35548392, 34.22203464], [72.35544879, 34.22213731], [72.35549846, 34.22214893], [72.35553359, 34.22204625]]]]}, "properties": {"id": "Pakistan_123102310_235451", "height": 3.815433502197266, "hmax": 0.042, "ratio": 0.011, "vulnClass": "none"}}, {"type": "Feature", "geometry": {"type": "MultiPolygon", "coordinates": [[[[72.35526497, 34.22200533], [72.35547086, 34.22202695], [72.35547991, 34.22196801], [72.35527402, 34.2219464], [72.35526497, 34.22200533]]]]}, "properties": {"id": "Pakistan_123102310_216541", "height": 5.176488876342773, "hmax": 0.042, "ratio": 0.008, "vulnClass": "none"}}, {"type": "Feature", "geometry": {"type": "MultiPolygon", "coordinates": [[[[72.3552611, 34.22198949], [72.35527281, 34.22192213], [72.35520045, 34.22191353], [72.35519025, 34.2219722], [72.35516012, 34.22196862], [72.35515181, 34.22201642], [72.35522013, 34.22202455], [72.35522693, 34.22198543], [72.3552611, 34.22198949]]]]}, "properties": {"id": "Pakistan_123102310_856067", "height": 2.680088520050049, "hmax": 0.042, "ratio": 0.016, "vulnClass": "none"}}, {"type": "Feature", "geometry": {"type": "MultiPolygon", "coordinates": [[[[72.35531908, 34.22184357], [72.35553884, 34.22184877], [72.35554053, 34.22180001], [72.35526716, 34.22179354], [72.35526479, 34.22186224], [72.35531839, 34.22186351], [72.35531908, 34.22184357]]]]}, "properties": {"id": "Pakistan_123102310_35794", "height": 3.202849388122559, "hmax": 0.042, "ratio": 0.013, "vulnClass": "none"}}, {"type": "Feature", "geometry": {"type": "MultiPolygon", "coordinates": [[[[72.35543459, 34.22168968], [72.35557259, 34.22169401], [72.35557544, 34.221632], [72.35543745, 34.22162767], [72.35543459, 34.22168968]]]]}, "properties": {"id": "Pakistan_123102310_737893", "height": 2.506210327148438, "hmax": 0.04, "ratio": 0.016, "vulnClass": "none"}}, {"type": "Feature", "geometry": {"type": "MultiPolygon", "coordinates": [[[[72.35537857, 34.22166052], [72.35543345, 34.22166178], [72.35543486, 34.22161967], [72.35554347, 34.22162216], [72.35554592, 34.22154903], [72.35538243, 34.22154528], [72.35537857, 34.22166052]]]]}, "properties": {"id": "Pakistan_123102310_860714", "height": 3.348239898681641, "hmax": 0.04, "ratio": 0.012, "vulnClass": "none"}}, {"type": "Feature", "geometry": {"type": "MultiPolygon", "coordinates": [[[[72.35544916, 34.22149319], [72.35544793, 34.22145691], [72.35539304, 34.22145818], [72.35539427, 34.22149447], [72.35544916, 34.22149319]]]]}, "properties": {"id": "Pakistan_123102310_884502", "height": 2.470329284667969, "hmax": 0.04, "ratio": 0.016, "vulnClass": "none"}}, {"type": "Feature", "geometry": {"type": "MultiPolygon", "coordinates": [[[[72.35519604, 34.22150396], [72.35521981, 34.22157293], [72.35532271, 34.22154868], [72.35529894, 34.22147971], [72.35519604, 34.22150396]]]]}, "properties": {"id": "Pakistan_123102310_54384", "height": 2.672632217407227, "hmax": 0.04, "ratio": 0.015, "vulnClass": "none"}}, {"type": "Feature", "geometry": {"type": "MultiPolygon", "coordinates": [[[[72.35538853, 34.22168818], [72.35512926, 34.22166299], [72.35513081, 34.22165205], [72.35507261, 34.2216464], [72.35508069, 34.22158952], [72.35500396, 34.22158206], [72.35498313, 34.22172863], [72.35551492, 34.22178031], [72.35552238, 34.2217278], [72.35546946, 34.22172266], [72.35547351, 34.22169422], [72.35542853, 34.22168985], [72.35542387, 34.22172267], [72.35538418, 34.22171881], [72.35538853, 34.22168818]]]]}, "properties": {"id": "Pakistan_123102310_349158", "height": 4.151493072509766, "hmax": 0.042, "ratio": 0.01, "vulnClass": "none"}}, {"type": "Feature", "geometry": {"type": "MultiPolygon", "coordinates": [[[[72.35483548, 34.2209221], [72.35481168, 34.22100765], [72.3548881, 34.22102219], [72.3549119, 34.22093664], [72.35483548, 34.2209221]]]]}, "properties": {"id": "Pakistan_123102310_429309", "height": 2.669395446777344, "hmax": 0.04, "ratio": 0.015, "vulnClass": "none"}}, {"type": "Feature", "geometry": {"type": "MultiPolygon", "coordinates": [[[[72.3548563, 34.22092616], [72.35508883, 34.22095753], [72.35507647, 34.22102018], [72.35512481, 34.2210267], [72.35512055, 34.2210483], [72.35517149, 34.22105517], [72.35517873, 34.22101845], [72.35511342, 34.22100964], [72.35512876, 34.22093186], [72.35486227, 34.22089591], [72.3548563, 34.22092616]]]]}, "properties": {"id": "Pakistan_123102310_372721", "height": 3.400468826293945, "hmax": 0.04, "ratio": 0.012, "vulnClass": "none"}}, {"type": "Feature", "geometry": {"type": "MultiPolygon", "coordinates": [[[[72.35496865, 34.22104569], [72.35497111, 34.22106991], [72.35501373, 34.22106696], [72.35501127, 34.22104273], [72.35496865, 34.22104569]]]]}, "properties": {"id": "Pakistan_123102310_576374", "height": 2.543333768844604, "hmax": 0.04, "ratio": 0.016, "vulnClass": "none"}}, {"type": "Feature", "geometry": {"type": "MultiPolygon", "coordinates": [[[[72.35433259, 34.22176308], [72.35447689, 34.22177037], [72.3544795, 34.22173501], [72.35450355, 34.22173623], [72.35450819, 34.22167349], [72.35433984, 34.22166498], [72.35433259, 34.22176308]]]]}, "properties": {"id": "Pakistan_123102310_538294", "height": 2.920324802398682, "hmax": 0.069, "ratio": 0.024, "vulnClass": "none"}}, {"type": "Feature", "geometry": {"type": "MultiPolygon", "coordinates": [[[[72.35366838, 34.22153587], [72.35377095, 34.22157407], [72.35378903, 34.22154088], [72.35368646, 34.22150268], [72.35366838, 34.22153587]]]]}, "properties": {"id": "Pakistan_123102310_215446", "height": 3.843376398086548, "hmax": 0.061, "ratio": 0.016, "vulnClass": "none"}}, {"type": "Feature", "geometry": {"type": "MultiPolygon", "coordinates": [[[[72.35297488, 34.2217418], [72.3540085, 34.22170705], [72.35400393, 34.22161405], [72.35383255, 34.22161981], [72.35383342, 34.22163753], [72.35347192, 34.22164968], [72.35346844, 34.22157883], [72.35339346, 34.22158135], [72.35339694, 34.2216522], [72.35297118, 34.22166652], [72.35297488, 34.2217418]]]]}, "properties": {"id": "Pakistan_123102310_159887", "height": 3.104122638702393, "hmax": 0.099, "ratio": 0.032, "vulnClass": "none"}}, {"type": "Feature", "geometry": {"type": "MultiPolygon", "coordinates": [[[[72.35308022, 34.22133173], [72.35292634, 34.22132599], [72.35292424, 34.22136458], [72.35307811, 34.22137031], [72.35308022, 34.22133173]]]]}, "properties": {"id": "Pakistan_123102310_74649", "height": 4.194914817810059, "hmax": 0.139, "ratio": 0.033, "vulnClass": "none"}}, {"type": "Feature", "geometry": {"type": "MultiPolygon", "coordinates": [[[[72.35316793, 34.22139138], [72.35340062, 34.22140903], [72.35341488, 34.22128053], [72.35335241, 34.22127579], [72.35334509, 34.22134177], [72.35326264, 34.22133552], [72.3532702, 34.22126734], [72.35318242, 34.22126068], [72.35316793, 34.22139138]]]]}, "properties": {"id": "Pakistan_123102310_832455", "height": 3.979165077209473, "hmax": 0.139, "ratio": 0.035, "vulnClass": "none"}}, {"type": "Feature", "geometry": {"type": "MultiPolygon", "coordinates": [[[[72.35358011, 34.22143742], [72.35346586, 34.22142822], [72.35346146, 34.22146557], [72.35340429, 34.22146096], [72.35339973, 34.22149958], [72.35330674, 34.22149208], [72.35330001, 34.2215492], [72.35356443, 34.22157052], [72.35358011, 34.22143742]]]]}, "properties": {"id": "Pakistan_123102310_169343", "height": 2.965368986129761, "hmax": 0.089, "ratio": 0.03, "vulnClass": "none"}}, {"type": "Feature", "geometry": {"type": "MultiPolygon", "coordinates": [[[[72.35327503, 34.22117392], [72.35320429, 34.22116491], [72.35319057, 34.22123857], [72.35326132, 34.22124758], [72.35327503, 34.22117392]]]]}, "properties": {"id": "Pakistan_123102310_671187", "height": 2.493669986724854, "hmax": 0.139, "ratio": 0.056, "vulnClass": "low"}}, {"type": "Feature", "geometry": {"type": "MultiPolygon", "coordinates": [[[[72.35283729, 34.22104446], [72.35277151, 34.22103364], [72.35276073, 34.22107845], [72.35282651, 34.22108926], [72.35283729, 34.22104446]]]]}, "properties": {"id": "Pakistan_123102310_524224", "height": 4.127095699310303, "hmax": 0.139, "ratio": 0.034, "vulnClass": "none"}}, {"type": "Feature", "geometry": {"type": "MultiPolygon", "coordinates": [[[[72.35298881, 34.22122461], [72.35298355, 34.22118419], [72.35295043, 34.22118713], [72.35295569, 34.22122755], [72.35298881, 34.22122461]]]]}, "properties": {"id": "Pakistan_123102310_453002", "height": 3.845436096191406, "hmax": 0.139, "ratio": 0.036, "vulnClass": "none"}}, {"type": "Feature", "geometry": {"type": "MultiPolygon", "coordinates": [[[[72.35218623, 34.22125635], [72.35278227, 34.22133583], [72.35280588, 34.22121478], [72.35291701, 34.22122959], [72.3529246, 34.22119068], [72.35283509, 34.22117875], [72.35280815, 34.22116504], [72.35274319, 34.22115638], [72.35272274, 34.22114598], [72.35271658, 34.22117754], [72.35268024, 34.22122637], [72.35272146, 34.221015], [72.35264565, 34.22100489], [72.35264332, 34.22101685], [72.35257523, 34.2209822], [72.35250832, 34.22097328], [72.35250182, 34.22100662], [72.35247091, 34.22104815], [72.35246207, 34.22109353], [72.35254833, 34.22110503], [72.35254248, 34.22113508], [72.35259032, 34.22115942], [72.35256129, 34.22115555], [72.35254177, 34.22118178], [72.35248077, 34.22117364], [72.35245606, 34.22120684], [72.35245246, 34.22122532], [72.35227993, 34.22120231], [72.35224717, 34.22118564], [72.35220121, 34.22117952], [72.35218623, 34.22125635]]]]}, "properties": {"id": "Pakistan_123102310_476885", "height": 4.082627296447754, "hmax": 0.155, "ratio": 0.038, "vulnClass": "none"}}, {"type": "Feature", "geometry": {"type": "MultiPolygon", "coordinates": [[[[72.35233271, 34.2208885], [72.35231957, 34.22091913], [72.35247441, 34.22096457], [72.35248756, 34.22093393], [72.35233271, 34.2208885]]]]}, "properties": {"id": "Pakistan_123102310_832443", "height": 4.142996788024902, "hmax": 0.181, "ratio": 0.044, "vulnClass": "none"}}, {"type": "Feature", "geometry": {"type": "MultiPolygon", "coordinates": [[[[72.35195244, 34.22081762], [72.35192959, 34.22086145], [72.35191455, 34.22095942], [72.35208613, 34.22097744], [72.35207759, 34.22103301], [72.35202944, 34.22101584], [72.35196018, 34.22100857], [72.35195032, 34.2210275], [72.35190072, 34.22102229], [72.35188975, 34.22104332], [72.35180117, 34.22103402], [72.35178709, 34.22112569], [72.351845, 34.22113177], [72.3518724, 34.2210792], [72.35204096, 34.22109689], [72.35204185, 34.22109113], [72.3520613, 34.22105381], [72.35212646, 34.22107704], [72.35221823, 34.22108667], [72.35222527, 34.22104084], [72.35238224, 34.22105731], [72.35224753, 34.2210093], [72.3522627, 34.22091048], [72.35219221, 34.22090309], [72.35195244, 34.22081762]]]]}, "properties": {"id": "Pakistan_123102310_429280", "height": 4.792993068695068, "hmax": 0.279, "ratio": 0.058, "vulnClass": "low"}}, {"type": "Feature", "geometry": {"type": "MultiPolygon", "coordinates": [[[[72.3519681, 34.22143183], [72.3523652, 34.22147818], [72.3523782, 34.22140208], [72.35230616, 34.22139367], [72.3523244, 34.22139136], [72.35223693, 34.22138115], [72.35224096, 34.22135756], [72.35228756, 34.22135166], [72.35229161, 34.22132797], [72.35225643, 34.22133242], [72.35222459, 34.2213287], [72.35223422, 34.22138083], [72.35221496, 34.22137859], [72.35217848, 34.2213832], [72.35205, 34.2213682], [72.35206449, 34.2212834], [72.3523659, 34.22131858], [72.35229292, 34.2213278], [72.35237844, 34.22133779], [72.35238661, 34.22128995], [72.35217433, 34.22126517], [72.35221082, 34.22126056], [72.35206124, 34.2212431], [72.35204155, 34.22113656], [72.35192296, 34.22112272], [72.35190178, 34.22124666], [72.3519978, 34.22125787], [72.3519681, 34.22143183]]]]}, "properties": {"id": "Pakistan_123102310_372692", "height": 4.267296314239502, "hmax": 0.274, "ratio": 0.064, "vulnClass": "low"}}, {"type": "Feature", "geometry": {"type": "MultiPolygon", "coordinates": [[[[72.3518996, 34.22118442], [72.35181682, 34.22117129], [72.35178778, 34.22129651], [72.35198698, 34.2213281], [72.35200164, 34.22126491], [72.35188522, 34.22124645], [72.3518996, 34.22118442]]]]}, "properties": {"id": "Pakistan_123102310_367951", "height": 5.514695167541504, "hmax": 0.279, "ratio": 0.051, "vulnClass": "low"}}, {"type": "Feature", "geometry": {"type": "MultiPolygon", "coordinates": [[[[72.35174957, 34.22133027], [72.35173604, 34.22136042], [72.35178905, 34.22137668], [72.35180258, 34.22134653], [72.35174957, 34.22133027]]]]}, "properties": {"id": "Pakistan_123102310_235373", "height": 2.822460889816284, "hmax": 0.279, "ratio": 0.099, "vulnClass": "low"}}, {"type": "Feature", "geometry": {"type": "MultiPolygon", "coordinates": [[[[72.35202561, 34.22192767], [72.35196144, 34.22191967], [72.35195372, 34.22196205], [72.35201788, 34.22197004], [72.35202561, 34.22192767]]]]}, "properties": {"id": "Pakistan_123102310_448292", "height": 2.728971242904663, "hmax": 0.26, "ratio": 0.095, "vulnClass": "low"}}, {"type": "Feature", "geometry": {"type": "MultiPolygon", "coordinates": [[[[72.35192109, 34.22192233], [72.35189085, 34.22199705], [72.3519801, 34.22202174], [72.35199984, 34.22197296], [72.35194436, 34.22195761], [72.35195485, 34.22193168], [72.35192109, 34.22192233]]]]}, "properties": {"id": "Pakistan_123102310_73136", "height": 3.02287220954895, "hmax": 0.26, "ratio": 0.086, "vulnClass": "low"}}, {"type": "Feature", "geometry": {"type": "MultiPolygon", "coordinates": [[[[72.35156389, 34.22221058], [72.3516346, 34.22222908], [72.3516242, 34.22225623], [72.35182058, 34.22230761], [72.35190929, 34.22207577], [72.35173131, 34.22202921], [72.35169927, 34.22211293], [72.35161019, 34.22208962], [72.35156389, 34.22221058]]]]}, "properties": {"id": "Pakistan_123102310_761604", "height": 4.444818496704102, "hmax": 0.26, "ratio": 0.058, "vulnClass": "low"}}, {"type": "Feature", "geometry": {"type": "MultiPolygon", "coordinates": [[[[72.35225971, 34.22214543], [72.35223585, 34.22221394], [72.35231871, 34.22223367], [72.35230761, 34.22226551], [72.35235354, 34.22227646], [72.3523885, 34.22217611], [72.35225971, 34.22214543]]]]}, "properties": {"id": "Pakistan_123102310_177846", "height": 2.909451961517334, "hmax": 0.215, "ratio": 0.074, "vulnClass": "low"}}, {"type": "Feature", "geometry": {"type": "MultiPolygon", "coordinates": [[[[72.3533586, 34.22182967], [72.3533552, 34.22185822], [72.35330473, 34.22185412], [72.35329115, 34.22196835], [72.35349713, 34.22198508], [72.35351408, 34.2218423], [72.3533586, 34.22182967]]]]}, "properties": {"id": "Pakistan_123102310_770988", "height": 3.767319679260254, "hmax": 0.112, "ratio": 0.03, "vulnClass": "none"}}, {"type": "Feature", "geometry": {"type": "MultiPolygon", "coordinates": [[[[72.3532649, 34.22216979], [72.35345605, 34.22218581], [72.3534803, 34.22198824], [72.35329446, 34.22197266], [72.35328799, 34.22202535], [72.3533611, 34.22203148], [72.35335787, 34.22205782], [72.35327945, 34.22205124], [72.3532649, 34.22216979]]]]}, "properties": {"id": "Pakistan_123102310_704452", "height": 3.873464107513428, "hmax": 0.122, "ratio": 0.032, "vulnClass": "none"}}, {"type": "Feature", "geometry": {"type": "MultiPolygon", "coordinates": [[[[72.35342427, 34.22250519], [72.35383237, 34.22257677], [72.35388138, 34.22238577], [72.35412265, 34.22242809], [72.35414007, 34.22236017], [72.35395784, 34.22232821], [72.35397363, 34.22226666], [72.35392999, 34.22225901], [72.35395068, 34.22217836], [72.35386223, 34.22216284], [72.35382849, 34.22229443], [72.35368079, 34.22226852], [72.35364921, 34.22239162], [72.35361841, 34.22238621], [72.35365761, 34.22223341], [72.35354211, 34.22221315], [72.35358893, 34.22203063], [72.35354787, 34.22202343], [72.35342427, 34.22250519]]]]}, "properties": {"id": "Pakistan_123102310_789846", "height": 3.790477275848389, "hmax": 0.069, "ratio": 0.018, "vulnClass": "none"}}, {"type": "Feature", "geometry": {"type": "MultiPolygon", "coordinates": [[[[72.35305008, 34.22237618], [72.35336766, 34.22242791], [72.35339564, 34.22231049], [72.3530844, 34.22225979], [72.35311086, 34.22214877], [72.35293926, 34.22212082], [72.35291586, 34.22221902], [72.3529107, 34.22221818], [72.35289137, 34.22229931], [72.35296225, 34.22231086], [72.35296785, 34.22228738], [72.35306737, 34.22230359], [72.35305008, 34.22237618]]]]}, "properties": {"id": "Pakistan_123102310_931746", "height": 3.504207134246826, "hmax": 0.14, "ratio": 0.04, "vulnClass": "none"}}, {"type": "Feature", "geometry": {"type": "MultiPolygon", "coordinates": [[[[72.35269561, 34.2222324], [72.35285198, 34.22224656], [72.35286301, 34.22216328], [72.35270664, 34.22214912], [72.35269561, 34.2222324]]]]}, "properties": {"id": "Pakistan_123102310_481573", "height": 3.828399658203125, "hmax": 0.14, "ratio": 0.037, "vulnClass": "none"}}, {"type": "Feature", "geometry": {"type": "MultiPolygon", "coordinates": [[[[72.35266479, 34.22229181], [72.35264092, 34.2223688], [72.35280198, 34.22240295], [72.35284652, 34.22225937], [72.35278612, 34.22224656], [72.35277708, 34.22227569], [72.35273681, 34.22226716], [72.3527252, 34.22230461], [72.35266479, 34.22229181]]]]}, "properties": {"id": "Pakistan_123102310_931741", "height": 2.938660144805908, "hmax": 0.14, "ratio": 0.048, "vulnClass": "none"}}, {"type": "Feature", "geometry": {"type": "MultiPolygon", "coordinates": [[[[72.35302899, 34.22249537], [72.35311284, 34.22250887], [72.35313124, 34.22243072], [72.35304738, 34.22241723], [72.35302899, 34.22249537]]]]}, "properties": {"id": "Pakistan_123102310_585812", "height": 2.990854024887085, "hmax": 0.14, "ratio": 0.047, "vulnClass": "none"}}, {"type": "Feature", "geometry": {"type": "MultiPolygon", "coordinates": [[[[72.35311766, 34.22251668], [72.35305069, 34.22250544], [72.35304001, 34.22254896], [72.35310699, 34.2225602], [72.35311766, 34.22251668]]]]}, "properties": {"id": "Pakistan_123102310_547645", "height": 3.49998950958252, "hmax": 0.109, "ratio": 0.031, "vulnClass": "none"}}, {"type": "Feature", "geometry": {"type": "MultiPolygon", "coordinates": [[[[72.35304714, 34.22268361], [72.35275283, 34.22263558], [72.35273857, 34.22269535], [72.35294252, 34.22272864], [72.35292112, 34.22281829], [72.35301147, 34.22283304], [72.35304714, 34.22268361]]]]}, "properties": {"id": "Pakistan_123102310_699703", "height": 4.3249831199646, "hmax": 0.056, "ratio": 0.013, "vulnClass": "none"}}, {"type": "Feature", "geometry": {"type": "MultiPolygon", "coordinates": [[[[72.35223272, 34.22270111], [72.35234062, 34.22272844], [72.35237592, 34.22263314], [72.35226802, 34.22260581], [72.35223272, 34.22270111]]]]}, "properties": {"id": "Pakistan_123102310_486243", "height": 2.581060886383057, "hmax": 0.111, "ratio": 0.043, "vulnClass": "none"}}, {"type": "Feature", "geometry": {"type": "MultiPolygon", "coordinates": [[[[72.35222269, 34.22221821], [72.35220482, 34.22229291], [72.35229258, 34.22230727], [72.35231045, 34.22223257], [72.35222269, 34.22221821]]]]}, "properties": {"id": "Pakistan_123102310_893878", "height": 2.709988355636597, "hmax": 0.26, "ratio": 0.096, "vulnClass": "low"}}, {"type": "Feature", "geometry": {"type": "MultiPolygon", "coordinates": [[[[72.35215874, 34.22239939], [72.35230524, 34.2224337], [72.35235727, 34.22228176], [72.35230513, 34.22226955], [72.35228825, 34.22231883], [72.35219389, 34.22229674], [72.35215874, 34.22239939]]]]}, "properties": {"id": "Pakistan_123102310_656802", "height": 2.909451961517334, "hmax": 0.252, "ratio": 0.087, "vulnClass": "low"}}, {"type": "Feature", "geometry": {"type": "MultiPolygon", "coordinates": [[[[72.3520889, 34.22258354], [72.35224428, 34.22261311], [72.35229238, 34.2224404], [72.352137, 34.22241083], [72.3520889, 34.22258354]]]]}, "properties": {"id": "Pakistan_123102310_851246", "height": 3.013164520263672, "hmax": 0.207, "ratio": 0.069, "vulnClass": "low"}}, {"type": "Feature", "geometry": {"type": "MultiPolygon", "coordinates": [[[[72.35161247, 34.22225863], [72.35157082, 34.22239277], [72.35163121, 34.22240559], [72.35167286, 34.22227145], [72.35161247, 34.22225863]]]]}, "properties": {"id": "Pakistan_123102310_216483", "height": 3.777350902557373, "hmax": 0.26, "ratio": 0.069, "vulnClass": "low"}}, {"type": "Feature", "geometry": {"type": "MultiPolygon", "coordinates": [[[[72.35205408, 34.22265652], [72.35203432, 34.22273054], [72.35219033, 34.22275902], [72.3522259, 34.22262579], [72.35217475, 34.22261645], [72.35215894, 34.22267566], [72.35205408, 34.22265652]]]]}, "properties": {"id": "Pakistan_123102310_178619", "height": 2.921161651611328, "hmax": 0.144, "ratio": 0.049, "vulnClass": "none"}}, {"type": "Feature", "geometry": {"type": "MultiPolygon", "coordinates": [[[[72.35185538, 34.22317721], [72.35202111, 34.22320551], [72.35206043, 34.22304811], [72.35200384, 34.22303845], [72.351985, 34.22311387], [72.35187584, 34.22309524], [72.35185538, 34.22317721]]]]}, "properties": {"id": "Pakistan_123102310_169325", "height": 2.634820938110352, "hmax": 0.144, "ratio": 0.055, "vulnClass": "low"}}, {"type": "Feature", "geometry": {"type": "MultiPolygon", "coordinates": [[[[72.35216714, 34.2232613], [72.35222448, 34.22301665], [72.35210151, 34.22299694], [72.35206994, 34.2231316], [72.35205074, 34.22312852], [72.35202496, 34.22323852], [72.35216714, 34.2232613]]]]}, "properties": {"id": "Pakistan_123102310_386843", "height": 2.592982053756714, "hmax": 0.144, "ratio": 0.056, "vulnClass": "low"}}, {"type": "Feature", "geometry": {"type": "MultiPolygon", "coordinates": [[[[72.35246352, 34.22290861], [72.35264596, 34.22292672], [72.35265898, 34.22283709], [72.35247654, 34.22281897], [72.35246352, 34.22290861]]]]}, "properties": {"id": "Pakistan_123102310_690201", "height": 2.7525954246521, "hmax": 0.056, "ratio": 0.02, "vulnClass": "none"}}, {"type": "Feature", "geometry": {"type": "MultiPolygon", "coordinates": [[[[72.35216913, 34.22286924], [72.35228868, 34.22289836], [72.35231848, 34.22281469], [72.35219893, 34.22278557], [72.35216913, 34.22286924]]]]}, "properties": {"id": "Pakistan_123102310_188007", "height": 2.540637254714966, "hmax": 0.144, "ratio": 0.057, "vulnClass": "low"}}, {"type": "Feature", "geometry": {"type": "MultiPolygon", "coordinates": [[[[72.35298632, 34.22302269], [72.35324794, 34.22305707], [72.3532812, 34.22288402], [72.35322365, 34.22287646], [72.35320743, 34.22296082], [72.35296004, 34.22292831], [72.35291927, 34.22314029], [72.35285275, 34.22313155], [72.3528515, 34.22313804], [72.35259101, 34.2231038], [72.35255376, 34.22329752], [72.35258927, 34.22330219], [72.35257495, 34.2233767], [72.35284289, 34.22341191], [72.35286411, 34.2233016], [72.35314665, 34.22333873], [72.35316079, 34.22326518], [72.35294516, 34.22323684], [72.35298632, 34.22302269]]]]}, "properties": {"id": "Pakistan_123102310_704446", "height": 3.980011940002441, "hmax": 0.056, "ratio": 0.014, "vulnClass": "none"}}, {"type": "Feature", "geometry": {"type": "MultiPolygon", "coordinates": [[[[72.3527666, 34.22285052], [72.35276134, 34.22288771], [72.35282749, 34.2228941], [72.35283275, 34.22285691], [72.3527666, 34.22285052]]]]}, "properties": {"id": "Pakistan_123102310_334880", "height": 2.912596464157104, "hmax": 0.056, "ratio": 0.019, "vulnClass": "none"}}, {"type": "Feature", "geometry": {"type": "MultiPolygon", "coordinates": [[[[72.35355276, 34.22344239], [72.35345148, 34.22342016], [72.35343657, 34.22346661], [72.35353785, 34.22348884], [72.35355276, 34.22344239]]]]}, "properties": {"id": "Pakistan_123102310_287295", "height": 3.954814910888672, "hmax": 0.037, "ratio": 0.009, "vulnClass": "none"}}, {"type": "Feature", "geometry": {"type": "MultiPolygon", "coordinates": [[[[72.35352197, 34.22357072], [72.35341551, 34.22354531], [72.35336363, 34.22369389], [72.35347009, 34.2237193], [72.35352197, 34.22357072]]]]}, "properties": {"id": "Pakistan_123102310_599880", "height": 4.334390163421631, "hmax": 0.024, "ratio": 0.006, "vulnClass": "none"}}, {"type": "Feature", "geometry": {"type": "MultiPolygon", "coordinates": [[[[72.35321459, 34.22356658], [72.35320247, 34.22360753], [72.35309513, 34.22358583], [72.35305491, 34.22372185], [72.35324323, 34.22375993], [72.35328594, 34.22361554], [72.35333298, 34.22362505], [72.35332617, 34.22364807], [72.35337024, 34.22365698], [72.35338669, 34.22360136], [72.35321459, 34.22356658]]]]}, "properties": {"id": "Pakistan_123102310_55911", "height": 3.646777153015137, "hmax": 0.057, "ratio": 0.016, "vulnClass": "none"}}, {"type": "Feature", "geometry": {"type": "MultiPolygon", "coordinates": [[[[72.35280005, 34.22348317], [72.35287254, 34.22349037], [72.35287921, 34.22344446], [72.35280671, 34.22343726], [72.35280005, 34.22348317]]]]}, "properties": {"id": "Pakistan_123102310_8313", "height": 3.429247379302979, "hmax": 0.057, "ratio": 0.017, "vulnClass": "none"}}, {"type": "Feature", "geometry": {"type": "MultiPolygon", "coordinates": [[[[72.35290152, 34.22349854], [72.35299968, 34.22351444], [72.3530098, 34.22347172], [72.35291164, 34.22345582], [72.35290152, 34.22349854]]]]}, "properties": {"id": "Pakistan_123102310_752079", "height": 3.159627199172974, "hmax": 0.057, "ratio": 0.018, "vulnClass": "none"}}, {"type": "Feature", "geometry": {"type": "MultiPolygon", "coordinates": [[[[72.35299439, 34.22364075], [72.35275831, 34.22360482], [72.35274186, 34.2236787], [72.3529546, 34.22371106], [72.35294525, 34.22375303], [72.35302827, 34.22376567], [72.35307268, 34.22356617], [72.35301301, 34.22355709], [72.35299439, 34.22364075]]]]}, "properties": {"id": "Pakistan_123102310_813488", "height": 3.646777153015137, "hmax": 0.057, "ratio": 0.016, "vulnClass": "none"}}, {"type": "Feature", "geometry": {"type": "MultiPolygon", "coordinates": [[[[72.35242823, 34.22357518], [72.35236954, 34.22380802], [72.35254947, 34.22383903], [72.35257465, 34.22373914], [72.35251705, 34.22372921], [72.35252484, 34.22369828], [72.35246572, 34.22368809], [72.35248149, 34.2236255], [72.35261259, 34.22364809], [72.35262253, 34.22360865], [72.35242823, 34.22357518]]]]}, "properties": {"id": "Pakistan_123102310_500327", "height": 4.53275203704834, "hmax": 0.057, "ratio": 0.013, "vulnClass": "none"}}, {"type": "Feature", "geometry": {"type": "MultiPolygon", "coordinates": [[[[72.35215228, 34.22340815], [72.35210436, 34.22352061], [72.35219642, 34.22354743], [72.35224433, 34.22343497], [72.35215228, 34.22340815]]]]}, "properties": {"id": "Pakistan_123102310_101862", "height": 3.460236549377441, "hmax": 0.144, "ratio": 0.042, "vulnClass": "none"}}, {"type": "Feature", "geometry": {"type": "MultiPolygon", "coordinates": [[[[72.35278247, 34.22352933], [72.3524851, 34.22348185], [72.35246491, 34.22356833], [72.35276228, 34.2236158], [72.35278247, 34.22352933]]]]}, "properties": {"id": "Pakistan_123102310_832448", "height": 4.969866275787354, "hmax": 0.057, "ratio": 0.011, "vulnClass": "none"}}, {"type": "Feature", "geometry": {"type": "MultiPolygon", "coordinates": [[[[72.35230364, 34.22330108], [72.35219887, 34.22356928], [72.35218915, 34.22356668], [72.3520856, 34.22383177], [72.3521366, 34.22384539], [72.35216955, 34.22376105], [72.352325, 34.22380256], [72.35237128, 34.22368407], [72.35225956, 34.22365424], [72.35235527, 34.22340923], [72.35242225, 34.22342712], [72.35243716, 34.22338896], [72.35247845, 34.22339999], [72.35252986, 34.22326834], [72.35246775, 34.22325175], [72.35245241, 34.22329101], [72.35241355, 34.22328064], [72.35239593, 34.22332572], [72.35230364, 34.22330108]]]]}, "properties": {"id": "Pakistan_123102310_510022", "height": 4.175586700439453, "hmax": 0.103, "ratio": 0.025, "vulnClass": "none"}}, {"type": "Feature", "geometry": {"type": "MultiPolygon", "coordinates": [[[[72.35228809, 34.22332357], [72.35219479, 34.22330914], [72.35218559, 34.22334986], [72.35227889, 34.22336428], [72.35228809, 34.22332357]]]]}, "properties": {"id": "Pakistan_123102310_353818", "height": 3.034384250640869, "hmax": 0.144, "ratio": 0.048, "vulnClass": "none"}}, {"type": "Feature", "geometry": {"type": "MultiPolygon", "coordinates": [[[[72.35174172, 34.22327018], [72.35166614, 34.2232543], [72.35164309, 34.2233293], [72.35180182, 34.22336265], [72.35184984, 34.22320641], [72.3517667, 34.22318894], [72.35174172, 34.22327018]]]]}, "properties": {"id": "Pakistan_123102310_903441", "height": 3.30781888961792, "hmax": 0.144, "ratio": 0.043, "vulnClass": "none"}}, {"type": "Feature", "geometry": {"type": "MultiPolygon", "coordinates": [[[[72.3517344, 34.22335435], [72.35169574, 34.22346486], [72.35162148, 34.2234471], [72.3515939, 34.22352595], [72.35173848, 34.22356054], [72.35180474, 34.22337117], [72.3517344, 34.22335435]]]]}, "properties": {"id": "Pakistan_123102310_168430", "height": 2.855876445770264, "hmax": 0.144, "ratio": 0.05, "vulnClass": "low"}}, {"type": "Feature", "geometry": {"type": "MultiPolygon", "coordinates": [[[[72.35189185, 34.22374578], [72.35199424, 34.2237643], [72.35202113, 34.22366272], [72.3519469, 34.22364928], [72.35197323, 34.22354981], [72.35193483, 34.22354286], [72.35192587, 34.22357673], [72.35193611, 34.22357858], [72.35189185, 34.22374578]]]]}, "properties": {"id": "Pakistan_123102310_865499", "height": 3.706400394439697, "hmax": 0.144, "ratio": 0.039, "vulnClass": "none"}}, {"type": "Feature", "geometry": {"type": "MultiPolygon", "coordinates": [[[[72.35218791, 34.22357243], [72.35199581, 34.22352144], [72.35197474, 34.22357572], [72.35216683, 34.22362671], [72.35218791, 34.22357243]]]]}, "properties": {"id": "Pakistan_123102310_130544", "height": 4.131747245788574, "hmax": 0.144, "ratio": 0.035, "vulnClass": "none"}}, {"type": "Feature", "geometry": {"type": "MultiPolygon", "coordinates": [[[[72.35214696, 34.22362158], [72.35196788, 34.22358429], [72.35194975, 34.22364381], [72.35203046, 34.22366062], [72.35199333, 34.22378254], [72.3520917, 34.22380302], [72.35214696, 34.22362158]]]]}, "properties": {"id": "Pakistan_123102310_73142", "height": 4.183247566223145, "hmax": 0.144, "ratio": 0.034, "vulnClass": "none"}}, {"type": "Feature", "geometry": {"type": "MultiPolygon", "coordinates": [[[[72.35230139, 34.22389496], [72.35204778, 34.22383228], [72.35203527, 34.22386689], [72.35183829, 34.2238182], [72.35182357, 34.22385892], [72.35193191, 34.2238857], [72.35191572, 34.22393049], [72.35180738, 34.22390371], [72.35178383, 34.22396886], [72.35223441, 34.22408022], [72.35230139, 34.22389496]]]]}, "properties": {"id": "Pakistan_123102310_349131", "height": 3.029191017150879, "hmax": 0.143, "ratio": 0.047, "vulnClass": "none"}}, {"type": "Feature", "geometry": {"type": "MultiPolygon", "coordinates": [[[[72.35235603, 34.22380628], [72.35230683, 34.22400313], [72.35247249, 34.22403145], [72.35249483, 34.22394212], [72.35241509, 34.22392849], [72.35243346, 34.223855], [72.35240002, 34.22384929], [72.35240853, 34.22381526], [72.35235603, 34.22380628]]]]}, "properties": {"id": "Pakistan_123102310_898669", "height": 3.842292785644531, "hmax": 0.057, "ratio": 0.015, "vulnClass": "none"}}, {"type": "Feature", "geometry": {"type": "MultiPolygon", "coordinates": [[[[72.35238797, 34.22402122], [72.35233884, 34.22416015], [72.35242533, 34.22418106], [72.35247445, 34.22404212], [72.35238797, 34.22402122]]]]}, "properties": {"id": "Pakistan_123102310_642495", "height": 4.551478862762451, "hmax": 0.057, "ratio": 0.013, "vulnClass": "none"}}, {"type": "Feature", "geometry": {"type": "MultiPolygon", "coordinates": [[[[72.35185661, 34.22432833], [72.35191865, 34.22434292], [72.35193559, 34.22429368], [72.35206311, 34.22432367], [72.3520882, 34.22425075], [72.35201127, 34.22423266], [72.35203386, 34.224167], [72.35192121, 34.22414051], [72.35185661, 34.22432833]]]]}, "properties": {"id": "Pakistan_123102310_926976", "height": 4.061227798461914, "hmax": 0.145, "ratio": 0.036, "vulnClass": "none"}}, {"type": "Feature", "geometry": {"type": "MultiPolygon", "coordinates": [[[[72.35211734, 34.22434201], [72.35207096, 34.22433425], [72.35204956, 34.22442159], [72.35216708, 34.22444127], [72.35218013, 34.22438801], [72.35210899, 34.2243761], [72.35211734, 34.22434201]]]]}, "properties": {"id": "Pakistan_123102310_196632", "height": 3.106266260147095, "hmax": 0.166, "ratio": 0.053, "vulnClass": "low"}}, {"type": "Feature", "geometry": {"type": "MultiPolygon", "coordinates": [[[[72.35180111, 34.22438056], [72.35166994, 34.22435505], [72.35168397, 34.22430574], [72.35164485, 34.22429813], [72.3516323, 34.22434226], [72.35159163, 34.22433435], [72.35156745, 34.2244194], [72.35185974, 34.22447623], [72.35188484, 34.22438797], [72.35180351, 34.22437215], [72.35180111, 34.22438056]]]]}, "properties": {"id": "Pakistan_123102310_661697", "height": 4.496778964996338, "hmax": 0.166, "ratio": 0.037, "vulnClass": "none"}}, {"type": "Feature", "geometry": {"type": "MultiPolygon", "coordinates": [[[[72.35180627, 34.2246296], [72.35193627, 34.22466247], [72.35198202, 34.22453876], [72.35185202, 34.22450589], [72.35180627, 34.2246296]]]]}, "properties": {"id": "Pakistan_123102310_415149", "height": 3.531143665313721, "hmax": 0.166, "ratio": 0.047, "vulnClass": "none"}}, {"type": "Feature", "geometry": {"type": "MultiPolygon", "coordinates": [[[[72.35216092, 34.22445269], [72.35205411, 34.22441789], [72.35202301, 34.22448317], [72.35212982, 34.22451796], [72.35216092, 34.22445269]]]]}, "properties": {"id": "Pakistan_123102310_282549", "height": 2.82852840423584, "hmax": 0.166, "ratio": 0.059, "vulnClass": "low"}}, {"type": "Feature", "geometry": {"type": "MultiPolygon", "coordinates": [[[[72.35213139, 34.2245487], [72.35217932, 34.22456237], [72.35222151, 34.22446131], [72.35217357, 34.22444763], [72.35213139, 34.2245487]]]]}, "properties": {"id": "Pakistan_123102310_818312", "height": 3.051974058151245, "hmax": 0.166, "ratio": 0.054, "vulnClass": "low"}}, {"type": "Feature", "geometry": {"type": "MultiPolygon", "coordinates": [[[[72.35223243, 34.22459455], [72.35212665, 34.22456481], [72.35210048, 34.22462842], [72.35220626, 34.22465816], [72.35223243, 34.22459455]]]]}, "properties": {"id": "Pakistan_123102310_770979", "height": 2.955147981643677, "hmax": 0.166, "ratio": 0.056, "vulnClass": "low"}}, {"type": "Feature", "geometry": {"type": "MultiPolygon", "coordinates": [[[[72.35227311, 34.2245049], [72.35221743, 34.22449365], [72.35219269, 34.22457737], [72.35224838, 34.22458862], [72.35227311, 34.2245049]]]]}, "properties": {"id": "Pakistan_123102310_410404", "height": 2.775837898254395, "hmax": 0.159, "ratio": 0.057, "vulnClass": "low"}}, {"type": "Feature", "geometry": {"type": "MultiPolygon", "coordinates": [[[[72.3522365, 34.22434147], [72.35221802, 34.22439232], [72.35231642, 34.22441677], [72.3523349, 34.22436592], [72.3522365, 34.22434147]]]]}, "properties": {"id": "Pakistan_123102310_908098", "height": 4.316021919250488, "hmax": 0.099, "ratio": 0.023, "vulnClass": "none"}}, {"type": "Feature", "geometry": {"type": "MultiPolygon", "coordinates": [[[[72.35221565, 34.22432913], [72.35235683, 34.22436274], [72.35239217, 34.22426126], [72.35225098, 34.22422766], [72.35221565, 34.22432913]]]]}, "properties": {"id": "Pakistan_123102310_827648", "height": 2.59727668762207, "hmax": 0.079, "ratio": 0.03, "vulnClass": "none"}}, {"type": "Feature", "geometry": {"type": "MultiPolygon", "coordinates": [[[[72.35210877, 34.22429171], [72.35221101, 34.22431868], [72.35224639, 34.224227], [72.35214414, 34.22420003], [72.35210877, 34.22429171]]]]}, "properties": {"id": "Pakistan_123102310_818310", "height": 2.63446307182312, "hmax": 0.144, "ratio": 0.055, "vulnClass": "low"}}, {"type": "Feature", "geometry": {"type": "MultiPolygon", "coordinates": [[[[72.35263651, 34.22459064], [72.35290648, 34.22464671], [72.35296767, 34.22444526], [72.35276331, 34.22440283], [72.35274556, 34.22446124], [72.35267996, 34.22444762], [72.35263651, 34.22459064]]]]}, "properties": {"id": "Pakistan_123102310_177856", "height": 3.437106132507324, "hmax": 0.058, "ratio": 0.017, "vulnClass": "none"}}, {"type": "Feature", "geometry": {"type": "MultiPolygon", "coordinates": [[[[72.35269783, 34.22460473], [72.35264825, 34.22473363], [72.35282759, 34.22478078], [72.35287715, 34.22465187], [72.35269783, 34.22460473]]]]}, "properties": {"id": "Pakistan_123102310_330185", "height": 4.225469589233398, "hmax": 0.058, "ratio": 0.014, "vulnClass": "none"}}, {"type": "Feature", "geometry": {"type": "MultiPolygon", "coordinates": [[[[72.35333557, 34.22457499], [72.35324106, 34.22455751], [72.35321307, 34.22466101], [72.35330758, 34.22467848], [72.35333557, 34.22457499]]]]}, "properties": {"id": "Pakistan_123102310_747394", "height": 2.992907047271729, "hmax": 0.058, "ratio": 0.019, "vulnClass": "none"}}, {"type": "Feature", "geometry": {"type": "MultiPolygon", "coordinates": [[[[72.35364819, 34.22441706], [72.35341457, 34.22435398], [72.35335488, 34.22450513], [72.3535885, 34.2245682], [72.35364819, 34.22441706]]]]}, "properties": {"id": "Pakistan_123102310_320759", "height": 6.285345554351807, "hmax": 0.016, "ratio": 0.003, "vulnClass": "none"}}, {"type": "Feature", "geometry": {"type": "MultiPolygon", "coordinates": [[[[72.35339835, 34.22404064], [72.35353615, 34.22406829], [72.35355459, 34.22400546], [72.35341679, 34.22397781], [72.35339835, 34.22404064]]]]}, "properties": {"id": "Pakistan_123102310_140929", "height": 5.287042140960693, "hmax": 0.023, "ratio": 0.004, "vulnClass": "none"}}, {"type": "Feature", "geometry": {"type": "MultiPolygon", "coordinates": [[[[72.3531135, 34.22391338], [72.3530208, 34.22390472], [72.35301046, 34.22398042], [72.35310315, 34.22398908], [72.3531135, 34.22391338]]]]}, "properties": {"id": "Pakistan_123102310_524226", "height": 2.457050085067749, "hmax": 0.057, "ratio": 0.023, "vulnClass": "none"}}, {"type": "Feature", "geometry": {"type": "MultiPolygon", "coordinates": [[[[72.35264179, 34.22408738], [72.3529367, 34.22412524], [72.35299929, 34.22379173], [72.35293905, 34.223784], [72.35292239, 34.22387279], [72.3527181, 34.22384657], [72.35274898, 34.22368198], [72.35270708, 34.22367661], [72.35270039, 34.22371221], [72.35258253, 34.22369709], [72.3525423, 34.22391149], [72.3526717, 34.22392809], [72.35264179, 34.22408738]]]]}, "properties": {"id": "Pakistan_123102310_415155", "height": 4.67397403717041, "hmax": 0.057, "ratio": 0.012, "vulnClass": "none"}}, {"type": "Feature", "geometry": {"type": "MultiPolygon", "coordinates": [[[[72.35321868, 34.22381579], [72.35328468, 34.22382671], [72.35329397, 34.22378833], [72.35322797, 34.22377741], [72.35321868, 34.22381579]]]]}, "properties": {"id": "Pakistan_123102310_566680", "height": 4.523540496826172, "hmax": 0.057, "ratio": 0.013, "vulnClass": "none"}}, {"type": "Feature", "geometry": {"type": "MultiPolygon", "coordinates": [[[[72.35386322, 34.22450459], [72.35364605, 34.22444138], [72.3535911, 34.22457046], [72.35380828, 34.22463367], [72.35386322, 34.22450459]]]]}, "properties": {"id": "Pakistan_123102310_794582", "height": 4.474882125854492, "hmax": 0.016, "ratio": 0.004, "vulnClass": "none"}}, {"type": "Feature", "geometry": {"type": "MultiPolygon", "coordinates": [[[[72.35426278, 34.2232459], [72.35441664, 34.22328036], [72.35446605, 34.22312953], [72.3543122, 34.22309507], [72.35426278, 34.2232459]]]]}, "properties": {"id": "Pakistan_123102310_111516", "height": 2.729330778121948, "hmax": 0.058, "ratio": 0.021, "vulnClass": "none"}}, {"type": "Feature", "geometry": {"type": "MultiPolygon", "coordinates": [[[[72.35501539, 34.22280594], [72.35502922, 34.22276717], [72.35498233, 34.22275574], [72.35496851, 34.22279451], [72.35501539, 34.22280594]]]]}, "properties": {"id": "Pakistan_123102310_339624", "height": 3.031208992004395, "hmax": 0.045, "ratio": 0.015, "vulnClass": "none"}}, {"type": "Feature", "geometry": {"type": "MultiPolygon", "coordinates": [[[[72.35493534, 34.2228729], [72.35492418, 34.22293674], [72.35497147, 34.22294238], [72.35498263, 34.22287855], [72.35493534, 34.2228729]]]]}, "properties": {"id": "Pakistan_123102310_372723", "height": 4.622528076171875, "hmax": 0.045, "ratio": 0.01, "vulnClass": "none"}}, {"type": "Feature", "geometry": {"type": "MultiPolygon", "coordinates": [[[[72.35495273, 34.22312212], [72.35493679, 34.22317332], [72.35505358, 34.22319818], [72.35506953, 34.22314698], [72.35495273, 34.22312212]]]]}, "properties": {"id": "Pakistan_123102310_26502", "height": 3.712128400802612, "hmax": 0.045, "ratio": 0.012, "vulnClass": "none"}}, {"type": "Feature", "geometry": {"type": "MultiPolygon", "coordinates": [[[[72.35490105, 34.22293536], [72.35484779, 34.22315497], [72.3549421, 34.2231706], [72.35499533, 34.22295099], [72.35490105, 34.22293536]]]]}, "properties": {"id": "Pakistan_123102310_552452", "height": 3.762285232543945, "hmax": 0.045, "ratio": 0.012, "vulnClass": "none"}}, {"type": "Feature", "geometry": {"type": "MultiPolygon", "coordinates": [[[[72.35572305, 34.22288711], [72.35569173, 34.22297483], [72.35588063, 34.22302094], [72.35591195, 34.22293322], [72.35572305, 34.22288711]]]]}, "properties": {"id": "Pakistan_123102310_490993", "height": 2.445739507675171, "hmax": 0.016, "ratio": 0.007, "vulnClass": "none"}}, {"type": "Feature", "geometry": {"type": "MultiPolygon", "coordinates": [[[[72.35689596, 34.2229721], [72.35700021, 34.22298364], [72.35700903, 34.22292917], [72.35690478, 34.22291763], [72.35689596, 34.2229721]]]]}, "properties": {"id": "Pakistan_123102310_676050", "height": 3.941654205322266, "hmax": 0.022, "ratio": 0.006, "vulnClass": "none"}}, {"type": "Feature", "geometry": {"type": "MultiPolygon", "coordinates": [[[[72.35863126, 34.22630601], [72.3585569, 34.22627919], [72.35851111, 34.22636596], [72.35854041, 34.22637653], [72.35856457, 34.22633074], [72.35860963, 34.226347], [72.35863126, 34.22630601]]]]}, "properties": {"id": "Pakistan_123102310_296986", "height": 3.460170745849609, "hmax": 0.031, "ratio": 0.009, "vulnClass": "none"}}, {"type": "Feature", "geometry": {"type": "MultiPolygon", "coordinates": [[[[72.3588792, 34.22658426], [72.3588974, 34.22651199], [72.35868917, 34.22647614], [72.35867097, 34.22654841], [72.3588792, 34.22658426]]]]}, "properties": {"id": "Pakistan_123102310_150511", "height": 3.07941198348999, "hmax": 0.042, "ratio": 0.014, "vulnClass": "none"}}, {"type": "Feature", "geometry": {"type": "MultiPolygon", "coordinates": [[[[72.35857838, 34.22663864], [72.35852341, 34.22660936], [72.35854609, 34.22658025], [72.35847026, 34.22653986], [72.35839578, 34.22663548], [72.35852658, 34.22670514], [72.35857838, 34.22663864]]]]}, "properties": {"id": "Pakistan_123102310_17016", "height": 2.75471830368042, "hmax": 0.031, "ratio": 0.011, "vulnClass": "none"}}, {"type": "Feature", "geometry": {"type": "MultiPolygon", "coordinates": [[[[72.35816654, 34.22639054], [72.35813033, 34.22644505], [72.35823129, 34.22649091], [72.35826751, 34.22643639], [72.35816654, 34.22639054]]]]}, "properties": {"id": "Pakistan_123102310_410463", "height": 2.793255567550659, "hmax": 0.031, "ratio": 0.011, "vulnClass": "none"}}, {"type": "Feature", "geometry": {"type": "MultiPolygon", "coordinates": [[[[72.35812658, 34.22641719], [72.35800223, 34.22637545], [72.35796764, 34.2264459], [72.358092, 34.22648764], [72.35812658, 34.22641719]]]]}, "properties": {"id": "Pakistan_123102310_941288", "height": 3.046424865722656, "hmax": 0.031, "ratio": 0.01, "vulnClass": "none"}}, {"type": "Feature", "geometry": {"type": "MultiPolygon", "coordinates": [[[[72.35690252, 34.22641363], [72.35684881, 34.22651642], [72.35703642, 34.22658343], [72.35709013, 34.22648065], [72.35690252, 34.22641363]]]]}, "properties": {"id": "Pakistan_123102310_368005", "height": 2.93274450302124, "hmax": 0.027, "ratio": 0.009, "vulnClass": "none"}}, {"type": "Feature", "geometry": {"type": "MultiPolygon", "coordinates": [[[[72.3565229, 34.22631205], [72.35655879, 34.2263302], [72.35659774, 34.22627753], [72.35656186, 34.22625939], [72.3565229, 34.22631205]]]]}, "properties": {"id": "Pakistan_123102310_623560", "height": 3.852676153182983, "hmax": 0.026, "ratio": 0.007, "vulnClass": "none"}}, {"type": "Feature", "geometry": {"type": "MultiPolygon", "coordinates": [[[[72.35640872, 34.22618976], [72.35636688, 34.2261736], [72.35632574, 34.22624642], [72.35636758, 34.22626258], [72.35640872, 34.22618976]]]]}, "properties": {"id": "Pakistan_123102310_865536", "height": 4.705047607421875, "hmax": 0.035, "ratio": 0.007, "vulnClass": "none"}}, {"type": "Feature", "geometry": {"type": "MultiPolygon", "coordinates": [[[[72.35555742, 34.22647498], [72.35554744, 34.22650843], [72.35558789, 34.22651668], [72.35559787, 34.22648323], [72.35555742, 34.22647498]]]]}, "properties": {"id": "Pakistan_123102310_557162", "height": 2.858597040176392, "hmax": 0.023, "ratio": 0.008, "vulnClass": "none"}}, {"type": "Feature", "geometry": {"type": "MultiPolygon", "coordinates": [[[[72.35438459, 34.22660755], [72.35420329, 34.22655469], [72.35416711, 34.22663951], [72.35434842, 34.22669237], [72.35438459, 34.22660755]]]]}, "properties": {"id": "Pakistan_123102310_169361", "height": 6.965157508850098, "hmax": 0.06, "ratio": 0.009, "vulnClass": "none"}}, {"type": "Feature", "geometry": {"type": "MultiPolygon", "coordinates": [[[[72.35514332, 34.22583124], [72.35501295, 34.22579213], [72.35494244, 34.22595284], [72.35507281, 34.22599194], [72.35514332, 34.22583124]]]]}, "properties": {"id": "Pakistan_123102310_281714", "height": 4.279354572296143, "hmax": 0.02, "ratio": 0.005, "vulnClass": "none"}}, {"type": "Feature", "geometry": {"type": "MultiPolygon", "coordinates": [[[[72.35449775, 34.22601814], [72.35461354, 34.22604266], [72.35462489, 34.22600601], [72.3545091, 34.2259815], [72.35449775, 34.22601814]]]]}, "properties": {"id": "Pakistan_123102310_281688", "height": 3.361616849899292, "hmax": 0.02, "ratio": 0.006, "vulnClass": "none"}}, {"type": "Feature", "geometry": {"type": "MultiPolygon", "coordinates": [[[[72.35472947, 34.22609796], [72.35484129, 34.22613393], [72.35491414, 34.22597909], [72.35484425, 34.22595661], [72.35481128, 34.22602669], [72.35476934, 34.22601321], [72.35472947, 34.22609796]]]]}, "properties": {"id": "Pakistan_123102310_775767", "height": 2.673748731613159, "hmax": 0.02, "ratio": 0.007, "vulnClass": "none"}}, {"type": "Feature", "geometry": {"type": "MultiPolygon", "coordinates": [[[[72.35493744, 34.2259548], [72.35491623, 34.22600144], [72.35504783, 34.22604235], [72.35506904, 34.22599571], [72.35493744, 34.2259548]]]]}, "properties": {"id": "Pakistan_123102310_453024", "height": 2.681091785430908, "hmax": 0.02, "ratio": 0.007, "vulnClass": "none"}}, {"type": "Feature", "geometry": {"type": "MultiPolygon", "coordinates": [[[[72.35481575, 34.22592167], [72.35490072, 34.22594943], [72.35491758, 34.22591417], [72.35483261, 34.2258864], [72.35481575, 34.22592167]]]]}, "properties": {"id": "Pakistan_123102310_306456", "height": 2.654970645904541, "hmax": 0.02, "ratio": 0.007, "vulnClass": "none"}}, {"type": "Feature", "geometry": {"type": "MultiPolygon", "coordinates": [[[[72.35513291, 34.22585366], [72.35522758, 34.22588224], [72.355263, 34.22580201], [72.35536241, 34.22583201], [72.35538747, 34.22577526], [72.35519339, 34.22571668], [72.35513291, 34.22585366]]]]}, "properties": {"id": "Pakistan_123102310_922279", "height": 3.274274349212646, "hmax": 0.02, "ratio": 0.006, "vulnClass": "none"}}, {"type": "Feature", "geometry": {"type": "MultiPolygon", "coordinates": [[[[72.35511641, 34.22560679], [72.35524117, 34.22563883], [72.35525333, 34.22560646], [72.35512856, 34.22557443], [72.35511641, 34.22560679]]]]}, "properties": {"id": "Pakistan_123102310_651965", "height": 2.769978761672974, "hmax": 0.02, "ratio": 0.007, "vulnClass": "none"}}, {"type": "Feature", "geometry": {"type": "MultiPolygon", "coordinates": [[[[72.35482589, 34.22532326], [72.35486264, 34.22522728], [72.35477, 34.22520304], [72.35473325, 34.22529901], [72.35482589, 34.22532326]]]]}, "properties": {"id": "Pakistan_123102310_865531", "height": 3.159623146057129, "hmax": 0.023, "ratio": 0.007, "vulnClass": "none"}}, {"type": "Feature", "geometry": {"type": "MultiPolygon", "coordinates": [[[[72.35527176, 34.22521905], [72.35515026, 34.22518896], [72.35511608, 34.22528336], [72.35518589, 34.22530064], [72.35514341, 34.22541791], [72.35506218, 34.2253978], [72.35503933, 34.22546089], [72.3551304, 34.22548344], [72.35515003, 34.22542926], [72.35520084, 34.22544184], [72.35519375, 34.22546143], [72.35526108, 34.2254781], [72.35528219, 34.22541984], [72.35520588, 34.22540095], [72.35527176, 34.22521905]]]]}, "properties": {"id": "Pakistan_123102310_618860", "height": 5.99264669418335, "hmax": 0.022, "ratio": 0.004, "vulnClass": "none"}}, {"type": "Feature", "geometry": {"type": "MultiPolygon", "coordinates": [[[[72.35459368, 34.22504955], [72.3546014, 34.2250279], [72.35469179, 34.22504993], [72.35466852, 34.22511523], [72.35471294, 34.22512605], [72.3547525, 34.22501507], [72.35451897, 34.22495815], [72.35449497, 34.22502549], [72.35459368, 34.22504955]]]]}, "properties": {"id": "Pakistan_123102310_832471", "height": 5.499244689941406, "hmax": 0.025, "ratio": 0.005, "vulnClass": "none"}}, {"type": "Feature", "geometry": {"type": "MultiPolygon", "coordinates": [[[[72.35491272, 34.22508206], [72.35488204, 34.22517104], [72.35484235, 34.22516168], [72.35482352, 34.22521627], [72.3549922, 34.22525604], [72.35504171, 34.22511248], [72.35491272, 34.22508206]]]]}, "properties": {"id": "Pakistan_123102310_467333", "height": 4.935263633728027, "hmax": 0.025, "ratio": 0.005, "vulnClass": "none"}}, {"type": "Feature", "geometry": {"type": "MultiPolygon", "coordinates": [[[[72.35436803, 34.22490387], [72.35431496, 34.22501678], [72.3543569, 34.22503026], [72.35437466, 34.22499249], [72.35444076, 34.22501373], [72.35447609, 34.22493859], [72.35436803, 34.22490387]]]]}, "properties": {"id": "Pakistan_123102310_704466", "height": 3.423641681671143, "hmax": 0.019, "ratio": 0.006, "vulnClass": "none"}}, {"type": "Feature", "geometry": {"type": "MultiPolygon", "coordinates": [[[[72.35355209, 34.22475913], [72.35373031, 34.2248281], [72.35375151, 34.22479065], [72.35357328, 34.22472168], [72.35355209, 34.22475913]]]]}, "properties": {"id": "Pakistan_123102310_552440", "height": 3.683518409729004, "hmax": 0.016, "ratio": 0.004, "vulnClass": "none"}}, {"type": "Feature", "geometry": {"type": "MultiPolygon", "coordinates": [[[[72.35361351, 34.22479947], [72.35353956, 34.22477912], [72.35351787, 34.22483304], [72.35359183, 34.22485338], [72.35361351, 34.22479947]]]]}, "properties": {"id": "Pakistan_123102310_595170", "height": 2.520424842834473, "hmax": 0.016, "ratio": 0.006, "vulnClass": "none"}}, {"type": "Feature", "geometry": {"type": "MultiPolygon", "coordinates": [[[[72.35374365, 34.22483227], [72.35367989, 34.22481612], [72.35366788, 34.22484857], [72.35373164, 34.22486471], [72.35374365, 34.22483227]]]]}, "properties": {"id": "Pakistan_123102310_618845", "height": 3.683518409729004, "hmax": 0.016, "ratio": 0.004, "vulnClass": "none"}}, {"type": "Feature", "geometry": {"type": "MultiPolygon", "coordinates": [[[[72.35379077, 34.22498408], [72.35380852, 34.22494271], [72.35364561, 34.22489494], [72.35359155, 34.22502102], [72.35363293, 34.22503316], [72.35366926, 34.22494845], [72.35379077, 34.22498408]]]]}, "properties": {"id": "Pakistan_123102310_851257", "height": 2.978729009628296, "hmax": 0.016, "ratio": 0.005, "vulnClass": "none"}}, {"type": "Feature", "geometry": {"type": "MultiPolygon", "coordinates": [[[[72.35360349, 34.22556283], [72.35394653, 34.22562967], [72.35398272, 34.22550275], [72.35370411, 34.22544845], [72.35375082, 34.22528457], [72.3536864, 34.22527202], [72.35360349, 34.22556283]]]]}, "properties": {"id": "Pakistan_123102310_481581", "height": 4.526397228240967, "hmax": 0.016, "ratio": 0.003, "vulnClass": "none"}}, {"type": "Feature", "geometry": {"type": "MultiPolygon", "coordinates": [[[[72.35441699, 34.22598866], [72.35449912, 34.22601121], [72.35459491, 34.22577273], [72.35472295, 34.22580788], [72.35474621, 34.22574996], [72.35464805, 34.225723], [72.35472505, 34.22553125], [72.35461306, 34.22550049], [72.35441699, 34.22598866]]]]}, "properties": {"id": "Pakistan_123102310_367980", "height": 4.109192371368408, "hmax": 0.02, "ratio": 0.005, "vulnClass": "none"}}, {"type": "Feature", "geometry": {"type": "MultiPolygon", "coordinates": [[[[72.35351313, 34.22556095], [72.35344706, 34.22576833], [72.35334765, 34.22574667], [72.35336813, 34.22568239], [72.35332458, 34.2256729], [72.35330542, 34.22573304], [72.35328284, 34.22572812], [72.35326897, 34.22577167], [72.3531796, 34.2257522], [72.35312741, 34.22591604], [72.35324687, 34.22594206], [72.35326405, 34.22588814], [72.35344213, 34.22592693], [72.35355577, 34.22557023], [72.35355076, 34.22556914], [72.35357388, 34.22549656], [72.35344937, 34.22546944], [72.35342625, 34.22554202], [72.35351313, 34.22556095]]]]}, "properties": {"id": "Pakistan_123102310_519535", "height": 5.319333076477051, "hmax": 0.025, "ratio": 0.005, "vulnClass": "none"}}, {"type": "Feature", "geometry": {"type": "MultiPolygon", "coordinates": [[[[72.35356781, 34.22537821], [72.35355886, 34.22540258], [72.35360306, 34.22541368], [72.35363215, 34.2253345], [72.3534808, 34.22529647], [72.35346065, 34.22535129], [72.35356781, 34.22537821]]]]}, "properties": {"id": "Pakistan_123102310_585818", "height": 3.630152940750122, "hmax": 0.016, "ratio": 0.004, "vulnClass": "none"}}, {"type": "Feature", "geometry": {"type": "MultiPolygon", "coordinates": [[[[72.35352238, 34.22504993], [72.35351294, 34.22509516], [72.35355106, 34.22510059], [72.35354477, 34.22513074], [72.35368022, 34.22515005], [72.35368894, 34.22510823], [72.3535587, 34.22508966], [72.3535657, 34.2250561], [72.35352238, 34.22504993]]]]}, "properties": {"id": "Pakistan_123102310_35764", "height": 3.515774250030518, "hmax": 0.016, "ratio": 0.005, "vulnClass": "none"}}, {"type": "Feature", "geometry": {"type": "MultiPolygon", "coordinates": [[[[72.35344058, 34.22498134], [72.35357366, 34.22502378], [72.35360016, 34.22496699], [72.35358849, 34.22496327], [72.35360072, 34.22493705], [72.35347931, 34.22489833], [72.35344058, 34.22498134]]]]}, "properties": {"id": "Pakistan_123102310_747396", "height": 2.723647117614746, "hmax": 0.016, "ratio": 0.006, "vulnClass": "none"}}, {"type": "Feature", "geometry": {"type": "MultiPolygon", "coordinates": [[[[72.35345976, 34.2247101], [72.35342282, 34.22470368], [72.35341418, 34.22473766], [72.35345112, 34.22474408], [72.35345976, 34.2247101]]]]}, "properties": {"id": "Pakistan_123102310_168476", "height": 2.62223744392395, "hmax": 0.016, "ratio": 0.006, "vulnClass": "none"}}, {"type": "Feature", "geometry": {"type": "MultiPolygon", "coordinates": [[[[72.35335405, 34.22488378], [72.35316005, 34.22482705], [72.35313476, 34.22488618], [72.35332875, 34.22494292], [72.35335405, 34.22488378]]]]}, "properties": {"id": "Pakistan_123102310_898678", "height": 2.767266511917114, "hmax": 0.056, "ratio": 0.02, "vulnClass": "none"}}, {"type": "Feature", "geometry": {"type": "MultiPolygon", "coordinates": [[[[72.35295259, 34.22499492], [72.35293241, 34.2250711], [72.35307062, 34.22509614], [72.35310481, 34.22496705], [72.35305618, 34.22495824], [72.35304217, 34.22501115], [72.35295259, 34.22499492]]]]}, "properties": {"id": "Pakistan_123102310_690205", "height": 3.697642087936401, "hmax": 0.058, "ratio": 0.016, "vulnClass": "none"}}, {"type": "Feature", "geometry": {"type": "MultiPolygon", "coordinates": [[[[72.35264971, 34.22519318], [72.35247905, 34.22515618], [72.35250895, 34.22506188], [72.3524437, 34.22504773], [72.35239932, 34.22518769], [72.35263523, 34.22523883], [72.35264971, 34.22519318]]]]}, "properties": {"id": "Pakistan_123102310_55895", "height": 3.010751247406006, "hmax": 0.058, "ratio": 0.019, "vulnClass": "none"}}, {"type": "Feature", "geometry": {"type": "MultiPolygon", "coordinates": [[[[72.35255797, 34.22473632], [72.35245027, 34.22504313], [72.35251055, 34.2250576], [72.35253353, 34.22499215], [72.35258209, 34.22500381], [72.352599, 34.22495563], [72.35271527, 34.22498353], [72.35275579, 34.22486808], [72.35278888, 34.22487603], [72.35282191, 34.22478194], [72.35264875, 34.22474037], [72.35264301, 34.22475674], [72.35255797, 34.22473632]]]]}, "properties": {"id": "Pakistan_123102310_917640", "height": 3.244339227676392, "hmax": 0.058, "ratio": 0.018, "vulnClass": "none"}}, {"type": "Feature", "geometry": {"type": "MultiPolygon", "coordinates": [[[[72.35209146, 34.22463831], [72.35202756, 34.22488886], [72.35214055, 34.22490856], [72.3521793, 34.22475665], [72.35217159, 34.2247553], [72.35218646, 34.22469701], [72.35221728, 34.22470238], [72.35222757, 34.22466204], [72.35209146, 34.22463831]]]]}, "properties": {"id": "Pakistan_123102310_671175", "height": 2.774826049804688, "hmax": 0.166, "ratio": 0.06, "vulnClass": "low"}}, {"type": "Feature", "geometry": {"type": "MultiPolygon", "coordinates": [[[[72.35197099, 34.22468132], [72.35192765, 34.22467147], [72.35186804, 34.22485088], [72.35198869, 34.22487828], [72.35201299, 34.22480516], [72.35193568, 34.2247876], [72.35197099, 34.22468132]]]]}, "properties": {"id": "Pakistan_123102310_832441", "height": 2.907995462417603, "hmax": 0.166, "ratio": 0.057, "vulnClass": "low"}}, {"type": "Feature", "geometry": {"type": "MultiPolygon", "coordinates": [[[[72.35183053, 34.22473001], [72.35169642, 34.22470285], [72.35167316, 34.22478138], [72.35180726, 34.22480855], [72.35183053, 34.22473001]]]]}, "properties": {"id": "Pakistan_123102310_685474", "height": 3.497428417205811, "hmax": 0.166, "ratio": 0.048, "vulnClass": "none"}}, {"type": "Feature", "geometry": {"type": "MultiPolygon", "coordinates": [[[[72.35159848, 34.22477911], [72.35158346, 34.22484323], [72.35172564, 34.22486601], [72.35174067, 34.22480188], [72.35159848, 34.22477911]]]]}, "properties": {"id": "Pakistan_123102310_633048", "height": 2.992729663848877, "hmax": 0.166, "ratio": 0.056, "vulnClass": "low"}}, {"type": "Feature", "geometry": {"type": "MultiPolygon", "coordinates": [[[[72.35159624, 34.22492128], [72.35156281, 34.22499778], [72.35166957, 34.22502968], [72.351703, 34.22495317], [72.35159624, 34.22492128]]]]}, "properties": {"id": "Pakistan_123102310_377439", "height": 6.133561134338379, "hmax": 0.166, "ratio": 0.027, "vulnClass": "none"}}, {"type": "Feature", "geometry": {"type": "MultiPolygon", "coordinates": [[[[72.35198258, 34.22495276], [72.35196448, 34.22503324], [72.35206137, 34.22504813], [72.35207947, 34.22496766], [72.35198258, 34.22495276]]]]}, "properties": {"id": "Pakistan_123102310_576342", "height": 3.007004022598267, "hmax": 0.166, "ratio": 0.055, "vulnClass": "low"}}, {"type": "Feature", "geometry": {"type": "MultiPolygon", "coordinates": [[[[72.35206385, 34.225064], [72.35202718, 34.22505455], [72.35201499, 34.22508689], [72.35196609, 34.22507429], [72.35195314, 34.22510865], [72.3520387, 34.2251307], [72.35206385, 34.225064]]]]}, "properties": {"id": "Pakistan_123102310_533527", "height": 2.485048770904541, "hmax": 0.166, "ratio": 0.067, "vulnClass": "low"}}, {"type": "Feature", "geometry": {"type": "MultiPolygon", "coordinates": [[[[72.35191853, 34.22523715], [72.35187969, 34.22523108], [72.35185081, 34.22535741], [72.35183527, 34.22535499], [72.35182206, 34.2254128], [72.35192306, 34.22542858], [72.35193601, 34.22537192], [72.3518894, 34.22536463], [72.35191853, 34.22523715]]]]}, "properties": {"id": "Pakistan_123102310_756843", "height": 3.009034395217896, "hmax": 0.133, "ratio": 0.044, "vulnClass": "none"}}, {"type": "Feature", "geometry": {"type": "MultiPolygon", "coordinates": [[[[72.35199413, 34.22524909], [72.35192796, 34.22523639], [72.35189311, 34.22536055], [72.35195928, 34.22537325], [72.35199413, 34.22524909]]]]}, "properties": {"id": "Pakistan_123102310_822912", "height": 2.84801721572876, "hmax": 0.133, "ratio": 0.047, "vulnClass": "none"}}, {"type": "Feature", "geometry": {"type": "MultiPolygon", "coordinates": [[[[72.351922, 34.22510867], [72.35190462, 34.22517427], [72.35201119, 34.22519357], [72.35202856, 34.22512796], [72.351922, 34.22510867]]]]}, "properties": {"id": "Pakistan_123102310_150387", "height": 2.83479642868042, "hmax": 0.166, "ratio": 0.059, "vulnClass": "low"}}, {"type": "Feature", "geometry": {"type": "MultiPolygon", "coordinates": [[[[72.35222996, 34.22554515], [72.35248831, 34.2256014], [72.35254445, 34.22542511], [72.35259211, 34.22543549], [72.35262278, 34.22533916], [72.3523485, 34.22527944], [72.35230556, 34.22541424], [72.35227384, 34.22540733], [72.35222996, 34.22554515]]]]}, "properties": {"id": "Pakistan_123102310_538262", "height": 4.891475677490234, "hmax": 0.043, "ratio": 0.009, "vulnClass": "none"}}, {"type": "Feature", "geometry": {"type": "MultiPolygon", "coordinates": [[[[72.35173056, 34.22560513], [72.35187561, 34.22563469], [72.35192297, 34.2254758], [72.35181333, 34.22545345], [72.3517965, 34.2255099], [72.3517611, 34.22550269], [72.35173056, 34.22560513]]]]}, "properties": {"id": "Pakistan_123102310_401087", "height": 3.139259338378906, "hmax": 0.133, "ratio": 0.042, "vulnClass": "none"}}, {"type": "Feature", "geometry": {"type": "MultiPolygon", "coordinates": [[[[72.35163671, 34.22545551], [72.35176005, 34.22548162], [72.3517778, 34.22542432], [72.35165445, 34.22539821], [72.35163671, 34.22545551]]]]}, "properties": {"id": "Pakistan_123102310_510013", "height": 3.424866199493408, "hmax": 0.133, "ratio": 0.039, "vulnClass": "none"}}, {"type": "Feature", "geometry": {"type": "MultiPolygon", "coordinates": [[[[72.35173529, 34.22560843], [72.35170582, 34.22569469], [72.35183408, 34.22572465], [72.35186355, 34.22563838], [72.35173529, 34.22560843]]]]}, "properties": {"id": "Pakistan_123102310_382132", "height": 2.547016382217407, "hmax": 0.133, "ratio": 0.052, "vulnClass": "low"}}, {"type": "Feature", "geometry": {"type": "MultiPolygon", "coordinates": [[[[72.35181769, 34.22580155], [72.35179729, 34.22584875], [72.351959, 34.22589656], [72.35197941, 34.22584937], [72.35181769, 34.22580155]]]]}, "properties": {"id": "Pakistan_123102310_287276", "height": 3.929539680480957, "hmax": 0.133, "ratio": 0.034, "vulnClass": "none"}}, {"type": "Feature", "geometry": {"type": "MultiPolygon", "coordinates": [[[[72.35165641, 34.22583601], [72.35163452, 34.22593241], [72.35174236, 34.22594916], [72.35176426, 34.22585277], [72.35165641, 34.22583601]]]]}, "properties": {"id": "Pakistan_123102310_112457", "height": 3.699914455413818, "hmax": 0.133, "ratio": 0.036, "vulnClass": "none"}}, {"type": "Feature", "geometry": {"type": "MultiPolygon", "coordinates": [[[[72.351695, 34.22601184], [72.35162233, 34.22598379], [72.35159971, 34.22602385], [72.35167238, 34.2260519], [72.351695, 34.22601184]]]]}, "properties": {"id": "Pakistan_123102310_761606", "height": 3.411709785461426, "hmax": 0.133, "ratio": 0.039, "vulnClass": "none"}}, {"type": "Feature", "geometry": {"type": "MultiPolygon", "coordinates": [[[[72.3516921, 34.2260207], [72.35166082, 34.22608845], [72.35182236, 34.22613943], [72.35185364, 34.22607168], [72.3516921, 34.2260207]]]]}, "properties": {"id": "Pakistan_123102310_733093", "height": 4.919698715209961, "hmax": 0.134, "ratio": 0.027, "vulnClass": "none"}}, {"type": "Feature", "geometry": {"type": "MultiPolygon", "coordinates": [[[[72.35199238, 34.22597957], [72.35194774, 34.22596683], [72.35188404, 34.22611941], [72.35199817, 34.22615198], [72.35204947, 34.22602913], [72.35197997, 34.22600929], [72.35199238, 34.22597957]]]]}, "properties": {"id": "Pakistan_123102310_281632", "height": 3.840042591094971, "hmax": 0.134, "ratio": 0.035, "vulnClass": "none"}}, {"type": "Feature", "geometry": {"type": "MultiPolygon", "coordinates": [[[[72.35222967, 34.2256588], [72.352203, 34.22576279], [72.35229891, 34.22577961], [72.35232558, 34.22567561], [72.35222967, 34.2256588]]]]}, "properties": {"id": "Pakistan_123102310_500325", "height": 2.544564962387085, "hmax": 0.05, "ratio": 0.02, "vulnClass": "none"}}, {"type": "Feature", "geometry": {"type": "MultiPolygon", "coordinates": [[[[72.35291034, 34.22645161], [72.35304855, 34.22647092], [72.35308512, 34.22629196], [72.35294691, 34.22627265], [72.35291034, 34.22645161]]]]}, "properties": {"id": "Pakistan_123102310_410408", "height": 3.772666931152344, "hmax": 0.173, "ratio": 0.046, "vulnClass": "none"}}, {"type": "Feature", "geometry": {"type": "MultiPolygon", "coordinates": [[[[72.35304578, 34.22651569], [72.3531853, 34.22653588], [72.35320378, 34.22644858], [72.35306425, 34.2264284], [72.35304578, 34.22651569]]]]}, "properties": {"id": "Pakistan_123102310_462574", "height": 4.426427841186523, "hmax": 0.173, "ratio": 0.039, "vulnClass": "none"}}, {"type": "Feature", "geometry": {"type": "MultiPolygon", "coordinates": [[[[72.35351677, 34.226462], [72.35350794, 34.22649494], [72.35356163, 34.22650478], [72.35358349, 34.22642322], [72.35346333, 34.2264012], [72.3534503, 34.22644982], [72.35351677, 34.226462]]]]}, "properties": {"id": "Pakistan_123102310_382148", "height": 3.434191226959229, "hmax": 0.062, "ratio": 0.018, "vulnClass": "none"}}, {"type": "Feature", "geometry": {"type": "MultiPolygon", "coordinates": [[[[72.35353358, 34.22657487], [72.35339996, 34.22653923], [72.35337253, 34.22660954], [72.35350615, 34.22664517], [72.35353358, 34.22657487]]]]}, "properties": {"id": "Pakistan_123102310_585817", "height": 2.699438571929932, "hmax": 0.062, "ratio": 0.023, "vulnClass": "none"}}, {"type": "Feature", "geometry": {"type": "MultiPolygon", "coordinates": [[[[72.35309299, 34.22679908], [72.35323512, 34.22683299], [72.35326227, 34.22675519], [72.35321274, 34.22674338], [72.35330061, 34.22649156], [72.35321642, 34.22647148], [72.3531607, 34.22663117], [72.3531523, 34.22662916], [72.35309299, 34.22679908]]]]}, "properties": {"id": "Pakistan_123102310_490962", "height": 4.404850006103516, "hmax": 0.171, "ratio": 0.039, "vulnClass": "none"}}, {"type": "Feature", "geometry": {"type": "MultiPolygon", "coordinates": [[[[72.35304217, 34.2265228], [72.35302729, 34.22658467], [72.35314598, 34.22660419], [72.35316086, 34.22654232], [72.35304217, 34.2265228]]]]}, "properties": {"id": "Pakistan_123102310_945889", "height": 4.426427841186523, "hmax": 0.173, "ratio": 0.039, "vulnClass": "none"}}, {"type": "Feature", "geometry": {"type": "MultiPolygon", "coordinates": [[[[72.35267925, 34.22637918], [72.35259322, 34.22636175], [72.35257434, 34.22642544], [72.35266037, 34.22644287], [72.35267925, 34.22637918]]]]}, "properties": {"id": "Pakistan_123102310_111498", "height": 3.222292900085449, "hmax": 0.173, "ratio": 0.054, "vulnClass": "low"}}, {"type": "Feature", "geometry": {"type": "MultiPolygon", "coordinates": [[[[72.352488, 34.22664845], [72.35251299, 34.22653696], [72.3523574, 34.22651312], [72.35235115, 34.22654099], [72.35241598, 34.22655092], [72.35239724, 34.22663454], [72.352488, 34.22664845]]]]}, "properties": {"id": "Pakistan_123102310_495704", "height": 2.443975448608398, "hmax": 0.173, "ratio": 0.071, "vulnClass": "low"}}, {"type": "Feature", "geometry": {"type": "MultiPolygon", "coordinates": [[[[72.35155826, 34.22653855], [72.35147907, 34.22652598], [72.35146617, 34.22658159], [72.35154535, 34.22659416], [72.35155826, 34.22653855]]]]}, "properties": {"id": "Pakistan_123102310_552422", "height": 4.953484535217285, "hmax": 0.143, "ratio": 0.029, "vulnClass": "none"}}, {"type": "Feature", "geometry": {"type": "MultiPolygon", "coordinates": [[[[72.35133521, 34.22646185], [72.35137005, 34.22646989], [72.35134678, 34.22653876], [72.35142641, 34.22655714], [72.35147399, 34.22641627], [72.35145159, 34.2264111], [72.35144395, 34.22643373], [72.35137926, 34.22641879], [72.35139663, 34.22636736], [72.35136926, 34.22636104], [72.35133521, 34.22646185]]]]}, "properties": {"id": "Pakistan_123102310_272004", "height": 3.298850059509277, "hmax": 0.143, "ratio": 0.043, "vulnClass": "none"}}, {"type": "Feature", "geometry": {"type": "MultiPolygon", "coordinates": [[[[72.35133342, 34.2264952], [72.35125244, 34.22647625], [72.35122045, 34.22656971], [72.35130142, 34.22658867], [72.35133342, 34.2264952]]]]}, "properties": {"id": "Pakistan_123102310_675989", "height": 2.905291795730591, "hmax": 0.143, "ratio": 0.049, "vulnClass": "none"}}, {"type": "Feature", "geometry": {"type": "MultiPolygon", "coordinates": [[[[72.35075134, 34.22659833], [72.35085463, 34.22662005], [72.35086808, 34.22657631], [72.35076479, 34.22655459], [72.35075134, 34.22659833]]]]}, "properties": {"id": "Pakistan_123102310_253186", "height": 3.107360124588013, "hmax": 0.081, "ratio": 0.026, "vulnClass": "none"}}, {"type": "Feature", "geometry": {"type": "MultiPolygon", "coordinates": [[[[72.35070159, 34.22701746], [72.35079905, 34.22704633], [72.35086377, 34.22689696], [72.35094222, 34.22692019], [72.3509584, 34.22688285], [72.35088471, 34.22686102], [72.35092517, 34.22676764], [72.35102739, 34.22679792], [72.35104398, 34.22675962], [72.35094034, 34.22672892], [72.3510042, 34.22658151], [72.35090343, 34.22655165], [72.35070159, 34.22701746]]]]}, "properties": {"id": "Pakistan_123102310_296903", "height": 4.009316921234131, "hmax": 0.078, "ratio": 0.019, "vulnClass": "none"}}, {"type": "Feature", "geometry": {"type": "MultiPolygon", "coordinates": [[[[72.35076422, 34.22638325], [72.35074123, 34.22643885], [72.35090934, 34.22648636], [72.35097338, 34.22633148], [72.35095416, 34.22632605], [72.35091312, 34.22642533], [72.35076422, 34.22638325]]]]}, "properties": {"id": "Pakistan_123102310_481550", "height": 4.452402591705322, "hmax": 0.081, "ratio": 0.018, "vulnClass": "none"}}, {"type": "Feature", "geometry": {"type": "MultiPolygon", "coordinates": [[[[72.35107829, 34.22649757], [72.35103847, 34.22660257], [72.35115325, 34.22663232], [72.35118694, 34.22654348], [72.35119427, 34.22654538], [72.3512272, 34.22645855], [72.35115882, 34.22644083], [72.35115039, 34.22646304], [72.35107469, 34.22644341], [72.35108771, 34.22640909], [72.35099491, 34.22638503], [72.35096351, 34.22646781], [72.35107829, 34.22649757]]]]}, "properties": {"id": "Pakistan_123102310_647205", "height": 4.142509460449219, "hmax": 0.109, "ratio": 0.026, "vulnClass": "none"}}, {"type": "Feature", "geometry": {"type": "MultiPolygon", "coordinates": [[[[72.35100561, 34.22639492], [72.35122348, 34.22643375], [72.35123923, 34.22637331], [72.35102136, 34.22633449], [72.35100561, 34.22639492]]]]}, "properties": {"id": "Pakistan_123102310_799297", "height": 4.910991668701172, "hmax": 0.114, "ratio": 0.023, "vulnClass": "none"}}, {"type": "Feature", "geometry": {"type": "MultiPolygon", "coordinates": [[[[72.35082165, 34.22626741], [72.35080676, 34.22630054], [72.35086568, 34.22631864], [72.35088057, 34.22628551], [72.35082165, 34.22626741]]]]}, "properties": {"id": "Pakistan_123102310_82658", "height": 3.028669834136963, "hmax": 0.081, "ratio": 0.027, "vulnClass": "none"}}, {"type": "Feature", "geometry": {"type": "MultiPolygon", "coordinates": [[[[72.35082756, 34.2262596], [72.35098066, 34.22631237], [72.35100924, 34.22625569], [72.35085614, 34.22620292], [72.35082756, 34.2262596]]]]}, "properties": {"id": "Pakistan_123102310_65157", "height": 4.833725929260254, "hmax": 0.081, "ratio": 0.017, "vulnClass": "none"}}, {"type": "Feature", "geometry": {"type": "MultiPolygon", "coordinates": [[[[72.35063207, 34.2261434], [72.35061769, 34.22619616], [72.35083212, 34.22623609], [72.35084649, 34.22618333], [72.35063207, 34.2261434]]]]}, "properties": {"id": "Pakistan_123102310_945869", "height": 3.277953386306763, "hmax": 0.081, "ratio": 0.025, "vulnClass": "none"}}, {"type": "Feature", "geometry": {"type": "MultiPolygon", "coordinates": [[[[72.35128975, 34.22629627], [72.35114094, 34.2262453], [72.35109686, 34.22633329], [72.35124567, 34.22638425], [72.35128975, 34.22629627]]]]}, "properties": {"id": "Pakistan_123102310_874949", "height": 4.910991668701172, "hmax": 0.141, "ratio": 0.029, "vulnClass": "none"}}, {"type": "Feature", "geometry": {"type": "MultiPolygon", "coordinates": [[[[72.35157502, 34.22623719], [72.3515325, 34.22634554], [72.35164413, 34.22637549], [72.35168665, 34.22626714], [72.35157502, 34.22623719]]]]}, "properties": {"id": "Pakistan_123102310_244729", "height": 2.528900146484375, "hmax": 0.143, "ratio": 0.057, "vulnClass": "low"}}, {"type": "Feature", "geometry": {"type": "MultiPolygon", "coordinates": [[[[72.35158842, 34.22618238], [72.35149711, 34.2261547], [72.35146504, 34.22622704], [72.35155635, 34.22625472], [72.35158842, 34.22618238]]]]}, "properties": {"id": "Pakistan_123102310_101852", "height": 2.854102611541748, "hmax": 0.143, "ratio": 0.05, "vulnClass": "low"}}, {"type": "Feature", "geometry": {"type": "MultiPolygon", "coordinates": [[[[72.35109826, 34.22618032], [72.35131722, 34.22624483], [72.35134606, 34.22617793], [72.3511747, 34.22612744], [72.35122727, 34.22600543], [72.35117967, 34.22599141], [72.35109826, 34.22618032]]]]}, "properties": {"id": "Pakistan_123102310_865486", "height": 4.663057804107666, "hmax": 0.139, "ratio": 0.03, "vulnClass": "none"}}, {"type": "Feature", "geometry": {"type": "MultiPolygon", "coordinates": [[[[72.3507902, 34.2258024], [72.35075778, 34.22585829], [72.3509671, 34.22594131], [72.35099953, 34.22588543], [72.3507902, 34.2258024]]]]}, "properties": {"id": "Pakistan_123102310_196604", "height": 3.495208501815796, "hmax": 0.168, "ratio": 0.048, "vulnClass": "none"}}, {"type": "Feature", "geometry": {"type": "MultiPolygon", "coordinates": [[[[72.3510787, 34.22598347], [72.3510911, 34.22595254], [72.35098236, 34.22592272], [72.35092547, 34.22606457], [72.35108979, 34.22610964], [72.35113428, 34.22599871], [72.3510787, 34.22598347]]]]}, "properties": {"id": "Pakistan_123102310_552414", "height": 4.280007839202881, "hmax": 0.168, "ratio": 0.039, "vulnClass": "none"}}, {"type": "Feature", "geometry": {"type": "MultiPolygon", "coordinates": [[[[72.35096966, 34.22607885], [72.35091753, 34.22606662], [72.35090344, 34.22610766], [72.35095557, 34.2261199], [72.35096966, 34.22607885]]]]}, "properties": {"id": "Pakistan_123102310_7450", "height": 4.047257900238037, "hmax": 0.136, "ratio": 0.034, "vulnClass": "none"}}, {"type": "Feature", "geometry": {"type": "MultiPolygon", "coordinates": [[[[72.35067939, 34.22602844], [72.35089012, 34.22609195], [72.35092335, 34.22601656], [72.35071262, 34.22595306], [72.35067939, 34.22602844]]]]}, "properties": {"id": "Pakistan_123102310_505096", "height": 5.449142456054688, "hmax": 0.168, "ratio": 0.031, "vulnClass": "none"}}, {"type": "Feature", "geometry": {"type": "MultiPolygon", "coordinates": [[[[72.35039794, 34.22620846], [72.35054872, 34.22625177], [72.35061607, 34.22609148], [72.35047247, 34.22605023], [72.35049575, 34.22599482], [72.35044788, 34.22598107], [72.35034644, 34.22622249], [72.35038713, 34.22623418], [72.35039794, 34.22620846]]]]}, "properties": {"id": "Pakistan_123102310_870245", "height": 4.453474044799805, "hmax": 0.1, "ratio": 0.022, "vulnClass": "none"}}, {"type": "Feature", "geometry": {"type": "MultiPolygon", "coordinates": [[[[72.35045779, 34.22597388], [72.35065498, 34.22603243], [72.35071641, 34.225891], [72.35056198, 34.22584514], [72.35054492, 34.22588443], [72.35050215, 34.22587173], [72.35045779, 34.22597388]]]]}, "properties": {"id": "Pakistan_123102310_45014", "height": 3.298171520233154, "hmax": 0.168, "ratio": 0.051, "vulnClass": "low"}}, {"type": "Feature", "geometry": {"type": "MultiPolygon", "coordinates": [[[[72.35049893, 34.2258599], [72.35054768, 34.2258685], [72.35055917, 34.22582395], [72.350513, 34.22581581], [72.35050643, 34.22584126], [72.3504269, 34.22582723], [72.35040993, 34.22589298], [72.35048689, 34.22590656], [72.35049893, 34.2258599]]]]}, "properties": {"id": "Pakistan_123102310_74605", "height": 4.472978115081787, "hmax": 0.168, "ratio": 0.038, "vulnClass": "none"}}, {"type": "Feature", "geometry": {"type": "MultiPolygon", "coordinates": [[[[72.35073927, 34.22576705], [72.35060089, 34.22574429], [72.35057523, 34.22585096], [72.3507136, 34.22587371], [72.35073927, 34.22576705]]]]}, "properties": {"id": "Pakistan_123102310_196602", "height": 3.440504550933838, "hmax": 0.168, "ratio": 0.049, "vulnClass": "none"}}, {"type": "Feature", "geometry": {"type": "MultiPolygon", "coordinates": [[[[72.35033866, 34.22573902], [72.35034129, 34.22573934], [72.35033354, 34.22578389], [72.35042718, 34.22579502], [72.35044267, 34.22570593], [72.3503464, 34.22569449], [72.35033866, 34.22573902]]]]}, "properties": {"id": "Pakistan_123102310_282509", "height": 3.279669284820557, "hmax": 0.168, "ratio": 0.051, "vulnClass": "low"}}, {"type": "Feature", "geometry": {"type": "MultiPolygon", "coordinates": [[[[72.35034175, 34.22569594], [72.3501582, 34.22564548], [72.35014093, 34.22568843], [72.35022393, 34.22571124], [72.35021229, 34.22574019], [72.35014708, 34.22572226], [72.35011616, 34.22579916], [72.35019497, 34.22582082], [72.35020421, 34.22579785], [72.35027908, 34.22581843], [72.35031924, 34.22571858], [72.35033131, 34.2257219], [72.35034175, 34.22569594]]]]}, "properties": {"id": "Pakistan_123102310_789811", "height": 5.04807186126709, "hmax": 0.168, "ratio": 0.033, "vulnClass": "none"}}, {"type": "Feature", "geometry": {"type": "MultiPolygon", "coordinates": [[[[72.35032352, 34.22588746], [72.35037016, 34.22590241], [72.35041355, 34.22580986], [72.35033574, 34.22578493], [72.3503145, 34.22583023], [72.35034567, 34.22584022], [72.35032352, 34.22588746]]]]}, "properties": {"id": "Pakistan_123102310_103131", "height": 4.579530239105225, "hmax": 0.168, "ratio": 0.037, "vulnClass": "none"}}, {"type": "Feature", "geometry": {"type": "MultiPolygon", "coordinates": [[[[72.34993045, 34.22581157], [72.35005332, 34.22583839], [72.35006788, 34.22579278], [72.34994501, 34.22576596], [72.34993045, 34.22581157]]]]}, "properties": {"id": "Pakistan_123102310_320721", "height": 5.75627613067627, "hmax": 0.067, "ratio": 0.012, "vulnClass": "none"}}, {"type": "Feature", "geometry": {"type": "MultiPolygon", "coordinates": [[[[72.34989374, 34.22572756], [72.34989786, 34.22578501], [72.34993528, 34.22578318], [72.3499348, 34.22577655], [72.3500337, 34.2257717], [72.35003005, 34.22572087], [72.34989374, 34.22572756]]]]}, "properties": {"id": "Pakistan_123102310_273055", "height": 4.447394847869873, "hmax": 0.056, "ratio": 0.013, "vulnClass": "none"}}, {"type": "Feature", "geometry": {"type": "MultiPolygon", "coordinates": [[[[72.34975657, 34.22564012], [72.34975288, 34.22570536], [72.34995093, 34.22571302], [72.34995462, 34.22564776], [72.34975657, 34.22564012]]]]}, "properties": {"id": "Pakistan_123102310_580998", "height": 3.089207172393799, "hmax": 0.056, "ratio": 0.018, "vulnClass": "none"}}, {"type": "Feature", "geometry": {"type": "MultiPolygon", "coordinates": [[[[72.35005351, 34.2259184], [72.35012416, 34.22594296], [72.35015867, 34.22587512], [72.35008802, 34.22585056], [72.35005351, 34.2259184]]]]}, "properties": {"id": "Pakistan_123102310_46497", "height": 5.713074207305908, "hmax": 0.168, "ratio": 0.029, "vulnClass": "none"}}, {"type": "Feature", "geometry": {"type": "MultiPolygon", "coordinates": [[[[72.35009472, 34.22604012], [72.35026475, 34.22608552], [72.35030867, 34.22597306], [72.35019208, 34.22594193], [72.35019993, 34.22592184], [72.35014649, 34.22590758], [72.35009472, 34.22604012]]]]}, "properties": {"id": "Pakistan_123102310_130488", "height": 4.730812072753906, "hmax": 0.168, "ratio": 0.035, "vulnClass": "none"}}, {"type": "Feature", "geometry": {"type": "MultiPolygon", "coordinates": [[[[72.3501919, 34.22611381], [72.35015725, 34.22621673], [72.35002034, 34.22618522], [72.34993996, 34.22642399], [72.35012169, 34.2264658], [72.35023671, 34.22612412], [72.3501919, 34.22611381]]]]}, "properties": {"id": "Pakistan_123102310_742688", "height": 3.674598217010498, "hmax": 0.067, "ratio": 0.018, "vulnClass": "none"}}, {"type": "Feature", "geometry": {"type": "MultiPolygon", "coordinates": [[[[72.35061166, 34.22618276], [72.35056936, 34.22625583], [72.35061082, 34.22627224], [72.35065312, 34.22619917], [72.35061166, 34.22618276]]]]}, "properties": {"id": "Pakistan_123102310_254199", "height": 4.194870948791504, "hmax": 0.081, "ratio": 0.019, "vulnClass": "none"}}, {"type": "Feature", "geometry": {"type": "MultiPolygon", "coordinates": [[[[72.35058017, 34.22654046], [72.35075224, 34.22658694], [72.35077679, 34.22652483], [72.35070893, 34.22650649], [72.35072397, 34.22646842], [72.3507264, 34.22646908], [72.35081191, 34.22625266], [72.35073436, 34.22623171], [72.35070862, 34.22629685], [72.35062865, 34.22627524], [72.35062667, 34.22628024], [72.35070665, 34.22630185], [72.35066468, 34.22640805], [72.3506356, 34.22640019], [72.35058017, 34.22654046]]]]}, "properties": {"id": "Pakistan_123102310_424543", "height": 3.990749835968018, "hmax": 0.081, "ratio": 0.02, "vulnClass": "none"}}, {"type": "Feature", "geometry": {"type": "MultiPolygon", "coordinates": [[[[72.35055022, 34.22632044], [72.35067978, 34.22636688], [72.35070865, 34.22631182], [72.35057909, 34.22626538], [72.35055022, 34.22632044]]]]}, "properties": {"id": "Pakistan_123102310_675983", "height": 4.194870948791504, "hmax": 0.081, "ratio": 0.019, "vulnClass": "none"}}, {"type": "Feature", "geometry": {"type": "MultiPolygon", "coordinates": [[[[72.35016251, 34.22641248], [72.35045731, 34.22648633], [72.35053472, 34.22627509], [72.35048068, 34.22626155], [72.35043006, 34.22639967], [72.35028266, 34.22636274], [72.3502901, 34.22634243], [72.35019675, 34.22631905], [72.35016251, 34.22641248]]]]}, "properties": {"id": "Pakistan_123102310_330161", "height": 4.33747386932373, "hmax": 0.081, "ratio": 0.019, "vulnClass": "none"}}, {"type": "Feature", "geometry": {"type": "MultiPolygon", "coordinates": [[[[72.35024046, 34.22642545], [72.35017243, 34.22641655], [72.35016704, 34.22644467], [72.35023507, 34.22645358], [72.35024046, 34.22642545]]]]}, "properties": {"id": "Pakistan_123102310_169299", "height": 2.710875511169434, "hmax": 0.081, "ratio": 0.03, "vulnClass": "none"}}, {"type": "Feature", "geometry": {"type": "MultiPolygon", "coordinates": [[[[72.35058798, 34.22655446], [72.35056563, 34.22665531], [72.35066321, 34.22667009], [72.35068557, 34.22656924], [72.35058798, 34.22655446]]]]}, "properties": {"id": "Pakistan_123102310_63608", "height": 3.703700065612793, "hmax": 0.081, "ratio": 0.022, "vulnClass": "none"}}, {"type": "Feature", "geometry": {"type": "MultiPolygon", "coordinates": [[[[72.35001589, 34.2264453], [72.34996918, 34.22653647], [72.35001239, 34.2265516], [72.35003936, 34.22649896], [72.35006438, 34.22650772], [72.35008412, 34.22646919], [72.35001589, 34.2264453]]]]}, "properties": {"id": "Pakistan_123102310_462541", "height": 2.9619460105896, "hmax": 0.048, "ratio": 0.016, "vulnClass": "none"}}, {"type": "Feature", "geometry": {"type": "MultiPolygon", "coordinates": [[[[72.35005991, 34.22662824], [72.35013658, 34.22664665], [72.35019838, 34.22647078], [72.35016128, 34.22646186], [72.35013326, 34.22654162], [72.35009368, 34.22653212], [72.35005991, 34.22662824]]]]}, "properties": {"id": "Pakistan_123102310_396334", "height": 2.559907913208008, "hmax": 0.081, "ratio": 0.032, "vulnClass": "none"}}, {"type": "Feature", "geometry": {"type": "MultiPolygon", "coordinates": [[[[72.3499148, 34.22641968], [72.34990285, 34.22645216], [72.34999368, 34.22647501], [72.35000563, 34.22644254], [72.3499148, 34.22641968]]]]}, "properties": {"id": "Pakistan_123102310_472031", "height": 2.9619460105896, "hmax": 0.026, "ratio": 0.009, "vulnClass": "none"}}, {"type": "Feature", "geometry": {"type": "MultiPolygon", "coordinates": [[[[72.34895352, 34.22643718], [72.34899356, 34.22644606], [72.34897814, 34.22649365], [72.34903722, 34.22650674], [72.3491016, 34.2263081], [72.34900246, 34.22628614], [72.34895352, 34.22643718]]]]}, "properties": {"id": "Pakistan_123102310_396320", "height": 4.079512596130371, "hmax": 0.026, "ratio": 0.006, "vulnClass": "none"}}, {"type": "Feature", "geometry": {"type": "MultiPolygon", "coordinates": [[[[72.34902373, 34.2262489], [72.34915403, 34.22626732], [72.34917165, 34.22618214], [72.34910129, 34.22617218], [72.34909303, 34.22621212], [72.34903309, 34.22620365], [72.34902373, 34.2262489]]]]}, "properties": {"id": "Pakistan_123102310_709227", "height": 2.970371246337891, "hmax": 0.026, "ratio": 0.009, "vulnClass": "none"}}, {"type": "Feature", "geometry": {"type": "MultiPolygon", "coordinates": [[[[72.34882403, 34.22635926], [72.34873394, 34.22660879], [72.34881767, 34.22662946], [72.34889232, 34.22642269], [72.34891941, 34.22642938], [72.34893485, 34.22638662], [72.34882403, 34.22635926]]]]}, "properties": {"id": "Pakistan_123102310_604518", "height": 2.813517093658447, "hmax": 0.013, "ratio": 0.005, "vulnClass": "none"}}, {"type": "Feature", "geometry": {"type": "MultiPolygon", "coordinates": [[[[72.34795482, 34.22652644], [72.34792348, 34.2266018], [72.34797385, 34.22661612], [72.34799035, 34.22657646], [72.34804552, 34.22659214], [72.34806036, 34.22655645], [72.34795482, 34.22652644]]]]}, "properties": {"id": "Pakistan_123102310_680716", "height": 2.540932416915894, "hmax": 0.013, "ratio": 0.005, "vulnClass": "none"}}, {"type": "Feature", "geometry": {"type": "MultiPolygon", "coordinates": [[[[72.34779073, 34.22657517], [72.34790595, 34.22657218], [72.34790301, 34.22649464], [72.34778778, 34.22649763], [72.34779073, 34.22657517]]]]}, "properties": {"id": "Pakistan_123102310_528757", "height": 2.451455116271973, "hmax": 0.012, "ratio": 0.005, "vulnClass": "none"}}, {"type": "Feature", "geometry": {"type": "MultiPolygon", "coordinates": [[[[72.34779876, 34.22646802], [72.34796837, 34.22649145], [72.34798014, 34.2264332], [72.34781053, 34.22640977], [72.34779876, 34.22646802]]]]}, "properties": {"id": "Pakistan_123102310_718817", "height": 2.78926682472229, "hmax": 0.012, "ratio": 0.004, "vulnClass": "none"}}, {"type": "Feature", "geometry": {"type": "MultiPolygon", "coordinates": [[[[72.3478798, 34.22641311], [72.34796506, 34.22643552], [72.34798253, 34.22639007], [72.34789728, 34.22636766], [72.3478798, 34.22641311]]]]}, "properties": {"id": "Pakistan_123102310_82598", "height": 3.096301794052124, "hmax": 0.013, "ratio": 0.004, "vulnClass": "none"}}, {"type": "Feature", "geometry": {"type": "MultiPolygon", "coordinates": [[[[72.34799246, 34.22634445], [72.34807611, 34.22636522], [72.34810936, 34.22627368], [72.34802571, 34.22625291], [72.34799246, 34.22634445]]]]}, "properties": {"id": "Pakistan_123102310_315866", "height": 3.503853321075439, "hmax": 0.013, "ratio": 0.004, "vulnClass": "none"}}, {"type": "Feature", "geometry": {"type": "MultiPolygon", "coordinates": [[[[72.34798795, 34.226367], [72.34799437, 34.22633461], [72.34785592, 34.22631587], [72.34783925, 34.22640011], [72.34787843, 34.22640541], [72.34788869, 34.22635357], [72.34798795, 34.226367]]]]}, "properties": {"id": "Pakistan_123102310_311157", "height": 3.300640821456909, "hmax": 0.013, "ratio": 0.004, "vulnClass": "none"}}, {"type": "Feature", "geometry": {"type": "MultiPolygon", "coordinates": [[[[72.34786052, 34.22631125], [72.34799505, 34.22632863], [72.34800832, 34.22625841], [72.34787379, 34.22624104], [72.34786052, 34.22631125]]]]}, "properties": {"id": "Pakistan_123102310_35642", "height": 3.248835802078247, "hmax": 0.013, "ratio": 0.004, "vulnClass": "none"}}, {"type": "Feature", "geometry": {"type": "MultiPolygon", "coordinates": [[[[72.34800563, 34.22626009], [72.34803396, 34.22618155], [72.3479108, 34.22615119], [72.34788247, 34.22622973], [72.34800563, 34.22626009]]]]}, "properties": {"id": "Pakistan_123102310_898622", "height": 2.792858123779297, "hmax": 0.013, "ratio": 0.005, "vulnClass": "none"}}, {"type": "Feature", "geometry": {"type": "MultiPolygon", "coordinates": [[[[72.34805957, 34.22615664], [72.34803958, 34.22622822], [72.34812459, 34.22624445], [72.34814458, 34.22617286], [72.34805957, 34.22615664]]]]}, "properties": {"id": "Pakistan_123102310_846528", "height": 3.386847734451294, "hmax": 0.013, "ratio": 0.004, "vulnClass": "none"}}, {"type": "Feature", "geometry": {"type": "MultiPolygon", "coordinates": [[[[72.34834579, 34.22623186], [72.34861368, 34.22629258], [72.34863799, 34.22621926], [72.34858465, 34.22620717], [72.34859286, 34.22618241], [72.34837832, 34.22613377], [72.34834579, 34.22623186]]]]}, "properties": {"id": "Pakistan_123102310_311162", "height": 3.225522041320801, "hmax": 0.013, "ratio": 0.004, "vulnClass": "none"}}, {"type": "Feature", "geometry": {"type": "MultiPolygon", "coordinates": [[[[72.34830756, 34.22631575], [72.3482884, 34.22640382], [72.34840271, 34.22642083], [72.34839102, 34.22647454], [72.34853912, 34.22649657], [72.34857719, 34.2263216], [72.34845768, 34.22630383], [72.34845046, 34.22633701], [72.34830756, 34.22631575]]]]}, "properties": {"id": "Pakistan_123102310_382097", "height": 4.02428674697876, "hmax": 0.013, "ratio": 0.003, "vulnClass": "none"}}, {"type": "Feature", "geometry": {"type": "MultiPolygon", "coordinates": [[[[72.3483157, 34.22630054], [72.34844251, 34.22634008], [72.34846248, 34.22629629], [72.34833568, 34.22625675], [72.3483157, 34.22630054]]]]}, "properties": {"id": "Pakistan_123102310_27401", "height": 3.813990592956543, "hmax": 0.013, "ratio": 0.003, "vulnClass": "none"}}, {"type": "Feature", "geometry": {"type": "MultiPolygon", "coordinates": [[[[72.34843551, 34.22591915], [72.34833995, 34.22589622], [72.34831698, 34.22596168], [72.34830708, 34.2259593], [72.34826576, 34.22607703], [72.34837121, 34.22610233], [72.34843551, 34.22591915]]]]}, "properties": {"id": "Pakistan_123102310_401046", "height": 2.696340322494507, "hmax": 0.011, "ratio": 0.004, "vulnClass": "none"}}, {"type": "Feature", "geometry": {"type": "MultiPolygon", "coordinates": [[[[72.3479285, 34.22615385], [72.34805919, 34.22617719], [72.34808299, 34.22608608], [72.34800099, 34.22607144], [72.34802202, 34.22599092], [72.34812197, 34.22600877], [72.34814687, 34.22591342], [72.34799824, 34.22588688], [72.3479285, 34.22615385]]]]}, "properties": {"id": "Pakistan_123102310_410358", "height": 3.246334075927734, "hmax": 0.012, "ratio": 0.004, "vulnClass": "none"}}, {"type": "Feature", "geometry": {"type": "MultiPolygon", "coordinates": [[[[72.34838716, 34.22571352], [72.34834222, 34.22587447], [72.34845266, 34.22589556], [72.3484976, 34.22573459], [72.34838716, 34.22571352]]]]}, "properties": {"id": "Pakistan_123102310_26384", "height": 4.677358150482178, "hmax": 0.01, "ratio": 0.002, "vulnClass": "none"}}, {"type": "Feature", "geometry": {"type": "MultiPolygon", "coordinates": [[[[72.34863285, 34.22591164], [72.34865867, 34.22584782], [72.3486249, 34.22583847], [72.34863943, 34.22580257], [72.34853088, 34.22577255], [72.34843888, 34.22599992], [72.34852331, 34.22602327], [72.34855075, 34.22595546], [72.34850491, 34.22594278], [72.34852912, 34.22588295], [72.34863285, 34.22591164]]]]}, "properties": {"id": "Pakistan_123102310_121815", "height": 3.715191125869751, "hmax": 0.01, "ratio": 0.003, "vulnClass": "none"}}, {"type": "Feature", "geometry": {"type": "MultiPolygon", "coordinates": [[[[72.34880835, 34.22573355], [72.34856231, 34.22568966], [72.34854296, 34.22576382], [72.34878899, 34.22580772], [72.34880835, 34.22573355]]]]}, "properties": {"id": "Pakistan_123102310_675961", "height": 3.516365051269531, "hmax": 0.01, "ratio": 0.003, "vulnClass": "none"}}, {"type": "Feature", "geometry": {"type": "MultiPolygon", "coordinates": [[[[72.34845522, 34.22560898], [72.34844884, 34.22565495], [72.34854679, 34.22566423], [72.34855317, 34.22561826], [72.34845522, 34.22560898]]]]}, "properties": {"id": "Pakistan_123102310_121807", "height": 3.32427191734314, "hmax": 0.01, "ratio": 0.003, "vulnClass": "none"}}, {"type": "Feature", "geometry": {"type": "MultiPolygon", "coordinates": [[[[72.3487134, 34.22567071], [72.34883453, 34.22571146], [72.34886125, 34.22565715], [72.34874013, 34.2256164], [72.3487134, 34.22567071]]]]}, "properties": {"id": "Pakistan_123102310_292029", "height": 3.297476768493652, "hmax": 0.01, "ratio": 0.003, "vulnClass": "none"}}, {"type": "Feature", "geometry": {"type": "MultiPolygon", "coordinates": [[[[72.34882867, 34.22571023], [72.34877325, 34.22570439], [72.34876921, 34.22573057], [72.34882464, 34.22573641], [72.34882867, 34.22571023]]]]}, "properties": {"id": "Pakistan_123102310_642456", "height": 3.516365051269531, "hmax": 0.01, "ratio": 0.003, "vulnClass": "none"}}, {"type": "Feature", "geometry": {"type": "MultiPolygon", "coordinates": [[[[72.3489555, 34.22611313], [72.34904038, 34.22613915], [72.34920216, 34.22577848], [72.34911728, 34.22575245], [72.3489555, 34.22611313]]]]}, "properties": {"id": "Pakistan_123102310_481534", "height": 5.319960594177246, "hmax": 0.05, "ratio": 0.009, "vulnClass": "none"}}, {"type": "Feature", "geometry": {"type": "MultiPolygon", "coordinates": [[[[72.34883827, 34.22579491], [72.34888807, 34.2258012], [72.34890168, 34.22572751], [72.34885187, 34.22572123], [72.34883827, 34.22579491]]]]}, "properties": {"id": "Pakistan_123102310_386811", "height": 3.770510673522949, "hmax": 0.01, "ratio": 0.003, "vulnClass": "none"}}, {"type": "Feature", "geometry": {"type": "MultiPolygon", "coordinates": [[[[72.3487252, 34.22605735], [72.34895856, 34.226108], [72.34898917, 34.22601161], [72.34880348, 34.22597131], [72.34883611, 34.22586852], [72.34878844, 34.22585817], [72.3487252, 34.22605735]]]]}, "properties": {"id": "Pakistan_123102310_131145", "height": 4.104411602020264, "hmax": 0.013, "ratio": 0.003, "vulnClass": "none"}}, {"type": "Feature", "geometry": {"type": "MultiPolygon", "coordinates": [[[[72.3492048, 34.2259732], [72.34913496, 34.22616665], [72.34918914, 34.22618002], [72.34927074, 34.22595399], [72.34914268, 34.22592238], [72.34913092, 34.22595496], [72.3492048, 34.2259732]]]]}, "properties": {"id": "Pakistan_123102310_761578", "height": 3.37168550491333, "hmax": 0.044, "ratio": 0.013, "vulnClass": "none"}}, {"type": "Feature", "geometry": {"type": "MultiPolygon", "coordinates": [[[[72.34960629, 34.22594696], [72.34975138, 34.22597921], [72.34983342, 34.22572688], [72.34968833, 34.22569464], [72.34960629, 34.22594696]]]]}, "properties": {"id": "Pakistan_123102310_74589", "height": 3.403834342956543, "hmax": 0.056, "ratio": 0.017, "vulnClass": "none"}}, {"type": "Feature", "geometry": {"type": "MultiPolygon", "coordinates": [[[[72.34969254, 34.22564804], [72.34968244, 34.22569536], [72.34974487, 34.22570446], [72.34977011, 34.22558617], [72.34949698, 34.22554632], [72.34948184, 34.2256173], [72.34969254, 34.22564804]]]]}, "properties": {"id": "Pakistan_123102310_728274", "height": 3.089207172393799, "hmax": 0.056, "ratio": 0.018, "vulnClass": "none"}}, {"type": "Feature", "geometry": {"type": "MultiPolygon", "coordinates": [[[[72.34930745, 34.22557652], [72.34919622, 34.22554613], [72.34918023, 34.22558611], [72.34929147, 34.22561651], [72.34930745, 34.22557652]]]]}, "properties": {"id": "Pakistan_123102310_709230", "height": 2.480239391326904, "hmax": 0.056, "ratio": 0.023, "vulnClass": "none"}}, {"type": "Feature", "geometry": {"type": "MultiPolygon", "coordinates": [[[[72.34947555, 34.22552761], [72.34923135, 34.22547443], [72.34920986, 34.2255419], [72.34945407, 34.22559506], [72.34947555, 34.22552761]]]]}, "properties": {"id": "Pakistan_123102310_178565", "height": 3.092316150665283, "hmax": 0.056, "ratio": 0.018, "vulnClass": "none"}}, {"type": "Feature", "geometry": {"type": "MultiPolygon", "coordinates": [[[[72.34931081, 34.22540229], [72.34947071, 34.22542875], [72.34945186, 34.22550664], [72.34948023, 34.22551133], [72.34950964, 34.22538979], [72.34927496, 34.22535096], [72.34924554, 34.22547251], [72.34929196, 34.22548019], [72.34931081, 34.22540229]]]]}, "properties": {"id": "Pakistan_123102310_614076", "height": 3.717211246490479, "hmax": 0.056, "ratio": 0.015, "vulnClass": "none"}}, {"type": "Feature", "geometry": {"type": "MultiPolygon", "coordinates": [[[[72.34907942, 34.22548722], [72.34912893, 34.22549422], [72.34914408, 34.22542096], [72.34925, 34.22543593], [72.3492696, 34.22534112], [72.34911417, 34.22531915], [72.34907942, 34.22548722]]]]}, "properties": {"id": "Pakistan_123102310_945855", "height": 3.232501745223999, "hmax": 0.056, "ratio": 0.017, "vulnClass": "none"}}, {"type": "Feature", "geometry": {"type": "MultiPolygon", "coordinates": [[[[72.34871829, 34.22521809], [72.34870021, 34.22528703], [72.34874213, 34.22529454], [72.34876021, 34.2252256], [72.34871829, 34.22521809]]]]}, "properties": {"id": "Pakistan_123102310_187126", "height": 2.471474885940552, "hmax": 0.01, "ratio": 0.004, "vulnClass": "none"}}, {"type": "Feature", "geometry": {"type": "MultiPolygon", "coordinates": [[[[72.34866831, 34.22560155], [72.34867653, 34.2255817], [72.34861171, 34.22556335], [72.34858541, 34.22562687], [72.34871265, 34.22566289], [72.34873073, 34.22561922], [72.34866831, 34.22560155]]]]}, "properties": {"id": "Pakistan_123102310_514694", "height": 2.697617769241333, "hmax": 0.01, "ratio": 0.004, "vulnClass": "none"}}, {"type": "Feature", "geometry": {"type": "MultiPolygon", "coordinates": [[[[72.3484866, 34.2255112], [72.3484629, 34.22558827], [72.34855611, 34.22560787], [72.34857981, 34.2255308], [72.3484866, 34.2255112]]]]}, "properties": {"id": "Pakistan_123102310_476839", "height": 3.32427191734314, "hmax": 0.01, "ratio": 0.003, "vulnClass": "none"}}, {"type": "Feature", "geometry": {"type": "MultiPolygon", "coordinates": [[[[72.34857949, 34.22536146], [72.34857304, 34.22540865], [72.34872229, 34.2254226], [72.34872875, 34.22537542], [72.34857949, 34.22536146]]]]}, "properties": {"id": "Pakistan_123102310_253134", "height": 2.834550857543945, "hmax": 0.01, "ratio": 0.003, "vulnClass": "none"}}, {"type": "Feature", "geometry": {"type": "MultiPolygon", "coordinates": [[[[72.34837545, 34.22546844], [72.34838453, 34.22544663], [72.34821584, 34.22539859], [72.34818115, 34.22548185], [72.34846407, 34.22556243], [72.34848968, 34.22550098], [72.34837545, 34.22546844]]]]}, "properties": {"id": "Pakistan_123102310_35644", "height": 2.904121398925781, "hmax": 0.01, "ratio": 0.003, "vulnClass": "none"}}, {"type": "Feature", "geometry": {"type": "MultiPolygon", "coordinates": [[[[72.34788012, 34.22528482], [72.34806448, 34.22531251], [72.34807391, 34.22526957], [72.34788956, 34.22524188], [72.34788012, 34.22528482]]]]}, "properties": {"id": "Pakistan_123102310_595113", "height": 3.094094753265381, "hmax": 0.01, "ratio": 0.003, "vulnClass": "none"}}, {"type": "Feature", "geometry": {"type": "MultiPolygon", "coordinates": [[[[72.34806438, 34.22532069], [72.3485704, 34.22539521], [72.34859237, 34.22529321], [72.34857417, 34.22529053], [72.34858574, 34.22523679], [72.34834916, 34.22520196], [72.3483436, 34.22522776], [72.34809237, 34.22519077], [72.34806438, 34.22532069]]]]}, "properties": {"id": "Pakistan_123102310_178529", "height": 3.21295166015625, "hmax": 0.01, "ratio": 0.003, "vulnClass": "none"}}, {"type": "Feature", "geometry": {"type": "MultiPolygon", "coordinates": [[[[72.34842229, 34.22497191], [72.34853876, 34.22499027], [72.34852938, 34.22503093], [72.34860539, 34.22504291], [72.34862069, 34.22497657], [72.34854985, 34.2249654], [72.34857255, 34.22486697], [72.34850105, 34.2248557], [72.34848723, 34.22491561], [72.34843709, 34.22490771], [72.34842229, 34.22497191]]]]}, "properties": {"id": "Pakistan_123102310_401045", "height": 4.334759712219238, "hmax": 0.011, "ratio": 0.003, "vulnClass": "none"}}, {"type": "Feature", "geometry": {"type": "MultiPolygon", "coordinates": [[[[72.34831248, 34.22510408], [72.34823149, 34.22509903], [72.34822597, 34.22515954], [72.34830598, 34.22516454], [72.34831141, 34.225105], [72.34835942, 34.225108], [72.34837098, 34.22498132], [72.34832396, 34.22497838], [72.34831248, 34.22510408]]]]}, "properties": {"id": "Pakistan_123102310_604510", "height": 2.534737586975098, "hmax": 0.011, "ratio": 0.004, "vulnClass": "none"}}, {"type": "Feature", "geometry": {"type": "MultiPolygon", "coordinates": [[[[72.34838205, 34.2251906], [72.34859933, 34.22521606], [72.34861163, 34.22514432], [72.34846438, 34.22512707], [72.34848264, 34.22502054], [72.34841262, 34.22501233], [72.34838205, 34.2251906]]]]}, "properties": {"id": "Pakistan_123102310_889113", "height": 4.012919425964355, "hmax": 0.011, "ratio": 0.003, "vulnClass": "none"}}, {"type": "Feature", "geometry": {"type": "MultiPolygon", "coordinates": [[[[72.34793834, 34.22506276], [72.34800928, 34.22507697], [72.34801814, 34.22504673], [72.3479472, 34.22503252], [72.34793834, 34.22506276]]]]}, "properties": {"id": "Pakistan_123102310_65103", "height": 3.194706439971924, "hmax": 0.011, "ratio": 0.003, "vulnClass": "none"}}, {"type": "Feature", "geometry": {"type": "MultiPolygon", "coordinates": [[[[72.34815085, 34.2249888], [72.3479744, 34.22494921], [72.34794902, 34.22502654], [72.34812547, 34.22506614], [72.34815085, 34.2249888]]]]}, "properties": {"id": "Pakistan_123102310_780419", "height": 3.655950546264648, "hmax": 0.011, "ratio": 0.003, "vulnClass": "none"}}, {"type": "Feature", "geometry": {"type": "MultiPolygon", "coordinates": [[[[72.34799683, 34.22512717], [72.34822485, 34.2251772], [72.3482827, 34.22499695], [72.34816242, 34.22497056], [72.34812984, 34.22507208], [72.34802209, 34.22504844], [72.34799683, 34.22512717]]]]}, "properties": {"id": "Pakistan_123102310_36969", "height": 3.843897581100464, "hmax": 0.011, "ratio": 0.003, "vulnClass": "none"}}, {"type": "Feature", "geometry": {"type": "MultiPolygon", "coordinates": [[[[72.34792326, 34.22465381], [72.34777122, 34.22462341], [72.34774216, 34.22472279], [72.3478942, 34.2247532], [72.34792326, 34.22465381]]]]}, "properties": {"id": "Pakistan_123102310_566623", "height": 3.289969921112061, "hmax": 0.015, "ratio": 0.005, "vulnClass": "none"}}, {"type": "Feature", "geometry": {"type": "MultiPolygon", "coordinates": [[[[72.34814019, 34.22468981], [72.34813537, 34.22475067], [72.34823152, 34.22475588], [72.34823634, 34.22469503], [72.34814019, 34.22468981]]]]}, "properties": {"id": "Pakistan_123102310_500281", "height": 3.017072439193726, "hmax": 0.011, "ratio": 0.004, "vulnClass": "none"}}, {"type": "Feature", "geometry": {"type": "MultiPolygon", "coordinates": [[[[72.34826967, 34.22472169], [72.34835272, 34.22472403], [72.34835519, 34.22466422], [72.34827214, 34.22466188], [72.34826967, 34.22472169]]]]}, "properties": {"id": "Pakistan_123102310_813431", "height": 4.185372829437256, "hmax": 0.011, "ratio": 0.003, "vulnClass": "none"}}, {"type": "Feature", "geometry": {"type": "MultiPolygon", "coordinates": [[[[72.34826, 34.22472452], [72.34823379, 34.2248333], [72.34830861, 34.22484563], [72.34828908, 34.22492668], [72.34840871, 34.22494639], [72.34844418, 34.2247992], [72.34834001, 34.22478205], [72.34835029, 34.22473939], [72.34826, 34.22472452]]]]}, "properties": {"id": "Pakistan_123102310_509970", "height": 3.592637777328491, "hmax": 0.011, "ratio": 0.003, "vulnClass": "none"}}, {"type": "Feature", "geometry": {"type": "MultiPolygon", "coordinates": [[[[72.34848343, 34.2247641], [72.34848588, 34.22482613], [72.34861884, 34.22482253], [72.34861638, 34.2247605], [72.34848343, 34.2247641]]]]}, "properties": {"id": "Pakistan_123102310_642452", "height": 3.502846717834473, "hmax": 0.011, "ratio": 0.003, "vulnClass": "none"}}, {"type": "Feature", "geometry": {"type": "MultiPolygon", "coordinates": [[[[72.3486104, 34.22485091], [72.34859741, 34.22490292], [72.34866172, 34.2249139], [72.34867471, 34.22486189], [72.3486104, 34.22485091]]]]}, "properties": {"id": "Pakistan_123102310_158768", "height": 2.831719875335693, "hmax": 0.011, "ratio": 0.004, "vulnClass": "none"}}, {"type": "Feature", "geometry": {"type": "MultiPolygon", "coordinates": [[[[72.34849318, 34.22475106], [72.34861699, 34.22476488], [72.34862536, 34.2247136], [72.34850155, 34.22469977], [72.34849318, 34.22475106]]]]}, "properties": {"id": "Pakistan_123102310_903417", "height": 4.120055198669434, "hmax": 0.011, "ratio": 0.003, "vulnClass": "none"}}, {"type": "Feature", "geometry": {"type": "MultiPolygon", "coordinates": [[[[72.34843817, 34.2246241], [72.34842682, 34.22467459], [72.34847706, 34.22468231], [72.34848842, 34.22463183], [72.34843817, 34.2246241]]]]}, "properties": {"id": "Pakistan_123102310_140841", "height": 3.454574108123779, "hmax": 0.011, "ratio": 0.003, "vulnClass": "none"}}, {"type": "Feature", "geometry": {"type": "MultiPolygon", "coordinates": [[[[72.34896986, 34.22479039], [72.34918224, 34.22484193], [72.34918586, 34.22483172], [72.34951431, 34.22491141], [72.34954475, 34.22482565], [72.3495003, 34.22481487], [72.34949522, 34.22482916], [72.34934458, 34.22479261], [72.34934313, 34.22479669], [72.34924188, 34.22477212], [72.34926362, 34.22471087], [72.34911204, 34.22467409], [72.34912325, 34.22464251], [72.34909855, 34.22463652], [72.34908551, 34.22467327], [72.3490173, 34.22465672], [72.34896986, 34.22479039]]]]}, "properties": {"id": "Pakistan_123102310_822886", "height": 4.087645053863525, "hmax": 0.052, "ratio": 0.013, "vulnClass": "none"}}, {"type": "Feature", "geometry": {"type": "MultiPolygon", "coordinates": [[[[72.34906611, 34.22481192], [72.34896155, 34.22479795], [72.34894887, 34.22486279], [72.34905343, 34.22487676], [72.34906611, 34.22481192]]]]}, "properties": {"id": "Pakistan_123102310_253146", "height": 3.042092323303223, "hmax": 0.037, "ratio": 0.012, "vulnClass": "none"}}, {"type": "Feature", "geometry": {"type": "MultiPolygon", "coordinates": [[[[72.34880818, 34.22507056], [72.34881961, 34.22499636], [72.34864443, 34.22497791], [72.34863301, 34.22505211], [72.34880818, 34.22507056]]]]}, "properties": {"id": "Pakistan_123102310_893838", "height": 4.257495880126953, "hmax": 0.011, "ratio": 0.003, "vulnClass": "none"}}, {"type": "Feature", "geometry": {"type": "MultiPolygon", "coordinates": [[[[72.34915266, 34.22509603], [72.34951909, 34.22515252], [72.34953649, 34.22507536], [72.34943445, 34.22505963], [72.34946586, 34.22492032], [72.3492154, 34.22488171], [72.34919896, 34.22495458], [72.34933279, 34.22497521], [72.34932531, 34.22500837], [72.34917756, 34.22498558], [72.34915266, 34.22509603]]]]}, "properties": {"id": "Pakistan_123102310_557094", "height": 4.142887592315674, "hmax": 0.053, "ratio": 0.013, "vulnClass": "none"}}, {"type": "Feature", "geometry": {"type": "MultiPolygon", "coordinates": [[[[72.34959522, 34.22517833], [72.34997194, 34.2252303], [72.34998806, 34.22515047], [72.34991143, 34.2251399], [72.34991818, 34.22510642], [72.34982946, 34.22509418], [72.34983838, 34.22504998], [72.34958883, 34.22501555], [72.34958011, 34.22505871], [72.3496183, 34.22506397], [72.34959522, 34.22517833]]]]}, "properties": {"id": "Pakistan_123102310_599846", "height": 3.872858047485352, "hmax": 0.054, "ratio": 0.014, "vulnClass": "none"}}, {"type": "Feature", "geometry": {"type": "MultiPolygon", "coordinates": [[[[72.34954864, 34.22495861], [72.34948547, 34.22493862], [72.34947204, 34.22496764], [72.34953521, 34.22498763], [72.34954864, 34.22495861]]]]}, "properties": {"id": "Pakistan_123102310_936454", "height": 4.132184028625488, "hmax": 0.053, "ratio": 0.013, "vulnClass": "none"}}, {"type": "Feature", "geometry": {"type": "MultiPolygon", "coordinates": [[[[72.34950495, 34.2249423], [72.34989645, 34.22506224], [72.34992878, 34.22499009], [72.34953728, 34.22487015], [72.34950495, 34.2249423]]]]}, "properties": {"id": "Pakistan_123102310_647185", "height": 3.457672357559204, "hmax": 0.053, "ratio": 0.015, "vulnClass": "none"}}, {"type": "Feature", "geometry": {"type": "MultiPolygon", "coordinates": [[[[72.34964209, 34.22489697], [72.34966587, 34.2248629], [72.34960955, 34.22483601], [72.34958577, 34.22487007], [72.34964209, 34.22489697]]]]}, "properties": {"id": "Pakistan_123102310_159839", "height": 2.782605171203613, "hmax": 0.053, "ratio": 0.019, "vulnClass": "none"}}, {"type": "Feature", "geometry": {"type": "MultiPolygon", "coordinates": [[[[72.34930191, 34.22468371], [72.34928909, 34.22471568], [72.3493311, 34.22472719], [72.34934391, 34.22469522], [72.34930191, 34.22468371]]]]}, "properties": {"id": "Pakistan_123102310_538238", "height": 3.068344116210938, "hmax": 0.053, "ratio": 0.017, "vulnClass": "none"}}, {"type": "Feature", "geometry": {"type": "MultiPolygon", "coordinates": [[[[72.34930898, 34.22462798], [72.34919979, 34.2246119], [72.34918497, 34.22468068], [72.34929415, 34.22469676], [72.34930898, 34.22462798]]]]}, "properties": {"id": "Pakistan_123102310_281572", "height": 4.08527135848999, "hmax": 0.053, "ratio": 0.013, "vulnClass": "none"}}, {"type": "Feature", "geometry": {"type": "MultiPolygon", "coordinates": [[[[72.34952838, 34.2246886], [72.34947655, 34.22477634], [72.34955884, 34.22480957], [72.34961067, 34.22472183], [72.34952838, 34.2246886]]]]}, "properties": {"id": "Pakistan_123102310_780432", "height": 5.50526237487793, "hmax": 0.053, "ratio": 0.01, "vulnClass": "none"}}, {"type": "Feature", "geometry": {"type": "MultiPolygon", "coordinates": [[[[72.34979861, 34.22476465], [72.34974105, 34.22472415], [72.34971261, 34.22475178], [72.34977017, 34.22479228], [72.34979861, 34.22476465]]]]}, "properties": {"id": "Pakistan_123102310_101824", "height": 4.661404609680176, "hmax": 0.053, "ratio": 0.011, "vulnClass": "none"}}, {"type": "Feature", "geometry": {"type": "MultiPolygon", "coordinates": [[[[72.34975498, 34.22478615], [72.34971707, 34.22476132], [72.34968835, 34.2247913], [72.34972626, 34.22481613], [72.34975498, 34.22478615]]]]}, "properties": {"id": "Pakistan_123102310_367935", "height": 3.744146823883057, "hmax": 0.053, "ratio": 0.014, "vulnClass": "none"}}, {"type": "Feature", "geometry": {"type": "MultiPolygon", "coordinates": [[[[72.3498096, 34.22483013], [72.34986351, 34.22486239], [72.34989408, 34.22482746], [72.34984018, 34.2247952], [72.3498096, 34.22483013]]]]}, "properties": {"id": "Pakistan_123102310_391533", "height": 5.356377601623535, "hmax": 0.053, "ratio": 0.01, "vulnClass": "none"}}, {"type": "Feature", "geometry": {"type": "MultiPolygon", "coordinates": [[[[72.34984038, 34.22478612], [72.34980777, 34.22476589], [72.34977558, 34.22480137], [72.34980819, 34.22482159], [72.34984038, 34.22478612]]]]}, "properties": {"id": "Pakistan_123102310_55839", "height": 5.412639141082764, "hmax": 0.053, "ratio": 0.01, "vulnClass": "none"}}, {"type": "Feature", "geometry": {"type": "MultiPolygon", "coordinates": [[[[72.35026472, 34.22483796], [72.35061998, 34.22490329], [72.35064726, 34.22480186], [72.35029201, 34.22473652], [72.35026472, 34.22483796]]]]}, "properties": {"id": "Pakistan_123102310_714060", "height": 6.142000675201416, "hmax": 0.246, "ratio": 0.04, "vulnClass": "none"}}, {"type": "Feature", "geometry": {"type": "MultiPolygon", "coordinates": [[[[72.35052622, 34.22524953], [72.35062007, 34.22526812], [72.35063921, 34.22520207], [72.35068233, 34.22521061], [72.35070027, 34.22514873], [72.35059973, 34.22512881], [72.3506134, 34.22508163], [72.3506632, 34.2250915], [72.35068356, 34.22502122], [72.3507622, 34.2250368], [72.35079015, 34.22494032], [72.35062527, 34.22490766], [72.35052622, 34.22524953]]]]}, "properties": {"id": "Pakistan_123102310_799295", "height": 4.49783992767334, "hmax": 0.231, "ratio": 0.051, "vulnClass": "low"}}, {"type": "Feature", "geometry": {"type": "MultiPolygon", "coordinates": [[[[72.35054781, 34.22506161], [72.35041211, 34.22503532], [72.35039364, 34.22510049], [72.35052933, 34.22512678], [72.35054781, 34.22506161]]]]}, "properties": {"id": "Pakistan_123102310_571432", "height": 4.474625587463379, "hmax": 0.246, "ratio": 0.055, "vulnClass": "low"}}, {"type": "Feature", "geometry": {"type": "MultiPolygon", "coordinates": [[[[72.35028958, 34.2252095], [72.35047927, 34.22524807], [72.35051536, 34.22512678], [72.35036613, 34.22509644], [72.35035058, 34.22514872], [72.35031011, 34.22514049], [72.35028958, 34.2252095]]]]}, "properties": {"id": "Pakistan_123102310_604533", "height": 4.474625587463379, "hmax": 0.215, "ratio": 0.048, "vulnClass": "none"}}, {"type": "Feature", "geometry": {"type": "MultiPolygon", "coordinates": [[[[72.35010364, 34.22509265], [72.35031218, 34.2251025], [72.3503137, 34.22508039], [72.35039827, 34.22508439], [72.35040376, 34.22500481], [72.35022464, 34.22499635], [72.35022326, 34.22501624], [72.35010929, 34.22501086], [72.35010364, 34.22509265]]]]}, "properties": {"id": "Pakistan_123102310_585783", "height": 4.271936893463135, "hmax": 0.246, "ratio": 0.058, "vulnClass": "low"}}, {"type": "Feature", "geometry": {"type": "MultiPolygon", "coordinates": [[[[72.35007502, 34.2250464], [72.35007589, 34.22508853], [72.35010271, 34.22508815], [72.3501006, 34.22498616], [72.35000943, 34.22498745], [72.35001067, 34.22504731], [72.35007502, 34.2250464]]]]}, "properties": {"id": "Pakistan_123102310_846555", "height": 2.903111457824707, "hmax": 0.134, "ratio": 0.046, "vulnClass": "none"}}, {"type": "Feature", "geometry": {"type": "MultiPolygon", "coordinates": [[[[72.34998353, 34.22488915], [72.34997957, 34.22494549], [72.35009718, 34.22495116], [72.35010115, 34.22489482], [72.34998353, 34.22488915]]]]}, "properties": {"id": "Pakistan_123102310_131175", "height": 3.782040357589722, "hmax": 0.089, "ratio": 0.024, "vulnClass": "none"}}, {"type": "Feature", "geometry": {"type": "MultiPolygon", "coordinates": [[[[72.34972902, 34.22519637], [72.34965186, 34.22518719], [72.34964637, 34.22521874], [72.34972354, 34.22522791], [72.34972902, 34.22519637]]]]}, "properties": {"id": "Pakistan_123102310_509989", "height": 3.075222015380859, "hmax": 0.056, "ratio": 0.018, "vulnClass": "none"}}, {"type": "Feature", "geometry": {"type": "MultiPolygon", "coordinates": [[[[72.35002948, 34.2256876], [72.3500905, 34.22569287], [72.35009632, 34.2256468], [72.35011055, 34.22564802], [72.35011636, 34.22560195], [72.35003845, 34.22559523], [72.35004095, 34.22557549], [72.34998618, 34.22557076], [72.34997885, 34.22562893], [72.35003626, 34.22563388], [72.35002948, 34.2256876]]]]}, "properties": {"id": "Pakistan_123102310_244693", "height": 2.941778182983398, "hmax": 0.109, "ratio": 0.037, "vulnClass": "none"}}, {"type": "Feature", "geometry": {"type": "MultiPolygon", "coordinates": [[[[72.35038503, 34.22557573], [72.35037094, 34.22550217], [72.35018516, 34.2255265], [72.35019925, 34.22560006], [72.35038503, 34.22557573]]]]}, "properties": {"id": "Pakistan_123102310_898647", "height": 3.26426100730896, "hmax": 0.168, "ratio": 0.052, "vulnClass": "low"}}, {"type": "Feature", "geometry": {"type": "MultiPolygon", "coordinates": [[[[72.3504685, 34.22553816], [72.35048527, 34.22542678], [72.35041923, 34.22541999], [72.35039458, 34.22558378], [72.35053457, 34.22559818], [72.35054246, 34.22554577], [72.3504685, 34.22553816]]]]}, "properties": {"id": "Pakistan_123102310_552407", "height": 6.119636535644531, "hmax": 0.168, "ratio": 0.028, "vulnClass": "none"}}, {"type": "Feature", "geometry": {"type": "MultiPolygon", "coordinates": [[[[72.35062462, 34.22531721], [72.35056718, 34.22530723], [72.35056071, 34.22533272], [72.35046823, 34.22531667], [72.35044341, 34.22541438], [72.35054617, 34.22543222], [72.35053808, 34.22546408], [72.35058524, 34.22547226], [72.35062462, 34.22531721]]]]}, "properties": {"id": "Pakistan_123102310_642482", "height": 5.757614612579346, "hmax": 0.168, "ratio": 0.029, "vulnClass": "none"}}, {"type": "Feature", "geometry": {"type": "MultiPolygon", "coordinates": [[[[72.35026069, 34.22523691], [72.35024907, 34.22531671], [72.35012385, 34.22530424], [72.35011367, 34.2253742], [72.35032518, 34.22539525], [72.35033027, 34.22536027], [72.3503805, 34.22536527], [72.35039292, 34.22528002], [72.35047223, 34.22528791], [72.35047653, 34.2252584], [72.35026069, 34.22523691]]]]}, "properties": {"id": "Pakistan_123102310_101830", "height": 4.347526073455811, "hmax": 0.168, "ratio": 0.039, "vulnClass": "none"}}, {"type": "Feature", "geometry": {"type": "MultiPolygon", "coordinates": [[[[72.3508323, 34.22524163], [72.35075623, 34.22522651], [72.35077633, 34.22515732], [72.35072147, 34.22514642], [72.35066572, 34.22533826], [72.35079668, 34.22536427], [72.3508323, 34.22524163]]]]}, "properties": {"id": "Pakistan_123102310_822904", "height": 3.457460641860962, "hmax": 0.177, "ratio": 0.051, "vulnClass": "low"}}, {"type": "Feature", "geometry": {"type": "MultiPolygon", "coordinates": [[[[72.35101251, 34.22514746], [72.35093786, 34.22511275], [72.35090633, 34.2251591], [72.35098097, 34.22519381], [72.35101251, 34.22514746]]]]}, "properties": {"id": "Pakistan_123102310_457692", "height": 3.18781852722168, "hmax": 0.246, "ratio": 0.077, "vulnClass": "low"}}, {"type": "Feature", "geometry": {"type": "MultiPolygon", "coordinates": [[[[72.35099804, 34.22519958], [72.35086571, 34.2251795], [72.35085214, 34.22524063], [72.35098448, 34.2252607], [72.35099804, 34.22519958]]]]}, "properties": {"id": "Pakistan_123102310_893869", "height": 3.18781852722168, "hmax": 0.178, "ratio": 0.056, "vulnClass": "low"}}, {"type": "Feature", "geometry": {"type": "MultiPolygon", "coordinates": [[[[72.35092198, 34.22539634], [72.35100901, 34.22541014], [72.35102936, 34.22532244], [72.35105616, 34.22532669], [72.35106609, 34.22528392], [72.35085044, 34.22524971], [72.35084399, 34.22527752], [72.35094581, 34.22529367], [72.35092198, 34.22539634]]]]}, "properties": {"id": "Pakistan_123102310_396340", "height": 3.900375127792358, "hmax": 0.168, "ratio": 0.043, "vulnClass": "none"}}, {"type": "Feature", "geometry": {"type": "MultiPolygon", "coordinates": [[[[72.35107804, 34.22526963], [72.35106574, 34.22533684], [72.35119591, 34.22535312], [72.3512082, 34.22528591], [72.35107804, 34.22526963]]]]}, "properties": {"id": "Pakistan_123102310_282523", "height": 3.184845924377441, "hmax": 0.154, "ratio": 0.048, "vulnClass": "none"}}, {"type": "Feature", "geometry": {"type": "MultiPolygon", "coordinates": [[[[72.35110599, 34.22543315], [72.35109268, 34.22549323], [72.35116107, 34.22550359], [72.35119294, 34.22535983], [72.35106838, 34.22534096], [72.35104983, 34.22542464], [72.35110599, 34.22543315]]]]}, "properties": {"id": "Pakistan_123102310_893870", "height": 3.184845924377441, "hmax": 0.158, "ratio": 0.05, "vulnClass": "none"}}, {"type": "Feature", "geometry": {"type": "MultiPolygon", "coordinates": [[[[72.35076135, 34.22542897], [72.35077657, 34.22536954], [72.35064308, 34.22534617], [72.35062786, 34.22540561], [72.35076135, 34.22542897]]]]}, "properties": {"id": "Pakistan_123102310_505100", "height": 2.928266525268555, "hmax": 0.168, "ratio": 0.057, "vulnClass": "low"}}, {"type": "Feature", "geometry": {"type": "MultiPolygon", "coordinates": [[[[72.35076354, 34.22544276], [72.3507397, 34.22552684], [72.35086428, 34.22555099], [72.35088812, 34.22546691], [72.35076354, 34.22544276]]]]}, "properties": {"id": "Pakistan_123102310_822903", "height": 3.839018583297729, "hmax": 0.168, "ratio": 0.044, "vulnClass": "none"}}, {"type": "Feature", "geometry": {"type": "MultiPolygon", "coordinates": [[[[72.35085456, 34.22556629], [72.35074071, 34.22552564], [72.3507163, 34.22557237], [72.35064252, 34.22554603], [72.35059956, 34.22562827], [72.3507872, 34.22569527], [72.35085456, 34.22556629]]]]}, "properties": {"id": "Pakistan_123102310_794556", "height": 4.286965847015381, "hmax": 0.168, "ratio": 0.039, "vulnClass": "none"}}, {"type": "Feature", "geometry": {"type": "MultiPolygon", "coordinates": [[[[72.35104821, 34.22578939], [72.35112431, 34.22559213], [72.35087842, 34.22552727], [72.3508396, 34.22562792], [72.35089803, 34.22564333], [72.35091666, 34.22559502], [72.35104812, 34.22562969], [72.35102057, 34.22570112], [72.35082005, 34.22564825], [72.3507917, 34.22572173], [72.35104821, 34.22578939]]]]}, "properties": {"id": "Pakistan_123102310_330169", "height": 5.170190811157227, "hmax": 0.168, "ratio": 0.033, "vulnClass": "none"}}, {"type": "Feature", "geometry": {"type": "MultiPolygon", "coordinates": [[[[72.35112509, 34.22553174], [72.35093967, 34.22549547], [72.35092825, 34.22553537], [72.35111367, 34.22557164], [72.35112509, 34.22553174]]]]}, "properties": {"id": "Pakistan_123102310_785174", "height": 4.632504463195801, "hmax": 0.168, "ratio": 0.036, "vulnClass": "none"}}, {"type": "Feature", "geometry": {"type": "MultiPolygon", "coordinates": [[[[72.35100837, 34.22545196], [72.35109335, 34.22546627], [72.35109887, 34.22544388], [72.35101388, 34.22542957], [72.35100837, 34.22545196]]]]}, "properties": {"id": "Pakistan_123102310_216477", "height": 2.740300893783569, "hmax": 0.168, "ratio": 0.061, "vulnClass": "low"}}, {"type": "Feature", "geometry": {"type": "MultiPolygon", "coordinates": [[[[72.35141151, 34.22575493], [72.3515342, 34.22577746], [72.35158985, 34.22557034], [72.35146715, 34.22554781], [72.35141151, 34.22575493]]]]}, "properties": {"id": "Pakistan_123102310_647208", "height": 3.401427745819092, "hmax": 0.133, "ratio": 0.039, "vulnClass": "none"}}, {"type": "Feature", "geometry": {"type": "MultiPolygon", "coordinates": [[[[72.35149602, 34.22489908], [72.35137011, 34.22489541], [72.35136648, 34.22498064], [72.35149239, 34.2249843], [72.35149602, 34.22489908]]]]}, "properties": {"id": "Pakistan_123102310_671170", "height": 3.700563192367554, "hmax": 0.166, "ratio": 0.045, "vulnClass": "none"}}, {"type": "Feature", "geometry": {"type": "MultiPolygon", "coordinates": [[[[72.3513044, 34.22490178], [72.35129746, 34.22492597], [72.35134731, 34.22493574], [72.35135424, 34.22491154], [72.3513044, 34.22490178]]]]}, "properties": {"id": "Pakistan_123102310_54322", "height": 3.337661266326904, "hmax": 0.166, "ratio": 0.05, "vulnClass": "none"}}, {"type": "Feature", "geometry": {"type": "MultiPolygon", "coordinates": [[[[72.3511826, 34.22502609], [72.35116509, 34.22510091], [72.3512892, 34.22512076], [72.3513067, 34.22504594], [72.3511826, 34.22502609]]]]}, "properties": {"id": "Pakistan_123102310_785175", "height": 3.379661560058594, "hmax": 0.166, "ratio": 0.049, "vulnClass": "none"}}, {"type": "Feature", "geometry": {"type": "MultiPolygon", "coordinates": [[[[72.35110948, 34.22512411], [72.35114371, 34.22513293], [72.35115324, 34.22510763], [72.35105879, 34.2250833], [72.35102183, 34.22518137], [72.35108206, 34.22519689], [72.35110948, 34.22512411]]]]}, "properties": {"id": "Pakistan_123102310_822906", "height": 3.281407356262207, "hmax": 0.246, "ratio": 0.075, "vulnClass": "low"}}, {"type": "Feature", "geometry": {"type": "MultiPolygon", "coordinates": [[[[72.35104593, 34.22507377], [72.35090517, 34.22503391], [72.35088749, 34.22507661], [72.35102824, 34.22511647], [72.35104593, 34.22507377]]]]}, "properties": {"id": "Pakistan_123102310_84063", "height": 4.756019592285156, "hmax": 0.246, "ratio": 0.052, "vulnClass": "low"}}, {"type": "Feature", "geometry": {"type": "MultiPolygon", "coordinates": [[[[72.35080124, 34.2250054], [72.35115007, 34.22508908], [72.3511716, 34.22502771], [72.35108006, 34.22500575], [72.3511138, 34.22490961], [72.35104453, 34.22489299], [72.35101079, 34.22498914], [72.35082277, 34.22494404], [72.35080124, 34.2250054]]]]}, "properties": {"id": "Pakistan_123102310_704429", "height": 4.822658538818359, "hmax": 0.245, "ratio": 0.051, "vulnClass": "low"}}, {"type": "Feature", "geometry": {"type": "MultiPolygon", "coordinates": [[[[72.35084103, 34.22483472], [72.35112503, 34.22489823], [72.35114768, 34.22482896], [72.35086368, 34.22476547], [72.35084103, 34.22483472]]]]}, "properties": {"id": "Pakistan_123102310_325448", "height": 3.087970733642578, "hmax": 0.246, "ratio": 0.08, "vulnClass": "low"}}, {"type": "Feature", "geometry": {"type": "MultiPolygon", "coordinates": [[[[72.35087274, 34.22489447], [72.35098667, 34.22492843], [72.35100506, 34.22488627], [72.35089113, 34.22485229], [72.35087274, 34.22489447]]]]}, "properties": {"id": "Pakistan_123102310_595141", "height": 2.472811937332153, "hmax": 0.246, "ratio": 0.099, "vulnClass": "low"}}, {"type": "Feature", "geometry": {"type": "MultiPolygon", "coordinates": [[[[72.35090365, 34.22464199], [72.3508704, 34.22476678], [72.35108687, 34.22480622], [72.35109617, 34.22477128], [72.35096412, 34.22474723], [72.35098806, 34.22465737], [72.35090365, 34.22464199]]]]}, "properties": {"id": "Pakistan_123102310_353797", "height": 3.190981864929199, "hmax": 0.246, "ratio": 0.077, "vulnClass": "low"}}, {"type": "Feature", "geometry": {"type": "MultiPolygon", "coordinates": [[[[72.35114324, 34.22472506], [72.35119926, 34.22473376], [72.35120582, 34.22470488], [72.35114981, 34.22469618], [72.35114324, 34.22472506]]]]}, "properties": {"id": "Pakistan_123102310_510007", "height": 4.705164909362793, "hmax": 0.198, "ratio": 0.042, "vulnClass": "none"}}, {"type": "Feature", "geometry": {"type": "MultiPolygon", "coordinates": [[[[72.35115778, 34.22484326], [72.35127726, 34.2248646], [72.35129249, 34.22480628], [72.35117301, 34.22478495], [72.35115778, 34.22484326]]]]}, "properties": {"id": "Pakistan_123102310_272002", "height": 2.959693431854248, "hmax": 0.167, "ratio": 0.056, "vulnClass": "low"}}, {"type": "Feature", "geometry": {"type": "MultiPolygon", "coordinates": [[[[72.35138264, 34.22488078], [72.35171149, 34.22493976], [72.35172927, 34.22487198], [72.35154995, 34.22483982], [72.35156358, 34.22478786], [72.35147392, 34.22477179], [72.35146085, 34.22482162], [72.35140097, 34.22481088], [72.35138264, 34.22488078]]]]}, "properties": {"id": "Pakistan_123102310_130522", "height": 6.133561134338379, "hmax": 0.166, "ratio": 0.027, "vulnClass": "none"}}, {"type": "Feature", "geometry": {"type": "MultiPolygon", "coordinates": [[[[72.35112125, 34.2244886], [72.35126541, 34.22452213], [72.35128919, 34.22445226], [72.35114503, 34.22441872], [72.35112125, 34.2244886]]]]}, "properties": {"id": "Pakistan_123102310_130508", "height": 4.051599025726318, "hmax": 0.19, "ratio": 0.047, "vulnClass": "none"}}, {"type": "Feature", "geometry": {"type": "MultiPolygon", "coordinates": [[[[72.35147304, 34.22443873], [72.35130164, 34.22440955], [72.35128998, 34.22445635], [72.35146138, 34.22448553], [72.35147304, 34.22443873]]]]}, "properties": {"id": "Pakistan_123102310_46531", "height": 3.410099267959595, "hmax": 0.166, "ratio": 0.049, "vulnClass": "none"}}, {"type": "Feature", "geometry": {"type": "MultiPolygon", "coordinates": [[[[72.35143911, 34.22432093], [72.35148194, 34.22432247], [72.35148387, 34.22428589], [72.35144103, 34.22428435], [72.35143911, 34.22432093]]]]}, "properties": {"id": "Pakistan_123102310_234408", "height": 2.521528244018555, "hmax": 0.153, "ratio": 0.061, "vulnClass": "low"}}, {"type": "Feature", "geometry": {"type": "MultiPolygon", "coordinates": [[[[72.35121414, 34.22422353], [72.35117929, 34.2242155], [72.35116195, 34.22426695], [72.35106141, 34.22424379], [72.3509924, 34.22444859], [72.35112776, 34.22447978], [72.35121414, 34.22422353]]]]}, "properties": {"id": "Pakistan_123102310_84073", "height": 3.959271907806396, "hmax": 0.237, "ratio": 0.06, "vulnClass": "low"}}, {"type": "Feature", "geometry": {"type": "MultiPolygon", "coordinates": [[[[72.35082881, 34.22440782], [72.35094873, 34.22443626], [72.35101877, 34.22423446], [72.35089884, 34.224206], [72.35082881, 34.22440782]]]]}, "properties": {"id": "Pakistan_123102310_733083", "height": 3.583686351776123, "hmax": 0.239, "ratio": 0.067, "vulnClass": "low"}}, {"type": "Feature", "geometry": {"type": "MultiPolygon", "coordinates": [[[[72.35097109, 34.22448414], [72.35092765, 34.22463528], [72.35107333, 34.22466391], [72.35108239, 34.22463242], [72.35114078, 34.2246439], [72.35112902, 34.2246848], [72.35120265, 34.22469926], [72.3512488, 34.22453871], [72.35097109, 34.22448414]]]]}, "properties": {"id": "Pakistan_123102310_752057", "height": 4.330025672912598, "hmax": 0.229, "ratio": 0.053, "vulnClass": "low"}}, {"type": "Feature", "geometry": {"type": "MultiPolygon", "coordinates": [[[[72.3503093, 34.22463685], [72.35024278, 34.22462187], [72.35012549, 34.22454546], [72.35009855, 34.22457373], [72.35009288, 34.22459093], [72.35007595, 34.2246087], [72.34994918, 34.22458016], [72.34994607, 34.22458062], [72.3499114, 34.2246859], [72.34997383, 34.22469995], [72.34995343, 34.22476189], [72.3500313, 34.22477942], [72.35005514, 34.2247544], [72.35008489, 34.22466406], [72.35010948, 34.22463825], [72.35008846, 34.2247021], [72.35013998, 34.22473567], [72.35007867, 34.22474485], [72.35005572, 34.22476893], [72.35003964, 34.22481775], [72.34999828, 34.22479081], [72.34996514, 34.22478335], [72.34994474, 34.22484529], [72.34999045, 34.22485558], [72.34999505, 34.22487658], [72.35009661, 34.22489945], [72.35011217, 34.22497048], [72.35023423, 34.2249522], [72.35020096, 34.22480027], [72.35019935, 34.22480517], [72.35018993, 34.22476213], [72.3503093, 34.22463685]]]]}, "properties": {"id": "Pakistan_123102310_16836", "height": 4.616340637207031, "hmax": 0.17, "ratio": 0.037, "vulnClass": "none"}}, {"type": "Feature", "geometry": {"type": "MultiPolygon", "coordinates": [[[[72.34961556, 34.22450589], [72.34965717, 34.22452877], [72.34975846, 34.22455339], [72.34979755, 34.22457488], [72.34977317, 34.22464346], [72.34972282, 34.22463122], [72.34970542, 34.22465287], [72.34984006, 34.22472687], [72.34990682, 34.22453914], [72.34996993, 34.22446065], [72.35000762, 34.22446981], [72.35004029, 34.22437795], [72.3499473, 34.22435535], [72.34990534, 34.22440753], [72.3498706, 34.22450522], [72.34982731, 34.22448142], [72.34968485, 34.22444679], [72.34970663, 34.22438555], [72.34966219, 34.22437474], [72.34961556, 34.22450589]]]]}, "properties": {"id": "Pakistan_123102310_401060", "height": 4.087206840515137, "hmax": 0.053, "ratio": 0.013, "vulnClass": "none"}}, {"type": "Feature", "geometry": {"type": "MultiPolygon", "coordinates": [[[[72.35045331, 34.22391309], [72.35026748, 34.22389192], [72.35025388, 34.22397353], [72.35043971, 34.2239947], [72.35045331, 34.22391309]]]]}, "properties": {"id": "Pakistan_123102310_225971", "height": 3.07750129699707, "hmax": 0.229, "ratio": 0.074, "vulnClass": "low"}}, {"type": "Feature", "geometry": {"type": "MultiPolygon", "coordinates": [[[[72.34984028, 34.22401787], [72.3496495, 34.22397255], [72.34962743, 34.22403606], [72.34981822, 34.22408138], [72.34984028, 34.22401787]]]]}, "properties": {"id": "Pakistan_123102310_533514", "height": 2.793113231658936, "hmax": 0.046, "ratio": 0.017, "vulnClass": "none"}}, {"type": "Feature", "geometry": {"type": "MultiPolygon", "coordinates": [[[[72.34982536, 34.22385813], [72.34986338, 34.22386213], [72.34987296, 34.22379997], [72.34983493, 34.22379597], [72.34982536, 34.22385813]]]]}, "properties": {"id": "Pakistan_123102310_306396", "height": 2.608896017074585, "hmax": 0.046, "ratio": 0.018, "vulnClass": "none"}}, {"type": "Feature", "geometry": {"type": "MultiPolygon", "coordinates": [[[[72.34986214, 34.22380502], [72.35045545, 34.22390511], [72.35047909, 34.2238093], [72.3501304, 34.22375048], [72.35015299, 34.22365892], [72.3500665, 34.22364433], [72.35004601, 34.22372737], [72.34988787, 34.22370069], [72.34986214, 34.22380502]]]]}, "properties": {"id": "Pakistan_123102310_84027", "height": 3.672353506088257, "hmax": 0.147, "ratio": 0.04, "vulnClass": "none"}}, {"type": "Feature", "geometry": {"type": "MultiPolygon", "coordinates": [[[[72.35093266, 34.2236863], [72.3508072, 34.22366689], [72.35079193, 34.22373441], [72.35091738, 34.22375382], [72.35093266, 34.2236863]]]]}, "properties": {"id": "Pakistan_123102310_215386", "height": 3.234265804290771, "hmax": 0.229, "ratio": 0.071, "vulnClass": "low"}}, {"type": "Feature", "geometry": {"type": "MultiPolygon", "coordinates": [[[[72.35118227, 34.22378463], [72.35101978, 34.22375778], [72.35094915, 34.22404994], [72.35101621, 34.22406102], [72.35102419, 34.224028], [72.35117636, 34.22405316], [72.35121478, 34.22389424], [72.35115804, 34.22388486], [72.35118227, 34.22378463]]]]}, "properties": {"id": "Pakistan_123102310_733087", "height": 3.889628887176514, "hmax": 0.227, "ratio": 0.058, "vulnClass": "low"}}, {"type": "Feature", "geometry": {"type": "MultiPolygon", "coordinates": [[[[72.35091579, 34.22414411], [72.35113112, 34.22416696], [72.35114077, 34.22410474], [72.35092544, 34.2240819], [72.35091579, 34.22414411]]]]}, "properties": {"id": "Pakistan_123102310_187983", "height": 2.98280668258667, "hmax": 0.229, "ratio": 0.077, "vulnClass": "low"}}, {"type": "Feature", "geometry": {"type": "MultiPolygon", "coordinates": [[[[72.35132383, 34.22391606], [72.35127047, 34.22402718], [72.35141412, 34.22407433], [72.35146748, 34.22396322], [72.35132383, 34.22391606]]]]}, "properties": {"id": "Pakistan_123102310_908091", "height": 4.559453964233398, "hmax": 0.144, "ratio": 0.032, "vulnClass": "none"}}, {"type": "Feature", "geometry": {"type": "MultiPolygon", "coordinates": [[[[72.35113245, 34.22417999], [72.35122409, 34.22420182], [72.35124264, 34.22414858], [72.35123619, 34.22414704], [72.3512608, 34.22407644], [72.3511756, 34.22405614], [72.35113245, 34.22417999]]]]}, "properties": {"id": "Pakistan_123102310_82660", "height": 4.128250598907471, "hmax": 0.176, "ratio": 0.043, "vulnClass": "none"}}, {"type": "Feature", "geometry": {"type": "MultiPolygon", "coordinates": [[[[72.35121245, 34.22428642], [72.35134086, 34.22430879], [72.35133329, 34.22433852], [72.35147454, 34.22436312], [72.35148183, 34.22433451], [72.35134672, 34.22431097], [72.3513635, 34.22424514], [72.35149447, 34.22426796], [72.35150205, 34.22423824], [72.35153699, 34.22424432], [72.35154836, 34.22419973], [72.35147746, 34.22418738], [72.35147367, 34.22420224], [72.35132884, 34.22417701], [72.35135751, 34.22406446], [72.35127276, 34.22404969], [72.35121245, 34.22428642]]]]}, "properties": {"id": "Pakistan_123102310_752063", "height": 5.134679317474365, "hmax": 0.146, "ratio": 0.028, "vulnClass": "none"}}, {"type": "Feature", "geometry": {"type": "MultiPolygon", "coordinates": [[[[72.35148866, 34.22407744], [72.35145811, 34.224074], [72.35144986, 34.22412407], [72.35148041, 34.22412752], [72.35148866, 34.22407744]]]]}, "properties": {"id": "Pakistan_123102310_542969", "height": 2.813107013702393, "hmax": 0.144, "ratio": 0.051, "vulnClass": "low"}}, {"type": "Feature", "geometry": {"type": "MultiPolygon", "coordinates": [[[[72.35152588, 34.22404675], [72.35150673, 34.22408848], [72.3515419, 34.22409952], [72.35153169, 34.22412176], [72.35157389, 34.224135], [72.35160325, 34.22407102], [72.35152588, 34.22404675]]]]}, "properties": {"id": "Pakistan_123102310_35722", "height": 2.462261915206909, "hmax": 0.144, "ratio": 0.058, "vulnClass": "low"}}, {"type": "Feature", "geometry": {"type": "MultiPolygon", "coordinates": [[[[72.35162387, 34.22396262], [72.35150206, 34.223914], [72.35147685, 34.22395716], [72.35159866, 34.22400579], [72.35162387, 34.22396262]]]]}, "properties": {"id": "Pakistan_123102310_150379", "height": 2.570267200469971, "hmax": 0.144, "ratio": 0.056, "vulnClass": "low"}}, {"type": "Feature", "geometry": {"type": "MultiPolygon", "coordinates": [[[[72.35149284, 34.22391103], [72.35136096, 34.22385985], [72.35133723, 34.22390165], [72.35146912, 34.22395283], [72.35149284, 34.22391103]]]]}, "properties": {"id": "Pakistan_123102310_401080", "height": 3.169663429260254, "hmax": 0.144, "ratio": 0.045, "vulnClass": "none"}}, {"type": "Feature", "geometry": {"type": "MultiPolygon", "coordinates": [[[[72.35133763, 34.22384749], [72.3512252, 34.22381328], [72.35120607, 34.22385625], [72.3513185, 34.22389046], [72.35133763, 34.22384749]]]]}, "properties": {"id": "Pakistan_123102310_803999", "height": 3.912544727325439, "hmax": 0.144, "ratio": 0.037, "vulnClass": "none"}}, {"type": "Feature", "geometry": {"type": "MultiPolygon", "coordinates": [[[[72.35124198, 34.22358669], [72.35148993, 34.22360774], [72.35149634, 34.22355611], [72.35154942, 34.22356061], [72.35155609, 34.22350691], [72.35148177, 34.2235006], [72.35148464, 34.22347749], [72.35125792, 34.22345826], [72.35124198, 34.22358669]]]]}, "properties": {"id": "Pakistan_123102310_292053", "height": 3.624617338180542, "hmax": 0.144, "ratio": 0.04, "vulnClass": "none"}}, {"type": "Feature", "geometry": {"type": "MultiPolygon", "coordinates": [[[[72.35065298, 34.22350745], [72.3511272, 34.22364401], [72.35113263, 34.22345928], [72.35086962, 34.22338354], [72.3507951, 34.22338204], [72.35076605, 34.22337367], [72.35070066, 34.22337236], [72.35069997, 34.22339588], [72.35065298, 34.22350745]]]]}, "properties": {"id": "Pakistan_123102310_818294", "height": 4.836834907531738, "hmax": 0.228, "ratio": 0.047, "vulnClass": "none"}}, {"type": "Feature", "geometry": {"type": "MultiPolygon", "coordinates": [[[[72.35138149, 34.22336693], [72.35128088, 34.22335034], [72.35125901, 34.22344104], [72.35135962, 34.22345763], [72.35138149, 34.22336693]]]]}, "properties": {"id": "Pakistan_123102310_296910", "height": 2.672313213348389, "hmax": 0.144, "ratio": 0.054, "vulnClass": "low"}}, {"type": "Feature", "geometry": {"type": "MultiPolygon", "coordinates": [[[[72.35137687, 34.22339149], [72.35158171, 34.22341625], [72.35160935, 34.22325991], [72.35151219, 34.22324816], [72.35151065, 34.22325685], [72.35142136, 34.22324606], [72.35143212, 34.22318526], [72.3513901, 34.22318018], [72.35135977, 34.22335172], [72.3513834, 34.22335457], [72.35137687, 34.22339149]]]]}, "properties": {"id": "Pakistan_123102310_55877", "height": 4.529705047607422, "hmax": 0.144, "ratio": 0.032, "vulnClass": "none"}}, {"type": "Feature", "geometry": {"type": "MultiPolygon", "coordinates": [[[[72.35164048, 34.22324952], [72.35164411, 34.22317306], [72.35143522, 34.22316627], [72.35143159, 34.22324273], [72.35164048, 34.22324952]]]]}, "properties": {"id": "Pakistan_123102310_794564", "height": 3.572806358337402, "hmax": 0.144, "ratio": 0.04, "vulnClass": "none"}}, {"type": "Feature", "geometry": {"type": "MultiPolygon", "coordinates": [[[[72.35134739, 34.22312252], [72.3511893, 34.22311836], [72.35118469, 34.22323799], [72.35134278, 34.22324216], [72.35134739, 34.22312252]]]]}, "properties": {"id": "Pakistan_123102310_486235", "height": 4.865559101104736, "hmax": 0.153, "ratio": 0.031, "vulnClass": "none"}}, {"type": "Feature", "geometry": {"type": "MultiPolygon", "coordinates": [[[[72.35120961, 34.22282726], [72.35085125, 34.2227267], [72.35080021, 34.22285101], [72.35093249, 34.22288813], [72.35091903, 34.22292092], [72.35100081, 34.22294387], [72.35100897, 34.22292398], [72.35115328, 34.22296448], [72.35120961, 34.22282726]]]]}, "properties": {"id": "Pakistan_123102310_55875", "height": 3.099718809127808, "hmax": 0.193, "ratio": 0.062, "vulnClass": "low"}}, {"type": "Feature", "geometry": {"type": "MultiPolygon", "coordinates": [[[[72.35112931, 34.22300668], [72.35096356, 34.22295544], [72.35096972, 34.22294182], [72.35088132, 34.22291449], [72.3508162, 34.22305848], [72.35107035, 34.22313704], [72.35112931, 34.22300668]]]]}, "properties": {"id": "Pakistan_123102310_742698", "height": 3.147495269775391, "hmax": 0.193, "ratio": 0.061, "vulnClass": "low"}}, {"type": "Feature", "geometry": {"type": "MultiPolygon", "coordinates": [[[[72.35061195, 34.22325106], [72.35104581, 34.22336118], [72.3510966, 34.22322441], [72.35082453, 34.22315533], [72.35081813, 34.22317254], [72.35065636, 34.22313148], [72.35061195, 34.22325106]]]]}, "properties": {"id": "Pakistan_123102310_263659", "height": 4.193374633789062, "hmax": 0.193, "ratio": 0.046, "vulnClass": "none"}}, {"type": "Feature", "geometry": {"type": "MultiPolygon", "coordinates": [[[[72.35050625, 34.22317235], [72.35058869, 34.22317865], [72.35059741, 34.22310059], [72.35051497, 34.22309429], [72.35050625, 34.22317235]]]]}, "properties": {"id": "Pakistan_123102310_271990", "height": 3.110459804534912, "hmax": 0.193, "ratio": 0.062, "vulnClass": "low"}}, {"type": "Feature", "geometry": {"type": "MultiPolygon", "coordinates": [[[[72.35044539, 34.22303105], [72.35035316, 34.22302827], [72.3503514, 34.22306813], [72.35044363, 34.22307092], [72.35044539, 34.22303105]]]]}, "properties": {"id": "Pakistan_123102310_443383", "height": 3.819036483764648, "hmax": 0.193, "ratio": 0.05, "vulnClass": "low"}}, {"type": "Feature", "geometry": {"type": "MultiPolygon", "coordinates": [[[[72.35021501, 34.22318435], [72.35042565, 34.22318835], [72.35042774, 34.22311298], [72.3502171, 34.22310899], [72.35021501, 34.22318435]]]]}, "properties": {"id": "Pakistan_123102310_401069", "height": 4.973906517028809, "hmax": 0.193, "ratio": 0.039, "vulnClass": "none"}}, {"type": "Feature", "geometry": {"type": "MultiPolygon", "coordinates": [[[[72.35026872, 34.22296413], [72.35026672, 34.22300508], [72.35038455, 34.22300901], [72.35038654, 34.22296805], [72.35026872, 34.22296413]]]]}, "properties": {"id": "Pakistan_123102310_367939", "height": 3.705775499343872, "hmax": 0.193, "ratio": 0.052, "vulnClass": "low"}}, {"type": "Feature", "geometry": {"type": "MultiPolygon", "coordinates": [[[[72.35017627, 34.22300964], [72.35015946, 34.22306609], [72.35020641, 34.22307566], [72.35022323, 34.2230192], [72.35017627, 34.22300964]]]]}, "properties": {"id": "Pakistan_123102310_457680", "height": 5.499671459197998, "hmax": 0.193, "ratio": 0.035, "vulnClass": "none"}}, {"type": "Feature", "geometry": {"type": "MultiPolygon", "coordinates": [[[[72.35045073, 34.22285943], [72.35044578, 34.22300569], [72.3505461, 34.22300801], [72.35055107, 34.22286176], [72.35045073, 34.22285943]]]]}, "properties": {"id": "Pakistan_123102310_690178", "height": 3.902629137039185, "hmax": 0.193, "ratio": 0.05, "vulnClass": "none"}}, {"type": "Feature", "geometry": {"type": "MultiPolygon", "coordinates": [[[[72.35060289, 34.22289459], [72.35063631, 34.2229043], [72.35069253, 34.22277205], [72.35057078, 34.22273667], [72.35054057, 34.22280773], [72.3506289, 34.2228334], [72.35060289, 34.22289459]]]]}, "properties": {"id": "Pakistan_123102310_832428", "height": 2.949297428131104, "hmax": 0.193, "ratio": 0.065, "vulnClass": "low"}}, {"type": "Feature", "geometry": {"type": "MultiPolygon", "coordinates": [[[[72.35036406, 34.22281119], [72.35048018, 34.22283025], [72.35049453, 34.22277051], [72.35054872, 34.2227794], [72.3505605, 34.22273032], [72.35039018, 34.22270237], [72.35036406, 34.22281119]]]]}, "properties": {"id": "Pakistan_123102310_856030", "height": 3.044181823730469, "hmax": 0.193, "ratio": 0.063, "vulnClass": "low"}}, {"type": "Feature", "geometry": {"type": "MultiPolygon", "coordinates": [[[[72.35033626, 34.22288511], [72.35037289, 34.22288992], [72.35038203, 34.22284233], [72.3503454, 34.22283752], [72.35033626, 34.22288511]]]]}, "properties": {"id": "Pakistan_123102310_770959", "height": 2.748432159423828, "hmax": 0.193, "ratio": 0.07, "vulnClass": "low"}}, {"type": "Feature", "geometry": {"type": "MultiPolygon", "coordinates": [[[[72.35007503, 34.22293786], [72.35012538, 34.22294569], [72.35014342, 34.22286644], [72.35009306, 34.2228586], [72.35007503, 34.22293786]]]]}, "properties": {"id": "Pakistan_123102310_243802", "height": 4.140239715576172, "hmax": 0.056, "ratio": 0.014, "vulnClass": "none"}}, {"type": "Feature", "geometry": {"type": "MultiPolygon", "coordinates": [[[[72.34993757, 34.22273127], [72.34992073, 34.22278771], [72.34984741, 34.22277275], [72.34980436, 34.222917], [72.34991813, 34.22294021], [72.34993809, 34.22287332], [72.34998866, 34.22288363], [72.35000426, 34.22283137], [72.35015342, 34.22286181], [72.35012722, 34.22294961], [72.35021823, 34.22296818], [72.35024007, 34.22289502], [72.35021479, 34.22288986], [72.35023475, 34.22282296], [72.35017155, 34.22281006], [72.35018028, 34.2227808], [72.34993757, 34.22273127]]]]}, "properties": {"id": "Pakistan_123102310_651925", "height": 5.199841976165771, "hmax": 0.091, "ratio": 0.018, "vulnClass": "none"}}, {"type": "Feature", "geometry": {"type": "MultiPolygon", "coordinates": [[[[72.34988734, 34.22268624], [72.34985104, 34.22274966], [72.3499102, 34.22277281], [72.3499465, 34.22270939], [72.34988734, 34.22268624]]]]}, "properties": {"id": "Pakistan_123102310_16822", "height": 3.126931190490723, "hmax": 0.055, "ratio": 0.018, "vulnClass": "none"}}, {"type": "Feature", "geometry": {"type": "MultiPolygon", "coordinates": [[[[72.34963107, 34.22288981], [72.34973614, 34.22293666], [72.34976079, 34.22289886], [72.34965572, 34.22285201], [72.34963107, 34.22288981]]]]}, "properties": {"id": "Pakistan_123102310_415129", "height": 4.936926364898682, "hmax": 0.055, "ratio": 0.011, "vulnClass": "none"}}, {"type": "Feature", "geometry": {"type": "MultiPolygon", "coordinates": [[[[72.34977073, 34.22299691], [72.34976715, 34.2230722], [72.34986892, 34.2230755], [72.3498725, 34.22300021], [72.34977073, 34.22299691]]]]}, "properties": {"id": "Pakistan_123102310_44992", "height": 3.062131881713867, "hmax": 0.055, "ratio": 0.018, "vulnClass": "none"}}, {"type": "Feature", "geometry": {"type": "MultiPolygon", "coordinates": [[[[72.34990504, 34.22294608], [72.34979157, 34.22291836], [72.34977043, 34.22297751], [72.3498839, 34.22300523], [72.34990504, 34.22294608]]]]}, "properties": {"id": "Pakistan_123102310_799288", "height": 4.288846015930176, "hmax": 0.055, "ratio": 0.013, "vulnClass": "none"}}, {"type": "Feature", "geometry": {"type": "MultiPolygon", "coordinates": [[[[72.35007225, 34.22297436], [72.35022044, 34.22301029], [72.35023203, 34.22297761], [72.35008384, 34.22294168], [72.35007225, 34.22297436]]]]}, "properties": {"id": "Pakistan_123102310_728279", "height": 5.744532585144043, "hmax": 0.137, "ratio": 0.024, "vulnClass": "none"}}, {"type": "Feature", "geometry": {"type": "MultiPolygon", "coordinates": [[[[72.350203, 34.22326207], [72.34987836, 34.22317767], [72.3498561, 34.22323619], [72.35018074, 34.2233206], [72.350203, 34.22326207]]]]}, "properties": {"id": "Pakistan_123102310_254187", "height": 2.866158246994019, "hmax": 0.082, "ratio": 0.029, "vulnClass": "none"}}, {"type": "Feature", "geometry": {"type": "MultiPolygon", "coordinates": [[[[72.35022294, 34.22318554], [72.35019099, 34.2233601], [72.35049779, 34.22339846], [72.35051783, 34.22328897], [72.35056241, 34.22329455], [72.35058165, 34.22318939], [72.35047414, 34.22317594], [72.35046442, 34.22322906], [72.35037939, 34.22321843], [72.35037265, 34.22325528], [72.35027674, 34.22324329], [72.35028587, 34.22319342], [72.35022294, 34.22318554]]]]}, "properties": {"id": "Pakistan_123102310_623487", "height": 4.27658748626709, "hmax": 0.193, "ratio": 0.045, "vulnClass": "none"}}, {"type": "Feature", "geometry": {"type": "MultiPolygon", "coordinates": [[[[72.35033885, 34.22359607], [72.35046247, 34.22361687], [72.35048082, 34.22354234], [72.35013977, 34.22348494], [72.3501044, 34.22362871], [72.35022651, 34.22364926], [72.35025062, 34.22355129], [72.35034592, 34.22356733], [72.35033885, 34.22359607]]]]}, "properties": {"id": "Pakistan_123102310_666405", "height": 3.46028995513916, "hmax": 0.226, "ratio": 0.065, "vulnClass": "low"}}, {"type": "Feature", "geometry": {"type": "MultiPolygon", "coordinates": [[[[72.35027438, 34.22359944], [72.35025578, 34.22365385], [72.3503338, 34.22367209], [72.3503524, 34.22361767], [72.35027438, 34.22359944]]]]}, "properties": {"id": "Pakistan_123102310_111454", "height": 4.009360790252686, "hmax": 0.229, "ratio": 0.057, "vulnClass": "low"}}, {"type": "Feature", "geometry": {"type": "MultiPolygon", "coordinates": [[[[72.34962959, 34.22364588], [72.34967688, 34.22366021], [72.34970156, 34.22360453], [72.34965427, 34.2235902], [72.34962959, 34.22364588]]]]}, "properties": {"id": "Pakistan_123102310_311181", "height": 3.322955131530762, "hmax": 0.046, "ratio": 0.014, "vulnClass": "none"}}, {"type": "Feature", "geometry": {"type": "MultiPolygon", "coordinates": [[[[72.34970289, 34.22372584], [72.34969497, 34.223742], [72.34983645, 34.22378941], [72.34987051, 34.22371991], [72.34962631, 34.22363809], [72.3496436, 34.2236028], [72.34934872, 34.22350398], [72.34930527, 34.22359262], [72.34970289, 34.22372584]]]]}, "properties": {"id": "Pakistan_123102310_225953", "height": 4.065635681152344, "hmax": 0.046, "ratio": 0.011, "vulnClass": "none"}}, {"type": "Feature", "geometry": {"type": "MultiPolygon", "coordinates": [[[[72.34927891, 34.22365368], [72.34933353, 34.22366165], [72.34933996, 34.22363154], [72.34928534, 34.22362357], [72.34927891, 34.22365368]]]]}, "properties": {"id": "Pakistan_123102310_92272", "height": 3.284416675567627, "hmax": 0.046, "ratio": 0.014, "vulnClass": "none"}}, {"type": "Feature", "geometry": {"type": "MultiPolygon", "coordinates": [[[[72.34893265, 34.22354439], [72.34888898, 34.22367756], [72.34897995, 34.22369796], [72.34896536, 34.22374246], [72.34901431, 34.22375343], [72.34903093, 34.22370274], [72.34917187, 34.22373434], [72.34922978, 34.22355778], [72.34905884, 34.22351946], [72.34904258, 34.22356904], [72.34893265, 34.22354439]]]]}, "properties": {"id": "Pakistan_123102310_614068", "height": 4.453877449035645, "hmax": 0.03, "ratio": 0.007, "vulnClass": "none"}}, {"type": "Feature", "geometry": {"type": "MultiPolygon", "coordinates": [[[[72.34876306, 34.22367292], [72.34886485, 34.22366985], [72.34886299, 34.22362776], [72.3487612, 34.22363084], [72.34876306, 34.22367292]]]]}, "properties": {"id": "Pakistan_123102310_623479", "height": 2.985504627227783, "hmax": 0.005, "ratio": 0.002, "vulnClass": "none"}}, {"type": "Feature", "geometry": {"type": "MultiPolygon", "coordinates": [[[[72.34884118, 34.22359137], [72.34867497, 34.22359464], [72.34867597, 34.2236291], [72.34884217, 34.22362582], [72.34884118, 34.22359137]]]]}, "properties": {"id": "Pakistan_123102310_936447", "height": 3.746847629547119, "hmax": 0.005, "ratio": 0.001, "vulnClass": "none"}}, {"type": "Feature", "geometry": {"type": "MultiPolygon", "coordinates": [[[[72.34881923, 34.22347198], [72.34887818, 34.22350142], [72.34892621, 34.22343569], [72.34886726, 34.22340624], [72.34881923, 34.22347198]]]]}, "properties": {"id": "Pakistan_123102310_609243", "height": 3.144019842147827, "hmax": 0.005, "ratio": 0.002, "vulnClass": "none"}}, {"type": "Feature", "geometry": {"type": "MultiPolygon", "coordinates": [[[[72.34928945, 34.2234247], [72.3492934, 34.22335388], [72.34911789, 34.22334717], [72.34911392, 34.22341799], [72.34928945, 34.2234247]]]]}, "properties": {"id": "Pakistan_123102310_401055", "height": 3.173629760742188, "hmax": 0.047, "ratio": 0.015, "vulnClass": "none"}}, {"type": "Feature", "geometry": {"type": "MultiPolygon", "coordinates": [[[[72.34891431, 34.22334194], [72.34887649, 34.22340668], [72.34891473, 34.22342195], [72.34895254, 34.22335721], [72.34891431, 34.22334194]]]]}, "properties": {"id": "Pakistan_123102310_874925", "height": 3.382233858108521, "hmax": 0.005, "ratio": 0.002, "vulnClass": "none"}}, {"type": "Feature", "geometry": {"type": "MultiPolygon", "coordinates": [[[[72.34884501, 34.22342448], [72.34868578, 34.22335601], [72.34865723, 34.2234014], [72.34881646, 34.22346986], [72.34884501, 34.22342448]]]]}, "properties": {"id": "Pakistan_123102310_315875", "height": 3.985208988189697, "hmax": 0.005, "ratio": 0.001, "vulnClass": "none"}}, {"type": "Feature", "geometry": {"type": "MultiPolygon", "coordinates": [[[[72.34873376, 34.22328891], [72.34872233, 34.22331923], [72.34876285, 34.22332967], [72.34877428, 34.22329935], [72.34873376, 34.22328891]]]]}, "properties": {"id": "Pakistan_123102310_438690", "height": 2.69060206413269, "hmax": 0.008, "ratio": 0.003, "vulnClass": "none"}}, {"type": "Feature", "geometry": {"type": "MultiPolygon", "coordinates": [[[[72.34881162, 34.22336051], [72.34888518, 34.22336931], [72.34889126, 34.22333456], [72.34881771, 34.22332575], [72.34881162, 34.22336051]]]]}, "properties": {"id": "Pakistan_123102310_358470", "height": 2.73396897315979, "hmax": 0.006, "ratio": 0.002, "vulnClass": "none"}}, {"type": "Feature", "geometry": {"type": "MultiPolygon", "coordinates": [[[[72.34888563, 34.22324942], [72.3488386, 34.22324309], [72.34882286, 34.22332303], [72.34895873, 34.22334132], [72.34898042, 34.22323113], [72.34889158, 34.22321917], [72.34888563, 34.22324942]]]]}, "properties": {"id": "Pakistan_123102310_851217", "height": 2.985921144485474, "hmax": 0.008, "ratio": 0.003, "vulnClass": "none"}}, {"type": "Feature", "geometry": {"type": "MultiPolygon", "coordinates": [[[[72.34883875, 34.22325319], [72.34873843, 34.2232158], [72.34870729, 34.22327295], [72.3488076, 34.22331033], [72.34883875, 34.22325319]]]]}, "properties": {"id": "Pakistan_123102310_382107", "height": 2.987189292907715, "hmax": 0.008, "ratio": 0.003, "vulnClass": "none"}}, {"type": "Feature", "geometry": {"type": "MultiPolygon", "coordinates": [[[[72.34899894, 34.22315196], [72.34889866, 34.22314919], [72.34889647, 34.22320338], [72.34899674, 34.22320615], [72.34899894, 34.22315196]]]]}, "properties": {"id": "Pakistan_123102310_262712", "height": 3.010829448699951, "hmax": 0.008, "ratio": 0.003, "vulnClass": "none"}}, {"type": "Feature", "geometry": {"type": "MultiPolygon", "coordinates": [[[[72.34900089, 34.22321117], [72.34899066, 34.22327105], [72.34908797, 34.22328241], [72.34909819, 34.22322254], [72.34900089, 34.22321117]]]]}, "properties": {"id": "Pakistan_123102310_367925", "height": 3.617895364761353, "hmax": 0.032, "ratio": 0.009, "vulnClass": "none"}}, {"type": "Feature", "geometry": {"type": "MultiPolygon", "coordinates": [[[[72.34916914, 34.2232889], [72.34918588, 34.22324689], [72.34911571, 34.22322777], [72.34909897, 34.22326979], [72.34916914, 34.2232889]]]]}, "properties": {"id": "Pakistan_123102310_514703", "height": 3.617895364761353, "hmax": 0.055, "ratio": 0.015, "vulnClass": "none"}}, {"type": "Feature", "geometry": {"type": "MultiPolygon", "coordinates": [[[[72.349208, 34.22319149], [72.34913801, 34.22318365], [72.34913337, 34.22321197], [72.34920336, 34.2232198], [72.349208, 34.22319149]]]]}, "properties": {"id": "Pakistan_123102310_519499", "height": 4.089420318603516, "hmax": 0.055, "ratio": 0.013, "vulnClass": "none"}}, {"type": "Feature", "geometry": {"type": "MultiPolygon", "coordinates": [[[[72.34930421, 34.22329552], [72.34929584, 34.22331776], [72.34936779, 34.22333627], [72.34939138, 34.22327359], [72.3492754, 34.22324375], [72.34926019, 34.22328419], [72.34930421, 34.22329552]]]]}, "properties": {"id": "Pakistan_123102310_358482", "height": 4.55361270904541, "hmax": 0.055, "ratio": 0.012, "vulnClass": "none"}}, {"type": "Feature", "geometry": {"type": "MultiPolygon", "coordinates": [[[[72.34918265, 34.22328515], [72.34924102, 34.22329022], [72.34924576, 34.22325293], [72.34918739, 34.22324786], [72.34918265, 34.22328515]]]]}, "properties": {"id": "Pakistan_123102310_320716", "height": 4.022899627685547, "hmax": 0.055, "ratio": 0.014, "vulnClass": "none"}}, {"type": "Feature", "geometry": {"type": "MultiPolygon", "coordinates": [[[[72.34942329, 34.22353608], [72.34981929, 34.22360405], [72.34983904, 34.22352538], [72.3500633, 34.22356388], [72.35008014, 34.22361645], [72.35009851, 34.22354331], [72.35005222, 34.22353536], [72.35007518, 34.22344394], [72.34984502, 34.22340443], [72.34982231, 34.22340941], [72.34977369, 34.22340106], [72.34976276, 34.22344461], [72.34980195, 34.22345134], [72.34980685, 34.22346663], [72.34972306, 34.22345225], [72.34966061, 34.22346593], [72.34963063, 34.22346078], [72.34962637, 34.22344747], [72.34964203, 34.22338512], [72.34958385, 34.22337513], [72.34952318, 34.22338841], [72.34951788, 34.22340954], [72.34945141, 34.22342409], [72.34942329, 34.22353608]]]]}, "properties": {"id": "Pakistan_123102310_656766", "height": 3.915051937103271, "hmax": 0.046, "ratio": 0.012, "vulnClass": "none"}}, {"type": "Feature", "geometry": {"type": "MultiPolygon", "coordinates": [[[[72.34943351, 34.22317705], [72.34924068, 34.22314097], [72.3492274, 34.2231895], [72.34942023, 34.22322557], [72.34943351, 34.22317705]]]]}, "properties": {"id": "Pakistan_123102310_860656", "height": 4.089420318603516, "hmax": 0.055, "ratio": 0.013, "vulnClass": "none"}}, {"type": "Feature", "geometry": {"type": "MultiPolygon", "coordinates": [[[[72.34925605, 34.22294843], [72.34921128, 34.22293194], [72.34918736, 34.22297636], [72.34921295, 34.22298579], [72.34919249, 34.22302379], [72.3492977, 34.22306252], [72.34933756, 34.22298848], [72.34925153, 34.22295681], [72.34925605, 34.22294843]]]]}, "properties": {"id": "Pakistan_123102310_599844", "height": 3.199529409408569, "hmax": 0.055, "ratio": 0.017, "vulnClass": "none"}}, {"type": "Feature", "geometry": {"type": "MultiPolygon", "coordinates": [[[[72.34934207, 34.22273928], [72.3492978, 34.22272827], [72.34925528, 34.22284515], [72.34929955, 34.22285616], [72.34934207, 34.22273928]]]]}, "properties": {"id": "Pakistan_123102310_500297", "height": 4.347585678100586, "hmax": 0.055, "ratio": 0.013, "vulnClass": "none"}}, {"type": "Feature", "geometry": {"type": "MultiPolygon", "coordinates": [[[[72.34924434, 34.22269535], [72.34919912, 34.22275692], [72.34926378, 34.22278939], [72.349309, 34.22272782], [72.34924434, 34.22269535]]]]}, "properties": {"id": "Pakistan_123102310_509982", "height": 4.347585678100586, "hmax": 0.055, "ratio": 0.013, "vulnClass": "none"}}, {"type": "Feature", "geometry": {"type": "MultiPolygon", "coordinates": [[[[72.34909041, 34.22290773], [72.349128, 34.22292208], [72.34909989, 34.22297242], [72.34905692, 34.22295602], [72.34902222, 34.22301819], [72.34911163, 34.22305231], [72.34919226, 34.22290787], [72.34910823, 34.2228758], [72.34909041, 34.22290773]]]]}, "properties": {"id": "Pakistan_123102310_35670", "height": 4.267389297485352, "hmax": 0.052, "ratio": 0.012, "vulnClass": "none"}}, {"type": "Feature", "geometry": {"type": "MultiPolygon", "coordinates": [[[[72.34910514, 34.22285482], [72.34899959, 34.22280534], [72.34895816, 34.22286576], [72.34906371, 34.22291524], [72.34910514, 34.22285482]]]]}, "properties": {"id": "Pakistan_123102310_63576", "height": 3.495286703109741, "hmax": 0.021, "ratio": 0.006, "vulnClass": "none"}}, {"type": "Feature", "geometry": {"type": "MultiPolygon", "coordinates": [[[[72.34909862, 34.22274297], [72.34918356, 34.22277776], [72.34923314, 34.22269501], [72.34914819, 34.22266022], [72.34909862, 34.22274297]]]]}, "properties": {"id": "Pakistan_123102310_457670", "height": 3.362315893173218, "hmax": 0.055, "ratio": 0.016, "vulnClass": "none"}}, {"type": "Feature", "geometry": {"type": "MultiPolygon", "coordinates": [[[[72.34885226, 34.22270367], [72.34881115, 34.22269449], [72.34879863, 34.22273282], [72.34883973, 34.222742], [72.34885226, 34.22270367]]]]}, "properties": {"id": "Pakistan_123102310_83995", "height": 3.713024616241455, "hmax": 0.008, "ratio": 0.002, "vulnClass": "none"}}, {"type": "Feature", "geometry": {"type": "MultiPolygon", "coordinates": [[[[72.34878529, 34.22275054], [72.34869878, 34.22271782], [72.3486653, 34.22277835], [72.34875181, 34.22281106], [72.34878529, 34.22275054]]]]}, "properties": {"id": "Pakistan_123102310_7388", "height": 3.032447099685669, "hmax": 0.008, "ratio": 0.003, "vulnClass": "none"}}, {"type": "Feature", "geometry": {"type": "MultiPolygon", "coordinates": [[[[72.34884863, 34.22284867], [72.34881625, 34.22293582], [72.34876233, 34.22292212], [72.34873899, 34.22298494], [72.34886889, 34.22301794], [72.3489246, 34.22286797], [72.34884863, 34.22284867]]]]}, "properties": {"id": "Pakistan_123102310_372675", "height": 4.363086223602295, "hmax": 0.008, "ratio": 0.002, "vulnClass": "none"}}, {"type": "Feature", "geometry": {"type": "MultiPolygon", "coordinates": [[[[72.34897907, 34.22312556], [72.34898898, 34.22299642], [72.34891035, 34.2229923], [72.34890476, 34.22306519], [72.34887003, 34.22306337], [72.34887122, 34.22304791], [72.34882046, 34.22304525], [72.34881496, 34.22311694], [72.34897907, 34.22312556]]]]}, "properties": {"id": "Pakistan_123102310_93585", "height": 3.837069988250732, "hmax": 0.008, "ratio": 0.002, "vulnClass": "none"}}, {"type": "Feature", "geometry": {"type": "MultiPolygon", "coordinates": [[[[72.34892003, 34.22295887], [72.34896222, 34.22297705], [72.34897981, 34.22294913], [72.34893761, 34.22293096], [72.34892003, 34.22295887]]]]}, "properties": {"id": "Pakistan_123102310_936449", "height": 3.589272260665894, "hmax": 0.008, "ratio": 0.002, "vulnClass": "none"}}, {"type": "Feature", "geometry": {"type": "MultiPolygon", "coordinates": [[[[72.3491069, 34.22316698], [72.34921524, 34.22317795], [72.34922398, 34.22311895], [72.34911564, 34.22310798], [72.3491069, 34.22316698]]]]}, "properties": {"id": "Pakistan_123102310_893842", "height": 3.792427539825439, "hmax": 0.055, "ratio": 0.014, "vulnClass": "none"}}, {"type": "Feature", "geometry": {"type": "MultiPolygon", "coordinates": [[[[72.34906678, 34.22315153], [72.34909608, 34.22315913], [72.3491137, 34.22311269], [72.3490844, 34.22310509], [72.34906678, 34.22315153]]]]}, "properties": {"id": "Pakistan_123102310_571419", "height": 3.834819078445435, "hmax": 0.055, "ratio": 0.014, "vulnClass": "none"}}, {"type": "Feature", "geometry": {"type": "MultiPolygon", "coordinates": [[[[72.34880025, 34.22317033], [72.34885008, 34.22318521], [72.34887064, 34.22313812], [72.34882081, 34.22312324], [72.34880025, 34.22317033]]]]}, "properties": {"id": "Pakistan_123102310_728260", "height": 3.599560022354126, "hmax": 0.008, "ratio": 0.002, "vulnClass": "none"}}, {"type": "Feature", "geometry": {"type": "MultiPolygon", "coordinates": [[[[72.34881599, 34.223049], [72.3487393, 34.2230414], [72.34873233, 34.2230895], [72.34880901, 34.2230971], [72.34881599, 34.223049]]]]}, "properties": {"id": "Pakistan_123102310_235313", "height": 4.091865539550781, "hmax": 0.008, "ratio": 0.002, "vulnClass": "none"}}, {"type": "Feature", "geometry": {"type": "MultiPolygon", "coordinates": [[[[72.34872094, 34.22304508], [72.3486701, 34.22304302], [72.34866642, 34.22310496], [72.34871726, 34.22310703], [72.34872094, 34.22304508]]]]}, "properties": {"id": "Pakistan_123102310_666390", "height": 3.810612201690674, "hmax": 0.008, "ratio": 0.002, "vulnClass": "none"}}, {"type": "Feature", "geometry": {"type": "MultiPolygon", "coordinates": [[[[72.34881455, 34.22311488], [72.34877066, 34.22310561], [72.34873754, 34.22321294], [72.34884941, 34.22323655], [72.34886133, 34.22319794], [72.34879334, 34.22318359], [72.34881455, 34.22311488]]]]}, "properties": {"id": "Pakistan_123102310_17925", "height": 4.034401893615723, "hmax": 0.008, "ratio": 0.002, "vulnClass": "none"}}, {"type": "Feature", "geometry": {"type": "MultiPolygon", "coordinates": [[[[72.34876544, 34.2231127], [72.34871337, 34.22311145], [72.34871205, 34.22314912], [72.34876411, 34.22315037], [72.34876544, 34.2231127]]]]}, "properties": {"id": "Pakistan_123102310_509975", "height": 3.959676027297974, "hmax": 0.008, "ratio": 0.002, "vulnClass": "none"}}, {"type": "Feature", "geometry": {"type": "MultiPolygon", "coordinates": [[[[72.34852824, 34.22324702], [72.34871451, 34.22331753], [72.34873278, 34.22328453], [72.34868937, 34.2232681], [72.3487346, 34.22318642], [72.34861264, 34.22314025], [72.34858015, 34.22319892], [72.34855925, 34.22319101], [72.34852824, 34.22324702]]]]}, "properties": {"id": "Pakistan_123102310_476841", "height": 3.058753728866577, "hmax": 0.008, "ratio": 0.003, "vulnClass": "none"}}, {"type": "Feature", "geometry": {"type": "MultiPolygon", "coordinates": [[[[72.34861293, 34.2230536], [72.34859246, 34.22312499], [72.34863708, 34.22313374], [72.34865754, 34.22306235], [72.34861293, 34.2230536]]]]}, "properties": {"id": "Pakistan_123102310_685440", "height": 3.223903656005859, "hmax": 0.008, "ratio": 0.003, "vulnClass": "none"}}, {"type": "Feature", "geometry": {"type": "MultiPolygon", "coordinates": [[[[72.34852386, 34.22306486], [72.3484666, 34.22306188], [72.34846308, 34.22310827], [72.34852033, 34.22311125], [72.34852386, 34.22306486]]]]}, "properties": {"id": "Pakistan_123102310_490907", "height": 3.975369215011597, "hmax": 0.008, "ratio": 0.002, "vulnClass": "none"}}, {"type": "Feature", "geometry": {"type": "MultiPolygon", "coordinates": [[[[72.34841602, 34.22316184], [72.34849052, 34.22318139], [72.34851217, 34.22312497], [72.34843768, 34.22310543], [72.34841602, 34.22316184]]]]}, "properties": {"id": "Pakistan_123102310_382098", "height": 4.354996681213379, "hmax": 0.008, "ratio": 0.002, "vulnClass": "none"}}, {"type": "Feature", "geometry": {"type": "MultiPolygon", "coordinates": [[[[72.34828925, 34.22312862], [72.34841251, 34.22315486], [72.34842611, 34.22311118], [72.34830286, 34.22308494], [72.34828925, 34.22312862]]]]}, "properties": {"id": "Pakistan_123102310_334844", "height": 4.367110252380371, "hmax": 0.008, "ratio": 0.002, "vulnClass": "none"}}, {"type": "Feature", "geometry": {"type": "MultiPolygon", "coordinates": [[[[72.3482439, 34.22314269], [72.34829673, 34.22315762], [72.34830905, 34.22312783], [72.34825621, 34.2231129], [72.3482439, 34.22314269]]]]}, "properties": {"id": "Pakistan_123102310_344289", "height": 3.038668155670166, "hmax": 0.008, "ratio": 0.003, "vulnClass": "none"}}, {"type": "Feature", "geometry": {"type": "MultiPolygon", "coordinates": [[[[72.34845498, 34.22302336], [72.34835296, 34.22301342], [72.3483461, 34.22306154], [72.34844813, 34.22307148], [72.34845498, 34.22302336]]]]}, "properties": {"id": "Pakistan_123102310_292026", "height": 3.839404582977295, "hmax": 0.008, "ratio": 0.002, "vulnClass": "none"}}, {"type": "Feature", "geometry": {"type": "MultiPolygon", "coordinates": [[[[72.34825262, 34.22301505], [72.34824775, 34.22308356], [72.34830121, 34.22308616], [72.34831127, 34.22294471], [72.34815089, 34.22293692], [72.34814948, 34.22295681], [72.34821363, 34.22295993], [72.34820986, 34.22301297], [72.34825262, 34.22301505]]]]}, "properties": {"id": "Pakistan_123102310_633015", "height": 3.853792428970337, "hmax": 0.008, "ratio": 0.002, "vulnClass": "none"}}, {"type": "Feature", "geometry": {"type": "MultiPolygon", "coordinates": [[[[72.34867856, 34.22302353], [72.34868432, 34.22298521], [72.34857601, 34.22297408], [72.34857026, 34.22301241], [72.34867856, 34.22302353]]]]}, "properties": {"id": "Pakistan_123102310_93571", "height": 3.154092788696289, "hmax": 0.008, "ratio": 0.003, "vulnClass": "none"}}, {"type": "Feature", "geometry": {"type": "MultiPolygon", "coordinates": [[[[72.34849867, 34.22288767], [72.34846376, 34.22288175], [72.34845583, 34.22291367], [72.34849074, 34.22291959], [72.34849867, 34.22288767]]]]}, "properties": {"id": "Pakistan_123102310_112379", "height": 3.435704946517944, "hmax": 0.008, "ratio": 0.002, "vulnClass": "none"}}, {"type": "Feature", "geometry": {"type": "MultiPolygon", "coordinates": [[[[72.34850512, 34.22289732], [72.3484709, 34.22299187], [72.34855213, 34.22301197], [72.34858635, 34.22291742], [72.34850512, 34.22289732]]]]}, "properties": {"id": "Pakistan_123102310_82608", "height": 3.495814085006714, "hmax": 0.008, "ratio": 0.002, "vulnClass": "none"}}, {"type": "Feature", "geometry": {"type": "MultiPolygon", "coordinates": [[[[72.34853993, 34.22289867], [72.34874037, 34.22293828], [72.34875917, 34.22287325], [72.34855873, 34.22283363], [72.34853993, 34.22289867]]]]}, "properties": {"id": "Pakistan_123102310_111430", "height": 4.270513534545898, "hmax": 0.008, "ratio": 0.002, "vulnClass": "none"}}, {"type": "Feature", "geometry": {"type": "MultiPolygon", "coordinates": [[[[72.34865107, 34.22268606], [72.34835299, 34.22276509], [72.34836703, 34.22280128], [72.34854701, 34.22275357], [72.34857196, 34.22281792], [72.34862927, 34.22280273], [72.34862189, 34.22278373], [72.3486827, 34.2227676], [72.34865107, 34.22268606]]]]}, "properties": {"id": "Pakistan_123102310_149406", "height": 4.179864406585693, "hmax": 0.008, "ratio": 0.002, "vulnClass": "none"}}, {"type": "Feature", "geometry": {"type": "MultiPolygon", "coordinates": [[[[72.34853424, 34.22289155], [72.34855068, 34.22283493], [72.34837822, 34.22280071], [72.34835597, 34.22287736], [72.34816829, 34.22284013], [72.34815247, 34.22289466], [72.34840101, 34.22294396], [72.34842265, 34.22286941], [72.34853424, 34.22289155]]]]}, "properties": {"id": "Pakistan_123102310_254131", "height": 4.187817096710205, "hmax": 0.008, "ratio": 0.002, "vulnClass": "none"}}, {"type": "Feature", "geometry": {"type": "MultiPolygon", "coordinates": [[[[72.34803677, 34.22281956], [72.3481732, 34.22282537], [72.34817541, 34.22278998], [72.34811773, 34.22278753], [72.34811919, 34.22276417], [72.34804043, 34.22276081], [72.34803677, 34.22281956]]]]}, "properties": {"id": "Pakistan_123102310_789791", "height": 3.530931234359741, "hmax": 0.008, "ratio": 0.002, "vulnClass": "none"}}, {"type": "Feature", "geometry": {"type": "MultiPolygon", "coordinates": [[[[72.34805464, 34.22268803], [72.34804436, 34.22273986], [72.34819062, 34.22275971], [72.34820091, 34.22270788], [72.34805464, 34.22268803]]]]}, "properties": {"id": "Pakistan_123102310_263585", "height": 3.142534732818604, "hmax": 0.008, "ratio": 0.003, "vulnClass": "none"}}, {"type": "Feature", "geometry": {"type": "MultiPolygon", "coordinates": [[[[72.34804553, 34.22292379], [72.34804838, 34.22296357], [72.34813658, 34.22295926], [72.34813373, 34.22291948], [72.34804553, 34.22292379]]]]}, "properties": {"id": "Pakistan_123102310_576304", "height": 3.322350978851318, "hmax": 0.008, "ratio": 0.002, "vulnClass": "none"}}, {"type": "Feature", "geometry": {"type": "MultiPolygon", "coordinates": [[[[72.34805193, 34.22324661], [72.3483228, 34.22324414], [72.34832227, 34.22320422], [72.34821767, 34.22320518], [72.34821711, 34.22316304], [72.34812861, 34.22316385], [72.34812796, 34.22311507], [72.34808505, 34.22311546], [72.34808582, 34.22317312], [72.34805095, 34.22317343], [72.34805193, 34.22324661]]]]}, "properties": {"id": "Pakistan_123102310_557073", "height": 3.001389980316162, "hmax": 0.008, "ratio": 0.003, "vulnClass": "none"}}, {"type": "Feature", "geometry": {"type": "MultiPolygon", "coordinates": [[[[72.34792669, 34.22321927], [72.34784966, 34.22322557], [72.34785387, 34.22326071], [72.3479309, 34.22325441], [72.34792669, 34.22321927]]]]}, "properties": {"id": "Pakistan_123102310_936441", "height": 3.671663284301758, "hmax": 0.004, "ratio": 0.001, "vulnClass": "none"}}, {"type": "Feature", "geometry": {"type": "MultiPolygon", "coordinates": [[[[72.34780957, 34.22328476], [72.34772912, 34.22328568], [72.34772971, 34.22332115], [72.34781016, 34.22332024], [72.34780957, 34.22328476]]]]}, "properties": {"id": "Pakistan_123102310_709211", "height": 4.124984741210938, "hmax": 0.004, "ratio": 0.001, "vulnClass": "none"}}, {"type": "Feature", "geometry": {"type": "MultiPolygon", "coordinates": [[[[72.34777394, 34.22337992], [72.34775805, 34.22345982], [72.34780244, 34.22346586], [72.34781104, 34.22342267], [72.34783344, 34.22342572], [72.34784074, 34.22338901], [72.34777394, 34.22337992]]]]}, "properties": {"id": "Pakistan_123102310_472013", "height": 3.9844069480896, "hmax": 0.008, "ratio": 0.002, "vulnClass": "none"}}, {"type": "Feature", "geometry": {"type": "MultiPolygon", "coordinates": [[[[72.34788653, 34.22328794], [72.34783835, 34.22328975], [72.34784126, 34.22334287], [72.34788944, 34.22334106], [72.34788653, 34.22328794]]]]}, "properties": {"id": "Pakistan_123102310_262698", "height": 3.859456539154053, "hmax": 0.005, "ratio": 0.001, "vulnClass": "none"}}, {"type": "Feature", "geometry": {"type": "MultiPolygon", "coordinates": [[[[72.34789314, 34.22328364], [72.34789552, 34.22333235], [72.34794104, 34.22333083], [72.34793867, 34.22328212], [72.34789314, 34.22328364]]]]}, "properties": {"id": "Pakistan_123102310_818256", "height": 3.334873914718628, "hmax": 0.004, "ratio": 0.001, "vulnClass": "none"}}, {"type": "Feature", "geometry": {"type": "MultiPolygon", "coordinates": [[[[72.34806418, 34.22327865], [72.34797453, 34.22327926], [72.34797586, 34.22341232], [72.34820228, 34.22341077], [72.34820148, 34.2233297], [72.34812906, 34.22333019], [72.34812945, 34.22336913], [72.34803021, 34.22336981], [72.34802962, 34.22330993], [72.34806448, 34.2233097], [72.34806418, 34.22327865]]]]}, "properties": {"id": "Pakistan_123102310_538220", "height": 3.034943103790283, "hmax": 0.006, "ratio": 0.002, "vulnClass": "none"}}, {"type": "Feature", "geometry": {"type": "MultiPolygon", "coordinates": [[[[72.34813957, 34.22329973], [72.34813141, 34.22326099], [72.34806632, 34.22327036], [72.34807448, 34.2233091], [72.34813957, 34.22329973]]]]}, "properties": {"id": "Pakistan_123102310_73066", "height": 2.581871032714844, "hmax": 0.008, "ratio": 0.003, "vulnClass": "none"}}, {"type": "Feature", "geometry": {"type": "MultiPolygon", "coordinates": [[[[72.34845642, 34.22324318], [72.34834175, 34.2232082], [72.3483191, 34.22325895], [72.34843378, 34.22329394], [72.34845642, 34.22324318]]]]}, "properties": {"id": "Pakistan_123102310_557082", "height": 3.001389980316162, "hmax": 0.008, "ratio": 0.003, "vulnClass": "none"}}, {"type": "Feature", "geometry": {"type": "MultiPolygon", "coordinates": [[[[72.3486867, 34.22333126], [72.34850457, 34.22326265], [72.34847365, 34.22331876], [72.34865579, 34.22338737], [72.3486867, 34.22333126]]]]}, "properties": {"id": "Pakistan_123102310_752040", "height": 4.292676448822021, "hmax": 0.007, "ratio": 0.002, "vulnClass": "none"}}, {"type": "Feature", "geometry": {"type": "MultiPolygon", "coordinates": [[[[72.34852834, 34.22335532], [72.34837098, 34.22329329], [72.34835014, 34.22332943], [72.3485075, 34.22339146], [72.34852834, 34.22335532]]]]}, "properties": {"id": "Pakistan_123102310_353769", "height": 2.842384338378906, "hmax": 0.006, "ratio": 0.002, "vulnClass": "none"}}, {"type": "Feature", "geometry": {"type": "MultiPolygon", "coordinates": [[[[72.34822289, 34.22328737], [72.34820413, 34.22338115], [72.3483201, 34.22339702], [72.34833887, 34.22330323], [72.34822289, 34.22328737]]]]}, "properties": {"id": "Pakistan_123102310_358464", "height": 3.166934728622437, "hmax": 0.006, "ratio": 0.002, "vulnClass": "none"}}, {"type": "Feature", "geometry": {"type": "MultiPolygon", "coordinates": [[[[72.34842243, 34.22349258], [72.34829689, 34.2234807], [72.34830143, 34.22344786], [72.34830408, 34.22344811], [72.34830802, 34.22341965], [72.34823236, 34.22341249], [72.34822477, 34.22346722], [72.34818925, 34.22346385], [72.34817955, 34.2235339], [72.34841363, 34.22355607], [72.34842243, 34.22349258]]]]}, "properties": {"id": "Pakistan_123102310_936444", "height": 4.174781799316406, "hmax": 0.005, "ratio": 0.001, "vulnClass": "none"}}, {"type": "Feature", "geometry": {"type": "MultiPolygon", "coordinates": [[[[72.34832087, 34.22340229], [72.34831812, 34.22346307], [72.3483545, 34.2234642], [72.34835724, 34.22340342], [72.34832087, 34.22340229]]]]}, "properties": {"id": "Pakistan_123102310_282465", "height": 4.174781799316406, "hmax": 0.005, "ratio": 0.001, "vulnClass": "none"}}, {"type": "Feature", "geometry": {"type": "MultiPolygon", "coordinates": [[[[72.34840283, 34.22357621], [72.3483948, 34.223615], [72.34847819, 34.22362679], [72.34848622, 34.22358801], [72.34840283, 34.22357621]]]]}, "properties": {"id": "Pakistan_123102310_675953", "height": 2.788938045501709, "hmax": 0.005, "ratio": 0.002, "vulnClass": "none"}}, {"type": "Feature", "geometry": {"type": "MultiPolygon", "coordinates": [[[[72.34816861, 34.22357954], [72.34834002, 34.22358499], [72.34833775, 34.22363371], [72.34838974, 34.22363537], [72.34839342, 34.22355663], [72.34817001, 34.22354951], [72.34816861, 34.22357954]]]]}, "properties": {"id": "Pakistan_123102310_865446", "height": 3.170002460479736, "hmax": 0.005, "ratio": 0.002, "vulnClass": "none"}}, {"type": "Feature", "geometry": {"type": "MultiPolygon", "coordinates": [[[[72.34803585, 34.22342144], [72.34803869, 34.22348345], [72.34812172, 34.22348085], [72.34811888, 34.22341885], [72.34803585, 34.22342144]]]]}, "properties": {"id": "Pakistan_123102310_538218", "height": 3.034943103790283, "hmax": 0.005, "ratio": 0.002, "vulnClass": "none"}}, {"type": "Feature", "geometry": {"type": "MultiPolygon", "coordinates": [[[[72.34781989, 34.22364118], [72.34813697, 34.22369707], [72.34813448, 34.22370674], [72.34881182, 34.2238261], [72.348849, 34.22368184], [72.34877309, 34.22366847], [72.34875567, 34.22373601], [72.34872122, 34.2236807], [72.34875485, 34.22366638], [72.34876448, 34.22362901], [72.34862464, 34.22368857], [72.34861994, 34.2237068], [72.34846148, 34.22367887], [72.34843495, 34.2236363], [72.3483601, 34.22366818], [72.34835531, 34.22368676], [72.34832945, 34.22368221], [72.34828288, 34.22360746], [72.3482284, 34.22359786], [72.34814466, 34.22363353], [72.34812179, 34.22359681], [72.34812617, 34.22359758], [72.34813517, 34.22356271], [72.34807102, 34.22355141], [72.34806629, 34.22356978], [72.3480218, 34.22349838], [72.34790237, 34.22347733], [72.3478994, 34.22348886], [72.34786091, 34.22348207], [72.34781989, 34.22364118]]]]}, "properties": {"id": "Pakistan_123102310_865441", "height": 4.219073295593262, "hmax": 0.005, "ratio": 0.001, "vulnClass": "none"}}, {"type": "Feature", "geometry": {"type": "MultiPolygon", "coordinates": [[[[72.34781206, 34.22343452], [72.3478144, 34.22348101], [72.34795251, 34.22347626], [72.34795017, 34.22342976], [72.34781206, 34.22343452]]]]}, "properties": {"id": "Pakistan_123102310_112361", "height": 3.4139564037323, "hmax": 0.008, "ratio": 0.002, "vulnClass": "none"}}, {"type": "Feature", "geometry": {"type": "MultiPolygon", "coordinates": [[[[72.34771577, 34.22351492], [72.34770798, 34.22358626], [72.34781439, 34.22359422], [72.34782219, 34.22352287], [72.34771577, 34.22351492]]]]}, "properties": {"id": "Pakistan_123102310_756787", "height": 3.242707014083862, "hmax": 0.008, "ratio": 0.003, "vulnClass": "none"}}, {"type": "Feature", "geometry": {"type": "MultiPolygon", "coordinates": [[[[72.3479451, 34.22371431], [72.34794687, 34.2236646], [72.34781824, 34.22366148], [72.34781785, 34.22367255], [72.34770529, 34.22366982], [72.34770391, 34.22370844], [72.3479451, 34.22371431]]]]}, "properties": {"id": "Pakistan_123102310_898619", "height": 3.217769622802734, "hmax": 0.008, "ratio": 0.003, "vulnClass": "none"}}, {"type": "Feature", "geometry": {"type": "MultiPolygon", "coordinates": [[[[72.34805281, 34.22368692], [72.34798858, 34.22368446], [72.34798647, 34.22372209], [72.34805071, 34.22372454], [72.34805281, 34.22368692]]]]}, "properties": {"id": "Pakistan_123102310_846527", "height": 3.371247291564941, "hmax": 0.005, "ratio": 0.002, "vulnClass": "none"}}, {"type": "Feature", "geometry": {"type": "MultiPolygon", "coordinates": [[[[72.34812825, 34.22368722], [72.3480722, 34.22368398], [72.34806865, 34.22372592], [72.34812471, 34.22372916], [72.34812825, 34.22368722]]]]}, "properties": {"id": "Pakistan_123102310_756795", "height": 3.14886736869812, "hmax": 0.005, "ratio": 0.002, "vulnClass": "none"}}, {"type": "Feature", "geometry": {"type": "MultiPolygon", "coordinates": [[[[72.34807436, 34.22384142], [72.34807265, 34.2238781], [72.34817602, 34.22388139], [72.34817772, 34.22384472], [72.34807436, 34.22384142]]]]}, "properties": {"id": "Pakistan_123102310_585766", "height": 3.666448593139648, "hmax": 0.005, "ratio": 0.001, "vulnClass": "none"}}, {"type": "Feature", "geometry": {"type": "MultiPolygon", "coordinates": [[[[72.34806906, 34.22386535], [72.34806815, 34.22383654], [72.34798506, 34.22383834], [72.34798597, 34.22386715], [72.34806906, 34.22386535]]]]}, "properties": {"id": "Pakistan_123102310_93555", "height": 3.302999258041382, "hmax": 0.005, "ratio": 0.002, "vulnClass": "none"}}, {"type": "Feature", "geometry": {"type": "MultiPolygon", "coordinates": [[[[72.34773987, 34.22385828], [72.34778802, 34.22385623], [72.34778554, 34.22381641], [72.34773739, 34.22381846], [72.34773987, 34.22385828]]]]}, "properties": {"id": "Pakistan_123102310_926920", "height": 3.84372091293335, "hmax": 0.008, "ratio": 0.002, "vulnClass": "none"}}, {"type": "Feature", "geometry": {"type": "MultiPolygon", "coordinates": [[[[72.34810226, 34.22406093], [72.34809893, 34.22401105], [72.34798501, 34.22401624], [72.34798259, 34.2239799], [72.34808153, 34.22397538], [72.34807666, 34.22390242], [72.34795257, 34.22390808], [72.34794977, 34.22386608], [72.34789896, 34.2238684], [72.34790419, 34.22394674], [72.34775445, 34.22395357], [72.34775689, 34.22399021], [72.34782107, 34.22398728], [72.34782683, 34.22407351], [72.34810226, 34.22406093]]]]}, "properties": {"id": "Pakistan_123102310_595114", "height": 3.418739080429077, "hmax": 0.006, "ratio": 0.002, "vulnClass": "none"}}, {"type": "Feature", "geometry": {"type": "MultiPolygon", "coordinates": [[[[72.347761, 34.22402171], [72.34776324, 34.22407836], [72.34783022, 34.22407655], [72.34782798, 34.2240199], [72.347761, 34.22402171]]]]}, "properties": {"id": "Pakistan_123102310_680711", "height": 3.05680251121521, "hmax": 0.008, "ratio": 0.003, "vulnClass": "none"}}, {"type": "Feature", "geometry": {"type": "MultiPolygon", "coordinates": [[[[72.34780551, 34.22413316], [72.34780362, 34.22410441], [72.34775388, 34.22410664], [72.34775576, 34.22413539], [72.34780551, 34.22413316]]]]}, "properties": {"id": "Pakistan_123102310_63556", "height": 3.582761287689209, "hmax": 0.008, "ratio": 0.002, "vulnClass": "none"}}, {"type": "Feature", "geometry": {"type": "MultiPolygon", "coordinates": [[[[72.34793517, 34.22417846], [72.3479333, 34.22409547], [72.34784374, 34.22409686], [72.34784563, 34.22417985], [72.34793517, 34.22417846]]]]}, "properties": {"id": "Pakistan_123102310_83981", "height": 4.189573287963867, "hmax": 0.008, "ratio": 0.002, "vulnClass": "none"}}, {"type": "Feature", "geometry": {"type": "MultiPolygon", "coordinates": [[[[72.3484958, 34.22405931], [72.34830701, 34.22404472], [72.34829533, 34.22414805], [72.34804804, 34.22412893], [72.34805202, 34.22409375], [72.34799618, 34.22408943], [72.347985, 34.22418837], [72.34830141, 34.22421283], [72.34830514, 34.22417985], [72.34848063, 34.22419342], [72.3484958, 34.22405931]]]]}, "properties": {"id": "Pakistan_123102310_35648", "height": 3.195448398590088, "hmax": 0.005, "ratio": 0.002, "vulnClass": "none"}}, {"type": "Feature", "geometry": {"type": "MultiPolygon", "coordinates": [[[[72.34816314, 34.22394087], [72.3480845, 34.22394436], [72.34808771, 34.22399398], [72.34816635, 34.2239905], [72.34816314, 34.22394087]]]]}, "properties": {"id": "Pakistan_123102310_656754", "height": 3.060218095779419, "hmax": 0.005, "ratio": 0.002, "vulnClass": "none"}}, {"type": "Feature", "geometry": {"type": "MultiPolygon", "coordinates": [[[[72.34839171, 34.22401899], [72.34838835, 34.22389041], [72.34831488, 34.22389173], [72.34831595, 34.22393261], [72.34828378, 34.22393319], [72.34828433, 34.22395437], [72.34822803, 34.22395538], [72.34822977, 34.22402188], [72.34839171, 34.22401899]]]]}, "properties": {"id": "Pakistan_123102310_794530", "height": 2.98222541809082, "hmax": 0.005, "ratio": 0.002, "vulnClass": "none"}}, {"type": "Feature", "geometry": {"type": "MultiPolygon", "coordinates": [[[[72.34854086, 34.22404248], [72.34853082, 34.22408982], [72.34860369, 34.22410038], [72.34861372, 34.22405305], [72.34854086, 34.22404248]]]]}, "properties": {"id": "Pakistan_123102310_74559", "height": 3.177709102630615, "hmax": 0.005, "ratio": 0.002, "vulnClass": "none"}}, {"type": "Feature", "geometry": {"type": "MultiPolygon", "coordinates": [[[[72.34855283, 34.22390625], [72.34871203, 34.22393888], [72.34872706, 34.22388874], [72.34866389, 34.22387579], [72.34867175, 34.22384957], [72.34860858, 34.22383662], [72.34859884, 34.22386911], [72.34856599, 34.22386237], [72.34855283, 34.22390625]]]]}, "properties": {"id": "Pakistan_123102310_121809", "height": 3.421421766281128, "hmax": 0.005, "ratio": 0.002, "vulnClass": "none"}}, {"type": "Feature", "geometry": {"type": "MultiPolygon", "coordinates": [[[[72.3485583, 34.22386106], [72.34843402, 34.22384544], [72.34842667, 34.22388543], [72.34855094, 34.22390106], [72.3485583, 34.22386106]]]]}, "properties": {"id": "Pakistan_123102310_130452", "height": 3.340699911117554, "hmax": 0.005, "ratio": 0.002, "vulnClass": "none"}}, {"type": "Feature", "geometry": {"type": "MultiPolygon", "coordinates": [[[[72.34821682, 34.22396557], [72.348219, 34.22392573], [72.34830625, 34.22392899], [72.34830993, 34.22386161], [72.34817876, 34.22385672], [72.34817291, 34.22396393], [72.34821682, 34.22396557]]]]}, "properties": {"id": "Pakistan_123102310_576307", "height": 2.560260772705078, "hmax": 0.005, "ratio": 0.002, "vulnClass": "none"}}, {"type": "Feature", "geometry": {"type": "MultiPolygon", "coordinates": [[[[72.34888025, 34.22376077], [72.34887103, 34.22375769], [72.34883933, 34.2238225], [72.34894999, 34.22385949], [72.34899889, 34.22375949], [72.34889745, 34.22372559], [72.34888025, 34.22376077]]]]}, "properties": {"id": "Pakistan_123102310_604521", "height": 3.923088073730469, "hmax": 0.005, "ratio": 0.001, "vulnClass": "none"}}, {"type": "Feature", "geometry": {"type": "MultiPolygon", "coordinates": [[[[72.34873095, 34.22397186], [72.34888737, 34.2240085], [72.34890637, 34.22395307], [72.34880705, 34.2239298], [72.34882323, 34.22388258], [72.34892503, 34.22390643], [72.3489398, 34.22386332], [72.34878089, 34.22382609], [72.34873095, 34.22397186]]]]}, "properties": {"id": "Pakistan_123102310_215330", "height": 3.808837890625, "hmax": 0.005, "ratio": 0.001, "vulnClass": "none"}}, {"type": "Feature", "geometry": {"type": "MultiPolygon", "coordinates": [[[[72.34899839, 34.22378743], [72.34896104, 34.22387006], [72.34907775, 34.22390613], [72.3491151, 34.2238235], [72.34899839, 34.22378743]]]]}, "properties": {"id": "Pakistan_123102310_785155", "height": 4.362533092498779, "hmax": 0.03, "ratio": 0.007, "vulnClass": "none"}}, {"type": "Feature", "geometry": {"type": "MultiPolygon", "coordinates": [[[[72.34901671, 34.22378957], [72.34912473, 34.22380807], [72.34914017, 34.22374639], [72.34903215, 34.2237279], [72.34901671, 34.22378957]]]]}, "properties": {"id": "Pakistan_123102310_752045", "height": 4.197091579437256, "hmax": 0.045, "ratio": 0.011, "vulnClass": "none"}}, {"type": "Feature", "geometry": {"type": "MultiPolygon", "coordinates": [[[[72.34912861, 34.22380964], [72.3492105, 34.22383829], [72.34924131, 34.22377811], [72.34915942, 34.22374945], [72.34912861, 34.22380964]]]]}, "properties": {"id": "Pakistan_123102310_728266", "height": 4.147646903991699, "hmax": 0.046, "ratio": 0.011, "vulnClass": "none"}}, {"type": "Feature", "geometry": {"type": "MultiPolygon", "coordinates": [[[[72.34926341, 34.22382184], [72.34964016, 34.22389401], [72.34962423, 34.22395084], [72.3498177, 34.2239879], [72.34984129, 34.22390371], [72.34966055, 34.22386909], [72.34970006, 34.22372806], [72.34956515, 34.22370222], [72.34953271, 34.22381798], [72.34945125, 34.22380238], [72.34946069, 34.2237687], [72.34943778, 34.22376432], [72.34946608, 34.22366328], [72.3493719, 34.22364524], [72.34934477, 34.22374206], [72.34928877, 34.22373134], [72.34926341, 34.22382184]]]]}, "properties": {"id": "Pakistan_123102310_580989", "height": 4.736834526062012, "hmax": 0.046, "ratio": 0.01, "vulnClass": "none"}}, {"type": "Feature", "geometry": {"type": "MultiPolygon", "coordinates": [[[[72.34922465, 34.22381514], [72.34921225, 34.22385698], [72.34931347, 34.22387749], [72.34932587, 34.22383564], [72.34922465, 34.22381514]]]]}, "properties": {"id": "Pakistan_123102310_547598", "height": 3.337560415267944, "hmax": 0.046, "ratio": 0.014, "vulnClass": "none"}}, {"type": "Feature", "geometry": {"type": "MultiPolygon", "coordinates": [[[[72.34932763, 34.22397021], [72.34915686, 34.22394979], [72.34914394, 34.22402365], [72.34931471, 34.22404407], [72.34932763, 34.22397021]]]]}, "properties": {"id": "Pakistan_123102310_101808", "height": 4.414052963256836, "hmax": 0.046, "ratio": 0.01, "vulnClass": "none"}}, {"type": "Feature", "geometry": {"type": "MultiPolygon", "coordinates": [[[[72.34965875, 34.22409072], [72.34956558, 34.22404685], [72.34955289, 34.22406527], [72.34964606, 34.22410914], [72.34965875, 34.22409072]]]]}, "properties": {"id": "Pakistan_123102310_893852", "height": 2.632052659988403, "hmax": 0.046, "ratio": 0.018, "vulnClass": "none"}}, {"type": "Feature", "geometry": {"type": "MultiPolygon", "coordinates": [[[[72.34947383, 34.22411854], [72.34945433, 34.2241809], [72.34958256, 34.22420831], [72.34960205, 34.22414594], [72.34947383, 34.22411854]]]]}, "properties": {"id": "Pakistan_123102310_149424", "height": 4.019088268280029, "hmax": 0.046, "ratio": 0.011, "vulnClass": "none"}}, {"type": "Feature", "geometry": {"type": "MultiPolygon", "coordinates": [[[[72.34919886, 34.22415442], [72.34930603, 34.2241724], [72.34932642, 34.22408933], [72.34921926, 34.22407135], [72.34919886, 34.22415442]]]]}, "properties": {"id": "Pakistan_123102310_865457", "height": 3.096806049346924, "hmax": 0.046, "ratio": 0.015, "vulnClass": "none"}}, {"type": "Feature", "geometry": {"type": "MultiPolygon", "coordinates": [[[[72.34896413, 34.22411101], [72.34900856, 34.22412509], [72.34902649, 34.22408642], [72.34898205, 34.22407234], [72.34896413, 34.22411101]]]]}, "properties": {"id": "Pakistan_123102310_561886", "height": 3.719281673431396, "hmax": 0.007, "ratio": 0.002, "vulnClass": "none"}}, {"type": "Feature", "geometry": {"type": "MultiPolygon", "coordinates": [[[[72.34921704, 34.22404607], [72.34912584, 34.22403316], [72.3491187, 34.22406764], [72.34903531, 34.22405583], [72.34902975, 34.22408268], [72.34902715, 34.22408232], [72.34901689, 34.22413187], [72.34919408, 34.22415696], [72.34921704, 34.22404607]]]]}, "properties": {"id": "Pakistan_123102310_196554", "height": 4.384914398193359, "hmax": 0.046, "ratio": 0.011, "vulnClass": "none"}}, {"type": "Feature", "geometry": {"type": "MultiPolygon", "coordinates": [[[[72.34906632, 34.22399109], [72.3491362, 34.22400843], [72.34915836, 34.22394739], [72.34908847, 34.22393005], [72.34906632, 34.22399109]]]]}, "properties": {"id": "Pakistan_123102310_386813", "height": 4.190793514251709, "hmax": 0.046, "ratio": 0.011, "vulnClass": "none"}}, {"type": "Feature", "geometry": {"type": "MultiPolygon", "coordinates": [[[[72.3490798, 34.22390182], [72.34893849, 34.22388334], [72.34892318, 34.2239634], [72.34906448, 34.22398188], [72.3490798, 34.22390182]]]]}, "properties": {"id": "Pakistan_123102310_893841", "height": 4.309077262878418, "hmax": 0.019, "ratio": 0.004, "vulnClass": "none"}}, {"type": "Feature", "geometry": {"type": "MultiPolygon", "coordinates": [[[[72.34888599, 34.22402613], [72.34896534, 34.22404638], [72.34897743, 34.22401398], [72.34911702, 34.2240496], [72.34912912, 34.22401721], [72.34891018, 34.22396133], [72.34888599, 34.22402613]]]]}, "properties": {"id": "Pakistan_123102310_273025", "height": 3.233339786529541, "hmax": 0.019, "ratio": 0.006, "vulnClass": "none"}}, {"type": "Feature", "geometry": {"type": "MultiPolygon", "coordinates": [[[[72.34869395, 34.22410544], [72.34870425, 34.22406279], [72.34866557, 34.2240564], [72.34865526, 34.22409905], [72.34869395, 34.22410544]]]]}, "properties": {"id": "Pakistan_123102310_709225", "height": 3.246164560317993, "hmax": 0.005, "ratio": 0.002, "vulnClass": "none"}}, {"type": "Feature", "geometry": {"type": "MultiPolygon", "coordinates": [[[[72.34878851, 34.22400074], [72.34877835, 34.2240707], [72.34886031, 34.22407884], [72.34887047, 34.22400888], [72.34878851, 34.22400074]]]]}, "properties": {"id": "Pakistan_123102310_207063", "height": 3.313525438308716, "hmax": 0.005, "ratio": 0.002, "vulnClass": "none"}}, {"type": "Feature", "geometry": {"type": "MultiPolygon", "coordinates": [[[[72.34888286, 34.22416637], [72.34887744, 34.22412126], [72.3488376, 34.22412454], [72.34884302, 34.22416965], [72.34888286, 34.22416637]]]]}, "properties": {"id": "Pakistan_123102310_614067", "height": 3.826269626617432, "hmax": 0.005, "ratio": 0.001, "vulnClass": "none"}}, {"type": "Feature", "geometry": {"type": "MultiPolygon", "coordinates": [[[[72.34867725, 34.22425318], [72.3488729, 34.22425772], [72.34887512, 34.22419244], [72.34867947, 34.22418791], [72.34867725, 34.22425318]]]]}, "properties": {"id": "Pakistan_123102310_205850", "height": 4.95400857925415, "hmax": 0.006, "ratio": 0.001, "vulnClass": "none"}}, {"type": "Feature", "geometry": {"type": "MultiPolygon", "coordinates": [[[[72.34886227, 34.22436826], [72.34886428, 34.22431406], [72.34873996, 34.22431092], [72.34873796, 34.22436511], [72.34886227, 34.22436826]]]]}, "properties": {"id": "Pakistan_123102310_628330", "height": 2.992691516876221, "hmax": 0.011, "ratio": 0.004, "vulnClass": "none"}}, {"type": "Feature", "geometry": {"type": "MultiPolygon", "coordinates": [[[[72.34894625, 34.22427422], [72.3489283, 34.22431287], [72.34904518, 34.22434997], [72.34906313, 34.22431132], [72.34894625, 34.22427422]]]]}, "properties": {"id": "Pakistan_123102310_169271", "height": 3.530600309371948, "hmax": 0.026, "ratio": 0.007, "vulnClass": "none"}}, {"type": "Feature", "geometry": {"type": "MultiPolygon", "coordinates": [[[[72.34905867, 34.224376], [72.34894802, 34.22434844], [72.34891172, 34.22444807], [72.34902238, 34.22447563], [72.34905867, 34.224376]]]]}, "properties": {"id": "Pakistan_123102310_642459", "height": 4.394120216369629, "hmax": 0.023, "ratio": 0.005, "vulnClass": "none"}}, {"type": "Feature", "geometry": {"type": "MultiPolygon", "coordinates": [[[[72.34908428, 34.22438468], [72.34913079, 34.22439218], [72.34914592, 34.22432809], [72.34909941, 34.22432059], [72.34908428, 34.22438468]]]]}, "properties": {"id": "Pakistan_123102310_505084", "height": 3.28621244430542, "hmax": 0.053, "ratio": 0.016, "vulnClass": "none"}}, {"type": "Feature", "geometry": {"type": "MultiPolygon", "coordinates": [[[[72.3490355, 34.22453899], [72.34928379, 34.22457227], [72.34931877, 34.22439392], [72.34931252, 34.22439308], [72.34932226, 34.22434338], [72.34933897, 34.22434562], [72.34934236, 34.22432833], [72.34915419, 34.2243031], [72.34913596, 34.22439602], [72.3490654, 34.22438656], [72.3490355, 34.22453899]]]]}, "properties": {"id": "Pakistan_123102310_207069", "height": 3.823344707489014, "hmax": 0.053, "ratio": 0.014, "vulnClass": "none"}}, {"type": "Feature", "geometry": {"type": "MultiPolygon", "coordinates": [[[[72.34900221, 34.22419934], [72.34891085, 34.2241868], [72.34889891, 34.22424624], [72.34900855, 34.22426129], [72.34902588, 34.22417495], [72.34900761, 34.22417245], [72.34900221, 34.22419934]]]]}, "properties": {"id": "Pakistan_123102310_82618", "height": 3.000696182250977, "hmax": 0.007, "ratio": 0.002, "vulnClass": "none"}}, {"type": "Feature", "geometry": {"type": "MultiPolygon", "coordinates": [[[[72.34915714, 34.22415741], [72.34903933, 34.22414213], [72.34902579, 34.22421357], [72.3490818, 34.22422083], [72.34908837, 34.22418619], [72.34915016, 34.2241942], [72.34915714, 34.22415741]]]]}, "properties": {"id": "Pakistan_123102310_789804", "height": 3.972124576568604, "hmax": 0.046, "ratio": 0.012, "vulnClass": "none"}}, {"type": "Feature", "geometry": {"type": "MultiPolygon", "coordinates": [[[[72.34945773, 34.2241389], [72.34934819, 34.22412653], [72.34934207, 34.22416355], [72.34945162, 34.22417591], [72.34945773, 34.2241389]]]]}, "properties": {"id": "Pakistan_123102310_865462", "height": 3.272196531295776, "hmax": 0.046, "ratio": 0.014, "vulnClass": "none"}}, {"type": "Feature", "geometry": {"type": "MultiPolygon", "coordinates": [[[[72.34966962, 34.22427685], [72.34956527, 34.22425251], [72.34954355, 34.2243162], [72.3496479, 34.22434053], [72.34966962, 34.22427685]]]]}, "properties": {"id": "Pakistan_123102310_73102", "height": 3.921183586120605, "hmax": 0.052, "ratio": 0.013, "vulnClass": "none"}}, {"type": "Feature", "geometry": {"type": "MultiPolygon", "coordinates": [[[[72.34955475, 34.22438251], [72.34953391, 34.22442147], [72.34960795, 34.22444854], [72.34965609, 34.22435853], [72.34951475, 34.22430684], [72.34948744, 34.2243579], [72.34955475, 34.22438251]]]]}, "properties": {"id": "Pakistan_123102310_205866", "height": 2.668522357940674, "hmax": 0.053, "ratio": 0.02, "vulnClass": "none"}}, {"type": "Feature", "geometry": {"type": "MultiPolygon", "coordinates": [[[[72.34936884, 34.22443416], [72.34942498, 34.2244369], [72.34943096, 34.22435292], [72.34937483, 34.22435018], [72.34936884, 34.22443416]]]]}, "properties": {"id": "Pakistan_123102310_367932", "height": 3.719359397888184, "hmax": 0.053, "ratio": 0.014, "vulnClass": "none"}}, {"type": "Feature", "geometry": {"type": "MultiPolygon", "coordinates": [[[[72.34932318, 34.22467808], [72.3494968, 34.22471035], [72.34951688, 34.22463646], [72.34947348, 34.22462839], [72.34948668, 34.22457984], [72.34952498, 34.22458696], [72.34955196, 34.22448774], [72.34947635, 34.22447368], [72.34945453, 34.2245539], [72.34936164, 34.22453664], [72.34932318, 34.22467808]]]]}, "properties": {"id": "Pakistan_123102310_609250", "height": 4.439277648925781, "hmax": 0.053, "ratio": 0.012, "vulnClass": "none"}}, {"type": "Feature", "geometry": {"type": "MultiPolygon", "coordinates": [[[[72.34951524, 34.22443246], [72.3493503, 34.22443849], [72.34935279, 34.22448497], [72.34951773, 34.22447894], [72.34951524, 34.22443246]]]]}, "properties": {"id": "Pakistan_123102310_386819", "height": 3.567050218582153, "hmax": 0.053, "ratio": 0.015, "vulnClass": "none"}}, {"type": "Feature", "geometry": {"type": "MultiPolygon", "coordinates": [[[[72.34974356, 34.22469189], [72.34952751, 34.22458952], [72.34950899, 34.22461624], [72.34955015, 34.22463573], [72.34952469, 34.22467246], [72.34962489, 34.22471993], [72.34955084, 34.22482679], [72.34959324, 34.22484688], [72.34961638, 34.22481349], [72.34964869, 34.22482879], [72.34974356, 34.22469189]]]]}, "properties": {"id": "Pakistan_123102310_571425", "height": 4.439277648925781, "hmax": 0.053, "ratio": 0.012, "vulnClass": "none"}}, {"type": "Feature", "geometry": {"type": "MultiPolygon", "coordinates": [[[[72.34919965, 34.22460507], [72.34914148, 34.22458936], [72.3491201, 34.22464346], [72.34917826, 34.22465918], [72.34919965, 34.22460507]]]]}, "properties": {"id": "Pakistan_123102310_234370", "height": 3.06492018699646, "hmax": 0.053, "ratio": 0.017, "vulnClass": "none"}}, {"type": "Feature", "geometry": {"type": "MultiPolygon", "coordinates": [[[[72.34909305, 34.22460684], [72.3490289, 34.2246037], [72.3490259, 34.22464569], [72.34909005, 34.22464883], [72.34909305, 34.22460684]]]]}, "properties": {"id": "Pakistan_123102310_685447", "height": 2.601550102233887, "hmax": 0.053, "ratio": 0.02, "vulnClass": "none"}}, {"type": "Feature", "geometry": {"type": "MultiPolygon", "coordinates": [[[[72.34884324, 34.22457104], [72.34898598, 34.22458537], [72.34900267, 34.22447172], [72.34885993, 34.22445739], [72.34884324, 34.22457104]]]]}, "properties": {"id": "Pakistan_123102310_391519", "height": 3.731752157211304, "hmax": 0.011, "ratio": 0.003, "vulnClass": "none"}}, {"type": "Feature", "geometry": {"type": "MultiPolygon", "coordinates": [[[[72.34867658, 34.22453318], [72.34867121, 34.22457382], [72.34875439, 34.22458135], [72.34875977, 34.22454071], [72.34867658, 34.22453318]]]]}, "properties": {"id": "Pakistan_123102310_207059", "height": 3.295337677001953, "hmax": 0.011, "ratio": 0.003, "vulnClass": "none"}}, {"type": "Feature", "geometry": {"type": "MultiPolygon", "coordinates": [[[[72.34875686, 34.22482997], [72.34894039, 34.22485718], [72.34896602, 34.224739], [72.34891503, 34.22473144], [72.34891062, 34.22475176], [72.34885865, 34.22474406], [72.34886958, 34.22469365], [72.34895695, 34.22470661], [72.34896931, 34.22464958], [72.34901349, 34.22465613], [72.34902442, 34.22460572], [72.34899064, 34.22460071], [72.34898577, 34.22462319], [72.34881945, 34.22459852], [72.34880476, 34.2246663], [72.34879275, 34.22466452], [72.34875686, 34.22482997]]]]}, "properties": {"id": "Pakistan_123102310_419821", "height": 4.022030830383301, "hmax": 0.012, "ratio": 0.003, "vulnClass": "none"}}, {"type": "Feature", "geometry": {"type": "MultiPolygon", "coordinates": [[[[72.34867357, 34.22453888], [72.3485411, 34.22452667], [72.3485293, 34.22461429], [72.34866176, 34.2246265], [72.34867357, 34.22453888]]]]}, "properties": {"id": "Pakistan_123102310_169265", "height": 3.875121116638184, "hmax": 0.011, "ratio": 0.003, "vulnClass": "none"}}, {"type": "Feature", "geometry": {"type": "MultiPolygon", "coordinates": [[[[72.34819479, 34.22452088], [72.34819059, 34.22458278], [72.34827081, 34.22458651], [72.34827501, 34.2245246], [72.34819479, 34.22452088]]]]}, "properties": {"id": "Pakistan_123102310_282457", "height": 3.616535425186157, "hmax": 0.011, "ratio": 0.003, "vulnClass": "none"}}, {"type": "Feature", "geometry": {"type": "MultiPolygon", "coordinates": [[[[72.34828416, 34.2246567], [72.34842252, 34.22466694], [72.34842716, 34.22462415], [72.34844312, 34.22462533], [72.34845254, 34.22453831], [72.34842225, 34.22453607], [72.34841677, 34.22458667], [72.34829273, 34.22457749], [72.34828416, 34.2246567]]]]}, "properties": {"id": "Pakistan_123102310_524177", "height": 4.576386451721191, "hmax": 0.011, "ratio": 0.002, "vulnClass": "none"}}, {"type": "Feature", "geometry": {"type": "MultiPolygon", "coordinates": [[[[72.34842319, 34.22446204], [72.34853744, 34.22447123], [72.34854505, 34.22440653], [72.3484308, 34.22439735], [72.34842319, 34.22446204]]]]}, "properties": {"id": "Pakistan_123102310_35646", "height": 3.235486268997192, "hmax": 0.011, "ratio": 0.003, "vulnClass": "none"}}, {"type": "Feature", "geometry": {"type": "MultiPolygon", "coordinates": [[[[72.34862749, 34.22443351], [72.34862208, 34.22446842], [72.34868907, 34.22447553], [72.34869448, 34.22444062], [72.34862749, 34.22443351]]]]}, "properties": {"id": "Pakistan_123102310_358469", "height": 2.938702821731567, "hmax": 0.011, "ratio": 0.004, "vulnClass": "none"}}, {"type": "Feature", "geometry": {"type": "MultiPolygon", "coordinates": [[[[72.34858892, 34.2244182], [72.34869618, 34.22443993], [72.34871692, 34.22436994], [72.34867137, 34.22436072], [72.34868349, 34.22431982], [72.34862177, 34.22430732], [72.34858892, 34.2244182]]]]}, "properties": {"id": "Pakistan_123102310_415120", "height": 4.095870018005371, "hmax": 0.011, "ratio": 0.003, "vulnClass": "none"}}, {"type": "Feature", "geometry": {"type": "MultiPolygon", "coordinates": [[[[72.34844268, 34.22433393], [72.34843811, 34.22439357], [72.34855565, 34.22439973], [72.34856023, 34.22434009], [72.34844268, 34.22433393]]]]}, "properties": {"id": "Pakistan_123102310_661656", "height": 3.180547952651978, "hmax": 0.011, "ratio": 0.003, "vulnClass": "none"}}, {"type": "Feature", "geometry": {"type": "MultiPolygon", "coordinates": [[[[72.34821627, 34.22423676], [72.34821417, 34.2242766], [72.34832393, 34.22428057], [72.34832603, 34.22424072], [72.34821627, 34.22423676]]]]}, "properties": {"id": "Pakistan_123102310_728255", "height": 3.531575679779053, "hmax": 0.011, "ratio": 0.003, "vulnClass": "none"}}, {"type": "Feature", "geometry": {"type": "MultiPolygon", "coordinates": [[[[72.34837371, 34.22430869], [72.3483568, 34.22436851], [72.34842702, 34.22438208], [72.34844393, 34.22432226], [72.34837371, 34.22430869]]]]}, "properties": {"id": "Pakistan_123102310_472022", "height": 2.780724287033081, "hmax": 0.011, "ratio": 0.004, "vulnClass": "none"}}, {"type": "Feature", "geometry": {"type": "MultiPolygon", "coordinates": [[[[72.34820523, 34.22431747], [72.3481577, 34.22431252], [72.34814738, 34.22438019], [72.34819491, 34.22438515], [72.34820523, 34.22431747]]]]}, "properties": {"id": "Pakistan_123102310_287235", "height": 2.803270578384399, "hmax": 0.011, "ratio": 0.004, "vulnClass": "none"}}, {"type": "Feature", "geometry": {"type": "MultiPolygon", "coordinates": [[[[72.34805579, 34.22436417], [72.34805769, 34.22431224], [72.34802926, 34.22431154], [72.34802736, 34.22436346], [72.34805579, 34.22436417]]]]}, "properties": {"id": "Pakistan_123102310_325417", "height": 2.60895299911499, "hmax": 0.011, "ratio": 0.004, "vulnClass": "none"}}, {"type": "Feature", "geometry": {"type": "MultiPolygon", "coordinates": [[[[72.34798916, 34.2244779], [72.34829454, 34.22451988], [72.34833662, 34.22431054], [72.34821917, 34.22429439], [72.34820008, 34.22438935], [72.34815673, 34.22438339], [72.34814891, 34.22442224], [72.34800434, 34.22440237], [72.34798916, 34.2244779]]]]}, "properties": {"id": "Pakistan_123102310_83987", "height": 3.15129017829895, "hmax": 0.011, "ratio": 0.003, "vulnClass": "none"}}, {"type": "Feature", "geometry": {"type": "MultiPolygon", "coordinates": [[[[72.34786615, 34.22419956], [72.34786411, 34.22427271], [72.34800457, 34.22427539], [72.34800662, 34.22420225], [72.34786615, 34.22419956]]]]}, "properties": {"id": "Pakistan_123102310_908063", "height": 4.12648344039917, "hmax": 0.01, "ratio": 0.002, "vulnClass": "none"}}, {"type": "Feature", "geometry": {"type": "MultiPolygon", "coordinates": [[[[72.34769936, 34.22455379], [72.34779919, 34.22456838], [72.34781851, 34.22447806], [72.34771866, 34.22446347], [72.34769936, 34.22455379]]]]}, "properties": {"id": "Pakistan_123102310_44940", "height": 3.086941719055176, "hmax": 0.015, "ratio": 0.005, "vulnClass": "none"}}, {"type": "Feature", "geometry": {"type": "MultiPolygon", "coordinates": [[[[72.34814373, 34.2246], [72.34795074, 34.22458075], [72.34794071, 34.22464947], [72.3481337, 34.22466872], [72.34814373, 34.2246]]]]}, "properties": {"id": "Pakistan_123102310_377404", "height": 3.513824462890625, "hmax": 0.011, "ratio": 0.003, "vulnClass": "none"}}, {"type": "Feature", "geometry": {"type": "MultiPolygon", "coordinates": [[[[72.34771191, 34.22446222], [72.34762335, 34.22444959], [72.34763637, 34.22438713], [72.3475426, 34.22437376], [72.34752688, 34.22444914], [72.34756856, 34.22445508], [72.34755239, 34.22453262], [72.34769304, 34.22455267], [72.34771191, 34.22446222]]]]}, "properties": {"id": "Pakistan_123102310_756786", "height": 3.217062711715698, "hmax": 0.015, "ratio": 0.005, "vulnClass": "none"}}, {"type": "Feature", "geometry": {"type": "MultiPolygon", "coordinates": [[[[72.34753145, 34.22426792], [72.3475254, 34.22433184], [72.34766136, 34.22434064], [72.34765814, 34.22437464], [72.34778181, 34.22438265], [72.34777459, 34.22445885], [72.34780822, 34.22446103], [72.34780363, 34.22450952], [72.34795558, 34.22451935], [72.34797165, 34.22434963], [72.34784102, 34.22434117], [72.34784602, 34.22428827], [72.34753145, 34.22426792]]]]}, "properties": {"id": "Pakistan_123102310_794516", "height": 3.554148197174072, "hmax": 0.014, "ratio": 0.004, "vulnClass": "none"}}, {"type": "Feature", "geometry": {"type": "MultiPolygon", "coordinates": [[[[72.3475792, 34.22402028], [72.34758154, 34.22408454], [72.3477434, 34.22408052], [72.34773926, 34.22396656], [72.34765083, 34.22396877], [72.34765263, 34.22401846], [72.3475792, 34.22402028]]]]}, "properties": {"id": "Pakistan_123102310_879645", "height": 3.612098932266235, "hmax": 0.008, "ratio": 0.002, "vulnClass": "none"}}, {"type": "Feature", "geometry": {"type": "MultiPolygon", "coordinates": [[[[72.34773368, 34.22395509], [72.34773696, 34.22392652], [72.34765456, 34.22392005], [72.34765127, 34.22394862], [72.34773368, 34.22395509]]]]}, "properties": {"id": "Pakistan_123102310_386802", "height": 3.017360687255859, "hmax": 0.008, "ratio": 0.003, "vulnClass": "none"}}, {"type": "Feature", "geometry": {"type": "MultiPolygon", "coordinates": [[[[72.34767262, 34.22388061], [72.34757091, 34.22387684], [72.34756917, 34.22390876], [72.34767089, 34.22391254], [72.34767262, 34.22388061]]]]}, "properties": {"id": "Pakistan_123102310_884429", "height": 2.963480234146118, "hmax": 0.008, "ratio": 0.003, "vulnClass": "none"}}, {"type": "Feature", "geometry": {"type": "MultiPolygon", "coordinates": [[[[72.34777831, 34.22372579], [72.34756791, 34.2237013], [72.34755346, 34.22378611], [72.34776387, 34.22381061], [72.34777831, 34.22372579]]]]}, "properties": {"id": "Pakistan_123102310_216411", "height": 3.737120628356934, "hmax": 0.008, "ratio": 0.002, "vulnClass": "none"}}, {"type": "Feature", "geometry": {"type": "MultiPolygon", "coordinates": [[[[72.3477554, 34.22345235], [72.34756763, 34.22343386], [72.34755818, 34.22349946], [72.34770628, 34.22351405], [72.34770723, 34.22350749], [72.34782778, 34.22351936], [72.34783061, 34.22349968], [72.34774973, 34.22349172], [72.3477554, 34.22345235]]]]}, "properties": {"id": "Pakistan_123102310_7370", "height": 3.601433277130127, "hmax": 0.008, "ratio": 0.002, "vulnClass": "none"}}, {"type": "Feature", "geometry": {"type": "MultiPolygon", "coordinates": [[[[72.34739834, 34.22318729], [72.34740312, 34.22326915], [72.34778465, 34.22325392], [72.34777941, 34.22316446], [72.3480256, 34.22315462], [72.3480241, 34.22312903], [72.34757722, 34.22314688], [72.34757916, 34.22318007], [72.34739834, 34.22318729]]]]}, "properties": {"id": "Pakistan_123102310_315858", "height": 3.755904912948608, "hmax": 0.004, "ratio": 0.001, "vulnClass": "none"}}, {"type": "Feature", "geometry": {"type": "MultiPolygon", "coordinates": [[[[72.34764969, 34.2229565], [72.34765798, 34.2229846], [72.34771984, 34.22297212], [72.34771154, 34.22294401], [72.34764969, 34.2229565]]]]}, "properties": {"id": "Pakistan_123102310_334840", "height": 3.434340000152588, "hmax": 0.004, "ratio": 0.001, "vulnClass": "none"}}, {"type": "Feature", "geometry": {"type": "MultiPolygon", "coordinates": [[[[72.34824617, 34.22304441], [72.34783937, 34.22306018], [72.34783774, 34.22303142], [72.34780143, 34.22303282], [72.34779849, 34.22298097], [72.34804471, 34.22297141], [72.34804195, 34.22292273], [72.34778386, 34.22293275], [72.34778662, 34.22298143], [72.34772239, 34.22298393], [72.34772647, 34.22305569], [72.34757124, 34.22306171], [72.34757521, 34.22313158], [72.34824964, 34.22310539], [72.34824617, 34.22304441]]]]}, "properties": {"id": "Pakistan_123102310_604509", "height": 4.214857578277588, "hmax": 0.005, "ratio": 0.001, "vulnClass": "none"}}, {"type": "Feature", "geometry": {"type": "MultiPolygon", "coordinates": [[[[72.34815421, 34.22289888], [72.34814992, 34.22282809], [72.34802567, 34.22283324], [72.34802688, 34.22285315], [72.34793859, 34.2228568], [72.3479361, 34.22281573], [72.34790132, 34.22281717], [72.34790408, 34.22286267], [72.34781311, 34.22286644], [72.34781164, 34.2228421], [72.34754676, 34.22285308], [72.34754588, 34.22283853], [72.34746562, 34.22284185], [72.347462, 34.22278212], [72.34738173, 34.22278544], [72.34739052, 34.22293052], [72.34815421, 34.22289888]]]]}, "properties": {"id": "Pakistan_123102310_747352", "height": 4.671406745910645, "hmax": 0.004, "ratio": 0.001, "vulnClass": "none"}}, {"type": "Feature", "geometry": {"type": "MultiPolygon", "coordinates": [[[[72.34766908, 34.2251097], [72.34763352, 34.22518202], [72.34787983, 34.22526479], [72.34791538, 34.22519247], [72.34766908, 34.2251097]]]]}, "properties": {"id": "Pakistan_123102310_822878", "height": 3.882539510726929, "hmax": 0.008, "ratio": 0.002, "vulnClass": "none"}}, {"type": "Feature", "geometry": {"type": "MultiPolygon", "coordinates": [[[[72.34782959, 34.22532606], [72.34754777, 34.225281], [72.34752899, 34.22536133], [72.34761431, 34.22537497], [72.34760481, 34.22541559], [72.34757896, 34.22541146], [72.34755126, 34.22552994], [72.34771321, 34.22555584], [72.34768143, 34.22569174], [72.3478737, 34.22572248], [72.34789298, 34.22564003], [72.34775853, 34.22561853], [72.34776824, 34.22557699], [72.34791562, 34.22560055], [72.3479314, 34.22553306], [72.34775817, 34.22550537], [72.34776688, 34.2254681], [72.34782025, 34.22547663], [72.34782953, 34.22543694], [72.3478046, 34.22543295], [72.34782959, 34.22532606]]]]}, "properties": {"id": "Pakistan_123102310_187112", "height": 5.078063011169434, "hmax": 0.008, "ratio": 0.002, "vulnClass": "none"}}, {"type": "Feature", "geometry": {"type": "MultiPolygon", "coordinates": [[[[72.34767998, 34.22683943], [72.34781838, 34.22686881], [72.34787459, 34.22668781], [72.34778904, 34.22666965], [72.34780002, 34.22663428], [72.34774718, 34.22662306], [72.34767998, 34.22683943]]]]}, "properties": {"id": "Pakistan_123102310_205836", "height": 5.775070667266846, "hmax": 0.011, "ratio": 0.002, "vulnClass": "none"}}, {"type": "Feature", "geometry": {"type": "MultiPolygon", "coordinates": [[[[72.34790422, 34.22665021], [72.34792015, 34.22659339], [72.34776489, 34.22656362], [72.34774895, 34.22662044], [72.34790422, 34.22665021]]]]}, "properties": {"id": "Pakistan_123102310_775707", "height": 4.515024662017822, "hmax": 0.012, "ratio": 0.003, "vulnClass": "none"}}, {"type": "Feature", "geometry": {"type": "MultiPolygon", "coordinates": [[[[72.3478773, 34.22672474], [72.34782059, 34.22687026], [72.34786335, 34.22688166], [72.34788528, 34.2268254], [72.34795428, 34.22684379], [72.34798908, 34.22675452], [72.3478773, 34.22672474]]]]}, "properties": {"id": "Pakistan_123102310_301557", "height": 6.777616500854492, "hmax": 0.013, "ratio": 0.002, "vulnClass": "none"}}, {"type": "Feature", "geometry": {"type": "MultiPolygon", "coordinates": [[[[72.3479002, 34.22673051], [72.34800499, 34.22674389], [72.34801308, 34.22670057], [72.34790829, 34.22668719], [72.3479002, 34.22673051]]]]}, "properties": {"id": "Pakistan_123102310_8197", "height": 4.480631828308105, "hmax": 0.013, "ratio": 0.003, "vulnClass": "none"}}, {"type": "Feature", "geometry": {"type": "MultiPolygon", "coordinates": [[[[72.34798129, 34.22711682], [72.34809921, 34.22715294], [72.34812456, 34.2270964], [72.34800664, 34.22706027], [72.34798129, 34.22711682]]]]}, "properties": {"id": "Pakistan_123102310_224972", "height": 3.95136022567749, "hmax": 0.033, "ratio": 0.008, "vulnClass": "none"}}, {"type": "Feature", "geometry": {"type": "MultiPolygon", "coordinates": [[[[72.34809343, 34.22715583], [72.34799431, 34.22712737], [72.34798517, 34.22714914], [72.34808429, 34.2271776], [72.34809343, 34.22715583]]]]}, "properties": {"id": "Pakistan_123102310_320703", "height": 4.003905296325684, "hmax": 0.033, "ratio": 0.008, "vulnClass": "none"}}, {"type": "Feature", "geometry": {"type": "MultiPolygon", "coordinates": [[[[72.34808851, 34.2271843], [72.34796589, 34.22714853], [72.34794316, 34.22720177], [72.34806578, 34.22723755], [72.34808851, 34.2271843]]]]}, "properties": {"id": "Pakistan_123102310_533494", "height": 4.003905296325684, "hmax": 0.033, "ratio": 0.008, "vulnClass": "none"}}, {"type": "Feature", "geometry": {"type": "MultiPolygon", "coordinates": [[[[72.34844353, 34.22724156], [72.34823718, 34.22723653], [72.3482341, 34.22732295], [72.34844045, 34.22732798], [72.34844353, 34.22724156]]]]}, "properties": {"id": "Pakistan_123102310_893831", "height": 2.674605846405029, "hmax": 0.033, "ratio": 0.012, "vulnClass": "none"}}, {"type": "Feature", "geometry": {"type": "MultiPolygon", "coordinates": [[[[72.34845095, 34.22713628], [72.34849381, 34.22714524], [72.34850209, 34.22711814], [72.34845923, 34.22710919], [72.34845095, 34.22713628]]]]}, "properties": {"id": "Pakistan_123102310_330142", "height": 2.626096725463867, "hmax": 0.033, "ratio": 0.013, "vulnClass": "none"}}, {"type": "Feature", "geometry": {"type": "MultiPolygon", "coordinates": [[[[72.3489215, 34.22725608], [72.3488732, 34.22725006], [72.3488489, 34.22738332], [72.34889721, 34.22738935], [72.3489215, 34.22725608]]]]}, "properties": {"id": "Pakistan_123102310_799277", "height": 2.915486812591553, "hmax": 0.033, "ratio": 0.011, "vulnClass": "none"}}, {"type": "Feature", "geometry": {"type": "MultiPolygon", "coordinates": [[[[72.34913861, 34.22750492], [72.3490917, 34.22769667], [72.34919993, 34.22771477], [72.34917387, 34.2278213], [72.34909399, 34.22780794], [72.3490893, 34.22782711], [72.34904034, 34.22781892], [72.34901376, 34.22792758], [72.34920186, 34.22795904], [72.34925763, 34.22773107], [72.34927825, 34.22773452], [72.34929545, 34.22766421], [72.34924649, 34.22765603], [72.34926681, 34.22757294], [72.34933123, 34.22758371], [72.34934218, 34.22753897], [72.34913861, 34.22750492]]]]}, "properties": {"id": "Pakistan_123102310_16812", "height": 3.12398099899292, "hmax": 0.025, "ratio": 0.008, "vulnClass": "none"}}, {"type": "Feature", "geometry": {"type": "MultiPolygon", "coordinates": [[[[72.34874844, 34.22682107], [72.34885733, 34.226863], [72.34889736, 34.22679192], [72.34878847, 34.22675], [72.34874844, 34.22682107]]]]}, "properties": {"id": "Pakistan_123102310_243776", "height": 2.715300798416138, "hmax": 0.013, "ratio": 0.005, "vulnClass": "none"}}, {"type": "Feature", "geometry": {"type": "MultiPolygon", "coordinates": [[[[72.3489566, 34.22662384], [72.34886106, 34.22659492], [72.34882295, 34.22668096], [72.3489185, 34.22670989], [72.3489566, 34.22662384]]]]}, "properties": {"id": "Pakistan_123102310_941194", "height": 3.153674840927124, "hmax": 0.014, "ratio": 0.004, "vulnClass": "none"}}, {"type": "Feature", "geometry": {"type": "MultiPolygon", "coordinates": [[[[72.34954544, 34.22663628], [72.34947777, 34.22685005], [72.34961433, 34.22687961], [72.34968199, 34.22666583], [72.34954544, 34.22663628]]]]}, "properties": {"id": "Pakistan_123102310_547601", "height": 2.593504428863525, "hmax": 0.026, "ratio": 0.01, "vulnClass": "none"}}, {"type": "Feature", "geometry": {"type": "MultiPolygon", "coordinates": [[[[72.34973187, 34.22705941], [72.34983325, 34.22708869], [72.34987332, 34.22699381], [72.34977195, 34.22696454], [72.34973187, 34.22705941]]]]}, "properties": {"id": "Pakistan_123102310_358491", "height": 2.522239685058594, "hmax": 0.018, "ratio": 0.007, "vulnClass": "none"}}, {"type": "Feature", "geometry": {"type": "MultiPolygon", "coordinates": [[[[72.35000183, 34.22693093], [72.34996501, 34.22700889], [72.35016517, 34.2270735], [72.35020198, 34.22699555], [72.35000183, 34.22693093]]]]}, "properties": {"id": "Pakistan_123102310_37021", "height": 3.288691759109497, "hmax": 0.04, "ratio": 0.012, "vulnClass": "none"}}, {"type": "Feature", "geometry": {"type": "MultiPolygon", "coordinates": [[[[72.35019571, 34.22710569], [72.35034835, 34.22716308], [72.35034691, 34.22719137], [72.35056008, 34.22727151], [72.35055941, 34.22728457], [72.35074346, 34.22735376], [72.35080255, 34.22735582], [72.35082323, 34.22731824], [72.35082488, 34.22728599], [72.35083764, 34.22726278], [72.35086089, 34.22726359], [72.3508621, 34.22723983], [72.35089546, 34.22717919], [72.35084998, 34.22716208], [72.35084703, 34.22721988], [72.35078247, 34.22721763], [72.35062965, 34.22716017], [72.35059766, 34.22721833], [72.35060184, 34.22713641], [72.35049638, 34.22709676], [72.3504457, 34.22709499], [72.35044824, 34.2270454], [72.3504035, 34.22702857], [72.35040923, 34.2269163], [72.35031552, 34.22691303], [72.35031055, 34.22701044], [72.35020077, 34.22700661], [72.35019571, 34.22710569]]]]}, "properties": {"id": "Pakistan_123102310_187969", "height": 3.191380262374878, "hmax": 0.035, "ratio": 0.011, "vulnClass": "none"}}, {"type": "Feature", "geometry": {"type": "MultiPolygon", "coordinates": [[[[72.3503896, 34.22679121], [72.35035291, 34.22686259], [72.35051513, 34.22691959], [72.35057933, 34.22679467], [72.35049891, 34.22676641], [72.35047139, 34.22681995], [72.3503896, 34.22679121]]]]}, "properties": {"id": "Pakistan_123102310_434003", "height": 2.545639038085938, "hmax": 0.081, "ratio": 0.032, "vulnClass": "none"}}, {"type": "Feature", "geometry": {"type": "MultiPolygon", "coordinates": [[[[72.3502476, 34.22661716], [72.3501555, 34.2266004], [72.35013861, 34.22666386], [72.35034327, 34.2267011], [72.3503596, 34.22663976], [72.35024703, 34.22661928], [72.3502476, 34.22661716]]]]}, "properties": {"id": "Pakistan_123102310_922224", "height": 4.220565795898438, "hmax": 0.081, "ratio": 0.019, "vulnClass": "none"}}, {"type": "Feature", "geometry": {"type": "MultiPolygon", "coordinates": [[[[72.35075054, 34.22660031], [72.35069992, 34.22659007], [72.35068692, 34.22663401], [72.35073753, 34.22664425], [72.35075054, 34.22660031]]]]}, "properties": {"id": "Pakistan_123102310_917623", "height": 3.390085220336914, "hmax": 0.081, "ratio": 0.024, "vulnClass": "none"}}, {"type": "Feature", "geometry": {"type": "MultiPolygon", "coordinates": [[[[72.35120932, 34.22668265], [72.3511474, 34.22667247], [72.35111712, 34.22679833], [72.35117904, 34.22680851], [72.35120932, 34.22668265]]]]}, "properties": {"id": "Pakistan_123102310_410393", "height": 3.889312267303467, "hmax": 0.143, "ratio": 0.037, "vulnClass": "none"}}, {"type": "Feature", "geometry": {"type": "MultiPolygon", "coordinates": [[[[72.35116574, 34.226662], [72.35125424, 34.22668409], [72.35126611, 34.22665157], [72.35117761, 34.22662948], [72.35116574, 34.226662]]]]}, "properties": {"id": "Pakistan_123102310_168416", "height": 4.212388038635254, "hmax": 0.143, "ratio": 0.034, "vulnClass": "none"}}, {"type": "Feature", "geometry": {"type": "MultiPolygon", "coordinates": [[[[72.35126286, 34.22669265], [72.35138064, 34.22671056], [72.35139305, 34.22665479], [72.35127527, 34.22663688], [72.35126286, 34.22669265]]]]}, "properties": {"id": "Pakistan_123102310_243836", "height": 4.050950050354004, "hmax": 0.143, "ratio": 0.035, "vulnClass": "none"}}, {"type": "Feature", "geometry": {"type": "MultiPolygon", "coordinates": [[[[72.35119654, 34.22662656], [72.35126893, 34.22665131], [72.35129071, 34.22660776], [72.35121832, 34.226583], [72.35119654, 34.22662656]]]]}, "properties": {"id": "Pakistan_123102310_149458", "height": 4.212388038635254, "hmax": 0.143, "ratio": 0.034, "vulnClass": "none"}}, {"type": "Feature", "geometry": {"type": "MultiPolygon", "coordinates": [[[[72.35160343, 34.22664708], [72.35161239, 34.22660859], [72.35144944, 34.22658267], [72.35144048, 34.22662116], [72.35160343, 34.22664708]]]]}, "properties": {"id": "Pakistan_123102310_472046", "height": 4.953484535217285, "hmax": 0.143, "ratio": 0.029, "vulnClass": "none"}}, {"type": "Feature", "geometry": {"type": "MultiPolygon", "coordinates": [[[[72.35150899, 34.22671483], [72.35154644, 34.22672665], [72.35157773, 34.22665891], [72.35154027, 34.22664709], [72.35150899, 34.22671483]]]]}, "properties": {"id": "Pakistan_123102310_770973", "height": 3.409609317779541, "hmax": 0.143, "ratio": 0.042, "vulnClass": "none"}}, {"type": "Feature", "geometry": {"type": "MultiPolygon", "coordinates": [[[[72.35138116, 34.22673867], [72.35135829, 34.22680174], [72.35158716, 34.22685848], [72.35161003, 34.2267954], [72.35138116, 34.22673867]]]]}, "properties": {"id": "Pakistan_123102310_879677", "height": 4.813235759735107, "hmax": 0.143, "ratio": 0.03, "vulnClass": "none"}}, {"type": "Feature", "geometry": {"type": "MultiPolygon", "coordinates": [[[[72.35128969, 34.22676745], [72.35125589, 34.22683713], [72.35130117, 34.22685215], [72.35133498, 34.22678247], [72.35128969, 34.22676745]]]]}, "properties": {"id": "Pakistan_123102310_893872", "height": 4.891758441925049, "hmax": 0.143, "ratio": 0.029, "vulnClass": "none"}}, {"type": "Feature", "geometry": {"type": "MultiPolygon", "coordinates": [[[[72.35122101, 34.22696019], [72.35127847, 34.226968], [72.35130166, 34.2268514], [72.35121548, 34.22683968], [72.35119873, 34.22692389], [72.35122746, 34.2269278], [72.35122101, 34.22696019]]]]}, "properties": {"id": "Pakistan_123102310_74623", "height": 2.661966800689697, "hmax": 0.143, "ratio": 0.054, "vulnClass": "low"}}, {"type": "Feature", "geometry": {"type": "MultiPolygon", "coordinates": [[[[72.35155909, 34.22700937], [72.35152111, 34.22709805], [72.35163215, 34.22713056], [72.35172837, 34.22690592], [72.35169024, 34.22689475], [72.351632, 34.22703072], [72.35155909, 34.22700937]]]]}, "properties": {"id": "Pakistan_123102310_595147", "height": 2.926522254943848, "hmax": 0.082, "ratio": 0.028, "vulnClass": "none"}}, {"type": "Feature", "geometry": {"type": "MultiPolygon", "coordinates": [[[[72.35122639, 34.22713682], [72.35144069, 34.22718579], [72.35149337, 34.22702823], [72.35145848, 34.22702026], [72.35144815, 34.22705116], [72.35126874, 34.22701015], [72.35122639, 34.22713682]]]]}, "properties": {"id": "Pakistan_123102310_542967", "height": 4.437818050384521, "hmax": 0.057, "ratio": 0.013, "vulnClass": "none"}}, {"type": "Feature", "geometry": {"type": "MultiPolygon", "coordinates": [[[[72.35107499, 34.22697532], [72.351028, 34.22696658], [72.35100128, 34.22706476], [72.35118764, 34.22709944], [72.35120345, 34.22704135], [72.35106408, 34.22701543], [72.35107499, 34.22697532]]]]}, "properties": {"id": "Pakistan_123102310_84067", "height": 2.55689549446106, "hmax": 0.049, "ratio": 0.019, "vulnClass": "none"}}, {"type": "Feature", "geometry": {"type": "MultiPolygon", "coordinates": [[[[72.35096727, 34.22689202], [72.35102149, 34.22691142], [72.35104836, 34.22686007], [72.35099414, 34.22684068], [72.35096727, 34.22689202]]]]}, "properties": {"id": "Pakistan_123102310_130504", "height": 2.449221849441528, "hmax": 0.081, "ratio": 0.033, "vulnClass": "none"}}, {"type": "Feature", "geometry": {"type": "MultiPolygon", "coordinates": [[[[72.35065742, 34.22710952], [72.35072847, 34.22713091], [72.35076596, 34.22704574], [72.35069491, 34.22702435], [72.35065742, 34.22710952]]]]}, "properties": {"id": "Pakistan_123102310_405782", "height": 2.798711776733398, "hmax": 0.032, "ratio": 0.011, "vulnClass": "none"}}, {"type": "Feature", "geometry": {"type": "MultiPolygon", "coordinates": [[[[72.35105178, 34.22715732], [72.35101805, 34.22726782], [72.35112248, 34.22728961], [72.35117783, 34.22710822], [72.35098264, 34.22706749], [72.350961, 34.22713838], [72.35105178, 34.22715732]]]]}, "properties": {"id": "Pakistan_123102310_566659", "height": 3.630921363830566, "hmax": 0.042, "ratio": 0.012, "vulnClass": "none"}}, {"type": "Feature", "geometry": {"type": "MultiPolygon", "coordinates": [[[[72.35120559, 34.22716146], [72.35115985, 34.2272467], [72.35124818, 34.2272791], [72.35126807, 34.22724204], [72.3513904, 34.22728691], [72.35141625, 34.22723874], [72.35120559, 34.22716146]]]]}, "properties": {"id": "Pakistan_123102310_139974", "height": 2.971464872360229, "hmax": 0.057, "ratio": 0.019, "vulnClass": "none"}}, {"type": "Feature", "geometry": {"type": "MultiPolygon", "coordinates": [[[[72.35140864, 34.22733838], [72.35151781, 34.22736771], [72.35154462, 34.22729951], [72.35143545, 34.22727018], [72.35140864, 34.22733838]]]]}, "properties": {"id": "Pakistan_123102310_533525", "height": 3.205356597900391, "hmax": 0.057, "ratio": 0.018, "vulnClass": "none"}}, {"type": "Feature", "geometry": {"type": "MultiPolygon", "coordinates": [[[[72.35125128, 34.2273099], [72.35128246, 34.22731452], [72.35129411, 34.2272608], [72.35126292, 34.22725618], [72.35125128, 34.2273099]]]]}, "properties": {"id": "Pakistan_123102310_315896", "height": 3.315821170806885, "hmax": 0.057, "ratio": 0.017, "vulnClass": "none"}}, {"type": "Feature", "geometry": {"type": "MultiPolygon", "coordinates": [[[[72.35111653, 34.22734958], [72.35133807, 34.22740944], [72.35135391, 34.22736937], [72.35122688, 34.22733504], [72.35124747, 34.22728295], [72.35115296, 34.22725741], [72.35111653, 34.22734958]]]]}, "properties": {"id": "Pakistan_123102310_651935", "height": 4.108735084533691, "hmax": 0.057, "ratio": 0.014, "vulnClass": "none"}}, {"type": "Feature", "geometry": {"type": "MultiPolygon", "coordinates": [[[[72.35136418, 34.22740146], [72.35133109, 34.22751224], [72.35137659, 34.22752153], [72.35140969, 34.22741075], [72.35136418, 34.22740146]]]]}, "properties": {"id": "Pakistan_123102310_557117", "height": 3.100371122360229, "hmax": 0.057, "ratio": 0.018, "vulnClass": "none"}}, {"type": "Feature", "geometry": {"type": "MultiPolygon", "coordinates": [[[[72.35153338, 34.22764815], [72.35168037, 34.22769041], [72.35176229, 34.22749559], [72.35162351, 34.22745569], [72.35160731, 34.22749421], [72.3517068, 34.22752281], [72.35167474, 34.22759904], [72.35156706, 34.22756808], [72.35153338, 34.22764815]]]]}, "properties": {"id": "Pakistan_123102310_187166", "height": 4.358438491821289, "hmax": 0.057, "ratio": 0.013, "vulnClass": "none"}}, {"type": "Feature", "geometry": {"type": "MultiPolygon", "coordinates": [[[[72.35128566, 34.22758332], [72.35139206, 34.22762364], [72.35142558, 34.22756316], [72.35131918, 34.22752284], [72.35128566, 34.22758332]]]]}, "properties": {"id": "Pakistan_123102310_671167", "height": 2.62489652633667, "hmax": 0.057, "ratio": 0.022, "vulnClass": "none"}}, {"type": "Feature", "geometry": {"type": "MultiPolygon", "coordinates": [[[[72.3511151, 34.22764216], [72.35117175, 34.22765613], [72.35116476, 34.22767551], [72.35122035, 34.22768923], [72.35125381, 34.22759654], [72.35122671, 34.22758985], [72.35125244, 34.22751858], [72.35116728, 34.22749757], [72.3511151, 34.22764216]]]]}, "properties": {"id": "Pakistan_123102310_837135", "height": 3.301987648010254, "hmax": 0.057, "ratio": 0.017, "vulnClass": "none"}}, {"type": "Feature", "geometry": {"type": "MultiPolygon", "coordinates": [[[[72.35071339, 34.2276975], [72.35089572, 34.22774595], [72.35092307, 34.2276756], [72.3507904, 34.22764035], [72.35084275, 34.22750567], [72.3507931, 34.22749248], [72.35071339, 34.2276975]]]]}, "properties": {"id": "Pakistan_123102310_434008", "height": 3.305781841278076, "hmax": 0.032, "ratio": 0.01, "vulnClass": "none"}}, {"type": "Feature", "geometry": {"type": "MultiPolygon", "coordinates": [[[[72.35050485, 34.22749687], [72.35072519, 34.2275437], [72.35077532, 34.2273825], [72.35074261, 34.22737555], [72.35073291, 34.22740675], [72.3506132, 34.2273813], [72.35061935, 34.22736153], [72.35055142, 34.22734709], [72.35050485, 34.22749687]]]]}, "properties": {"id": "Pakistan_123102310_775731", "height": 3.542807817459106, "hmax": 0.032, "ratio": 0.009, "vulnClass": "none"}}, {"type": "Feature", "geometry": {"type": "MultiPolygon", "coordinates": [[[[72.3498762, 34.22725661], [72.34992635, 34.22726189], [72.34993155, 34.2272281], [72.3498814, 34.22722282], [72.3498762, 34.22725661]]]]}, "properties": {"id": "Pakistan_123102310_140867", "height": 3.448982238769531, "hmax": 0.018, "ratio": 0.005, "vulnClass": "none"}}, {"type": "Feature", "geometry": {"type": "MultiPolygon", "coordinates": [[[[72.34987778, 34.22720288], [72.35009345, 34.22725767], [72.35012358, 34.22717661], [72.34982702, 34.22710128], [72.34978748, 34.2272077], [72.34986836, 34.22722824], [72.34987778, 34.22720288]]]]}, "properties": {"id": "Pakistan_123102310_130482", "height": 4.016210556030273, "hmax": 0.022, "ratio": 0.006, "vulnClass": "none"}}, {"type": "Feature", "geometry": {"type": "MultiPolygon", "coordinates": [[[[72.34964145, 34.22730698], [72.34973554, 34.22732517], [72.3497736, 34.22719059], [72.34967951, 34.2271724], [72.34964145, 34.22730698]]]]}, "properties": {"id": "Pakistan_123102310_931707", "height": 2.943864107131958, "hmax": 0.018, "ratio": 0.006, "vulnClass": "none"}}, {"type": "Feature", "geometry": {"type": "MultiPolygon", "coordinates": [[[[72.34969735, 34.22769923], [72.34991964, 34.22773802], [72.34997848, 34.22750764], [72.34992307, 34.22749797], [72.34989027, 34.22762645], [72.34972336, 34.22759732], [72.34969735, 34.22769923]]]]}, "properties": {"id": "Pakistan_123102310_457678", "height": 3.099897146224976, "hmax": 0.018, "ratio": 0.006, "vulnClass": "none"}}, {"type": "Feature", "geometry": {"type": "MultiPolygon", "coordinates": [[[[72.35063689, 34.22790446], [72.35083587, 34.22795221], [72.35089294, 34.22778963], [72.35084594, 34.22777835], [72.35081974, 34.22785298], [72.35066777, 34.22781651], [72.35063689, 34.22790446]]]]}, "properties": {"id": "Pakistan_123102310_26436", "height": 2.854674816131592, "hmax": 0.028, "ratio": 0.01, "vulnClass": "none"}}, {"type": "Feature", "geometry": {"type": "MultiPolygon", "coordinates": [[[[72.35105275, 34.22778042], [72.35104082, 34.2278248], [72.35112006, 34.22783936], [72.35113199, 34.22779498], [72.35105275, 34.22778042]]]]}, "properties": {"id": "Pakistan_123102310_490937", "height": 2.957820892333984, "hmax": 0.049, "ratio": 0.017, "vulnClass": "none"}}, {"type": "Feature", "geometry": {"type": "MultiPolygon", "coordinates": [[[[72.35131766, 34.22761167], [72.35127801, 34.22766073], [72.35135298, 34.22770214], [72.35139262, 34.22765308], [72.35131766, 34.22761167]]]]}, "properties": {"id": "Pakistan_123102310_287272", "height": 2.993596315383911, "hmax": 0.057, "ratio": 0.019, "vulnClass": "none"}}, {"type": "Feature", "geometry": {"type": "MultiPolygon", "coordinates": [[[[72.35121446, 34.2277592], [72.35125695, 34.2277687], [72.3512867, 34.22767778], [72.35124421, 34.22766828], [72.35121446, 34.2277592]]]]}, "properties": {"id": "Pakistan_123102310_472042", "height": 2.674839496612549, "hmax": 0.057, "ratio": 0.021, "vulnClass": "none"}}, {"type": "Feature", "geometry": {"type": "MultiPolygon", "coordinates": [[[[72.35150298, 34.22818874], [72.35157246, 34.22791703], [72.35154422, 34.22791209], [72.35151653, 34.22802035], [72.35142667, 34.22800465], [72.35140007, 34.22810866], [72.35134616, 34.22809924], [72.35133096, 34.22815867], [72.35150298, 34.22818874]]]]}, "properties": {"id": "Pakistan_123102310_262766", "height": 4.582139015197754, "hmax": 0.01, "ratio": 0.002, "vulnClass": "none"}}, {"type": "Feature", "geometry": {"type": "MultiPolygon", "coordinates": [[[[72.35115522, 34.22785415], [72.35103882, 34.2282357], [72.35100239, 34.2282281], [72.35095945, 34.2283688], [72.35107041, 34.22839194], [72.3511547, 34.22811572], [72.35120009, 34.22812519], [72.35125005, 34.22796148], [72.35128283, 34.22796832], [72.35130701, 34.22788909], [72.35129045, 34.22788564], [72.35131653, 34.22780015], [72.35125096, 34.22778648], [72.35122583, 34.22786888], [72.35115522, 34.22785415]]]]}, "properties": {"id": "Pakistan_123102310_452979", "height": 3.711407899856567, "hmax": 0.02, "ratio": 0.005, "vulnClass": "none"}}, {"type": "Feature", "geometry": {"type": "MultiPolygon", "coordinates": [[[[72.35115134, 34.22785233], [72.35103096, 34.22782797], [72.35101238, 34.22789075], [72.35113276, 34.2279151], [72.35115134, 34.22785233]]]]}, "properties": {"id": "Pakistan_123102310_903436", "height": 3.711407899856567, "hmax": 0.045, "ratio": 0.012, "vulnClass": "none"}}, {"type": "Feature", "geometry": {"type": "MultiPolygon", "coordinates": [[[[72.35154104, 34.22840325], [72.35183924, 34.22849327], [72.35197405, 34.22818801], [72.35193145, 34.22817515], [72.35191283, 34.2282173], [72.35165724, 34.22814012], [72.35154104, 34.22840325]]]]}, "properties": {"id": "Pakistan_123102310_756836", "height": 3.866957664489746, "hmax": 0.01, "ratio": 0.003, "vulnClass": "none"}}, {"type": "Feature", "geometry": {"type": "MultiPolygon", "coordinates": [[[[72.35048114, 34.22822929], [72.35073202, 34.22828381], [72.35079567, 34.22808362], [72.35055733, 34.22803184], [72.35054447, 34.22807229], [72.35066991, 34.22809955], [72.35063463, 34.22821052], [72.35049664, 34.22818054], [72.35048114, 34.22822929]]]]}, "properties": {"id": "Pakistan_123102310_803987", "height": 4.068323135375977, "hmax": 0.02, "ratio": 0.005, "vulnClass": "none"}}, {"type": "Feature", "geometry": {"type": "MultiPolygon", "coordinates": [[[[72.34917388, 34.22813492], [72.3489672, 34.2280767], [72.34894018, 34.22814227], [72.34914686, 34.22820049], [72.34917388, 34.22813492]]]]}, "properties": {"id": "Pakistan_123102310_296882", "height": 2.859739065170288, "hmax": 0.048, "ratio": 0.017, "vulnClass": "none"}}, {"type": "Feature", "geometry": {"type": "MultiPolygon", "coordinates": [[[[72.34926067, 34.22911375], [72.3492938, 34.22913604], [72.34933513, 34.22909405], [72.34930199, 34.22907176], [72.34926067, 34.22911375]]]]}, "properties": {"id": "Pakistan_123102310_73098", "height": 3.27142333984375, "hmax": 0.039, "ratio": 0.012, "vulnClass": "none"}}, {"type": "Feature", "geometry": {"type": "MultiPolygon", "coordinates": [[[[72.34929835, 34.2290786], [72.34927126, 34.2290409], [72.3492147, 34.22906868], [72.3492418, 34.22910638], [72.34929835, 34.2290786]]]]}, "properties": {"id": "Pakistan_123102310_92274", "height": 3.236425638198853, "hmax": 0.039, "ratio": 0.012, "vulnClass": "none"}}, {"type": "Feature", "geometry": {"type": "MultiPolygon", "coordinates": [[[[72.35039403, 34.23043967], [72.35043681, 34.23054286], [72.35049441, 34.23052654], [72.35045164, 34.23042334], [72.35039403, 34.23043967]]]]}, "properties": {"id": "Pakistan_123102310_642475", "height": 2.627094030380249, "hmax": 0.123, "ratio": 0.047, "vulnClass": "none"}}, {"type": "Feature", "geometry": {"type": "MultiPolygon", "coordinates": [[[[72.35043869, 34.23054206], [72.35039049, 34.23046067], [72.35033856, 34.23048168], [72.35038676, 34.23056307], [72.35043869, 34.23054206]]]]}, "properties": {"id": "Pakistan_123102310_353789", "height": 3.448850393295288, "hmax": 0.123, "ratio": 0.036, "vulnClass": "none"}}, {"type": "Feature", "geometry": {"type": "MultiPolygon", "coordinates": [[[[72.35027614, 34.23061784], [72.35022107, 34.23051907], [72.35016134, 34.23054184], [72.35021641, 34.2306406], [72.35027614, 34.23061784]]]]}, "properties": {"id": "Pakistan_123102310_661679", "height": 2.546777963638306, "hmax": 0.118, "ratio": 0.046, "vulnClass": "none"}}, {"type": "Feature", "geometry": {"type": "MultiPolygon", "coordinates": [[[[72.35036653, 34.23056926], [72.35036117, 34.23052759], [72.35029221, 34.23053366], [72.35029757, 34.23057532], [72.35036653, 34.23056926]]]]}, "properties": {"id": "Pakistan_123102310_320727", "height": 2.991641998291016, "hmax": 0.123, "ratio": 0.041, "vulnClass": "none"}}, {"type": "Feature", "geometry": {"type": "MultiPolygon", "coordinates": [[[[72.35233988, 34.23068557], [72.35243918, 34.23072252], [72.35246127, 34.23068196], [72.35236197, 34.230645], [72.35233988, 34.23068557]]]]}, "properties": {"id": "Pakistan_123102310_377445", "height": 5.567971229553223, "hmax": 0.118, "ratio": 0.021, "vulnClass": "none"}}, {"type": "Feature", "geometry": {"type": "MultiPolygon", "coordinates": [[[[72.35214464, 34.2307515], [72.3521223, 34.23079459], [72.35217788, 34.23081428], [72.35220021, 34.23077119], [72.35214464, 34.2307515]]]]}, "properties": {"id": "Pakistan_123102310_292063", "height": 3.788504362106323, "hmax": 0.118, "ratio": 0.031, "vulnClass": "none"}}, {"type": "Feature", "geometry": {"type": "MultiPolygon", "coordinates": [[[[72.35381487, 34.23091628], [72.35409433, 34.23101446], [72.35414163, 34.23092241], [72.35386217, 34.23082424], [72.35381487, 34.23091628]]]]}, "properties": {"id": "Pakistan_123102310_216525", "height": 3.800322294235229, "hmax": 0.014, "ratio": 0.004, "vulnClass": "none"}}, {"type": "Feature", "geometry": {"type": "MultiPolygon", "coordinates": [[[[72.35469334, 34.23064081], [72.35475286, 34.23066119], [72.35479174, 34.23058358], [72.35473222, 34.2305632], [72.35469334, 34.23064081]]]]}, "properties": {"id": "Pakistan_123102310_401121", "height": 4.57750129699707, "hmax": 0.011, "ratio": 0.002, "vulnClass": "none"}}, {"type": "Feature", "geometry": {"type": "MultiPolygon", "coordinates": [[[[72.35479104, 34.23076407], [72.35486557, 34.23081113], [72.35491733, 34.23075511], [72.35484279, 34.23070805], [72.35479104, 34.23076407]]]]}, "properties": {"id": "Pakistan_123102310_908139", "height": 5.07687520980835, "hmax": 0.015, "ratio": 0.003, "vulnClass": "none"}}, {"type": "Feature", "geometry": {"type": "MultiPolygon", "coordinates": [[[[72.35491106, 34.23063647], [72.35488383, 34.23066572], [72.35493775, 34.23070001], [72.35496497, 34.23067076], [72.35491106, 34.23063647]]]]}, "properties": {"id": "Pakistan_123102310_519544", "height": 4.064931392669678, "hmax": 0.011, "ratio": 0.003, "vulnClass": "none"}}, {"type": "Feature", "geometry": {"type": "MultiPolygon", "coordinates": [[[[72.35523546, 34.23079898], [72.35521222, 34.2308384], [72.35532059, 34.23088207], [72.35534383, 34.23084265], [72.35523546, 34.23079898]]]]}, "properties": {"id": "Pakistan_123102310_827675", "height": 3.136111497879028, "hmax": 0.014, "ratio": 0.005, "vulnClass": "none"}}, {"type": "Feature", "geometry": {"type": "MultiPolygon", "coordinates": [[[[72.35520665, 34.23073381], [72.35513768, 34.23072399], [72.3551254, 34.23078296], [72.35519437, 34.23079277], [72.35520665, 34.23073381]]]]}, "properties": {"id": "Pakistan_123102310_595189", "height": 4.682408809661865, "hmax": 0.015, "ratio": 0.003, "vulnClass": "none"}}, {"type": "Feature", "geometry": {"type": "MultiPolygon", "coordinates": [[[[72.35488323, 34.2313675], [72.35492405, 34.23127059], [72.35485578, 34.23125093], [72.35478162, 34.23142694], [72.3551165, 34.23152337], [72.35514983, 34.23144426], [72.35488323, 34.2313675]]]]}, "properties": {"id": "Pakistan_123102310_676034", "height": 4.657498359680176, "hmax": 0.015, "ratio": 0.003, "vulnClass": "none"}}, {"type": "Feature", "geometry": {"type": "MultiPolygon", "coordinates": [[[[72.35507081, 34.23157565], [72.35500085, 34.23171856], [72.3551783, 34.23177794], [72.35524826, 34.23163504], [72.35507081, 34.23157565]]]]}, "properties": {"id": "Pakistan_123102310_457737", "height": 2.581277132034302, "hmax": 0.058, "ratio": 0.022, "vulnClass": "none"}}, {"type": "Feature", "geometry": {"type": "MultiPolygon", "coordinates": [[[[72.35537863, 34.23226539], [72.35485136, 34.23217517], [72.35486787, 34.23210925], [72.35477527, 34.23209341], [72.35475238, 34.23218484], [72.35458006, 34.23215536], [72.3546072, 34.23204691], [72.35455576, 34.23203811], [72.35455896, 34.23202535], [72.35442264, 34.23200202], [72.35438005, 34.23217214], [72.35536, 34.23233981], [72.35537863, 34.23226539]]]]}, "properties": {"id": "Pakistan_123102310_130610", "height": 3.755315780639648, "hmax": 0.057, "ratio": 0.015, "vulnClass": "none"}}, {"type": "Feature", "geometry": {"type": "MultiPolygon", "coordinates": [[[[72.35265151, 34.23206796], [72.35258141, 34.23206052], [72.35257037, 34.23213155], [72.35264048, 34.23213899], [72.35265151, 34.23206796]]]]}, "properties": {"id": "Pakistan_123102310_941230", "height": 6.015423774719238, "hmax": 0.194, "ratio": 0.032, "vulnClass": "none"}}, {"type": "Feature", "geometry": {"type": "MultiPolygon", "coordinates": [[[[72.35213269, 34.23195188], [72.35221024, 34.23198783], [72.35224747, 34.23193292], [72.35216992, 34.23189697], [72.35213269, 34.23195188]]]]}, "properties": {"id": "Pakistan_123102310_647215", "height": 6.254557609558105, "hmax": 0.194, "ratio": 0.031, "vulnClass": "none"}}, {"type": "Feature", "geometry": {"type": "MultiPolygon", "coordinates": [[[[72.35184994, 34.23150687], [72.35181679, 34.23156488], [72.35192862, 34.23160857], [72.35196177, 34.23155056], [72.35184994, 34.23150687]]]]}, "properties": {"id": "Pakistan_123102310_273091", "height": 3.241477727890015, "hmax": 0.056, "ratio": 0.017, "vulnClass": "none"}}, {"type": "Feature", "geometry": {"type": "MultiPolygon", "coordinates": [[[[72.35571203, 34.23102594], [72.35566737, 34.2311175], [72.35575735, 34.23114749], [72.35580201, 34.23105593], [72.35571203, 34.23102594]]]]}, "properties": {"id": "Pakistan_123102310_604579", "height": 2.597835063934326, "hmax": 0.01, "ratio": 0.004, "vulnClass": "none"}}, {"type": "Feature", "geometry": {"type": "MultiPolygon", "coordinates": [[[[72.35845211, 34.23091421], [72.35840367, 34.23099802], [72.35859146, 34.23107222], [72.3586399, 34.2309884], [72.35845211, 34.23091421]]]]}, "properties": {"id": "Pakistan_123102310_571516", "height": 2.886651992797852, "hmax": 0.013, "ratio": 0.005, "vulnClass": "none"}}, {"type": "Feature", "geometry": {"type": "MultiPolygon", "coordinates": [[[[72.35898891, 34.23072183], [72.35901018, 34.23064842], [72.35882247, 34.23061124], [72.35886136, 34.23047702], [72.35867873, 34.23044085], [72.35862889, 34.23061282], [72.35865548, 34.23061808], [72.3586415, 34.23066632], [72.35860984, 34.23066005], [72.35858979, 34.23072926], [72.35874199, 34.2307594], [72.35876569, 34.23067761], [72.35898891, 34.23072183]]]]}, "properties": {"id": "Pakistan_123102310_628451", "height": 4.143959522247314, "hmax": 0.022, "ratio": 0.005, "vulnClass": "none"}}, {"type": "Feature", "geometry": {"type": "MultiPolygon", "coordinates": [[[[72.3582098, 34.2300816], [72.35820327, 34.23012978], [72.35825624, 34.2301347], [72.35826278, 34.23008652], [72.3582098, 34.2300816]]]]}, "properties": {"id": "Pakistan_123102310_131333", "height": 2.634914398193359, "hmax": 0.02, "ratio": 0.008, "vulnClass": "none"}}, {"type": "Feature", "geometry": {"type": "MultiPolygon", "coordinates": [[[[72.35817281, 34.23006118], [72.35835079, 34.23010594], [72.35841845, 34.2299221], [72.35824047, 34.22987731], [72.35817281, 34.23006118]]]]}, "properties": {"id": "Pakistan_123102310_112577", "height": 3.41116738319397, "hmax": 0.02, "ratio": 0.006, "vulnClass": "none"}}, {"type": "Feature", "geometry": {"type": "MultiPolygon", "coordinates": [[[[72.35682611, 34.22950483], [72.35683124, 34.22934305], [72.35666635, 34.22933949], [72.35666452, 34.2293971], [72.35659483, 34.2293956], [72.35659154, 34.22949975], [72.35682611, 34.22950483]]]]}, "properties": {"id": "Pakistan_123102310_851290", "height": 2.461482763290405, "hmax": 0.035, "ratio": 0.014, "vulnClass": "none"}}, {"type": "Feature", "geometry": {"type": "MultiPolygon", "coordinates": [[[[72.35664663, 34.22922075], [72.35681426, 34.22922367], [72.35681629, 34.22914387], [72.35664866, 34.22914095], [72.35664663, 34.22922075]]]]}, "properties": {"id": "Pakistan_123102310_253304", "height": 3.312835693359375, "hmax": 0.035, "ratio": 0.011, "vulnClass": "none"}}, {"type": "Feature", "geometry": {"type": "MultiPolygon", "coordinates": [[[[72.35708459, 34.22914994], [72.35723441, 34.22915627], [72.35724724, 34.22894835], [72.35709743, 34.22894202], [72.35708459, 34.22914994]]]]}, "properties": {"id": "Pakistan_123102310_263791", "height": 2.752947807312012, "hmax": 0.035, "ratio": 0.013, "vulnClass": "none"}}, {"type": "Feature", "geometry": {"type": "MultiPolygon", "coordinates": [[[[72.35626889, 34.22909503], [72.35676643, 34.22913749], [72.35677639, 34.22905767], [72.35655346, 34.22903866], [72.35655647, 34.22901452], [72.35652197, 34.22901158], [72.35651831, 34.22904092], [72.35642011, 34.22903254], [72.35643445, 34.22891762], [72.35638933, 34.22891378], [72.35637783, 34.22900594], [72.35628104, 34.22899768], [72.35626889, 34.22909503]]]]}, "properties": {"id": "Pakistan_123102310_462607", "height": 3.016362428665161, "hmax": 0.035, "ratio": 0.012, "vulnClass": "none"}}, {"type": "Feature", "geometry": {"type": "MultiPolygon", "coordinates": [[[[72.35607588, 34.22889831], [72.35595696, 34.22883451], [72.35600963, 34.22876741], [72.35596244, 34.22874209], [72.35586936, 34.2288607], [72.35603546, 34.22894981], [72.35607588, 34.22889831]]]]}, "properties": {"id": "Pakistan_123102310_63714", "height": 2.884891271591187, "hmax": 0.062, "ratio": 0.021, "vulnClass": "none"}}, {"type": "Feature", "geometry": {"type": "MultiPolygon", "coordinates": [[[[72.35574452, 34.22860178], [72.35569038, 34.22869289], [72.35572711, 34.22870781], [72.35575471, 34.22866136], [72.35582602, 34.22869032], [72.35585255, 34.22864566], [72.35574452, 34.22860178]]]]}, "properties": {"id": "Pakistan_123102310_585845", "height": 2.99336051940918, "hmax": 0.066, "ratio": 0.022, "vulnClass": "none"}}, {"type": "Feature", "geometry": {"type": "MultiPolygon", "coordinates": [[[[72.35564663, 34.22854492], [72.35560347, 34.22859899], [72.35565393, 34.22862652], [72.3556305, 34.22865587], [72.35566413, 34.22867422], [72.35573072, 34.22859079], [72.35564663, 34.22854492]]]]}, "properties": {"id": "Pakistan_123102310_775775", "height": 2.99336051940918, "hmax": 0.066, "ratio": 0.022, "vulnClass": "none"}}, {"type": "Feature", "geometry": {"type": "MultiPolygon", "coordinates": [[[[72.3555853, 34.22868977], [72.35553722, 34.22867082], [72.35549554, 34.22874309], [72.35554362, 34.22876204], [72.3555853, 34.22868977]]]]}, "properties": {"id": "Pakistan_123102310_623536", "height": 2.485869646072388, "hmax": 0.066, "ratio": 0.027, "vulnClass": "none"}}, {"type": "Feature", "geometry": {"type": "MultiPolygon", "coordinates": [[[[72.35558701, 34.22869665], [72.35554815, 34.22876604], [72.35558791, 34.22878126], [72.35562677, 34.22871187], [72.35558701, 34.22869665]]]]}, "properties": {"id": "Pakistan_123102310_874985", "height": 2.681696653366089, "hmax": 0.066, "ratio": 0.025, "vulnClass": "none"}}, {"type": "Feature", "geometry": {"type": "MultiPolygon", "coordinates": [[[[72.35564523, 34.2287664], [72.35560966, 34.22883431], [72.35580509, 34.2289043], [72.35590426, 34.22871504], [72.35582625, 34.2286871], [72.35576267, 34.22880847], [72.35564523, 34.2287664]]]]}, "properties": {"id": "Pakistan_123102310_168508", "height": 2.793221473693848, "hmax": 0.066, "ratio": 0.024, "vulnClass": "none"}}, {"type": "Feature", "geometry": {"type": "MultiPolygon", "coordinates": [[[[72.35560055, 34.22883908], [72.35557328, 34.22888402], [72.35568684, 34.22893113], [72.35571411, 34.2288862], [72.35560055, 34.22883908]]]]}, "properties": {"id": "Pakistan_123102310_846599", "height": 3.068906784057617, "hmax": 0.061, "ratio": 0.02, "vulnClass": "none"}}, {"type": "Feature", "geometry": {"type": "MultiPolygon", "coordinates": [[[[72.35599344, 34.22894782], [72.35588247, 34.22890843], [72.35581926, 34.22903013], [72.35577397, 34.22901405], [72.35571271, 34.22913202], [72.35586897, 34.22918749], [72.35599344, 34.22894782]]]]}, "properties": {"id": "Pakistan_123102310_514773", "height": 4.999477386474609, "hmax": 0.034, "ratio": 0.007, "vulnClass": "none"}}, {"type": "Feature", "geometry": {"type": "MultiPolygon", "coordinates": [[[[72.35564852, 34.22898696], [72.35553918, 34.22895161], [72.35550245, 34.22902926], [72.3556118, 34.2290646], [72.35564852, 34.22898696]]]]}, "properties": {"id": "Pakistan_123102310_766383", "height": 2.669008016586304, "hmax": 0.034, "ratio": 0.013, "vulnClass": "none"}}, {"type": "Feature", "geometry": {"type": "MultiPolygon", "coordinates": [[[[72.35586445, 34.22922759], [72.35582818, 34.22929836], [72.35593052, 34.2293342], [72.35596678, 34.22926342], [72.35586445, 34.22922759]]]]}, "properties": {"id": "Pakistan_123102310_188079", "height": 3.269543409347534, "hmax": 0.034, "ratio": 0.01, "vulnClass": "none"}}, {"type": "Feature", "geometry": {"type": "MultiPolygon", "coordinates": [[[[72.35577375, 34.22937772], [72.35572567, 34.22947977], [72.35582116, 34.22951052], [72.35585109, 34.22944698], [72.35599548, 34.22949348], [72.35601362, 34.22945497], [72.35577375, 34.22937772]]]]}, "properties": {"id": "Pakistan_123102310_510057", "height": 3.522130966186523, "hmax": 0.034, "ratio": 0.01, "vulnClass": "none"}}, {"type": "Feature", "geometry": {"type": "MultiPolygon", "coordinates": [[[[72.35587664, 34.22994364], [72.35596632, 34.22997104], [72.35594452, 34.23001982], [72.35605308, 34.23005298], [72.35611412, 34.2299164], [72.35601972, 34.22988756], [72.35600576, 34.22991878], [72.35590192, 34.22988706], [72.35587664, 34.22994364]]]]}, "properties": {"id": "Pakistan_123102310_595200", "height": 2.632543563842773, "hmax": 0.011, "ratio": 0.004, "vulnClass": "none"}}, {"type": "Feature", "geometry": {"type": "MultiPolygon", "coordinates": [[[[72.35647053, 34.22978055], [72.35635976, 34.22975713], [72.3563402, 34.22982034], [72.35645097, 34.22984377], [72.35647053, 34.22978055]]]]}, "properties": {"id": "Pakistan_123102310_149568", "height": 2.687109231948853, "hmax": 0.031, "ratio": 0.011, "vulnClass": "none"}}, {"type": "Feature", "geometry": {"type": "MultiPolygon", "coordinates": [[[[72.35640962, 34.22962631], [72.35637193, 34.22975633], [72.35647464, 34.22977668], [72.35648779, 34.22973132], [72.35642437, 34.22971875], [72.35642825, 34.22970539], [72.35653985, 34.22972751], [72.35651858, 34.22980091], [72.35659849, 34.22981674], [72.35664045, 34.22967204], [72.35640962, 34.22962631]]]]}, "properties": {"id": "Pakistan_123102310_538310", "height": 3.477427959442139, "hmax": 0.035, "ratio": 0.01, "vulnClass": "none"}}, {"type": "Feature", "geometry": {"type": "MultiPolygon", "coordinates": [[[[72.35595787, 34.22976615], [72.35607217, 34.22980128], [72.35605727, 34.2298344], [72.35611264, 34.22985142], [72.35612754, 34.2298183], [72.35608041, 34.22980381], [72.35609267, 34.22977654], [72.35619164, 34.22980696], [72.35625177, 34.22967323], [72.35620936, 34.22966019], [72.35619216, 34.22969845], [72.35601306, 34.2296434], [72.35595787, 34.22976615]]]]}, "properties": {"id": "Pakistan_123102310_301645", "height": 3.362002849578857, "hmax": 0.033, "ratio": 0.01, "vulnClass": "none"}}, {"type": "Feature", "geometry": {"type": "MultiPolygon", "coordinates": [[[[72.35696663, 34.22958134], [72.35680443, 34.22954896], [72.35678546, 34.22961392], [72.35651934, 34.22956079], [72.35649609, 34.22964042], [72.35692441, 34.22972593], [72.35696663, 34.22958134]]]]}, "properties": {"id": "Pakistan_123102310_216583", "height": 3.155523777008057, "hmax": 0.035, "ratio": 0.011, "vulnClass": "none"}}, {"type": "Feature", "geometry": {"type": "MultiPolygon", "coordinates": [[[[72.35623826, 34.23031351], [72.35614535, 34.23028957], [72.35618192, 34.23019255], [72.35613547, 34.23018058], [72.35606538, 34.23036654], [72.35620474, 34.23040245], [72.35623826, 34.23031351]]]]}, "properties": {"id": "Pakistan_123102310_874987", "height": 2.954182147979736, "hmax": 0.011, "ratio": 0.004, "vulnClass": "none"}}, {"type": "Feature", "geometry": {"type": "MultiPolygon", "coordinates": [[[[72.35578821, 34.23029341], [72.35586915, 34.2303387], [72.35589609, 34.23030578], [72.35581515, 34.23026049], [72.35578821, 34.23029341]]]]}, "properties": {"id": "Pakistan_123102310_728340", "height": 3.73456072807312, "hmax": 0.011, "ratio": 0.003, "vulnClass": "none"}}, {"type": "Feature", "geometry": {"type": "MultiPolygon", "coordinates": [[[[72.3547879, 34.23019576], [72.35491027, 34.23024402], [72.35495717, 34.23016272], [72.3549375, 34.23015496], [72.3549573, 34.23012064], [72.3548546, 34.23008014], [72.3547879, 34.23019576]]]]}, "properties": {"id": "Pakistan_123102310_704469", "height": 4.124723434448242, "hmax": 0.011, "ratio": 0.003, "vulnClass": "none"}}, {"type": "Feature", "geometry": {"type": "MultiPolygon", "coordinates": [[[[72.35505791, 34.2299291], [72.35504185, 34.22995754], [72.35511782, 34.22998687], [72.35513388, 34.22995843], [72.35505791, 34.2299291]]]]}, "properties": {"id": "Pakistan_123102310_273153", "height": 5.140993595123291, "hmax": 0.011, "ratio": 0.002, "vulnClass": "none"}}, {"type": "Feature", "geometry": {"type": "MultiPolygon", "coordinates": [[[[72.35519479, 34.22956495], [72.35514844, 34.22964393], [72.35530909, 34.22970839], [72.35535544, 34.22962941], [72.35519479, 34.22956495]]]]}, "properties": {"id": "Pakistan_123102310_585837", "height": 3.591007947921753, "hmax": 0.017, "ratio": 0.005, "vulnClass": "none"}}, {"type": "Feature", "geometry": {"type": "MultiPolygon", "coordinates": [[[[72.35513006, 34.22966799], [72.35500087, 34.22990444], [72.3551234, 34.2299502], [72.35516, 34.2298832], [72.35508538, 34.22985533], [72.35517797, 34.22968589], [72.35513006, 34.22966799]]]]}, "properties": {"id": "Pakistan_123102310_538298", "height": 3.738530158996582, "hmax": 0.013, "ratio": 0.003, "vulnClass": "none"}}, {"type": "Feature", "geometry": {"type": "MultiPolygon", "coordinates": [[[[72.35373156, 34.23021226], [72.35385518, 34.23024203], [72.35388225, 34.2301652], [72.35380686, 34.23014704], [72.35383236, 34.23007465], [72.35378414, 34.23006304], [72.35373156, 34.23021226]]]]}, "properties": {"id": "Pakistan_123102310_149518", "height": 3.707780122756958, "hmax": 0.012, "ratio": 0.003, "vulnClass": "none"}}, {"type": "Feature", "geometry": {"type": "MultiPolygon", "coordinates": [[[[72.3515858, 34.23034178], [72.3516977, 34.23037313], [72.3517837, 34.23016335], [72.35168988, 34.23013706], [72.35165199, 34.23022948], [72.35163392, 34.23022442], [72.3515858, 34.23034178]]]]}, "properties": {"id": "Pakistan_123102310_623499", "height": 2.783504009246826, "hmax": 0.054, "ratio": 0.019, "vulnClass": "none"}}, {"type": "Feature", "geometry": {"type": "MultiPolygon", "coordinates": [[[[72.35194967, 34.22969722], [72.35191319, 34.22975452], [72.35200036, 34.22979246], [72.35203685, 34.22973517], [72.35194967, 34.22969722]]]]}, "properties": {"id": "Pakistan_123102310_893876", "height": 3.987316846847534, "hmax": 0.045, "ratio": 0.011, "vulnClass": "none"}}, {"type": "Feature", "geometry": {"type": "MultiPolygon", "coordinates": [[[[72.35200796, 34.2295815], [72.35197727, 34.22966223], [72.35206515, 34.22968507], [72.35209584, 34.22960434], [72.35200796, 34.2295815]]]]}, "properties": {"id": "Pakistan_123102310_680756", "height": 3.846838235855103, "hmax": 0.008, "ratio": 0.002, "vulnClass": "none"}}, {"type": "Feature", "geometry": {"type": "MultiPolygon", "coordinates": [[[[72.3522069, 34.22888789], [72.35224188, 34.22889745], [72.35225786, 34.22885746], [72.35222288, 34.2288479], [72.3522069, 34.22888789]]]]}, "properties": {"id": "Pakistan_123102310_912880", "height": 5.245560169219971, "hmax": 0.01, "ratio": 0.002, "vulnClass": "none"}}, {"type": "Feature", "geometry": {"type": "MultiPolygon", "coordinates": [[[[72.35213928, 34.22900384], [72.35229155, 34.22904878], [72.35235863, 34.22889338], [72.35226109, 34.22886459], [72.35224326, 34.2289059], [72.35218854, 34.22888975], [72.35213928, 34.22900384]]]]}, "properties": {"id": "Pakistan_123102310_177842", "height": 5.245560169219971, "hmax": 0.01, "ratio": 0.002, "vulnClass": "none"}}, {"type": "Feature", "geometry": {"type": "MultiPolygon", "coordinates": [[[[72.35261743, 34.22871549], [72.35250729, 34.22867955], [72.35240653, 34.2288906], [72.35251668, 34.22892655], [72.35261743, 34.22871549]]]]}, "properties": {"id": "Pakistan_123102310_756851", "height": 6.046065330505371, "hmax": 0.011, "ratio": 0.002, "vulnClass": "none"}}, {"type": "Feature", "geometry": {"type": "MultiPolygon", "coordinates": [[[[72.35330121, 34.22883271], [72.35375657, 34.22897785], [72.35378718, 34.22891221], [72.35367509, 34.22887648], [72.353721, 34.22877801], [72.35367897, 34.22876462], [72.35363936, 34.22884957], [72.35353194, 34.22881533], [72.35354867, 34.22877946], [72.35350771, 34.22876641], [72.35349189, 34.22880035], [72.35333902, 34.22875162], [72.35330121, 34.22883271]]]]}, "properties": {"id": "Pakistan_123102310_45048", "height": 3.416193246841431, "hmax": 0.025, "ratio": 0.007, "vulnClass": "none"}}, {"type": "Feature", "geometry": {"type": "MultiPolygon", "coordinates": [[[[72.35355823, 34.22866826], [72.35351917, 34.22875767], [72.3535606, 34.22877004], [72.35359966, 34.22868062], [72.35355823, 34.22866826]]]]}, "properties": {"id": "Pakistan_123102310_922254", "height": 4.682502269744873, "hmax": 0.032, "ratio": 0.007, "vulnClass": "none"}}, {"type": "Feature", "geometry": {"type": "MultiPolygon", "coordinates": [[[[72.35383297, 34.22871284], [72.35387904, 34.22873685], [72.35390616, 34.22870128], [72.35386009, 34.22867727], [72.35383297, 34.22871284]]]]}, "properties": {"id": "Pakistan_123102310_140931", "height": 4.259738922119141, "hmax": 0.032, "ratio": 0.007, "vulnClass": "none"}}, {"type": "Feature", "geometry": {"type": "MultiPolygon", "coordinates": [[[[72.35385863, 34.22857488], [72.35381711, 34.2286599], [72.35392213, 34.22869496], [72.35396366, 34.22860994], [72.35385863, 34.22857488]]]]}, "properties": {"id": "Pakistan_123102310_827667", "height": 3.437321662902832, "hmax": 0.032, "ratio": 0.009, "vulnClass": "none"}}, {"type": "Feature", "geometry": {"type": "MultiPolygon", "coordinates": [[[[72.3542314, 34.22873191], [72.35450913, 34.22883512], [72.35459878, 34.2286702], [72.35454523, 34.22865029], [72.35450572, 34.22872297], [72.35428156, 34.22863967], [72.3542314, 34.22873191]]]]}, "properties": {"id": "Pakistan_123102310_490976", "height": 4.868512153625488, "hmax": 0.033, "ratio": 0.007, "vulnClass": "none"}}, {"type": "Feature", "geometry": {"type": "MultiPolygon", "coordinates": [[[[72.35368702, 34.22887268], [72.35373661, 34.22888441], [72.35376782, 34.22879422], [72.35371823, 34.22878249], [72.35368702, 34.22887268]]]]}, "properties": {"id": "Pakistan_123102310_281672", "height": 2.641622066497803, "hmax": 0.029, "ratio": 0.011, "vulnClass": "none"}}, {"type": "Feature", "geometry": {"type": "MultiPolygon", "coordinates": [[[[72.35528912, 34.22897596], [72.35547174, 34.22902408], [72.35550278, 34.22894356], [72.35532016, 34.22889543], [72.35528912, 34.22897596]]]]}, "properties": {"id": "Pakistan_123102310_599892", "height": 2.669008016586304, "hmax": 0.027, "ratio": 0.01, "vulnClass": "none"}}, {"type": "Feature", "geometry": {"type": "MultiPolygon", "coordinates": [[[[72.3554606, 34.22883306], [72.35554257, 34.22886165], [72.35557872, 34.2287908], [72.35549674, 34.22876221], [72.3554606, 34.22883306]]]]}, "properties": {"id": "Pakistan_123102310_424588", "height": 4.438376426696777, "hmax": 0.066, "ratio": 0.015, "vulnClass": "none"}}, {"type": "Feature", "geometry": {"type": "MultiPolygon", "coordinates": [[[[72.35538341, 34.22878836], [72.35537162, 34.22882334], [72.35543135, 34.22883711], [72.35544314, 34.22880213], [72.35538341, 34.22878836]]]]}, "properties": {"id": "Pakistan_123102310_37141", "height": 3.364453315734863, "hmax": 0.063, "ratio": 0.019, "vulnClass": "none"}}, {"type": "Feature", "geometry": {"type": "MultiPolygon", "coordinates": [[[[72.35501781, 34.22876335], [72.35525502, 34.22884145], [72.35529869, 34.22875077], [72.35518525, 34.22871341], [72.35522547, 34.22862991], [72.35510171, 34.22858917], [72.35501781, 34.22876335]]]]}, "properties": {"id": "Pakistan_123102310_363246", "height": 3.905908584594727, "hmax": 0.033, "ratio": 0.008, "vulnClass": "none"}}, {"type": "Feature", "geometry": {"type": "MultiPolygon", "coordinates": [[[[72.35527514, 34.22852557], [72.35520923, 34.22868427], [72.35530631, 34.22871182], [72.35539033, 34.22850947], [72.35545882, 34.22852891], [72.3554926, 34.22844758], [72.35527774, 34.22838659], [72.35526538, 34.22841635], [72.35521739, 34.22840273], [72.35517786, 34.22849795], [72.35527514, 34.22852557]]]]}, "properties": {"id": "Pakistan_123102310_188075", "height": 3.950815439224243, "hmax": 0.038, "ratio": 0.01, "vulnClass": "none"}}, {"type": "Feature", "geometry": {"type": "MultiPolygon", "coordinates": [[[[72.35540766, 34.22817459], [72.35558059, 34.22821249], [72.35555202, 34.22830159], [72.35561969, 34.22831642], [72.35566419, 34.22817759], [72.35551383, 34.22814463], [72.35557228, 34.22796229], [72.35548206, 34.22794252], [72.35540766, 34.22817459]]]]}, "properties": {"id": "Pakistan_123102310_353841", "height": 3.839733600616455, "hmax": 0.066, "ratio": 0.017, "vulnClass": "none"}}, {"type": "Feature", "geometry": {"type": "MultiPolygon", "coordinates": [[[[72.35524033, 34.22792469], [72.35537845, 34.2276109], [72.35529555, 34.22758595], [72.3552378, 34.22771716], [72.35518578, 34.22770151], [72.35513925, 34.22770219], [72.35520951, 34.22772333], [72.35509487, 34.22772502], [72.35506637, 34.22778976], [72.35523058, 34.22783918], [72.35516489, 34.22784014], [72.35514874, 34.22787683], [72.3551498, 34.22792602], [72.35524033, 34.22792469]]]]}, "properties": {"id": "Pakistan_123102310_243910", "height": 5.670025825500488, "hmax": 0.052, "ratio": 0.009, "vulnClass": "none"}}, {"type": "Feature", "geometry": {"type": "MultiPolygon", "coordinates": [[[[72.35440743, 34.22846747], [72.35450036, 34.2284947], [72.35455103, 34.22837649], [72.35473559, 34.22843057], [72.35474994, 34.22839708], [72.35447246, 34.22831577], [72.35440743, 34.22846747]]]]}, "properties": {"id": "Pakistan_123102310_505135", "height": 2.52013087272644, "hmax": 0.033, "ratio": 0.013, "vulnClass": "none"}}, {"type": "Feature", "geometry": {"type": "MultiPolygon", "coordinates": [[[[72.35281181, 34.2283473], [72.35280348, 34.2283447], [72.35284197, 34.22826039], [72.35277154, 34.2282384], [72.35275077, 34.2282839], [72.35254547, 34.22821983], [72.3524856, 34.22835096], [72.35276966, 34.22843962], [72.35281181, 34.2283473]]]]}, "properties": {"id": "Pakistan_123102310_353822", "height": 2.749975681304932, "hmax": 0.011, "ratio": 0.004, "vulnClass": "none"}}, {"type": "Feature", "geometry": {"type": "MultiPolygon", "coordinates": [[[[72.35247425, 34.22799946], [72.3526298, 34.22804417], [72.35268304, 34.22791754], [72.35265193, 34.2279086], [72.35263862, 34.22794026], [72.35256922, 34.22792031], [72.35259085, 34.22786887], [72.35253581, 34.22785305], [72.35247425, 34.22799946]]]]}, "properties": {"id": "Pakistan_123102310_552429", "height": 3.116847038269043, "hmax": 0.034, "ratio": 0.011, "vulnClass": "none"}}, {"type": "Feature", "geometry": {"type": "MultiPolygon", "coordinates": [[[[72.35208796, 34.22785325], [72.35180265, 34.22777197], [72.35184891, 34.22766096], [72.35173724, 34.22762915], [72.35165382, 34.22782937], [72.35205078, 34.22794246], [72.35208796, 34.22785325]]]]}, "properties": {"id": "Pakistan_123102310_599866", "height": 4.346106052398682, "hmax": 0.056, "ratio": 0.013, "vulnClass": "none"}}, {"type": "Feature", "geometry": {"type": "MultiPolygon", "coordinates": [[[[72.35251683, 34.22758955], [72.35245297, 34.22769655], [72.35256729, 34.22774319], [72.35263115, 34.22763619], [72.35251683, 34.22758955]]]]}, "properties": {"id": "Pakistan_123102310_111494", "height": 4.116947174072266, "hmax": 0.089, "ratio": 0.022, "vulnClass": "none"}}, {"type": "Feature", "geometry": {"type": "MultiPolygon", "coordinates": [[[[72.35283524, 34.2277188], [72.35280417, 34.22778294], [72.35306538, 34.22786943], [72.35309645, 34.22780528], [72.35283524, 34.2277188]]]]}, "properties": {"id": "Pakistan_123102310_243864", "height": 2.707545042037964, "hmax": 0.089, "ratio": 0.033, "vulnClass": "none"}}, {"type": "Feature", "geometry": {"type": "MultiPolygon", "coordinates": [[[[72.35270245, 34.22772162], [72.35271725, 34.22769103], [72.35263632, 34.22766426], [72.35258453, 34.22777133], [72.35273252, 34.22782026], [72.35276951, 34.22774379], [72.35270245, 34.22772162]]]]}, "properties": {"id": "Pakistan_123102310_633055", "height": 4.473484992980957, "hmax": 0.089, "ratio": 0.02, "vulnClass": "none"}}, {"type": "Feature", "geometry": {"type": "MultiPolygon", "coordinates": [[[[72.35298636, 34.22799311], [72.35290115, 34.22796452], [72.35286189, 34.22804449], [72.3529471, 34.22807308], [72.35298636, 34.22799311]]]]}, "properties": {"id": "Pakistan_123102310_273115", "height": 3.300108671188354, "hmax": 0.011, "ratio": 0.003, "vulnClass": "none"}}, {"type": "Feature", "geometry": {"type": "MultiPolygon", "coordinates": [[[[72.35292674, 34.22819108], [72.35308406, 34.2282357], [72.35317132, 34.22802537], [72.35301398, 34.22798075], [72.35292674, 34.22819108]]]]}, "properties": {"id": "Pakistan_123102310_557135", "height": 2.714092493057251, "hmax": 0.011, "ratio": 0.004, "vulnClass": "none"}}, {"type": "Feature", "geometry": {"type": "MultiPolygon", "coordinates": [[[[72.35293529, 34.22796578], [72.35300492, 34.2279773], [72.3530137, 34.22794105], [72.35294406, 34.22792953], [72.35293529, 34.22796578]]]]}, "properties": {"id": "Pakistan_123102310_282571", "height": 3.444838523864746, "hmax": 0.033, "ratio": 0.01, "vulnClass": "none"}}, {"type": "Feature", "geometry": {"type": "MultiPolygon", "coordinates": [[[[72.35305272, 34.22788129], [72.35294862, 34.22785451], [72.3529258, 34.22791517], [72.35302989, 34.22794195], [72.35305272, 34.22788129]]]]}, "properties": {"id": "Pakistan_123102310_434042", "height": 3.212778568267822, "hmax": 0.089, "ratio": 0.028, "vulnClass": "none"}}, {"type": "Feature", "geometry": {"type": "MultiPolygon", "coordinates": [[[[72.35288306, 34.22781717], [72.35285392, 34.22788641], [72.3529233, 34.22790637], [72.35295244, 34.22783714], [72.35288306, 34.22781717]]]]}, "properties": {"id": "Pakistan_123102310_281650", "height": 2.713526487350464, "hmax": 0.089, "ratio": 0.033, "vulnClass": "none"}}, {"type": "Feature", "geometry": {"type": "MultiPolygon", "coordinates": [[[[72.35309968, 34.22787994], [72.35319848, 34.22790547], [72.35321834, 34.22785294], [72.35311954, 34.22782741], [72.35309968, 34.22787994]]]]}, "properties": {"id": "Pakistan_123102310_244761", "height": 2.441371917724609, "hmax": 0.089, "ratio": 0.036, "vulnClass": "none"}}, {"type": "Feature", "geometry": {"type": "MultiPolygon", "coordinates": [[[[72.3532039, 34.22791716], [72.35325476, 34.22792701], [72.35327238, 34.22786484], [72.35322153, 34.22785499], [72.3532039, 34.22791716]]]]}, "properties": {"id": "Pakistan_123102310_281656", "height": 2.773577928543091, "hmax": 0.075, "ratio": 0.027, "vulnClass": "none"}}, {"type": "Feature", "geometry": {"type": "MultiPolygon", "coordinates": [[[[72.35325376, 34.22793092], [72.35323108, 34.22798671], [72.35327341, 34.22799847], [72.35329609, 34.22794268], [72.35325376, 34.22793092]]]]}, "properties": {"id": "Pakistan_123102310_832456", "height": 2.815391540527344, "hmax": 0.039, "ratio": 0.014, "vulnClass": "none"}}, {"type": "Feature", "geometry": {"type": "MultiPolygon", "coordinates": [[[[72.35322489, 34.22768184], [72.35318105, 34.22766723], [72.35311225, 34.22780842], [72.35329354, 34.22786882], [72.35333353, 34.22778679], [72.35326661, 34.22776449], [72.35324801, 34.22780265], [72.35317747, 34.22777914], [72.35322489, 34.22768184]]]]}, "properties": {"id": "Pakistan_123102310_870266", "height": 3.982941627502441, "hmax": 0.079, "ratio": 0.02, "vulnClass": "none"}}, {"type": "Feature", "geometry": {"type": "MultiPolygon", "coordinates": [[[[72.35310819, 34.22754456], [72.35305501, 34.22769831], [72.35316906, 34.22772528], [72.35322224, 34.22757153], [72.35310819, 34.22754456]]]]}, "properties": {"id": "Pakistan_123102310_747392", "height": 4.382571220397949, "hmax": 0.089, "ratio": 0.02, "vulnClass": "none"}}, {"type": "Feature", "geometry": {"type": "MultiPolygon", "coordinates": [[[[72.35329437, 34.22748529], [72.35347292, 34.22754086], [72.35350968, 34.22746009], [72.35341472, 34.22743055], [72.35340095, 34.2274608], [72.35331735, 34.22743479], [72.35329437, 34.22748529]]]]}, "properties": {"id": "Pakistan_123102310_112487", "height": 3.409502744674683, "hmax": 0.06, "ratio": 0.018, "vulnClass": "none"}}, {"type": "Feature", "geometry": {"type": "MultiPolygon", "coordinates": [[[[72.3530749, 34.22734943], [72.35320533, 34.22738847], [72.35322508, 34.22734338], [72.3533389, 34.22737745], [72.35338011, 34.22728334], [72.35321788, 34.22723477], [72.35317875, 34.22732412], [72.35306591, 34.22729034], [72.35299771, 34.22744608], [72.35302854, 34.22745531], [72.3530749, 34.22734943]]]]}, "properties": {"id": "Pakistan_123102310_922251", "height": 3.988988876342773, "hmax": 0.078, "ratio": 0.02, "vulnClass": "none"}}, {"type": "Feature", "geometry": {"type": "MultiPolygon", "coordinates": [[[[72.35296276, 34.22745849], [72.35293836, 34.22752667], [72.35310712, 34.22756794], [72.35313151, 34.22749977], [72.35296276, 34.22745849]]]]}, "properties": {"id": "Pakistan_123102310_490960", "height": 3.358664989471436, "hmax": 0.089, "ratio": 0.026, "vulnClass": "none"}}, {"type": "Feature", "geometry": {"type": "MultiPolygon", "coordinates": [[[[72.35191011, 34.22744497], [72.35182694, 34.22742163], [72.35177589, 34.22754599], [72.35177589, 34.22754599], [72.35174939, 34.22761055], [72.3518961, 34.22765172], [72.35195896, 34.2274986], [72.35189541, 34.22748077], [72.35191011, 34.22744497]]]]}, "properties": {"id": "Pakistan_123102310_675995", "height": 3.347634553909302, "hmax": 0.057, "ratio": 0.017, "vulnClass": "none"}}, {"type": "Feature", "geometry": {"type": "MultiPolygon", "coordinates": [[[[72.35193048, 34.22711669], [72.35185589, 34.22709938], [72.35183844, 34.22715077], [72.35191303, 34.22716808], [72.35193048, 34.22711669]]]]}, "properties": {"id": "Pakistan_123102310_292062", "height": 4.002997875213623, "hmax": 0.057, "ratio": 0.014, "vulnClass": "none"}}, {"type": "Feature", "geometry": {"type": "MultiPolygon", "coordinates": [[[[72.35190748, 34.22725041], [72.35235437, 34.22736629], [72.35239343, 34.22726332], [72.35233238, 34.22724749], [72.3523431, 34.22721922], [72.35225519, 34.22719642], [72.35226702, 34.22716522], [72.35214493, 34.22713356], [72.35211471, 34.22721322], [72.35193888, 34.22716763], [72.35190748, 34.22725041]]]]}, "properties": {"id": "Pakistan_123102310_101858", "height": 3.95948314666748, "hmax": 0.074, "ratio": 0.019, "vulnClass": "none"}}, {"type": "Feature", "geometry": {"type": "MultiPolygon", "coordinates": [[[[72.35233889, 34.22724491], [72.35238313, 34.22725596], [72.35239948, 34.22721126], [72.35235524, 34.2272002], [72.35233889, 34.22724491]]]]}, "properties": {"id": "Pakistan_123102310_391554", "height": 3.420320987701416, "hmax": 0.089, "ratio": 0.026, "vulnClass": "none"}}, {"type": "Feature", "geometry": {"type": "MultiPolygon", "coordinates": [[[[72.35185709, 34.22709142], [72.35191252, 34.22710982], [72.35193479, 34.22706399], [72.35187011, 34.22704251], [72.35188959, 34.22700241], [72.35183416, 34.226984], [72.35176552, 34.22712532], [72.35183019, 34.2271468], [72.35185709, 34.22709142]]]]}, "properties": {"id": "Pakistan_123102310_282543", "height": 4.002997875213623, "hmax": 0.068, "ratio": 0.017, "vulnClass": "none"}}, {"type": "Feature", "geometry": {"type": "MultiPolygon", "coordinates": [[[[72.35187982, 34.22685133], [72.35185927, 34.22690592], [72.35200354, 34.22694305], [72.35202409, 34.22688846], [72.35187982, 34.22685133]]]]}, "properties": {"id": "Pakistan_123102310_595151", "height": 3.883944511413574, "hmax": 0.143, "ratio": 0.037, "vulnClass": "none"}}, {"type": "Feature", "geometry": {"type": "MultiPolygon", "coordinates": [[[[72.35187858, 34.22691093], [72.35184755, 34.22696668], [72.35197905, 34.22701671], [72.35201007, 34.22696096], [72.35187858, 34.22691093]]]]}, "properties": {"id": "Pakistan_123102310_177834", "height": 4.366004943847656, "hmax": 0.143, "ratio": 0.033, "vulnClass": "none"}}, {"type": "Feature", "geometry": {"type": "MultiPolygon", "coordinates": [[[[72.35207219, 34.22691023], [72.35204236, 34.22696978], [72.35210096, 34.22698985], [72.35213079, 34.22693031], [72.35207219, 34.22691023]]]]}, "properties": {"id": "Pakistan_123102310_728304", "height": 2.459755420684814, "hmax": 0.143, "ratio": 0.058, "vulnClass": "low"}}, {"type": "Feature", "geometry": {"type": "MultiPolygon", "coordinates": [[[[72.35189211, 34.22685582], [72.35202647, 34.22687749], [72.35204562, 34.2267963], [72.35191126, 34.22677463], [72.35189211, 34.22685582]]]]}, "properties": {"id": "Pakistan_123102310_196630", "height": 3.609174489974976, "hmax": 0.143, "ratio": 0.04, "vulnClass": "none"}}, {"type": "Feature", "geometry": {"type": "MultiPolygon", "coordinates": [[[[72.35167203, 34.22685864], [72.35175191, 34.22688036], [72.35180247, 34.22675321], [72.3516829, 34.2267207], [72.35162119, 34.22687586], [72.35166089, 34.22688666], [72.35167203, 34.22685864]]]]}, "properties": {"id": "Pakistan_123102310_443396", "height": 4.45036792755127, "hmax": 0.143, "ratio": 0.032, "vulnClass": "none"}}, {"type": "Feature", "geometry": {"type": "MultiPolygon", "coordinates": [[[[72.3517046, 34.22658692], [72.35165795, 34.22658724], [72.35165844, 34.22663603], [72.3517051, 34.22663571], [72.3517046, 34.22658692]]]]}, "properties": {"id": "Pakistan_123102310_524211", "height": 2.450222492218018, "hmax": 0.143, "ratio": 0.058, "vulnClass": "low"}}, {"type": "Feature", "geometry": {"type": "MultiPolygon", "coordinates": [[[[72.35275404, 34.22662445], [72.3526247, 34.22659451], [72.3525485, 34.22681959], [72.35267785, 34.22684952], [72.35275404, 34.22662445]]]]}, "properties": {"id": "Pakistan_123102310_472062", "height": 3.702243804931641, "hmax": 0.173, "ratio": 0.047, "vulnClass": "none"}}, {"type": "Feature", "geometry": {"type": "MultiPolygon", "coordinates": [[[[72.35301821, 34.22658385], [72.35299448, 34.22664398], [72.35312054, 34.22667799], [72.35314427, 34.22661786], [72.35301821, 34.22658385]]]]}, "properties": {"id": "Pakistan_123102310_889157", "height": 3.633891105651855, "hmax": 0.173, "ratio": 0.048, "vulnClass": "none"}}, {"type": "Feature", "geometry": {"type": "MultiPolygon", "coordinates": [[[[72.35296936, 34.22673812], [72.35294134, 34.22680304], [72.35307458, 34.22684235], [72.3531026, 34.22677743], [72.35296936, 34.22673812]]]]}, "properties": {"id": "Pakistan_123102310_215426", "height": 3.234039306640625, "hmax": 0.173, "ratio": 0.053, "vulnClass": "low"}}, {"type": "Feature", "geometry": {"type": "MultiPolygon", "coordinates": [[[[72.35279976, 34.22673958], [72.35274755, 34.22685817], [72.35286123, 34.22689238], [72.35291344, 34.22677379], [72.35279976, 34.22673958]]]]}, "properties": {"id": "Pakistan_123102310_101880", "height": 3.882876634597778, "hmax": 0.173, "ratio": 0.045, "vulnClass": "none"}}, {"type": "Feature", "geometry": {"type": "MultiPolygon", "coordinates": [[[[72.35280824, 34.22709473], [72.35288489, 34.227122], [72.35297347, 34.22713116], [72.35298077, 34.22708292], [72.35294641, 34.2270707], [72.35291232, 34.22706717], [72.35291662, 34.22703879], [72.35297277, 34.22704459], [72.35299035, 34.22705085], [72.35315471, 34.22706784], [72.35315906, 34.22703909], [72.35317039, 34.22701732], [72.35312713, 34.22700193], [72.35313242, 34.22696701], [72.35304527, 34.22695799], [72.35304824, 34.22693834], [72.35316243, 34.22695015], [72.35317072, 34.22693422], [72.35311338, 34.22692829], [72.35307822, 34.22691578], [72.35301476, 34.22690922], [72.35299842, 34.22694062], [72.35292004, 34.22691273], [72.35290128, 34.22691079], [72.35286855, 34.2269737], [72.35286745, 34.22698096], [72.35280824, 34.22709473]]]]}, "properties": {"id": "Pakistan_123102310_315914", "height": 2.596395015716553, "hmax": 0.15, "ratio": 0.058, "vulnClass": "low"}}, {"type": "Feature", "geometry": {"type": "MultiPolygon", "coordinates": [[[[72.35293737, 34.22680751], [72.35291195, 34.22686909], [72.35304506, 34.22690663], [72.35307047, 34.22684505], [72.35293737, 34.22680751]]]]}, "properties": {"id": "Pakistan_123102310_936490", "height": 3.234039306640625, "hmax": 0.173, "ratio": 0.053, "vulnClass": "low"}}, {"type": "Feature", "geometry": {"type": "MultiPolygon", "coordinates": [[[[72.35327683, 34.22673676], [72.35322809, 34.22689029], [72.35325169, 34.22689541], [72.35321707, 34.22700449], [72.35318194, 34.22699687], [72.35315795, 34.22707245], [72.35312431, 34.22706515], [72.35309994, 34.22714192], [72.35326157, 34.22717698], [72.35328528, 34.22710229], [72.35333045, 34.22711209], [72.35341802, 34.22683614], [72.35340296, 34.22683287], [72.35342337, 34.22676855], [72.35327683, 34.22673676]]]]}, "properties": {"id": "Pakistan_123102310_149496", "height": 4.313898086547852, "hmax": 0.087, "ratio": 0.02, "vulnClass": "none"}}, {"type": "Feature", "geometry": {"type": "MultiPolygon", "coordinates": [[[[72.35408135, 34.22657145], [72.35407477, 34.2266038], [72.35414884, 34.22661409], [72.35415541, 34.22658174], [72.35408135, 34.22657145]]]]}, "properties": {"id": "Pakistan_123102310_656826", "height": 3.618925333023071, "hmax": 0.062, "ratio": 0.017, "vulnClass": "none"}}, {"type": "Feature", "geometry": {"type": "MultiPolygon", "coordinates": [[[[72.35417777, 34.22679768], [72.35407727, 34.2267878], [72.354065, 34.22687308], [72.35424485, 34.22689076], [72.3542524, 34.22683828], [72.35417305, 34.22683048], [72.35417777, 34.22679768]]]]}, "properties": {"id": "Pakistan_123102310_130574", "height": 3.42859411239624, "hmax": 0.062, "ratio": 0.018, "vulnClass": "none"}}, {"type": "Feature", "geometry": {"type": "MultiPolygon", "coordinates": [[[[72.35389848, 34.22725342], [72.35407288, 34.22729713], [72.35411117, 34.22719272], [72.35393676, 34.227149], [72.35389848, 34.22725342]]]]}, "properties": {"id": "Pakistan_123102310_410424", "height": 2.814421415328979, "hmax": 0.06, "ratio": 0.021, "vulnClass": "none"}}, {"type": "Feature", "geometry": {"type": "MultiPolygon", "coordinates": [[[[72.35422001, 34.22745033], [72.35453587, 34.22753452], [72.35460636, 34.22735371], [72.3545602, 34.22734141], [72.3545414, 34.22738962], [72.3544515, 34.22736566], [72.35442879, 34.22742392], [72.35429272, 34.22738765], [72.35429037, 34.22739368], [72.35424664, 34.22738202], [72.35422001, 34.22745033]]]]}, "properties": {"id": "Pakistan_123102310_82710", "height": 3.024183034896851, "hmax": 0.054, "ratio": 0.018, "vulnClass": "none"}}, {"type": "Feature", "geometry": {"type": "MultiPolygon", "coordinates": [[[[72.3544779, 34.22720695], [72.35467102, 34.22724724], [72.35469967, 34.22715343], [72.3545509, 34.22712238], [72.35455599, 34.2271057], [72.35442487, 34.22707834], [72.3544143, 34.22711296], [72.35450107, 34.22713107], [72.3544779, 34.22720695]]]]}, "properties": {"id": "Pakistan_123102310_131257", "height": 3.454082012176514, "hmax": 0.052, "ratio": 0.015, "vulnClass": "none"}}, {"type": "Feature", "geometry": {"type": "MultiPolygon", "coordinates": [[[[72.35478663, 34.22702922], [72.35454988, 34.22695968], [72.35449658, 34.22708374], [72.35453089, 34.22709382], [72.35454443, 34.22706231], [72.35474687, 34.22712177], [72.35478663, 34.22702922]]]]}, "properties": {"id": "Pakistan_123102310_651961", "height": 4.16439962387085, "hmax": 0.028, "ratio": 0.007, "vulnClass": "none"}}, {"type": "Feature", "geometry": {"type": "MultiPolygon", "coordinates": [[[[72.3546821, 34.22676964], [72.35460678, 34.22695746], [72.35479285, 34.22700847], [72.35483532, 34.22690258], [72.35475557, 34.22688071], [72.35478843, 34.2267988], [72.3546821, 34.22676964]]]]}, "properties": {"id": "Pakistan_123102310_709268", "height": 2.670051574707031, "hmax": 0.024, "ratio": 0.009, "vulnClass": "none"}}, {"type": "Feature", "geometry": {"type": "MultiPolygon", "coordinates": [[[[72.35649829, 34.22740868], [72.35645966, 34.22763255], [72.35643976, 34.2276302], [72.35641015, 34.2278019], [72.35647473, 34.22780952], [72.35648711, 34.22773779], [72.35664746, 34.22775671], [72.35666372, 34.22766243], [72.35669639, 34.22766628], [72.35669175, 34.22769318], [72.35687201, 34.22771444], [72.35688026, 34.22766662], [72.35670676, 34.22764616], [72.35671276, 34.22761139], [72.3568994, 34.2276334], [72.3569084, 34.22758124], [72.35684531, 34.2275738], [72.35686631, 34.22745208], [72.35649829, 34.22740868]]]]}, "properties": {"id": "Pakistan_123102310_55959", "height": 3.335607290267944, "hmax": 0.067, "ratio": 0.02, "vulnClass": "none"}}, {"type": "Feature", "geometry": {"type": "MultiPolygon", "coordinates": [[[[72.35625668, 34.22808572], [72.35661669, 34.2283064], [72.3567463, 34.22816187], [72.35672206, 34.22814701], [72.3567503, 34.22811553], [72.35659279, 34.22801898], [72.35650296, 34.22811915], [72.35632469, 34.22800987], [72.35625668, 34.22808572]]]]}, "properties": {"id": "Pakistan_123102310_55957", "height": 3.783180713653564, "hmax": 0.09, "ratio": 0.024, "vulnClass": "none"}}, {"type": "Feature", "geometry": {"type": "MultiPolygon", "coordinates": [[[[72.35571899, 34.22815964], [72.35575901, 34.22817572], [72.3557822, 34.22813624], [72.35574218, 34.22812017], [72.35571899, 34.22815964]]]]}, "properties": {"id": "Pakistan_123102310_860720", "height": 2.516933679580688, "hmax": 0.066, "ratio": 0.026, "vulnClass": "none"}}, {"type": "Feature", "geometry": {"type": "MultiPolygon", "coordinates": [[[[72.35625373, 34.22846172], [72.35625879, 34.22846666], [72.3563049, 34.22848149], [72.35629164, 34.22850968], [72.35631637, 34.22851763], [72.356418, 34.22861683], [72.35646123, 34.22863073], [72.35651106, 34.22852478], [72.35646765, 34.22851083], [72.35643673, 34.22848064], [72.35646528, 34.22841996], [72.35656418, 34.22845176], [72.35659326, 34.22838994], [72.35654827, 34.22834603], [72.35661356, 34.22836702], [72.3566344, 34.22832271], [72.35657567, 34.22830383], [72.3565423, 34.2283272], [72.35652986, 34.22835366], [72.35647641, 34.22839108], [72.35643666, 34.22835228], [72.35639887, 34.22834013], [72.35644967, 34.22838973], [72.35639148, 34.22837102], [72.35636438, 34.22834456], [72.35631612, 34.22832905], [72.35625373, 34.22846172]]]]}, "properties": {"id": "Pakistan_123102310_54402", "height": 3.319712400436401, "hmax": 0.074, "ratio": 0.022, "vulnClass": "none"}}, {"type": "Feature", "geometry": {"type": "MultiPolygon", "coordinates": [[[[72.35655025, 34.22860516], [72.35718061, 34.22867301], [72.3572352, 34.22832628], [72.35717982, 34.22832031], [72.35719763, 34.22820717], [72.35711108, 34.228274], [72.35708236, 34.22826104], [72.35696992, 34.22824893], [72.35695686, 34.2283318], [72.35671823, 34.22830611], [72.35665801, 34.22839732], [72.35667498, 34.22841234], [72.35672638, 34.22841787], [72.35678107, 34.22833505], [72.3570944, 34.22836878], [72.35708753, 34.22841239], [72.35714802, 34.2284189], [72.35713417, 34.22843988], [72.35711258, 34.22857698], [72.35677913, 34.22854109], [72.35672349, 34.22851598], [72.35670687, 34.22851419], [72.356674, 34.22848509], [72.3567064, 34.22846008], [72.35668315, 34.22845758], [72.35664556, 34.2284243], [72.35662119, 34.22846121], [72.35661914, 34.22847424], [72.35656418, 34.22851668], [72.35655025, 34.22860516]]]]}, "properties": {"id": "Pakistan_123102310_623561", "height": 4.961051940917969, "hmax": 0.102, "ratio": 0.021, "vulnClass": "none"}}, {"type": "Feature", "geometry": {"type": "MultiPolygon", "coordinates": [[[[72.35808735, 34.22807205], [72.35798021, 34.22806871], [72.35797648, 34.22815065], [72.35808362, 34.22815399], [72.35808735, 34.22807205]]]]}, "properties": {"id": "Pakistan_123102310_865553", "height": 3.009132862091064, "hmax": 0.037, "ratio": 0.012, "vulnClass": "none"}}, {"type": "Feature", "geometry": {"type": "MultiPolygon", "coordinates": [[[[72.35763513, 34.22676587], [72.35778494, 34.22685838], [72.3578639, 34.22677095], [72.35776574, 34.22671035], [72.35774388, 34.22673455], [72.35769222, 34.22670266], [72.35763513, 34.22676587]]]]}, "properties": {"id": "Pakistan_123102310_671237", "height": 4.271420955657959, "hmax": 0.031, "ratio": 0.007, "vulnClass": "none"}}, {"type": "Feature", "geometry": {"type": "MultiPolygon", "coordinates": [[[[72.35792032, 34.22672488], [72.3577162, 34.2266331], [72.35768806, 34.22667589], [72.35803998, 34.22683413], [72.35807984, 34.22677351], [72.35793203, 34.22670707], [72.35792032, 34.22672488]]]]}, "properties": {"id": "Pakistan_123102310_585866", "height": 4.266805171966553, "hmax": 0.031, "ratio": 0.007, "vulnClass": "none"}}, {"type": "Feature", "geometry": {"type": "MultiPolygon", "coordinates": [[[[72.35955674, 34.22662998], [72.35954954, 34.22670369], [72.35964708, 34.2267102], [72.35964063, 34.2267763], [72.35970831, 34.22678082], [72.35972196, 34.22664101], [72.35955674, 34.22662998]]]]}, "properties": {"id": "Pakistan_123102310_168566", "height": 2.655574321746826, "hmax": 0.044, "ratio": 0.017, "vulnClass": "none"}}, {"type": "Feature", "geometry": {"type": "MultiPolygon", "coordinates": [[[[72.35980097, 34.22681237], [72.36009069, 34.22686875], [72.36010265, 34.22682673], [72.36008741, 34.22682376], [72.36009964, 34.22678076], [72.35982516, 34.22672736], [72.35980097, 34.22681237]]]]}, "properties": {"id": "Pakistan_123102310_505196", "height": 5.550461769104004, "hmax": 0.051, "ratio": 0.009, "vulnClass": "none"}}, {"type": "Feature", "geometry": {"type": "MultiPolygon", "coordinates": [[[[72.35954595, 34.22685577], [72.35952506, 34.22691747], [72.35974994, 34.22696949], [72.35977082, 34.22690779], [72.35954595, 34.22685577]]]]}, "properties": {"id": "Pakistan_123102310_320805", "height": 4.374229907989502, "hmax": 0.044, "ratio": 0.01, "vulnClass": "none"}}, {"type": "Feature", "geometry": {"type": "MultiPolygon", "coordinates": [[[[72.36007188, 34.22699858], [72.35977422, 34.22693667], [72.35975074, 34.22701385], [72.36004841, 34.22707575], [72.36007188, 34.22699858]]]]}, "properties": {"id": "Pakistan_123102310_614169", "height": 5.960104942321777, "hmax": 0.05, "ratio": 0.008, "vulnClass": "none"}}, {"type": "Feature", "geometry": {"type": "MultiPolygon", "coordinates": [[[[72.36030207, 34.22672366], [72.36028692, 34.22679356], [72.36015802, 34.22677447], [72.36014756, 34.22682274], [72.36041939, 34.22686302], [72.36044174, 34.22675989], [72.36035079, 34.22674641], [72.36035405, 34.22673137], [72.36030207, 34.22672366]]]]}, "properties": {"id": "Pakistan_123102310_690283", "height": 2.621712207794189, "hmax": 0.051, "ratio": 0.019, "vulnClass": "none"}}, {"type": "Feature", "geometry": {"type": "MultiPolygon", "coordinates": [[[[72.35997551, 34.22669496], [72.36006474, 34.22671968], [72.36008208, 34.22667688], [72.35999284, 34.22665217], [72.35997551, 34.22669496]]]]}, "properties": {"id": "Pakistan_123102310_742768", "height": 4.639728546142578, "hmax": 0.051, "ratio": 0.011, "vulnClass": "none"}}, {"type": "Feature", "geometry": {"type": "MultiPolygon", "coordinates": [[[[72.36014325, 34.22759693], [72.36014707, 34.22750612], [72.35999437, 34.22750173], [72.35999055, 34.22759254], [72.36014325, 34.22759693]]]]}, "properties": {"id": "Pakistan_123102310_272208", "height": 2.615428924560547, "hmax": 0.063, "ratio": 0.024, "vulnClass": "none"}}, {"type": "Feature", "geometry": {"type": "MultiPolygon", "coordinates": [[[[72.36004009, 34.22734962], [72.36005438, 34.22735219], [72.36003568, 34.2274232], [72.36014688, 34.22744321], [72.36018645, 34.22729288], [72.36006097, 34.2272703], [72.36004009, 34.22734962]]]]}, "properties": {"id": "Pakistan_123102310_533595", "height": 4.185959339141846, "hmax": 0.063, "ratio": 0.015, "vulnClass": "none"}}, {"type": "Feature", "geometry": {"type": "MultiPolygon", "coordinates": [[[[72.35980636, 34.22746642], [72.35975789, 34.22744773], [72.35973473, 34.2274888], [72.3597832, 34.22750748], [72.35980636, 34.22746642]]]]}, "properties": {"id": "Pakistan_123102310_804067", "height": 2.832551002502441, "hmax": 0.058, "ratio": 0.02, "vulnClass": "none"}}, {"type": "Feature", "geometry": {"type": "MultiPolygon", "coordinates": [[[[72.35965876, 34.22761008], [72.35960561, 34.22774563], [72.35969542, 34.2277697], [72.35974857, 34.22763415], [72.35965876, 34.22761008]]]]}, "properties": {"id": "Pakistan_123102310_358601", "height": 2.973339557647705, "hmax": 0.05, "ratio": 0.017, "vulnClass": "none"}}, {"type": "Feature", "geometry": {"type": "MultiPolygon", "coordinates": [[[[72.35984412, 34.22770927], [72.35983803, 34.22776099], [72.35990446, 34.22776633], [72.35991054, 34.22771462], [72.35984412, 34.22770927]]]]}, "properties": {"id": "Pakistan_123102310_704516", "height": 3.27135705947876, "hmax": 0.063, "ratio": 0.019, "vulnClass": "none"}}, {"type": "Feature", "geometry": {"type": "MultiPolygon", "coordinates": [[[[72.35968119, 34.22761292], [72.35977828, 34.22762859], [72.35979465, 34.22755925], [72.35969756, 34.22754359], [72.35968119, 34.22761292]]]]}, "properties": {"id": "Pakistan_123102310_453073", "height": 3.029020309448242, "hmax": 0.053, "ratio": 0.018, "vulnClass": "none"}}, {"type": "Feature", "geometry": {"type": "MultiPolygon", "coordinates": [[[[72.35988099, 34.22802679], [72.35985778, 34.22811113], [72.36006293, 34.22814973], [72.36008613, 34.22806538], [72.35988099, 34.22802679]]]]}, "properties": {"id": "Pakistan_123102310_130712", "height": 2.774858474731445, "hmax": 0.051, "ratio": 0.018, "vulnClass": "none"}}, {"type": "Feature", "geometry": {"type": "MultiPolygon", "coordinates": [[[[72.35961538, 34.22790119], [72.35961167, 34.22792417], [72.35986615, 34.22795222], [72.35987864, 34.22787478], [72.35981654, 34.22786793], [72.35980775, 34.22792241], [72.35961538, 34.22790119]]]]}, "properties": {"id": "Pakistan_123102310_623591", "height": 2.862066507339478, "hmax": 0.058, "ratio": 0.02, "vulnClass": "none"}}, {"type": "Feature", "geometry": {"type": "MultiPolygon", "coordinates": [[[[72.3600283, 34.2282843], [72.3598237, 34.22826787], [72.35981415, 34.22834916], [72.36001875, 34.22836559], [72.3600283, 34.2282843]]]]}, "properties": {"id": "Pakistan_123102310_368033", "height": 2.98427939414978, "hmax": 0.034, "ratio": 0.011, "vulnClass": "none"}}, {"type": "Feature", "geometry": {"type": "MultiPolygon", "coordinates": [[[[72.36192978, 34.2272113], [72.36182493, 34.22720153], [72.36181613, 34.22726611], [72.36192097, 34.22727587], [72.36192978, 34.2272113]]]]}, "properties": {"id": "Pakistan_123102310_628480", "height": 5.781177520751953, "hmax": 0.032, "ratio": 0.006, "vulnClass": "none"}}, {"type": "Feature", "geometry": {"type": "MultiPolygon", "coordinates": [[[[72.36210412, 34.23041734], [72.36210076, 34.23032872], [72.36187437, 34.23033459], [72.36187101, 34.23024597], [72.36181742, 34.23024736], [72.36182061, 34.23033155], [72.36137711, 34.23034305], [72.36138063, 34.23043609], [72.36210412, 34.23041734]]]]}, "properties": {"id": "Pakistan_123102310_808937", "height": 3.312860250473022, "hmax": 0.031, "ratio": 0.009, "vulnClass": "none"}}, {"type": "Feature", "geometry": {"type": "MultiPolygon", "coordinates": [[[[72.36163619, 34.22949747], [72.36195226, 34.22950709], [72.3619591, 34.22935314], [72.36189482, 34.22935119], [72.36189157, 34.22942427], [72.36181389, 34.22942191], [72.36181428, 34.22941305], [72.36169375, 34.22940939], [72.3616997, 34.22927542], [72.36164613, 34.22927379], [72.36163619, 34.22949747]]]]}, "properties": {"id": "Pakistan_123102310_889241", "height": 4.621819496154785, "hmax": 0.034, "ratio": 0.007, "vulnClass": "none"}}, {"type": "Feature", "geometry": {"type": "MultiPolygon", "coordinates": [[[[72.36109648, 34.23017493], [72.3610941, 34.23008962], [72.36058743, 34.23009933], [72.36058981, 34.23018461], [72.36109648, 34.23017493]]]]}, "properties": {"id": "Pakistan_123102310_737950", "height": 3.334155559539795, "hmax": 0.023, "ratio": 0.007, "vulnClass": "none"}}, {"type": "Feature", "geometry": {"type": "MultiPolygon", "coordinates": [[[[72.36119794, 34.23041644], [72.3611958, 34.23037438], [72.36108602, 34.23037819], [72.36107701, 34.23020109], [72.3610315, 34.23020267], [72.36103825, 34.2303355], [72.36059647, 34.23035083], [72.36060086, 34.23043717], [72.36119794, 34.23041644]]]]}, "properties": {"id": "Pakistan_123102310_747472", "height": 3.64408540725708, "hmax": 0.023, "ratio": 0.006, "vulnClass": "none"}}, {"type": "Feature", "geometry": {"type": "MultiPolygon", "coordinates": [[[[72.35981636, 34.23010435], [72.35974289, 34.23009211], [72.35973614, 34.23011981], [72.35980961, 34.23013205], [72.35981636, 34.23010435]]]]}, "properties": {"id": "Pakistan_123102310_287356", "height": 3.979670763015747, "hmax": 0.018, "ratio": 0.005, "vulnClass": "none"}}, {"type": "Feature", "geometry": {"type": "MultiPolygon", "coordinates": [[[[72.35970683, 34.23035387], [72.35968524, 34.23046407], [72.35981854, 34.23048192], [72.35989007, 34.23011673], [72.35985478, 34.230112], [72.35981878, 34.23029568], [72.35959011, 34.23026506], [72.35957614, 34.23033637], [72.35970683, 34.23035387]]]]}, "properties": {"id": "Pakistan_123102310_429352", "height": 4.162746429443359, "hmax": 0.019, "ratio": 0.005, "vulnClass": "none"}}, {"type": "Feature", "geometry": {"type": "MultiPolygon", "coordinates": [[[[72.35988961, 34.23079812], [72.35988721, 34.23065502], [72.35983357, 34.23065563], [72.35983467, 34.23072113], [72.35961477, 34.23072365], [72.35961607, 34.23080125], [72.35988961, 34.23079812]]]]}, "properties": {"id": "Pakistan_123102310_159040", "height": 5.094088554382324, "hmax": 0.019, "ratio": 0.004, "vulnClass": "none"}}, {"type": "Feature", "geometry": {"type": "MultiPolygon", "coordinates": [[[[72.35972274, 34.23052421], [72.35972677, 34.23056384], [72.35978398, 34.23055987], [72.35977996, 34.23052024], [72.35972274, 34.23052421]]]]}, "properties": {"id": "Pakistan_123102310_822985", "height": 3.219053030014038, "hmax": 0.018, "ratio": 0.006, "vulnClass": "none"}}, {"type": "Feature", "geometry": {"type": "MultiPolygon", "coordinates": [[[[72.35954747, 34.23073738], [72.35946705, 34.23073904], [72.35946896, 34.23080232], [72.35954938, 34.23080065], [72.35954747, 34.23073738]]]]}, "properties": {"id": "Pakistan_123102310_505191", "height": 3.555008411407471, "hmax": 0.02, "ratio": 0.006, "vulnClass": "none"}}, {"type": "Feature", "geometry": {"type": "MultiPolygon", "coordinates": [[[[72.36233512, 34.2305012], [72.36233873, 34.23055648], [72.36239757, 34.23055386], [72.36239395, 34.23049858], [72.36233512, 34.2305012]]]]}, "properties": {"id": "Pakistan_123102310_908214", "height": 2.711933851242065, "hmax": 0.043, "ratio": 0.016, "vulnClass": "none"}}, {"type": "Feature", "geometry": {"type": "MultiPolygon", "coordinates": [[[[72.36068625, 34.23203107], [72.36065748, 34.23208487], [72.36073152, 34.23211193], [72.36076029, 34.23205814], [72.36068625, 34.23203107]]]]}, "properties": {"id": "Pakistan_123102310_131379", "height": 3.243483066558838, "hmax": 0.02, "ratio": 0.006, "vulnClass": "none"}}, {"type": "Feature", "geometry": {"type": "MultiPolygon", "coordinates": [[[[72.36186369, 34.22637793], [72.36173528, 34.2263725], [72.36173071, 34.22644659], [72.36185912, 34.226452], [72.36186369, 34.22637793]]]]}, "properties": {"id": "Pakistan_123102310_747483", "height": 2.592157602310181, "hmax": 0.027, "ratio": 0.01, "vulnClass": "none"}}, {"type": "Feature", "geometry": {"type": "MultiPolygon", "coordinates": [[[[72.36014687, 34.22642842], [72.36020219, 34.22644022], [72.36021322, 34.22640487], [72.3601579, 34.22639307], [72.36014687, 34.22642842]]]]}, "properties": {"id": "Pakistan_123102310_761683", "height": 3.269238471984863, "hmax": 0.051, "ratio": 0.016, "vulnClass": "none"}}, {"type": "Feature", "geometry": {"type": "MultiPolygon", "coordinates": [[[[72.36006451, 34.22643834], [72.36001026, 34.22656935], [72.36006068, 34.22658362], [72.36011493, 34.22645261], [72.36006451, 34.22643834]]]]}, "properties": {"id": "Pakistan_123102310_254345", "height": 4.023606300354004, "hmax": 0.051, "ratio": 0.013, "vulnClass": "none"}}, {"type": "Feature", "geometry": {"type": "MultiPolygon", "coordinates": [[[[72.36004773, 34.22636375], [72.36003741, 34.2264064], [72.36014316, 34.22642387], [72.36015347, 34.22638122], [72.36004773, 34.22636375]]]]}, "properties": {"id": "Pakistan_123102310_391625", "height": 4.144588947296143, "hmax": 0.051, "ratio": 0.012, "vulnClass": "none"}}, {"type": "Feature", "geometry": {"type": "MultiPolygon", "coordinates": [[[[72.35977544, 34.22651742], [72.35957589, 34.22648657], [72.35955796, 34.22656586], [72.35975752, 34.2265967], [72.35977544, 34.22651742]]]]}, "properties": {"id": "Pakistan_123102310_150537", "height": 3.281692504882812, "hmax": 0.044, "ratio": 0.013, "vulnClass": "none"}}, {"type": "Feature", "geometry": {"type": "MultiPolygon", "coordinates": [[[[72.35982618, 34.22650671], [72.35983173, 34.22637159], [72.35957989, 34.22636452], [72.35957716, 34.22643097], [72.35976098, 34.22643613], [72.35975816, 34.2265048], [72.35982618, 34.22650671]]]]}, "properties": {"id": "Pakistan_123102310_141075", "height": 4.239409446716309, "hmax": 0.045, "ratio": 0.011, "vulnClass": "none"}}, {"type": "Feature", "geometry": {"type": "MultiPolygon", "coordinates": [[[[72.36121682, 34.22568034], [72.36121466, 34.22571351], [72.3612842, 34.2257166], [72.36128636, 34.22568343], [72.36121682, 34.22568034]]]]}, "properties": {"id": "Pakistan_123102310_628472", "height": 3.207869052886963, "hmax": 0.02, "ratio": 0.006, "vulnClass": "none"}}, {"type": "Feature", "geometry": {"type": "MultiPolygon", "coordinates": [[[[72.36119372, 34.22538326], [72.36119193, 34.22546972], [72.36126969, 34.22547082], [72.36127148, 34.22538435], [72.36119372, 34.22538326]]]]}, "properties": {"id": "Pakistan_123102310_235557", "height": 2.782620429992676, "hmax": 0.016, "ratio": 0.006, "vulnClass": "none"}}, {"type": "Feature", "geometry": {"type": "MultiPolygon", "coordinates": [[[[72.36089682, 34.22558019], [72.36049985, 34.22557966], [72.36049963, 34.22569604], [72.36089659, 34.22569659], [72.36089682, 34.22558019]]]]}, "properties": {"id": "Pakistan_123102310_462657", "height": 3.64801025390625, "hmax": 0.033, "ratio": 0.009, "vulnClass": "none"}}, {"type": "Feature", "geometry": {"type": "MultiPolygon", "coordinates": [[[[72.36255963, 34.22444107], [72.36255651, 34.22439242], [72.36248697, 34.22439547], [72.36248327, 34.22433797], [72.36242978, 34.22434032], [72.3624366, 34.22444647], [72.36255963, 34.22444107]]]]}, "properties": {"id": "Pakistan_123102310_196870", "height": 2.866239309310913, "hmax": 0.008, "ratio": 0.003, "vulnClass": "none"}}, {"type": "Feature", "geometry": {"type": "MultiPolygon", "coordinates": [[[[72.36174347, 34.22186753], [72.36180292, 34.22195038], [72.36186244, 34.22192118], [72.36180298, 34.22183833], [72.36174347, 34.22186753]]]]}, "properties": {"id": "Pakistan_123102310_401190", "height": 4.315431594848633, "hmax": 0.011, "ratio": 0.003, "vulnClass": "none"}}, {"type": "Feature", "geometry": {"type": "MultiPolygon", "coordinates": [[[[72.36070335, 34.22239529], [72.36064135, 34.22251533], [72.3607162, 34.22254177], [72.36077821, 34.22242172], [72.36070335, 34.22239529]]]]}, "properties": {"id": "Pakistan_123102310_837215", "height": 3.647830247879028, "hmax": 0.015, "ratio": 0.004, "vulnClass": "none"}}, {"type": "Feature", "geometry": {"type": "MultiPolygon", "coordinates": [[[[72.36092967, 34.22221002], [72.36084366, 34.22217944], [72.36074097, 34.22237687], [72.36082698, 34.22240745], [72.36092967, 34.22221002]]]]}, "properties": {"id": "Pakistan_123102310_808921", "height": 4.419678211212158, "hmax": 0.015, "ratio": 0.003, "vulnClass": "none"}}, {"type": "Feature", "geometry": {"type": "MultiPolygon", "coordinates": [[[[72.36070732, 34.22205655], [72.36066386, 34.22213423], [72.36078639, 34.2221811], [72.36082985, 34.22210343], [72.36070732, 34.22205655]]]]}, "properties": {"id": "Pakistan_123102310_822994", "height": 2.499449253082275, "hmax": 0.015, "ratio": 0.006, "vulnClass": "none"}}, {"type": "Feature", "geometry": {"type": "MultiPolygon", "coordinates": [[[[72.36102175, 34.2217144], [72.36088068, 34.22167868], [72.36083487, 34.22180236], [72.36097594, 34.22183809], [72.36102175, 34.2217144]]]]}, "properties": {"id": "Pakistan_123102310_462660", "height": 2.504396438598633, "hmax": 0.015, "ratio": 0.006, "vulnClass": "none"}}, {"type": "Feature", "geometry": {"type": "MultiPolygon", "coordinates": [[[[72.36022302, 34.22129506], [72.36020822, 34.22138326], [72.36001476, 34.22136107], [72.36000035, 34.22144693], [72.36026487, 34.22147729], [72.36029407, 34.22130321], [72.36022302, 34.22129506]]]]}, "properties": {"id": "Pakistan_123102310_912959", "height": 3.794468402862549, "hmax": 0.015, "ratio": 0.004, "vulnClass": "none"}}, {"type": "Feature", "geometry": {"type": "MultiPolygon", "coordinates": [[[[72.36022935, 34.22091855], [72.3601248, 34.22092059], [72.36012701, 34.22099817], [72.36023156, 34.22099613], [72.36022935, 34.22091855]]]]}, "properties": {"id": "Pakistan_123102310_789915", "height": 4.60463285446167, "hmax": 0.015, "ratio": 0.003, "vulnClass": "none"}}, {"type": "Feature", "geometry": {"type": "MultiPolygon", "coordinates": [[[[72.36168427, 34.22120186], [72.36168674, 34.2211121], [72.36179398, 34.22111412], [72.36179523, 34.22106865], [72.36135021, 34.22106031], [72.36134914, 34.2210991], [72.36127944, 34.22109779], [72.36127679, 34.22119422], [72.36168427, 34.22120186]]]]}, "properties": {"id": "Pakistan_123102310_434137", "height": 3.545348644256592, "hmax": 0.02, "ratio": 0.006, "vulnClass": "none"}}, {"type": "Feature", "geometry": {"type": "MultiPolygon", "coordinates": [[[[72.36231174, 34.221087], [72.36213496, 34.22102981], [72.36210037, 34.22110289], [72.36227715, 34.22116009], [72.36231174, 34.221087]]]]}, "properties": {"id": "Pakistan_123102310_837242", "height": 3.523804664611816, "hmax": 0.022, "ratio": 0.006, "vulnClass": "none"}}, {"type": "Feature", "geometry": {"type": "MultiPolygon", "coordinates": [[[[72.36038415, 34.22063064], [72.36036459, 34.22071739], [72.36096596, 34.2208101], [72.36098262, 34.22073618], [72.36099818, 34.22073858], [72.36101389, 34.22066889], [72.36098278, 34.2206641], [72.360991, 34.22062766], [72.36092101, 34.22061687], [72.36089998, 34.22071014], [72.36038415, 34.22063064]]]]}, "properties": {"id": "Pakistan_123102310_737941", "height": 2.728025436401367, "hmax": 0.025, "ratio": 0.009, "vulnClass": "none"}}, {"type": "Feature", "geometry": {"type": "MultiPolygon", "coordinates": [[[[72.35972885, 34.22001515], [72.3597858, 34.22002014], [72.35979509, 34.21994777], [72.35973814, 34.21994277], [72.35972885, 34.22001515]]]]}, "properties": {"id": "Pakistan_123102310_884548", "height": 3.527413845062256, "hmax": 0.023, "ratio": 0.007, "vulnClass": "none"}}, {"type": "Feature", "geometry": {"type": "MultiPolygon", "coordinates": [[[[72.36098281, 34.21996386], [72.36098043, 34.21977092], [72.36092947, 34.21977135], [72.36092917, 34.21974696], [72.36061807, 34.21974959], [72.36061982, 34.21989151], [72.36043477, 34.21989308], [72.36043329, 34.21977333], [72.36052984, 34.21977251], [72.36052951, 34.2197459], [72.35999044, 34.21975045], [72.35999247, 34.21991456], [72.35995492, 34.21991488], [72.35995667, 34.22005681], [72.35966434, 34.22005928], [72.35966519, 34.22012802], [72.36003798, 34.22012487], [72.36003609, 34.21997185], [72.36098281, 34.21996386]]]]}, "properties": {"id": "Pakistan_123102310_747466", "height": 4.624942779541016, "hmax": 0.031, "ratio": 0.007, "vulnClass": "none"}}, {"type": "Feature", "geometry": {"type": "MultiPolygon", "coordinates": [[[[72.36061443, 34.21980023], [72.3606125, 34.21976704], [72.3605563, 34.21976927], [72.36055824, 34.21980247], [72.36061443, 34.21980023]]]]}, "properties": {"id": "Pakistan_123102310_18159", "height": 2.55477499961853, "hmax": 0.032, "ratio": 0.013, "vulnClass": "none"}}, {"type": "Feature", "geometry": {"type": "MultiPolygon", "coordinates": [[[[72.3608548, 34.22005173], [72.36073154, 34.22004847], [72.36072508, 34.22021579], [72.36084834, 34.22021904], [72.3608548, 34.22005173]]]]}, "properties": {"id": "Pakistan_123102310_243992", "height": 3.670855522155762, "hmax": 0.025, "ratio": 0.007, "vulnClass": "none"}}, {"type": "Feature", "geometry": {"type": "MultiPolygon", "coordinates": [[[[72.3608092, 34.21974351], [72.36106662, 34.21974001], [72.36106354, 34.2195848], [72.36079539, 34.21958845], [72.36079618, 34.21962836], [72.36080691, 34.21962821], [72.3608092, 34.21974351]]]]}, "properties": {"id": "Pakistan_123102310_74769", "height": 4.608612537384033, "hmax": 0.032, "ratio": 0.007, "vulnClass": "none"}}, {"type": "Feature", "geometry": {"type": "MultiPolygon", "coordinates": [[[[72.35938302, 34.21953047], [72.35939652, 34.21960872], [72.35947801, 34.21959912], [72.35946452, 34.21952086], [72.35938302, 34.21953047]]]]}, "properties": {"id": "Pakistan_123102310_543040", "height": 2.652473449707031, "hmax": 0.024, "ratio": 0.009, "vulnClass": "none"}}, {"type": "Feature", "geometry": {"type": "MultiPolygon", "coordinates": [[[[72.36067822, 34.21861873], [72.36068132, 34.21867406], [72.36073217, 34.21867212], [72.36072907, 34.21861679], [72.36067822, 34.21861873]]]]}, "properties": {"id": "Pakistan_123102310_63794", "height": 3.663540363311768, "hmax": 0.014, "ratio": 0.004, "vulnClass": "none"}}, {"type": "Feature", "geometry": {"type": "MultiPolygon", "coordinates": [[[[72.35941019, 34.21843902], [72.35940743, 34.21848327], [72.35949036, 34.2184868], [72.35949312, 34.21844256], [72.35941019, 34.21843902]]]]}, "properties": {"id": "Pakistan_123102310_566739", "height": 2.638066053390503, "hmax": 0.016, "ratio": 0.006, "vulnClass": "none"}}, {"type": "Feature", "geometry": {"type": "MultiPolygon", "coordinates": [[[[72.35966314, 34.21850374], [72.35967796, 34.21839646], [72.35956522, 34.21838581], [72.35955041, 34.21849309], [72.35966314, 34.21850374]]]]}, "properties": {"id": "Pakistan_123102310_363284", "height": 3.504443407058716, "hmax": 0.016, "ratio": 0.005, "vulnClass": "none"}}, {"type": "Feature", "geometry": {"type": "MultiPolygon", "coordinates": [[[[72.35890873, 34.21864557], [72.35856324, 34.21863453], [72.35856572, 34.21858138], [72.35851483, 34.21857975], [72.35850909, 34.21870283], [72.35890547, 34.21871547], [72.35890873, 34.21864557]]]]}, "properties": {"id": "Pakistan_123102310_281798", "height": 4.175053596496582, "hmax": 0.02, "ratio": 0.005, "vulnClass": "none"}}, {"type": "Feature", "geometry": {"type": "MultiPolygon", "coordinates": [[[[72.35940232, 34.21848361], [72.3594182, 34.21838782], [72.35932869, 34.21837768], [72.35931281, 34.21847347], [72.35940232, 34.21848361]]]]}, "properties": {"id": "Pakistan_123102310_244873", "height": 2.638066053390503, "hmax": 0.016, "ratio": 0.006, "vulnClass": "none"}}, {"type": "Feature", "geometry": {"type": "MultiPolygon", "coordinates": [[[[72.35756999, 34.21807757], [72.35744254, 34.21808171], [72.35744601, 34.21815479], [72.35757345, 34.21815065], [72.35756999, 34.21807757]]]]}, "properties": {"id": "Pakistan_123102310_637846", "height": 2.484569311141968, "hmax": 0.02, "ratio": 0.008, "vulnClass": "none"}}, {"type": "Feature", "geometry": {"type": "MultiPolygon", "coordinates": [[[[72.35886911, 34.21891958], [72.35881292, 34.21891724], [72.35881029, 34.21896053], [72.35845279, 34.21894563], [72.35831073, 34.21882467], [72.35827942, 34.21884981], [72.35827826, 34.21886882], [72.35846661, 34.21902921], [72.3589405, 34.21904898], [72.35894496, 34.21897598], [72.3588861, 34.21897352], [72.35888787, 34.21894454], [72.35891325, 34.21892415], [72.35892557, 34.21872233], [72.35851623, 34.21870525], [72.35851448, 34.21873401], [72.35887949, 34.21874924], [72.35886911, 34.21891958]]]]}, "properties": {"id": "Pakistan_123102310_401156", "height": 5.021851539611816, "hmax": 0.02, "ratio": 0.004, "vulnClass": "none"}}, {"type": "Feature", "geometry": {"type": "MultiPolygon", "coordinates": [[[[72.35764042, 34.21876463], [72.35775947, 34.21876789], [72.35776265, 34.21868813], [72.35759653, 34.21868359], [72.35759158, 34.21880766], [72.35763865, 34.21880894], [72.35764042, 34.21876463]]]]}, "properties": {"id": "Pakistan_123102310_481624", "height": 3.667648792266846, "hmax": 0.011, "ratio": 0.003, "vulnClass": "none"}}, {"type": "Feature", "geometry": {"type": "MultiPolygon", "coordinates": [[[[72.35685862, 34.21863586], [72.35721691, 34.21866641], [72.3572388, 34.21849084], [72.35719899, 34.21848745], [72.35718832, 34.21857304], [72.35686984, 34.21854589], [72.35685862, 34.21863586]]]]}, "properties": {"id": "Pakistan_123102310_272124", "height": 2.7415611743927, "hmax": 0.011, "ratio": 0.004, "vulnClass": "none"}}, {"type": "Feature", "geometry": {"type": "MultiPolygon", "coordinates": [[[[72.35615366, 34.21801586], [72.35706164, 34.21808012], [72.35706369, 34.21806031], [72.35699978, 34.21805578], [72.3570032, 34.21802276], [72.35694728, 34.2180188], [72.35695161, 34.21797696], [72.35677055, 34.21796415], [72.35677944, 34.21787828], [72.35667027, 34.21787055], [72.35666161, 34.21795422], [72.35656575, 34.21794743], [72.35656963, 34.21791], [72.35650838, 34.21790567], [72.356502, 34.21796732], [72.35622242, 34.21794753], [72.35623199, 34.21785506], [72.35654885, 34.21787748], [72.35655364, 34.21783125], [72.35617554, 34.21780448], [72.35615366, 34.21801586]]]]}, "properties": {"id": "Pakistan_123102310_912918", "height": 3.40113377571106, "hmax": 0.04, "ratio": 0.012, "vulnClass": "none"}}, {"type": "Feature", "geometry": {"type": "MultiPolygon", "coordinates": [[[[72.35665108, 34.21786353], [72.35660798, 34.21783786], [72.35658683, 34.21786214], [72.35662994, 34.21788781], [72.35665108, 34.21786353]]]]}, "properties": {"id": "Pakistan_123102310_822954", "height": 2.819576263427734, "hmax": 0.044, "ratio": 0.016, "vulnClass": "none"}}, {"type": "Feature", "geometry": {"type": "MultiPolygon", "coordinates": [[[[72.35736018, 34.21790327], [72.35735868, 34.21797422], [72.35754369, 34.21797691], [72.3575452, 34.21790596], [72.35736018, 34.21790327]]]]}, "properties": {"id": "Pakistan_123102310_244843", "height": 3.020969390869141, "hmax": 0.024, "ratio": 0.008, "vulnClass": "none"}}, {"type": "Feature", "geometry": {"type": "MultiPolygon", "coordinates": [[[[72.35625559, 34.21779276], [72.35670947, 34.21781826], [72.35671528, 34.21774761], [72.35638154, 34.21772886], [72.35638124, 34.21773246], [72.3562611, 34.21772572], [72.35625559, 34.21779276]]]]}, "properties": {"id": "Pakistan_123102310_491000", "height": 3.606121301651001, "hmax": 0.044, "ratio": 0.012, "vulnClass": "none"}}, {"type": "Feature", "geometry": {"type": "MultiPolygon", "coordinates": [[[[72.35585712, 34.21774524], [72.35586339, 34.21760348], [72.35581249, 34.21760194], [72.35580858, 34.21769054], [72.35575769, 34.21768901], [72.35575534, 34.21774217], [72.35585712, 34.21774524]]]]}, "properties": {"id": "Pakistan_123102310_382167", "height": 2.464924335479736, "hmax": 0.044, "ratio": 0.018, "vulnClass": "none"}}, {"type": "Feature", "geometry": {"type": "MultiPolygon", "coordinates": [[[[72.35301567, 34.21780467], [72.35331873, 34.21780737], [72.35332055, 34.21766638], [72.35324171, 34.21766568], [72.35324077, 34.21773792], [72.35301656, 34.21773592], [72.35301567, 34.21780467]]]]}, "properties": {"id": "Pakistan_123102310_467308", "height": 3.505773544311523, "hmax": 0.021, "ratio": 0.006, "vulnClass": "none"}}, {"type": "Feature", "geometry": {"type": "MultiPolygon", "coordinates": [[[[72.35349612, 34.21801515], [72.35362923, 34.21803347], [72.35366093, 34.21787592], [72.35360352, 34.21786802], [72.35361742, 34.21779896], [72.35367222, 34.2178065], [72.35368048, 34.2177655], [72.35361784, 34.21775687], [72.35361263, 34.21778277], [72.35354477, 34.21777343], [72.35349612, 34.21801515]]]]}, "properties": {"id": "Pakistan_123102310_205952", "height": 3.5510573387146, "hmax": 0.033, "ratio": 0.009, "vulnClass": "none"}}, {"type": "Feature", "geometry": {"type": "MultiPolygon", "coordinates": [[[[72.35408528, 34.21764758], [72.3538953, 34.21762007], [72.35387963, 34.21769412], [72.35406961, 34.21772162], [72.35408528, 34.21764758]]]]}, "properties": {"id": "Pakistan_123102310_604562", "height": 2.720855474472046, "hmax": 0.037, "ratio": 0.014, "vulnClass": "none"}}, {"type": "Feature", "geometry": {"type": "MultiPolygon", "coordinates": [[[[72.35369849, 34.21793388], [72.35407832, 34.21796501], [72.35408658, 34.21789603], [72.35370676, 34.21786489], [72.35369849, 34.21793388]]]]}, "properties": {"id": "Pakistan_123102310_695005", "height": 3.557326316833496, "hmax": 0.037, "ratio": 0.01, "vulnClass": "none"}}, {"type": "Feature", "geometry": {"type": "MultiPolygon", "coordinates": [[[[72.35398222, 34.2178097], [72.3539125, 34.21780878], [72.35391126, 34.21787308], [72.35398098, 34.217874], [72.35398222, 34.2178097]]]]}, "properties": {"id": "Pakistan_123102310_671200", "height": 3.557326316833496, "hmax": 0.037, "ratio": 0.01, "vulnClass": "none"}}, {"type": "Feature", "geometry": {"type": "MultiPolygon", "coordinates": [[[[72.35406594, 34.2179766], [72.35389805, 34.21795295], [72.3538921, 34.21798186], [72.35397397, 34.21799339], [72.3539453, 34.21813261], [72.35403132, 34.21814472], [72.35406594, 34.2179766]]]]}, "properties": {"id": "Pakistan_123102310_614119", "height": 2.675488710403442, "hmax": 0.027, "ratio": 0.01, "vulnClass": "none"}}, {"type": "Feature", "geometry": {"type": "MultiPolygon", "coordinates": [[[[72.35422459, 34.21818843], [72.35460186, 34.21823655], [72.3546164, 34.21815856], [72.35442253, 34.21813383], [72.35443449, 34.2180697], [72.35438733, 34.21806368], [72.35436931, 34.21816031], [72.35423308, 34.21814293], [72.35422459, 34.21818843]]]]}, "properties": {"id": "Pakistan_123102310_780482", "height": 2.963248014450073, "hmax": 0.016, "ratio": 0.005, "vulnClass": "none"}}, {"type": "Feature", "geometry": {"type": "MultiPolygon", "coordinates": [[[[72.35362044, 34.21803844], [72.35350904, 34.21802113], [72.35349978, 34.21806183], [72.35361119, 34.21807914], [72.35362044, 34.21803844]]]]}, "properties": {"id": "Pakistan_123102310_140016", "height": 3.846480846405029, "hmax": 0.024, "ratio": 0.006, "vulnClass": "none"}}, {"type": "Feature", "geometry": {"type": "MultiPolygon", "coordinates": [[[[72.3530085, 34.21800122], [72.3532558, 34.21802027], [72.35326174, 34.2179675], [72.35301444, 34.21794845], [72.3530085, 34.21800122]]]]}, "properties": {"id": "Pakistan_123102310_623511", "height": 3.599936246871948, "hmax": 0.021, "ratio": 0.006, "vulnClass": "none"}}, {"type": "Feature", "geometry": {"type": "MultiPolygon", "coordinates": [[[[72.35224949, 34.21804525], [72.35216243, 34.21802354], [72.35213615, 34.21809563], [72.35222322, 34.21811733], [72.35224949, 34.21804525]]]]}, "properties": {"id": "Pakistan_123102310_225070", "height": 2.886396884918213, "hmax": 0.06, "ratio": 0.021, "vulnClass": "none"}}, {"type": "Feature", "geometry": {"type": "MultiPolygon", "coordinates": [[[[72.35237959, 34.21819397], [72.35239331, 34.21808975], [72.35231114, 34.21808235], [72.35229741, 34.21818657], [72.35237959, 34.21819397]]]]}, "properties": {"id": "Pakistan_123102310_547637", "height": 3.031914949417114, "hmax": 0.06, "ratio": 0.02, "vulnClass": "none"}}, {"type": "Feature", "geometry": {"type": "MultiPolygon", "coordinates": [[[[72.35218776, 34.21818361], [72.35218215, 34.21821043], [72.35203891, 34.21818996], [72.35205532, 34.21811144], [72.35184958, 34.21808203], [72.35182842, 34.21818325], [72.35237533, 34.21826143], [72.35238569, 34.2182119], [72.35218776, 34.21818361]]]]}, "properties": {"id": "Pakistan_123102310_694986", "height": 3.450990200042725, "hmax": 0.06, "ratio": 0.017, "vulnClass": "none"}}, {"type": "Feature", "geometry": {"type": "MultiPolygon", "coordinates": [[[[72.35220672, 34.21826728], [72.35220206, 34.21836249], [72.35243658, 34.21837035], [72.35243263, 34.21845106], [72.35255962, 34.2184553], [72.3525666, 34.2183126], [72.35233251, 34.21830476], [72.35233414, 34.21827154], [72.35220672, 34.21826728]]]]}, "properties": {"id": "Pakistan_123102310_415152", "height": 3.140903949737549, "hmax": 0.049, "ratio": 0.016, "vulnClass": "none"}}, {"type": "Feature", "geometry": {"type": "MultiPolygon", "coordinates": [[[[72.35242966, 34.2183886], [72.35233855, 34.21838623], [72.35233451, 34.21849258], [72.35242561, 34.21849495], [72.35242966, 34.2183886]]]]}, "properties": {"id": "Pakistan_123102310_101870", "height": 3.740660905838013, "hmax": 0.06, "ratio": 0.016, "vulnClass": "none"}}, {"type": "Feature", "geometry": {"type": "MultiPolygon", "coordinates": [[[[72.35235399, 34.21851169], [72.35234633, 34.21855841], [72.35239111, 34.21856343], [72.35239877, 34.21851671], [72.35235399, 34.21851169]]]]}, "properties": {"id": "Pakistan_123102310_945883", "height": 3.778112411499023, "hmax": 0.06, "ratio": 0.016, "vulnClass": "none"}}, {"type": "Feature", "geometry": {"type": "MultiPolygon", "coordinates": [[[[72.35247698, 34.21865128], [72.35230263, 34.21863784], [72.3522953, 34.21870281], [72.35246965, 34.21871626], [72.35247698, 34.21865128]]]]}, "properties": {"id": "Pakistan_123102310_851248", "height": 3.183233737945557, "hmax": 0.055, "ratio": 0.017, "vulnClass": "none"}}, {"type": "Feature", "geometry": {"type": "MultiPolygon", "coordinates": [[[[72.35235219, 34.2187491], [72.35229355, 34.21903234], [72.35260364, 34.21907624], [72.35261856, 34.21900417], [72.35246628, 34.21898261], [72.35251001, 34.21877145], [72.35235219, 34.2187491]]]]}, "properties": {"id": "Pakistan_123102310_158856", "height": 3.18049430847168, "hmax": 0.059, "ratio": 0.019, "vulnClass": "none"}}, {"type": "Feature", "geometry": {"type": "MultiPolygon", "coordinates": [[[[72.35226109, 34.21879706], [72.35230915, 34.21880683], [72.35232565, 34.2187513], [72.35227759, 34.21874154], [72.35226109, 34.21879706]]]]}, "properties": {"id": "Pakistan_123102310_262778", "height": 3.201201677322388, "hmax": 0.06, "ratio": 0.019, "vulnClass": "none"}}, {"type": "Feature", "geometry": {"type": "MultiPolygon", "coordinates": [[[[72.35159935, 34.21866618], [72.35170966, 34.21867947], [72.35171981, 34.21862185], [72.3516095, 34.21860856], [72.35159935, 34.21866618]]]]}, "properties": {"id": "Pakistan_123102310_945879", "height": 2.822689533233643, "hmax": 0.06, "ratio": 0.021, "vulnClass": "none"}}, {"type": "Feature", "geometry": {"type": "MultiPolygon", "coordinates": [[[[72.35176699, 34.21867777], [72.35183304, 34.21868451], [72.35183857, 34.21864737], [72.35177252, 34.21864063], [72.35176699, 34.21867777]]]]}, "properties": {"id": "Pakistan_123102310_457701", "height": 3.249757289886475, "hmax": 0.06, "ratio": 0.019, "vulnClass": "none"}}, {"type": "Feature", "geometry": {"type": "MultiPolygon", "coordinates": [[[[72.35181822, 34.21873409], [72.35177837, 34.21884022], [72.35190313, 34.21887225], [72.35193048, 34.21879942], [72.35183996, 34.21877618], [72.35185247, 34.21874288], [72.35181822, 34.21873409]]]]}, "properties": {"id": "Pakistan_123102310_234422", "height": 2.879216432571411, "hmax": 0.06, "ratio": 0.021, "vulnClass": "none"}}, {"type": "Feature", "geometry": {"type": "MultiPolygon", "coordinates": [[[[72.35155362, 34.21879069], [72.35176565, 34.21882988], [72.35178308, 34.21876538], [72.3516809, 34.2187465], [72.35169259, 34.21870326], [72.35163894, 34.21869334], [72.35164351, 34.21867645], [72.35158731, 34.21866606], [72.35155362, 34.21879069]]]]}, "properties": {"id": "Pakistan_123102310_281620", "height": 3.884965419769287, "hmax": 0.06, "ratio": 0.015, "vulnClass": "none"}}, {"type": "Feature", "geometry": {"type": "MultiPolygon", "coordinates": [[[[72.35143852, 34.21875366], [72.35147407, 34.21861698], [72.35159456, 34.21863841], [72.35160393, 34.21860237], [72.35127066, 34.2185431], [72.35123316, 34.21868725], [72.35113318, 34.21866947], [72.35111278, 34.2187479], [72.35122302, 34.21876751], [72.35123599, 34.21871765], [72.35143852, 34.21875366]]]]}, "properties": {"id": "Pakistan_123102310_837141", "height": 3.418770313262939, "hmax": 0.063, "ratio": 0.018, "vulnClass": "none"}}, {"type": "Feature", "geometry": {"type": "MultiPolygon", "coordinates": [[[[72.35109322, 34.21851661], [72.35122987, 34.21853286], [72.35124045, 34.21847201], [72.3511038, 34.21845576], [72.35109322, 34.21851661]]]]}, "properties": {"id": "Pakistan_123102310_363207", "height": 2.761863946914673, "hmax": 0.065, "ratio": 0.024, "vulnClass": "none"}}, {"type": "Feature", "geometry": {"type": "MultiPolygon", "coordinates": [[[[72.35094533, 34.21842838], [72.35096337, 34.21836303], [72.35080531, 34.2183332], [72.35078727, 34.21839855], [72.35094533, 34.21842838]]]]}, "properties": {"id": "Pakistan_123102310_637792", "height": 3.588324546813965, "hmax": 0.065, "ratio": 0.018, "vulnClass": "none"}}, {"type": "Feature", "geometry": {"type": "MultiPolygon", "coordinates": [[[[72.35069237, 34.21828644], [72.35065581, 34.21828148], [72.35064724, 34.21832467], [72.35068381, 34.21832963], [72.35069237, 34.21828644]]]]}, "properties": {"id": "Pakistan_123102310_628357", "height": 2.896849155426025, "hmax": 0.065, "ratio": 0.022, "vulnClass": "none"}}, {"type": "Feature", "geometry": {"type": "MultiPolygon", "coordinates": [[[[72.35077263, 34.2186528], [72.35104683, 34.21868265], [72.35105828, 34.21861071], [72.35112683, 34.21861817], [72.35113273, 34.21858111], [72.35108264, 34.21857565], [72.35107813, 34.21860399], [72.35101485, 34.21859711], [72.351027, 34.2185208], [72.35096372, 34.21851391], [72.35095643, 34.2185597], [72.35090898, 34.21855453], [72.35091627, 34.21850875], [72.35089254, 34.21850616], [72.35088091, 34.21857922], [72.35078599, 34.21856888], [72.35077263, 34.2186528]]]]}, "properties": {"id": "Pakistan_123102310_396339", "height": 3.285065889358521, "hmax": 0.065, "ratio": 0.02, "vulnClass": "none"}}, {"type": "Feature", "geometry": {"type": "MultiPolygon", "coordinates": [[[[72.3509515, 34.21855393], [72.35095649, 34.21850996], [72.35092193, 34.21850727], [72.35091693, 34.21855124], [72.3509515, 34.21855393]]]]}, "properties": {"id": "Pakistan_123102310_467291", "height": 2.553143501281738, "hmax": 0.065, "ratio": 0.025, "vulnClass": "none"}}, {"type": "Feature", "geometry": {"type": "MultiPolygon", "coordinates": [[[[72.35114975, 34.21854643], [72.35108197, 34.21853444], [72.35107319, 34.21856837], [72.35114097, 34.21858036], [72.35114975, 34.21854643]]]]}, "properties": {"id": "Pakistan_123102310_273081", "height": 2.711447238922119, "hmax": 0.065, "ratio": 0.024, "vulnClass": "none"}}, {"type": "Feature", "geometry": {"type": "MultiPolygon", "coordinates": [[[[72.34989871, 34.21868093], [72.35021287, 34.2187138], [72.35023056, 34.2185981], [72.34997336, 34.21857119], [72.34996684, 34.21861379], [72.34990989, 34.21860783], [72.34989871, 34.21868093]]]]}, "properties": {"id": "Pakistan_123102310_908081", "height": 3.191611766815186, "hmax": 0.119, "ratio": 0.037, "vulnClass": "none"}}, {"type": "Feature", "geometry": {"type": "MultiPolygon", "coordinates": [[[[72.3500616, 34.21855013], [72.35065598, 34.21862268], [72.3506674, 34.21855863], [72.35046265, 34.21853365], [72.35048046, 34.2184338], [72.35027571, 34.21840882], [72.35026119, 34.21849021], [72.3502102, 34.21848399], [72.35020865, 34.21849267], [72.35013777, 34.21848402], [72.35013661, 34.21849053], [72.35007361, 34.21848284], [72.3500616, 34.21855013]]]]}, "properties": {"id": "Pakistan_123102310_65143", "height": 3.463749408721924, "hmax": 0.08, "ratio": 0.023, "vulnClass": "none"}}, {"type": "Feature", "geometry": {"type": "MultiPolygon", "coordinates": [[[[72.34971186, 34.21851607], [72.34989689, 34.21851852], [72.34989814, 34.21845422], [72.34971311, 34.21845177], [72.34971186, 34.21851607]]]]}, "properties": {"id": "Pakistan_123102310_557100", "height": 3.432767629623413, "hmax": 0.119, "ratio": 0.035, "vulnClass": "none"}}, {"type": "Feature", "geometry": {"type": "MultiPolygon", "coordinates": [[[[72.34971504, 34.21841949], [72.34971152, 34.21834535], [72.34962159, 34.21834827], [72.34962512, 34.21842241], [72.34971504, 34.21841949]]]]}, "properties": {"id": "Pakistan_123102310_462536", "height": 2.53133749961853, "hmax": 0.119, "ratio": 0.047, "vulnClass": "none"}}, {"type": "Feature", "geometry": {"type": "MultiPolygon", "coordinates": [[[[72.3498836, 34.21826813], [72.34988186, 34.21835016], [72.35009214, 34.21835321], [72.35009387, 34.21827117], [72.3498836, 34.21826813]]]]}, "properties": {"id": "Pakistan_123102310_462539", "height": 2.988565921783447, "hmax": 0.119, "ratio": 0.04, "vulnClass": "none"}}, {"type": "Feature", "geometry": {"type": "MultiPolygon", "coordinates": [[[[72.35040291, 34.21836897], [72.35041022, 34.2183097], [72.35027483, 34.21829827], [72.35026333, 34.21839158], [72.35033235, 34.2183974], [72.35033654, 34.21836337], [72.35040291, 34.21836897]]]]}, "properties": {"id": "Pakistan_123102310_467285", "height": 2.524417877197266, "hmax": 0.072, "ratio": 0.029, "vulnClass": "none"}}, {"type": "Feature", "geometry": {"type": "MultiPolygon", "coordinates": [[[[72.35055163, 34.21854016], [72.35064898, 34.21854721], [72.35065645, 34.21847678], [72.35055909, 34.21846973], [72.35055163, 34.21854016]]]]}, "properties": {"id": "Pakistan_123102310_571433", "height": 2.578329563140869, "hmax": 0.065, "ratio": 0.025, "vulnClass": "none"}}, {"type": "Feature", "geometry": {"type": "MultiPolygon", "coordinates": [[[[72.34984638, 34.21829112], [72.34974984, 34.21828994], [72.34975099, 34.21822563], [72.34965602, 34.21822447], [72.34965421, 34.21832541], [72.34984573, 34.21832775], [72.34984638, 34.21829112]]]]}, "properties": {"id": "Pakistan_123102310_837121", "height": 3.444690704345703, "hmax": 0.119, "ratio": 0.035, "vulnClass": "none"}}, {"type": "Feature", "geometry": {"type": "MultiPolygon", "coordinates": [[[[72.34990229, 34.21815838], [72.35003368, 34.21816033], [72.35003618, 34.21804504], [72.3499048, 34.21804309], [72.34990229, 34.21815838]]]]}, "properties": {"id": "Pakistan_123102310_358493", "height": 2.530431032180786, "hmax": 0.119, "ratio": 0.047, "vulnClass": "none"}}, {"type": "Feature", "geometry": {"type": "MultiPolygon", "coordinates": [[[[72.34980426, 34.21803546], [72.34991801, 34.21803553], [72.34991807, 34.21796785], [72.34973191, 34.21796772], [72.3497319, 34.21797216], [72.34967826, 34.21797212], [72.34967822, 34.21801426], [72.34973564, 34.2180143], [72.34973551, 34.21815181], [72.34987924, 34.21815191], [72.34987928, 34.21811199], [72.34980418, 34.21811194], [72.34980426, 34.21803546]]]]}, "properties": {"id": "Pakistan_123102310_837120", "height": 3.486451864242554, "hmax": 0.119, "ratio": 0.034, "vulnClass": "none"}}, {"type": "Feature", "geometry": {"type": "MultiPolygon", "coordinates": [[[[72.34974858, 34.21785804], [72.34974579, 34.21780828], [72.34970564, 34.21780982], [72.34970843, 34.21785957], [72.34974858, 34.21785804]]]]}, "properties": {"id": "Pakistan_123102310_35686", "height": 3.735012531280518, "hmax": 0.125, "ratio": 0.034, "vulnClass": "none"}}, {"type": "Feature", "geometry": {"type": "MultiPolygon", "coordinates": [[[[72.34991208, 34.21786762], [72.34991445, 34.21779892], [72.34975364, 34.21779514], [72.34975128, 34.21786384], [72.34991208, 34.21786762]]]]}, "properties": {"id": "Pakistan_123102310_401065", "height": 3.857579231262207, "hmax": 0.125, "ratio": 0.032, "vulnClass": "none"}}, {"type": "Feature", "geometry": {"type": "MultiPolygon", "coordinates": [[[[72.34990475, 34.2179558], [72.35013515, 34.21796229], [72.35013835, 34.21788475], [72.34990795, 34.21787826], [72.34990475, 34.2179558]]]]}, "properties": {"id": "Pakistan_123102310_253170", "height": 2.983875751495361, "hmax": 0.125, "ratio": 0.042, "vulnClass": "none"}}, {"type": "Feature", "geometry": {"type": "MultiPolygon", "coordinates": [[[[72.35013909, 34.21781534], [72.35013999, 34.21777874], [72.35009441, 34.21777798], [72.35009351, 34.21781458], [72.35013909, 34.21781534]]]]}, "properties": {"id": "Pakistan_123102310_694970", "height": 2.569058656692505, "hmax": 0.125, "ratio": 0.049, "vulnClass": "none"}}, {"type": "Feature", "geometry": {"type": "MultiPolygon", "coordinates": [[[[72.35067787, 34.2179833], [72.35063499, 34.21797072], [72.350624, 34.21799634], [72.35066689, 34.21800891], [72.35067787, 34.2179833]]]]}, "properties": {"id": "Pakistan_123102310_216467", "height": 2.901096820831299, "hmax": 0.063, "ratio": 0.022, "vulnClass": "none"}}, {"type": "Feature", "geometry": {"type": "MultiPolygon", "coordinates": [[[[72.35078518, 34.2182762], [72.35093924, 34.2183425], [72.35100239, 34.21824219], [72.35084834, 34.21817587], [72.35078518, 34.2182762]]]]}, "properties": {"id": "Pakistan_123102310_16846", "height": 3.385484218597412, "hmax": 0.065, "ratio": 0.019, "vulnClass": "none"}}, {"type": "Feature", "geometry": {"type": "MultiPolygon", "coordinates": [[[[72.35055711, 34.21786047], [72.35084755, 34.21793241], [72.35090506, 34.21777366], [72.35074261, 34.21773342], [72.35071165, 34.2178189], [72.35058366, 34.2177872], [72.35055711, 34.21786047]]]]}, "properties": {"id": "Pakistan_123102310_187152", "height": 3.347029685974121, "hmax": 0.041, "ratio": 0.012, "vulnClass": "none"}}, {"type": "Feature", "geometry": {"type": "MultiPolygon", "coordinates": [[[[72.3499738, 34.21786948], [72.34997026, 34.21773539], [72.34991664, 34.21773636], [72.34992018, 34.21787044], [72.3499738, 34.21786948]]]]}, "properties": {"id": "Pakistan_123102310_519510", "height": 4.19971227645874, "hmax": 0.125, "ratio": 0.03, "vulnClass": "none"}}, {"type": "Feature", "geometry": {"type": "MultiPolygon", "coordinates": [[[[72.35009521, 34.21769708], [72.35009367, 34.21777469], [72.35014462, 34.21777538], [72.35014616, 34.21769777], [72.35009521, 34.21769708]]]]}, "properties": {"id": "Pakistan_123102310_429259", "height": 3.267505884170532, "hmax": 0.125, "ratio": 0.038, "vulnClass": "none"}}, {"type": "Feature", "geometry": {"type": "MultiPolygon", "coordinates": [[[[72.34974868, 34.21770491], [72.34965488, 34.21770281], [72.34965175, 34.21779811], [72.34974556, 34.21780021], [72.34974868, 34.21770491]]]]}, "properties": {"id": "Pakistan_123102310_542951", "height": 4.639695167541504, "hmax": 0.125, "ratio": 0.027, "vulnClass": "none"}}, {"type": "Feature", "geometry": {"type": "MultiPolygon", "coordinates": [[[[72.34933877, 34.21769705], [72.3492868, 34.21769554], [72.34928496, 34.2177388], [72.34933693, 34.21774031], [72.34933877, 34.21769705]]]]}, "properties": {"id": "Pakistan_123102310_813442", "height": 2.746643543243408, "hmax": 0.125, "ratio": 0.045, "vulnClass": "none"}}, {"type": "Feature", "geometry": {"type": "MultiPolygon", "coordinates": [[[[72.34928784, 34.21781666], [72.34928565, 34.21788093], [72.34951614, 34.2178863], [72.34952169, 34.21772335], [72.34946381, 34.217722], [72.34946045, 34.21782068], [72.34928784, 34.21781666]]]]}, "properties": {"id": "Pakistan_123102310_292034", "height": 3.405342102050781, "hmax": 0.125, "ratio": 0.037, "vulnClass": "none"}}, {"type": "Feature", "geometry": {"type": "MultiPolygon", "coordinates": [[[[72.34930278, 34.21780322], [72.34930103, 34.21775329], [72.34928066, 34.21775378], [72.34928242, 34.21780371], [72.34930278, 34.21780322]]]]}, "properties": {"id": "Pakistan_123102310_349099", "height": 2.453820705413818, "hmax": 0.125, "ratio": 0.051, "vulnClass": "low"}}, {"type": "Feature", "geometry": {"type": "MultiPolygon", "coordinates": [[[[72.34915796, 34.21774091], [72.34915506, 34.21779285], [72.3492739, 34.21779739], [72.3492768, 34.21774545], [72.34915796, 34.21774091]]]]}, "properties": {"id": "Pakistan_123102310_618811", "height": 3.207812070846558, "hmax": 0.158, "ratio": 0.049, "vulnClass": "none"}}, {"type": "Feature", "geometry": {"type": "MultiPolygon", "coordinates": [[[[72.34906233, 34.21794358], [72.3490611, 34.21797459], [72.34911042, 34.21797593], [72.34911314, 34.21790725], [72.34894861, 34.21790279], [72.34894712, 34.21794046], [72.34906233, 34.21794358]]]]}, "properties": {"id": "Pakistan_123102310_709228", "height": 3.203823804855347, "hmax": 0.178, "ratio": 0.056, "vulnClass": "low"}}, {"type": "Feature", "geometry": {"type": "MultiPolygon", "coordinates": [[[[72.34919691, 34.2180624], [72.34919896, 34.21800922], [72.34911858, 34.2180071], [72.34911653, 34.21806028], [72.34919691, 34.2180624]]]]}, "properties": {"id": "Pakistan_123102310_561891", "height": 3.650455713272095, "hmax": 0.125, "ratio": 0.034, "vulnClass": "none"}}, {"type": "Feature", "geometry": {"type": "MultiPolygon", "coordinates": [[[[72.34910408, 34.21789478], [72.3492072, 34.2179001], [72.34920187, 34.2179708], [72.34925373, 34.21797347], [72.3492558, 34.21794593], [72.34934555, 34.21795055], [72.34934822, 34.2179152], [72.34927449, 34.2179114], [72.34928282, 34.21780093], [72.34921602, 34.21779749], [72.34921569, 34.21780191], [72.34911148, 34.21779655], [72.34910408, 34.21789478]]]]}, "properties": {"id": "Pakistan_123102310_752046", "height": 3.207812070846558, "hmax": 0.154, "ratio": 0.048, "vulnClass": "none"}}, {"type": "Feature", "geometry": {"type": "MultiPolygon", "coordinates": [[[[72.34951139, 34.21790628], [72.34945169, 34.21790226], [72.34944745, 34.21794528], [72.34950716, 34.2179493], [72.34951139, 34.21790628]]]]}, "properties": {"id": "Pakistan_123102310_207087", "height": 3.099884748458862, "hmax": 0.125, "ratio": 0.04, "vulnClass": "none"}}, {"type": "Feature", "geometry": {"type": "MultiPolygon", "coordinates": [[[[72.34959472, 34.21800572], [72.34967246, 34.21800722], [72.34967353, 34.21796954], [72.34959579, 34.21796803], [72.34959472, 34.21800572]]]]}, "properties": {"id": "Pakistan_123102310_452964", "height": 2.611555099487305, "hmax": 0.119, "ratio": 0.046, "vulnClass": "none"}}, {"type": "Feature", "geometry": {"type": "MultiPolygon", "coordinates": [[[[72.34952865, 34.21811087], [72.34952262, 34.21799353], [72.3494412, 34.21799639], [72.3494445, 34.2180606], [72.34936795, 34.21806329], [72.34937068, 34.21811642], [72.34952865, 34.21811087]]]]}, "properties": {"id": "Pakistan_123102310_680732", "height": 3.394708633422852, "hmax": 0.119, "ratio": 0.035, "vulnClass": "none"}}, {"type": "Feature", "geometry": {"type": "MultiPolygon", "coordinates": [[[[72.34954854, 34.21814184], [72.34955159, 34.21820934], [72.34971766, 34.21820421], [72.3497146, 34.2181367], [72.34954854, 34.21814184]]]]}, "properties": {"id": "Pakistan_123102310_207093", "height": 2.65989875793457, "hmax": 0.119, "ratio": 0.045, "vulnClass": "none"}}, {"type": "Feature", "geometry": {"type": "MultiPolygon", "coordinates": [[[[72.34945098, 34.21811809], [72.34936631, 34.21811986], [72.34936856, 34.21819301], [72.34945323, 34.21819123], [72.34945098, 34.21811809]]]]}, "properties": {"id": "Pakistan_123102310_926949", "height": 3.546356678009033, "hmax": 0.119, "ratio": 0.034, "vulnClass": "none"}}, {"type": "Feature", "geometry": {"type": "MultiPolygon", "coordinates": [[[[72.34948842, 34.21818605], [72.34949436, 34.21827449], [72.34937671, 34.2182799], [72.34937953, 34.21832191], [72.34954109, 34.21831449], [72.34953231, 34.21818403], [72.34948842, 34.21818605]]]]}, "properties": {"id": "Pakistan_123102310_391528", "height": 4.21483850479126, "hmax": 0.119, "ratio": 0.028, "vulnClass": "none"}}, {"type": "Feature", "geometry": {"type": "MultiPolygon", "coordinates": [[[[72.34936276, 34.21813952], [72.34936468, 34.21807302], [72.34913145, 34.21806843], [72.34913072, 34.21809385], [72.34908783, 34.218093], [72.34908665, 34.21813409], [72.34936276, 34.21813952]]]]}, "properties": {"id": "Pakistan_123102310_271962", "height": 3.974780559539795, "hmax": 0.121, "ratio": 0.03, "vulnClass": "none"}}, {"type": "Feature", "geometry": {"type": "MultiPolygon", "coordinates": [[[[72.34937375, 34.21832682], [72.3492183, 34.21832324], [72.34921398, 34.21845178], [72.34936943, 34.21845536], [72.34937375, 34.21832682]]]]}, "properties": {"id": "Pakistan_123102310_661668", "height": 3.821101188659668, "hmax": 0.119, "ratio": 0.031, "vulnClass": "none"}}, {"type": "Feature", "geometry": {"type": "MultiPolygon", "coordinates": [[[[72.34949506, 34.21841074], [72.34948684, 34.2183494], [72.34944026, 34.21835366], [72.34944848, 34.21841501], [72.34949506, 34.21841074]]]]}, "properties": {"id": "Pakistan_123102310_737847", "height": 3.24352765083313, "hmax": 0.119, "ratio": 0.037, "vulnClass": "none"}}, {"type": "Feature", "geometry": {"type": "MultiPolygon", "coordinates": [[[[72.34946432, 34.2185035], [72.34938819, 34.2185011], [72.34938431, 34.21858526], [72.34957294, 34.21859119], [72.3495734, 34.21858117], [72.34946091, 34.21857763], [72.34946432, 34.2185035]]]]}, "properties": {"id": "Pakistan_123102310_282487", "height": 2.893613576889038, "hmax": 0.119, "ratio": 0.041, "vulnClass": "none"}}, {"type": "Feature", "geometry": {"type": "MultiPolygon", "coordinates": [[[[72.34958251, 34.21855268], [72.34958074, 34.21858588], [72.34975475, 34.21859223], [72.34975652, 34.21855902], [72.34958251, 34.21855268]]]]}, "properties": {"id": "Pakistan_123102310_770949", "height": 3.856306791305542, "hmax": 0.119, "ratio": 0.031, "vulnClass": "none"}}, {"type": "Feature", "geometry": {"type": "MultiPolygon", "coordinates": [[[[72.34938139, 34.21858976], [72.3493793, 34.21865181], [72.349784, 34.21866116], [72.34978609, 34.2185991], [72.34938139, 34.21858976]]]]}, "properties": {"id": "Pakistan_123102310_926948", "height": 3.701224565505981, "hmax": 0.119, "ratio": 0.032, "vulnClass": "none"}}, {"type": "Feature", "geometry": {"type": "MultiPolygon", "coordinates": [[[[72.34809281, 34.21892739], [72.34807473, 34.21870341], [72.34800263, 34.21870739], [72.34801208, 34.21882442], [72.3478839, 34.2188315], [72.34787891, 34.21876967], [72.34776676, 34.21877586], [72.34778039, 34.21894462], [72.34809281, 34.21892739]]]]}, "properties": {"id": "Pakistan_123102310_690150", "height": 6.412425994873047, "hmax": 0.052, "ratio": 0.008, "vulnClass": "none"}}]}