{"type": "FeatureCollection", "features": [{"type": "Feature", "geometry": {"type": "MultiPolygon", "coordinates": [[[[72.0155527, 34.3981461], [72.01537609, 34.39814237], [72.01536712, 34.39843471], [72.01554373, 34.39843843], [72.0155527, 34.3981461]]]]}, "properties": {"id": "8J6J92X8+858P", "height": 2.648812055587769, "hmax": 0.468, "ratio": 0.177, "vulnClass": "low"}}, {"type": "Feature", "geometry": {"type": "MultiPolygon", "coordinates": [[[[72.01295459, 34.39843309], [72.01292635, 34.39842747], [72.01291487, 34.39846714], [72.01294312, 34.39847275], [72.01295459, 34.39843309]]]]}, "properties": {"id": "8J6J92X7+95M5", "height": 3.375901699066162, "hmax": 0.016, "ratio": 0.005, "vulnClass": "none"}}, {"type": "Feature", "geometry": {"type": "MultiPolygon", "coordinates": [[[[72.0101497, 34.397734], [72.0102466, 34.3976367], [72.0102076, 34.39761], [72.0101107, 34.3977072], [72.0101497, 34.397734]]]]}, "properties": {"id": "8J6J92X6+337W", "height": 2.540079355239868, "hmax": 0.008, "ratio": 0.003, "vulnClass": "none"}}, {"type": "Feature", "geometry": {"type": "MultiPolygon", "coordinates": [[[[72.00942557, 34.39775681], [72.00936367, 34.39775302], [72.00935847, 34.39781143], [72.00942036, 34.39781522], [72.00942557, 34.39775681]]]]}, "properties": {"id": "8J6J92X5+4Q68", "height": 4.352272510528564, "hmax": 0.007, "ratio": 0.002, "vulnClass": "none"}}, {"type": "Feature", "geometry": {"type": "MultiPolygon", "coordinates": [[[[72.00946581, 34.39776319], [72.00942234, 34.39776147], [72.0094203, 34.39779696], [72.00946377, 34.39779867], [72.00946581, 34.39776319]]]]}, "properties": {"id": "8J6J92X5+4Q86", "height": 3.179294109344482, "hmax": 0.007, "ratio": 0.002, "vulnClass": "none"}}, {"type": "Feature", "geometry": {"type": "MultiPolygon", "coordinates": [[[[72.00946778, 34.39772771], [72.00942838, 34.39772274], [72.00942267, 34.39775386], [72.00946207, 34.39775882], [72.00946778, 34.39772771]]]]}, "properties": {"id": "8J6J92X5+3QWJ", "height": 3.137560367584229, "hmax": 0.007, "ratio": 0.002, "vulnClass": "none"}}, {"type": "Feature", "geometry": {"type": "MultiPolygon", "coordinates": [[[[72.00961728, 34.39782125], [72.00963532, 34.39773992], [72.0095925, 34.39773339], [72.00958291, 34.39777663], [72.0095007, 34.3977641], [72.00949226, 34.39780219], [72.00961728, 34.39782125]]]]}, "properties": {"id": "8J6J92X5+4R87", "height": 3.229398727416992, "hmax": 0.007, "ratio": 0.002, "vulnClass": "none"}}, {"type": "Feature", "geometry": {"type": "MultiPolygon", "coordinates": [[[[72.0094122, 34.39786184], [72.00938899, 34.3978592], [72.00938588, 34.397878], [72.0094501, 34.39788531], [72.00945744, 34.39784098], [72.00941643, 34.39783631], [72.0094122, 34.39786184]]]]}, "properties": {"id": "8J6J92X5+4QVG", "height": 3.454411506652832, "hmax": 0.007, "ratio": 0.002, "vulnClass": "none"}}, {"type": "Feature", "geometry": {"type": "MultiPolygon", "coordinates": [[[[72.00386209, 34.4001904], [72.00380443, 34.40018865], [72.00380281, 34.40022527], [72.00386047, 34.40022702], [72.00386209, 34.4001904]]]]}, "properties": {"id": "8J6JC223+3GP8", "height": 3.300519704818726, "hmax": 0.005, "ratio": 0.002, "vulnClass": "none"}}, {"type": "Feature", "geometry": {"type": "MultiPolygon", "coordinates": [[[[72.00394051, 34.40015123], [72.0038977, 34.40015845], [72.00393652, 34.40031641], [72.00397933, 34.40030919], [72.00394051, 34.40015123]]]]}, "properties": {"id": "8J6JC223+3HW6", "height": 3.038020133972168, "hmax": 0.007, "ratio": 0.002, "vulnClass": "none"}}, {"type": "Feature", "geometry": {"type": "MultiPolygon", "coordinates": [[[[72.00381491, 34.39999655], [72.00377554, 34.4000025], [72.00379168, 34.40007583], [72.00383105, 34.40006987], [72.00381491, 34.39999655]]]]}, "properties": {"id": "8J6JC223+2G7G", "height": 3.69942569732666, "hmax": 0.012, "ratio": 0.003, "vulnClass": "none"}}, {"type": "Feature", "geometry": {"type": "MultiPolygon", "coordinates": [[[[72.00357597, 34.39985216], [72.00353048, 34.39984976], [72.00352324, 34.39994385], [72.00364351, 34.3999502], [72.00364723, 34.39990178], [72.00357245, 34.39989783], [72.00357597, 34.39985216]]]]}, "properties": {"id": "8J6J92X3+XC87", "height": 2.772176265716553, "hmax": 0.012, "ratio": 0.004, "vulnClass": "none"}}, {"type": "Feature", "geometry": {"type": "MultiPolygon", "coordinates": [[[[72.00418308, 34.39954453], [72.00413774, 34.39954978], [72.00414554, 34.39959602], [72.00419088, 34.39959077], [72.00418308, 34.39954453]]]]}, "properties": {"id": "8J6J92X3+RMFV", "height": 3.754177570343018, "hmax": 0.012, "ratio": 0.003, "vulnClass": "none"}}, {"type": "Feature", "geometry": {"type": "MultiPolygon", "coordinates": [[[[72.00407938, 34.39970392], [72.00403364, 34.39970504], [72.00403486, 34.39973936], [72.00408061, 34.39973824], [72.00407938, 34.39970392]]]]}, "properties": {"id": "8J6J92X3+VJMX", "height": 2.626591682434082, "hmax": 0.012, "ratio": 0.005, "vulnClass": "none"}}, {"type": "Feature", "geometry": {"type": "MultiPolygon", "coordinates": [[[[72.00420411, 34.39965866], [72.0041575, 34.39966267], [72.00416274, 34.39970459], [72.00420936, 34.39970057], [72.00420411, 34.39965866]]]]}, "properties": {"id": "8J6J92X3+VMF9", "height": 3.152170896530151, "hmax": 0.01, "ratio": 0.003, "vulnClass": "none"}}, {"type": "Feature", "geometry": {"type": "MultiPolygon", "coordinates": [[[[72.00420936, 34.39970057], [72.00416274, 34.39970459], [72.00418167, 34.39985574], [72.0043456, 34.39984164], [72.00434075, 34.39980285], [72.00422343, 34.39981295], [72.00420936, 34.39970057]]]]}, "properties": {"id": "8J6J92X3+WM9V", "height": 2.708875179290771, "hmax": 0.007, "ratio": 0.003, "vulnClass": "none"}}, {"type": "Feature", "geometry": {"type": "MultiPolygon", "coordinates": [[[[72.00411069, 34.40010901], [72.00402775, 34.40011492], [72.00403587, 34.40019327], [72.00411882, 34.40018736], [72.00411069, 34.40010901]]]]}, "properties": {"id": "8J6JC223+3J83", "height": 3.625163078308105, "hmax": 0.012, "ratio": 0.003, "vulnClass": "none"}}, {"type": "Feature", "geometry": {"type": "MultiPolygon", "coordinates": [[[[72.00417119, 34.40009725], [72.00414404, 34.40009637], [72.00414193, 34.40014068], [72.00416908, 34.40014156], [72.00417119, 34.40009725]]]]}, "properties": {"id": "8J6JC223+2MVJ", "height": 5.094793319702148, "hmax": 0.012, "ratio": 0.002, "vulnClass": "none"}}, {"type": "Feature", "geometry": {"type": "MultiPolygon", "coordinates": [[[[72.00404939, 34.40024695], [72.0039977, 34.40025168], [72.00400833, 34.40033147], [72.00410564, 34.40032256], [72.00410014, 34.40028123], [72.00405451, 34.4002854], [72.00404939, 34.40024695]]]]}, "properties": {"id": "8J6JC223+4J7M", "height": 2.451619148254395, "hmax": 0.005, "ratio": 0.002, "vulnClass": "none"}}, {"type": "Feature", "geometry": {"type": "MultiPolygon", "coordinates": [[[[72.00416436, 34.40041267], [72.00391478, 34.40039759], [72.00390824, 34.40047194], [72.00415782, 34.40048702], [72.00416436, 34.40041267]]]]}, "properties": {"id": "8J6JC223+5JFJ", "height": 3.364748239517212, "hmax": 0.005, "ratio": 0.002, "vulnClass": "none"}}, {"type": "Feature", "geometry": {"type": "MultiPolygon", "coordinates": [[[[72.00778063, 34.40114128], [72.00774046, 34.40113979], [72.00773882, 34.4011702], [72.00777899, 34.40117169], [72.00778063, 34.40114128]]]]}, "properties": {"id": "8J6JC225+F467", "height": 3.071179389953613, "hmax": 0.019, "ratio": 0.006, "vulnClass": "none"}}, {"type": "Feature", "geometry": {"type": "MultiPolygon", "coordinates": [[[[72.00276726, 34.40196515], [72.00272027, 34.4017345], [72.00252605, 34.40176168], [72.00254497, 34.40185453], [72.00263592, 34.4018418], [72.00264884, 34.40190521], [72.0025864, 34.40191395], [72.00260156, 34.40198834], [72.00276726, 34.40196515]]]]}, "properties": {"id": "8J6JC223+P3V6", "height": 3.442562103271484, "hmax": 0.01, "ratio": 0.003, "vulnClass": "none"}}, {"type": "Feature", "geometry": {"type": "MultiPolygon", "coordinates": [[[[72.00362096, 34.40310134], [72.00353324, 34.40313362], [72.00357126, 34.40320459], [72.00362, 34.40318666], [72.00364281, 34.40322926], [72.00368179, 34.40321492], [72.00362096, 34.40310134]]]]}, "properties": {"id": "8J6JC233+7C9F", "height": 4.666332721710205, "hmax": 0.011, "ratio": 0.002, "vulnClass": "none"}}, {"type": "Feature", "geometry": {"type": "MultiPolygon", "coordinates": [[[[72.00728136, 34.40619924], [72.00721549, 34.40620955], [72.0072249, 34.40625085], [72.00729076, 34.40624054], [72.00728136, 34.40619924]]]]}, "properties": {"id": "8J6JC244+FWR2", "height": 3.377083539962769, "hmax": 0.003, "ratio": 0.001, "vulnClass": "none"}}, {"type": "Feature", "geometry": {"type": "MultiPolygon", "coordinates": [[[[72.00737857, 34.40624843], [72.00730764, 34.40625889], [72.00733591, 34.40639061], [72.00740684, 34.40638015], [72.00737857, 34.40624843]]]]}, "properties": {"id": "8J6JC244+GWHM", "height": 4.010356903076172, "hmax": 0.003, "ratio": 0.001, "vulnClass": "none"}}, {"type": "Feature", "geometry": {"type": "MultiPolygon", "coordinates": [[[[72.00736757, 34.40613209], [72.00731898, 34.40613651], [72.00733216, 34.40623595], [72.00738074, 34.40623153], [72.00736757, 34.40613209]]]]}, "properties": {"id": "8J6JC244+FWH6", "height": 4.796032905578613, "hmax": 0.003, "ratio": 0.001, "vulnClass": "none"}}, {"type": "Feature", "geometry": {"type": "MultiPolygon", "coordinates": [[[[72.00758454, 34.40604482], [72.00752744, 34.40605001], [72.00753081, 34.40607542], [72.00758791, 34.40607022], [72.00758454, 34.40604482]]]]}, "properties": {"id": "8J6JC245+C2FH", "height": 2.727078437805176, "hmax": 0.003, "ratio": 0.001, "vulnClass": "none"}}, {"type": "Feature", "geometry": {"type": "MultiPolygon", "coordinates": [[[[72.00757582, 34.40608005], [72.00754451, 34.40608542], [72.00754953, 34.40610556], [72.00758085, 34.4061002], [72.00757582, 34.40608005]]]]}, "properties": {"id": "8J6JC245+C2PJ", "height": 2.77149772644043, "hmax": 0.003, "ratio": 0.001, "vulnClass": "none"}}, {"type": "Feature", "geometry": {"type": "MultiPolygon", "coordinates": [[[[72.00760656, 34.40621098], [72.00759619, 34.40613277], [72.00737038, 34.40615332], [72.00738074, 34.40623153], [72.00760656, 34.40621098]]]]}, "properties": {"id": "8J6JC244+FXH8", "height": 4.843369960784912, "hmax": 0.003, "ratio": 0.001, "vulnClass": "none"}}, {"type": "Feature", "geometry": {"type": "MultiPolygon", "coordinates": [[[[72.00759406, 34.40644109], [72.00757702, 34.40623798], [72.00744837, 34.40624539], [72.0074508, 34.40627439], [72.00752978, 34.40626984], [72.00753855, 34.40637442], [72.00735045, 34.40638526], [72.00735628, 34.4064548], [72.00759406, 34.40644109]]]]}, "properties": {"id": "8J6JC244+GXXX", "height": 4.777694225311279, "hmax": 0.003, "ratio": 0.001, "vulnClass": "none"}}, {"type": "Feature", "geometry": {"type": "MultiPolygon", "coordinates": [[[[72.00767806, 34.40622601], [72.00760279, 34.40622266], [72.00759967, 34.40627079], [72.00767494, 34.40627414], [72.00767806, 34.40622601]]]]}, "properties": {"id": "8J6JC245+F3RV", "height": 2.933595418930054, "hmax": 0.003, "ratio": 0.001, "vulnClass": "none"}}, {"type": "Feature", "geometry": {"type": "MultiPolygon", "coordinates": [[[[72.0077404, 34.40611965], [72.00759619, 34.40613277], [72.00760656, 34.40621098], [72.00772415, 34.40620028], [72.00772731, 34.40622416], [72.00775392, 34.40622174], [72.0077404, 34.40611965]]]]}, "properties": {"id": "8J6JC245+F37P", "height": 2.581018447875977, "hmax": 0.003, "ratio": 0.001, "vulnClass": "none"}}, {"type": "Feature", "geometry": {"type": "MultiPolygon", "coordinates": [[[[72.0075946, 34.4060354], [72.0075946, 34.406131], [72.0077104, 34.406131], [72.0077105, 34.4060355], [72.0075946, 34.4060354]]]]}, "properties": {"id": "8J6JC245+C3J9", "height": 2.964466094970703, "hmax": 0.003, "ratio": 0.001, "vulnClass": "none"}}, {"type": "Feature", "geometry": {"type": "MultiPolygon", "coordinates": [[[[72.00406956, 34.40417223], [72.00403705, 34.404142], [72.00395971, 34.40419914], [72.00399222, 34.40422937], [72.00406956, 34.40417223]]]]}, "properties": {"id": "8J6JC233+MJCF", "height": 5.943742752075195, "hmax": 0.003, "ratio": 0.001, "vulnClass": "none"}}, {"type": "Feature", "geometry": {"type": "MultiPolygon", "coordinates": [[[[72.00415624, 34.40407467], [72.00406476, 34.40412568], [72.00409059, 34.40415751], [72.00413934, 34.40413033], [72.00416776, 34.40416534], [72.0042105, 34.40414151], [72.00415624, 34.40407467]]]]}, "properties": {"id": "8J6JC233+JMRW", "height": 10.394831657409668, "hmax": 0.003, "ratio": 0.0, "vulnClass": "none"}}, {"type": "Feature", "geometry": {"type": "MultiPolygon", "coordinates": [[[[72.00840945, 34.40265539], [72.00836719, 34.40265181], [72.00836314, 34.4026846], [72.00840541, 34.40268818], [72.00840945, 34.40265539]]]]}, "properties": {"id": "8J6JC235+396V", "height": 4.35081148147583, "hmax": 0.017, "ratio": 0.004, "vulnClass": "none"}}, {"type": "Feature", "geometry": {"type": "MultiPolygon", "coordinates": [[[[72.00896162, 34.4035314], [72.00885546, 34.40353443], [72.00886613, 34.40379111], [72.00934826, 34.40377734], [72.00934448, 34.40368639], [72.00896851, 34.40369713], [72.00896162, 34.4035314]]]]}, "properties": {"id": "8J6JC235+FJM4", "height": 3.650132179260254, "hmax": 0.007, "ratio": 0.002, "vulnClass": "none"}}, {"type": "Feature", "geometry": {"type": "MultiPolygon", "coordinates": [[[[72.00849388, 34.40381803], [72.00849746, 34.40370639], [72.00841724, 34.40370463], [72.00841367, 34.40381627], [72.00849388, 34.40381803]]]]}, "properties": {"id": "8J6JC235+G94G", "height": 4.653003692626953, "hmax": 0.007, "ratio": 0.002, "vulnClass": "none"}}, {"type": "Feature", "geometry": {"type": "MultiPolygon", "coordinates": [[[[72.00871565, 34.40379774], [72.00871046, 34.40372812], [72.00849267, 34.40373928], [72.00849786, 34.4038089], [72.00871565, 34.40379774]]]]}, "properties": {"id": "8J6JC235+GC5M", "height": 4.2118239402771, "hmax": 0.007, "ratio": 0.002, "vulnClass": "none"}}, {"type": "Feature", "geometry": {"type": "MultiPolygon", "coordinates": [[[[72.00851263, 34.40366637], [72.00840893, 34.40367386], [72.00841175, 34.40370484], [72.00851589, 34.40369732], [72.00851263, 34.40366637]]]]}, "properties": {"id": "8J6JC235+F9GH", "height": 4.510354042053223, "hmax": 0.007, "ratio": 0.002, "vulnClass": "none"}}, {"type": "Feature", "geometry": {"type": "MultiPolygon", "coordinates": [[[[72.00840319, 34.40367757], [72.00836747, 34.40368262], [72.00837186, 34.40370398], [72.00840758, 34.40369893], [72.00840319, 34.40367757]]]]}, "properties": {"id": "8J6JC235+F9CM", "height": 4.353752136230469, "hmax": 0.008, "ratio": 0.002, "vulnClass": "none"}}, {"type": "Feature", "geometry": {"type": "MultiPolygon", "coordinates": [[[[72.00854019, 34.40360306], [72.00849223, 34.40360315], [72.00849235, 34.40364927], [72.00854031, 34.40364919], [72.00854019, 34.40360306]]]]}, "properties": {"id": "8J6JC235+FC24", "height": 2.998175144195557, "hmax": 0.007, "ratio": 0.002, "vulnClass": "none"}}, {"type": "Feature", "geometry": {"type": "MultiPolygon", "coordinates": [[[[72.0082748, 34.4036287], [72.00822005, 34.40362749], [72.00821772, 34.40370024], [72.00835695, 34.4037033], [72.00835872, 34.40364811], [72.00827423, 34.40364625], [72.0082748, 34.4036287]]]]}, "properties": {"id": "8J6JC235+F87R", "height": 3.578778982162476, "hmax": 0.008, "ratio": 0.002, "vulnClass": "none"}}, {"type": "Feature", "geometry": {"type": "MultiPolygon", "coordinates": [[[[72.00827407, 34.40370395], [72.0082187, 34.40369669], [72.00819492, 34.40382138], [72.00825029, 34.40382864], [72.00827407, 34.40370395]]]]}, "properties": {"id": "8J6JC235+G75G", "height": 3.070372104644775, "hmax": 0.008, "ratio": 0.003, "vulnClass": "none"}}, {"type": "Feature", "geometry": {"type": "MultiPolygon", "coordinates": [[[[72.00833954, 34.40404905], [72.00828852, 34.40405243], [72.00829086, 34.40407664], [72.00834187, 34.40407326], [72.00833954, 34.40404905]]]]}, "properties": {"id": "8J6JC235+J8GC", "height": 2.860116481781006, "hmax": 0.011, "ratio": 0.004, "vulnClass": "none"}}, {"type": "Feature", "geometry": {"type": "MultiPolygon", "coordinates": [[[[72.0082675, 34.4038952], [72.00823318, 34.40389699], [72.00823683, 34.40394505], [72.00827114, 34.40394326], [72.0082675, 34.4038952]]]]}, "properties": {"id": "8J6JC235+H86R", "height": 3.844628572463989, "hmax": 0.011, "ratio": 0.003, "vulnClass": "none"}}, {"type": "Feature", "geometry": {"type": "MultiPolygon", "coordinates": [[[[72.00837741, 34.40388966], [72.00837982, 34.40384747], [72.00824641, 34.40384223], [72.00824399, 34.40388442], [72.00837741, 34.40388966]]]]}, "properties": {"id": "8J6JC235+G8VQ", "height": 3.142320871353149, "hmax": 0.008, "ratio": 0.003, "vulnClass": "none"}}, {"type": "Feature", "geometry": {"type": "MultiPolygon", "coordinates": [[[[72.00843243, 34.40395783], [72.00839984, 34.40395863], [72.00840193, 34.40401717], [72.00843453, 34.40401637], [72.00843243, 34.40395783]]]]}, "properties": {"id": "8J6JC235+H9VF", "height": 6.423917770385742, "hmax": 0.01, "ratio": 0.002, "vulnClass": "none"}}, {"type": "Feature", "geometry": {"type": "MultiPolygon", "coordinates": [[[[72.00842143, 34.40404363], [72.00837234, 34.40404688], [72.0083787, 34.40411282], [72.00842779, 34.40410956], [72.00842143, 34.40404363]]]]}, "properties": {"id": "8J6JC235+J9J5", "height": 2.819254398345947, "hmax": 0.01, "ratio": 0.003, "vulnClass": "none"}}, {"type": "Feature", "geometry": {"type": "MultiPolygon", "coordinates": [[[[72.00865647, 34.40423893], [72.00857998, 34.40424809], [72.00859269, 34.40432103], [72.00866919, 34.40431187], [72.00865647, 34.40423893]]]]}, "properties": {"id": "8J6JC235+PC95", "height": 2.620453834533691, "hmax": 0.01, "ratio": 0.004, "vulnClass": "none"}}, {"type": "Feature", "geometry": {"type": "MultiPolygon", "coordinates": [[[[72.00843639, 34.40429575], [72.00837885, 34.40430019], [72.00838346, 34.40434121], [72.008441, 34.40433677], [72.00843639, 34.40429575]]]]}, "properties": {"id": "8J6JC235+P9FJ", "height": 4.406506061553955, "hmax": 0.01, "ratio": 0.002, "vulnClass": "none"}}, {"type": "Feature", "geometry": {"type": "MultiPolygon", "coordinates": [[[[72.00826805, 34.40424201], [72.00826562, 34.40422371], [72.00822779, 34.40422717], [72.00823023, 34.40424546], [72.00826805, 34.40424201]]]]}, "properties": {"id": "8J6JC235+M7X9", "height": 2.864325284957886, "hmax": 0.011, "ratio": 0.004, "vulnClass": "none"}}, {"type": "Feature", "geometry": {"type": "MultiPolygon", "coordinates": [[[[72.00838346, 34.40434121], [72.00836914, 34.40421376], [72.00828844, 34.40421999], [72.00830275, 34.40434744], [72.00838346, 34.40434121]]]]}, "properties": {"id": "8J6JC235+P889", "height": 4.406506061553955, "hmax": 0.011, "ratio": 0.003, "vulnClass": "none"}}, {"type": "Feature", "geometry": {"type": "MultiPolygon", "coordinates": [[[[72.00817033, 34.40406026], [72.00813288, 34.40406274], [72.00813924, 34.40412868], [72.0083459, 34.40411499], [72.00834187, 34.40407326], [72.00825314, 34.40407914], [72.00825081, 34.40405493], [72.00821709, 34.40405717], [72.00821942, 34.40408137], [72.00817266, 34.40408447], [72.00817033, 34.40406026]]]]}, "properties": {"id": "8J6JC235+J7QV", "height": 3.597434282302856, "hmax": 0.011, "ratio": 0.003, "vulnClass": "none"}}, {"type": "Feature", "geometry": {"type": "MultiPolygon", "coordinates": [[[[72.00809789, 34.40416808], [72.00810199, 34.40421064], [72.0084354, 34.40418855], [72.00842779, 34.40410956], [72.00817668, 34.4041262], [72.0081802, 34.40416263], [72.00809789, 34.40416808]]]]}, "properties": {"id": "8J6JC235+M87C", "height": 3.613882541656494, "hmax": 0.011, "ratio": 0.003, "vulnClass": "none"}}, {"type": "Feature", "geometry": {"type": "MultiPolygon", "coordinates": [[[[72.00809066, 34.40423525], [72.00804356, 34.40423889], [72.00805788, 34.40436634], [72.00830275, 34.40434744], [72.00829815, 34.40430642], [72.00810037, 34.40432168], [72.00809066, 34.40423525]]]]}, "properties": {"id": "8J6JC235+P7CW", "height": 3.15071702003479, "hmax": 0.011, "ratio": 0.003, "vulnClass": "none"}}, {"type": "Feature", "geometry": {"type": "MultiPolygon", "coordinates": [[[[72.00826529, 34.40514087], [72.00824354, 34.40500667], [72.00814632, 34.40501749], [72.00816807, 34.4051517], [72.00826529, 34.40514087]]]]}, "properties": {"id": "8J6JC245+27P4", "height": 2.797755002975464, "hmax": 0.006, "ratio": 0.002, "vulnClass": "none"}}, {"type": "Feature", "geometry": {"type": "MultiPolygon", "coordinates": [[[[72.00807935, 34.40510221], [72.0080102, 34.40510727], [72.00801733, 34.40517417], [72.00808648, 34.40516911], [72.00807935, 34.40510221]]]]}, "properties": {"id": "8J6JC245+363G", "height": 2.444486141204834, "hmax": 0.006, "ratio": 0.003, "vulnClass": "none"}}, {"type": "Feature", "geometry": {"type": "MultiPolygon", "coordinates": [[[[72.00808948, 34.40509664], [72.00808457, 34.40505947], [72.00800378, 34.40506682], [72.00800869, 34.40510398], [72.00808948, 34.40509664]]]]}, "properties": {"id": "8J6JC245+26M7", "height": 2.832104206085205, "hmax": 0.006, "ratio": 0.002, "vulnClass": "none"}}, {"type": "Feature", "geometry": {"type": "MultiPolygon", "coordinates": [[[[72.00820685, 34.40619239], [72.0081903, 34.40612282], [72.00799037, 34.40615551], [72.00800693, 34.40622507], [72.00820685, 34.40619239]]]]}, "properties": {"id": "8J6JC245+F69R", "height": 2.62028694152832, "hmax": 0.003, "ratio": 0.001, "vulnClass": "none"}}, {"type": "Feature", "geometry": {"type": "MultiPolygon", "coordinates": [[[[72.00802094, 34.40632568], [72.00800194, 34.4062457], [72.00791064, 34.4062606], [72.00792964, 34.40634058], [72.00802094, 34.40632568]]]]}, "properties": {"id": "8J6JC245+G58Q", "height": 2.970459938049316, "hmax": 0.003, "ratio": 0.001, "vulnClass": "none"}}, {"type": "Feature", "geometry": {"type": "MultiPolygon", "coordinates": [[[[72.00811807, 34.40626688], [72.00810889, 34.40622825], [72.00802432, 34.40624205], [72.0080335, 34.40628069], [72.00811807, 34.40626688]]]]}, "properties": {"id": "8J6JC245+G643", "height": 2.914031744003296, "hmax": 0.003, "ratio": 0.001, "vulnClass": "none"}}, {"type": "Feature", "geometry": {"type": "MultiPolygon", "coordinates": [[[[72.00820828, 34.40622996], [72.00819408, 34.40618777], [72.00810525, 34.40620832], [72.00811946, 34.40625051], [72.00820828, 34.40622996]]]]}, "properties": {"id": "8J6JC245+F7MJ", "height": 2.74513840675354, "hmax": 0.003, "ratio": 0.001, "vulnClass": "none"}}, {"type": "Feature", "geometry": {"type": "MultiPolygon", "coordinates": [[[[72.00840134, 34.40630573], [72.00835793, 34.40623578], [72.00824976, 34.40628189], [72.00829316, 34.40635184], [72.00840134, 34.40630573]]]]}, "properties": {"id": "8J6JC245+G88M", "height": 3.640117168426514, "hmax": 0.008, "ratio": 0.002, "vulnClass": "none"}}, {"type": "Feature", "geometry": {"type": "MultiPolygon", "coordinates": [[[[72.0085804, 34.40594979], [72.00849396, 34.40595092], [72.00849778, 34.40615352], [72.00869501, 34.40615096], [72.00869406, 34.40610077], [72.0085454, 34.4061027], [72.0085436, 34.40600767], [72.00858149, 34.40600718], [72.0085804, 34.40594979]]]]}, "properties": {"id": "8J6JC245+CCGR", "height": 2.591013431549072, "hmax": 0.011, "ratio": 0.004, "vulnClass": "none"}}, {"type": "Feature", "geometry": {"type": "MultiPolygon", "coordinates": [[[[72.00920313, 34.40591685], [72.00915071, 34.40592213], [72.0091746, 34.40608504], [72.00922701, 34.40607976], [72.00920313, 34.40591685]]]]}, "properties": {"id": "8J6JC245+CM42", "height": 2.603347301483154, "hmax": 0.011, "ratio": 0.004, "vulnClass": "none"}}, {"type": "Feature", "geometry": {"type": "MultiPolygon", "coordinates": [[[[72.009075, 34.4060049], [72.0089098, 34.4060215], [72.0089228, 34.4061104], [72.009088, 34.4060938], [72.009075, 34.4060049]]]]}, "properties": {"id": "8J6JC245+CHH9", "height": 2.702478885650635, "hmax": 0.011, "ratio": 0.004, "vulnClass": "none"}}, {"type": "Feature", "geometry": {"type": "MultiPolygon", "coordinates": [[[[72.00889758, 34.40620426], [72.00884774, 34.40619973], [72.00882946, 34.40633781], [72.0088793, 34.40634234], [72.00889758, 34.40620426]]]]}, "properties": {"id": "8J6JC245+GG5W", "height": 2.802167415618896, "hmax": 0.011, "ratio": 0.004, "vulnClass": "none"}}, {"type": "Feature", "geometry": {"type": "MultiPolygon", "coordinates": [[[[72.00883477, 34.40623293], [72.0087913, 34.406234], [72.00879211, 34.40625651], [72.00883557, 34.40625544], [72.00883477, 34.40623293]]]]}, "properties": {"id": "8J6JC245+FGWJ", "height": 2.573013305664062, "hmax": 0.011, "ratio": 0.004, "vulnClass": "none"}}, {"type": "Feature", "geometry": {"type": "MultiPolygon", "coordinates": [[[[72.00907655, 34.40622655], [72.00890516, 34.40620407], [72.00889571, 34.40625359], [72.0090671, 34.40627608], [72.00907655, 34.40622655]]]]}, "properties": {"id": "8J6JC245+FHXP", "height": 2.514683246612549, "hmax": 0.011, "ratio": 0.004, "vulnClass": "none"}}, {"type": "Feature", "geometry": {"type": "MultiPolygon", "coordinates": [[[[72.00920106, 34.40616453], [72.00913986, 34.40614561], [72.00912142, 34.4061866], [72.00918262, 34.40620552], [72.00920106, 34.40616453]]]]}, "properties": {"id": "8J6JC245+FMF2", "height": 2.501269102096558, "hmax": 0.011, "ratio": 0.004, "vulnClass": "none"}}, {"type": "Feature", "geometry": {"type": "MultiPolygon", "coordinates": [[[[72.00915915, 34.40600935], [72.00907344, 34.40601053], [72.00907427, 34.40605211], [72.00909724, 34.40605179], [72.00909812, 34.40609541], [72.00916086, 34.40609454], [72.00915915, 34.40600935]]]]}, "properties": {"id": "8J6JC245+CJ9X", "height": 2.790681600570679, "hmax": 0.011, "ratio": 0.004, "vulnClass": "none"}}, {"type": "Feature", "geometry": {"type": "MultiPolygon", "coordinates": [[[[72.00934945, 34.40601769], [72.00931855, 34.40601799], [72.00931951, 34.40608555], [72.00935041, 34.40608525], [72.00934945, 34.40601769]]]]}, "properties": {"id": "8J6JC245+CPG4", "height": 3.367866277694702, "hmax": 0.011, "ratio": 0.003, "vulnClass": "none"}}, {"type": "Feature", "geometry": {"type": "MultiPolygon", "coordinates": [[[[72.00936032, 34.40098279], [72.00936251, 34.40090124], [72.00931743, 34.4009004], [72.00931524, 34.40098196], [72.00936032, 34.40098279]]]]}, "properties": {"id": "8J6JC225+9PGQ", "height": 4.203736782073975, "hmax": 0.013, "ratio": 0.003, "vulnClass": "none"}}, {"type": "Feature", "geometry": {"type": "MultiPolygon", "coordinates": [[[[72.00943771, 34.40096079], [72.00935826, 34.40096706], [72.00936131, 34.40099361], [72.00944077, 34.40098734], [72.00943771, 34.40096079]]]]}, "properties": {"id": "8J6JC225+9QR5", "height": 2.782923936843872, "hmax": 0.013, "ratio": 0.005, "vulnClass": "none"}}, {"type": "Feature", "geometry": {"type": "MultiPolygon", "coordinates": [[[[72.0094699, 34.4009949], [72.0091974, 34.4009899], [72.0091945, 34.4010991], [72.0094989, 34.4011047], [72.0095019, 34.4009955], [72.0094699, 34.4009949]]]]}, "properties": {"id": "8J6JC225+CP9R", "height": 3.442477703094482, "hmax": 0.013, "ratio": 0.004, "vulnClass": "none"}}, {"type": "Feature", "geometry": {"type": "MultiPolygon", "coordinates": [[[[72.00902632, 34.4009685], [72.00896359, 34.40096811], [72.00896239, 34.40109892], [72.00902513, 34.40109932], [72.00902546, 34.4010631], [72.00904877, 34.40106324], [72.00904844, 34.40109946], [72.00919888, 34.40110041], [72.00919967, 34.40101358], [72.00902592, 34.40101248], [72.00902632, 34.4009685]]]]}, "properties": {"id": "8J6JC225+CJ8V", "height": 2.640662908554077, "hmax": 0.013, "ratio": 0.005, "vulnClass": "none"}}, {"type": "Feature", "geometry": {"type": "MultiPolygon", "coordinates": [[[[72.00894918, 34.40118849], [72.00891729, 34.40118752], [72.00891516, 34.4012357], [72.00894706, 34.40123667], [72.00894918, 34.40118849]]]]}, "properties": {"id": "8J6JC225+FHMH", "height": 2.94810962677002, "hmax": 0.021, "ratio": 0.007, "vulnClass": "none"}}, {"type": "Feature", "geometry": {"type": "MultiPolygon", "coordinates": [[[[72.00890877, 34.40059629], [72.00877309, 34.40060699], [72.00877701, 34.40064107], [72.00891268, 34.40063037], [72.00890877, 34.40059629]]]]}, "properties": {"id": "8J6JC225+6GWQ", "height": 5.293082237243652, "hmax": 0.013, "ratio": 0.003, "vulnClass": "none"}}, {"type": "Feature", "geometry": {"type": "MultiPolygon", "coordinates": [[[[72.0093999, 34.40082583], [72.00919907, 34.40082313], [72.00919835, 34.40085958], [72.00939919, 34.40086228], [72.0093999, 34.40082583]]]]}, "properties": {"id": "8J6JC225+8PMP", "height": 5.571001052856445, "hmax": 0.013, "ratio": 0.002, "vulnClass": "none"}}, {"type": "Feature", "geometry": {"type": "MultiPolygon", "coordinates": [[[[72.00898677, 34.3998628], [72.00898982, 34.39971297], [72.00895275, 34.39971245], [72.00895123, 34.39978706], [72.00864688, 34.39978279], [72.00864534, 34.39985802], [72.00898677, 34.3998628]]]]}, "properties": {"id": "8J6J92X5+WGGP", "height": 4.078638553619385, "hmax": 0.009, "ratio": 0.002, "vulnClass": "none"}}, {"type": "Feature", "geometry": {"type": "MultiPolygon", "coordinates": [[[[72.008785, 34.3995627], [72.0087424, 34.3995638], [72.0087441, 34.39961], [72.0087867, 34.399609], [72.008785, 34.3995627]]]]}, "properties": {"id": "8J6J92X5+RGJF", "height": 2.48115611076355, "hmax": 0.009, "ratio": 0.004, "vulnClass": "none"}}, {"type": "Feature", "geometry": {"type": "MultiPolygon", "coordinates": [[[[72.00924559, 34.39931885], [72.00907801, 34.39931595], [72.00907728, 34.39934462], [72.00924487, 34.39934753], [72.00924559, 34.39931885]]]]}, "properties": {"id": "8J6J92X5+PMM6", "height": 2.696415901184082, "hmax": 0.007, "ratio": 0.003, "vulnClass": "none"}}, {"type": "Feature", "geometry": {"type": "MultiPolygon", "coordinates": [[[[72.00908265, 34.39931769], [72.00899617, 34.39931029], [72.00897974, 34.39944207], [72.00902871, 34.39944626], [72.00902438, 34.39948098], [72.00925948, 34.39950112], [72.00926613, 34.39944776], [72.00922095, 34.39944388], [72.00921862, 34.39946253], [72.00906622, 34.39944948], [72.00908265, 34.39931769]]]]}, "properties": {"id": "8J6J92X5+QJ8W", "height": 4.452845096588135, "hmax": 0.008, "ratio": 0.002, "vulnClass": "none"}}, {"type": "Feature", "geometry": {"type": "MultiPolygon", "coordinates": [[[[72.01763658, 34.39878167], [72.01752942, 34.39876494], [72.01751877, 34.39881182], [72.01762593, 34.39882854], [72.01763658, 34.39878167]]]]}, "properties": {"id": "8J6J92X9+G28V", "height": 4.095633029937744, "hmax": 0.006, "ratio": 0.002, "vulnClass": "none"}}, {"type": "Feature", "geometry": {"type": "MultiPolygon", "coordinates": [[[[72.01653437, 34.40104137], [72.0164932, 34.40105135], [72.01650152, 34.40107494], [72.0165427, 34.40106496], [72.01653437, 34.40104137]]]]}, "properties": {"id": "8J6JC228+CJC8", "height": 2.476433515548706, "hmax": 0.009, "ratio": 0.004, "vulnClass": "none"}}, {"type": "Feature", "geometry": {"type": "MultiPolygon", "coordinates": [[[[72.01623448, 34.40102903], [72.01622772, 34.40105847], [72.01628701, 34.40106783], [72.01629377, 34.40103839], [72.01623448, 34.40102903]]]]}, "properties": {"id": "8J6JC228+CG6V", "height": 3.699645042419434, "hmax": 0.009, "ratio": 0.002, "vulnClass": "none"}}, {"type": "Feature", "geometry": {"type": "MultiPolygon", "coordinates": [[[[72.0162412, 34.4010802], [72.0162258, 34.4011435], [72.0163245, 34.40116], [72.0163398, 34.4010967], [72.0162412, 34.4010802]]]]}, "properties": {"id": "8J6JC228+CGVR", "height": 3.965380668640137, "hmax": 0.009, "ratio": 0.002, "vulnClass": "none"}}, {"type": "Feature", "geometry": {"type": "MultiPolygon", "coordinates": [[[[72.01670083, 34.40122838], [72.01661084, 34.40121343], [72.01659105, 34.40129533], [72.01668104, 34.40131028], [72.01670083, 34.40122838]]]]}, "properties": {"id": "8J6JC228+GM2G", "height": 6.595806121826172, "hmax": 0.009, "ratio": 0.001, "vulnClass": "none"}}, {"type": "Feature", "geometry": {"type": "MultiPolygon", "coordinates": [[[[72.01631767, 34.40574642], [72.01628107, 34.4057424], [72.01627663, 34.40577018], [72.01631322, 34.4057742], [72.01631767, 34.40574642]]]]}, "properties": {"id": "8J6JC248+8G38", "height": 3.119403123855591, "hmax": 0.444, "ratio": 0.142, "vulnClass": "low"}}, {"type": "Feature", "geometry": {"type": "MultiPolygon", "coordinates": [[[[72.01763811, 34.40644167], [72.01766053, 34.40629606], [72.01760102, 34.40628976], [72.01759733, 34.4063137], [72.01755142, 34.40630885], [72.01753268, 34.40643052], [72.01763811, 34.40644167]]]]}, "properties": {"id": "8J6JC249+G2XJ", "height": 3.287644624710083, "hmax": 0.336, "ratio": 0.102, "vulnClass": "low"}}, {"type": "Feature", "geometry": {"type": "MultiPolygon", "coordinates": [[[[72.01420288, 34.41219964], [72.01415768, 34.41216496], [72.01412409, 34.41219504], [72.01416929, 34.41222971], [72.01420288, 34.41219964]]]]}, "properties": {"id": "8J6JC267+VMFR", "height": 2.469693899154663, "hmax": 0.017, "ratio": 0.007, "vulnClass": "none"}}, {"type": "Feature", "geometry": {"type": "MultiPolygon", "coordinates": [[[[72.01362184, 34.41244291], [72.01356968, 34.41241202], [72.01353046, 34.41245751], [72.01358262, 34.4124884], [72.01362184, 34.41244291]]]]}, "properties": {"id": "8J6JC267+XCP3", "height": 2.575466632843018, "hmax": 0.017, "ratio": 0.007, "vulnClass": "none"}}, {"type": "Feature", "geometry": {"type": "MultiPolygon", "coordinates": [[[[72.01361584, 34.41233981], [72.01358831, 34.41236209], [72.0137339, 34.41248567], [72.01376143, 34.41246339], [72.01361584, 34.41233981]]]]}, "properties": {"id": "8J6JC267+XF7G", "height": 2.834914922714233, "hmax": 0.017, "ratio": 0.006, "vulnClass": "none"}}, {"type": "Feature", "geometry": {"type": "MultiPolygon", "coordinates": [[[[72.01387596, 34.41238293], [72.01374897, 34.41224663], [72.01366142, 34.41230266], [72.01378841, 34.41243896], [72.01387596, 34.41238293]]]]}, "properties": {"id": "8J6JC267+WGJP", "height": 11.697612762451172, "hmax": 0.017, "ratio": 0.002, "vulnClass": "none"}}, {"type": "Feature", "geometry": {"type": "MultiPolygon", "coordinates": [[[[72.01374897, 34.41224663], [72.01370447, 34.41219888], [72.01366284, 34.41222553], [72.01370734, 34.41227328], [72.01374897, 34.41224663]]]]}, "properties": {"id": "8J6JC267+VFWG", "height": 11.30870532989502, "hmax": 0.017, "ratio": 0.002, "vulnClass": "none"}}, {"type": "Feature", "geometry": {"type": "MultiPolygon", "coordinates": [[[[72.01306972, 34.41225808], [72.013011, 34.41223033], [72.01293128, 34.41234623], [72.01298999, 34.41237397], [72.01306972, 34.41225808]]]]}, "properties": {"id": "8J6JC267+W6C2", "height": 3.137872219085693, "hmax": 0.004, "ratio": 0.001, "vulnClass": "none"}}, {"type": "Feature", "geometry": {"type": "MultiPolygon", "coordinates": [[[[72.01288799, 34.41217221], [72.01281085, 34.41213576], [72.01273113, 34.41225166], [72.01293128, 34.41234623], [72.01297411, 34.41228396], [72.0128511, 34.41222583], [72.01288799, 34.41217221]]]]}, "properties": {"id": "8J6JC267+V4XR", "height": 2.668282032012939, "hmax": 0.004, "ratio": 0.002, "vulnClass": "none"}}, {"type": "Feature", "geometry": {"type": "MultiPolygon", "coordinates": [[[[72.01278355, 34.41217545], [72.01272048, 34.41214565], [72.0126587, 34.41223546], [72.01272177, 34.41226526], [72.01278355, 34.41217545]]]]}, "properties": {"id": "8J6JC267+V3Q6", "height": 2.573265790939331, "hmax": 0.004, "ratio": 0.002, "vulnClass": "none"}}, {"type": "Feature", "geometry": {"type": "MultiPolygon", "coordinates": [[[[72.00881078, 34.41238734], [72.00870339, 34.4123284], [72.00860888, 34.41244667], [72.00884001, 34.41257352], [72.00889474, 34.41250503], [72.008771, 34.41243712], [72.00881078, 34.41238734]]]]}, "properties": {"id": "8J6JC265+XFQ5", "height": 3.522996664047241, "hmax": 0.018, "ratio": 0.005, "vulnClass": "none"}}, {"type": "Feature", "geometry": {"type": "MultiPolygon", "coordinates": [[[[72.00870321, 34.41206186], [72.00865564, 34.41205239], [72.00863577, 34.41212094], [72.00868334, 34.41213041], [72.00870321, 34.41206186]]]]}, "properties": {"id": "8J6JC265+RFMM", "height": 2.64577579498291, "hmax": 0.018, "ratio": 0.007, "vulnClass": "none"}}, {"type": "Feature", "geometry": {"type": "MultiPolygon", "coordinates": [[[[72.00864302, 34.41198792], [72.0085819, 34.41198491], [72.00857927, 34.41202155], [72.0086404, 34.41202456], [72.00864302, 34.41198792]]]]}, "properties": {"id": "8J6JC265+RC54", "height": 3.038122653961182, "hmax": 0.015, "ratio": 0.005, "vulnClass": "none"}}, {"type": "Feature", "geometry": {"type": "MultiPolygon", "coordinates": [[[[72.00855387, 34.41196653], [72.00854525, 34.41188494], [72.00841153, 34.41189465], [72.00845462, 34.41230257], [72.00853986, 34.41229639], [72.00850539, 34.41197005], [72.00855387, 34.41196653]]]]}, "properties": {"id": "8J6JC265+R9Q3", "height": 2.888242721557617, "hmax": 0.017, "ratio": 0.006, "vulnClass": "none"}}, {"type": "Feature", "geometry": {"type": "MultiPolygon", "coordinates": [[[[72.0086417, 34.41175466], [72.00839973, 34.41171478], [72.00838926, 34.41175838], [72.00863123, 34.41179826], [72.0086417, 34.41175466]]]]}, "properties": {"id": "8J6JC265+PC27", "height": 3.245044469833374, "hmax": 0.015, "ratio": 0.005, "vulnClass": "none"}}, {"type": "Feature", "geometry": {"type": "MultiPolygon", "coordinates": [[[[72.0087789, 34.41188558], [72.00863126, 34.41185297], [72.00860472, 34.4119355], [72.00875236, 34.41196811], [72.0087789, 34.41188558]]]]}, "properties": {"id": "8J6JC265+QF8C", "height": 2.658042430877686, "hmax": 0.015, "ratio": 0.006, "vulnClass": "none"}}, {"type": "Feature", "geometry": {"type": "MultiPolygon", "coordinates": [[[[72.00856584, 34.41156145], [72.00843125, 34.41155405], [72.00841908, 34.41170622], [72.00855366, 34.41171362], [72.00856064, 34.41162647], [72.00851533, 34.41162398], [72.00851834, 34.41158636], [72.00856364, 34.41158885], [72.00856584, 34.41156145]]]]}, "properties": {"id": "8J6JC265+M95G", "height": 2.455248117446899, "hmax": 0.015, "ratio": 0.006, "vulnClass": "none"}}, {"type": "Feature", "geometry": {"type": "MultiPolygon", "coordinates": [[[[72.0080875, 34.4102844], [72.0080798, 34.410221], [72.0079417, 34.4102326], [72.0079494, 34.410296], [72.0080263, 34.4102895], [72.0080875, 34.4102844]]]]}, "properties": {"id": "8J6JC265+4627", "height": 2.601645469665527, "hmax": 0.007, "ratio": 0.003, "vulnClass": "none"}}, {"type": "Feature", "geometry": {"type": "MultiPolygon", "coordinates": [[[[72.0120617, 34.41058592], [72.01199342, 34.41063906], [72.01212656, 34.41075658], [72.01219485, 34.41070343], [72.0120617, 34.41058592]]]]}, "properties": {"id": "8J6JC266+7R9R", "height": 2.43892765045166, "hmax": 0.02, "ratio": 0.008, "vulnClass": "none"}}, {"type": "Feature", "geometry": {"type": "MultiPolygon", "coordinates": [[[[72.01274284, 34.4109781], [72.01274482, 34.41095365], [72.01271991, 34.41095227], [72.01271794, 34.41097672], [72.01274284, 34.4109781]]]]}, "properties": {"id": "8J6JC267+93QM", "height": 3.199382066726685, "hmax": 0.008, "ratio": 0.003, "vulnClass": "none"}}, {"type": "Feature", "geometry": {"type": "MultiPolygon", "coordinates": [[[[72.01285933, 34.4110909], [72.01274985, 34.41103941], [72.01272322, 34.41107831], [72.0128327, 34.4111298], [72.01285933, 34.4110909]]]]}, "properties": {"id": "8J6JC267+C4M7", "height": 2.750237941741943, "hmax": 0.008, "ratio": 0.003, "vulnClass": "none"}}, {"type": "Feature", "geometry": {"type": "MultiPolygon", "coordinates": [[[[72.01284212, 34.41133059], [72.0129545, 34.41116887], [72.01287293, 34.41112994], [72.01276055, 34.41129166], [72.01284212, 34.41133059]]]]}, "properties": {"id": "8J6JC267+F4X7", "height": 3.516205072402954, "hmax": 0.005, "ratio": 0.001, "vulnClass": "none"}}, {"type": "Feature", "geometry": {"type": "MultiPolygon", "coordinates": [[[[72.0125744, 34.41102383], [72.01254886, 34.41099873], [72.01250866, 34.41102684], [72.01253421, 34.41105193], [72.0125744, 34.41102383]]]]}, "properties": {"id": "8J6JC267+C273", "height": 4.817246913909912, "hmax": 0.008, "ratio": 0.002, "vulnClass": "none"}}, {"type": "Feature", "geometry": {"type": "MultiPolygon", "coordinates": [[[[72.01269787, 34.4109206], [72.01255977, 34.4108144], [72.01249426, 34.41087291], [72.01263236, 34.41097911], [72.01269787, 34.4109206]]]]}, "properties": {"id": "8J6JC267+925R", "height": 7.1398606300354, "hmax": 0.008, "ratio": 0.001, "vulnClass": "none"}}, {"type": "Feature", "geometry": {"type": "MultiPolygon", "coordinates": [[[[72.01250374, 34.41080649], [72.01241152, 34.41073089], [72.0123685, 34.41076694], [72.01246072, 34.41084254], [72.01250374, 34.41080649]]]]}, "properties": {"id": "8J6JC266+8X7H", "height": 4.846706867218018, "hmax": 0.02, "ratio": 0.004, "vulnClass": "none"}}, {"type": "Feature", "geometry": {"type": "MultiPolygon", "coordinates": [[[[72.01231747, 34.41080963], [72.01229574, 34.41078392], [72.01222292, 34.41082622], [72.01224465, 34.41085192], [72.01231747, 34.41080963]]]]}, "properties": {"id": "8J6JC266+8WCP", "height": 3.218005180358887, "hmax": 0.02, "ratio": 0.006, "vulnClass": "none"}}, {"type": "Feature", "geometry": {"type": "MultiPolygon", "coordinates": [[[[72.01235806, 34.41095939], [72.01221705, 34.4108363], [72.01214167, 34.41089562], [72.01234719, 34.41107503], [72.01249142, 34.41096154], [72.0124269, 34.41090522], [72.01235806, 34.41095939]]]]}, "properties": {"id": "8J6JC266+9WP6", "height": 3.891587734222412, "hmax": 0.02, "ratio": 0.005, "vulnClass": "none"}}, {"type": "Feature", "geometry": {"type": "MultiPolygon", "coordinates": [[[[72.01226791, 34.41106136], [72.01217212, 34.41096823], [72.01212241, 34.41100335], [72.01219045, 34.41106949], [72.01220358, 34.41106021], [72.01223134, 34.4110872], [72.01226791, 34.41106136]]]]}, "properties": {"id": "8J6JC266+CV82", "height": 3.592079639434814, "hmax": 0.02, "ratio": 0.006, "vulnClass": "none"}}, {"type": "Feature", "geometry": {"type": "MultiPolygon", "coordinates": [[[[72.01222397, 34.41110861], [72.01219251, 34.41106147], [72.01214771, 34.41108201], [72.01217918, 34.41112915], [72.01222397, 34.41110861]]]]}, "properties": {"id": "8J6JC266+CVMX", "height": 3.457249879837036, "hmax": 0.02, "ratio": 0.006, "vulnClass": "none"}}, {"type": "Feature", "geometry": {"type": "MultiPolygon", "coordinates": [[[[72.01224187, 34.4114151], [72.01205939, 34.41121414], [72.01198454, 34.41126083], [72.01216702, 34.41146179], [72.01224187, 34.4114151]]]]}, "properties": {"id": "8J6JC266+GRQG", "height": 3.51318883895874, "hmax": 0.012, "ratio": 0.003, "vulnClass": "none"}}, {"type": "Feature", "geometry": {"type": "MultiPolygon", "coordinates": [[[[72.01213837, 34.41116819], [72.01211356, 34.4111331], [72.01205056, 34.41116369], [72.01207536, 34.41119878], [72.01213837, 34.41116819]]]]}, "properties": {"id": "8J6JC266+FR9J", "height": 2.473591804504395, "hmax": 0.02, "ratio": 0.008, "vulnClass": "none"}}, {"type": "Feature", "geometry": {"type": "MultiPolygon", "coordinates": [[[[72.0123705, 34.41133746], [72.01247636, 34.41128786], [72.01244989, 34.41124906], [72.01234403, 34.41129866], [72.0123705, 34.41133746]]]]}, "properties": {"id": "8J6JC266+GX7J", "height": 3.461555957794189, "hmax": 0.012, "ratio": 0.003, "vulnClass": "none"}}, {"type": "Feature", "geometry": {"type": "MultiPolygon", "coordinates": [[[[72.01265556, 34.41122671], [72.01270106, 34.4111626], [72.01266836, 34.41114665], [72.01262286, 34.41121077], [72.01265556, 34.41122671]]]]}, "properties": {"id": "8J6JC267+F3FC", "height": 2.625909328460693, "hmax": 0.007, "ratio": 0.003, "vulnClass": "none"}}, {"type": "Feature", "geometry": {"type": "MultiPolygon", "coordinates": [[[[72.01250717, 34.41140821], [72.01265058, 34.41125217], [72.01260671, 34.41122447], [72.0124633, 34.41138052], [72.01250717, 34.41140821]]]]}, "properties": {"id": "8J6JC267+G2FQ", "height": 3.045362949371338, "hmax": 0.003, "ratio": 0.001, "vulnClass": "none"}}, {"type": "Feature", "geometry": {"type": "MultiPolygon", "coordinates": [[[[72.01270763, 34.41131015], [72.01265143, 34.4112751], [72.01262957, 34.41129969], [72.01268547, 34.41133455], [72.01270763, 34.41131015]]]]}, "properties": {"id": "8J6JC267+G3F3", "height": 2.482606887817383, "hmax": 0.003, "ratio": 0.001, "vulnClass": "none"}}, {"type": "Feature", "geometry": {"type": "MultiPolygon", "coordinates": [[[[72.01227732, 34.41139867], [72.01225955, 34.41136973], [72.01222126, 34.41138588], [72.01223903, 34.41141482], [72.01227732, 34.41139867]]]]}, "properties": {"id": "8J6JC266+HV5Q", "height": 3.160847425460815, "hmax": 0.012, "ratio": 0.004, "vulnClass": "none"}}, {"type": "Feature", "geometry": {"type": "MultiPolygon", "coordinates": [[[[72.01261338, 34.41153417], [72.01235518, 34.41141216], [72.01231218, 34.41147468], [72.01254725, 34.41158575], [72.01257164, 34.4115503], [72.01259476, 34.41156123], [72.01261338, 34.41153417]]]]}, "properties": {"id": "8J6JC266+JX44", "height": 3.378415584564209, "hmax": 0.008, "ratio": 0.002, "vulnClass": "none"}}, {"type": "Feature", "geometry": {"type": "MultiPolygon", "coordinates": [[[[72.01268548, 34.41146826], [72.01263178, 34.41145774], [72.01261711, 34.41150921], [72.01267081, 34.41151972], [72.01268548, 34.41146826]]]]}, "properties": {"id": "8J6JC267+H3RH", "height": 3.465575695037842, "hmax": 0.003, "ratio": 0.001, "vulnClass": "none"}}, {"type": "Feature", "geometry": {"type": "MultiPolygon", "coordinates": [[[[72.01282295, 34.41167264], [72.01284452, 34.41163269], [72.01269789, 34.41157833], [72.01262618, 34.41171119], [72.01269315, 34.41173603], [72.0127433, 34.41164311], [72.01282295, 34.41167264]]]]}, "properties": {"id": "8J6JC267+M392", "height": 2.570297002792358, "hmax": 0.003, "ratio": 0.001, "vulnClass": "none"}}, {"type": "Feature", "geometry": {"type": "MultiPolygon", "coordinates": [[[[72.01261963, 34.4119929], [72.01258172, 34.41196618], [72.01246564, 34.4120793], [72.01265648, 34.41221382], [72.01270508, 34.41216646], [72.01258302, 34.41208041], [72.012631, 34.41203366], [72.01260013, 34.4120119], [72.01261963, 34.4119929]]]]}, "properties": {"id": "8J6JC267+R2PP", "height": 2.637216567993164, "hmax": 0.004, "ratio": 0.002, "vulnClass": "none"}}, {"type": "Feature", "geometry": {"type": "MultiPolygon", "coordinates": [[[[72.01258357, 34.41193254], [72.01255585, 34.41191255], [72.01247832, 34.41198642], [72.01250603, 34.4120064], [72.01258357, 34.41193254]]]]}, "properties": {"id": "8J6JC267+Q2J9", "height": 2.636239528656006, "hmax": 0.003, "ratio": 0.001, "vulnClass": "none"}}, {"type": "Feature", "geometry": {"type": "MultiPolygon", "coordinates": [[[[72.0127556, 34.4120365], [72.01281949, 34.41196154], [72.01274065, 34.41191538], [72.01264671, 34.41202559], [72.01270185, 34.41205787], [72.0127319, 34.41202262], [72.0127556, 34.4120365]]]]}, "properties": {"id": "8J6JC267+Q3XF", "height": 2.938341379165649, "hmax": 0.003, "ratio": 0.001, "vulnClass": "none"}}, {"type": "Feature", "geometry": {"type": "MultiPolygon", "coordinates": [[[[72.01260075, 34.41180232], [72.01249945, 34.41191107], [72.0125349, 34.41193375], [72.01260548, 34.41185796], [72.01272037, 34.41193146], [72.01275121, 34.41189835], [72.01260075, 34.41180232]]]]}, "properties": {"id": "8J6JC267+P2XX", "height": 2.696403741836548, "hmax": 0.003, "ratio": 0.001, "vulnClass": "none"}}, {"type": "Feature", "geometry": {"type": "MultiPolygon", "coordinates": [[[[72.0126219, 34.41176189], [72.01249725, 34.41170299], [72.01242837, 34.41180311], [72.01255302, 34.41186201], [72.0126219, 34.41176189]]]]}, "properties": {"id": "8J6JC267+P269", "height": 2.496382474899292, "hmax": 0.004, "ratio": 0.002, "vulnClass": "none"}}, {"type": "Feature", "geometry": {"type": "MultiPolygon", "coordinates": [[[[72.01290957, 34.41186263], [72.01278847, 34.41180895], [72.01272471, 34.41190776], [72.01284581, 34.41196144], [72.01290957, 34.41186263]]]]}, "properties": {"id": "8J6JC267+Q44C", "height": 2.515261650085449, "hmax": 0.003, "ratio": 0.001, "vulnClass": "none"}}, {"type": "Feature", "geometry": {"type": "MultiPolygon", "coordinates": [[[[72.01315994, 34.41206317], [72.01307581, 34.41200689], [72.01301927, 34.41206494], [72.0131034, 34.41212122], [72.01315994, 34.41206317]]]]}, "properties": {"id": "8J6JC267+R6GH", "height": 3.627157211303711, "hmax": 0.003, "ratio": 0.001, "vulnClass": "none"}}, {"type": "Feature", "geometry": {"type": "MultiPolygon", "coordinates": [[[[72.01311448, 34.41212791], [72.01304439, 34.41209588], [72.01302864, 34.41211954], [72.01309874, 34.41215158], [72.01311448, 34.41212791]]]]}, "properties": {"id": "8J6JC267+R6WV", "height": 3.536134243011475, "hmax": 0.004, "ratio": 0.001, "vulnClass": "none"}}, {"type": "Feature", "geometry": {"type": "MultiPolygon", "coordinates": [[[[72.01314997, 34.41189379], [72.01312193, 34.41188998], [72.01311682, 34.41191584], [72.01314486, 34.41191965], [72.01314997, 34.41189379]]]]}, "properties": {"id": "8J6JC267+Q763", "height": 2.618090391159058, "hmax": 0.003, "ratio": 0.001, "vulnClass": "none"}}, {"type": "Feature", "geometry": {"type": "MultiPolygon", "coordinates": [[[[72.01325547, 34.41207612], [72.01334931, 34.41195489], [72.01326784, 34.41191157], [72.01322208, 34.41197069], [72.01313454, 34.41192414], [72.01308646, 34.41198626], [72.01325547, 34.41207612]]]]}, "properties": {"id": "8J6JC267+Q7XC", "height": 3.162098169326782, "hmax": 0.003, "ratio": 0.001, "vulnClass": "none"}}, {"type": "Feature", "geometry": {"type": "MultiPolygon", "coordinates": [[[[72.01368023, 34.41215295], [72.01362329, 34.41209695], [72.01351792, 34.41217054], [72.01354214, 34.41219435], [72.01351454, 34.41221363], [72.01354727, 34.41224582], [72.01368023, 34.41215295]]]]}, "properties": {"id": "8J6JC267+VC8Q", "height": 9.70736312866211, "hmax": 0.014, "ratio": 0.001, "vulnClass": "none"}}, {"type": "Feature", "geometry": {"type": "MultiPolygon", "coordinates": [[[[72.01367185, 34.41196152], [72.0136355, 34.41195003], [72.01362338, 34.41197636], [72.01365973, 34.41198785], [72.01367185, 34.41196152]]]]}, "properties": {"id": "8J6JC267+QFJP", "height": 4.598808288574219, "hmax": 0.007, "ratio": 0.002, "vulnClass": "none"}}, {"type": "Feature", "geometry": {"type": "MultiPolygon", "coordinates": [[[[72.01363812, 34.41200148], [72.01357216, 34.41193787], [72.01350028, 34.41198907], [72.01356623, 34.41205268], [72.01363812, 34.41200148]]]]}, "properties": {"id": "8J6JC267+QCWR", "height": 4.076354026794434, "hmax": 0.007, "ratio": 0.002, "vulnClass": "none"}}, {"type": "Feature", "geometry": {"type": "MultiPolygon", "coordinates": [[[[72.0128669, 34.41160105], [72.01281649, 34.41159459], [72.01281093, 34.41162445], [72.01286133, 34.41163091], [72.0128669, 34.41160105]]]]}, "properties": {"id": "8J6JC267+J4WH", "height": 2.756197929382324, "hmax": 0.003, "ratio": 0.001, "vulnClass": "none"}}, {"type": "Feature", "geometry": {"type": "MultiPolygon", "coordinates": [[[[72.01293367, 34.41155559], [72.01286637, 34.41154005], [72.01285237, 34.41158169], [72.01291966, 34.41159723], [72.01293367, 34.41155559]]]]}, "properties": {"id": "8J6JC267+J5CP", "height": 2.648543357849121, "hmax": 0.003, "ratio": 0.001, "vulnClass": "none"}}, {"type": "Feature", "geometry": {"type": "MultiPolygon", "coordinates": [[[[72.01297899, 34.41146793], [72.01293577, 34.41145001], [72.01290857, 34.41149506], [72.01295179, 34.41151298], [72.01297899, 34.41146793]]]]}, "properties": {"id": "8J6JC267+H5W6", "height": 3.048612117767334, "hmax": 0.003, "ratio": 0.001, "vulnClass": "none"}}, {"type": "Feature", "geometry": {"type": "MultiPolygon", "coordinates": [[[[72.0128626, 34.41151638], [72.01276692, 34.41149099], [72.01273608, 34.41157288], [72.01283199, 34.41159769], [72.0128626, 34.41151638]]]]}, "properties": {"id": "8J6JC267+J47P", "height": 3.294847249984741, "hmax": 0.003, "ratio": 0.001, "vulnClass": "none"}}, {"type": "Feature", "geometry": {"type": "MultiPolygon", "coordinates": [[[[72.01276097, 34.41149786], [72.01271522, 34.41148266], [72.01269713, 34.41152007], [72.01274288, 34.41153526], [72.01276097, 34.41149786]]]]}, "properties": {"id": "8J6JC267+J357", "height": 3.354173421859741, "hmax": 0.003, "ratio": 0.001, "vulnClass": "none"}}, {"type": "Feature", "geometry": {"type": "MultiPolygon", "coordinates": [[[[72.01278813, 34.41142467], [72.01273748, 34.41140666], [72.01270014, 34.41147879], [72.01275079, 34.4114968], [72.01278813, 34.41142467]]]]}, "properties": {"id": "8J6JC267+H3Q5", "height": 3.294847249984741, "hmax": 0.003, "ratio": 0.001, "vulnClass": "none"}}, {"type": "Feature", "geometry": {"type": "MultiPolygon", "coordinates": [[[[72.01292756, 34.41139497], [72.01288582, 34.41137907], [72.01286873, 34.41141073], [72.01291009, 34.41142648], [72.01292756, 34.41139497]]]]}, "properties": {"id": "8J6JC267+H564", "height": 3.191443204879761, "hmax": 0.003, "ratio": 0.001, "vulnClass": "none"}}, {"type": "Feature", "geometry": {"type": "MultiPolygon", "coordinates": [[[[72.01280485, 34.41150609], [72.01286797, 34.4113651], [72.01282197, 34.41135066], [72.01275874, 34.41149191], [72.01280485, 34.41150609]]]]}, "properties": {"id": "8J6JC267+H4G2", "height": 3.294847249984741, "hmax": 0.003, "ratio": 0.001, "vulnClass": "none"}}, {"type": "Feature", "geometry": {"type": "MultiPolygon", "coordinates": [[[[72.01282197, 34.41135066], [72.01277711, 34.41133657], [72.01274612, 34.41140587], [72.01279095, 34.41141995], [72.01282197, 34.41135066]]]]}, "properties": {"id": "8J6JC267+H432", "height": 2.565529346466064, "hmax": 0.003, "ratio": 0.001, "vulnClass": "none"}}, {"type": "Feature", "geometry": {"type": "MultiPolygon", "coordinates": [[[[72.01294943, 34.41137288], [72.01300698, 34.4112837], [72.01296345, 34.41126441], [72.0129059, 34.41135358], [72.01294943, 34.41137288]]]]}, "properties": {"id": "8J6JC267+G5GP", "height": 2.906489610671997, "hmax": 0.003, "ratio": 0.001, "vulnClass": "none"}}, {"type": "Feature", "geometry": {"type": "MultiPolygon", "coordinates": [[[[72.01339561, 34.41136063], [72.01346974, 34.41129779], [72.0134372, 34.41127141], [72.01336306, 34.41133425], [72.01339561, 34.41136063]]]]}, "properties": {"id": "8J6JC267+G9FM", "height": 2.739019393920898, "hmax": 0.003, "ratio": 0.001, "vulnClass": "none"}}, {"type": "Feature", "geometry": {"type": "MultiPolygon", "coordinates": [[[[72.01488842, 34.41014967], [72.01483995, 34.41014642], [72.01483248, 34.41022278], [72.01488095, 34.41022604], [72.01488842, 34.41014967]]]]}, "properties": {"id": "8J6JC267+3WHG", "height": 5.189672470092773, "hmax": 0.012, "ratio": 0.002, "vulnClass": "none"}}, {"type": "Feature", "geometry": {"type": "MultiPolygon", "coordinates": [[[[72.01507028, 34.4097314], [72.01502742, 34.40971699], [72.01499203, 34.40978931], [72.01510572, 34.40982753], [72.01512113, 34.40979603], [72.0150503, 34.40977222], [72.01507028, 34.4097314]]]]}, "properties": {"id": "8J6JC258+W274", "height": 3.610898971557617, "hmax": 0.012, "ratio": 0.003, "vulnClass": "none"}}, {"type": "Feature", "geometry": {"type": "MultiPolygon", "coordinates": [[[[72.01441012, 34.40986756], [72.01426873, 34.40981982], [72.01423218, 34.40989418], [72.01437357, 34.40994192], [72.01441012, 34.40986756]]]]}, "properties": {"id": "8J6JC257+XP47", "height": 6.038880348205566, "hmax": 0.011, "ratio": 0.002, "vulnClass": "none"}}, {"type": "Feature", "geometry": {"type": "MultiPolygon", "coordinates": [[[[72.01425982, 34.40990553], [72.0142177, 34.40989144], [72.01419866, 34.40993055], [72.01424078, 34.40994464], [72.01425982, 34.40990553]]]]}, "properties": {"id": "8J6JC257+XM9M", "height": 3.201342344284058, "hmax": 0.011, "ratio": 0.003, "vulnClass": "none"}}, {"type": "Feature", "geometry": {"type": "MultiPolygon", "coordinates": [[[[72.00899097, 34.40638882], [72.00906064, 34.40628152], [72.00902363, 34.40626501], [72.00895396, 34.40637231], [72.00899097, 34.40638882]]]]}, "properties": {"id": "8J6JC245+GJJ2", "height": 2.72072958946228, "hmax": 0.011, "ratio": 0.004, "vulnClass": "none"}}, {"type": "Feature", "geometry": {"type": "MultiPolygon", "coordinates": [[[[72.00902277, 34.40646067], [72.00883617, 34.40632827], [72.00879955, 34.40636373], [72.00898614, 34.40649613], [72.00902277, 34.40646067]]]]}, "properties": {"id": "8J6JC245+HH7C", "height": 2.442286968231201, "hmax": 0.011, "ratio": 0.005, "vulnClass": "none"}}, {"type": "Feature", "geometry": {"type": "MultiPolygon", "coordinates": [[[[72.00811157, 34.40640956], [72.00807406, 34.40642257], [72.00810207, 34.40647805], [72.00813958, 34.40646504], [72.00811157, 34.40640956]]]]}, "properties": {"id": "8J6JC245+H6HM", "height": 3.102813720703125, "hmax": 0.003, "ratio": 0.001, "vulnClass": "none"}}, {"type": "Feature", "geometry": {"type": "MultiPolygon", "coordinates": [[[[72.0082092, 34.40633461], [72.00819031, 34.40625509], [72.00816079, 34.40625991], [72.00817968, 34.40633943], [72.0082092, 34.40633461]]]]}, "properties": {"id": "8J6JC245+G77X", "height": 3.019475936889648, "hmax": 0.003, "ratio": 0.001, "vulnClass": "none"}}, {"type": "Feature", "geometry": {"type": "MultiPolygon", "coordinates": [[[[72.00802916, 34.40634149], [72.00799987, 34.40634509], [72.00800762, 34.40638838], [72.00803691, 34.40638477], [72.00802916, 34.40634149]]]]}, "properties": {"id": "8J6JC245+G6RG", "height": 3.685404300689697, "hmax": 0.003, "ratio": 0.001, "vulnClass": "none"}}, {"type": "Feature", "geometry": {"type": "MultiPolygon", "coordinates": [[[[72.0081144, 34.4062682], [72.0080549, 34.4062843], [72.0080985, 34.4063953], [72.008158, 34.4063792], [72.0081144, 34.4062682]]]]}, "properties": {"id": "8J6JC245+G6Q7", "height": 3.498476982116699, "hmax": 0.003, "ratio": 0.001, "vulnClass": "none"}}, {"type": "Feature", "geometry": {"type": "MultiPolygon", "coordinates": [[[[72.0080564, 34.40739391], [72.00803445, 34.40722385], [72.00795394, 34.40723099], [72.00797589, 34.40740105], [72.0080564, 34.40739391]]]]}, "properties": {"id": "8J6JC245+W6CC", "height": 2.726889848709106, "hmax": 0.004, "ratio": 0.002, "vulnClass": "none"}}, {"type": "Feature", "geometry": {"type": "MultiPolygon", "coordinates": [[[[72.00817619, 34.40743501], [72.00817105, 34.40738965], [72.00798235, 34.40740432], [72.00798749, 34.40744969], [72.00817619, 34.40743501]]]]}, "properties": {"id": "8J6JC245+X68P", "height": 2.583353281021118, "hmax": 0.004, "ratio": 0.002, "vulnClass": "none"}}, {"type": "Feature", "geometry": {"type": "MultiPolygon", "coordinates": [[[[72.00896526, 34.40818462], [72.00893637, 34.40814964], [72.00879028, 34.40823254], [72.00883571, 34.40828754], [72.00887619, 34.40826457], [72.00885966, 34.40824455], [72.00896526, 34.40818462]]]]}, "properties": {"id": "8J6JC255+7GQQ", "height": 3.851579904556274, "hmax": 0.01, "ratio": 0.003, "vulnClass": "none"}}, {"type": "Feature", "geometry": {"type": "MultiPolygon", "coordinates": [[[[72.00849821, 34.40822471], [72.00844132, 34.40816975], [72.00840256, 34.40819731], [72.00845945, 34.40825227], [72.00849821, 34.40822471]]]]}, "properties": {"id": "8J6JC255+79PF", "height": 3.674239635467529, "hmax": 0.01, "ratio": 0.003, "vulnClass": "none"}}, {"type": "Feature", "geometry": {"type": "MultiPolygon", "coordinates": [[[[72.00844132, 34.40816975], [72.00840934, 34.40813885], [72.00837057, 34.40816641], [72.00840256, 34.40819731], [72.00844132, 34.40816975]]]]}, "properties": {"id": "8J6JC255+796Q", "height": 3.86949348449707, "hmax": 0.01, "ratio": 0.003, "vulnClass": "none"}}, {"type": "Feature", "geometry": {"type": "MultiPolygon", "coordinates": [[[[72.00856247, 34.40802328], [72.00848523, 34.40795258], [72.00828703, 34.40810134], [72.00836428, 34.40817204], [72.00856247, 34.40802328]]]]}, "properties": {"id": "8J6JC255+69FG", "height": 3.9697425365448, "hmax": 0.01, "ratio": 0.003, "vulnClass": "none"}}, {"type": "Feature", "geometry": {"type": "MultiPolygon", "coordinates": [[[[72.00819093, 34.40810766], [72.00804345, 34.40811615], [72.0080648, 34.40837103], [72.00833242, 34.40835563], [72.00832647, 34.40828462], [72.0081484, 34.40829486], [72.0081429, 34.40822916], [72.00820082, 34.40822583], [72.00819093, 34.40810766]]]]}, "properties": {"id": "8J6JC255+8725", "height": 4.053709983825684, "hmax": 0.009, "ratio": 0.002, "vulnClass": "none"}}, {"type": "Feature", "geometry": {"type": "MultiPolygon", "coordinates": [[[[72.0083459, 34.4085337], [72.00832818, 34.40835939], [72.00824908, 34.40836491], [72.0082569, 34.40844188], [72.0081256, 34.40845104], [72.00811778, 34.40837408], [72.00807462, 34.40837709], [72.0080935, 34.40856289], [72.00817741, 34.40855704], [72.00817624, 34.40854554], [72.0083459, 34.4085337]]]]}, "properties": {"id": "8J6JC255+97PX", "height": 3.500080585479736, "hmax": 0.011, "ratio": 0.003, "vulnClass": "none"}}, {"type": "Feature", "geometry": {"type": "MultiPolygon", "coordinates": [[[[72.00833093, 34.40828153], [72.00832626, 34.40823563], [72.00828869, 34.40823825], [72.00829336, 34.40828415], [72.00833093, 34.40828153]]]]}, "properties": {"id": "8J6JC255+8839", "height": 4.053709983825684, "hmax": 0.01, "ratio": 0.003, "vulnClass": "none"}}, {"type": "Feature", "geometry": {"type": "MultiPolygon", "coordinates": [[[[72.00833922, 34.40830937], [72.00833369, 34.40834858], [72.00839784, 34.40835479], [72.00840316, 34.40831557], [72.00833922, 34.40830937]]]]}, "properties": {"id": "8J6JC255+88Q9", "height": 3.779167890548706, "hmax": 0.01, "ratio": 0.003, "vulnClass": "none"}}, {"type": "Feature", "geometry": {"type": "MultiPolygon", "coordinates": [[[[72.00849821, 34.40822471], [72.00845945, 34.40825227], [72.00855784, 34.40834733], [72.0085966, 34.40831977], [72.00849821, 34.40822471]]]]}, "properties": {"id": "8J6JC255+8C6H", "height": 2.969411373138428, "hmax": 0.01, "ratio": 0.003, "vulnClass": "none"}}, {"type": "Feature", "geometry": {"type": "MultiPolygon", "coordinates": [[[[72.00891242, 34.40838039], [72.00879028, 34.40823254], [72.00870127, 34.40828305], [72.00882341, 34.4084309], [72.00891242, 34.40838039]]]]}, "properties": {"id": "8J6JC255+8GM9", "height": 4.965788841247559, "hmax": 0.01, "ratio": 0.002, "vulnClass": "none"}}, {"type": "Feature", "geometry": {"type": "MultiPolygon", "coordinates": [[[[72.0084417, 34.4083849], [72.00834214, 34.40839185], [72.00834659, 34.40843562], [72.00844615, 34.40842867], [72.0084417, 34.4083849]]]]}, "properties": {"id": "8J6JC255+996G", "height": 2.906310558319092, "hmax": 0.007, "ratio": 0.002, "vulnClass": "none"}}, {"type": "Feature", "geometry": {"type": "MultiPolygon", "coordinates": [[[[72.00843302, 34.40853919], [72.00835765, 34.40854446], [72.00836668, 34.40863328], [72.00844205, 34.40862802], [72.00843302, 34.40853919]]]]}, "properties": {"id": "8J6JC255+C9JH", "height": 3.49647045135498, "hmax": 0.004, "ratio": 0.001, "vulnClass": "none"}}, {"type": "Feature", "geometry": {"type": "MultiPolygon", "coordinates": [[[[72.00846731, 34.4085292], [72.00857613, 34.40851032], [72.00856538, 34.40846777], [72.00845656, 34.40848665], [72.00846731, 34.4085292]]]]}, "properties": {"id": "8J6JC255+9CRW", "height": 3.250203132629395, "hmax": 0.004, "ratio": 0.001, "vulnClass": "none"}}, {"type": "Feature", "geometry": {"type": "MultiPolygon", "coordinates": [[[[72.00815621, 34.40877209], [72.00814387, 34.40865738], [72.00809007, 34.40866136], [72.00810241, 34.40877607], [72.00815621, 34.40877209]]]]}, "properties": {"id": "8J6JC255+F6QQ", "height": 3.085249900817871, "hmax": 0.018, "ratio": 0.006, "vulnClass": "none"}}, {"type": "Feature", "geometry": {"type": "MultiPolygon", "coordinates": [[[[72.00852154, 34.40886577], [72.00849631, 34.40863134], [72.00832523, 34.40864398], [72.00833757, 34.40875869], [72.00810241, 34.40877607], [72.00811529, 34.4088958], [72.00852154, 34.40886577]]]]}, "properties": {"id": "8J6JC255+G889", "height": 3.584442615509033, "hmax": 0.006, "ratio": 0.002, "vulnClass": "none"}}, {"type": "Feature", "geometry": {"type": "MultiPolygon", "coordinates": [[[[72.00824807, 34.40858742], [72.00819396, 34.40858513], [72.00818932, 34.40864838], [72.00824416, 34.4086507], [72.00824807, 34.40858742]]]]}, "properties": {"id": "8J6JC255+C7XJ", "height": 2.449023723602295, "hmax": 0.011, "ratio": 0.005, "vulnClass": "none"}}, {"type": "Feature", "geometry": {"type": "MultiPolygon", "coordinates": [[[[72.00835516, 34.40861099], [72.00834733, 34.40852581], [72.00826643, 34.40853092], [72.00827426, 34.4086161], [72.00835516, 34.40861099]]]]}, "properties": {"id": "8J6JC255+C8FX", "height": 3.426698446273804, "hmax": 0.004, "ratio": 0.001, "vulnClass": "none"}}, {"type": "Feature", "geometry": {"type": "MultiPolygon", "coordinates": [[[[72.00825852, 34.40896818], [72.00825205, 34.40892327], [72.00817482, 34.40893091], [72.00818129, 34.40897582], [72.00825852, 34.40896818]]]]}, "properties": {"id": "8J6JC255+H7GX", "height": 2.668214797973633, "hmax": 0.009, "ratio": 0.003, "vulnClass": "none"}}, {"type": "Feature", "geometry": {"type": "MultiPolygon", "coordinates": [[[[72.00798301, 34.40902865], [72.00791251, 34.40902786], [72.00791027, 34.40916578], [72.00798078, 34.40916656], [72.00798301, 34.40902865]]]]}, "properties": {"id": "8J6JC255+J5PV", "height": 3.020407676696777, "hmax": 0.018, "ratio": 0.006, "vulnClass": "none"}}, {"type": "Feature", "geometry": {"type": "MultiPolygon", "coordinates": [[[[72.00797841, 34.4092109], [72.0079792, 34.40916585], [72.00791198, 34.40916505], [72.0079112, 34.4092101], [72.00797841, 34.4092109]]]]}, "properties": {"id": "8J6JC255+M5GC", "height": 3.020407676696777, "hmax": 0.018, "ratio": 0.006, "vulnClass": "none"}}, {"type": "Feature", "geometry": {"type": "MultiPolygon", "coordinates": [[[[72.00849416, 34.40919003], [72.00848649, 34.40913677], [72.00846666, 34.40913873], [72.00846342, 34.40911619], [72.00821427, 34.40914083], [72.00822519, 34.40921664], [72.00849416, 34.40919003]]]]}, "properties": {"id": "8J6JC255+M89J", "height": 3.161769151687622, "hmax": 0.004, "ratio": 0.001, "vulnClass": "none"}}, {"type": "Feature", "geometry": {"type": "MultiPolygon", "coordinates": [[[[72.00825895, 34.40902882], [72.008199, 34.40903475], [72.00821427, 34.40914083], [72.00836191, 34.40912623], [72.00835294, 34.4090639], [72.00826525, 34.40907257], [72.00825895, 34.40902882]]]]}, "properties": {"id": "8J6JC255+J8JP", "height": 3.233164072036743, "hmax": 0.004, "ratio": 0.001, "vulnClass": "none"}}, {"type": "Feature", "geometry": {"type": "MultiPolygon", "coordinates": [[[[72.00819038, 34.40897492], [72.00809528, 34.40898433], [72.00810661, 34.40906299], [72.00820171, 34.40905358], [72.00819038, 34.40897492]]]]}, "properties": {"id": "8J6JC255+J72Q", "height": 3.541259050369263, "hmax": 0.018, "ratio": 0.005, "vulnClass": "none"}}, {"type": "Feature", "geometry": {"type": "MultiPolygon", "coordinates": [[[[72.00849416, 34.40919003], [72.00866729, 34.4091729], [72.00865637, 34.4090971], [72.00846342, 34.40911619], [72.00846666, 34.40913873], [72.00848649, 34.40913677], [72.00849416, 34.40919003]]]]}, "properties": {"id": "8J6JC255+MC4M", "height": 3.614123344421387, "hmax": 0.004, "ratio": 0.001, "vulnClass": "none"}}, {"type": "Feature", "geometry": {"type": "MultiPolygon", "coordinates": [[[[72.00861093, 34.40906148], [72.00852515, 34.40906996], [72.00853084, 34.40910952], [72.00861663, 34.40910103], [72.00861093, 34.40906148]]]]}, "properties": {"id": "8J6JC255+JCPF", "height": 4.505654335021973, "hmax": 0.004, "ratio": 0.001, "vulnClass": "none"}}, {"type": "Feature", "geometry": {"type": "MultiPolygon", "coordinates": [[[[72.0087533, 34.40908435], [72.00864915, 34.40909535], [72.00866095, 34.40917205], [72.0087651, 34.40916105], [72.0087533, 34.40908435]]]]}, "properties": {"id": "8J6JC255+MF44", "height": 3.69942569732666, "hmax": 0.004, "ratio": 0.001, "vulnClass": "none"}}, {"type": "Feature", "geometry": {"type": "MultiPolygon", "coordinates": [[[[72.00884318, 34.408842], [72.00883477, 34.40876385], [72.00877771, 34.40876806], [72.00878089, 34.40879759], [72.00852767, 34.40881631], [72.0085329, 34.40886493], [72.00884318, 34.408842]]]]}, "properties": {"id": "8J6JC255+GFGV", "height": 2.909416198730469, "hmax": 0.004, "ratio": 0.001, "vulnClass": "none"}}, {"type": "Feature", "geometry": {"type": "MultiPolygon", "coordinates": [[[[72.00899452, 34.40881171], [72.00892088, 34.40874468], [72.00888573, 34.40877121], [72.00895936, 34.40883824], [72.00899452, 34.40881171]]]]}, "properties": {"id": "8J6JC255+GH8J", "height": 3.192744731903076, "hmax": 0.004, "ratio": 0.001, "vulnClass": "none"}}, {"type": "Feature", "geometry": {"type": "MultiPolygon", "coordinates": [[[[72.00934687, 34.40873221], [72.00932096, 34.40869819], [72.00922954, 34.40874601], [72.00925545, 34.40878003], [72.00934687, 34.40873221]]]]}, "properties": {"id": "8J6JC255+FPVC", "height": 2.764978408813477, "hmax": 0.005, "ratio": 0.002, "vulnClass": "none"}}, {"type": "Feature", "geometry": {"type": "MultiPolygon", "coordinates": [[[[72.00933493, 34.40869366], [72.00929183, 34.40864016], [72.00924427, 34.40866649], [72.00928737, 34.40871998], [72.00933493, 34.40869366]]]]}, "properties": {"id": "8J6JC255+FPF7", "height": 2.754010438919067, "hmax": 0.005, "ratio": 0.002, "vulnClass": "none"}}, {"type": "Feature", "geometry": {"type": "MultiPolygon", "coordinates": [[[[72.00930327, 34.40857935], [72.00921358, 34.40863117], [72.00924517, 34.40866873], [72.00929159, 34.40864191], [72.0093343, 34.40869268], [72.00937758, 34.40866768], [72.00930327, 34.40857935]]]]}, "properties": {"id": "8J6JC255+FP3G", "height": 2.754010438919067, "hmax": 0.006, "ratio": 0.002, "vulnClass": "none"}}, {"type": "Feature", "geometry": {"type": "MultiPolygon", "coordinates": [[[[72.00906884, 34.40854049], [72.00905684, 34.40851025], [72.00901709, 34.40852108], [72.0090291, 34.40855133], [72.00906884, 34.40854049]]]]}, "properties": {"id": "8J6JC255+CJ77", "height": 2.969208478927612, "hmax": 0.004, "ratio": 0.001, "vulnClass": "none"}}, {"type": "Feature", "geometry": {"type": "MultiPolygon", "coordinates": [[[[72.00995012, 34.40923997], [72.00991982, 34.40924849], [72.0099317, 34.40927754], [72.00996201, 34.40926903], [72.00995012, 34.40923997]]]]}, "properties": {"id": "8J6JC255+PX46", "height": 3.356570959091187, "hmax": 0.008, "ratio": 0.002, "vulnClass": "none"}}, {"type": "Feature", "geometry": {"type": "MultiPolygon", "coordinates": [[[[72.0101179, 34.40926843], [72.01007271, 34.40917981], [72.01002731, 34.40919571], [72.01007251, 34.40928433], [72.0101179, 34.40926843]]]]}, "properties": {"id": "8J6JC256+M2W7", "height": 4.638116359710693, "hmax": 0.008, "ratio": 0.002, "vulnClass": "none"}}, {"type": "Feature", "geometry": {"type": "MultiPolygon", "coordinates": [[[[72.01022103, 34.40938192], [72.01020148, 34.40934208], [72.01004023, 34.40939642], [72.01005978, 34.40943627], [72.01022103, 34.40938192]]]]}, "properties": {"id": "8J6JC256+Q32C", "height": 4.612271308898926, "hmax": 0.013, "ratio": 0.003, "vulnClass": "none"}}, {"type": "Feature", "geometry": {"type": "MultiPolygon", "coordinates": [[[[72.01018713, 34.40943149], [72.01014472, 34.40941895], [72.0101193, 34.40947802], [72.01016171, 34.40949056], [72.01018713, 34.40943149]]]]}, "properties": {"id": "8J6JC256+Q3J5", "height": 3.349547386169434, "hmax": 0.014, "ratio": 0.004, "vulnClass": "none"}}, {"type": "Feature", "geometry": {"type": "MultiPolygon", "coordinates": [[[[72.01003617, 34.40940961], [72.00998711, 34.40942068], [72.00999709, 34.40945108], [72.01004616, 34.40944001], [72.01003617, 34.40940961]]]]}, "properties": {"id": "8J6JC256+Q2C8", "height": 4.800388813018799, "hmax": 0.014, "ratio": 0.003, "vulnClass": "none"}}, {"type": "Feature", "geometry": {"type": "MultiPolygon", "coordinates": [[[[72.00992439, 34.40948828], [72.00989511, 34.40945121], [72.00985061, 34.40947535], [72.00987989, 34.40951242], [72.00992439, 34.40948828]]]]}, "properties": {"id": "8J6JC255+QXR7", "height": 4.726104259490967, "hmax": 0.014, "ratio": 0.003, "vulnClass": "none"}}, {"type": "Feature", "geometry": {"type": "MultiPolygon", "coordinates": [[[[72.00996603, 34.40952564], [72.00994237, 34.4094863], [72.00989078, 34.40950761], [72.00991443, 34.40954695], [72.00996603, 34.40952564]]]]}, "properties": {"id": "8J6JC255+RX3P", "height": 4.390034198760986, "hmax": 0.014, "ratio": 0.003, "vulnClass": "none"}}, {"type": "Feature", "geometry": {"type": "MultiPolygon", "coordinates": [[[[72.01021814, 34.40962555], [72.010276, 34.40956854], [72.01024709, 34.40954839], [72.01018923, 34.4096054], [72.01021814, 34.40962555]]]]}, "properties": {"id": "8J6JC256+R3QF", "height": 2.645568609237671, "hmax": 0.014, "ratio": 0.005, "vulnClass": "none"}}, {"type": "Feature", "geometry": {"type": "MultiPolygon", "coordinates": [[[[72.01050315, 34.40953148], [72.01048303, 34.40949659], [72.01041487, 34.40952359], [72.01043499, 34.40955848], [72.01050315, 34.40953148]]]]}, "properties": {"id": "8J6JC256+R584", "height": 3.908267736434937, "hmax": 0.019, "ratio": 0.005, "vulnClass": "none"}}, {"type": "Feature", "geometry": {"type": "MultiPolygon", "coordinates": [[[[72.01059414, 34.40960886], [72.01057396, 34.40957231], [72.01052286, 34.4095917], [72.01054305, 34.40962824], [72.01059414, 34.40960886]]]]}, "properties": {"id": "8J6JC256+R6V5", "height": 2.937979698181152, "hmax": 0.019, "ratio": 0.007, "vulnClass": "none"}}, {"type": "Feature", "geometry": {"type": "MultiPolygon", "coordinates": [[[[72.01071393, 34.40956341], [72.01069374, 34.40952687], [72.01057396, 34.40957231], [72.01059414, 34.40960886], [72.01071393, 34.40956341]]]]}, "properties": {"id": "8J6JC256+R7CP", "height": 2.622754335403442, "hmax": 0.019, "ratio": 0.007, "vulnClass": "none"}}, {"type": "Feature", "geometry": {"type": "MultiPolygon", "coordinates": [[[[72.00982449, 34.40947028], [72.0102921, 34.40932098], [72.01026052, 34.40925303], [72.01006401, 34.40931576], [72.01007904, 34.4093481], [72.00988277, 34.40941076], [72.00982763, 34.40929212], [72.00975279, 34.40931602], [72.00982449, 34.40947028]]]]}, "properties": {"id": "8J6JC256+P2R7", "height": 5.053506851196289, "hmax": 0.011, "ratio": 0.002, "vulnClass": "none"}}, {"type": "Feature", "geometry": {"type": "MultiPolygon", "coordinates": [[[[72.00801768, 34.40943644], [72.00801022, 34.4093593], [72.00790645, 34.40936619], [72.00791391, 34.40944334], [72.00801768, 34.40943644]]]]}, "properties": {"id": "8J6JC255+Q585", "height": 3.663805723190308, "hmax": 0.008, "ratio": 0.002, "vulnClass": "none"}}, {"type": "Feature", "geometry": {"type": "MultiPolygon", "coordinates": [[[[72.00802683, 34.40953618], [72.00790004, 34.40954418], [72.0079046, 34.4095938], [72.00803139, 34.4095858], [72.00802683, 34.40953618]]]]}, "properties": {"id": "8J6JC255+R5GH", "height": 3.235495090484619, "hmax": 0.008, "ratio": 0.003, "vulnClass": "none"}}, {"type": "Feature", "geometry": {"type": "MultiPolygon", "coordinates": [[[[72.00793258, 34.40961082], [72.00793462, 34.40958772], [72.00789764, 34.40958548], [72.0078956, 34.40960858], [72.00793258, 34.40961082]]]]}, "properties": {"id": "8J6JC255+R5MV", "height": 3.244356155395508, "hmax": 0.008, "ratio": 0.003, "vulnClass": "none"}}, {"type": "Feature", "geometry": {"type": "MultiPolygon", "coordinates": [[[[72.00787671, 34.40963634], [72.00781974, 34.40964002], [72.00783203, 34.40977047], [72.007889, 34.40976678], [72.00787671, 34.40963634]]]]}, "properties": {"id": "8J6JC255+V4Q3", "height": 3.752898454666138, "hmax": 0.008, "ratio": 0.002, "vulnClass": "none"}}, {"type": "Feature", "geometry": {"type": "MultiPolygon", "coordinates": [[[[72.00803822, 34.40967699], [72.00794758, 34.40968285], [72.00795509, 34.4097625], [72.00804572, 34.40975664], [72.00803822, 34.40967699]]]]}, "properties": {"id": "8J6JC255+V5QQ", "height": 3.053892135620117, "hmax": 0.008, "ratio": 0.003, "vulnClass": "none"}}, {"type": "Feature", "geometry": {"type": "MultiPolygon", "coordinates": [[[[72.00805148, 34.4098776], [72.00797714, 34.40988645], [72.00798346, 34.40992286], [72.0080578, 34.409914], [72.00805148, 34.4098776]]]]}, "properties": {"id": "8J6JC255+X664", "height": 3.224799394607544, "hmax": 0.008, "ratio": 0.003, "vulnClass": "none"}}, {"type": "Feature", "geometry": {"type": "MultiPolygon", "coordinates": [[[[72.00808425, 34.40996968], [72.0080324, 34.40997525], [72.00804045, 34.4100268], [72.0080923, 34.41002124], [72.00808425, 34.40996968]]]]}, "properties": {"id": "8J6JC255+X6VX", "height": 3.274001598358154, "hmax": 0.008, "ratio": 0.002, "vulnClass": "none"}}, {"type": "Feature", "geometry": {"type": "MultiPolygon", "coordinates": [[[[72.00791188, 34.40995915], [72.00786032, 34.40996408], [72.00788248, 34.41012331], [72.00793403, 34.41011838], [72.00791188, 34.40995915]]]]}, "properties": {"id": "8J6JC265+256P", "height": 3.246815204620361, "hmax": 0.008, "ratio": 0.003, "vulnClass": "none"}}, {"type": "Feature", "geometry": {"type": "MultiPolygon", "coordinates": [[[[72.00802184, 34.41007955], [72.00792675, 34.41008589], [72.00793033, 34.41012286], [72.00802543, 34.41011653], [72.00802184, 34.41007955]]]]}, "properties": {"id": "8J6JC265+25X2", "height": 2.556349515914917, "hmax": 0.008, "ratio": 0.003, "vulnClass": "none"}}, {"type": "Feature", "geometry": {"type": "MultiPolygon", "coordinates": [[[[72.00765234, 34.41001557], [72.00763593, 34.40991463], [72.00752442, 34.40992708], [72.00754083, 34.41002803], [72.00765234, 34.41001557]]]]}, "properties": {"id": "8J6JC255+X2PX", "height": 2.558910369873047, "hmax": 0.008, "ratio": 0.003, "vulnClass": "none"}}, {"type": "Feature", "geometry": {"type": "MultiPolygon", "coordinates": [[[[72.00746293, 34.40982017], [72.00744773, 34.4097019], [72.007404, 34.40970576], [72.0074137, 34.40978118], [72.00736188, 34.40978576], [72.00736739, 34.40982861], [72.00746293, 34.40982017]]]]}, "properties": {"id": "8J6JC254+WX73", "height": 3.208579301834106, "hmax": 0.008, "ratio": 0.003, "vulnClass": "none"}}, {"type": "Feature", "geometry": {"type": "MultiPolygon", "coordinates": [[[[72.00755372, 34.40969959], [72.0074895, 34.4097055], [72.00750224, 34.40980049], [72.00766704, 34.4097853], [72.00765755, 34.40971456], [72.00755698, 34.40972383], [72.00755372, 34.40969959]]]]}, "properties": {"id": "8J6JC255+W243", "height": 2.749930381774902, "hmax": 0.008, "ratio": 0.003, "vulnClass": "none"}}, {"type": "Feature", "geometry": {"type": "MultiPolygon", "coordinates": [[[[72.00771348, 34.40988484], [72.0076994, 34.40979825], [72.00750697, 34.40981974], [72.00752442, 34.40992708], [72.0076714, 34.40991067], [72.00766802, 34.40988991], [72.00771348, 34.40988484]]]]}, "properties": {"id": "8J6JC255+W2XF", "height": 3.237192869186401, "hmax": 0.008, "ratio": 0.003, "vulnClass": "none"}}, {"type": "Feature", "geometry": {"type": "MultiPolygon", "coordinates": [[[[72.00768683, 34.40990895], [72.00766006, 34.40991194], [72.00767204, 34.40998563], [72.00772883, 34.40997929], [72.00772316, 34.40994442], [72.00769314, 34.40994777], [72.00768683, 34.40990895]]]]}, "properties": {"id": "8J6JC255+X3P2", "height": 3.147222518920898, "hmax": 0.008, "ratio": 0.003, "vulnClass": "none"}}, {"type": "Feature", "geometry": {"type": "MultiPolygon", "coordinates": [[[[72.00781426, 34.40996975], [72.00778482, 34.40978871], [72.0076994, 34.40979825], [72.00772883, 34.40997929], [72.00781426, 34.40996975]]]]}, "properties": {"id": "8J6JC255+X426", "height": 3.718916416168213, "hmax": 0.008, "ratio": 0.002, "vulnClass": "none"}}, {"type": "Feature", "geometry": {"type": "MultiPolygon", "coordinates": [[[[72.00776882, 34.40963579], [72.0077603, 34.40956045], [72.00768579, 34.40956623], [72.0076943, 34.40964157], [72.00776882, 34.40963579]]]]}, "properties": {"id": "8J6JC255+R3X3", "height": 2.612632274627686, "hmax": 0.008, "ratio": 0.003, "vulnClass": "none"}}, {"type": "Feature", "geometry": {"type": "MultiPolygon", "coordinates": [[[[72.00782863, 34.40976646], [72.00781075, 34.40963159], [72.00773425, 34.40963856], [72.0077457, 34.40972489], [72.00765753, 34.40973292], [72.00766397, 34.40978146], [72.00772331, 34.40977606], [72.00772614, 34.40979738], [72.0077839, 34.40979212], [72.00778107, 34.4097708], [72.00782863, 34.40976646]]]]}, "properties": {"id": "8J6JC255+V4JV", "height": 4.299177169799805, "hmax": 0.008, "ratio": 0.002, "vulnClass": "none"}}, {"type": "Feature", "geometry": {"type": "MultiPolygon", "coordinates": [[[[72.00765572, 34.40965064], [72.00756057, 34.40965679], [72.00756536, 34.40970758], [72.0076605, 34.40970142], [72.00765572, 34.40965064]]]]}, "properties": {"id": "8J6JC255+V2H4", "height": 2.848479032516479, "hmax": 0.008, "ratio": 0.003, "vulnClass": "none"}}, {"type": "Feature", "geometry": {"type": "MultiPolygon", "coordinates": [[[[72.00750752, 34.40953185], [72.00743419, 34.40953878], [72.00743924, 34.40957545], [72.00751257, 34.40956851], [72.00750752, 34.40953185]]]]}, "properties": {"id": "8J6JC254+RXH2", "height": 5.274299621582031, "hmax": 0.008, "ratio": 0.002, "vulnClass": "none"}}, {"type": "Feature", "geometry": {"type": "MultiPolygon", "coordinates": [[[[72.00754003, 34.409477], [72.00753581, 34.40942683], [72.00741837, 34.40943361], [72.00742641, 34.40952936], [72.00751049, 34.4095245], [72.00750666, 34.40947893], [72.00754003, 34.409477]]]]}, "properties": {"id": "8J6JC254+QXQR", "height": 4.373680591583252, "hmax": 0.008, "ratio": 0.002, "vulnClass": "none"}}, {"type": "Feature", "geometry": {"type": "MultiPolygon", "coordinates": [[[[72.00792965, 34.4095309], [72.00789508, 34.40940232], [72.00780573, 34.40941883], [72.00784621, 34.40956939], [72.00788578, 34.40956208], [72.00787987, 34.40954009], [72.00792965, 34.4095309]]]]}, "properties": {"id": "8J6JC255+Q4X9", "height": 4.501559257507324, "hmax": 0.008, "ratio": 0.002, "vulnClass": "none"}}, {"type": "Feature", "geometry": {"type": "MultiPolygon", "coordinates": [[[[72.00768267, 34.40932179], [72.00752472, 34.40931741], [72.00752088, 34.40941244], [72.00767883, 34.40941682], [72.00768267, 34.40932179]]]]}, "properties": {"id": "8J6JC255+P2XM", "height": 3.225376605987549, "hmax": 0.008, "ratio": 0.003, "vulnClass": "none"}}, {"type": "Feature", "geometry": {"type": "MultiPolygon", "coordinates": [[[[72.00730138, 34.4094672], [72.00724249, 34.40946601], [72.00723984, 34.40955655], [72.00729872, 34.40955773], [72.00730138, 34.4094672]]]]}, "properties": {"id": "8J6JC254+RW2G", "height": 3.262977600097656, "hmax": 0.008, "ratio": 0.003, "vulnClass": "none"}}, {"type": "Feature", "geometry": {"type": "MultiPolygon", "coordinates": [[[[72.0073956, 34.40955969], [72.00723984, 34.40955655], [72.00723742, 34.40963878], [72.00739319, 34.40964192], [72.0073956, 34.40955969]]]]}, "properties": {"id": "8J6JC254+RWPR", "height": 4.269083023071289, "hmax": 0.008, "ratio": 0.002, "vulnClass": "none"}}, {"type": "Feature", "geometry": {"type": "MultiPolygon", "coordinates": [[[[72.00666887, 34.40875824], [72.00662671, 34.40856419], [72.00646423, 34.40858844], [72.00650639, 34.40878248], [72.00666887, 34.40875824]]]]}, "properties": {"id": "8J6JC254+FJ8R", "height": 4.687368869781494, "hmax": 0.013, "ratio": 0.003, "vulnClass": "none"}}, {"type": "Feature", "geometry": {"type": "MultiPolygon", "coordinates": [[[[72.00695592, 34.40855956], [72.00683421, 34.408574], [72.00684154, 34.4086164], [72.00696324, 34.40860196], [72.00695592, 34.40855956]]]]}, "properties": {"id": "8J6JC254+CQJH", "height": 3.38654899597168, "hmax": 0.013, "ratio": 0.004, "vulnClass": "none"}}, {"type": "Feature", "geometry": {"type": "MultiPolygon", "coordinates": [[[[72.00685629, 34.40873012], [72.00680959, 34.40853505], [72.00665058, 34.4085612], [72.00669728, 34.40875627], [72.00685629, 34.40873012]]]]}, "properties": {"id": "8J6JC254+FP2R", "height": 4.682758331298828, "hmax": 0.013, "ratio": 0.003, "vulnClass": "none"}}, {"type": "Feature", "geometry": {"type": "MultiPolygon", "coordinates": [[[[72.00647989, 34.40878644], [72.00643773, 34.40859239], [72.00627326, 34.40861694], [72.00631542, 34.40881098], [72.00647989, 34.40878644]]]]}, "properties": {"id": "8J6JC254+FHJ2", "height": 4.028332233428955, "hmax": 0.013, "ratio": 0.003, "vulnClass": "none"}}, {"type": "Feature", "geometry": {"type": "MultiPolygon", "coordinates": [[[[72.00627075, 34.40869338], [72.00624859, 34.40853243], [72.00618848, 34.40853812], [72.00621065, 34.40869906], [72.00627075, 34.40869338]]]]}, "properties": {"id": "8J6JC254+CFXM", "height": 3.343000650405884, "hmax": 0.013, "ratio": 0.004, "vulnClass": "none"}}, {"type": "Feature", "geometry": {"type": "MultiPolygon", "coordinates": [[[[72.00703531, 34.40875704], [72.00698623, 34.4087511], [72.00697141, 34.4088353], [72.00702049, 34.40884123], [72.00703531, 34.40875704]]]]}, "properties": {"id": "8J6JC254+GR6R", "height": 3.311247587203979, "hmax": 0.013, "ratio": 0.004, "vulnClass": "none"}}, {"type": "Feature", "geometry": {"type": "MultiPolygon", "coordinates": [[[[72.00759214, 34.40894341], [72.00759718, 34.40887527], [72.00755038, 34.4088729], [72.00755247, 34.40884452], [72.00749549, 34.40884163], [72.00748835, 34.40893814], [72.00727993, 34.40892756], [72.0072747, 34.4089983], [72.00754011, 34.40901177], [72.00754534, 34.40894103], [72.00759214, 34.40894341]]]]}, "properties": {"id": "8J6JC254+HXGV", "height": 2.599714279174805, "hmax": 0.018, "ratio": 0.007, "vulnClass": "none"}}, {"type": "Feature", "geometry": {"type": "MultiPolygon", "coordinates": [[[[72.00743231, 34.40888097], [72.00729409, 34.40887734], [72.00729193, 34.40893372], [72.00743015, 34.40893735], [72.00743231, 34.40888097]]]]}, "properties": {"id": "8J6JC254+HW98", "height": 2.838769912719727, "hmax": 0.018, "ratio": 0.006, "vulnClass": "none"}}, {"type": "Feature", "geometry": {"type": "MultiPolygon", "coordinates": [[[[72.0071317, 34.4090562], [72.0070864, 34.4090528], [72.0070566, 34.4093249], [72.007102, 34.4093283], [72.0071317, 34.4090562]]]]}, "properties": {"id": "8J6JC254+MRHJ", "height": 4.105056762695312, "hmax": 0.015, "ratio": 0.004, "vulnClass": "none"}}, {"type": "Feature", "geometry": {"type": "MultiPolygon", "coordinates": [[[[72.00752095, 34.40941634], [72.0075329, 34.40910348], [72.00747809, 34.40910204], [72.00746965, 34.40932281], [72.00731588, 34.40931877], [72.00731504, 34.40934093], [72.00722719, 34.40933863], [72.00722452, 34.40940856], [72.00752095, 34.40941634]]]]}, "properties": {"id": "8J6JC254+PXFM", "height": 3.835592269897461, "hmax": 0.01, "ratio": 0.003, "vulnClass": "none"}}, {"type": "Feature", "geometry": {"type": "MultiPolygon", "coordinates": [[[[72.00757965, 34.40901239], [72.00753643, 34.40901126], [72.00753437, 34.40906515], [72.00757759, 34.40906629], [72.00757965, 34.40901239]]]]}, "properties": {"id": "8J6JC255+J27H", "height": 2.823819637298584, "hmax": 0.018, "ratio": 0.006, "vulnClass": "none"}}, {"type": "Feature", "geometry": {"type": "MultiPolygon", "coordinates": [[[[72.00741858, 34.40900509], [72.00734644, 34.40900155], [72.00734187, 34.40906565], [72.00741401, 34.40906919], [72.00741858, 34.40900509]]]]}, "properties": {"id": "8J6JC254+JX6C", "height": 2.491753101348877, "hmax": 0.018, "ratio": 0.007, "vulnClass": "none"}}, {"type": "Feature", "geometry": {"type": "MultiPolygon", "coordinates": [[[[72.00761062, 34.40917534], [72.00761475, 34.40906726], [72.00753437, 34.40906515], [72.00752847, 34.40921959], [72.00757169, 34.40922072], [72.00757346, 34.40917436], [72.00761062, 34.40917534]]]]}, "properties": {"id": "8J6JC255+M246", "height": 3.427710294723511, "hmax": 0.018, "ratio": 0.005, "vulnClass": "none"}}, {"type": "Feature", "geometry": {"type": "MultiPolygon", "coordinates": [[[[72.00777414, 34.40919989], [72.00775151, 34.40917007], [72.00766262, 34.40921641], [72.00768525, 34.40924623], [72.00777414, 34.40919989]]]]}, "properties": {"id": "8J6JC255+M3P9", "height": 3.275192260742188, "hmax": 0.018, "ratio": 0.006, "vulnClass": "none"}}, {"type": "Feature", "geometry": {"type": "MultiPolygon", "coordinates": [[[[72.00791438, 34.40902677], [72.00777376, 34.40902509], [72.00777136, 34.40916337], [72.00791198, 34.40916505], [72.00791438, 34.40902677]]]]}, "properties": {"id": "8J6JC255+J4PX", "height": 3.528956174850464, "hmax": 0.018, "ratio": 0.005, "vulnClass": "none"}}, {"type": "Feature", "geometry": {"type": "MultiPolygon", "coordinates": [[[[72.0077236, 34.4089324], [72.0077245, 34.4089894], [72.0077628, 34.408989], [72.0077633, 34.4090215], [72.0079712, 34.4090193], [72.0079698, 34.4089249], [72.0079452, 34.4089251], [72.0079444, 34.4088758], [72.0078014, 34.4088773], [72.0078022, 34.4089316], [72.0077236, 34.4089324]]]]}, "properties": {"id": "8J6JC255+H4Q4", "height": 3.528956174850464, "hmax": 0.018, "ratio": 0.005, "vulnClass": "none"}}, {"type": "Feature", "geometry": {"type": "MultiPolygon", "coordinates": [[[[72.00780923, 34.40883595], [72.0077126, 34.4088348], [72.00771095, 34.40892977], [72.00780758, 34.40893092], [72.00780923, 34.40883595]]]]}, "properties": {"id": "8J6JC255+H427", "height": 4.237374782562256, "hmax": 0.018, "ratio": 0.004, "vulnClass": "none"}}, {"type": "Feature", "geometry": {"type": "MultiPolygon", "coordinates": [[[[72.00754032, 34.40875884], [72.00744074, 34.40873081], [72.00741251, 34.40879969], [72.00751209, 34.40882772], [72.00754032, 34.40875884]]]]}, "properties": {"id": "8J6JC254+GX92", "height": 3.918892860412598, "hmax": 0.018, "ratio": 0.005, "vulnClass": "none"}}, {"type": "Feature", "geometry": {"type": "MultiPolygon", "coordinates": [[[[72.00780197, 34.40874897], [72.00759328, 34.40874402], [72.0075906, 34.40882159], [72.00779929, 34.40882655], [72.00780197, 34.40874897]]]]}, "properties": {"id": "8J6JC255+G38F", "height": 3.966423034667969, "hmax": 0.018, "ratio": 0.005, "vulnClass": "none"}}, {"type": "Feature", "geometry": {"type": "MultiPolygon", "coordinates": [[[[72.00795416, 34.40865661], [72.00784855, 34.40866634], [72.00785164, 34.40868937], [72.00780992, 34.40869321], [72.00783011, 34.40884368], [72.00797744, 34.4088301], [72.00795416, 34.40865661]]]]}, "properties": {"id": "8J6JC255+G524", "height": 4.237374782562256, "hmax": 0.018, "ratio": 0.004, "vulnClass": "none"}}, {"type": "Feature", "geometry": {"type": "MultiPolygon", "coordinates": [[[[72.00741933, 34.4087982], [72.00748455, 34.40862193], [72.00744895, 34.40861288], [72.00741076, 34.40871609], [72.00733759, 34.40869749], [72.00731055, 34.40877055], [72.00741933, 34.4087982]]]]}, "properties": {"id": "8J6JC254+FXJX", "height": 4.028641223907471, "hmax": 0.018, "ratio": 0.005, "vulnClass": "none"}}, {"type": "Feature", "geometry": {"type": "MultiPolygon", "coordinates": [[[[72.00730362, 34.40871916], [72.00733377, 34.40861196], [72.00728709, 34.40860294], [72.00725695, 34.40871014], [72.00730362, 34.40871916]]]]}, "properties": {"id": "8J6JC254+FW7F", "height": 3.109039783477783, "hmax": 0.018, "ratio": 0.006, "vulnClass": "none"}}, {"type": "Feature", "geometry": {"type": "MultiPolygon", "coordinates": [[[[72.00698201, 34.40871065], [72.00697557, 34.40867334], [72.00685386, 34.40868778], [72.0068603, 34.40872508], [72.00698201, 34.40871065]]]]}, "properties": {"id": "8J6JC254+FQFV", "height": 5.720814228057861, "hmax": 0.013, "ratio": 0.002, "vulnClass": "none"}}, {"type": "Feature", "geometry": {"type": "MultiPolygon", "coordinates": [[[[72.00735811, 34.40852508], [72.00705945, 34.4085124], [72.00705526, 34.40858022], [72.00735392, 34.40859291], [72.00735811, 34.40852508]]]]}, "properties": {"id": "8J6JC254+CVG4", "height": 2.495291709899902, "hmax": 0.016, "ratio": 0.006, "vulnClass": "none"}}, {"type": "Feature", "geometry": {"type": "MultiPolygon", "coordinates": [[[[72.0073568, 34.40829036], [72.00735149, 34.4082577], [72.00715006, 34.40828018], [72.00715537, 34.40831284], [72.0073568, 34.40829036]]]]}, "properties": {"id": "8J6JC254+8W6C", "height": 2.598631143569946, "hmax": 0.009, "ratio": 0.003, "vulnClass": "none"}}, {"type": "Feature", "geometry": {"type": "MultiPolygon", "coordinates": [[[[72.00750642, 34.40827633], [72.00749211, 34.4082338], [72.00736381, 34.40826345], [72.00737812, 34.40830598], [72.00750642, 34.40827633]]]]}, "properties": {"id": "8J6JC254+8X3Q", "height": 2.545767784118652, "hmax": 0.009, "ratio": 0.003, "vulnClass": "none"}}, {"type": "Feature", "geometry": {"type": "MultiPolygon", "coordinates": [[[[72.00761467, 34.40814694], [72.00754062, 34.40818863], [72.00760717, 34.40826986], [72.00768123, 34.40822817], [72.00761467, 34.40814694]]]]}, "properties": {"id": "8J6JC255+72Q8", "height": 2.791523933410645, "hmax": 0.009, "ratio": 0.003, "vulnClass": "none"}}, {"type": "Feature", "geometry": {"type": "MultiPolygon", "coordinates": [[[[72.00759717, 34.40815151], [72.0074699, 34.40800337], [72.00739664, 34.40804661], [72.00752391, 34.40819475], [72.00759717, 34.40815151]]]]}, "properties": {"id": "8J6JC254+6XQX", "height": 3.367242813110352, "hmax": 0.009, "ratio": 0.003, "vulnClass": "none"}}, {"type": "Feature", "geometry": {"type": "MultiPolygon", "coordinates": [[[[72.00784627, 34.40810807], [72.00780043, 34.40804481], [72.0076689, 34.40811029], [72.00771475, 34.40817355], [72.00784627, 34.40810807]]]]}, "properties": {"id": "8J6JC255+64R6", "height": 2.599041223526001, "hmax": 0.009, "ratio": 0.003, "vulnClass": "none"}}, {"type": "Feature", "geometry": {"type": "MultiPolygon", "coordinates": [[[[72.0076252, 34.40799428], [72.0075925, 34.40792238], [72.00745963, 34.40796389], [72.00749232, 34.40803579], [72.0076252, 34.40799428]]]]}, "properties": {"id": "8J6JC255+52V3", "height": 2.505774259567261, "hmax": 0.009, "ratio": 0.004, "vulnClass": "none"}}, {"type": "Feature", "geometry": {"type": "MultiPolygon", "coordinates": [[[[72.00727384, 34.40784772], [72.00718152, 34.40784283], [72.00717892, 34.40787666], [72.00727123, 34.40788154], [72.00727384, 34.40784772]]]]}, "properties": {"id": "8J6JC254+4VXC", "height": 2.611963748931885, "hmax": 0.009, "ratio": 0.003, "vulnClass": "none"}}, {"type": "Feature", "geometry": {"type": "MultiPolygon", "coordinates": [[[[72.00716112, 34.40782887], [72.0070729, 34.40782746], [72.00706824, 34.40802766], [72.00715645, 34.40802908], [72.00716112, 34.40782887]]]]}, "properties": {"id": "8J6JC254+5RH4", "height": 3.158554315567017, "hmax": 0.013, "ratio": 0.004, "vulnClass": "none"}}, {"type": "Feature", "geometry": {"type": "MultiPolygon", "coordinates": [[[[72.00712376, 34.40809938], [72.00706708, 34.40809786], [72.00706157, 34.40823935], [72.0071973, 34.40824299], [72.00719903, 34.40819881], [72.00715256, 34.40819757], [72.00715337, 34.40817677], [72.00712078, 34.4081759], [72.00712376, 34.40809938]]]]}, "properties": {"id": "8J6JC254+7RH8", "height": 2.57077693939209, "hmax": 0.012, "ratio": 0.005, "vulnClass": "none"}}, {"type": "Feature", "geometry": {"type": "MultiPolygon", "coordinates": [[[[72.0076864, 34.40627732], [72.00761619, 34.40628371], [72.00761755, 34.40629397], [72.00758591, 34.40629685], [72.00760375, 34.40643155], [72.0077796, 34.40641554], [72.00777072, 34.40634852], [72.00769673, 34.40635525], [72.0076864, 34.40627732]]]]}, "properties": {"id": "8J6JC245+G3VF", "height": 3.035709381103516, "hmax": 0.003, "ratio": 0.001, "vulnClass": "none"}}, {"type": "Feature", "geometry": {"type": "MultiPolygon", "coordinates": [[[[72.00731026, 34.40631155], [72.00730379, 34.4062627], [72.00724818, 34.40626776], [72.00725465, 34.40631661], [72.00731026, 34.40631155]]]]}, "properties": {"id": "8J6JC244+GW6H", "height": 2.473136901855469, "hmax": 0.003, "ratio": 0.001, "vulnClass": "none"}}, {"type": "Feature", "geometry": {"type": "MultiPolygon", "coordinates": [[[[72.00611647, 34.40665466], [72.00607191, 34.40662116], [72.00601951, 34.40666903], [72.00606407, 34.40670254], [72.00611647, 34.40665466]]]]}, "properties": {"id": "8J6JC244+MC8C", "height": 3.378098964691162, "hmax": 0.006, "ratio": 0.002, "vulnClass": "none"}}, {"type": "Feature", "geometry": {"type": "MultiPolygon", "coordinates": [[[[72.00614376, 34.40686998], [72.00604913, 34.40679774], [72.00599895, 34.40684291], [72.00609358, 34.40691514], [72.00614376, 34.40686998]]]]}, "properties": {"id": "8J6JC244+PCW7", "height": 2.656509160995483, "hmax": 0.006, "ratio": 0.002, "vulnClass": "none"}}, {"type": "Feature", "geometry": {"type": "MultiPolygon", "coordinates": [[[[72.00555351, 34.40674573], [72.00582266, 34.40649709], [72.00574578, 34.40643992], [72.00547663, 34.40668855], [72.00555351, 34.40674573]]]]}, "properties": {"id": "8J6JC244+J7JQ", "height": 4.994863986968994, "hmax": 0.007, "ratio": 0.001, "vulnClass": "none"}}, {"type": "Feature", "geometry": {"type": "MultiPolygon", "coordinates": [[[[72.0028428, 34.41201842], [72.00273414, 34.41202109], [72.00273554, 34.41206035], [72.0028442, 34.41205768], [72.0028428, 34.41201842]]]]}, "properties": {"id": "8J6JC263+R47F", "height": 2.651208639144897, "hmax": 0.023, "ratio": 0.009, "vulnClass": "none"}}, {"type": "Feature", "geometry": {"type": "MultiPolygon", "coordinates": [[[[72.00748716, 34.4101917], [72.00742154, 34.41019654], [72.00742619, 34.41023984], [72.00749181, 34.410235], [72.00748716, 34.4101917]]]]}, "properties": {"id": "8J6JC264+3XPP", "height": 2.47541356086731, "hmax": 0.007, "ratio": 0.003, "vulnClass": "none"}}, {"type": "Feature", "geometry": {"type": "MultiPolygon", "coordinates": [[[[72.00749248, 34.41025781], [72.00743505, 34.41025548], [72.00743204, 34.41030631], [72.00748948, 34.41030864], [72.00749248, 34.41025781]]]]}, "properties": {"id": "8J6JC264+4X89", "height": 2.542446613311768, "hmax": 0.007, "ratio": 0.003, "vulnClass": "none"}}, {"type": "Feature", "geometry": {"type": "MultiPolygon", "coordinates": [[[[72.00776792, 34.41016746], [72.00763082, 34.41017878], [72.00763928, 34.41024919], [72.00772989, 34.4102417], [72.00773557, 34.4102889], [72.00778206, 34.41028506], [72.00776792, 34.41016746]]]]}, "properties": {"id": "8J6JC265+33PQ", "height": 2.680644512176514, "hmax": 0.007, "ratio": 0.003, "vulnClass": "none"}}, {"type": "Feature", "geometry": {"type": "MultiPolygon", "coordinates": [[[[72.00778736, 34.41028458], [72.00774326, 34.41028832], [72.00774698, 34.41031844], [72.00779108, 34.4103147], [72.00778736, 34.41028458]]]]}, "properties": {"id": "8J6JC265+44C4", "height": 3.136127233505249, "hmax": 0.007, "ratio": 0.002, "vulnClass": "none"}}, {"type": "Feature", "geometry": {"type": "MultiPolygon", "coordinates": [[[[72.00796059, 34.41044668], [72.00795229, 34.41037765], [72.00779476, 34.41039067], [72.00780306, 34.41045969], [72.00796059, 34.41044668]]]]}, "properties": {"id": "8J6JC265+556J", "height": 4.622296810150146, "hmax": 0.007, "ratio": 0.002, "vulnClass": "none"}}, {"type": "Feature", "geometry": {"type": "MultiPolygon", "coordinates": [[[[72.00776451, 34.41039819], [72.00766034, 34.41040806], [72.00766932, 34.41047316], [72.00777349, 34.41046328], [72.00776451, 34.41039819]]]]}, "properties": {"id": "8J6JC265+53GH", "height": 3.608429908752441, "hmax": 0.007, "ratio": 0.002, "vulnClass": "none"}}, {"type": "Feature", "geometry": {"type": "MultiPolygon", "coordinates": [[[[72.0074977, 34.41031888], [72.00745229, 34.41032319], [72.00746653, 34.41042643], [72.00751194, 34.41042213], [72.0074977, 34.41031888]]]]}, "properties": {"id": "8J6JC264+4XXV", "height": 3.150113344192505, "hmax": 0.007, "ratio": 0.002, "vulnClass": "none"}}, {"type": "Feature", "geometry": {"type": "MultiPolygon", "coordinates": [[[[72.00766297, 34.41048197], [72.00765401, 34.41041471], [72.00745776, 34.41043268], [72.00746673, 34.41049994], [72.00766297, 34.41048197]]]]}, "properties": {"id": "8J6JC265+52M9", "height": 3.818588256835938, "hmax": 0.007, "ratio": 0.002, "vulnClass": "none"}}, {"type": "Feature", "geometry": {"type": "MultiPolygon", "coordinates": [[[[72.00785048, 34.41049694], [72.00774265, 34.41050453], [72.00775272, 34.41060283], [72.00786055, 34.41059525], [72.00785048, 34.41049694]]]]}, "properties": {"id": "8J6JC265+647W", "height": 2.917787551879883, "hmax": 0.007, "ratio": 0.002, "vulnClass": "none"}}, {"type": "Feature", "geometry": {"type": "MultiPolygon", "coordinates": [[[[72.00751105, 34.41059322], [72.00747232, 34.41055863], [72.00743503, 34.41058731], [72.00747375, 34.4106219], [72.00751105, 34.41059322]]]]}, "properties": {"id": "8J6JC264+6XQJ", "height": 2.728897571563721, "hmax": 0.007, "ratio": 0.003, "vulnClass": "none"}}, {"type": "Feature", "geometry": {"type": "MultiPolygon", "coordinates": [[[[72.00723837, 34.41092105], [72.00751173, 34.41069919], [72.00744893, 34.41064603], [72.00717556, 34.4108679], [72.00723837, 34.41092105]]]]}, "properties": {"id": "8J6JC264+8W89", "height": 3.891959190368652, "hmax": 0.007, "ratio": 0.002, "vulnClass": "none"}}]}