{"type": "FeatureCollection", "features": [{"type": "Feature", "geometry": {"type": "MultiPolygon", "coordinates": [[[[71.8531429, 34.40769792], [71.8532866, 34.40778579], [71.85334379, 34.40772212], [71.85329185, 34.40769036], [71.85332833, 34.40764976], [71.85323657, 34.40759365], [71.8531429, 34.40769792]]]]}, "properties": {"id": "Pakistan_123102132_283786", "height": 4.601620197296143, "hmax": 0.001, "ratio": 0.0, "vulnClass": "none"}}, {"type": "Feature", "geometry": {"type": "MultiPolygon", "coordinates": [[[[71.85405372, 34.40789286], [71.85421316, 34.40816002], [71.85427361, 34.40813547], [71.85413, 34.40789483], [71.85409999, 34.40788049], [71.85399181, 34.40769923], [71.85395429, 34.4076813], [71.853935, 34.40764898], [71.85380979, 34.40769984], [71.85390226, 34.4078548], [71.8537011, 34.40793652], [71.85365675, 34.40791533], [71.85363932, 34.40788612], [71.85359705, 34.40786593], [71.85356092, 34.4078806], [71.85351966, 34.40786089], [71.85357323, 34.40795066], [71.85392959, 34.40812094], [71.85395402, 34.40808614], [71.8537812, 34.40800356], [71.85405372, 34.40789286]]]]}, "properties": {"id": "Pakistan_123102132_296060", "height": 3.106441497802734, "hmax": 0.004, "ratio": 0.001, "vulnClass": "none"}}, {"type": "Feature", "geometry": {"type": "MultiPolygon", "coordinates": [[[[71.8542877, 34.40775634], [71.85431916, 34.40782498], [71.85438252, 34.40780521], [71.85435105, 34.40773657], [71.8542877, 34.40775634]]]]}, "properties": {"id": "Pakistan_123102132_314717", "height": 2.568319797515869, "hmax": 0.004, "ratio": 0.002, "vulnClass": "none"}}, {"type": "Feature", "geometry": {"type": "MultiPolygon", "coordinates": [[[[71.85557222, 34.40832722], [71.85559772, 34.40821955], [71.85543857, 34.4081939], [71.85541307, 34.40830158], [71.85557222, 34.40832722]]]]}, "properties": {"id": "Pakistan_123102132_77226", "height": 3.916085243225098, "hmax": 0.113, "ratio": 0.029, "vulnClass": "none"}}, {"type": "Feature", "geometry": {"type": "MultiPolygon", "coordinates": [[[[71.85494685, 34.40728663], [71.85494134, 34.40724957], [71.85490434, 34.40725332], [71.85490986, 34.40729038], [71.85494685, 34.40728663]]]]}, "properties": {"id": "Pakistan_123102132_138953", "height": 3.962546586990356, "hmax": 0.022, "ratio": 0.006, "vulnClass": "none"}}, {"type": "Feature", "geometry": {"type": "MultiPolygon", "coordinates": [[[[71.85482332, 34.40693574], [71.85481663, 34.40689895], [71.85476154, 34.40690577], [71.85476824, 34.40694256], [71.85482332, 34.40693574]]]]}, "properties": {"id": "Pakistan_123102132_132765", "height": 3.310402870178223, "hmax": 0.004, "ratio": 0.001, "vulnClass": "none"}}, {"type": "Feature", "geometry": {"type": "MultiPolygon", "coordinates": [[[[71.85465253, 34.40697467], [71.85455242, 34.40700058], [71.85461984, 34.40717787], [71.85471996, 34.40715195], [71.85465253, 34.40697467]]]]}, "properties": {"id": "Pakistan_123102132_138950", "height": 3.967485904693604, "hmax": 0.004, "ratio": 0.001, "vulnClass": "none"}}, {"type": "Feature", "geometry": {"type": "MultiPolygon", "coordinates": [[[[71.85466984, 34.40719592], [71.85482698, 34.40800377], [71.85500479, 34.40798023], [71.85499472, 34.40792845], [71.8550627, 34.40791945], [71.85503669, 34.40778569], [71.85491902, 34.40780127], [71.85490223, 34.40771498], [71.85497122, 34.40770584], [71.85495423, 34.40761853], [71.85485387, 34.40763183], [71.85478692, 34.40728766], [71.85483234, 34.40728165], [71.85482646, 34.40725144], [71.85491441, 34.4072398], [71.85489994, 34.40716544], [71.85466984, 34.40719592]]]]}, "properties": {"id": "Pakistan_123102132_163536", "height": 3.411112546920776, "hmax": 0.017, "ratio": 0.005, "vulnClass": "none"}}, {"type": "Feature", "geometry": {"type": "MultiPolygon", "coordinates": [[[[71.8540522, 34.40724791], [71.85412781, 34.40748737], [71.85418307, 34.40747549], [71.8541814, 34.40747021], [71.85425675, 34.40745401], [71.8542489, 34.40742914], [71.85416852, 34.40744642], [71.85412927, 34.40732208], [71.85433523, 34.40727781], [71.8543084, 34.40719285], [71.8540522, 34.40724791]]]]}, "properties": {"id": "Pakistan_123102132_92449", "height": 3.292905569076538, "hmax": 0.004, "ratio": 0.001, "vulnClass": "none"}}, {"type": "Feature", "geometry": {"type": "MultiPolygon", "coordinates": [[[[71.85390616, 34.40726025], [71.85389026, 34.407213], [71.8538554, 34.40722098], [71.8538713, 34.40726824], [71.85390616, 34.40726025]]]]}, "properties": {"id": "Pakistan_123102132_428622", "height": 2.822683811187744, "hmax": 0.004, "ratio": 0.001, "vulnClass": "none"}}, {"type": "Feature", "geometry": {"type": "MultiPolygon", "coordinates": [[[[71.85357543, 34.40710656], [71.85372811, 34.40742914], [71.8537924, 34.40740843], [71.85372335, 34.40726249], [71.85382195, 34.40723073], [71.8537847, 34.407152], [71.85369393, 34.40718124], [71.85364758, 34.40708331], [71.85357543, 34.40710656]]]]}, "properties": {"id": "Pakistan_123102132_419351", "height": 2.993880987167358, "hmax": 0.002, "ratio": 0.001, "vulnClass": "none"}}, {"type": "Feature", "geometry": {"type": "MultiPolygon", "coordinates": [[[[71.85441325, 34.40657821], [71.85454353, 34.40698472], [71.85467389, 34.40695627], [71.854649, 34.40687864], [71.85461892, 34.4068852], [71.85451189, 34.40655125], [71.85446083, 34.40656239], [71.85446246, 34.40656747], [71.85441325, 34.40657821]]]]}, "properties": {"id": "Pakistan_123102132_126503", "height": 3.967485904693604, "hmax": 0.004, "ratio": 0.001, "vulnClass": "none"}}, {"type": "Feature", "geometry": {"type": "MultiPolygon", "coordinates": [[[[71.85476405, 34.40640968], [71.85473765, 34.40632325], [71.8544451, 34.40638407], [71.85440476, 34.40625203], [71.85431901, 34.40626986], [71.85438575, 34.40648834], [71.85476405, 34.40640968]]]]}, "properties": {"id": "Pakistan_123102132_28099", "height": 3.754503488540649, "hmax": 0.004, "ratio": 0.001, "vulnClass": "none"}}, {"type": "Feature", "geometry": {"type": "MultiPolygon", "coordinates": [[[[71.85468132, 34.40626206], [71.85469352, 34.40632689], [71.85475114, 34.40631951], [71.85473895, 34.40625468], [71.85468132, 34.40626206]]]]}, "properties": {"id": "Pakistan_123102132_92453", "height": 2.901344060897827, "hmax": 0.006, "ratio": 0.002, "vulnClass": "none"}}, {"type": "Feature", "geometry": {"type": "MultiPolygon", "coordinates": [[[[71.85472884, 34.40669974], [71.85473367, 34.40678467], [71.85482734, 34.40678105], [71.85482252, 34.40669611], [71.85472884, 34.40669974]]]]}, "properties": {"id": "Pakistan_123102132_360660", "height": 3.457220792770386, "hmax": 0.004, "ratio": 0.001, "vulnClass": "none"}}, {"type": "Feature", "geometry": {"type": "MultiPolygon", "coordinates": [[[[71.85598155, 34.40695514], [71.85595543, 34.40704278], [71.85609362, 34.40707083], [71.85605878, 34.40718768], [71.85648966, 34.40727514], [71.85649869, 34.40724486], [71.85645822, 34.40723665], [71.85649087, 34.40712712], [71.85651869, 34.40713276], [71.85653797, 34.40706808], [71.85598155, 34.40695514]]]]}, "properties": {"id": "Pakistan_123102132_487185", "height": 2.896827697753906, "hmax": 0.066, "ratio": 0.023, "vulnClass": "none"}}, {"type": "Feature", "geometry": {"type": "MultiPolygon", "coordinates": [[[[71.85680773, 34.40705245], [71.85681602, 34.40700927], [71.8567506, 34.40700072], [71.85675599, 34.40697266], [71.85670628, 34.40696616], [71.85665986, 34.40720795], [71.8568875, 34.40723769], [71.85690201, 34.40716214], [71.85694649, 34.40716795], [71.85696472, 34.40707296], [71.85680773, 34.40705245]]]]}, "properties": {"id": "Pakistan_123102132_80274", "height": 3.326540231704712, "hmax": 0.069, "ratio": 0.021, "vulnClass": "none"}}, {"type": "Feature", "geometry": {"type": "MultiPolygon", "coordinates": [[[[71.85665978, 34.40706973], [71.85654746, 34.40706466], [71.85654454, 34.40710879], [71.85665686, 34.40711385], [71.85665978, 34.40706973]]]]}, "properties": {"id": "Pakistan_123102132_68100", "height": 2.678763389587402, "hmax": 0.069, "ratio": 0.026, "vulnClass": "none"}}, {"type": "Feature", "geometry": {"type": "MultiPolygon", "coordinates": [[[[71.85692777, 34.40817312], [71.85677631, 34.40809179], [71.85670395, 34.40818349], [71.85685542, 34.40826483], [71.85692777, 34.40817312]]]]}, "properties": {"id": "Pakistan_123102132_345384", "height": 2.525010585784912, "hmax": 0.24, "ratio": 0.095, "vulnClass": "low"}}, {"type": "Feature", "geometry": {"type": "MultiPolygon", "coordinates": [[[[71.85662823, 34.40727149], [71.85660208, 34.40733116], [71.85682508, 34.40739765], [71.85684223, 34.40735851], [71.85682088, 34.40735214], [71.85684146, 34.40730517], [71.85668726, 34.40725919], [71.85667567, 34.40728564], [71.85662823, 34.40727149]]]]}, "properties": {"id": "Pakistan_123102132_246858", "height": 3.041576862335205, "hmax": 0.207, "ratio": 0.068, "vulnClass": "low"}}, {"type": "Feature", "geometry": {"type": "MultiPolygon", "coordinates": [[[[71.85713914, 34.40898357], [71.85690842, 34.40887222], [71.85690556, 34.40885198], [71.85682209, 34.4088117], [71.85681658, 34.40877269], [71.85678843, 34.40881239], [71.85679332, 34.408847], [71.85676358, 34.40884986], [71.85664639, 34.40879331], [71.85660062, 34.40885787], [71.85660728, 34.40890499], [71.85670623, 34.40895274], [71.85675815, 34.40894775], [71.85676304, 34.40898237], [71.85686102, 34.40902965], [71.85691649, 34.40902431], [71.85692102, 34.40905639], [71.85706106, 34.40912397], [71.85709902, 34.40907043], [71.85703966, 34.40904178], [71.8570321, 34.40898828], [71.85710937, 34.40902557], [71.85713914, 34.40898357]]]]}, "properties": {"id": "Pakistan_123102132_597303", "height": 4.28901195526123, "hmax": 0.121, "ratio": 0.028, "vulnClass": "none"}}, {"type": "Feature", "geometry": {"type": "MultiPolygon", "coordinates": [[[[71.85676279, 34.40869679], [71.85688719, 34.40874817], [71.85687968, 34.40876055], [71.85704483, 34.40882876], [71.85706952, 34.40878806], [71.85690437, 34.40871985], [71.85691132, 34.40870839], [71.85678693, 34.40865701], [71.85676279, 34.40869679]]]]}, "properties": {"id": "Pakistan_123102132_354601", "height": 2.619636058807373, "hmax": 0.129, "ratio": 0.049, "vulnClass": "none"}}, {"type": "Feature", "geometry": {"type": "MultiPolygon", "coordinates": [[[[71.85391417, 34.40877044], [71.85400039, 34.40882492], [71.8540916, 34.40872665], [71.85400537, 34.40867218], [71.85391417, 34.40877044]]]]}, "properties": {"id": "Pakistan_123102132_603431", "height": 4.530742168426514, "hmax": 0.012, "ratio": 0.003, "vulnClass": "none"}}, {"type": "Feature", "geometry": {"type": "MultiPolygon", "coordinates": [[[[71.85353095, 34.40888917], [71.85348735, 34.4089592], [71.8538727, 34.4091225], [71.85403078, 34.40886863], [71.85398922, 34.40885101], [71.85387476, 34.40903486], [71.85353095, 34.40888917]]]]}, "properties": {"id": "Pakistan_123102132_400928", "height": 5.049257755279541, "hmax": 0.017, "ratio": 0.003, "vulnClass": "none"}}, {"type": "Feature", "geometry": {"type": "MultiPolygon", "coordinates": [[[[71.8528675, 34.41092608], [71.85280052, 34.41077348], [71.85274361, 34.41079048], [71.85281059, 34.41094308], [71.8528675, 34.41092608]]]]}, "properties": {"id": "Pakistan_123102132_237537", "height": 2.926784992218018, "hmax": 0.003, "ratio": 0.001, "vulnClass": "none"}}, {"type": "Feature", "geometry": {"type": "MultiPolygon", "coordinates": [[[[71.85294169, 34.41105673], [71.85318616, 34.41099387], [71.85315525, 34.41091203], [71.85285943, 34.41098807], [71.85290971, 34.41112119], [71.85296106, 34.411108], [71.85294169, 34.41105673]]]]}, "properties": {"id": "Pakistan_123102132_493281", "height": 2.624814510345459, "hmax": 0.003, "ratio": 0.001, "vulnClass": "none"}}, {"type": "Feature", "geometry": {"type": "MultiPolygon", "coordinates": [[[[71.85335829, 34.41204758], [71.8534101, 34.41210329], [71.85347426, 34.41206268], [71.85342244, 34.41200697], [71.85335829, 34.41204758]]]]}, "properties": {"id": "Pakistan_123102132_197644", "height": 2.895672082901001, "hmax": 0.001, "ratio": 0.0, "vulnClass": "none"}}, {"type": "Feature", "geometry": {"type": "MultiPolygon", "coordinates": [[[[71.85334821, 34.41230347], [71.85339219, 34.41233832], [71.85345115, 34.41228768], [71.85340717, 34.41225283], [71.85334821, 34.41230347]]]]}, "properties": {"id": "Pakistan_123102132_551328", "height": 5.174326419830322, "hmax": 0.001, "ratio": 0.0, "vulnClass": "none"}}, {"type": "Feature", "geometry": {"type": "MultiPolygon", "coordinates": [[[[71.85359894, 34.41215508], [71.85355419, 34.41212088], [71.85341111, 34.4122483], [71.85345586, 34.4122825], [71.85359894, 34.41215508]]]]}, "properties": {"id": "Pakistan_123102132_228332", "height": 3.653874397277832, "hmax": 0.001, "ratio": 0.0, "vulnClass": "none"}}, {"type": "Feature", "geometry": {"type": "MultiPolygon", "coordinates": [[[[71.8610409, 34.41176166], [71.86099849, 34.41168184], [71.86094674, 34.41170056], [71.86098915, 34.41178037], [71.8610409, 34.41176166]]]]}, "properties": {"id": "Pakistan_123102132_194638", "height": 4.035862922668457, "hmax": 0.003, "ratio": 0.001, "vulnClass": "none"}}, {"type": "Feature", "geometry": {"type": "MultiPolygon", "coordinates": [[[[71.85968776, 34.41127355], [71.8596666, 34.41123224], [71.85963246, 34.41124414], [71.85965362, 34.41128545], [71.85968776, 34.41127355]]]]}, "properties": {"id": "Pakistan_123102132_265386", "height": 2.696216583251953, "hmax": 0.003, "ratio": 0.001, "vulnClass": "none"}}, {"type": "Feature", "geometry": {"type": "MultiPolygon", "coordinates": [[[[71.8607992, 34.41141672], [71.86087108, 34.4114682], [71.86093349, 34.4114089], [71.8608616, 34.41135741], [71.8607992, 34.41141672]]]]}, "properties": {"id": "Pakistan_123102132_440969", "height": 3.312868595123291, "hmax": 0.003, "ratio": 0.001, "vulnClass": "none"}}, {"type": "Feature", "geometry": {"type": "MultiPolygon", "coordinates": [[[[71.86075038, 34.4115889], [71.86093932, 34.41171287], [71.86100727, 34.41164238], [71.8609892, 34.41163052], [71.86106058, 34.41155647], [71.8608897, 34.41144437], [71.86075038, 34.4115889]]]]}, "properties": {"id": "Pakistan_123102132_179202", "height": 3.3197340965271, "hmax": 0.003, "ratio": 0.001, "vulnClass": "none"}}, {"type": "Feature", "geometry": {"type": "MultiPolygon", "coordinates": [[[[71.86100723, 34.41163847], [71.86118979, 34.41178098], [71.86126478, 34.4117156], [71.86108221, 34.41157309], [71.86100723, 34.41163847]]]]}, "properties": {"id": "Pakistan_123102132_357701", "height": 4.525631904602051, "hmax": 0.003, "ratio": 0.001, "vulnClass": "none"}}, {"type": "Feature", "geometry": {"type": "MultiPolygon", "coordinates": [[[[71.86105655, 34.41128829], [71.86098027, 34.41125584], [71.86093875, 34.41132227], [71.86101504, 34.41135472], [71.86105655, 34.41128829]]]]}, "properties": {"id": "Pakistan_123102132_31162", "height": 2.64226508140564, "hmax": 0.003, "ratio": 0.001, "vulnClass": "none"}}, {"type": "Feature", "geometry": {"type": "MultiPolygon", "coordinates": [[[[71.86081235, 34.410945], [71.861072, 34.4110034], [71.86110399, 34.41090659], [71.86084434, 34.41084819], [71.86081235, 34.410945]]]]}, "properties": {"id": "Pakistan_123102132_290028", "height": 3.687818050384521, "hmax": 0.003, "ratio": 0.001, "vulnClass": "none"}}, {"type": "Feature", "geometry": {"type": "MultiPolygon", "coordinates": [[[[71.86053035, 34.41098503], [71.86051359, 34.4110075], [71.86058066, 34.41104156], [71.86064892, 34.4109501], [71.86053711, 34.41089331], [71.86051196, 34.41092701], [71.86045556, 34.41089836], [71.86042921, 34.41093366], [71.86053035, 34.41098503]]]]}, "properties": {"id": "Pakistan_123102132_194632", "height": 3.431674242019653, "hmax": 0.003, "ratio": 0.001, "vulnClass": "none"}}, {"type": "Feature", "geometry": {"type": "MultiPolygon", "coordinates": [[[[71.86065324, 34.41110728], [71.86076956, 34.4111434], [71.86087049, 34.41120686], [71.86090929, 34.41116487], [71.86104738, 34.4112517], [71.86107014, 34.41120183], [71.8610452, 34.41118615], [71.86109704, 34.41113003], [71.86113036, 34.41114037], [71.86114507, 34.41110814], [71.86119675, 34.41112418], [71.86121798, 34.41107767], [71.86102818, 34.41101874], [71.86090088, 34.41115654], [71.86085879, 34.41113008], [71.8608907, 34.41106014], [71.86072603, 34.41100902], [71.86070855, 34.41102793], [71.8606752, 34.41101758], [71.86064979, 34.41104509], [71.86062953, 34.4110388], [71.86061008, 34.41108144], [71.86053151, 34.41105705], [71.86035841, 34.41094821], [71.86027774, 34.41103554], [71.86053055, 34.41119449], [71.8604966, 34.41123124], [71.86058428, 34.41125847], [71.86065324, 34.41110728]]]]}, "properties": {"id": "Pakistan_123102132_508732", "height": 3.858167171478271, "hmax": 0.003, "ratio": 0.001, "vulnClass": "none"}}, {"type": "Feature", "geometry": {"type": "MultiPolygon", "coordinates": [[[[71.85988235, 34.41110874], [71.85972812, 34.41116926], [71.85975995, 34.41122448], [71.85991418, 34.41116396], [71.85988235, 34.41110874]]]]}, "properties": {"id": "Pakistan_123102132_157434", "height": 3.8117516040802, "hmax": 0.003, "ratio": 0.001, "vulnClass": "none"}}, {"type": "Feature", "geometry": {"type": "MultiPolygon", "coordinates": [[[[71.85959729, 34.41103822], [71.85962203, 34.41108342], [71.85974234, 34.41103861], [71.85971759, 34.4109934], [71.85959729, 34.41103822]]]]}, "properties": {"id": "Pakistan_123102132_330021", "height": 3.883477926254272, "hmax": 0.003, "ratio": 0.001, "vulnClass": "none"}}, {"type": "Feature", "geometry": {"type": "MultiPolygon", "coordinates": [[[[71.86468043, 34.41058428], [71.86438705, 34.41057721], [71.86438501, 34.4106347], [71.8647334, 34.41064309], [71.86473603, 34.41056889], [71.86468102, 34.41056756], [71.86468043, 34.41058428]]]]}, "properties": {"id": "Pakistan_123102132_80337", "height": 3.378827571868896, "hmax": 0.003, "ratio": 0.001, "vulnClass": "none"}}, {"type": "Feature", "geometry": {"type": "MultiPolygon", "coordinates": [[[[71.86537228, 34.40985818], [71.86531489, 34.40985022], [71.86530656, 34.40989111], [71.86536395, 34.40989907], [71.86537228, 34.40985818]]]]}, "properties": {"id": "Pakistan_123102132_40348", "height": 2.563348293304443, "hmax": 0.003, "ratio": 0.001, "vulnClass": "none"}}, {"type": "Feature", "geometry": {"type": "MultiPolygon", "coordinates": [[[[71.8653723, 34.40986806], [71.86537162, 34.40990889], [71.86540916, 34.40990931], [71.86540734, 34.41001893], [71.86535225, 34.4100183], [71.86535305, 34.40996963], [71.86529552, 34.40996898], [71.86529477, 34.41001424], [71.86527063, 34.41001396], [71.86526804, 34.41017004], [71.86543822, 34.41017196], [71.86543966, 34.41008447], [71.86580169, 34.41008857], [71.86580188, 34.41007751], [71.86596278, 34.41007933], [71.86596357, 34.41003183], [71.86603865, 34.41003267], [71.86603935, 34.40999064], [71.86606885, 34.40999097], [71.86607123, 34.40984716], [71.86585669, 34.40984474], [71.8658553, 34.40992882], [71.86582995, 34.40992853], [71.86583061, 34.40988871], [71.86572724, 34.40988754], [71.86572771, 34.40985878], [71.86567555, 34.40985819], [71.86567533, 34.40987147], [71.8653723, 34.40986806]]]]}, "properties": {"id": "Pakistan_123102132_336165", "height": 4.429363250732422, "hmax": 0.003, "ratio": 0.001, "vulnClass": "none"}}, {"type": "Feature", "geometry": {"type": "MultiPolygon", "coordinates": [[[[71.86560675, 34.40968788], [71.86559998, 34.40972917], [71.86581598, 34.40975327], [71.86582274, 34.40971198], [71.86560675, 34.40968788]]]]}, "properties": {"id": "Pakistan_123102132_111055", "height": 5.470089912414551, "hmax": 0.003, "ratio": 0.001, "vulnClass": "none"}}, {"type": "Feature", "geometry": {"type": "MultiPolygon", "coordinates": [[[[71.86588191, 34.40977837], [71.86592172, 34.40978177], [71.86592721, 34.40973798], [71.8658874, 34.40973458], [71.86588191, 34.40977837]]]]}, "properties": {"id": "Pakistan_123102132_65064", "height": 6.082057952880859, "hmax": 0.003, "ratio": 0.001, "vulnClass": "none"}}, {"type": "Feature", "geometry": {"type": "MultiPolygon", "coordinates": [[[[71.86619717, 34.40978453], [71.8662615, 34.4097859], [71.86626288, 34.40974167], [71.86619855, 34.4097403], [71.86619717, 34.40978453]]]]}, "properties": {"id": "Pakistan_123102132_527144", "height": 6.947959899902344, "hmax": 0.003, "ratio": 0.0, "vulnClass": "none"}}, {"type": "Feature", "geometry": {"type": "MultiPolygon", "coordinates": [[[[71.8661006, 34.40961196], [71.86598922, 34.40960931], [71.8659863, 34.40969333], [71.86609767, 34.40969598], [71.8661006, 34.40961196]]]]}, "properties": {"id": "Pakistan_123102132_422533", "height": 5.769631385803223, "hmax": 0.003, "ratio": 0.001, "vulnClass": "none"}}, {"type": "Feature", "geometry": {"type": "MultiPolygon", "coordinates": [[[[71.86598397, 34.40968343], [71.86598886, 34.40954856], [71.86588167, 34.40954592], [71.86587677, 34.40968078], [71.86598397, 34.40968343]]]]}, "properties": {"id": "Pakistan_123102132_243807", "height": 4.671082496643066, "hmax": 0.003, "ratio": 0.001, "vulnClass": "none"}}, {"type": "Feature", "geometry": {"type": "MultiPolygon", "coordinates": [[[[71.86563821, 34.40939011], [71.86563477, 34.40926847], [71.86559992, 34.40926914], [71.86560192, 34.40933991], [71.86540086, 34.40934378], [71.8654023, 34.40939465], [71.86563821, 34.40939011]]]]}, "properties": {"id": "Pakistan_123102132_89466", "height": 2.87035059928894, "hmax": 0.003, "ratio": 0.001, "vulnClass": "none"}}, {"type": "Feature", "geometry": {"type": "MultiPolygon", "coordinates": [[[[71.86591469, 34.4093054], [71.86599624, 34.40930335], [71.86599213, 34.40919281], [71.86591059, 34.40919486], [71.86591469, 34.4093054]]]]}, "properties": {"id": "Pakistan_123102132_65065", "height": 2.695331573486328, "hmax": 0.003, "ratio": 0.001, "vulnClass": "none"}}, {"type": "Feature", "geometry": {"type": "MultiPolygon", "coordinates": [[[[71.86592304, 34.4093314], [71.86591975, 34.409483], [71.8661971, 34.40948708], [71.86619909, 34.40939523], [71.86608915, 34.4093936], [71.86608954, 34.4093759], [71.86601714, 34.40937483], [71.86601805, 34.4093328], [71.86592304, 34.4093314]]]]}, "properties": {"id": "Pakistan_123102132_379162", "height": 6.062646865844727, "hmax": 0.003, "ratio": 0.001, "vulnClass": "none"}}, {"type": "Feature", "geometry": {"type": "MultiPolygon", "coordinates": [[[[71.86608595, 34.40921025], [71.86607999, 34.40933946], [71.86613356, 34.40934114], [71.86613951, 34.40921193], [71.86608595, 34.40921025]]]]}, "properties": {"id": "Pakistan_123102132_80346", "height": 3.136185646057129, "hmax": 0.003, "ratio": 0.001, "vulnClass": "none"}}, {"type": "Feature", "geometry": {"type": "MultiPolygon", "coordinates": [[[[71.86718595, 34.40974189], [71.8672395, 34.40974372], [71.8672493, 34.40954933], [71.86708211, 34.40954359], [71.86707999, 34.40958556], [71.86719363, 34.40958946], [71.86718595, 34.40974189]]]]}, "properties": {"id": "Pakistan_123102132_511813", "height": 2.792784929275513, "hmax": 0.002, "ratio": 0.001, "vulnClass": "none"}}, {"type": "Feature", "geometry": {"type": "MultiPolygon", "coordinates": [[[[71.8671937, 34.40918811], [71.86713216, 34.40919064], [71.86713409, 34.40922265], [71.86719563, 34.40922013], [71.8671937, 34.40918811]]]]}, "properties": {"id": "Pakistan_123102132_536253", "height": 2.71529483795166, "hmax": 0.004, "ratio": 0.002, "vulnClass": "none"}}, {"type": "Feature", "geometry": {"type": "MultiPolygon", "coordinates": [[[[71.86726815, 34.40916671], [71.86725196, 34.40904873], [71.86715662, 34.40905763], [71.86716127, 34.40909149], [71.86699595, 34.40910693], [71.86699655, 34.4091113], [71.86691558, 34.40911887], [71.86692248, 34.40916912], [71.86696637, 34.40916502], [71.86697041, 34.40919451], [71.86726815, 34.40916671]]]]}, "properties": {"id": "Pakistan_123102132_419435", "height": 3.420950412750244, "hmax": 0.004, "ratio": 0.001, "vulnClass": "none"}}, {"type": "Feature", "geometry": {"type": "MultiPolygon", "coordinates": [[[[71.86681097, 34.40875703], [71.86675203, 34.40875873], [71.86675372, 34.40879851], [71.86681265, 34.40879681], [71.86681097, 34.40875703]]]]}, "properties": {"id": "Pakistan_123102132_277738", "height": 2.838854789733887, "hmax": 0.003, "ratio": 0.001, "vulnClass": "none"}}, {"type": "Feature", "geometry": {"type": "MultiPolygon", "coordinates": [[[[71.86687677, 34.40884977], [71.86684184, 34.40908074], [71.8670003, 34.40909706], [71.8670092, 34.40903822], [71.86690884, 34.40902789], [71.86692763, 34.40890369], [71.86701742, 34.40891294], [71.86702467, 34.408865], [71.86687677, 34.40884977]]]]}, "properties": {"id": "Pakistan_123102132_517908", "height": 4.788911819458008, "hmax": 0.004, "ratio": 0.001, "vulnClass": "none"}}, {"type": "Feature", "geometry": {"type": "MultiPolygon", "coordinates": [[[[71.86703039, 34.40896519], [71.86704503, 34.408969], [71.86705965, 34.40893076], [71.86700354, 34.40891616], [71.86696968, 34.40900472], [71.86701116, 34.40901551], [71.86703039, 34.40896519]]]]}, "properties": {"id": "Pakistan_123102132_120431", "height": 3.574183464050293, "hmax": 0.004, "ratio": 0.001, "vulnClass": "none"}}, {"type": "Feature", "geometry": {"type": "MultiPolygon", "coordinates": [[[[71.86721401, 34.40896323], [71.86721168, 34.40891019], [71.86708578, 34.40891395], [71.86708811, 34.40896699], [71.86721401, 34.40896323]]]]}, "properties": {"id": "Pakistan_123102132_271584", "height": 4.106796741485596, "hmax": 0.004, "ratio": 0.001, "vulnClass": "none"}}, {"type": "Feature", "geometry": {"type": "MultiPolygon", "coordinates": [[[[71.86530055, 34.40869886], [71.86550102, 34.40872035], [71.86551781, 34.40861371], [71.8654123, 34.40860241], [71.86542566, 34.40851754], [71.86551007, 34.40852658], [71.86551075, 34.40852223], [71.8659407, 34.40856831], [71.86594584, 34.40853566], [71.8659221, 34.40853312], [71.86592792, 34.40849612], [71.86573801, 34.40847577], [71.86575172, 34.40838872], [71.86568577, 34.40838166], [71.86567926, 34.408423], [71.86541549, 34.40839474], [71.86542509, 34.4083338], [71.86535914, 34.40832674], [71.86530055, 34.40869886]]]]}, "properties": {"id": "Pakistan_123102132_453305", "height": 3.603559494018555, "hmax": 0.002, "ratio": 0.001, "vulnClass": "none"}}, {"type": "Feature", "geometry": {"type": "MultiPolygon", "coordinates": [[[[71.8658357, 34.40883039], [71.86583584, 34.40888571], [71.86588948, 34.40888562], [71.86588922, 34.40878382], [71.86569879, 34.40878415], [71.8656989, 34.40883062], [71.8658357, 34.40883039]]]]}, "properties": {"id": "Pakistan_123102132_499431", "height": 6.021788597106934, "hmax": 0.003, "ratio": 0.001, "vulnClass": "none"}}, {"type": "Feature", "geometry": {"type": "MultiPolygon", "coordinates": [[[[71.86644609, 34.40891312], [71.86598752, 34.40890796], [71.86598668, 34.40895884], [71.86623071, 34.40896159], [71.86622779, 34.40913859], [71.86628678, 34.40913925], [71.86628686, 34.40913483], [71.86641673, 34.40913629], [71.86641844, 34.4090323], [71.86652725, 34.40903353], [71.86652827, 34.40897158], [71.86644514, 34.40897064], [71.86644609, 34.40891312]]]]}, "properties": {"id": "Pakistan_123102132_293126", "height": 7.383261680603027, "hmax": 0.003, "ratio": 0.0, "vulnClass": "none"}}, {"type": "Feature", "geometry": {"type": "MultiPolygon", "coordinates": [[[[71.8660539, 34.40917261], [71.86627182, 34.409184], [71.86627436, 34.40915094], [71.86621025, 34.40914759], [71.8662116, 34.40912996], [71.865991, 34.40911843], [71.8659905, 34.40912504], [71.86605729, 34.40912853], [71.8660539, 34.40917261]]]]}, "properties": {"id": "Pakistan_123102132_606608", "height": 3.235151767730713, "hmax": 0.003, "ratio": 0.001, "vulnClass": "none"}}, {"type": "Feature", "geometry": {"type": "MultiPolygon", "coordinates": [[[[71.86587395, 34.4090797], [71.86570768, 34.40908159], [71.86570905, 34.40916345], [71.86581632, 34.40916223], [71.86581724, 34.40921754], [71.86587624, 34.40921687], [71.86587395, 34.4090797]]]]}, "properties": {"id": "Pakistan_123102132_551417", "height": 2.929031848907471, "hmax": 0.003, "ratio": 0.001, "vulnClass": "none"}}, {"type": "Feature", "geometry": {"type": "MultiPolygon", "coordinates": [[[[71.86519778, 34.40911021], [71.86518607, 34.40939534], [71.86538165, 34.40940081], [71.86538564, 34.40930355], [71.86531063, 34.40930146], [71.86531389, 34.40922188], [71.86538623, 34.40922391], [71.86539022, 34.40912665], [71.86547328, 34.40912897], [71.86547482, 34.4090914], [71.86538105, 34.40908877], [71.86538577, 34.40897384], [71.8652786, 34.40897084], [71.8652728, 34.4091123], [71.86519778, 34.40911021]]]]}, "properties": {"id": "Pakistan_123102132_606600", "height": 4.552798271179199, "hmax": 0.002, "ratio": 0.0, "vulnClass": "none"}}, {"type": "Feature", "geometry": {"type": "MultiPolygon", "coordinates": [[[[71.86438219, 34.40876774], [71.8642971, 34.40918849], [71.86433214, 34.40919332], [71.8643245, 34.40923115], [71.86435842, 34.40923581], [71.86438976, 34.4090808], [71.86456199, 34.4091045], [71.86456547, 34.40908727], [71.8646255, 34.40909553], [71.86464203, 34.40901372], [71.86444521, 34.40898664], [71.86446959, 34.40886607], [71.86453071, 34.40887448], [71.86454768, 34.40879051], [71.86438219, 34.40876774]]]]}, "properties": {"id": "Pakistan_123102132_308610", "height": 2.489672899246216, "hmax": 0.003, "ratio": 0.001, "vulnClass": "none"}}, {"type": "Feature", "geometry": {"type": "MultiPolygon", "coordinates": [[[[71.86381294, 34.40871981], [71.86392089, 34.40873201], [71.86396667, 34.40845614], [71.86385872, 34.40844395], [71.86381294, 34.40871981]]]]}, "properties": {"id": "Pakistan_123102132_514813", "height": 3.361751556396484, "hmax": 0.003, "ratio": 0.001, "vulnClass": "none"}}, {"type": "Feature", "geometry": {"type": "MultiPolygon", "coordinates": [[[[71.86359427, 34.40842709], [71.8635364, 34.40842039], [71.86351756, 34.40853106], [71.86357542, 34.40853777], [71.86359427, 34.40842709]]]]}, "properties": {"id": "Pakistan_123102132_240758", "height": 3.327016115188599, "hmax": 0.004, "ratio": 0.001, "vulnClass": "none"}}, {"type": "Feature", "geometry": {"type": "MultiPolygon", "coordinates": [[[[71.86364756, 34.408624], [71.86364708, 34.40859211], [71.86357626, 34.40859284], [71.86357581, 34.40856277], [71.86347122, 34.40856383], [71.86347295, 34.4086802], [71.86378247, 34.40867703], [71.86378165, 34.40862264], [71.86364756, 34.408624]]]]}, "properties": {"id": "Pakistan_123102132_160495", "height": 3.647642135620117, "hmax": 0.004, "ratio": 0.001, "vulnClass": "none"}}, {"type": "Feature", "geometry": {"type": "MultiPolygon", "coordinates": [[[[71.86378462, 34.40886965], [71.863781, 34.40892925], [71.86370453, 34.40892608], [71.86370064, 34.4089901], [71.86378359, 34.40899353], [71.8637738, 34.40915466], [71.86385674, 34.40915809], [71.86387068, 34.40892853], [71.86401516, 34.4089345], [71.86401851, 34.40887932], [71.86378462, 34.40886965]]]]}, "properties": {"id": "Pakistan_123102132_43448", "height": 4.012118816375732, "hmax": 0.003, "ratio": 0.001, "vulnClass": "none"}}, {"type": "Feature", "geometry": {"type": "MultiPolygon", "coordinates": [[[[71.86403183, 34.40926342], [71.86387297, 34.40927115], [71.86386542, 34.4091653], [71.86376499, 34.40917018], [71.86377586, 34.40932234], [71.86403514, 34.40930973], [71.86403183, 34.40926342]]]]}, "properties": {"id": "Pakistan_123102132_474838", "height": 4.012118816375732, "hmax": 0.003, "ratio": 0.001, "vulnClass": "none"}}, {"type": "Feature", "geometry": {"type": "MultiPolygon", "coordinates": [[[[71.86349342, 34.40922935], [71.86340809, 34.40922394], [71.8634042, 34.40926574], [71.86348953, 34.40927115], [71.86349342, 34.40922935]]]]}, "properties": {"id": "Pakistan_123102132_459508", "height": 3.075440406799316, "hmax": 0.005, "ratio": 0.002, "vulnClass": "none"}}, {"type": "Feature", "geometry": {"type": "MultiPolygon", "coordinates": [[[[71.86374823, 34.40953027], [71.86376712, 34.4094228], [71.86373937, 34.40941948], [71.86372049, 34.40952695], [71.86374823, 34.40953027]]]]}, "properties": {"id": "Pakistan_123102132_391608", "height": 3.648195505142212, "hmax": 0.003, "ratio": 0.001, "vulnClass": "none"}}, {"type": "Feature", "geometry": {"type": "MultiPolygon", "coordinates": [[[[71.86351955, 34.4095563], [71.86366975, 34.4095563], [71.86366975, 34.40947442], [71.86370999, 34.40947442], [71.86370999, 34.40940582], [71.8636483, 34.40940582], [71.8636483, 34.4093682], [71.86351955, 34.4093682], [71.86351955, 34.4095563]]]]}, "properties": {"id": "Pakistan_123102132_163607", "height": 3.027575016021729, "hmax": 0.003, "ratio": 0.001, "vulnClass": "none"}}, {"type": "Feature", "geometry": {"type": "MultiPolygon", "coordinates": [[[[71.86486045, 34.40936966], [71.86482237, 34.4094451], [71.8650441, 34.40952127], [71.86508217, 34.40944584], [71.86486045, 34.40936966]]]]}, "properties": {"id": "Pakistan_123102132_22077", "height": 3.806092739105225, "hmax": 0.003, "ratio": 0.001, "vulnClass": "none"}}, {"type": "Feature", "geometry": {"type": "MultiPolygon", "coordinates": [[[[71.86442267, 34.40974118], [71.86478249, 34.40979148], [71.86479972, 34.40970759], [71.8644399, 34.40965729], [71.86442267, 34.40974118]]]]}, "properties": {"id": "Pakistan_123102132_410183", "height": 5.245012283325195, "hmax": 0.003, "ratio": 0.001, "vulnClass": "none"}}, {"type": "Feature", "geometry": {"type": "MultiPolygon", "coordinates": [[[[71.86436909, 34.41003546], [71.86433584, 34.4101922], [71.86450099, 34.41021605], [71.86451667, 34.41014212], [71.86446603, 34.41013481], [71.8644836, 34.410052], [71.86436909, 34.41003546]]]]}, "properties": {"id": "Pakistan_123102132_505653", "height": 2.48088550567627, "hmax": 0.003, "ratio": 0.001, "vulnClass": "none"}}, {"type": "Feature", "geometry": {"type": "MultiPolygon", "coordinates": [[[[71.8642704, 34.41034721], [71.86427915, 34.41016826], [71.86427524, 34.41016813], [71.86427837, 34.41010406], [71.86415787, 34.41010005], [71.86415355, 34.41018842], [71.86404643, 34.41018485], [71.86404438, 34.41022683], [71.86402295, 34.41022611], [71.86402068, 34.41027251], [71.86388803, 34.41026809], [71.8638768, 34.41049785], [71.86406425, 34.4105041], [71.86406522, 34.41048421], [71.86397686, 34.41048127], [71.86398387, 34.41033767], [71.8642704, 34.41034721]]]]}, "properties": {"id": "Pakistan_123102132_148150", "height": 2.81340765953064, "hmax": 0.003, "ratio": 0.001, "vulnClass": "none"}}, {"type": "Feature", "geometry": {"type": "MultiPolygon", "coordinates": [[[[71.86392319, 34.41014818], [71.86398217, 34.41014918], [71.86398338, 34.41010052], [71.86401287, 34.41010102], [71.86401458, 34.41003245], [71.8639261, 34.41003095], [71.86392319, 34.41014818]]]]}, "properties": {"id": "Pakistan_123102132_259240", "height": 2.485584497451782, "hmax": 0.003, "ratio": 0.001, "vulnClass": "none"}}, {"type": "Feature", "geometry": {"type": "MultiPolygon", "coordinates": [[[[71.86390695, 34.41001563], [71.86391057, 34.40998401], [71.86384677, 34.40997903], [71.86384315, 34.41001065], [71.86390695, 34.41001563]]]]}, "properties": {"id": "Pakistan_123102132_496378", "height": 2.999990224838257, "hmax": 0.003, "ratio": 0.001, "vulnClass": "none"}}, {"type": "Feature", "geometry": {"type": "MultiPolygon", "coordinates": [[[[71.86414467, 34.4101809], [71.86414323, 34.41008355], [71.86410569, 34.41008393], [71.86410481, 34.41002419], [71.86404849, 34.41002476], [71.86405081, 34.41018184], [71.86414467, 34.4101809]]]]}, "properties": {"id": "Pakistan_123102132_603510", "height": 3.719696283340454, "hmax": 0.003, "ratio": 0.001, "vulnClass": "none"}}, {"type": "Feature", "geometry": {"type": "MultiPolygon", "coordinates": [[[[71.86397958, 34.40970174], [71.86370065, 34.40970378], [71.86370252, 34.40987729], [71.86398145, 34.40987526], [71.86397958, 34.40970174]]]]}, "properties": {"id": "Pakistan_123102132_530154", "height": 3.713830471038818, "hmax": 0.003, "ratio": 0.001, "vulnClass": "none"}}, {"type": "Feature", "geometry": {"type": "MultiPolygon", "coordinates": [[[[71.86302134, 34.40993992], [71.8632714, 34.40996354], [71.86329414, 34.40979972], [71.86320412, 34.40979122], [71.86319309, 34.40987073], [71.86307276, 34.40985935], [71.86307883, 34.40981567], [71.86303911, 34.40981191], [71.86302134, 34.40993992]]]]}, "properties": {"id": "Pakistan_123102132_139007", "height": 2.655482053756714, "hmax": 0.003, "ratio": 0.001, "vulnClass": "none"}}, {"type": "Feature", "geometry": {"type": "MultiPolygon", "coordinates": [[[[71.86227281, 34.4097478], [71.8624282, 34.40976107], [71.86243452, 34.40971071], [71.86258578, 34.40972363], [71.8625899, 34.40969079], [71.86228324, 34.4096646], [71.86227281, 34.4097478]]]]}, "properties": {"id": "Pakistan_123102132_213203", "height": 4.603188991546631, "hmax": 0.006, "ratio": 0.001, "vulnClass": "none"}}, {"type": "Feature", "geometry": {"type": "MultiPolygon", "coordinates": [[[[71.86130573, 34.4102839], [71.86126208, 34.41018916], [71.86122224, 34.41020166], [71.86118483, 34.41012045], [71.86110749, 34.4101447], [71.86118855, 34.41032065], [71.86130573, 34.4102839]]]]}, "properties": {"id": "Pakistan_123102132_517874", "height": 2.475395679473877, "hmax": 0.003, "ratio": 0.001, "vulnClass": "none"}}, {"type": "Feature", "geometry": {"type": "MultiPolygon", "coordinates": [[[[71.86096722, 34.4098836], [71.86097392, 34.40999314], [71.86103692, 34.40999052], [71.86102252, 34.40975516], [71.86081771, 34.4097637], [71.86081474, 34.40971514], [71.86072645, 34.40971882], [71.86073713, 34.40989319], [71.86096722, 34.4098836]]]]}, "properties": {"id": "Pakistan_123102132_114150", "height": 3.728699684143066, "hmax": 0.005, "ratio": 0.001, "vulnClass": "none"}}, {"type": "Feature", "geometry": {"type": "MultiPolygon", "coordinates": [[[[71.86055657, 34.40941809], [71.86053699, 34.40948561], [71.8605404, 34.40956224], [71.86054273, 34.40955423], [71.8605464, 34.40963663], [71.86066157, 34.40963314], [71.86065862, 34.40956684], [71.8608113, 34.40956221], [71.86082006, 34.40975889], [71.86091381, 34.40975605], [71.8608984, 34.40940997], [71.86090072, 34.40940195], [71.86090566, 34.40951288], [71.86100892, 34.40950975], [71.8610154, 34.40948742], [71.861052, 34.40948631], [71.86105045, 34.40945151], [71.86096927, 34.40943548], [71.86096259, 34.40928544], [71.86102745, 34.40928347], [71.86104555, 34.40922106], [71.86104463, 34.4092003], [71.86095226, 34.40918206], [71.86087918, 34.40943402], [71.86067519, 34.4094402], [71.86056231, 34.40941792], [71.86055657, 34.40941809]]]]}, "properties": {"id": "Pakistan_123102132_603481", "height": 3.594753742218018, "hmax": 0.005, "ratio": 0.001, "vulnClass": "none"}}, {"type": "Feature", "geometry": {"type": "MultiPolygon", "coordinates": [[[[71.86119271, 34.40945208], [71.86117812, 34.40969268], [71.860984, 34.40968467], [71.86098065, 34.40973985], [71.86125504, 34.40975118], [71.86125008, 34.40983285], [71.86140794, 34.40983937], [71.86140124, 34.40994973], [71.8615282, 34.40995498], [71.86153832, 34.40978801], [71.86154367, 34.40978823], [71.86154661, 34.40973966], [71.86142234, 34.40973454], [71.86142587, 34.40967635], [71.86128793, 34.40967066], [71.86128922, 34.40964939], [71.86123988, 34.40964736], [71.86124568, 34.40955163], [71.86129234, 34.40955356], [71.86129515, 34.40950721], [71.86138227, 34.4095108], [71.86138535, 34.40946003], [71.86119271, 34.40945208]]]]}, "properties": {"id": "Pakistan_123102132_117284", "height": 2.443697929382324, "hmax": 0.006, "ratio": 0.003, "vulnClass": "none"}}, {"type": "Feature", "geometry": {"type": "MultiPolygon", "coordinates": [[[[71.86157012, 34.40933497], [71.86131648, 34.40932076], [71.86132289, 34.40924287], [71.86121343, 34.40923673], [71.86119837, 34.40941956], [71.86169229, 34.40944725], [71.86170645, 34.40927544], [71.86157562, 34.4092681], [71.86157012, 34.40933497]]]]}, "properties": {"id": "Pakistan_123102132_231470", "height": 3.745696544647217, "hmax": 0.006, "ratio": 0.002, "vulnClass": "none"}}, {"type": "Feature", "geometry": {"type": "MultiPolygon", "coordinates": [[[[71.86126122, 34.40911173], [71.86145335, 34.4091231], [71.86146285, 34.40901382], [71.86135991, 34.40900773], [71.86137253, 34.40886242], [71.86160202, 34.40887599], [71.86161388, 34.4087395], [71.86154073, 34.40873517], [71.86153735, 34.40877401], [71.86148131, 34.40877069], [71.86148564, 34.40872085], [71.86147497, 34.40872022], [71.86147554, 34.40871361], [71.8614115, 34.40870983], [71.86142414, 34.40856452], [71.86130939, 34.40855774], [71.86126122, 34.40911173]]]]}, "properties": {"id": "Pakistan_123102132_185437", "height": 4.115373134613037, "hmax": 0.007, "ratio": 0.002, "vulnClass": "none"}}, {"type": "Feature", "geometry": {"type": "MultiPolygon", "coordinates": [[[[71.86157198, 34.40856908], [71.86157041, 34.40864287], [71.86163098, 34.40864375], [71.86163256, 34.40856996], [71.86157198, 34.40856908]]]]}, "properties": {"id": "Pakistan_123102132_28150", "height": 2.608871936798096, "hmax": 0.004, "ratio": 0.002, "vulnClass": "none"}}, {"type": "Feature", "geometry": {"type": "MultiPolygon", "coordinates": [[[[71.86245332, 34.4089657], [71.86270532, 34.40897034], [71.86270742, 34.40889293], [71.86245541, 34.40888829], [71.86245332, 34.4089657]]]]}, "properties": {"id": "Pakistan_123102132_505640", "height": 3.110930919647217, "hmax": 0.005, "ratio": 0.002, "vulnClass": "none"}}, {"type": "Feature", "geometry": {"type": "MultiPolygon", "coordinates": [[[[71.86264734, 34.40912063], [71.86264345, 34.40897244], [71.86253085, 34.40897445], [71.86253474, 34.40912264], [71.86264734, 34.40912063]]]]}, "properties": {"id": "Pakistan_123102132_293104", "height": 3.080618381500244, "hmax": 0.005, "ratio": 0.002, "vulnClass": "none"}}, {"type": "Feature", "geometry": {"type": "MultiPolygon", "coordinates": [[[[71.86284317, 34.40907903], [71.86273964, 34.40906277], [71.86272466, 34.40912766], [71.86282819, 34.40914393], [71.86284317, 34.40907903]]]]}, "properties": {"id": "Pakistan_123102132_194656", "height": 3.508838653564453, "hmax": 0.005, "ratio": 0.001, "vulnClass": "none"}}, {"type": "Feature", "geometry": {"type": "MultiPolygon", "coordinates": [[[[71.86270367, 34.40897631], [71.86264357, 34.40897754], [71.8626447, 34.40901514], [71.8627048, 34.4090139], [71.86270367, 34.40897631]]]]}, "properties": {"id": "Pakistan_123102132_330038", "height": 3.388641834259033, "hmax": 0.005, "ratio": 0.002, "vulnClass": "none"}}, {"type": "Feature", "geometry": {"type": "MultiPolygon", "coordinates": [[[[71.8631671, 34.40868519], [71.8630422, 34.40867156], [71.86303147, 34.40863854], [71.86298387, 34.40863335], [71.86296191, 34.40877037], [71.86312118, 34.40878773], [71.86309719, 34.40893752], [71.86330187, 34.40889228], [71.86327725, 34.40893374], [71.86329255, 34.40893992], [71.86325792, 34.40894757], [71.8632799, 34.40901526], [71.86348351, 34.40903746], [71.86347218, 34.40910821], [71.86360009, 34.40907993], [71.86362568, 34.40892018], [71.86349658, 34.40890611], [71.86348323, 34.40886502], [71.86350062, 34.40883574], [71.8633653, 34.40882098], [71.86338097, 34.40872311], [71.86333516, 34.40871812], [71.86332676, 34.40869224], [71.86337084, 34.408618], [71.86331241, 34.40861163], [71.86329825, 34.40856804], [71.86324843, 34.40856261], [71.86324589, 34.40857847], [71.86322086, 34.408584], [71.86321263, 34.40863539], [71.8631737, 34.40864399], [71.8631671, 34.40868519]]]]}, "properties": {"id": "Pakistan_123102132_207009", "height": 5.289095878601074, "hmax": 0.004, "ratio": 0.001, "vulnClass": "none"}}, {"type": "Feature", "geometry": {"type": "MultiPolygon", "coordinates": [[[[71.86281489, 34.40849739], [71.86280876, 34.40859449], [71.86297995, 34.40860185], [71.86297814, 34.40863054], [71.86302897, 34.40863272], [71.86303161, 34.40859079], [71.86311454, 34.40859435], [71.86311175, 34.40863849], [71.8631706, 34.40864102], [71.86317673, 34.40854391], [71.86314463, 34.40854253], [71.86314811, 34.40848736], [71.86304111, 34.40848276], [71.86305114, 34.40832387], [71.86294682, 34.40831938], [71.86294454, 34.40835556], [71.86299536, 34.40835775], [71.8629872, 34.40848709], [71.86290427, 34.40848352], [71.86290316, 34.40850118], [71.86281489, 34.40849739]]]]}, "properties": {"id": "Pakistan_123102132_126553", "height": 5.672449111938477, "hmax": 0.004, "ratio": 0.001, "vulnClass": "none"}}, {"type": "Feature", "geometry": {"type": "MultiPolygon", "coordinates": [[[[71.86325543, 34.40831054], [71.86323925, 34.408483], [71.86348454, 34.40849868], [71.86349135, 34.40842608], [71.86331538, 34.40841484], [71.86332475, 34.40831496], [71.86325543, 34.40831054]]]]}, "properties": {"id": "Pakistan_123102132_366840", "height": 2.756103038787842, "hmax": 0.004, "ratio": 0.002, "vulnClass": "none"}}, {"type": "Feature", "geometry": {"type": "MultiPolygon", "coordinates": [[[[71.86319551, 34.40835359], [71.86319379, 34.40831381], [71.8630786, 34.4083172], [71.86308032, 34.40835698], [71.86319551, 34.40835359]]]]}, "properties": {"id": "Pakistan_123102132_271561", "height": 4.979698181152344, "hmax": 0.003, "ratio": 0.001, "vulnClass": "none"}}, {"type": "Feature", "geometry": {"type": "MultiPolygon", "coordinates": [[[[71.86348264, 34.40823873], [71.86328171, 34.40823304], [71.86327969, 34.40828166], [71.8634056, 34.40828523], [71.86340242, 34.4083617], [71.86352673, 34.40836522], [71.86353285, 34.40821803], [71.86348356, 34.40821663], [71.86348264, 34.40823873]]]]}, "properties": {"id": "Pakistan_123102132_551403", "height": 3.382635831832886, "hmax": 0.003, "ratio": 0.001, "vulnClass": "none"}}, {"type": "Feature", "geometry": {"type": "MultiPolygon", "coordinates": [[[[71.86326246, 34.40800452], [71.8631988, 34.40799897], [71.8631928, 34.4080458], [71.86325646, 34.40805135], [71.86326246, 34.40800452]]]]}, "properties": {"id": "Pakistan_123102132_237624", "height": 3.567863464355469, "hmax": 0.003, "ratio": 0.001, "vulnClass": "none"}}, {"type": "Feature", "geometry": {"type": "MultiPolygon", "coordinates": [[[[71.8632116, 34.40790487], [71.86320709, 34.40796794], [71.86325951, 34.40797049], [71.86326402, 34.40790742], [71.8632116, 34.40790487]]]]}, "properties": {"id": "Pakistan_123102132_52748", "height": 4.109971523284912, "hmax": 0.003, "ratio": 0.001, "vulnClass": "none"}}, {"type": "Feature", "geometry": {"type": "MultiPolygon", "coordinates": [[[[71.86314126, 34.4078383], [71.86314519, 34.40792758], [71.86322019, 34.40792533], [71.86321656, 34.40784268], [71.86319245, 34.4078434], [71.86319216, 34.40783677], [71.86314126, 34.4078383]]]]}, "properties": {"id": "Pakistan_123102132_293109", "height": 3.394933700561523, "hmax": 0.003, "ratio": 0.001, "vulnClass": "none"}}, {"type": "Feature", "geometry": {"type": "MultiPolygon", "coordinates": [[[[71.86328668, 34.40773463], [71.86314197, 34.40773106], [71.86313841, 34.40782922], [71.86323921, 34.40783172], [71.8632376, 34.40787593], [71.86328151, 34.40787702], [71.86328668, 34.40773463]]]]}, "properties": {"id": "Pakistan_123102132_311658", "height": 4.413932800292969, "hmax": 0.003, "ratio": 0.001, "vulnClass": "none"}}, {"type": "Feature", "geometry": {"type": "MultiPolygon", "coordinates": [[[[71.86299037, 34.40772287], [71.86296258, 34.40808568], [71.86304807, 34.40809013], [71.86306067, 34.4079257], [71.8631328, 34.40792946], [71.8631404, 34.40783027], [71.86303353, 34.4078247], [71.86304694, 34.4076497], [71.86297582, 34.407646], [71.86297862, 34.4076094], [71.86294288, 34.40760753], [71.86294676, 34.40755684], [71.8628586, 34.40755224], [71.86284611, 34.40771535], [71.86299037, 34.40772287]]]]}, "properties": {"id": "Pakistan_123102132_185451", "height": 3.556025743484497, "hmax": 0.003, "ratio": 0.001, "vulnClass": "none"}}, {"type": "Feature", "geometry": {"type": "MultiPolygon", "coordinates": [[[[71.86328828, 34.40728453], [71.86308276, 34.40728289], [71.86308138, 34.40740016], [71.8632869, 34.4074018], [71.86328828, 34.40728453]]]]}, "properties": {"id": "Pakistan_123102132_572785", "height": 3.360296964645386, "hmax": 0.001, "ratio": 0.0, "vulnClass": "none"}}, {"type": "Feature", "geometry": {"type": "MultiPolygon", "coordinates": [[[[71.86291478, 34.40744949], [71.86291169, 34.40753707], [71.86297333, 34.40753854], [71.86297642, 34.40745097], [71.86291478, 34.40744949]]]]}, "properties": {"id": "Pakistan_123102132_114164", "height": 2.527697086334229, "hmax": 0.003, "ratio": 0.001, "vulnClass": "none"}}, {"type": "Feature", "geometry": {"type": "MultiPolygon", "coordinates": [[[[71.8610277, 34.40759978], [71.86102124, 34.40743316], [71.86105875, 34.40743217], [71.86105978, 34.4074587], [71.86113313, 34.40745676], [71.8611284, 34.40733518], [71.8608943, 34.40734136], [71.8608871, 34.40715566], [71.86084155, 34.40715686], [71.86085006, 34.40737655], [71.86091437, 34.40737485], [71.8609232, 34.40760255], [71.8610277, 34.40759978]]]]}, "properties": {"id": "Pakistan_123102132_225238", "height": 4.553769111633301, "hmax": 0.002, "ratio": 0.0, "vulnClass": "none"}}, {"type": "Feature", "geometry": {"type": "MultiPolygon", "coordinates": [[[[71.86272567, 34.40753252], [71.86290224, 34.40753987], [71.86291141, 34.40738977], [71.86307194, 34.40739644], [71.8630776, 34.40730373], [71.86283949, 34.40729383], [71.86284488, 34.40720554], [71.86271646, 34.4072002], [71.86270621, 34.40736796], [71.86273564, 34.40736918], [71.86272567, 34.40753252]]]]}, "properties": {"id": "Pakistan_123102132_502486", "height": 3.476075172424316, "hmax": 0.002, "ratio": 0.001, "vulnClass": "none"}}, {"type": "Feature", "geometry": {"type": "MultiPolygon", "coordinates": [[[[71.86346806, 34.40733501], [71.86364773, 34.40733299], [71.86364564, 34.40720597], [71.86339088, 34.40720884], [71.86339337, 34.40736019], [71.86346846, 34.40735934], [71.86346806, 34.40733501]]]]}, "properties": {"id": "Pakistan_123102132_197731", "height": 5.69598388671875, "hmax": 0.001, "ratio": 0.0, "vulnClass": "none"}}, {"type": "Feature", "geometry": {"type": "MultiPolygon", "coordinates": [[[[71.86338348, 34.40752486], [71.86362585, 34.40753556], [71.86363096, 34.40745703], [71.86344741, 34.40744891], [71.86345056, 34.40740037], [71.86339172, 34.40739777], [71.86338348, 34.40752486]]]]}, "properties": {"id": "Pakistan_123102132_58988", "height": 5.924570560455322, "hmax": 0.002, "ratio": 0.0, "vulnClass": "none"}}, {"type": "Feature", "geometry": {"type": "MultiPolygon", "coordinates": [[[[71.86407123, 34.4076293], [71.86422541, 34.40763549], [71.86423179, 34.40752731], [71.8640776, 34.40752112], [71.86407123, 34.4076293]]]]}, "properties": {"id": "Pakistan_123102132_58993", "height": 2.611346960067749, "hmax": 0.002, "ratio": 0.001, "vulnClass": "none"}}, {"type": "Feature", "geometry": {"type": "MultiPolygon", "coordinates": [[[[71.86422213, 34.40764592], [71.86404895, 34.40764177], [71.86404619, 34.40772009], [71.86421937, 34.40772425], [71.86422213, 34.40764592]]]]}, "properties": {"id": "Pakistan_123102132_176104", "height": 2.611346960067749, "hmax": 0.002, "ratio": 0.001, "vulnClass": "none"}}, {"type": "Feature", "geometry": {"type": "MultiPolygon", "coordinates": [[[[71.86333842, 34.40785092], [71.86358394, 34.40785685], [71.86358681, 34.40777595], [71.86344849, 34.4077726], [71.86344993, 34.40773191], [71.86334274, 34.40772932], [71.86333842, 34.40785092]]]]}, "properties": {"id": "Pakistan_123102132_397907", "height": 4.037912845611572, "hmax": 0.003, "ratio": 0.001, "vulnClass": "none"}}, {"type": "Feature", "geometry": {"type": "MultiPolygon", "coordinates": [[[[71.86350943, 34.40788763], [71.86338353, 34.40788386], [71.86338217, 34.4079148], [71.86350807, 34.40791857], [71.86350943, 34.40788763]]]]}, "properties": {"id": "Pakistan_123102132_219261", "height": 4.25967264175415, "hmax": 0.003, "ratio": 0.001, "vulnClass": "none"}}, {"type": "Feature", "geometry": {"type": "MultiPolygon", "coordinates": [[[[71.86344285, 34.40804357], [71.86344081, 34.40798387], [71.86331485, 34.40798679], [71.86331688, 34.40804649], [71.86344285, 34.40804357]]]]}, "properties": {"id": "Pakistan_123102132_320840", "height": 3.960603713989258, "hmax": 0.003, "ratio": 0.001, "vulnClass": "none"}}, {"type": "Feature", "geometry": {"type": "MultiPolygon", "coordinates": [[[[71.86356009, 34.40805888], [71.86337005, 34.40805178], [71.86336762, 34.40809594], [71.86342813, 34.4080982], [71.86342661, 34.40812602], [71.86351332, 34.40812925], [71.8635155, 34.4080895], [71.86355833, 34.4080911], [71.86356009, 34.40805888]]]]}, "properties": {"id": "Pakistan_123102132_283853", "height": 2.788583993911743, "hmax": 0.003, "ratio": 0.001, "vulnClass": "none"}}, {"type": "Feature", "geometry": {"type": "MultiPolygon", "coordinates": [[[[71.86454092, 34.40776759], [71.86454363, 34.40768924], [71.86426758, 34.40768277], [71.86426488, 34.4077611], [71.86454092, 34.40776759]]]]}, "properties": {"id": "Pakistan_123102132_188451", "height": 2.509454250335693, "hmax": 0.002, "ratio": 0.001, "vulnClass": "none"}}, {"type": "Feature", "geometry": {"type": "MultiPolygon", "coordinates": [[[[71.86749045, 34.40891466], [71.86731612, 34.40893595], [71.86730641, 34.40888181], [71.86724342, 34.4088895], [71.86726827, 34.40902809], [71.86750561, 34.40899911], [71.86749045, 34.40891466]]]]}, "properties": {"id": "Pakistan_123102132_197753", "height": 4.748958110809326, "hmax": 0.004, "ratio": 0.001, "vulnClass": "none"}}, {"type": "Feature", "geometry": {"type": "MultiPolygon", "coordinates": [[[[71.86734879, 34.40904394], [71.86728395, 34.40905383], [71.86730889, 34.40916509], [71.86743338, 34.4091461], [71.8674233, 34.40910117], [71.86736365, 34.40911027], [71.86734879, 34.40904394]]]]}, "properties": {"id": "Pakistan_123102132_203955", "height": 3.081795692443848, "hmax": 0.004, "ratio": 0.001, "vulnClass": "none"}}, {"type": "Feature", "geometry": {"type": "MultiPolygon", "coordinates": [[[[71.86751828, 34.40912791], [71.86750652, 34.40908945], [71.86747374, 34.40909627], [71.8674855, 34.40913473], [71.86751828, 34.40912791]]]]}, "properties": {"id": "Pakistan_123102132_216221", "height": 2.919822931289673, "hmax": 0.004, "ratio": 0.001, "vulnClass": "none"}}, {"type": "Feature", "geometry": {"type": "MultiPolygon", "coordinates": [[[[71.86756885, 34.4092821], [71.86756011, 34.40922549], [71.86733312, 34.40924934], [71.86734186, 34.40930596], [71.86756885, 34.4092821]]]]}, "properties": {"id": "Pakistan_123102132_388583", "height": 2.713851451873779, "hmax": 0.004, "ratio": 0.002, "vulnClass": "none"}}, {"type": "Feature", "geometry": {"type": "MultiPolygon", "coordinates": [[[[71.86765708, 34.39879598], [71.86760827, 34.39871395], [71.86754991, 34.39873758], [71.86752869, 34.39870192], [71.86744224, 34.39873693], [71.86751227, 34.39885464], [71.86765708, 34.39879598]]]]}, "properties": {"id": "Pakistan_123102132_259255", "height": 2.482251405715942, "hmax": 0.001, "ratio": 0.0, "vulnClass": "none"}}, {"type": "Feature", "geometry": {"type": "MultiPolygon", "coordinates": [[[[71.86731214, 34.39903935], [71.86732898, 34.39908612], [71.8673906, 34.39907102], [71.86737376, 34.39902424], [71.86731214, 34.39903935]]]]}, "properties": {"id": "Pakistan_123102132_6705", "height": 2.811707973480225, "hmax": 0.001, "ratio": 0.0, "vulnClass": "none"}}, {"type": "Feature", "geometry": {"type": "MultiPolygon", "coordinates": [[[[71.86755226, 34.39928267], [71.86748104, 34.39929639], [71.86746025, 34.39922293], [71.86735597, 34.39924302], [71.86742545, 34.39948857], [71.86760096, 34.39945476], [71.86755226, 34.39928267]]]]}, "properties": {"id": "Pakistan_123102132_419438", "height": 3.387098789215088, "hmax": 0.001, "ratio": 0.0, "vulnClass": "none"}}, {"type": "Feature", "geometry": {"type": "MultiPolygon", "coordinates": [[[[71.86739463, 34.39951793], [71.86744682, 34.39981037], [71.86775813, 34.39977254], [71.86771041, 34.39950505], [71.86750146, 34.39953043], [71.86749701, 34.39950549], [71.86739463, 34.39951793]]]]}, "properties": {"id": "Pakistan_123102132_425667", "height": 3.455852508544922, "hmax": 0.003, "ratio": 0.001, "vulnClass": "none"}}, {"type": "Feature", "geometry": {"type": "MultiPolygon", "coordinates": [[[[71.86733459, 34.39946169], [71.86734205, 34.399496], [71.86739922, 34.39948754], [71.86739177, 34.39945323], [71.86733459, 34.39946169]]]]}, "properties": {"id": "Pakistan_123102132_210179", "height": 3.119754791259766, "hmax": 0.003, "ratio": 0.001, "vulnClass": "none"}}, {"type": "Feature", "geometry": {"type": "MultiPolygon", "coordinates": [[[[71.86545516, 34.39985662], [71.86546428, 34.40003778], [71.86563565, 34.4000319], [71.86563387, 34.39999655], [71.8655589, 34.39999912], [71.86555389, 34.3998997], [71.86561279, 34.39989768], [71.86561046, 34.39985129], [71.86545516, 34.39985662]]]]}, "properties": {"id": "Pakistan_123102132_194669", "height": 2.609375715255737, "hmax": 0.002, "ratio": 0.001, "vulnClass": "none"}}, {"type": "Feature", "geometry": {"type": "MultiPolygon", "coordinates": [[[[71.8654258, 34.39955158], [71.86545064, 34.39972174], [71.86563835, 34.39970308], [71.86563071, 34.39965073], [71.86560162, 34.39965362], [71.86559574, 34.39961335], [71.86549528, 34.39962334], [71.86548396, 34.3995458], [71.8654258, 34.39955158]]]]}, "properties": {"id": "Pakistan_123102132_431775", "height": 2.70598840713501, "hmax": 0.002, "ratio": 0.001, "vulnClass": "none"}}, {"type": "Feature", "geometry": {"type": "MultiPolygon", "coordinates": [[[[71.86686786, 34.39942335], [71.86692161, 34.39964578], [71.86700416, 34.3996322], [71.86695993, 34.39944915], [71.8670719, 34.39943072], [71.86710432, 34.39956481], [71.86715075, 34.39955717], [71.86710881, 34.3993837], [71.86686786, 34.39942335]]]]}, "properties": {"id": "Pakistan_123102132_80350", "height": 2.999982118606567, "hmax": 0.002, "ratio": 0.001, "vulnClass": "none"}}, {"type": "Feature", "geometry": {"type": "MultiPolygon", "coordinates": [[[[71.86632323, 34.39909616], [71.86637063, 34.39919985], [71.86649039, 34.39916258], [71.86638942, 34.3989417], [71.86633919, 34.39895734], [71.86639275, 34.39907452], [71.86632323, 34.39909616]]]]}, "properties": {"id": "Pakistan_123102132_49679", "height": 2.980494737625122, "hmax": 0.001, "ratio": 0.0, "vulnClass": "none"}}, {"type": "Feature", "geometry": {"type": "MultiPolygon", "coordinates": [[[[71.86605496, 34.3992428], [71.86619438, 34.39959341], [71.86627814, 34.39957074], [71.86625314, 34.39950784], [71.86629772, 34.39949577], [71.8662421, 34.39935591], [71.86621206, 34.39936404], [71.86618108, 34.39928612], [71.86627794, 34.39925989], [71.86624893, 34.39918692], [71.86627557, 34.39917971], [71.866245, 34.39910282], [71.86619511, 34.39911633], [71.86620502, 34.39914126], [71.86615079, 34.39915594], [71.86617265, 34.39921094], [71.86605496, 34.3992428]]]]}, "properties": {"id": "Pakistan_123102132_123555", "height": 3.335253238677979, "hmax": 0.002, "ratio": 0.001, "vulnClass": "none"}}, {"type": "Feature", "geometry": {"type": "MultiPolygon", "coordinates": [[[[71.86597441, 34.39938928], [71.86593339, 34.39940058], [71.86596561, 34.39948023], [71.86600664, 34.39946893], [71.86597441, 34.39938928]]]]}, "properties": {"id": "Pakistan_123102132_34230", "height": 2.540387153625488, "hmax": 0.002, "ratio": 0.001, "vulnClass": "none"}}, {"type": "Feature", "geometry": {"type": "MultiPolygon", "coordinates": [[[[71.86576304, 34.39951396], [71.86583704, 34.39950653], [71.86586393, 34.39968869], [71.86602889, 34.39967211], [71.86601648, 34.39958809], [71.86594932, 34.39959484], [71.86593258, 34.39948144], [71.86587815, 34.3994869], [71.8658648, 34.39939647], [71.86581087, 34.39940189], [71.86580587, 34.39936802], [71.86576729, 34.3993719], [71.86577534, 34.39942641], [71.86575048, 34.39942891], [71.86576304, 34.39951396]]]]}, "properties": {"id": "Pakistan_123102132_407037", "height": 3.693103790283203, "hmax": 0.002, "ratio": 0.001, "vulnClass": "none"}}, {"type": "Feature", "geometry": {"type": "MultiPolygon", "coordinates": [[[[71.86528168, 34.39956381], [71.86523187, 34.39956505], [71.86523354, 34.39961049], [71.86528335, 34.39960924], [71.86528168, 34.39956381]]]]}, "properties": {"id": "Pakistan_123102132_55849", "height": 3.371489286422729, "hmax": 0.002, "ratio": 0.001, "vulnClass": "none"}}, {"type": "Feature", "geometry": {"type": "MultiPolygon", "coordinates": [[[[71.86519034, 34.39963525], [71.86519253, 34.39972274], [71.86539205, 34.39971933], [71.86538985, 34.39963185], [71.86519034, 34.39963525]]]]}, "properties": {"id": "Pakistan_123102132_123549", "height": 3.416299819946289, "hmax": 0.002, "ratio": 0.001, "vulnClass": "none"}}, {"type": "Feature", "geometry": {"type": "MultiPolygon", "coordinates": [[[[71.86489309, 34.39955526], [71.86490208, 34.39973077], [71.86507611, 34.3997247], [71.86506712, 34.39954918], [71.86489309, 34.39955526]]]]}, "properties": {"id": "Pakistan_123102132_157461", "height": 6.316046714782715, "hmax": 0.002, "ratio": 0.0, "vulnClass": "none"}}, {"type": "Feature", "geometry": {"type": "MultiPolygon", "coordinates": [[[[71.861476, 34.39994217], [71.8614883, 34.40010309], [71.86154173, 34.40010031], [71.86153297, 34.39998568], [71.86161579, 34.39998137], [71.86161225, 34.39993508], [71.861476, 34.39994217]]]]}, "properties": {"id": "Pakistan_123102132_481015", "height": 2.710017442703247, "hmax": 0.004, "ratio": 0.002, "vulnClass": "none"}}, {"type": "Feature", "geometry": {"type": "MultiPolygon", "coordinates": [[[[71.86156751, 34.39977697], [71.86141468, 34.39977947], [71.86141612, 34.3998392], [71.86156894, 34.3998367], [71.86156751, 34.39977697]]]]}, "properties": {"id": "Pakistan_123102132_606575", "height": 3.068909168243408, "hmax": 0.004, "ratio": 0.001, "vulnClass": "none"}}, {"type": "Feature", "geometry": {"type": "MultiPolygon", "coordinates": [[[[71.86265046, 34.40011489], [71.86292132, 34.40011215], [71.86292017, 34.40003471], [71.86264126, 34.40003752], [71.86264021, 34.39996672], [71.86258657, 34.39996726], [71.86258504, 34.3998641], [71.86253945, 34.39986456], [71.86254345, 34.40013368], [71.86265072, 34.40013259], [71.86265046, 34.40011489]]]]}, "properties": {"id": "Pakistan_123102132_240753", "height": 3.041296720504761, "hmax": 0.002, "ratio": 0.001, "vulnClass": "none"}}, {"type": "Feature", "geometry": {"type": "MultiPolygon", "coordinates": [[[[71.86269493, 34.39970556], [71.86275545, 34.39970399], [71.86275405, 34.39966726], [71.86269353, 34.39966883], [71.86269493, 34.39970556]]]]}, "properties": {"id": "Pakistan_123102132_268555", "height": 3.189462661743164, "hmax": 0.002, "ratio": 0.001, "vulnClass": "none"}}, {"type": "Feature", "geometry": {"type": "MultiPolygon", "coordinates": [[[[71.85944402, 34.40009228], [71.85972709, 34.40004424], [71.85970961, 34.39997418], [71.85965963, 34.39998266], [71.85961326, 34.39979667], [71.85938017, 34.39983625], [71.85944402, 34.40009228]]]]}, "properties": {"id": "Pakistan_123102132_320820", "height": 2.821281433105469, "hmax": 0.003, "ratio": 0.001, "vulnClass": "none"}}, {"type": "Feature", "geometry": {"type": "MultiPolygon", "coordinates": [[[[71.86125003, 34.39985673], [71.86122884, 34.40005518], [71.86146838, 34.40007259], [71.86148269, 34.39993863], [71.86141349, 34.3999336], [71.86142037, 34.39986912], [71.86125003, 34.39985673]]]]}, "properties": {"id": "Pakistan_123102132_58973", "height": 2.710017442703247, "hmax": 0.004, "ratio": 0.002, "vulnClass": "none"}}, {"type": "Feature", "geometry": {"type": "MultiPolygon", "coordinates": [[[[71.86084959, 34.39979132], [71.86084614, 34.39972727], [71.86076583, 34.39973021], [71.86076631, 34.39973905], [71.86071812, 34.39974081], [71.86071515, 34.39968559], [71.86059469, 34.39969001], [71.86060063, 34.39980045], [71.86084959, 34.39979132]]]]}, "properties": {"id": "Pakistan_123102132_339263", "height": 2.626862049102783, "hmax": 0.004, "ratio": 0.002, "vulnClass": "none"}}, {"type": "Feature", "geometry": {"type": "MultiPolygon", "coordinates": [[[[71.861261, 34.40028199], [71.86127517, 34.40064457], [71.86147613, 34.40063922], [71.86147354, 34.40057289], [71.8613744, 34.40057553], [71.861368, 34.40041193], [71.86132513, 34.40041307], [71.8613196, 34.40027158], [71.86147768, 34.40026737], [71.86147959, 34.40031601], [71.86151978, 34.40031494], [71.8615158, 34.40021324], [71.86129877, 34.40021902], [71.86129254, 34.40005984], [71.8612068, 34.40006212], [71.86121144, 34.4001807], [71.86108015, 34.40018419], [71.86108416, 34.4002867], [71.861261, 34.40028199]]]]}, "properties": {"id": "Pakistan_123102132_314761", "height": 3.38343334197998, "hmax": 0.003, "ratio": 0.001, "vulnClass": "none"}}, {"type": "Feature", "geometry": {"type": "MultiPolygon", "coordinates": [[[[71.86123369, 34.4004768], [71.8612302, 34.40033743], [71.86117238, 34.40033842], [71.86117153, 34.40030442], [71.86112327, 34.40030524], [71.86112485, 34.400368], [71.86106469, 34.40036903], [71.86106663, 34.40044645], [71.86112947, 34.40044538], [71.8611303, 34.40047856], [71.86123369, 34.4004768]]]]}, "properties": {"id": "Pakistan_123102132_612846", "height": 3.095938920974731, "hmax": 0.003, "ratio": 0.001, "vulnClass": "none"}}, {"type": "Feature", "geometry": {"type": "MultiPolygon", "coordinates": [[[[71.86106878, 34.40035174], [71.86076318, 34.40028706], [71.86073864, 34.40036596], [71.86104425, 34.40043065], [71.86106878, 34.40035174]]]]}, "properties": {"id": "Pakistan_123102132_219245", "height": 2.772037744522095, "hmax": 0.003, "ratio": 0.001, "vulnClass": "none"}}, {"type": "Feature", "geometry": {"type": "MultiPolygon", "coordinates": [[[[71.85980588, 34.40107609], [71.85980135, 34.40101435], [71.85973454, 34.40101768], [71.85973907, 34.40107942], [71.85980588, 34.40107609]]]]}, "properties": {"id": "Pakistan_123102132_107914", "height": 3.620789289474487, "hmax": 0.002, "ratio": 0.001, "vulnClass": "none"}}, {"type": "Feature", "geometry": {"type": "MultiPolygon", "coordinates": [[[[71.85998338, 34.40117251], [71.85978121, 34.4011803], [71.85978491, 34.40124565], [71.85998708, 34.40123788], [71.85998338, 34.40117251]]]]}, "properties": {"id": "Pakistan_123102132_265388", "height": 2.621004104614258, "hmax": 0.003, "ratio": 0.001, "vulnClass": "none"}}, {"type": "Feature", "geometry": {"type": "MultiPolygon", "coordinates": [[[[71.86016711, 34.40116659], [71.86012896, 34.40101604], [71.85988482, 34.40105815], [71.85989396, 34.4010942], [71.8599582, 34.40108312], [71.8599711, 34.40113401], [71.86006361, 34.40111805], [71.86007973, 34.40118166], [71.86016711, 34.40116659]]]]}, "properties": {"id": "Pakistan_123102132_649", "height": 2.569943189620972, "hmax": 0.003, "ratio": 0.001, "vulnClass": "none"}}, {"type": "Feature", "geometry": {"type": "MultiPolygon", "coordinates": [[[[71.86188362, 34.40046335], [71.86173628, 34.40049209], [71.86175069, 34.40054239], [71.86189803, 34.40051366], [71.86188362, 34.40046335]]]]}, "properties": {"id": "Pakistan_123102132_385456", "height": 2.736727237701416, "hmax": 0.002, "ratio": 0.001, "vulnClass": "none"}}, {"type": "Feature", "geometry": {"type": "MultiPolygon", "coordinates": [[[[71.86174303, 34.40054539], [71.86173385, 34.40048886], [71.86159684, 34.40050399], [71.86160601, 34.40056052], [71.86174303, 34.40054539]]]]}, "properties": {"id": "Pakistan_123102132_581980", "height": 2.736727237701416, "hmax": 0.003, "ratio": 0.001, "vulnClass": "none"}}, {"type": "Feature", "geometry": {"type": "MultiPolygon", "coordinates": [[[[71.85996768, 34.40176735], [71.85998316, 34.40184036], [71.86027599, 34.40179808], [71.86026051, 34.40172507], [71.86020971, 34.40173241], [71.86021427, 34.40175388], [71.86012318, 34.40176703], [71.86011452, 34.40172623], [71.86001303, 34.40174089], [71.86001712, 34.40176021], [71.85996768, 34.40176735]]]]}, "properties": {"id": "Pakistan_123102132_83360", "height": 3.868509769439697, "hmax": 0.003, "ratio": 0.001, "vulnClass": "none"}}, {"type": "Feature", "geometry": {"type": "MultiPolygon", "coordinates": [[[[71.859876, 34.40146718], [71.85992643, 34.40167114], [71.85993931, 34.40166898], [71.85995875, 34.40174759], [71.86009646, 34.40172441], [71.86007859, 34.40165217], [71.85998724, 34.40166755], [71.85993523, 34.40145721], [71.859876, 34.40146718]]]]}, "properties": {"id": "Pakistan_123102132_71140", "height": 4.110411167144775, "hmax": 0.003, "ratio": 0.001, "vulnClass": "none"}}, {"type": "Feature", "geometry": {"type": "MultiPolygon", "coordinates": [[[[71.85993185, 34.40143525], [71.85993418, 34.40147942], [71.86003324, 34.40147585], [71.8600309, 34.40143168], [71.85993185, 34.40143525]]]]}, "properties": {"id": "Pakistan_123102132_647", "height": 3.604524612426758, "hmax": 0.003, "ratio": 0.001, "vulnClass": "none"}}, {"type": "Feature", "geometry": {"type": "MultiPolygon", "coordinates": [[[[71.85965067, 34.40434693], [71.85965533, 34.40419433], [71.85954543, 34.40419205], [71.85953776, 34.40444327], [71.85968786, 34.40444639], [71.85969088, 34.40434777], [71.85965067, 34.40434693]]]]}, "properties": {"id": "Pakistan_123102132_197693", "height": 3.274395942687988, "hmax": 0.002, "ratio": 0.001, "vulnClass": "none"}}, {"type": "Feature", "geometry": {"type": "MultiPolygon", "coordinates": [[[[71.86007545, 34.40481755], [71.86007423, 34.40465822], [71.86000181, 34.40465859], [71.86000271, 34.40477588], [71.85988356, 34.4047765], [71.85988156, 34.40451759], [71.85983444, 34.40451783], [71.85983674, 34.40481879], [71.86007545, 34.40481755]]]]}, "properties": {"id": "Pakistan_123102132_256073", "height": 3.036128044128418, "hmax": 0.005, "ratio": 0.002, "vulnClass": "none"}}, {"type": "Feature", "geometry": {"type": "MultiPolygon", "coordinates": [[[[71.85984573, 34.40452067], [71.86007096, 34.40451716], [71.86006862, 34.40441539], [71.8598434, 34.40441891], [71.85984573, 34.40452067]]]]}, "properties": {"id": "Pakistan_123102132_98586", "height": 3.247523307800293, "hmax": 0.002, "ratio": 0.001, "vulnClass": "none"}}, {"type": "Feature", "geometry": {"type": "MultiPolygon", "coordinates": [[[[71.85976913, 34.40463466], [71.85977514, 34.40452645], [71.85972696, 34.40452463], [71.85972922, 34.40448398], [71.85952732, 34.40447634], [71.85951906, 34.40462521], [71.85976913, 34.40463466]]]]}, "properties": {"id": "Pakistan_123102132_104794", "height": 3.249226808547974, "hmax": 0.002, "ratio": 0.001, "vulnClass": "none"}}, {"type": "Feature", "geometry": {"type": "MultiPolygon", "coordinates": [[[[71.85961364, 34.40475839], [71.85950377, 34.40475568], [71.85949866, 34.40489627], [71.85959401, 34.40489863], [71.85959545, 34.40485883], [71.85960998, 34.40485919], [71.85961364, 34.40475839]]]]}, "properties": {"id": "Pakistan_123102132_517869", "height": 4.287620544433594, "hmax": 0.007, "ratio": 0.002, "vulnClass": "none"}}, {"type": "Feature", "geometry": {"type": "MultiPolygon", "coordinates": [[[[71.85856854, 34.40548373], [71.85848272, 34.4054828], [71.85848195, 34.40553148], [71.85856777, 34.40553241], [71.85856854, 34.40548373]]]]}, "properties": {"id": "Pakistan_123102132_379119", "height": 2.836189746856689, "hmax": 0.005, "ratio": 0.002, "vulnClass": "none"}}, {"type": "Feature", "geometry": {"type": "MultiPolygon", "coordinates": [[[[71.8574454, 34.40539274], [71.85735231, 34.40506663], [71.85723034, 34.40509034], [71.85723664, 34.40511242], [71.85730017, 34.40510008], [71.85734294, 34.40524992], [71.857254, 34.40526721], [71.85722379, 34.40516139], [71.85718313, 34.40516929], [71.85722922, 34.40533074], [71.85719364, 34.40533765], [71.85718047, 34.40529152], [71.85712202, 34.40530288], [71.85716332, 34.40544755], [71.8574454, 34.40539274]]]]}, "properties": {"id": "Pakistan_123102132_514768", "height": 2.790200710296631, "hmax": 0.004, "ratio": 0.001, "vulnClass": "none"}}, {"type": "Feature", "geometry": {"type": "MultiPolygon", "coordinates": [[[[71.85926301, 34.4048236], [71.85949328, 34.4048315], [71.85949729, 34.40475197], [71.85926702, 34.40474407], [71.85926301, 34.4048236]]]]}, "properties": {"id": "Pakistan_123102132_413200", "height": 3.579630851745605, "hmax": 0.006, "ratio": 0.002, "vulnClass": "none"}}, {"type": "Feature", "geometry": {"type": "MultiPolygon", "coordinates": [[[[71.85847834, 34.40460979], [71.85841923, 34.40485457], [71.85867462, 34.40489656], [71.85867103, 34.40491146], [71.85887225, 34.40494454], [71.8588851, 34.40489133], [71.85880255, 34.40487775], [71.85881694, 34.40481816], [71.85886745, 34.40482646], [71.85887824, 34.40478176], [71.85870133, 34.40475268], [71.858726, 34.40465051], [71.85847834, 34.40460979]]]]}, "properties": {"id": "Pakistan_123102132_191517", "height": 3.912856817245483, "hmax": 0.005, "ratio": 0.001, "vulnClass": "none"}}, {"type": "Feature", "geometry": {"type": "MultiPolygon", "coordinates": [[[[71.85729245, 34.40396823], [71.85729067, 34.40400461], [71.85734422, 34.4040064], [71.85734883, 34.40391258], [71.85720691, 34.40390783], [71.85720409, 34.40396527], [71.85729245, 34.40396823]]]]}, "properties": {"id": "Pakistan_123102132_474799", "height": 3.468714475631714, "hmax": 0.004, "ratio": 0.001, "vulnClass": "none"}}, {"type": "Feature", "geometry": {"type": "MultiPolygon", "coordinates": [[[[71.8532855, 34.40552714], [71.85344659, 34.40553362], [71.85345076, 34.40546297], [71.85336723, 34.40545961], [71.85332596, 34.40535058], [71.85332705, 34.40533219], [71.85330225, 34.40526668], [71.8532706, 34.40526541], [71.85322602, 34.4052769], [71.85319841, 34.40527579], [71.85326153, 34.40544253], [71.85326116, 34.40544866], [71.85327741, 34.40549158], [71.85327668, 34.40550384], [71.8532855, 34.40552714]]]]}, "properties": {"id": "Pakistan_123102132_252959", "height": 2.507077217102051, "hmax": 0.005, "ratio": 0.002, "vulnClass": "none"}}, {"type": "Feature", "geometry": {"type": "MultiPolygon", "coordinates": [[[[71.85321363, 34.40482754], [71.85337367, 34.40486312], [71.85340197, 34.40477647], [71.85324193, 34.40474089], [71.85321363, 34.40482754]]]]}, "properties": {"id": "Pakistan_123102132_539148", "height": 4.009324550628662, "hmax": 0.005, "ratio": 0.001, "vulnClass": "none"}}, {"type": "Feature", "geometry": {"type": "MultiPolygon", "coordinates": [[[[71.85304021, 34.40492855], [71.85329005, 34.40499891], [71.85333234, 34.40489669], [71.8531882, 34.40485609], [71.85320741, 34.40480966], [71.85310171, 34.40477989], [71.85304021, 34.40492855]]]]}, "properties": {"id": "Pakistan_123102132_120317", "height": 2.936639070510864, "hmax": 0.005, "ratio": 0.002, "vulnClass": "none"}}, {"type": "Feature", "geometry": {"type": "MultiPolygon", "coordinates": [[[[71.85512928, 34.40507201], [71.85513446, 34.40520243], [71.85500585, 34.40520591], [71.85501059, 34.40532528], [71.85519279, 34.40532036], [71.85518287, 34.40507056], [71.85512928, 34.40507201]]]]}, "properties": {"id": "Pakistan_123102132_397853", "height": 2.956829071044922, "hmax": 0.002, "ratio": 0.001, "vulnClass": "none"}}, {"type": "Feature", "geometry": {"type": "MultiPolygon", "coordinates": [[[[71.85391091, 34.40547356], [71.85386276, 34.40531299], [71.85369848, 34.40534654], [71.85374663, 34.40550711], [71.85391091, 34.40547356]]]]}, "properties": {"id": "Pakistan_123102132_471623", "height": 2.927774429321289, "hmax": 0.005, "ratio": 0.002, "vulnClass": "none"}}, {"type": "Feature", "geometry": {"type": "MultiPolygon", "coordinates": [[[[71.85418654, 34.40562198], [71.85412608, 34.40540554], [71.85391826, 34.40544506], [71.8539787, 34.4056615], [71.85418654, 34.40562198]]]]}, "properties": {"id": "Pakistan_123102132_15831", "height": 4.87025785446167, "hmax": 0.006, "ratio": 0.001, "vulnClass": "none"}}, {"type": "Feature", "geometry": {"type": "MultiPolygon", "coordinates": [[[[71.85446059, 34.40599052], [71.85454554, 34.40597616], [71.85455398, 34.40601014], [71.85472387, 34.40598142], [71.85468459, 34.40582327], [71.85464083, 34.40583067], [71.8546089, 34.4057021], [71.85456256, 34.40570994], [71.85454093, 34.40562286], [71.85435817, 34.40565376], [71.85438297, 34.40575358], [71.85447977, 34.40573721], [71.85449272, 34.40578933], [71.85441393, 34.40580266], [71.85446059, 34.40599052]]]]}, "properties": {"id": "Pakistan_123102132_527068", "height": 2.983348846435547, "hmax": 0.006, "ratio": 0.002, "vulnClass": "none"}}, {"type": "Feature", "geometry": {"type": "MultiPolygon", "coordinates": [[[[71.85447069, 34.40552346], [71.85444337, 34.40533482], [71.85433495, 34.40534551], [71.85436226, 34.40553414], [71.85447069, 34.40552346]]]]}, "properties": {"id": "Pakistan_123102132_249995", "height": 2.535796403884888, "hmax": 0.008, "ratio": 0.003, "vulnClass": "none"}}, {"type": "Feature", "geometry": {"type": "MultiPolygon", "coordinates": [[[[71.85481452, 34.40553664], [71.85477218, 34.40537605], [71.85454425, 34.40541696], [71.85458659, 34.40557755], [71.85481452, 34.40553664]]]]}, "properties": {"id": "Pakistan_123102132_514749", "height": 2.741518259048462, "hmax": 0.007, "ratio": 0.003, "vulnClass": "none"}}, {"type": "Feature", "geometry": {"type": "MultiPolygon", "coordinates": [[[[71.85517323, 34.40569546], [71.85516126, 34.40559687], [71.85505504, 34.40560564], [71.85504732, 34.40554211], [71.85500058, 34.40554597], [71.85502026, 34.4057081], [71.85517323, 34.40569546]]]]}, "properties": {"id": "Pakistan_123102132_123477", "height": 2.617519378662109, "hmax": 0.002, "ratio": 0.001, "vulnClass": "none"}}, {"type": "Feature", "geometry": {"type": "MultiPolygon", "coordinates": [[[[71.85482224, 34.40584228], [71.85497071, 34.4058455], [71.85497353, 34.40575704], [71.85476982, 34.40575262], [71.85476213, 34.40599367], [71.85481739, 34.40599487], [71.85482224, 34.40584228]]]]}, "properties": {"id": "Pakistan_123102132_575839", "height": 3.192816019058228, "hmax": 0.006, "ratio": 0.002, "vulnClass": "none"}}, {"type": "Feature", "geometry": {"type": "MultiPolygon", "coordinates": [[[[71.85481358, 34.40567794], [71.85477803, 34.40556851], [71.85472147, 34.40558101], [71.85475701, 34.40569045], [71.85481358, 34.40567794]]]]}, "properties": {"id": "Pakistan_123102132_225193", "height": 2.521770715713501, "hmax": 0.006, "ratio": 0.002, "vulnClass": "none"}}, {"type": "Feature", "geometry": {"type": "MultiPolygon", "coordinates": [[[[71.8537179, 34.40606327], [71.8537626, 34.40616241], [71.85386246, 34.40613176], [71.85384142, 34.40608511], [71.8538146, 34.40609334], [71.85379093, 34.40604085], [71.8537179, 34.40606327]]]]}, "properties": {"id": "Pakistan_123102132_256032", "height": 2.611668348312378, "hmax": 0.004, "ratio": 0.002, "vulnClass": "none"}}, {"type": "Feature", "geometry": {"type": "MultiPolygon", "coordinates": [[[[71.85330443, 34.40615252], [71.85319283, 34.40618566], [71.85322531, 34.40626011], [71.85333691, 34.40622696], [71.85330443, 34.40615252]]]]}, "properties": {"id": "Pakistan_123102132_3640", "height": 2.594451904296875, "hmax": 0.004, "ratio": 0.002, "vulnClass": "none"}}, {"type": "Feature", "geometry": {"type": "MultiPolygon", "coordinates": [[[[71.85302075, 34.40619803], [71.85304831, 34.40625541], [71.85318364, 34.40621116], [71.8531423, 34.40612509], [71.85305653, 34.40615314], [71.85307031, 34.40618183], [71.85302075, 34.40619803]]]]}, "properties": {"id": "Pakistan_123102132_496303", "height": 2.634430408477783, "hmax": 0.004, "ratio": 0.002, "vulnClass": "none"}}, {"type": "Feature", "geometry": {"type": "MultiPolygon", "coordinates": [[[[71.85336757, 34.40619616], [71.85351052, 34.40615432], [71.85354263, 34.40622902], [71.85359505, 34.40621368], [71.85364322, 34.40632572], [71.8537671, 34.40628947], [71.853678, 34.40608221], [71.85360177, 34.40610453], [71.85348382, 34.40583019], [71.85340044, 34.40585459], [71.85348289, 34.40604638], [71.85339859, 34.40607105], [71.85332204, 34.40589303], [71.85324673, 34.40591507], [71.85336757, 34.40619616]]]]}, "properties": {"id": "Pakistan_123102132_329978", "height": 2.930923461914062, "hmax": 0.004, "ratio": 0.001, "vulnClass": "none"}}, {"type": "Feature", "geometry": {"type": "MultiPolygon", "coordinates": [[[[71.85259843, 34.40541831], [71.85270329, 34.40574505], [71.85281958, 34.40571965], [71.85278972, 34.40562659], [71.8528198, 34.40562002], [71.85279127, 34.40553109], [71.85269351, 34.40555245], [71.85266432, 34.40546145], [71.8526944, 34.40545488], [71.85267715, 34.40540111], [71.85259843, 34.40541831]]]]}, "properties": {"id": "Pakistan_123102132_268468", "height": 2.952824115753174, "hmax": 0.002, "ratio": 0.001, "vulnClass": "none"}}, {"type": "Feature", "geometry": {"type": "MultiPolygon", "coordinates": [[[[71.85547315, 34.40044822], [71.85552181, 34.40068245], [71.85573322, 34.40065255], [71.85577457, 34.40063678], [71.8557533, 34.40059881], [71.85558679, 34.40062236], [71.85557688, 34.40060466], [71.85555792, 34.40051336], [71.85554474, 34.40048984], [71.85561565, 34.4004628], [71.85560639, 34.40041819], [71.85557421, 34.40042274], [71.85555438, 34.40038734], [71.85555122, 34.40037212], [71.85552634, 34.40032771], [71.85549014, 34.40033283], [71.85547162, 34.40029977], [71.85540436, 34.40032543], [71.85547315, 34.40044822]]]]}, "properties": {"id": "Pakistan_123102132_197663", "height": 3.563685894012451, "hmax": 0.002, "ratio": 0.001, "vulnClass": "none"}}, {"type": "Feature", "geometry": {"type": "MultiPolygon", "coordinates": [[[[71.85299854, 34.40055983], [71.85299492, 34.40044832], [71.85288503, 34.40045076], [71.85288865, 34.40056225], [71.85299854, 34.40055983]]]]}, "properties": {"id": "Pakistan_123102132_453208", "height": 2.828945875167847, "hmax": 0.002, "ratio": 0.001, "vulnClass": "none"}}, {"type": "Feature", "geometry": {"type": "MultiPolygon", "coordinates": [[[[71.85355633, 34.40079187], [71.85355182, 34.40066237], [71.85349822, 34.40066364], [71.85350273, 34.40079314], [71.85355633, 34.40079187]]]]}, "properties": {"id": "Pakistan_123102132_394663", "height": 3.384165287017822, "hmax": 0.002, "ratio": 0.001, "vulnClass": "none"}}, {"type": "Feature", "geometry": {"type": "MultiPolygon", "coordinates": [[[[71.85327438, 34.40078412], [71.85327645, 34.40091119], [71.85340518, 34.40090977], [71.85340311, 34.40078269], [71.85327438, 34.40078412]]]]}, "properties": {"id": "Pakistan_123102132_323742", "height": 2.779095649719238, "hmax": 0.002, "ratio": 0.001, "vulnClass": "none"}}, {"type": "Feature", "geometry": {"type": "MultiPolygon", "coordinates": [[[[71.85371157, 34.40090606], [71.85371385, 34.40081536], [71.85348865, 34.4008115], [71.85348636, 34.4009022], [71.85371157, 34.40090606]]]]}, "properties": {"id": "Pakistan_123102132_163527", "height": 3.693815231323242, "hmax": 0.002, "ratio": 0.001, "vulnClass": "none"}}, {"type": "Feature", "geometry": {"type": "MultiPolygon", "coordinates": [[[[71.85444524, 34.40149139], [71.85443171, 34.4014338], [71.85439552, 34.40143959], [71.85440906, 34.40149718], [71.85444524, 34.40149139]]]]}, "properties": {"id": "Pakistan_123102132_49587", "height": 3.083664417266846, "hmax": 0.002, "ratio": 0.001, "vulnClass": "none"}}, {"type": "Feature", "geometry": {"type": "MultiPolygon", "coordinates": [[[[71.85565589, 34.40173277], [71.85565555, 34.40166968], [71.85539807, 34.40167061], [71.8553984, 34.40173372], [71.85565589, 34.40173277]]]]}, "properties": {"id": "Pakistan_123102132_581942", "height": 2.891134738922119, "hmax": 0.001, "ratio": 0.0, "vulnClass": "none"}}, {"type": "Feature", "geometry": {"type": "MultiPolygon", "coordinates": [[[[71.85535034, 34.40096883], [71.8552247, 34.40098066], [71.85524813, 34.40115002], [71.85537379, 34.40113818], [71.85535034, 34.40096883]]]]}, "properties": {"id": "Pakistan_123102132_375932", "height": 2.557554721832275, "hmax": 0.001, "ratio": 0.0, "vulnClass": "none"}}, {"type": "Feature", "geometry": {"type": "MultiPolygon", "coordinates": [[[[71.8546392, 34.40151514], [71.85470625, 34.40151474], [71.8547047, 34.40133889], [71.85463764, 34.4013393], [71.8546392, 34.40151514]]]]}, "properties": {"id": "Pakistan_123102132_542210", "height": 2.900023698806763, "hmax": 0.002, "ratio": 0.001, "vulnClass": "none"}}, {"type": "Feature", "geometry": {"type": "MultiPolygon", "coordinates": [[[[71.85447172, 34.40117841], [71.85447329, 34.40121701], [71.85436881, 34.40121991], [71.8543726, 34.40131275], [71.85459497, 34.40130658], [71.8545896, 34.40117513], [71.85447172, 34.40117841]]]]}, "properties": {"id": "Pakistan_123102132_240688", "height": 2.98306679725647, "hmax": 0.002, "ratio": 0.001, "vulnClass": "none"}}, {"type": "Feature", "geometry": {"type": "MultiPolygon", "coordinates": [[[[71.85425876, 34.40103597], [71.85426739, 34.40111947], [71.85430467, 34.40111684], [71.85428764, 34.40095206], [71.85401603, 34.40097116], [71.85402443, 34.40105246], [71.85425876, 34.40103597]]]]}, "properties": {"id": "Pakistan_123102132_425567", "height": 2.550926208496094, "hmax": 0.002, "ratio": 0.001, "vulnClass": "none"}}, {"type": "Feature", "geometry": {"type": "MultiPolygon", "coordinates": [[[[71.85454921, 34.40096571], [71.85453562, 34.40091615], [71.85447183, 34.40092806], [71.85444931, 34.40084595], [71.85442379, 34.40085071], [71.85438252, 34.40070028], [71.85431874, 34.40071219], [71.85439612, 34.4009943], [71.85454921, 34.40096571]]]]}, "properties": {"id": "Pakistan_123102132_95553", "height": 2.511914491653442, "hmax": 0.002, "ratio": 0.001, "vulnClass": "none"}}, {"type": "Feature", "geometry": {"type": "MultiPolygon", "coordinates": [[[[71.85371983, 34.40085381], [71.85372152, 34.40094453], [71.85395214, 34.4009416], [71.85395044, 34.40085088], [71.85371983, 34.40085381]]]]}, "properties": {"id": "Pakistan_123102132_456400", "height": 2.498232126235962, "hmax": 0.003, "ratio": 0.001, "vulnClass": "none"}}, {"type": "Feature", "geometry": {"type": "MultiPolygon", "coordinates": [[[[71.85400844, 34.40091354], [71.85426002, 34.40089], [71.85426512, 34.40092715], [71.85431808, 34.40092219], [71.8543011, 34.40079864], [71.85418723, 34.40080928], [71.85417913, 34.40075029], [71.85413822, 34.40075411], [71.85415022, 34.40084152], [71.85407607, 34.40084845], [71.85406363, 34.40075788], [71.85413632, 34.40075108], [71.85411951, 34.40062872], [71.8540586, 34.40063442], [71.85406731, 34.40069779], [71.85397992, 34.40070596], [71.85400844, 34.40091354]]]]}, "properties": {"id": "Pakistan_123102132_533080", "height": 2.45158863067627, "hmax": 0.002, "ratio": 0.001, "vulnClass": "none"}}, {"type": "Feature", "geometry": {"type": "MultiPolygon", "coordinates": [[[[71.8541525, 34.40074343], [71.85428041, 34.40073488], [71.85428343, 34.40076566], [71.85430208, 34.40076441], [71.8542818, 34.40055774], [71.85420719, 34.40056272], [71.85421582, 34.40065067], [71.85414387, 34.40065548], [71.8541525, 34.40074343]]]]}, "properties": {"id": "Pakistan_123102132_606516", "height": 2.582335472106934, "hmax": 0.002, "ratio": 0.001, "vulnClass": "none"}}, {"type": "Feature", "geometry": {"type": "MultiPolygon", "coordinates": [[[[71.85538501, 34.40090565], [71.85545915, 34.40089869], [71.85545297, 34.40085393], [71.85541206, 34.40085778], [71.85540376, 34.40079766], [71.855352, 34.40080252], [71.85536105, 34.40086807], [71.85533192, 34.4008708], [71.85535742, 34.40105546], [71.85540508, 34.40105098], [71.85538501, 34.40090565]]]]}, "properties": {"id": "Pakistan_123102132_388504", "height": 2.927559852600098, "hmax": 0.002, "ratio": 0.001, "vulnClass": "none"}}, {"type": "Feature", "geometry": {"type": "MultiPolygon", "coordinates": [[[[71.85571961, 34.40073016], [71.8557125, 34.4006766], [71.85567274, 34.4006802], [71.85567985, 34.40073375], [71.85571961, 34.40073016]]]]}, "properties": {"id": "Pakistan_123102132_419371", "height": 2.647036552429199, "hmax": 0.002, "ratio": 0.001, "vulnClass": "none"}}, {"type": "Feature", "geometry": {"type": "MultiPolygon", "coordinates": [[[[71.85567679, 34.40075241], [71.85568425, 34.400789], [71.85561265, 34.40079894], [71.85560672, 34.40076986], [71.85555051, 34.40077765], [71.85556521, 34.40084978], [71.85588226, 34.40080579], [71.85586604, 34.40072615], [71.85567679, 34.40075241]]]]}, "properties": {"id": "Pakistan_123102132_104762", "height": 3.329367160797119, "hmax": 0.002, "ratio": 0.001, "vulnClass": "none"}}, {"type": "Feature", "geometry": {"type": "MultiPolygon", "coordinates": [[[[71.85607321, 34.40053391], [71.85614759, 34.40080554], [71.85623576, 34.40078911], [71.856181, 34.40058907], [71.8562397, 34.40057813], [71.8562201, 34.40050654], [71.85607321, 34.40053391]]]]}, "properties": {"id": "Pakistan_123102132_437867", "height": 2.623319387435913, "hmax": 0.002, "ratio": 0.001, "vulnClass": "none"}}, {"type": "Feature", "geometry": {"type": "MultiPolygon", "coordinates": [[[[71.85652293, 34.40107331], [71.85646233, 34.40108578], [71.85647367, 34.40112329], [71.85653427, 34.40111081], [71.85652293, 34.40107331]]]]}, "properties": {"id": "Pakistan_123102132_163549", "height": 5.411128997802734, "hmax": 0.003, "ratio": 0.001, "vulnClass": "none"}}, {"type": "Feature", "geometry": {"type": "MultiPolygon", "coordinates": [[[[71.85642957, 34.40118461], [71.85643114, 34.40123326], [71.85651959, 34.40123132], [71.85651802, 34.40118266], [71.85642957, 34.40118461]]]]}, "properties": {"id": "Pakistan_123102132_542228", "height": 3.525506496429443, "hmax": 0.003, "ratio": 0.001, "vulnClass": "none"}}, {"type": "Feature", "geometry": {"type": "MultiPolygon", "coordinates": [[[[71.85629203, 34.40127965], [71.85628296, 34.40111179], [71.85614911, 34.40111671], [71.85614506, 34.40104162], [71.85605137, 34.40104506], [71.8560596, 34.40119746], [71.85596323, 34.40120101], [71.85596562, 34.40124518], [71.85607269, 34.40124124], [71.8560752, 34.40128763], [71.85629203, 34.40127965]]]]}, "properties": {"id": "Pakistan_123102132_213165", "height": 3.137255191802979, "hmax": 0.001, "ratio": 0.0, "vulnClass": "none"}}, {"type": "Feature", "geometry": {"type": "MultiPolygon", "coordinates": [[[[71.85576742, 34.40133932], [71.85575791, 34.40127387], [71.85563892, 34.40128563], [71.85564842, 34.40135109], [71.85576742, 34.40133932]]]]}, "properties": {"id": "Pakistan_123102132_179173", "height": 2.856295824050903, "hmax": 0.001, "ratio": 0.0, "vulnClass": "none"}}, {"type": "Feature", "geometry": {"type": "MultiPolygon", "coordinates": [[[[71.85565629, 34.40156872], [71.85566016, 34.40173242], [71.85576076, 34.4017308], [71.8557569, 34.4015671], [71.85565629, 34.40156872]]]]}, "properties": {"id": "Pakistan_123102132_132772", "height": 2.45432186126709, "hmax": 0.001, "ratio": 0.0, "vulnClass": "none"}}, {"type": "Feature", "geometry": {"type": "MultiPolygon", "coordinates": [[[[71.85672061, 34.40167448], [71.8567056, 34.40158773], [71.85660046, 34.40160011], [71.85660646, 34.40163481], [71.85648291, 34.40164936], [71.85646453, 34.40154308], [71.85641196, 34.40154927], [71.85643934, 34.4017076], [71.85672061, 34.40167448]]]]}, "properties": {"id": "Pakistan_123102132_569589", "height": 2.602251768112183, "hmax": 0.003, "ratio": 0.001, "vulnClass": "none"}}, {"type": "Feature", "geometry": {"type": "MultiPolygon", "coordinates": [[[[71.85646121, 34.40203351], [71.85645913, 34.40209321], [71.85660253, 34.40209662], [71.85660462, 34.40203691], [71.85646121, 34.40203351]]]]}, "properties": {"id": "Pakistan_123102132_508702", "height": 4.069113254547119, "hmax": 0.007, "ratio": 0.002, "vulnClass": "none"}}, {"type": "Feature", "geometry": {"type": "MultiPolygon", "coordinates": [[[[71.85693048, 34.4023759], [71.85692109, 34.4023115], [71.85664083, 34.40233933], [71.85668267, 34.40262623], [71.85696821, 34.40259789], [71.85695755, 34.40252476], [71.85680156, 34.40254025], [71.85677978, 34.40239086], [71.85693048, 34.4023759]]]]}, "properties": {"id": "Pakistan_123102132_385430", "height": 4.287671566009521, "hmax": 0.007, "ratio": 0.002, "vulnClass": "none"}}, {"type": "Feature", "geometry": {"type": "MultiPolygon", "coordinates": [[[[71.85714055, 34.40222143], [71.85712685, 34.40213544], [71.85707282, 34.4021413], [71.85708651, 34.40222729], [71.85714055, 34.40222143]]]]}, "properties": {"id": "Pakistan_123102132_265368", "height": 2.475288152694702, "hmax": 0.007, "ratio": 0.003, "vulnClass": "none"}}, {"type": "Feature", "geometry": {"type": "MultiPolygon", "coordinates": [[[[71.8574749, 34.40206019], [71.8574276, 34.4020658], [71.85743478, 34.402107], [71.85729813, 34.40212321], [71.8573074, 34.40217641], [71.85749135, 34.40215459], [71.8574749, 34.40206019]]]]}, "properties": {"id": "Pakistan_123102132_22033", "height": 2.571874856948853, "hmax": 0.004, "ratio": 0.002, "vulnClass": "none"}}, {"type": "Feature", "geometry": {"type": "MultiPolygon", "coordinates": [[[[71.85712839, 34.40184167], [71.85710575, 34.40175264], [71.85699395, 34.401772], [71.85697911, 34.40171366], [71.85678776, 34.4017468], [71.85682524, 34.40189416], [71.85712839, 34.40184167]]]]}, "properties": {"id": "Pakistan_123102132_280778", "height": 2.755998611450195, "hmax": 0.003, "ratio": 0.001, "vulnClass": "none"}}, {"type": "Feature", "geometry": {"type": "MultiPolygon", "coordinates": [[[[71.85659199, 34.40138434], [71.85652767, 34.4013858], [71.8565298, 34.40144993], [71.85659412, 34.40144848], [71.85659199, 34.40138434]]]]}, "properties": {"id": "Pakistan_123102132_77232", "height": 3.745458841323853, "hmax": 0.003, "ratio": 0.001, "vulnClass": "none"}}, {"type": "Feature", "geometry": {"type": "MultiPolygon", "coordinates": [[[[71.85686367, 34.40148372], [71.85683928, 34.4014095], [71.85670936, 34.40143858], [71.85673375, 34.40151279], [71.85686367, 34.40148372]]]]}, "properties": {"id": "Pakistan_123102132_145019", "height": 2.813765048980713, "hmax": 0.003, "ratio": 0.001, "vulnClass": "none"}}, {"type": "Feature", "geometry": {"type": "MultiPolygon", "coordinates": [[[[71.85764598, 34.40202055], [71.85755848, 34.4020283], [71.8575713, 34.40212675], [71.8576588, 34.402119], [71.85764598, 34.40202055]]]]}, "properties": {"id": "Pakistan_123102132_55792", "height": 3.680745601654053, "hmax": 0.004, "ratio": 0.001, "vulnClass": "none"}}, {"type": "Feature", "geometry": {"type": "MultiPolygon", "coordinates": [[[[71.85851513, 34.39979576], [71.85850546, 34.39961242], [71.85845191, 34.39961434], [71.85845588, 34.39968945], [71.85827383, 34.39969599], [71.85827488, 34.39971587], [71.85821063, 34.39971817], [71.85820678, 34.39964528], [71.85803812, 34.39965134], [71.85804663, 34.39981259], [71.85851513, 34.39979576]]]]}, "properties": {"id": "Pakistan_123102132_302362", "height": 4.026997566223145, "hmax": 0.002, "ratio": 0.001, "vulnClass": "none"}}, {"type": "Feature", "geometry": {"type": "MultiPolygon", "coordinates": [[[[71.85614356, 34.40033508], [71.85602253, 34.40034899], [71.85603754, 34.400438], [71.85621647, 34.40041745], [71.85619596, 34.40029587], [71.85613807, 34.40030252], [71.85614356, 34.40033508]]]]}, "properties": {"id": "Pakistan_123102132_176041", "height": 3.320430994033813, "hmax": 0.002, "ratio": 0.001, "vulnClass": "none"}}, {"type": "Feature", "geometry": {"type": "MultiPolygon", "coordinates": [[[[71.85570856, 34.40044411], [71.85567875, 34.40037802], [71.8556175, 34.40039683], [71.85564731, 34.40046292], [71.85570856, 34.40044411]]]]}, "properties": {"id": "Pakistan_123102132_194602", "height": 3.453304767608643, "hmax": 0.002, "ratio": 0.001, "vulnClass": "none"}}, {"type": "Feature", "geometry": {"type": "MultiPolygon", "coordinates": [[[[71.85582407, 34.40025063], [71.8558487, 34.4003295], [71.85614692, 34.4002661], [71.85609769, 34.40010837], [71.85599564, 34.40013006], [71.85602026, 34.40020893], [71.85582407, 34.40025063]]]]}, "properties": {"id": "Pakistan_123102132_43398", "height": 3.21966552734375, "hmax": 0.002, "ratio": 0.001, "vulnClass": "none"}}, {"type": "Feature", "geometry": {"type": "MultiPolygon", "coordinates": [[[[71.85632385, 34.39987163], [71.85628909, 34.3998125], [71.85624476, 34.39983025], [71.85627951, 34.39988937], [71.85632385, 34.39987163]]]]}, "properties": {"id": "Pakistan_123102132_581948", "height": 2.72812032699585, "hmax": 0.002, "ratio": 0.001, "vulnClass": "none"}}, {"type": "Feature", "geometry": {"type": "MultiPolygon", "coordinates": [[[[71.85704701, 34.39898903], [71.85702147, 34.39892516], [71.8568531, 34.39897099], [71.85687864, 34.39903486], [71.85704701, 34.39898903]]]]}, "properties": {"id": "Pakistan_123102132_123492", "height": 2.605551719665527, "hmax": 0.002, "ratio": 0.001, "vulnClass": "none"}}, {"type": "Feature", "geometry": {"type": "MultiPolygon", "coordinates": [[[[71.85753956, 34.39878271], [71.85784493, 34.39877356], [71.85783948, 34.39864979], [71.85751371, 34.39865955], [71.85751878, 34.39877449], [71.85749364, 34.39877524], [71.85749602, 34.39882931], [71.85754155, 34.39882794], [71.85753956, 34.39878271]]]]}, "properties": {"id": "Pakistan_123102132_37238", "height": 2.69929051399231, "hmax": 0.001, "ratio": 0.0, "vulnClass": "none"}}, {"type": "Feature", "geometry": {"type": "MultiPolygon", "coordinates": [[[[71.85848128, 34.39927261], [71.85877952, 34.3993335], [71.85879292, 34.39928881], [71.85860842, 34.39925113], [71.85863719, 34.3991552], [71.85874081, 34.39917636], [71.85873179, 34.39920646], [71.85877475, 34.39921523], [71.85879003, 34.39916428], [71.85883805, 34.39917409], [71.85885056, 34.39913238], [71.85875099, 34.39911205], [71.85877475, 34.3990328], [71.85876212, 34.39903022], [71.85879125, 34.3989331], [71.85889333, 34.39895394], [71.85891209, 34.39889138], [71.8587933, 34.39886712], [71.8587983, 34.39885044], [71.85838885, 34.39876685], [71.85835571, 34.39887738], [71.85871362, 34.39895045], [71.85868985, 34.3990297], [71.858567, 34.39900462], [71.85854664, 34.39907253], [71.85854158, 34.3990715], [71.85848128, 34.39927261]]]]}, "properties": {"id": "Pakistan_123102132_572752", "height": 3.211039304733276, "hmax": 0.002, "ratio": 0.001, "vulnClass": "none"}}, {"type": "Feature", "geometry": {"type": "MultiPolygon", "coordinates": [[[[71.85789044, 34.39871743], [71.85791376, 34.39904828], [71.85787057, 34.39905036], [71.85817218, 34.39911189], [71.85821031, 34.39898467], [71.85810768, 34.39896373], [71.85802877, 34.39896752], [71.85802006, 34.398844], [71.85808689, 34.39884079], [71.85808393, 34.39879888], [71.8583165, 34.39878772], [71.85831298, 34.39873783], [71.85825583, 34.39872617], [71.85825399, 34.39869998], [71.85789044, 34.39871743]]]]}, "properties": {"id": "Pakistan_123102132_234493", "height": 3.38001275062561, "hmax": 0.001, "ratio": 0.0, "vulnClass": "none"}}, {"type": "Feature", "geometry": {"type": "MultiPolygon", "coordinates": [[[[71.85860366, 34.39836851], [71.8585694, 34.39865915], [71.85865973, 34.3986664], [71.85866982, 34.3985809], [71.85880001, 34.39859136], [71.85880326, 34.3985638], [71.85892549, 34.39857361], [71.8589291, 34.39854292], [71.85886533, 34.3985378], [71.85887955, 34.39841721], [71.85881312, 34.39841188], [71.85880718, 34.39846231], [71.85873278, 34.39845634], [71.85872244, 34.39854403], [71.85865602, 34.3985387], [71.8586692, 34.39842689], [71.85874891, 34.39843329], [71.85875511, 34.39838067], [71.85860366, 34.39836851]]]]}, "properties": {"id": "Pakistan_123102132_554449", "height": 3.615470170974731, "hmax": 0.001, "ratio": 0.0, "vulnClass": "none"}}, {"type": "Feature", "geometry": {"type": "MultiPolygon", "coordinates": [[[[71.86647761, 34.39806014], [71.86636255, 34.39805548], [71.86636006, 34.39809742], [71.86647511, 34.39810209], [71.86647761, 34.39806014]]]]}, "properties": {"id": "Pakistan_123102132_142062", "height": 2.508071422576904, "hmax": 0.002, "ratio": 0.001, "vulnClass": "none"}}, {"type": "Feature", "geometry": {"type": "MultiPolygon", "coordinates": [[[[71.86673069, 34.39814712], [71.86674878, 34.39818294], [71.86669623, 34.39820102], [71.86671479, 34.39823777], [71.86697987, 34.3981466], [71.8669432, 34.39807401], [71.86673069, 34.39814712]]]]}, "properties": {"id": "Pakistan_123102132_499439", "height": 7.240382671356201, "hmax": 0.002, "ratio": 0.0, "vulnClass": "none"}}, {"type": "Feature", "geometry": {"type": "MultiPolygon", "coordinates": [[[[71.86732115, 34.39827224], [71.86715704, 34.3983531], [71.86719246, 34.39840204], [71.86735657, 34.39832119], [71.86732115, 34.39827224]]]]}, "properties": {"id": "Pakistan_123102132_3715", "height": 3.347562551498413, "hmax": 0.002, "ratio": 0.001, "vulnClass": "none"}}, {"type": "Feature", "geometry": {"type": "MultiPolygon", "coordinates": [[[[71.86699505, 34.39826286], [71.86701615, 34.39830149], [71.86706965, 34.39828158], [71.86704855, 34.39824296], [71.86699505, 34.39826286]]]]}, "properties": {"id": "Pakistan_123102132_101726", "height": 3.565988063812256, "hmax": 0.002, "ratio": 0.001, "vulnClass": "none"}}, {"type": "Feature", "geometry": {"type": "MultiPolygon", "coordinates": [[[[71.86736882, 34.39817442], [71.86729776, 34.39803942], [71.86750083, 34.39796663], [71.86746605, 34.39790055], [71.86715691, 34.39801135], [71.86726276, 34.39821243], [71.86736882, 34.39817442]]]]}, "properties": {"id": "Pakistan_123102132_385488", "height": 4.370668888092041, "hmax": 0.001, "ratio": 0.0, "vulnClass": "none"}}]}