Province,District,Tehsil,Prominent_Hazards,Terrain_and_Demography
ISLAMABAD ,ISLAMABAD DISTRICT,ISLAMABAD TEHSIL,"Earthquake, Urban Floods","Hilly ( Himalayan foothills, Murree Hills range), Rivers (Soan River, Korang Nullah) and Plain area"
BALOCHISTAN,AWARAN DISTRICT,AWARAN SUB-DIVISION,"Earthquake (epicenter of the Sep 2013 M7.7 Awaran quake), Flash Floods, Drought","Arid, low hills and coastal-plain fringes of the Makran range; sparsely populated, part of Makran division"
BALOCHISTAN,AWARAN DISTRICT,GISHKORE TEHSIL,"Earthquake (epicenter of the Sep 2013 M7.7 Awaran quake), Flash Floods, Drought","Arid, low hills and coastal-plain fringes of the Makran range; sparsely populated, part of Makran division"
BALOCHISTAN,AWARAN DISTRICT,JHAL JAO TEHSIL,"Earthquake (epicenter of the Sep 2013 M7.7 Awaran quake), Flash Floods, Drought","Arid, low hills and coastal-plain fringes of the Makran range; sparsely populated, part of Makran division"
BALOCHISTAN,AWARAN DISTRICT,KORAK JHAO TEHSIL,"Earthquake (epicenter of the Sep 2013 M7.7 Awaran quake), Flash Floods, Drought","Arid, low hills and coastal-plain fringes of the Makran range; sparsely populated, part of Makran division"
BALOCHISTAN,AWARAN DISTRICT,MASHKAI TEHSIL,"Earthquake (epicenter of the Sep 2013 M7.7 Awaran quake), Flash Floods, Drought","Arid, low hills and coastal-plain fringes of the Makran range; sparsely populated, part of Makran division"
BALOCHISTAN,KALAT DISTRICT,GAZG SUB-TEHSIL,"Earthquake, Flash Floods, Drought, Winter Snowfall","Mountainous highland plateau, Central Brahui Range; cold, semi-arid climate"
BALOCHISTAN,KALAT DISTRICT,JOHAN SUB-TEHSIL,"Earthquake, Flash Floods, Drought, Winter Snowfall","Mountainous highland plateau, Central Brahui Range; cold, semi-arid climate"
BALOCHISTAN,KALAT DISTRICT,KALAT SUB-DIVISION,"Earthquake, Flash Floods, Drought, Winter Snowfall","Mountainous highland plateau, Central Brahui Range; cold, semi-arid climate"
BALOCHISTAN,KALAT DISTRICT,MANGOCHAR SUB-DIVISION,"Earthquake, Flash Floods, Drought, Winter Snowfall","Mountainous highland plateau, Central Brahui Range; cold, semi-arid climate"
BALOCHISTAN,KHUZDAR DISTRICT,ARANJI SUB-TEHSIL,"Flash Floods, Earthquake, Drought",Mountainous (Central Brahui Range); Mula River; mineral-rich mining area
BALOCHISTAN,KHUZDAR DISTRICT,GRESHA SUB-TEHSIL,"Flash Floods, Earthquake, Drought",Mountainous (Central Brahui Range); Mula River; mineral-rich mining area
BALOCHISTAN,KHUZDAR DISTRICT,KARAKH SUB-DIVISION,"Flash Floods, Earthquake, Drought",Mountainous (Central Brahui Range); Mula River; mineral-rich mining area
BALOCHISTAN,KHUZDAR DISTRICT,KHUZDAR SUB-DIVISION,"Flash Floods, Earthquake, Drought",Mountainous (Central Brahui Range); Mula River; mineral-rich mining area
BALOCHISTAN,KHUZDAR DISTRICT,MOOLA SUB-TEHSIL,"Flash Floods, Earthquake, Drought",Mountainous (Central Brahui Range); Mula River; mineral-rich mining area
BALOCHISTAN,KHUZDAR DISTRICT,NAL SUB-DIVISION,"Flash Floods, Earthquake, Drought",Mountainous (Central Brahui Range); Mula River; mineral-rich mining area
BALOCHISTAN,KHUZDAR DISTRICT,ORNACH SUB-DIVISION,"Flash Floods, Earthquake, Drought",Mountainous (Central Brahui Range); Mula River; mineral-rich mining area
BALOCHISTAN,KHUZDAR DISTRICT,SAROONA SUB-TEHSIL,"Flash Floods, Earthquake, Drought",Mountainous (Central Brahui Range); Mula River; mineral-rich mining area
BALOCHISTAN,KHUZDAR DISTRICT,WADH SUB-DIVISION,"Flash Floods, Earthquake, Drought",Mountainous (Central Brahui Range); Mula River; mineral-rich mining area
BALOCHISTAN,KHUZDAR DISTRICT,ZEHRI SUB-DIVISION,"Flash Floods, Earthquake, Drought",Mountainous (Central Brahui Range); Mula River; mineral-rich mining area
BALOCHISTAN,LASBELA DISTRICT,BELA SUB-DIVISION,"Flash Floods/Dam-breach flooding (coastal - Windar/Porali rivers, Shadikor-type events), Cyclone, Drought",Coastal plain on the Arabian Sea (Hub River); Kirthar Range to the east; site of the Hub industrial zone; borders Karachi/Sindh
BALOCHISTAN,LASBELA DISTRICT,DUREJI SUB-DIVISION,"Flash Floods/Dam-breach flooding (coastal - Windar/Porali rivers, Shadikor-type events), Cyclone, Drought",Coastal plain on the Arabian Sea (Hub River); Kirthar Range to the east; site of the Hub industrial zone; borders Karachi/Sindh
BALOCHISTAN,LASBELA DISTRICT,GADDANI TEHSIL,"Flash Floods/Dam-breach flooding (coastal - Windar/Porali rivers, Shadikor-type events), Cyclone, Drought",Coastal plain on the Arabian Sea (Hub River); Kirthar Range to the east; site of the Hub industrial zone; borders Karachi/Sindh
BALOCHISTAN,LASBELA DISTRICT,HUB SUB-DIVISION,"Flash Floods/Dam-breach flooding (coastal - Windar/Porali rivers, Shadikor-type events), Cyclone, Drought",Coastal plain on the Arabian Sea (Hub River); Kirthar Range to the east; site of the Hub industrial zone; borders Karachi/Sindh
BALOCHISTAN,LASBELA DISTRICT,KANRAJ SUB-DIVISION,"Flash Floods/Dam-breach flooding (coastal - Windar/Porali rivers, Shadikor-type events), Cyclone, Drought",Coastal plain on the Arabian Sea (Hub River); Kirthar Range to the east; site of the Hub industrial zone; borders Karachi/Sindh
BALOCHISTAN,LASBELA DISTRICT,LAKHRA TEHSIL,"Flash Floods/Dam-breach flooding (coastal - Windar/Porali rivers, Shadikor-type events), Cyclone, Drought",Coastal plain on the Arabian Sea (Hub River); Kirthar Range to the east; site of the Hub industrial zone; borders Karachi/Sindh
BALOCHISTAN,LASBELA DISTRICT,LIARI SUB-TEHSIL,"Flash Floods/Dam-breach flooding (coastal - Windar/Porali rivers, Shadikor-type events), Cyclone, Drought",Coastal plain on the Arabian Sea (Hub River); Kirthar Range to the east; site of the Hub industrial zone; borders Karachi/Sindh
BALOCHISTAN,LASBELA DISTRICT,SONMIANI/WINDER TEHSIL,"Flash Floods/Dam-breach flooding (coastal - Windar/Porali rivers, Shadikor-type events), Cyclone, Drought",Coastal plain on the Arabian Sea (Hub River); Kirthar Range to the east; site of the Hub industrial zone; borders Karachi/Sindh
BALOCHISTAN,LASBELA DISTRICT,UTHAL SUB-DIVISION,"Flash Floods/Dam-breach flooding (coastal - Windar/Porali rivers, Shadikor-type events), Cyclone, Drought",Coastal plain on the Arabian Sea (Hub River); Kirthar Range to the east; site of the Hub industrial zone; borders Karachi/Sindh
BALOCHISTAN,MASTUNG DISTRICT,DASHT SUB-DIVISION,"Earthquake (near the Chaman Fault system), Flash Floods, Drought",Mountainous valley terrain; apple/fruit-orchard belt; north of Kalat
BALOCHISTAN,MASTUNG DISTRICT,KHAD KOCHA SUB-TEHSIL,"Earthquake (near the Chaman Fault system), Flash Floods, Drought",Mountainous valley terrain; apple/fruit-orchard belt; north of Kalat
BALOCHISTAN,MASTUNG DISTRICT,KIRDGAP SUB-DIVISION,"Earthquake (near the Chaman Fault system), Flash Floods, Drought",Mountainous valley terrain; apple/fruit-orchard belt; north of Kalat
BALOCHISTAN,MASTUNG DISTRICT,MASTUNG SUB-DIVISION,"Earthquake (near the Chaman Fault system), Flash Floods, Drought",Mountainous valley terrain; apple/fruit-orchard belt; north of Kalat
BALOCHISTAN,SURAB DISTRICT,DASHT E GORAN SUB-DIVISION,"Drought, Flash Floods, Earthquake",Mountainous/plateau terrain; part of the former Kalat district; semi-arid
BALOCHISTAN,SURAB DISTRICT,GIDDER SUB-DIVISION,"Drought, Flash Floods, Earthquake",Mountainous/plateau terrain; part of the former Kalat district; semi-arid
BALOCHISTAN,SURAB DISTRICT,SHAHEED MEHARABAD ZEHRI SUB-DIVISION,"Drought, Flash Floods, Earthquake",Mountainous/plateau terrain; part of the former Kalat district; semi-arid
BALOCHISTAN,SURAB DISTRICT,SURAB SUB-DIVISION,"Drought, Flash Floods, Earthquake",Mountainous/plateau terrain; part of the former Kalat district; semi-arid
BALOCHISTAN,BARKHAN DISTRICT,BARKHAN TEHSIL,"Flash Floods, Earthquake, Drought","Hilly, Sulaiman Range foothills; borders Punjab's DG Khan district"
BALOCHISTAN,DUKI DISTRICT,DUKI SUB-DIVISION,"Flash Floods, Earthquake, Drought","Hilly, coal-mining area; part of the former Loralai district"
BALOCHISTAN,DUKI DISTRICT,LUNI SUB-DIVISION,"Flash Floods, Earthquake, Drought","Hilly, coal-mining area; part of the former Loralai district"
BALOCHISTAN,DUKI DISTRICT,TALAO SUB-TEHSIL,"Flash Floods, Earthquake, Drought","Hilly, coal-mining area; part of the former Loralai district"
BALOCHISTAN,DUKI DISTRICT,THAL CHUTYALI SUB-DIVISION,"Flash Floods, Earthquake, Drought","Hilly, coal-mining area; part of the former Loralai district"
BALOCHISTAN,LORALAI DISTRICT,BORI SUB-DIVISION,"Flash Floods, Earthquake, Drought, Winter Snowfall","Mountainous, Anambar River valley; agricultural (fruit orchards)"
BALOCHISTAN,LORALAI DISTRICT,MEKHTAR SUB-DIVISION,"Flash Floods, Earthquake, Drought, Winter Snowfall","Mountainous, Anambar River valley; agricultural (fruit orchards)"
BALOCHISTAN,MUSAKHEL DISTRICT,DRUG TEHSIL,"Flash Floods, Earthquake, Drought","Hilly, Sulaiman Range foothills; borders Punjab (DG Khan) and Zhob"
BALOCHISTAN,MUSAKHEL DISTRICT,KINGRI TEHSIL,"Flash Floods, Earthquake, Drought","Hilly, Sulaiman Range foothills; borders Punjab (DG Khan) and Zhob"
BALOCHISTAN,MUSAKHEL DISTRICT,MUSAKHEL TEHSIL,"Flash Floods, Earthquake, Drought","Hilly, Sulaiman Range foothills; borders Punjab (DG Khan) and Zhob"
BALOCHISTAN,MUSAKHEL DISTRICT,TIYAR ESSOT SUB-TEHSIL,"Flash Floods, Earthquake, Drought","Hilly, Sulaiman Range foothills; borders Punjab (DG Khan) and Zhob"
BALOCHISTAN,MUSAKHEL DISTRICT,TOISAR TEHSIL,"Flash Floods, Earthquake, Drought","Hilly, Sulaiman Range foothills; borders Punjab (DG Khan) and Zhob"
BALOCHISTAN,MUSAKHEL DISTRICT,ZIMRI PLASEEN SUB-TEHSIL,"Flash Floods, Earthquake, Drought","Hilly, Sulaiman Range foothills; borders Punjab (DG Khan) and Zhob"
BALOCHISTAN,GWADAR DISTRICT,GWADAR SUB-DIVISION,"Cyclone (Arabian Sea - e.g. 2007 Cyclone Yemyin, 2010 Cyclone Phet), Coastal/Tsunami risk (Makran subduction zone), Flash Floods (Dasht, Ormara, Pasni tehsils; Shadikor Dam breach history), Drought","Coastal, on the Arabian Sea; Makran coastal plain; site of Gwadar Port (CPEC); arid"
BALOCHISTAN,GWADAR DISTRICT,JIWANI TEHSIL,"Cyclone (Arabian Sea - e.g. 2007 Cyclone Yemyin, 2010 Cyclone Phet), Coastal/Tsunami risk (Makran subduction zone), Flash Floods (Dasht, Ormara, Pasni tehsils; Shadikor Dam breach history), Drought","Coastal, on the Arabian Sea; Makran coastal plain; site of Gwadar Port (CPEC); arid"
BALOCHISTAN,GWADAR DISTRICT,ORMARA TEHSIL,"Cyclone (Arabian Sea - e.g. 2007 Cyclone Yemyin, 2010 Cyclone Phet), Coastal/Tsunami risk (Makran subduction zone), Flash Floods (Dasht, Ormara, Pasni tehsils; Shadikor Dam breach history), Drought","Coastal, on the Arabian Sea; Makran coastal plain; site of Gwadar Port (CPEC); arid"
BALOCHISTAN,GWADAR DISTRICT,PASNI SUB-DIVISION,"Cyclone (Arabian Sea - e.g. 2007 Cyclone Yemyin, 2010 Cyclone Phet), Coastal/Tsunami risk (Makran subduction zone), Flash Floods (Dasht, Ormara, Pasni tehsils; Shadikor Dam breach history), Drought","Coastal, on the Arabian Sea; Makran coastal plain; site of Gwadar Port (CPEC); arid"
BALOCHISTAN,GWADAR DISTRICT,SUNTSER SUB-TEHSIL,"Cyclone (Arabian Sea - e.g. 2007 Cyclone Yemyin, 2010 Cyclone Phet), Coastal/Tsunami risk (Makran subduction zone), Flash Floods (Dasht, Ormara, Pasni tehsils; Shadikor Dam breach history), Drought","Coastal, on the Arabian Sea; Makran coastal plain; site of Gwadar Port (CPEC); arid"
BALOCHISTAN,KECH DISTRICT,BALNIGORE SUB-TEHSIL,"Flash Floods (among the most flood-prone districts, with Gwadar, per PDMA), Drought (extreme arid Makran), Earthquake","Makran Range terrain, Kech (Turbat) valley along the Dasht/Kech River; arid; largest city Turbat"
BALOCHISTAN,KECH DISTRICT,BULAIDA SUB-DIVISION,"Flash Floods (among the most flood-prone districts, with Gwadar, per PDMA), Drought (extreme arid Makran), Earthquake","Makran Range terrain, Kech (Turbat) valley along the Dasht/Kech River; arid; largest city Turbat"
BALOCHISTAN,KECH DISTRICT,DASHT SUB-DIVISION,"Flash Floods (among the most flood-prone districts, with Gwadar, per PDMA), Drought (extreme arid Makran), Earthquake","Makran Range terrain, Kech (Turbat) valley along the Dasht/Kech River; arid; largest city Turbat"
BALOCHISTAN,KECH DISTRICT,HOSHAB SUB-TEHSIL,"Flash Floods (among the most flood-prone districts, with Gwadar, per PDMA), Drought (extreme arid Makran), Earthquake","Makran Range terrain, Kech (Turbat) valley along the Dasht/Kech River; arid; largest city Turbat"
BALOCHISTAN,KECH DISTRICT,MAND TEHSIL,"Flash Floods (among the most flood-prone districts, with Gwadar, per PDMA), Drought (extreme arid Makran), Earthquake","Makran Range terrain, Kech (Turbat) valley along the Dasht/Kech River; arid; largest city Turbat"
BALOCHISTAN,KECH DISTRICT,TUMP SUB-DIVISION,"Flash Floods (among the most flood-prone districts, with Gwadar, per PDMA), Drought (extreme arid Makran), Earthquake","Makran Range terrain, Kech (Turbat) valley along the Dasht/Kech River; arid; largest city Turbat"
BALOCHISTAN,KECH DISTRICT,TURBAT SUB-DIVISION,"Flash Floods (among the most flood-prone districts, with Gwadar, per PDMA), Drought (extreme arid Makran), Earthquake","Makran Range terrain, Kech (Turbat) valley along the Dasht/Kech River; arid; largest city Turbat"
BALOCHISTAN,KECH DISTRICT,ZAMORAN SUB-TEHSIL,"Flash Floods (among the most flood-prone districts, with Gwadar, per PDMA), Drought (extreme arid Makran), Earthquake","Makran Range terrain, Kech (Turbat) valley along the Dasht/Kech River; arid; largest city Turbat"
BALOCHISTAN,PANJGUR DISTRICT,GICHK SUB-TEHSIL,"Drought (extreme arid Makran), Flash Floods (occasional), Earthquake","Arid, Makran Range terrain, Rakhshan valley; date-palm cultivation oasis"
BALOCHISTAN,PANJGUR DISTRICT,GOWARGO SUB-DIVISION,"Drought (extreme arid Makran), Flash Floods (occasional), Earthquake","Arid, Makran Range terrain, Rakhshan valley; date-palm cultivation oasis"
BALOCHISTAN,PANJGUR DISTRICT,JAHEEN PAROME TEHSIL,"Drought (extreme arid Makran), Flash Floods (occasional), Earthquake","Arid, Makran Range terrain, Rakhshan valley; date-palm cultivation oasis"
BALOCHISTAN,PANJGUR DISTRICT,KALLAG SUB-TEHSIL,"Drought (extreme arid Makran), Flash Floods (occasional), Earthquake","Arid, Makran Range terrain, Rakhshan valley; date-palm cultivation oasis"
BALOCHISTAN,PANJGUR DISTRICT,PANJGUR SUB-DIVISION,"Drought (extreme arid Makran), Flash Floods (occasional), Earthquake","Arid, Makran Range terrain, Rakhshan valley; date-palm cultivation oasis"
BALOCHISTAN,JAFFARABAD DISTRICT,GANDAKHA TEHSIL,"Riverine Floods (Kachhi/Sibi plain, part of the Indus basin - severely hit in 2010 & 2022), Drought",Flat plain (Kachhi-Sibi/Nari basin); agricultural; borders Sindh
BALOCHISTAN,JAFFARABAD DISTRICT,JHAT PAT SUB-DIVISION,"Riverine Floods (Kachhi/Sibi plain, part of the Indus basin - severely hit in 2010 & 2022), Drought",Flat plain (Kachhi-Sibi/Nari basin); agricultural; borders Sindh
BALOCHISTAN,JAFFARABAD DISTRICT,USTA MUHAMMAD SUB-DIVISION,"Riverine Floods (Kachhi/Sibi plain, part of the Indus basin - severely hit in 2010 & 2022), Drought",Flat plain (Kachhi-Sibi/Nari basin); agricultural; borders Sindh
BALOCHISTAN,JHAL MAGSI DISTRICT,GANDAWA TEHSIL,"Riverine/Flash Floods (Nari & Mula rivers - severely hit in 2010 & 2022), Drought",Flat plain in the Kachhi basin; arid
BALOCHISTAN,JHAL MAGSI DISTRICT,JHAL MAGSI TEHSIL,"Riverine/Flash Floods (Nari & Mula rivers - severely hit in 2010 & 2022), Drought",Flat plain in the Kachhi basin; arid
BALOCHISTAN,JHAL MAGSI DISTRICT,MIRPUR SUB-TEHSIL,"Riverine/Flash Floods (Nari & Mula rivers - severely hit in 2010 & 2022), Drought",Flat plain in the Kachhi basin; arid
BALOCHISTAN,KACHHI DISTRICT,BALANARI SUB-TEHSIL,"Flash Floods & Landslides (Bolan Pass corridor - among the most flood/landslide-prone areas in the province), Earthquake",Bolan Pass corridor; transitional hilly-to-plain terrain linking the Kachhi plain to the highlands; historic trade route
BALOCHISTAN,KACHHI DISTRICT,BHAG SUB-DIVISION,"Flash Floods & Landslides (Bolan Pass corridor - among the most flood/landslide-prone areas in the province), Earthquake",Bolan Pass corridor; transitional hilly-to-plain terrain linking the Kachhi plain to the highlands; historic trade route
BALOCHISTAN,KACHHI DISTRICT,DHADAR SUB-DIVISION,"Flash Floods & Landslides (Bolan Pass corridor - among the most flood/landslide-prone areas in the province), Earthquake",Bolan Pass corridor; transitional hilly-to-plain terrain linking the Kachhi plain to the highlands; historic trade route
BALOCHISTAN,KACHHI DISTRICT,KHATTAN SUB-TEHSIL,"Flash Floods & Landslides (Bolan Pass corridor - among the most flood/landslide-prone areas in the province), Earthquake",Bolan Pass corridor; transitional hilly-to-plain terrain linking the Kachhi plain to the highlands; historic trade route
BALOCHISTAN,KACHHI DISTRICT,MACH SUB-DIVISION,"Flash Floods & Landslides (Bolan Pass corridor - among the most flood/landslide-prone areas in the province), Earthquake",Bolan Pass corridor; transitional hilly-to-plain terrain linking the Kachhi plain to the highlands; historic trade route
BALOCHISTAN,KACHHI DISTRICT,SANNI SUB-DIVISION,"Flash Floods & Landslides (Bolan Pass corridor - among the most flood/landslide-prone areas in the province), Earthquake",Bolan Pass corridor; transitional hilly-to-plain terrain linking the Kachhi plain to the highlands; historic trade route
BALOCHISTAN,NASIRABAD DISTRICT,BABA KOT TEHSIL,"Riverine Floods (Kachhi-Nasirabad plain, Indus canal-irrigated belt - severely hit in 2010 & 2022), Drought",Flat plain (Kachhi-Nasirabad plain); agricultural (rice belt); borders Sindh and Punjab
BALOCHISTAN,NASIRABAD DISTRICT,CHATTAR SUB-DIVISION,"Riverine Floods (Kachhi-Nasirabad plain, Indus canal-irrigated belt - severely hit in 2010 & 2022), Drought",Flat plain (Kachhi-Nasirabad plain); agricultural (rice belt); borders Sindh and Punjab
BALOCHISTAN,NASIRABAD DISTRICT,DERA MURAD JAMALI SUB-DIVISION,"Riverine Floods (Kachhi-Nasirabad plain, Indus canal-irrigated belt - severely hit in 2010 & 2022), Drought",Flat plain (Kachhi-Nasirabad plain); agricultural (rice belt); borders Sindh and Punjab
BALOCHISTAN,NASIRABAD DISTRICT,LANDHI TEHSIL,"Riverine Floods (Kachhi-Nasirabad plain, Indus canal-irrigated belt - severely hit in 2010 & 2022), Drought",Flat plain (Kachhi-Nasirabad plain); agricultural (rice belt); borders Sindh and Punjab
BALOCHISTAN,NASIRABAD DISTRICT,MIR HASSAN KHOSA TEHSIL,"Riverine Floods (Kachhi-Nasirabad plain, Indus canal-irrigated belt - severely hit in 2010 & 2022), Drought",Flat plain (Kachhi-Nasirabad plain); agricultural (rice belt); borders Sindh and Punjab
BALOCHISTAN,NASIRABAD DISTRICT,TAMBOO TEHSIL,"Riverine Floods (Kachhi-Nasirabad plain, Indus canal-irrigated belt - severely hit in 2010 & 2022), Drought",Flat plain (Kachhi-Nasirabad plain); agricultural (rice belt); borders Sindh and Punjab
BALOCHISTAN,SOHBATPUR DISTRICT,FARIDABAD TEHSIL,"Riverine Floods (Indus/Kachhi basin - severely hit in 2010 & 2022), Drought",Flat plain in the Kachhi basin; agricultural; newer district (separated from Jaffarabad)
BALOCHISTAN,SOHBATPUR DISTRICT,HAIR DIN TEHSIL,"Riverine Floods (Indus/Kachhi basin - severely hit in 2010 & 2022), Drought",Flat plain in the Kachhi basin; agricultural; newer district (separated from Jaffarabad)
BALOCHISTAN,SOHBATPUR DISTRICT,MANJHIPUR TEHSIL,"Riverine Floods (Indus/Kachhi basin - severely hit in 2010 & 2022), Drought",Flat plain in the Kachhi basin; agricultural; newer district (separated from Jaffarabad)
BALOCHISTAN,SOHBATPUR DISTRICT,PANHWAR TEHSIL,"Riverine Floods (Indus/Kachhi basin - severely hit in 2010 & 2022), Drought",Flat plain in the Kachhi basin; agricultural; newer district (separated from Jaffarabad)
BALOCHISTAN,SOHBATPUR DISTRICT,SAEED MUHAMMAD KANRANI TEHSIL,"Riverine Floods (Indus/Kachhi basin - severely hit in 2010 & 2022), Drought",Flat plain in the Kachhi basin; agricultural; newer district (separated from Jaffarabad)
BALOCHISTAN,SOHBATPUR DISTRICT,SOHBATPUR SUB-DIVISION,"Riverine Floods (Indus/Kachhi basin - severely hit in 2010 & 2022), Drought",Flat plain in the Kachhi basin; agricultural; newer district (separated from Jaffarabad)
BALOCHISTAN,CHAMAN DISTRICT,CHAMAN CITY SUB-DIVISION,"Earthquake (sits directly on the active Chaman Fault, a major transform fault), Flash Floods, Drought",Border town on the Chaman Fault (Toba Kakar Range); borders Afghanistan (Chaman/Friendship Gate crossing); semi-arid
BALOCHISTAN,CHAMAN DISTRICT,CHAMAN SADDAR SUB-DIVISION,"Earthquake (sits directly on the active Chaman Fault, a major transform fault), Flash Floods, Drought",Border town on the Chaman Fault (Toba Kakar Range); borders Afghanistan (Chaman/Friendship Gate crossing); semi-arid
BALOCHISTAN,KILLA ABDULLAH DISTRICT,DOBANDI SUB-TEHSIL,"Earthquake (Chaman Fault passes through the district), Flash Floods, Drought",Hilly/mountainous along the Chaman Fault (Toba Kakar Range); borders Afghanistan; fruit-orchard belt
BALOCHISTAN,KILLA ABDULLAH DISTRICT,GULISTAN SUB-DIVISION,"Earthquake (Chaman Fault passes through the district), Flash Floods, Drought",Hilly/mountainous along the Chaman Fault (Toba Kakar Range); borders Afghanistan; fruit-orchard belt
BALOCHISTAN,KILLA ABDULLAH DISTRICT,KILLA ABDULLAH SUB-DIVISION,"Earthquake (Chaman Fault passes through the district), Flash Floods, Drought",Hilly/mountainous along the Chaman Fault (Toba Kakar Range); borders Afghanistan; fruit-orchard belt
BALOCHISTAN,PISHIN DISTRICT,BARSHORE TEHSIL,"Earthquake (Chaman Fault; near epicenter of the 2008 Ziarat-Pishin quake), Flash Floods, Drought, Winter Snowfall","Mountainous valley (Pishin Lora River); fruit-orchard belt; borders Afghanistan, near Quetta"
BALOCHISTAN,PISHIN DISTRICT,BOSTAN TEHSIL,"Earthquake (Chaman Fault; near epicenter of the 2008 Ziarat-Pishin quake), Flash Floods, Drought, Winter Snowfall","Mountainous valley (Pishin Lora River); fruit-orchard belt; borders Afghanistan, near Quetta"
BALOCHISTAN,PISHIN DISTRICT,HURRAM ZAI SUB-DIVISION,"Earthquake (Chaman Fault; near epicenter of the 2008 Ziarat-Pishin quake), Flash Floods, Drought, Winter Snowfall","Mountainous valley (Pishin Lora River); fruit-orchard belt; borders Afghanistan, near Quetta"
BALOCHISTAN,PISHIN DISTRICT,KAREZAT SUB-DIVISION,"Earthquake (Chaman Fault; near epicenter of the 2008 Ziarat-Pishin quake), Flash Floods, Drought, Winter Snowfall","Mountainous valley (Pishin Lora River); fruit-orchard belt; borders Afghanistan, near Quetta"
BALOCHISTAN,PISHIN DISTRICT,NANA SAHIB TEHSIL,"Earthquake (Chaman Fault; near epicenter of the 2008 Ziarat-Pishin quake), Flash Floods, Drought, Winter Snowfall","Mountainous valley (Pishin Lora River); fruit-orchard belt; borders Afghanistan, near Quetta"
BALOCHISTAN,PISHIN DISTRICT,PISHIN SUB-DIVISION,"Earthquake (Chaman Fault; near epicenter of the 2008 Ziarat-Pishin quake), Flash Floods, Drought, Winter Snowfall","Mountainous valley (Pishin Lora River); fruit-orchard belt; borders Afghanistan, near Quetta"
BALOCHISTAN,PISHIN DISTRICT,SARANAN TEHSIL,"Earthquake (Chaman Fault; near epicenter of the 2008 Ziarat-Pishin quake), Flash Floods, Drought, Winter Snowfall","Mountainous valley (Pishin Lora River); fruit-orchard belt; borders Afghanistan, near Quetta"
BALOCHISTAN,QUETTA DISTRICT,SUB-DIVISION CITY,"Earthquake (high seismic hazard - site of the 1935 Quetta quake, ~30,000+ deaths; Chaman Fault), Flash Floods, Urban Flooding, Winter Snowfall","Mountain-ringed valley (Chiltan, Zarghun and Koh-e-Murdar ranges); provincial capital and most urbanized district"
BALOCHISTAN,QUETTA DISTRICT,SUB-DIVISION KUCHLAK,"Earthquake (high seismic hazard - site of the 1935 Quetta quake, ~30,000+ deaths; Chaman Fault), Flash Floods, Urban Flooding, Winter Snowfall","Mountain-ringed valley (Chiltan, Zarghun and Koh-e-Murdar ranges); provincial capital and most urbanized district"
BALOCHISTAN,QUETTA DISTRICT,SUB-DIVISION SADDAR TEHSIL,"Earthquake (high seismic hazard - site of the 1935 Quetta quake, ~30,000+ deaths; Chaman Fault), Flash Floods, Urban Flooding, Winter Snowfall","Mountain-ringed valley (Chiltan, Zarghun and Koh-e-Murdar ranges); provincial capital and most urbanized district"
BALOCHISTAN,QUETTA DISTRICT,SUB-DIVISION SARIAB,"Earthquake (high seismic hazard - site of the 1935 Quetta quake, ~30,000+ deaths; Chaman Fault), Flash Floods, Urban Flooding, Winter Snowfall","Mountain-ringed valley (Chiltan, Zarghun and Koh-e-Murdar ranges); provincial capital and most urbanized district"
BALOCHISTAN,QUETTA DISTRICT,SUB-TEHSIL PANJPAI,"Earthquake (high seismic hazard - site of the 1935 Quetta quake, ~30,000+ deaths; Chaman Fault), Flash Floods, Urban Flooding, Winter Snowfall","Mountain-ringed valley (Chiltan, Zarghun and Koh-e-Murdar ranges); provincial capital and most urbanized district"
BALOCHISTAN,CHAGAI DISTRICT,CHAGAI TEHSIL,"Drought (extreme arid, chronic - among the driest districts in Pakistan), Sandstorms, Earthquake","Pakistan's largest district by area; arid desert plateau (Chagai Hills, Ras Koh Range); borders Iran and Afghanistan; extremely sparsely populated"
BALOCHISTAN,CHAGAI DISTRICT,DALBANDIN SUB-DIVISION,"Drought (extreme arid, chronic - among the driest districts in Pakistan), Sandstorms, Earthquake","Pakistan's largest district by area; arid desert plateau (Chagai Hills, Ras Koh Range); borders Iran and Afghanistan; extremely sparsely populated"
BALOCHISTAN,CHAGAI DISTRICT,NOKUNDI TEHSIL,"Drought (extreme arid, chronic - among the driest districts in Pakistan), Sandstorms, Earthquake","Pakistan's largest district by area; arid desert plateau (Chagai Hills, Ras Koh Range); borders Iran and Afghanistan; extremely sparsely populated"
BALOCHISTAN,CHAGAI DISTRICT,TAFTAN SUB-DIVISION,"Drought (extreme arid, chronic - among the driest districts in Pakistan), Sandstorms, Earthquake","Pakistan's largest district by area; arid desert plateau (Chagai Hills, Ras Koh Range); borders Iran and Afghanistan; extremely sparsely populated"
BALOCHISTAN,CHAGAI DISTRICT,YAK MACHH SUB-TEHSIL,"Drought (extreme arid, chronic - among the driest districts in Pakistan), Sandstorms, Earthquake","Pakistan's largest district by area; arid desert plateau (Chagai Hills, Ras Koh Range); borders Iran and Afghanistan; extremely sparsely populated"
BALOCHISTAN,KHARAN DISTRICT,KHARAN SUB-DIVISION,"Drought (extreme arid desert), Sandstorms, Earthquake","Arid desert plateau, part of the Chagai-Kharan desert belt; sparsely populated"
BALOCHISTAN,KHARAN DISTRICT,PATKAIN SUB-TEHSIL,"Drought (extreme arid desert), Sandstorms, Earthquake","Arid desert plateau, part of the Chagai-Kharan desert belt; sparsely populated"
BALOCHISTAN,KHARAN DISTRICT,SAR KHARAN SUB-DIVISION,"Drought (extreme arid desert), Sandstorms, Earthquake","Arid desert plateau, part of the Chagai-Kharan desert belt; sparsely populated"
BALOCHISTAN,KHARAN DISTRICT,TOHMULK SUB-TEHSIL,"Drought (extreme arid desert), Sandstorms, Earthquake","Arid desert plateau, part of the Chagai-Kharan desert belt; sparsely populated"
BALOCHISTAN,NUSHKI DISTRICT,DAK SUB-TEHSIL,"Drought (extreme arid), Flash Floods (occasional), Sandstorms",Arid desert plain; borders Afghanistan; fringe of the Chagai desert
BALOCHISTAN,NUSHKI DISTRICT,NUSHKI SUB-DIVISION,"Drought (extreme arid), Flash Floods (occasional), Sandstorms",Arid desert plain; borders Afghanistan; fringe of the Chagai desert
BALOCHISTAN,WASHUK DISTRICT,BESIMA SUB-DIVISION,"Drought (extreme arid - among the most drought-prone districts in Pakistan), Flash Floods (occasional), Earthquake","Vast, sparsely populated arid desert and mountain terrain; borders Iran"
BALOCHISTAN,WASHUK DISTRICT,MASHKHEL SUB-DIVISION,"Drought (extreme arid - among the most drought-prone districts in Pakistan), Flash Floods (occasional), Earthquake","Vast, sparsely populated arid desert and mountain terrain; borders Iran"
BALOCHISTAN,WASHUK DISTRICT,NAG SUB-TEHSIL,"Drought (extreme arid - among the most drought-prone districts in Pakistan), Flash Floods (occasional), Earthquake","Vast, sparsely populated arid desert and mountain terrain; borders Iran"
BALOCHISTAN,WASHUK DISTRICT,SHAHOO GARHI SUB-TEHSIL,"Drought (extreme arid - among the most drought-prone districts in Pakistan), Flash Floods (occasional), Earthquake","Vast, sparsely populated arid desert and mountain terrain; borders Iran"
BALOCHISTAN,WASHUK DISTRICT,WASHUK SUB-DIVISION,"Drought (extreme arid - among the most drought-prone districts in Pakistan), Flash Floods (occasional), Earthquake","Vast, sparsely populated arid desert and mountain terrain; borders Iran"
BALOCHISTAN,DERA BUGTI DISTRICT,BAIKER SUB-TEHSIL,"Flash Floods, Earthquake, Drought",Hilly (Sulaiman/Marri-Bugti hill range); Bugti tribal area; site of Sui gas fields
BALOCHISTAN,DERA BUGTI DISTRICT,DERA BUGTI SUB-DIVISION,"Flash Floods, Earthquake, Drought",Hilly (Sulaiman/Marri-Bugti hill range); Bugti tribal area; site of Sui gas fields
BALOCHISTAN,DERA BUGTI DISTRICT,LOTI SUB-TEHSIL,"Flash Floods, Earthquake, Drought",Hilly (Sulaiman/Marri-Bugti hill range); Bugti tribal area; site of Sui gas fields
BALOCHISTAN,DERA BUGTI DISTRICT,MALAM SUB-TEHSIL,"Flash Floods, Earthquake, Drought",Hilly (Sulaiman/Marri-Bugti hill range); Bugti tribal area; site of Sui gas fields
BALOCHISTAN,DERA BUGTI DISTRICT,PIR KOH SUB-TEHSIL,"Flash Floods, Earthquake, Drought",Hilly (Sulaiman/Marri-Bugti hill range); Bugti tribal area; site of Sui gas fields
BALOCHISTAN,DERA BUGTI DISTRICT,QADIRABAD SUB-DIVISION,"Flash Floods, Earthquake, Drought",Hilly (Sulaiman/Marri-Bugti hill range); Bugti tribal area; site of Sui gas fields
BALOCHISTAN,DERA BUGTI DISTRICT,SANGSILLAH SUB-TEHSIL,"Flash Floods, Earthquake, Drought",Hilly (Sulaiman/Marri-Bugti hill range); Bugti tribal area; site of Sui gas fields
BALOCHISTAN,DERA BUGTI DISTRICT,SUI SUB-DIVISION,"Flash Floods, Earthquake, Drought",Hilly (Sulaiman/Marri-Bugti hill range); Bugti tribal area; site of Sui gas fields
BALOCHISTAN,HARNAI DISTRICT,HARNAI SUB-DIVISION,"Earthquake (near epicenter of the Oct 2008 Ziarat-Harnai-Pishin M6.4 quake), Flash Floods, Landslides","Hilly, Central Brahui/Sulaiman range area; coal-mining region"
BALOCHISTAN,HARNAI DISTRICT,KHOAST SUB-DIVISION,"Earthquake (near epicenter of the Oct 2008 Ziarat-Harnai-Pishin M6.4 quake), Flash Floods, Landslides","Hilly, Central Brahui/Sulaiman range area; coal-mining region"
BALOCHISTAN,HARNAI DISTRICT,SHAHRIG TEHSIL,"Earthquake (near epicenter of the Oct 2008 Ziarat-Harnai-Pishin M6.4 quake), Flash Floods, Landslides","Hilly, Central Brahui/Sulaiman range area; coal-mining region"
BALOCHISTAN,KOHLU DISTRICT,GRISANI SUB-TEHSIL,"Flash Floods, Earthquake, Drought",Hilly (Sulaiman/Marri hill range); tribal area with gas and mineral resources
BALOCHISTAN,KOHLU DISTRICT,KAHAN SUB-DIVISION,"Flash Floods, Earthquake, Drought",Hilly (Sulaiman/Marri hill range); tribal area with gas and mineral resources
BALOCHISTAN,KOHLU DISTRICT,KOHLU SUB-DIVISION,"Flash Floods, Earthquake, Drought",Hilly (Sulaiman/Marri hill range); tribal area with gas and mineral resources
BALOCHISTAN,KOHLU DISTRICT,MAWAND SUB-DIVISION,"Flash Floods, Earthquake, Drought",Hilly (Sulaiman/Marri hill range); tribal area with gas and mineral resources
BALOCHISTAN,KOHLU DISTRICT,TAMBOO SUB-TEHSIL,"Flash Floods, Earthquake, Drought",Hilly (Sulaiman/Marri hill range); tribal area with gas and mineral resources
BALOCHISTAN,SIBI DISTRICT,KOT MANDAI SUB-TEHSIL,"Riverine/Flash Floods (Nari River), Extreme Heat (among the hottest places recorded in Pakistan), Earthquake",Flat plain at the foot of the Bolan Pass; gateway between the highlands and the Kachhi plain; extremely hot summers
BALOCHISTAN,SIBI DISTRICT,LEHRI SUB-DIVISION,"Riverine/Flash Floods (Nari River), Extreme Heat (among the hottest places recorded in Pakistan), Earthquake",Flat plain at the foot of the Bolan Pass; gateway between the highlands and the Kachhi plain; extremely hot summers
BALOCHISTAN,SIBI DISTRICT,SANGAN SUB-TEHSIL,"Riverine/Flash Floods (Nari River), Extreme Heat (among the hottest places recorded in Pakistan), Earthquake",Flat plain at the foot of the Bolan Pass; gateway between the highlands and the Kachhi plain; extremely hot summers
BALOCHISTAN,SIBI DISTRICT,SIBI SUB-DIVISION,"Riverine/Flash Floods (Nari River), Extreme Heat (among the hottest places recorded in Pakistan), Earthquake",Flat plain at the foot of the Bolan Pass; gateway between the highlands and the Kachhi plain; extremely hot summers
BALOCHISTAN,ZIARAT DISTRICT,SINJAWI SUB-DIVISION,"Earthquake (epicenter of the Oct 2008 M6.4 quake), Flash Floods, Landslides, Winter Snowfall/Avalanches","Mountainous, high-elevation hill station; home to the world's second-largest juniper forest"
BALOCHISTAN,ZIARAT DISTRICT,ZIARAT SUB-DIVISION,"Earthquake (epicenter of the Oct 2008 M6.4 quake), Flash Floods, Landslides, Winter Snowfall/Avalanches","Mountainous, high-elevation hill station; home to the world's second-largest juniper forest"
BALOCHISTAN,KILLA SAIFULLAH DISTRICT,BADINI SUB-TEHSIL,"Earthquake, Flash Floods, Drought, Winter Snowfall",Mountainous (Toba Kakar Range); borders Zhob and Loralai districts
BALOCHISTAN,KILLA SAIFULLAH DISTRICT,KAN MEHTARZAI SUB-TEHSIL,"Earthquake, Flash Floods, Drought, Winter Snowfall",Mountainous (Toba Kakar Range); borders Zhob and Loralai districts
BALOCHISTAN,KILLA SAIFULLAH DISTRICT,KILLA SAIFULLAH SUB-DIVISION,"Earthquake, Flash Floods, Drought, Winter Snowfall",Mountainous (Toba Kakar Range); borders Zhob and Loralai districts
BALOCHISTAN,KILLA SAIFULLAH DISTRICT,LOIBAND TEHSIL,"Earthquake, Flash Floods, Drought, Winter Snowfall",Mountainous (Toba Kakar Range); borders Zhob and Loralai districts
BALOCHISTAN,KILLA SAIFULLAH DISTRICT,MUSLIM BAGH TEHSIL,"Earthquake, Flash Floods, Drought, Winter Snowfall",Mountainous (Toba Kakar Range); borders Zhob and Loralai districts
BALOCHISTAN,KILLA SAIFULLAH DISTRICT,SHINKI SUB-TEHSIL,"Earthquake, Flash Floods, Drought, Winter Snowfall",Mountainous (Toba Kakar Range); borders Zhob and Loralai districts
BALOCHISTAN,SHERANI DISTRICT,SHERANI SUB-DIVISION,"Flash Floods, Earthquake, Drought","Mountainous (Sulaiman Range, includes Takht-e-Sulaiman peak); borders KP's Dera Ismail Khan; forested"
BALOCHISTAN,ZHOB DISTRICT,ASHWAT SUB-TEHSIL,"Flash Floods, Earthquake, Drought, Winter Snowfall","Mountainous (Toba Kakar/Sulaiman ranges), Zhob River valley; borders Afghanistan"
BALOCHISTAN,ZHOB DISTRICT,KAKAR KHURASAN SUB-DIVISION,"Flash Floods, Earthquake, Drought, Winter Snowfall","Mountainous (Toba Kakar/Sulaiman ranges), Zhob River valley; borders Afghanistan"
BALOCHISTAN,ZHOB DISTRICT,KASHATOO SUB-TEHSIL,"Flash Floods, Earthquake, Drought, Winter Snowfall","Mountainous (Toba Kakar/Sulaiman ranges), Zhob River valley; borders Afghanistan"
BALOCHISTAN,ZHOB DISTRICT,SAMBAZA SUB-TEHSIL,"Flash Floods, Earthquake, Drought, Winter Snowfall","Mountainous (Toba Kakar/Sulaiman ranges), Zhob River valley; borders Afghanistan"
BALOCHISTAN,ZHOB DISTRICT,ZHOB SUB-DIVISION,"Flash Floods, Earthquake, Drought, Winter Snowfall","Mountainous (Toba Kakar/Sulaiman ranges), Zhob River valley; borders Afghanistan"
KHYBER PAKHTUNKHWA,BANNU DISTRICT,BAKKA KHEL TEHSIL,"Flash/Riverine Floods (Low threat per PDMA matrix), Drought (semi-arid), Earthquake (moderate)","Flat plain (Bannu basin) between Kurram and Tochi rivers; semi-arid, agricultural; borders North & South Waziristan"
KHYBER PAKHTUNKHWA,BANNU DISTRICT,BANNU TEHSIL,"Flash/Riverine Floods (Low threat per PDMA matrix), Drought (semi-arid), Earthquake (moderate)","Flat plain (Bannu basin) between Kurram and Tochi rivers; semi-arid, agricultural; borders North & South Waziristan"
KHYBER PAKHTUNKHWA,BANNU DISTRICT,DOMEL TEHSIL,"Flash/Riverine Floods (Low threat per PDMA matrix), Drought (semi-arid), Earthquake (moderate)","Flat plain (Bannu basin) between Kurram and Tochi rivers; semi-arid, agricultural; borders North & South Waziristan"
KHYBER PAKHTUNKHWA,BANNU DISTRICT,KAKKI TEHSIL,"Flash/Riverine Floods (Low threat per PDMA matrix), Drought (semi-arid), Earthquake (moderate)","Flat plain (Bannu basin) between Kurram and Tochi rivers; semi-arid, agricultural; borders North & South Waziristan"
KHYBER PAKHTUNKHWA,BANNU DISTRICT,MERYAN TEHSIL,"Flash/Riverine Floods (Low threat per PDMA matrix), Drought (semi-arid), Earthquake (moderate)","Flat plain (Bannu basin) between Kurram and Tochi rivers; semi-arid, agricultural; borders North & South Waziristan"
KHYBER PAKHTUNKHWA,BANNU DISTRICT,WAZIR SUB-DIVISION,"Flash/Riverine Floods (Low threat per PDMA matrix), Drought (semi-arid), Earthquake (moderate)","Flat plain (Bannu basin) between Kurram and Tochi rivers; semi-arid, agricultural; borders North & South Waziristan"
KHYBER PAKHTUNKHWA,LAKKI MARWAT DISTRICT,BETTANI SUB-DIVISION,"Flash Floods (Medium threat), Drought, Earthquake (low)","Flat, semi-arid plain; Gambila and Kurram rivers; borders South Waziristan"
KHYBER PAKHTUNKHWA,LAKKI MARWAT DISTRICT,GHAZNI KHEL TEHSIL,"Flash Floods (Medium threat), Drought, Earthquake (low)","Flat, semi-arid plain; Gambila and Kurram rivers; borders South Waziristan"
KHYBER PAKHTUNKHWA,LAKKI MARWAT DISTRICT,LAKKI MARWAT TEHSIL,"Flash Floods (Medium threat), Drought, Earthquake (low)","Flat, semi-arid plain; Gambila and Kurram rivers; borders South Waziristan"
KHYBER PAKHTUNKHWA,LAKKI MARWAT DISTRICT,SARAI NAURANG TEHSIL,"Flash Floods (Medium threat), Drought, Earthquake (low)","Flat, semi-arid plain; Gambila and Kurram rivers; borders South Waziristan"
KHYBER PAKHTUNKHWA,NORTH WAZIRISTAN DISTRICT,DATTA KHEL TEHSIL,"Flash Floods (Medium threat), Earthquake, Drought","Mountainous tribal district, Tochi river valley; borders Afghanistan"
KHYBER PAKHTUNKHWA,NORTH WAZIRISTAN DISTRICT,DOSSALI TEHSIL,"Flash Floods (Medium threat), Earthquake, Drought","Mountainous tribal district, Tochi river valley; borders Afghanistan"
KHYBER PAKHTUNKHWA,NORTH WAZIRISTAN DISTRICT,GHARYUM TEHSIL,"Flash Floods (Medium threat), Earthquake, Drought","Mountainous tribal district, Tochi river valley; borders Afghanistan"
KHYBER PAKHTUNKHWA,NORTH WAZIRISTAN DISTRICT,GHULAM KHAN TEHSIL,"Flash Floods (Medium threat), Earthquake, Drought","Mountainous tribal district, Tochi river valley; borders Afghanistan"
KHYBER PAKHTUNKHWA,NORTH WAZIRISTAN DISTRICT,MIR ALI TEHSIL,"Flash Floods (Medium threat), Earthquake, Drought","Mountainous tribal district, Tochi river valley; borders Afghanistan"
KHYBER PAKHTUNKHWA,NORTH WAZIRISTAN DISTRICT,MIRAN SHAH TEHSIL,"Flash Floods (Medium threat), Earthquake, Drought","Mountainous tribal district, Tochi river valley; borders Afghanistan"
KHYBER PAKHTUNKHWA,NORTH WAZIRISTAN DISTRICT,RAZMAK TEHSIL,"Flash Floods (Medium threat), Earthquake, Drought","Mountainous tribal district, Tochi river valley; borders Afghanistan"
KHYBER PAKHTUNKHWA,NORTH WAZIRISTAN DISTRICT,SHEWA TEHSIL,"Flash Floods (Medium threat), Earthquake, Drought","Mountainous tribal district, Tochi river valley; borders Afghanistan"
KHYBER PAKHTUNKHWA,NORTH WAZIRISTAN DISTRICT,SPINWAM TEHSIL,"Flash Floods (Medium threat), Earthquake, Drought","Mountainous tribal district, Tochi river valley; borders Afghanistan"
KHYBER PAKHTUNKHWA,DERA ISMAIL KHAN DISTRICT,DARABAN TEHSIL,"Riverine Floods (High threat, Indus River - severe 2022 impact), Drought (southern semi-arid belt), Earthquake (moderate)",Flat plain along the Indus River; Sulaiman mountain range to the west; semi-arid climate
KHYBER PAKHTUNKHWA,DERA ISMAIL KHAN DISTRICT,DERA ISMAIL KHAN TEHSIL,"Riverine Floods (High threat, Indus River - severe 2022 impact), Drought (southern semi-arid belt), Earthquake (moderate)",Flat plain along the Indus River; Sulaiman mountain range to the west; semi-arid climate
KHYBER PAKHTUNKHWA,DERA ISMAIL KHAN DISTRICT,DRAZANDA SUB-DIVISION,"Riverine Floods (High threat, Indus River - severe 2022 impact), Drought (southern semi-arid belt), Earthquake (moderate)",Flat plain along the Indus River; Sulaiman mountain range to the west; semi-arid climate
KHYBER PAKHTUNKHWA,DERA ISMAIL KHAN DISTRICT,KULACHI TEHSIL,"Riverine Floods (High threat, Indus River - severe 2022 impact), Drought (southern semi-arid belt), Earthquake (moderate)",Flat plain along the Indus River; Sulaiman mountain range to the west; semi-arid climate
KHYBER PAKHTUNKHWA,DERA ISMAIL KHAN DISTRICT,PAHARPUR TEHSIL,"Riverine Floods (High threat, Indus River - severe 2022 impact), Drought (southern semi-arid belt), Earthquake (moderate)",Flat plain along the Indus River; Sulaiman mountain range to the west; semi-arid climate
KHYBER PAKHTUNKHWA,DERA ISMAIL KHAN DISTRICT,PAROA TEHSIL,"Riverine Floods (High threat, Indus River - severe 2022 impact), Drought (southern semi-arid belt), Earthquake (moderate)",Flat plain along the Indus River; Sulaiman mountain range to the west; semi-arid climate
KHYBER PAKHTUNKHWA,SOUTH WAZIRISTAN DISTRICT,BIRMIL TEHSIL,"Flash Floods (Medium threat), Earthquake, Drought","Mountainous tribal district, Gomal river valley; borders Afghanistan"
KHYBER PAKHTUNKHWA,SOUTH WAZIRISTAN DISTRICT,LADHA TEHSIL,"Flash Floods (Medium threat), Earthquake, Drought","Mountainous tribal district, Gomal river valley; borders Afghanistan"
KHYBER PAKHTUNKHWA,SOUTH WAZIRISTAN DISTRICT,MAKIN TEHSIL,"Flash Floods (Medium threat), Earthquake, Drought","Mountainous tribal district, Gomal river valley; borders Afghanistan"
KHYBER PAKHTUNKHWA,SOUTH WAZIRISTAN DISTRICT,SARAROGHA TEHSIL,"Flash Floods (Medium threat), Earthquake, Drought","Mountainous tribal district, Gomal river valley; borders Afghanistan"
KHYBER PAKHTUNKHWA,SOUTH WAZIRISTAN DISTRICT,SERWEKAI TEHSIL,"Flash Floods (Medium threat), Earthquake, Drought","Mountainous tribal district, Gomal river valley; borders Afghanistan"
KHYBER PAKHTUNKHWA,SOUTH WAZIRISTAN DISTRICT,SHAKTOI TEHSIL,"Flash Floods (Medium threat), Earthquake, Drought","Mountainous tribal district, Gomal river valley; borders Afghanistan"
KHYBER PAKHTUNKHWA,SOUTH WAZIRISTAN DISTRICT,TIARZA TEHSIL,"Flash Floods (Medium threat), Earthquake, Drought","Mountainous tribal district, Gomal river valley; borders Afghanistan"
KHYBER PAKHTUNKHWA,SOUTH WAZIRISTAN DISTRICT,TOI KHULLA TEHSIL,"Flash Floods (Medium threat), Earthquake, Drought","Mountainous tribal district, Gomal river valley; borders Afghanistan"
KHYBER PAKHTUNKHWA,SOUTH WAZIRISTAN DISTRICT,WANA TEHSIL,"Flash Floods (Medium threat), Earthquake, Drought","Mountainous tribal district, Gomal river valley; borders Afghanistan"
KHYBER PAKHTUNKHWA,TANK DISTRICT,JANDOLA SUB-DIVISION,"Flash Floods (High threat), Drought, Earthquake (low)","Flat, semi-arid plain; Gomal river; borders South Waziristan"
KHYBER PAKHTUNKHWA,TANK DISTRICT,TANK TEHSIL,"Flash Floods (High threat), Drought, Earthquake (low)","Flat, semi-arid plain; Gomal river; borders South Waziristan"
KHYBER PAKHTUNKHWA,ABBOTTABAD DISTRICT,ABBOTTABAD TEHSIL,"Earthquake (high seismic zone; severely affected in Oct 2005), Landslides, Flash Floods (Medium threat - PDMA 2025 risk ranking), Forest Fires","Hilly/mountainous (Hazara division, Himalayan foothills, Sarban/Shimla hills); hill station climate (Abbottabad city, Nathiagali/Thandiani); relatively urbanized, forested"
KHYBER PAKHTUNKHWA,ABBOTTABAD DISTRICT,HAVELIAN TEHSIL,"Earthquake (high seismic zone; severely affected in Oct 2005), Landslides, Flash Floods (Medium threat - PDMA 2025 risk ranking), Forest Fires","Hilly/mountainous (Hazara division, Himalayan foothills, Sarban/Shimla hills); hill station climate (Abbottabad city, Nathiagali/Thandiani); relatively urbanized, forested"
KHYBER PAKHTUNKHWA,ABBOTTABAD DISTRICT,LORA TEHSIL,"Earthquake (high seismic zone; severely affected in Oct 2005), Landslides, Flash Floods (Medium threat - PDMA 2025 risk ranking), Forest Fires","Hilly/mountainous (Hazara division, Himalayan foothills, Sarban/Shimla hills); hill station climate (Abbottabad city, Nathiagali/Thandiani); relatively urbanized, forested"
KHYBER PAKHTUNKHWA,ABBOTTABAD DISTRICT,LOWER TANAWAL TEHSIL,"Earthquake (high seismic zone; severely affected in Oct 2005), Landslides, Flash Floods (Medium threat - PDMA 2025 risk ranking), Forest Fires","Hilly/mountainous (Hazara division, Himalayan foothills, Sarban/Shimla hills); hill station climate (Abbottabad city, Nathiagali/Thandiani); relatively urbanized, forested"
KHYBER PAKHTUNKHWA,BATAGRAM DISTRICT,ALLAI TEHSIL,"Earthquake (severely affected in Oct 2005), Landslides, Flash Floods (Low threat)","Mountainous, Hazara division; forested hills, rugged terrain"
KHYBER PAKHTUNKHWA,BATAGRAM DISTRICT,BATAGRAM TEHSIL,"Earthquake (severely affected in Oct 2005), Landslides, Flash Floods (Low threat)","Mountainous, Hazara division; forested hills, rugged terrain"
KHYBER PAKHTUNKHWA,HARIPUR DISTRICT,GHAZI TEHSIL,"Flash Floods (Low threat), Earthquake, Landslides (moderate)","Hilly/plain, Hazara division; site of Tarbela and Khanpur dams; Karakoram Highway corridor"
KHYBER PAKHTUNKHWA,HARIPUR DISTRICT,HARIPUR TEHSIL,"Flash Floods (Low threat), Earthquake, Landslides (moderate)","Hilly/plain, Hazara division; site of Tarbela and Khanpur dams; Karakoram Highway corridor"
KHYBER PAKHTUNKHWA,HARIPUR DISTRICT,KHANPUR TEHSIL,"Flash Floods (Low threat), Earthquake, Landslides (moderate)","Hilly/plain, Hazara division; site of Tarbela and Khanpur dams; Karakoram Highway corridor"
KHYBER PAKHTUNKHWA,KOLAI PALAS KOHISTAN DISTRICT,BATTAIRA SUB-DIVISION,"Flash Floods (High threat), Landslides, Cloudbursts, Earthquake","Rugged mountainous terrain, Indus Kohistan; remote, newly-formed district (separated from Kohistan in 2022)"
KHYBER PAKHTUNKHWA,KOLAI PALAS KOHISTAN DISTRICT,PALAS SUB-DIVISION,"Flash Floods (High threat), Landslides, Cloudbursts, Earthquake","Rugged mountainous terrain, Indus Kohistan; remote, newly-formed district (separated from Kohistan in 2022)"
KHYBER PAKHTUNKHWA,LOWER KOHISTAN DISTRICT,BANKAND RANOLIA TEHSIL,"Flash Floods (Medium threat), Landslides, Cloudbursts (Aug 2020 event), Earthquake","Mountainous, Indus river gorge; Karakoram Highway corridor"
KHYBER PAKHTUNKHWA,LOWER KOHISTAN DISTRICT,PATTAN SUB-DIVISION,"Flash Floods (Medium threat), Landslides, Cloudbursts (Aug 2020 event), Earthquake","Mountainous, Indus river gorge; Karakoram Highway corridor"
KHYBER PAKHTUNKHWA,MANSEHRA DISTRICT,BAFFA PAKHAL TEHSIL,"Earthquake (severely affected in Oct 2005, high seismic zone), Landslides, GLOF (Kaghan/Siran valleys), Flash Floods (Low threat)","Mountainous, Hazara division; Kaghan Valley, Karakoram Highway; forested hills"
KHYBER PAKHTUNKHWA,MANSEHRA DISTRICT,BALAKOT TEHSIL,"Earthquake (severely affected in Oct 2005, high seismic zone), Landslides, GLOF (Kaghan/Siran valleys), Flash Floods (Low threat)","Mountainous, Hazara division; Kaghan Valley, Karakoram Highway; forested hills"
KHYBER PAKHTUNKHWA,MANSEHRA DISTRICT,DARBAND TEHSIL,"Earthquake (severely affected in Oct 2005, high seismic zone), Landslides, GLOF (Kaghan/Siran valleys), Flash Floods (Low threat)","Mountainous, Hazara division; Kaghan Valley, Karakoram Highway; forested hills"
KHYBER PAKHTUNKHWA,MANSEHRA DISTRICT,MANSEHRA TEHSIL,"Earthquake (severely affected in Oct 2005, high seismic zone), Landslides, GLOF (Kaghan/Siran valleys), Flash Floods (Low threat)","Mountainous, Hazara division; Kaghan Valley, Karakoram Highway; forested hills"
KHYBER PAKHTUNKHWA,MANSEHRA DISTRICT,OGHI TEHSIL,"Earthquake (severely affected in Oct 2005, high seismic zone), Landslides, GLOF (Kaghan/Siran valleys), Flash Floods (Low threat)","Mountainous, Hazara division; Kaghan Valley, Karakoram Highway; forested hills"
KHYBER PAKHTUNKHWA,TORGHAR DISTRICT,DAUR MERA TEHSIL,"Flash Floods (Medium threat), Landslides, Cloudbursts (deadly Sep 2021 event), Earthquake","Mountainous, Indus Kohistan; newest KP district (carved from Mansehra in 2011)"
KHYBER PAKHTUNKHWA,TORGHAR DISTRICT,JUDBA TEHSIL,"Flash Floods (Medium threat), Landslides, Cloudbursts (deadly Sep 2021 event), Earthquake","Mountainous, Indus Kohistan; newest KP district (carved from Mansehra in 2011)"
KHYBER PAKHTUNKHWA,TORGHAR DISTRICT,KHANDER TEHSIL,"Flash Floods (Medium threat), Landslides, Cloudbursts (deadly Sep 2021 event), Earthquake","Mountainous, Indus Kohistan; newest KP district (carved from Mansehra in 2011)"
KHYBER PAKHTUNKHWA,UPPER KOHISTAN DISTRICT,DASSU SUB-DIVISION,"GLOF (Kandia valley), Flash Floods (Medium threat), Landslides, Cloudbursts (deadly Aug 2020 event), Earthquake (high seismic - Karakoram/Hindu Kush junction)","Rugged, high mountains along the Indus River (Karakoram Highway corridor); remote, sparsely populated"
KHYBER PAKHTUNKHWA,UPPER KOHISTAN DISTRICT,HARBAN BHASHA TEHSIL,"GLOF (Kandia valley), Flash Floods (Medium threat), Landslides, Cloudbursts (deadly Aug 2020 event), Earthquake (high seismic - Karakoram/Hindu Kush junction)","Rugged, high mountains along the Indus River (Karakoram Highway corridor); remote, sparsely populated"
KHYBER PAKHTUNKHWA,UPPER KOHISTAN DISTRICT,KANDIA SUB-DIVISION,"GLOF (Kandia valley), Flash Floods (Medium threat), Landslides, Cloudbursts (deadly Aug 2020 event), Earthquake (high seismic - Karakoram/Hindu Kush junction)","Rugged, high mountains along the Indus River (Karakoram Highway corridor); remote, sparsely populated"
KHYBER PAKHTUNKHWA,UPPER KOHISTAN DISTRICT,SEO SUB-DIVISION,"GLOF (Kandia valley), Flash Floods (Medium threat), Landslides, Cloudbursts (deadly Aug 2020 event), Earthquake (high seismic - Karakoram/Hindu Kush junction)","Rugged, high mountains along the Indus River (Karakoram Highway corridor); remote, sparsely populated"
KHYBER PAKHTUNKHWA,HANGU DISTRICT,HANGU TEHSIL,"Flash Floods (Low threat), Earthquake","Hilly terrain, Kohat plateau; semi-arid"
KHYBER PAKHTUNKHWA,HANGU DISTRICT,TALL TEHSIL,"Flash Floods (Low threat), Earthquake","Hilly terrain, Kohat plateau; semi-arid"
KHYBER PAKHTUNKHWA,KARAK DISTRICT,BANDA DAUD SHAH TEHSIL,"Flash Floods (Medium threat), Drought, Earthquake","Hilly, Kohat plateau; semi-arid; oil and gas fields"
KHYBER PAKHTUNKHWA,KARAK DISTRICT,KARAK TEHSIL,"Flash Floods (Medium threat), Drought, Earthquake","Hilly, Kohat plateau; semi-arid; oil and gas fields"
KHYBER PAKHTUNKHWA,KARAK DISTRICT,TAKHT-E-NASRATI TEHSIL,"Flash Floods (Medium threat), Drought, Earthquake","Hilly, Kohat plateau; semi-arid; oil and gas fields"
KHYBER PAKHTUNKHWA,KOHAT DISTRICT,DARRA ADAM KHEL SUB-DIVISION,"Flash Floods (Low threat), Earthquake",Hilly (Kohat plateau/salt range); semi-arid
KHYBER PAKHTUNKHWA,KOHAT DISTRICT,GUMBAT TEHSIL,"Flash Floods (Low threat), Earthquake",Hilly (Kohat plateau/salt range); semi-arid
KHYBER PAKHTUNKHWA,KOHAT DISTRICT,KOHAT TEHSIL,"Flash Floods (Low threat), Earthquake",Hilly (Kohat plateau/salt range); semi-arid
KHYBER PAKHTUNKHWA,KOHAT DISTRICT,LACHI TEHSIL,"Flash Floods (Low threat), Earthquake",Hilly (Kohat plateau/salt range); semi-arid
KHYBER PAKHTUNKHWA,KURRAM DISTRICT,CENTRAL KURRAM F.R TEHSIL,"Flash Floods (Low threat), Landslides, Earthquake","Mountainous tribal district (Kurram), Kurram river valley, Parachinar; Safed Koh range; borders Afghanistan"
KHYBER PAKHTUNKHWA,KURRAM DISTRICT,LOWER KURRAM TEHSIL,"Flash Floods (Low threat), Landslides, Earthquake","Mountainous tribal district (Kurram), Kurram river valley, Parachinar; Safed Koh range; borders Afghanistan"
KHYBER PAKHTUNKHWA,KURRAM DISTRICT,UPPER KURRAM TEHSIL,"Flash Floods (Low threat), Landslides, Earthquake","Mountainous tribal district (Kurram), Kurram river valley, Parachinar; Safed Koh range; borders Afghanistan"
KHYBER PAKHTUNKHWA,ORAKZAI DISTRICT,CENTRAL TEHSIL,"Flash Floods (Low threat), Landslides, Earthquake","Mountainous tribal district, Samana range; landlocked among other KP districts, no international border"
KHYBER PAKHTUNKHWA,ORAKZAI DISTRICT,ISMAIL ZAI TEHSIL,"Flash Floods (Low threat), Landslides, Earthquake","Mountainous tribal district, Samana range; landlocked among other KP districts, no international border"
KHYBER PAKHTUNKHWA,ORAKZAI DISTRICT,LOWER TEHSIL,"Flash Floods (Low threat), Landslides, Earthquake","Mountainous tribal district, Samana range; landlocked among other KP districts, no international border"
KHYBER PAKHTUNKHWA,ORAKZAI DISTRICT,UPPER TEHSIL,"Flash Floods (Low threat), Landslides, Earthquake","Mountainous tribal district, Samana range; landlocked among other KP districts, no international border"
KHYBER PAKHTUNKHWA,BAJAUR DISTRICT,BAR CHAMER KAND TEHSIL,"Flash Floods (Medium threat), Landslides, Earthquake","Rugged mountainous terrain bordering Afghanistan; former FATA tribal district; predominantly rural, sparse infrastructure"
KHYBER PAKHTUNKHWA,BAJAUR DISTRICT,BARANG TEHSIL,"Flash Floods (Medium threat), Landslides, Earthquake","Rugged mountainous terrain bordering Afghanistan; former FATA tribal district; predominantly rural, sparse infrastructure"
KHYBER PAKHTUNKHWA,BAJAUR DISTRICT,KHAR BAJAUR TEHSIL,"Flash Floods (Medium threat), Landslides, Earthquake","Rugged mountainous terrain bordering Afghanistan; former FATA tribal district; predominantly rural, sparse infrastructure"
KHYBER PAKHTUNKHWA,BAJAUR DISTRICT,MAMUND TEHSIL,"Flash Floods (Medium threat), Landslides, Earthquake","Rugged mountainous terrain bordering Afghanistan; former FATA tribal district; predominantly rural, sparse infrastructure"
KHYBER PAKHTUNKHWA,BAJAUR DISTRICT,NAWAGAI TEHSIL,"Flash Floods (Medium threat), Landslides, Earthquake","Rugged mountainous terrain bordering Afghanistan; former FATA tribal district; predominantly rural, sparse infrastructure"
KHYBER PAKHTUNKHWA,BAJAUR DISTRICT,SALARZAI TEHSIL,"Flash Floods (Medium threat), Landslides, Earthquake","Rugged mountainous terrain bordering Afghanistan; former FATA tribal district; predominantly rural, sparse infrastructure"
KHYBER PAKHTUNKHWA,BAJAUR DISTRICT,UTMAN KHEL TEHSIL,"Flash Floods (Medium threat), Landslides, Earthquake","Rugged mountainous terrain bordering Afghanistan; former FATA tribal district; predominantly rural, sparse infrastructure"
KHYBER PAKHTUNKHWA,BUNER DISTRICT,CHAGHARZAI TEHSIL,"Flash Floods (Medium threat), Landslides, Earthquake","Hilly/mountainous Buner valley, ringed by Malakand and Swat ranges"
KHYBER PAKHTUNKHWA,BUNER DISTRICT,DAGGAR TEHSIL,"Flash Floods (Medium threat), Landslides, Earthquake","Hilly/mountainous Buner valley, ringed by Malakand and Swat ranges"
KHYBER PAKHTUNKHWA,BUNER DISTRICT,GADEZAI TEHSIL,"Flash Floods (Medium threat), Landslides, Earthquake","Hilly/mountainous Buner valley, ringed by Malakand and Swat ranges"
KHYBER PAKHTUNKHWA,BUNER DISTRICT,GAGRA TEHSIL,"Flash Floods (Medium threat), Landslides, Earthquake","Hilly/mountainous Buner valley, ringed by Malakand and Swat ranges"
KHYBER PAKHTUNKHWA,BUNER DISTRICT,KHADO KHEL TEHSIL,"Flash Floods (Medium threat), Landslides, Earthquake","Hilly/mountainous Buner valley, ringed by Malakand and Swat ranges"
KHYBER PAKHTUNKHWA,BUNER DISTRICT,MANDANR TEHSIL,"Flash Floods (Medium threat), Landslides, Earthquake","Hilly/mountainous Buner valley, ringed by Malakand and Swat ranges"
KHYBER PAKHTUNKHWA,LOWER CHITRAL DISTRICT,CHITRAL SUB-DIVISION,"GLOF (vulnerable valleys: Arkari, Madaklusht), Flash Floods (High threat), Landslides, Earthquake (high seismic)","Mountainous Hindukush terrain, Chitral/Kunar river valley; includes Kalash valleys; tourism-dependent"
KHYBER PAKHTUNKHWA,LOWER CHITRAL DISTRICT,DROSH SUB-DIVISION,"GLOF (vulnerable valleys: Arkari, Madaklusht), Flash Floods (High threat), Landslides, Earthquake (high seismic)","Mountainous Hindukush terrain, Chitral/Kunar river valley; includes Kalash valleys; tourism-dependent"
KHYBER PAKHTUNKHWA,LOWER DIR DISTRICT,ADENZAI SUB-DIVISION,"Flash Floods (High threat), GLOF-linked flooding, Landslides, Earthquake","Mountainous, Panjkora river valley; forested hills"
KHYBER PAKHTUNKHWA,LOWER DIR DISTRICT,LAL QILA SUB-DIVISION,"Flash Floods (High threat), GLOF-linked flooding, Landslides, Earthquake","Mountainous, Panjkora river valley; forested hills"
KHYBER PAKHTUNKHWA,LOWER DIR DISTRICT,SAMARBAGH SUB-DIVISION,"Flash Floods (High threat), GLOF-linked flooding, Landslides, Earthquake","Mountainous, Panjkora river valley; forested hills"
KHYBER PAKHTUNKHWA,LOWER DIR DISTRICT,TEMERGARA SUB-DIVISION,"Flash Floods (High threat), GLOF-linked flooding, Landslides, Earthquake","Mountainous, Panjkora river valley; forested hills"
KHYBER PAKHTUNKHWA,MALAKAND PROTECTED AREA,SAM RANI ZAI SUB-DIVISION,"Flash Floods (Medium threat), Landslides, Earthquake","Hilly, along the Swat river; historic Malakand Pass; seat of Malakand Division"
KHYBER PAKHTUNKHWA,MALAKAND PROTECTED AREA,SWAT RANI ZAI SUB-DIVISION,"Flash Floods (Medium threat), Landslides, Earthquake","Hilly, along the Swat river; historic Malakand Pass; seat of Malakand Division"
KHYBER PAKHTUNKHWA,SHANGLA DISTRICT,ALPURI TEHSIL,"Flash Floods (High threat), Landslides, Cloudbursts (deadly Aug 2020 event), Earthquake","Mountainous, part of the Swat range; forested hills"
KHYBER PAKHTUNKHWA,SHANGLA DISTRICT,BISHAM TEHSIL,"Flash Floods (High threat), Landslides, Cloudbursts (deadly Aug 2020 event), Earthquake","Mountainous, part of the Swat range; forested hills"
KHYBER PAKHTUNKHWA,SHANGLA DISTRICT,CHAKISAR TEHSIL,"Flash Floods (High threat), Landslides, Cloudbursts (deadly Aug 2020 event), Earthquake","Mountainous, part of the Swat range; forested hills"
KHYBER PAKHTUNKHWA,SHANGLA DISTRICT,MARTUNG TEHSIL,"Flash Floods (High threat), Landslides, Cloudbursts (deadly Aug 2020 event), Earthquake","Mountainous, part of the Swat range; forested hills"
KHYBER PAKHTUNKHWA,SHANGLA DISTRICT,PURAN TEHSIL,"Flash Floods (High threat), Landslides, Cloudbursts (deadly Aug 2020 event), Earthquake","Mountainous, part of the Swat range; forested hills"
KHYBER PAKHTUNKHWA,SWAT DISTRICT,BABUZAI TEHSIL,"Riverine/Flash Floods (High threat), GLOF (Gabral, Matiltan, Mankiyal valleys), Landslides, Cloudbursts, Earthquake",Mountainous river valley along the Swat river; major tourism destination; forested slopes
KHYBER PAKHTUNKHWA,SWAT DISTRICT,BARIKOT TEHSIL,"Riverine/Flash Floods (High threat), GLOF (Gabral, Matiltan, Mankiyal valleys), Landslides, Cloudbursts, Earthquake",Mountainous river valley along the Swat river; major tourism destination; forested slopes
KHYBER PAKHTUNKHWA,SWAT DISTRICT,BEHRAIN TEHSIL,"Riverine/Flash Floods (High threat), GLOF (Gabral, Matiltan, Mankiyal valleys), Landslides, Cloudbursts, Earthquake",Mountainous river valley along the Swat river; major tourism destination; forested slopes
KHYBER PAKHTUNKHWA,SWAT DISTRICT,CHARBAGH TEHSIL,"Riverine/Flash Floods (High threat), GLOF (Gabral, Matiltan, Mankiyal valleys), Landslides, Cloudbursts, Earthquake",Mountainous river valley along the Swat river; major tourism destination; forested slopes
KHYBER PAKHTUNKHWA,SWAT DISTRICT,KABAL TEHSIL,"Riverine/Flash Floods (High threat), GLOF (Gabral, Matiltan, Mankiyal valleys), Landslides, Cloudbursts, Earthquake",Mountainous river valley along the Swat river; major tourism destination; forested slopes
KHYBER PAKHTUNKHWA,SWAT DISTRICT,KHAWAZAKHELA TEHSIL,"Riverine/Flash Floods (High threat), GLOF (Gabral, Matiltan, Mankiyal valleys), Landslides, Cloudbursts, Earthquake",Mountainous river valley along the Swat river; major tourism destination; forested slopes
KHYBER PAKHTUNKHWA,SWAT DISTRICT,MATTA TEHSIL,"Riverine/Flash Floods (High threat), GLOF (Gabral, Matiltan, Mankiyal valleys), Landslides, Cloudbursts, Earthquake",Mountainous river valley along the Swat river; major tourism destination; forested slopes
KHYBER PAKHTUNKHWA,UPPER CHITRAL DISTRICT,MASTUJ SUB-DIVISION,"GLOF (Glacial Lake Outburst Flood - vulnerable valley: Reshun), Flash Floods (High threat), Avalanches, Earthquake (high seismic - Hindu Kush zone)","High mountainous terrain (Hindukush range), glaciers and glacial lakes; sparse population, remote valleys, borders Afghanistan"
KHYBER PAKHTUNKHWA,UPPER DIR DISTRICT,DIR SUB-DIVISION,"Flash Floods (High threat), GLOF (Thall/Kumrat valley), Landslides, Earthquake","Mountainous, Hindu Kush foothills; Panjkora river; Kumrat valley (tourism)"
KHYBER PAKHTUNKHWA,UPPER DIR DISTRICT,LARJUM SUB-DIVISION,"Flash Floods (High threat), GLOF (Thall/Kumrat valley), Landslides, Earthquake","Mountainous, Hindu Kush foothills; Panjkora river; Kumrat valley (tourism)"
KHYBER PAKHTUNKHWA,UPPER DIR DISTRICT,SHARINGAL SUB-DIVISION,"Flash Floods (High threat), GLOF (Thall/Kumrat valley), Landslides, Earthquake","Mountainous, Hindu Kush foothills; Panjkora river; Kumrat valley (tourism)"
KHYBER PAKHTUNKHWA,UPPER DIR DISTRICT,WARI SUB-DIVISION,"Flash Floods (High threat), GLOF (Thall/Kumrat valley), Landslides, Earthquake","Mountainous, Hindu Kush foothills; Panjkora river; Kumrat valley (tourism)"
KHYBER PAKHTUNKHWA,MARDAN DISTRICT,GHARI KAPOORA TEHSIL,"Flash Floods (Medium threat), Urban Flooding, Earthquake (low)","Flat, fertile plain; Kabul river tributaries; densely populated agricultural and industrial district"
KHYBER PAKHTUNKHWA,MARDAN DISTRICT,KATLANG TEHSIL,"Flash Floods (Medium threat), Urban Flooding, Earthquake (low)","Flat, fertile plain; Kabul river tributaries; densely populated agricultural and industrial district"
KHYBER PAKHTUNKHWA,MARDAN DISTRICT,MARDAN TEHSIL,"Flash Floods (Medium threat), Urban Flooding, Earthquake (low)","Flat, fertile plain; Kabul river tributaries; densely populated agricultural and industrial district"
KHYBER PAKHTUNKHWA,MARDAN DISTRICT,RUSTAM TEHSIL,"Flash Floods (Medium threat), Urban Flooding, Earthquake (low)","Flat, fertile plain; Kabul river tributaries; densely populated agricultural and industrial district"
KHYBER PAKHTUNKHWA,MARDAN DISTRICT,TAKHT BHAI TEHSIL,"Flash Floods (Medium threat), Urban Flooding, Earthquake (low)","Flat, fertile plain; Kabul river tributaries; densely populated agricultural and industrial district"
KHYBER PAKHTUNKHWA,SWABI DISTRICT,LAHOR TEHSIL,"Flash Floods (Medium threat), Urban Flooding, Earthquake (low)","Flat, fertile plain between the Indus and Kabul rivers; agricultural"
KHYBER PAKHTUNKHWA,SWABI DISTRICT,RAZAR TEHSIL,"Flash Floods (Medium threat), Urban Flooding, Earthquake (low)","Flat, fertile plain between the Indus and Kabul rivers; agricultural"
KHYBER PAKHTUNKHWA,SWABI DISTRICT,SWABI TEHSIL,"Flash Floods (Medium threat), Urban Flooding, Earthquake (low)","Flat, fertile plain between the Indus and Kabul rivers; agricultural"
KHYBER PAKHTUNKHWA,SWABI DISTRICT,TOPI TEHSIL,"Flash Floods (Medium threat), Urban Flooding, Earthquake (low)","Flat, fertile plain between the Indus and Kabul rivers; agricultural"
KHYBER PAKHTUNKHWA,CHARSADDA DISTRICT,CHARSADDA TEHSIL,"Riverine Floods (High threat - at Kabul & Swat river confluence, severely hit in 2010 & 2022), Urban Flooding","Flat, fertile plain at the confluence of the Kabul and Swat rivers; densely populated, agricultural"
KHYBER PAKHTUNKHWA,CHARSADDA DISTRICT,SHABQADAR TEHSIL,"Riverine Floods (High threat - at Kabul & Swat river confluence, severely hit in 2010 & 2022), Urban Flooding","Flat, fertile plain at the confluence of the Kabul and Swat rivers; densely populated, agricultural"
KHYBER PAKHTUNKHWA,CHARSADDA DISTRICT,TANGI TEHSIL,"Riverine Floods (High threat - at Kabul & Swat river confluence, severely hit in 2010 & 2022), Urban Flooding","Flat, fertile plain at the confluence of the Kabul and Swat rivers; densely populated, agricultural"
KHYBER PAKHTUNKHWA,KHYBER DISTRICT,BARA TEHSIL,"Flash Floods (Low threat), Landslides, Earthquake","Mountainous, historic Khyber Pass, Safed Koh range; former FATA agency; borders Afghanistan"
KHYBER PAKHTUNKHWA,KHYBER DISTRICT,JAMRUD TEHSIL,"Flash Floods (Low threat), Landslides, Earthquake","Mountainous, historic Khyber Pass, Safed Koh range; former FATA agency; borders Afghanistan"
KHYBER PAKHTUNKHWA,KHYBER DISTRICT,LANDI KOTAL TEHSIL,"Flash Floods (Low threat), Landslides, Earthquake","Mountainous, historic Khyber Pass, Safed Koh range; former FATA agency; borders Afghanistan"
KHYBER PAKHTUNKHWA,KHYBER DISTRICT,MULLA GORI TEHSIL,"Flash Floods (Low threat), Landslides, Earthquake","Mountainous, historic Khyber Pass, Safed Koh range; former FATA agency; borders Afghanistan"
KHYBER PAKHTUNKHWA,MOHMAND DISTRICT,AMBAR UTMAN KHEL TEHSIL,"Flash Floods (Medium threat), Landslides, Earthquake","Mountainous, former FATA agency; borders Afghanistan; Swat/Kabul river tributaries"
KHYBER PAKHTUNKHWA,MOHMAND DISTRICT,HALIM ZAI TEHSIL,"Flash Floods (Medium threat), Landslides, Earthquake","Mountainous, former FATA agency; borders Afghanistan; Swat/Kabul river tributaries"
KHYBER PAKHTUNKHWA,MOHMAND DISTRICT,PINDIALI TEHSIL,"Flash Floods (Medium threat), Landslides, Earthquake","Mountainous, former FATA agency; borders Afghanistan; Swat/Kabul river tributaries"
KHYBER PAKHTUNKHWA,MOHMAND DISTRICT,PRANG GHAR TEHSIL,"Flash Floods (Medium threat), Landslides, Earthquake","Mountainous, former FATA agency; borders Afghanistan; Swat/Kabul river tributaries"
KHYBER PAKHTUNKHWA,MOHMAND DISTRICT,SAFI TEHSIL,"Flash Floods (Medium threat), Landslides, Earthquake","Mountainous, former FATA agency; borders Afghanistan; Swat/Kabul river tributaries"
KHYBER PAKHTUNKHWA,MOHMAND DISTRICT,UPPER MOHMAND TEHSIL,"Flash Floods (Medium threat), Landslides, Earthquake","Mountainous, former FATA agency; borders Afghanistan; Swat/Kabul river tributaries"
KHYBER PAKHTUNKHWA,MOHMAND DISTRICT,YAKE GHUND TEHSIL,"Flash Floods (Medium threat), Landslides, Earthquake","Mountainous, former FATA agency; borders Afghanistan; Swat/Kabul river tributaries"
KHYBER PAKHTUNKHWA,NOWSHERA DISTRICT,JEHANGIRA TEHSIL,"Riverine Floods (High threat, Kabul River - severely hit in 2010), Urban Flooding",Flat plain along the Kabul river; Cherat hills to the south; industrial/urbanizing
KHYBER PAKHTUNKHWA,NOWSHERA DISTRICT,NOWSHERA TEHSIL,"Riverine Floods (High threat, Kabul River - severely hit in 2010), Urban Flooding",Flat plain along the Kabul river; Cherat hills to the south; industrial/urbanizing
KHYBER PAKHTUNKHWA,NOWSHERA DISTRICT,PABBI TEHSIL,"Riverine Floods (High threat, Kabul River - severely hit in 2010), Urban Flooding",Flat plain along the Kabul river; Cherat hills to the south; industrial/urbanizing
KHYBER PAKHTUNKHWA,PESHAWAR DISTRICT,BADHBER TEHSIL,"Urban Flooding (High threat), Earthquake (moderate)",Flat plain (Peshawar valley); Kabul and Bara rivers; most urbanized district and provincial capital
KHYBER PAKHTUNKHWA,PESHAWAR DISTRICT,CHAM KANI TEHSIL,"Urban Flooding (High threat), Earthquake (moderate)",Flat plain (Peshawar valley); Kabul and Bara rivers; most urbanized district and provincial capital
KHYBER PAKHTUNKHWA,PESHAWAR DISTRICT,HASSAN KHEL SUB-DIVISION,"Urban Flooding (High threat), Earthquake (moderate)",Flat plain (Peshawar valley); Kabul and Bara rivers; most urbanized district and provincial capital
KHYBER PAKHTUNKHWA,PESHAWAR DISTRICT,MATHRA TEHSIL,"Urban Flooding (High threat), Earthquake (moderate)",Flat plain (Peshawar valley); Kabul and Bara rivers; most urbanized district and provincial capital
KHYBER PAKHTUNKHWA,PESHAWAR DISTRICT,PESHAWAR TEHSIL,"Urban Flooding (High threat), Earthquake (moderate)",Flat plain (Peshawar valley); Kabul and Bara rivers; most urbanized district and provincial capital
KHYBER PAKHTUNKHWA,PESHAWAR DISTRICT,PISHTA KHARA TEHSIL,"Urban Flooding (High threat), Earthquake (moderate)",Flat plain (Peshawar valley); Kabul and Bara rivers; most urbanized district and provincial capital
KHYBER PAKHTUNKHWA,PESHAWAR DISTRICT,SHAH ALAM TEHSIL,"Urban Flooding (High threat), Earthquake (moderate)",Flat plain (Peshawar valley); Kabul and Bara rivers; most urbanized district and provincial capital
PUNJAB,BAHAWALNAGAR DISTRICT,BAHAWALNAGAR TEHSIL,"Riverine Floods (Medium Risk; Sutlej River), Drought (Cholistan Desert fringe)","Flat plain along the Sutlej River; borders the Cholistan Desert to the south; semi-arid, agricultural, borders India"
PUNJAB,BAHAWALNAGAR DISTRICT,CHISHTIAN TEHSIL,"Riverine Floods (Medium Risk; Sutlej River), Drought (Cholistan Desert fringe)","Flat plain along the Sutlej River; borders the Cholistan Desert to the south; semi-arid, agricultural, borders India"
PUNJAB,BAHAWALNAGAR DISTRICT,FORT ABBAS TEHSIL,"Riverine Floods (Medium Risk; Sutlej River), Drought (Cholistan Desert fringe)","Flat plain along the Sutlej River; borders the Cholistan Desert to the south; semi-arid, agricultural, borders India"
PUNJAB,BAHAWALNAGAR DISTRICT,HAROONABAD TEHSIL,"Riverine Floods (Medium Risk; Sutlej River), Drought (Cholistan Desert fringe)","Flat plain along the Sutlej River; borders the Cholistan Desert to the south; semi-arid, agricultural, borders India"
PUNJAB,BAHAWALNAGAR DISTRICT,MINCHINABAD TEHSIL,"Riverine Floods (Medium Risk; Sutlej River), Drought (Cholistan Desert fringe)","Flat plain along the Sutlej River; borders the Cholistan Desert to the south; semi-arid, agricultural, borders India"
PUNJAB,BAHAWALPUR DISTRICT,AHMADPUR EAST TEHSIL,"Riverine Floods (Low Risk; Sutlej River vulnerable areas), Drought (Cholistan Desert)","Flat plain along the Sutlej River; encompasses the Cholistan Desert in its southern part; semi-arid, historic princely-state city"
PUNJAB,BAHAWALPUR DISTRICT,BAHAWALPUR CITY TEHSIL,"Riverine Floods (Low Risk; Sutlej River vulnerable areas), Drought (Cholistan Desert)","Flat plain along the Sutlej River; encompasses the Cholistan Desert in its southern part; semi-arid, historic princely-state city"
PUNJAB,BAHAWALPUR DISTRICT,BAHAWALPUR SADDAR TEHSIL,"Riverine Floods (Low Risk; Sutlej River vulnerable areas), Drought (Cholistan Desert)","Flat plain along the Sutlej River; encompasses the Cholistan Desert in its southern part; semi-arid, historic princely-state city"
PUNJAB,BAHAWALPUR DISTRICT,HASILPUR TEHSIL,"Riverine Floods (Low Risk; Sutlej River vulnerable areas), Drought (Cholistan Desert)","Flat plain along the Sutlej River; encompasses the Cholistan Desert in its southern part; semi-arid, historic princely-state city"
PUNJAB,BAHAWALPUR DISTRICT,KHAIRPUR TAMEWALI TEHSIL,"Riverine Floods (Low Risk; Sutlej River vulnerable areas), Drought (Cholistan Desert)","Flat plain along the Sutlej River; encompasses the Cholistan Desert in its southern part; semi-arid, historic princely-state city"
PUNJAB,BAHAWALPUR DISTRICT,YAZMAN TEHSIL,"Riverine Floods (Low Risk; Sutlej River vulnerable areas), Drought (Cholistan Desert)","Flat plain along the Sutlej River; encompasses the Cholistan Desert in its southern part; semi-arid, historic princely-state city"
PUNJAB,RAHIM YAR KHAN DISTRICT,KHANPUR TEHSIL,"Riverine Floods (High Risk; Indus River), Drought (Cholistan Desert fringe)",Flat plain along the Indus River; borders Sindh province and the Cholistan Desert; agricultural
PUNJAB,RAHIM YAR KHAN DISTRICT,LIAQUAT PUR TEHSIL,"Riverine Floods (High Risk; Indus River), Drought (Cholistan Desert fringe)",Flat plain along the Indus River; borders Sindh province and the Cholistan Desert; agricultural
PUNJAB,RAHIM YAR KHAN DISTRICT,RAHIM YAR KHAN TEHSIL,"Riverine Floods (High Risk; Indus River), Drought (Cholistan Desert fringe)",Flat plain along the Indus River; borders Sindh province and the Cholistan Desert; agricultural
PUNJAB,RAHIM YAR KHAN DISTRICT,SADIQABAD TEHSIL,"Riverine Floods (High Risk; Indus River), Drought (Cholistan Desert fringe)",Flat plain along the Indus River; borders Sindh province and the Cholistan Desert; agricultural
PUNJAB,DERA GHAZI KHAN DISTRICT,DERA GHAZI KHAN TEHSIL,"Riverine Floods (High Risk; Indus River), Flash Floods/Hill Torrents (Sulaiman Range)","Flat plain along the Indus River, bordered by the Sulaiman Mountain Range to the west; hill-torrent-prone"
PUNJAB,DERA GHAZI KHAN DISTRICT,KOH-E-SULEMAN TEHSIL,"Riverine Floods (High Risk; Indus River), Flash Floods/Hill Torrents (Sulaiman Range)","Flat plain along the Indus River, bordered by the Sulaiman Mountain Range to the west; hill-torrent-prone"
PUNJAB,DERA GHAZI KHAN DISTRICT,KOT CHHUTTA TEHSIL,"Riverine Floods (High Risk; Indus River), Flash Floods/Hill Torrents (Sulaiman Range)","Flat plain along the Indus River, bordered by the Sulaiman Mountain Range to the west; hill-torrent-prone"
PUNJAB,DERA GHAZI KHAN DISTRICT,TAUNSA TEHSIL,"Riverine Floods (High Risk; Indus River), Flash Floods/Hill Torrents (Sulaiman Range)","Flat plain along the Indus River, bordered by the Sulaiman Mountain Range to the west; hill-torrent-prone"
PUNJAB,LAYYAH DISTRICT,CHOUBARA TEHSIL,Riverine Floods (High Risk; Indus River),Flat plain along the Indus River; part of the Thal Desert; agricultural
PUNJAB,LAYYAH DISTRICT,KAROR LAL ESAN TEHSIL,Riverine Floods (High Risk; Indus River),Flat plain along the Indus River; part of the Thal Desert; agricultural
PUNJAB,LAYYAH DISTRICT,LAYYAH TEHSIL,Riverine Floods (High Risk; Indus River),Flat plain along the Indus River; part of the Thal Desert; agricultural
PUNJAB,MUZAFFARGARH DISTRICT,ALIPUR TEHSIL,Riverine Floods (High Risk; Indus River),Flat plain in the Indus-Chenab doab; agricultural
PUNJAB,MUZAFFARGARH DISTRICT,CHOWK SARWAR SHAHEED TEHSIL,Riverine Floods (High Risk; Indus River),Flat plain in the Indus-Chenab doab; agricultural
PUNJAB,MUZAFFARGARH DISTRICT,JATOI TEHSIL,Riverine Floods (High Risk; Indus River),Flat plain in the Indus-Chenab doab; agricultural
PUNJAB,MUZAFFARGARH DISTRICT,KOT ADDU TEHSIL,Riverine Floods (High Risk; Indus River),Flat plain in the Indus-Chenab doab; agricultural
PUNJAB,MUZAFFARGARH DISTRICT,MUZAFFARGARH TEHSIL,Riverine Floods (High Risk; Indus River),Flat plain in the Indus-Chenab doab; agricultural
PUNJAB,RAJANPUR DISTRICT,DE-EXCLUDED AREA RAJANPUR,"Riverine Floods (High Risk; Indus River), Flash Floods/Hill Torrents (Sulaiman Range)","Flat plain along the Indus River, bordered by the Sulaiman Mountain Range to the west; hill-torrent-prone; southernmost Punjab district"
PUNJAB,RAJANPUR DISTRICT,JAMPUR TEHSIL,"Riverine Floods (High Risk; Indus River), Flash Floods/Hill Torrents (Sulaiman Range)","Flat plain along the Indus River, bordered by the Sulaiman Mountain Range to the west; hill-torrent-prone; southernmost Punjab district"
PUNJAB,RAJANPUR DISTRICT,RAJANPUR TEHSIL,"Riverine Floods (High Risk; Indus River), Flash Floods/Hill Torrents (Sulaiman Range)","Flat plain along the Indus River, bordered by the Sulaiman Mountain Range to the west; hill-torrent-prone; southernmost Punjab district"
PUNJAB,RAJANPUR DISTRICT,ROJHAN TEHSIL,"Riverine Floods (High Risk; Indus River), Flash Floods/Hill Torrents (Sulaiman Range)","Flat plain along the Indus River, bordered by the Sulaiman Mountain Range to the west; hill-torrent-prone; southernmost Punjab district"
PUNJAB,CHINIOT DISTRICT,BHAWANA TEHSIL,Riverine Floods (Medium Risk; Chenab River),Flat plain along the Chenab River; known for its furniture-manufacturing industry
PUNJAB,CHINIOT DISTRICT,CHINIOT TEHSIL,Riverine Floods (Medium Risk; Chenab River),Flat plain along the Chenab River; known for its furniture-manufacturing industry
PUNJAB,CHINIOT DISTRICT,LALIAN TEHSIL,Riverine Floods (Medium Risk; Chenab River),Flat plain along the Chenab River; known for its furniture-manufacturing industry
PUNJAB,FAISALABAD DISTRICT,CHAK JHUMRA TEHSIL,"Urban Flooding, low riverine flood risk (not directly on a major river)",Flat plain in the Chenab-Ravi doab; major industrial and urban centre (Pakistan's third-largest city)
PUNJAB,FAISALABAD DISTRICT,FAISALABAD CITY TEHSIL,"Urban Flooding, low riverine flood risk (not directly on a major river)",Flat plain in the Chenab-Ravi doab; major industrial and urban centre (Pakistan's third-largest city)
PUNJAB,FAISALABAD DISTRICT,FAISALABAD SADAR TEHSIL,"Urban Flooding, low riverine flood risk (not directly on a major river)",Flat plain in the Chenab-Ravi doab; major industrial and urban centre (Pakistan's third-largest city)
PUNJAB,FAISALABAD DISTRICT,JARANWALA TEHSIL,"Urban Flooding, low riverine flood risk (not directly on a major river)",Flat plain in the Chenab-Ravi doab; major industrial and urban centre (Pakistan's third-largest city)
PUNJAB,FAISALABAD DISTRICT,SAMMUNDRI TEHSIL,"Urban Flooding, low riverine flood risk (not directly on a major river)",Flat plain in the Chenab-Ravi doab; major industrial and urban centre (Pakistan's third-largest city)
PUNJAB,FAISALABAD DISTRICT,TANDLIAN WALA TEHSIL,"Urban Flooding, low riverine flood risk (not directly on a major river)",Flat plain in the Chenab-Ravi doab; major industrial and urban centre (Pakistan's third-largest city)
PUNJAB,JHANG DISTRICT,18-HAZARI TEHSIL,Riverine Floods (High Risk; Chenab-Jhelum confluence at Trimmu Headworks),"Flat plain at the confluence of the Chenab and Jhelum rivers; agricultural, semi-arid fringe of the Thal Desert"
PUNJAB,JHANG DISTRICT,AHMADPUR SIAL TEHSIL,Riverine Floods (High Risk; Chenab-Jhelum confluence at Trimmu Headworks),"Flat plain at the confluence of the Chenab and Jhelum rivers; agricultural, semi-arid fringe of the Thal Desert"
PUNJAB,JHANG DISTRICT,JHANG TEHSIL,Riverine Floods (High Risk; Chenab-Jhelum confluence at Trimmu Headworks),"Flat plain at the confluence of the Chenab and Jhelum rivers; agricultural, semi-arid fringe of the Thal Desert"
PUNJAB,JHANG DISTRICT,SHORKOT TEHSIL,Riverine Floods (High Risk; Chenab-Jhelum confluence at Trimmu Headworks),"Flat plain at the confluence of the Chenab and Jhelum rivers; agricultural, semi-arid fringe of the Thal Desert"
PUNJAB,TOBA TEK SINGH DISTRICT,GOJRA TEHSIL,Riverine Floods (Low Risk),Flat plain in the Ravi-Chenab doab; agricultural
PUNJAB,TOBA TEK SINGH DISTRICT,KAMALIA TEHSIL,Riverine Floods (Low Risk),Flat plain in the Ravi-Chenab doab; agricultural
PUNJAB,TOBA TEK SINGH DISTRICT,PIRMAHAL TEHSIL,Riverine Floods (Low Risk),Flat plain in the Ravi-Chenab doab; agricultural
PUNJAB,TOBA TEK SINGH DISTRICT,TOBA TEK SINGH TEHSIL,Riverine Floods (Low Risk),Flat plain in the Ravi-Chenab doab; agricultural
PUNJAB,GUJRANWALA DISTRICT,GUJRANWALA CITY TEHSIL,"Riverine Floods (High Risk; Chenab River), Urban Flooding",Flat plain in the Chenab-Ravi doab; densely populated industrial city
PUNJAB,GUJRANWALA DISTRICT,GUJRANWALA SADDAR TEHSIL,"Riverine Floods (High Risk; Chenab River), Urban Flooding",Flat plain in the Chenab-Ravi doab; densely populated industrial city
PUNJAB,GUJRANWALA DISTRICT,KAMOKE TEHSIL,"Riverine Floods (High Risk; Chenab River), Urban Flooding",Flat plain in the Chenab-Ravi doab; densely populated industrial city
PUNJAB,GUJRANWALA DISTRICT,NOWSHERA VIRKAN TEHSIL,"Riverine Floods (High Risk; Chenab River), Urban Flooding",Flat plain in the Chenab-Ravi doab; densely populated industrial city
PUNJAB,GUJRANWALA DISTRICT,WAZIRABAD TEHSIL,"Riverine Floods (High Risk; Chenab River), Urban Flooding",Flat plain in the Chenab-Ravi doab; densely populated industrial city
PUNJAB,GUJRAT DISTRICT,GUJRAT TEHSIL,Riverine Floods (Medium Risk; Chenab River),"Flat plain between the Chenab and Jhelum rivers; agricultural, overseas-remittance economy"
PUNJAB,GUJRAT DISTRICT,KHARIAN TEHSIL,Riverine Floods (Medium Risk; Chenab River),"Flat plain between the Chenab and Jhelum rivers; agricultural, overseas-remittance economy"
PUNJAB,GUJRAT DISTRICT,SARAI ALAMGIR TEHSIL,Riverine Floods (Medium Risk; Chenab River),"Flat plain between the Chenab and Jhelum rivers; agricultural, overseas-remittance economy"
PUNJAB,HAFIZABAD DISTRICT,HAFIZABAD TEHSIL,Riverine Floods (Medium Risk; Chenab River),Flat plain along the Chenab River; rice-growing agricultural belt
PUNJAB,HAFIZABAD DISTRICT,PINDI BHATTIAN TEHSIL,Riverine Floods (Medium Risk; Chenab River),Flat plain along the Chenab River; rice-growing agricultural belt
PUNJAB,MANDI BAHAUDDIN DISTRICT,MALAKWAL TEHSIL,Riverine Floods (High Risk; Jhelum & Chenab Rivers),Flat plain between the Jhelum and Chenab rivers; agricultural
PUNJAB,MANDI BAHAUDDIN DISTRICT,MANDI BAHAUDDIN TEHSIL,Riverine Floods (High Risk; Jhelum & Chenab Rivers),Flat plain between the Jhelum and Chenab rivers; agricultural
PUNJAB,MANDI BAHAUDDIN DISTRICT,PHALIA TEHSIL,Riverine Floods (High Risk; Jhelum & Chenab Rivers),Flat plain between the Jhelum and Chenab rivers; agricultural
PUNJAB,NAROWAL DISTRICT,NAROWAL TEHSIL,"Riverine Floods (High Risk; Ravi River/Degh Nullah), Urban Flooding",Flat plain along the Ravi River and Degh Nullah; borders India; agricultural
PUNJAB,NAROWAL DISTRICT,SHAKARGARH TEHSIL,"Riverine Floods (High Risk; Ravi River/Degh Nullah), Urban Flooding",Flat plain along the Ravi River and Degh Nullah; borders India; agricultural
PUNJAB,NAROWAL DISTRICT,ZAFARWAL TEHSIL,"Riverine Floods (High Risk; Ravi River/Degh Nullah), Urban Flooding",Flat plain along the Ravi River and Degh Nullah; borders India; agricultural
PUNJAB,SIALKOT DISTRICT,DASKA TEHSIL,"Riverine Floods (Medium Risk; Chenab River), Urban Flooding","Flat plain along the Chenab River and Degh Nullah; major export-industry hub (sports goods, surgical instruments); borders India"
PUNJAB,SIALKOT DISTRICT,PASRUR TEHSIL,"Riverine Floods (Medium Risk; Chenab River), Urban Flooding","Flat plain along the Chenab River and Degh Nullah; major export-industry hub (sports goods, surgical instruments); borders India"
PUNJAB,SIALKOT DISTRICT,SAMBRIAL TEHSIL,"Riverine Floods (Medium Risk; Chenab River), Urban Flooding","Flat plain along the Chenab River and Degh Nullah; major export-industry hub (sports goods, surgical instruments); borders India"
PUNJAB,SIALKOT DISTRICT,SIALKOT TEHSIL,"Riverine Floods (Medium Risk; Chenab River), Urban Flooding","Flat plain along the Chenab River and Degh Nullah; major export-industry hub (sports goods, surgical instruments); borders India"
PUNJAB,KASUR DISTRICT,CHUNIAN TEHSIL,Riverine Floods (Low Risk; Sutlej & Ravi Rivers),Flat plain along the Sutlej and Ravi rivers; borders India; known for its leather industry
PUNJAB,KASUR DISTRICT,KASUR TEHSIL,Riverine Floods (Low Risk; Sutlej & Ravi Rivers),Flat plain along the Sutlej and Ravi rivers; borders India; known for its leather industry
PUNJAB,KASUR DISTRICT,KOT RADHA KISHAN TEHSIL,Riverine Floods (Low Risk; Sutlej & Ravi Rivers),Flat plain along the Sutlej and Ravi rivers; borders India; known for its leather industry
PUNJAB,KASUR DISTRICT,PATTOKI TEHSIL,Riverine Floods (Low Risk; Sutlej & Ravi Rivers),Flat plain along the Sutlej and Ravi rivers; borders India; known for its leather industry
PUNJAB,LAHORE DISTRICT,LAHORE CANTT TEHSIL,"Riverine Floods (Medium Risk; Ravi River), Urban Flooding",Flat plain along the Ravi River; Punjab's provincial capital and most densely populated urban district in Pakistan
PUNJAB,LAHORE DISTRICT,LAHORE CITY TEHSIL,"Riverine Floods (Medium Risk; Ravi River), Urban Flooding",Flat plain along the Ravi River; Punjab's provincial capital and most densely populated urban district in Pakistan
PUNJAB,LAHORE DISTRICT,MODEL TOWN TEHSIL,"Riverine Floods (Medium Risk; Ravi River), Urban Flooding",Flat plain along the Ravi River; Punjab's provincial capital and most densely populated urban district in Pakistan
PUNJAB,LAHORE DISTRICT,RAIWIND TEHSIL,"Riverine Floods (Medium Risk; Ravi River), Urban Flooding",Flat plain along the Ravi River; Punjab's provincial capital and most densely populated urban district in Pakistan
PUNJAB,LAHORE DISTRICT,SHALIMAR TEHSIL,"Riverine Floods (Medium Risk; Ravi River), Urban Flooding",Flat plain along the Ravi River; Punjab's provincial capital and most densely populated urban district in Pakistan
PUNJAB,NANKANA SAHIB DISTRICT,NANKANA SAHIB TEHSIL,Riverine Floods (Medium Risk; Ravi River),"Flat plain along the Ravi River; agricultural, religious significance (birthplace of Guru Nanak)"
PUNJAB,NANKANA SAHIB DISTRICT,SANGLA HILL TEHSIL,Riverine Floods (Medium Risk; Ravi River),"Flat plain along the Ravi River; agricultural, religious significance (birthplace of Guru Nanak)"
PUNJAB,NANKANA SAHIB DISTRICT,SHAH KOT TEHSIL,Riverine Floods (Medium Risk; Ravi River),"Flat plain along the Ravi River; agricultural, religious significance (birthplace of Guru Nanak)"
PUNJAB,SHEIKHUPURA DISTRICT,FEROZEWALA TEHSIL,"Riverine Floods (Medium Risk; Ravi River), Urban Flooding","Flat plain along the Ravi River; industrial/agricultural, adjacent to Lahore"
PUNJAB,SHEIKHUPURA DISTRICT,MURIDKE TEHSIL,"Riverine Floods (Medium Risk; Ravi River), Urban Flooding","Flat plain along the Ravi River; industrial/agricultural, adjacent to Lahore"
PUNJAB,SHEIKHUPURA DISTRICT,SAFDARABAD TEHSIL,"Riverine Floods (Medium Risk; Ravi River), Urban Flooding","Flat plain along the Ravi River; industrial/agricultural, adjacent to Lahore"
PUNJAB,SHEIKHUPURA DISTRICT,SHARAK PUR TEHSIL,"Riverine Floods (Medium Risk; Ravi River), Urban Flooding","Flat plain along the Ravi River; industrial/agricultural, adjacent to Lahore"
PUNJAB,SHEIKHUPURA DISTRICT,SHEIKHUPURA TEHSIL,"Riverine Floods (Medium Risk; Ravi River), Urban Flooding","Flat plain along the Ravi River; industrial/agricultural, adjacent to Lahore"
PUNJAB,KHANEWAL DISTRICT,JAHANIAN TEHSIL,Riverine Floods (Medium Risk; Chenab & Ravi Rivers),"Flat plain in the Chenab-Ravi doab; agricultural, railway-junction town"
PUNJAB,KHANEWAL DISTRICT,KABIRWALA TEHSIL,Riverine Floods (Medium Risk; Chenab & Ravi Rivers),"Flat plain in the Chenab-Ravi doab; agricultural, railway-junction town"
PUNJAB,KHANEWAL DISTRICT,KHANEWAL TEHSIL,Riverine Floods (Medium Risk; Chenab & Ravi Rivers),"Flat plain in the Chenab-Ravi doab; agricultural, railway-junction town"
PUNJAB,KHANEWAL DISTRICT,MIAN CHANNU TEHSIL,Riverine Floods (Medium Risk; Chenab & Ravi Rivers),"Flat plain in the Chenab-Ravi doab; agricultural, railway-junction town"
PUNJAB,LODHRAN DISTRICT,DUNYAPUR TEHSIL,Riverine Floods (Low Risk; Sutlej River),Flat plain along the Sutlej River; agricultural
PUNJAB,LODHRAN DISTRICT,KAHROR PACCA TEHSIL,Riverine Floods (Low Risk; Sutlej River),Flat plain along the Sutlej River; agricultural
PUNJAB,LODHRAN DISTRICT,LODHRAN TEHSIL,Riverine Floods (Low Risk; Sutlej River),Flat plain along the Sutlej River; agricultural
PUNJAB,MULTAN DISTRICT,JALALPUR PIRWALA TEHSIL,"Riverine Floods (High Risk; Chenab River), Urban Flooding","Flat plain along the Chenab River; historic city (""City of Saints""), major urban and agricultural (mango orchard) centre"
PUNJAB,MULTAN DISTRICT,MULTAN CITY TEHSIL,"Riverine Floods (High Risk; Chenab River), Urban Flooding","Flat plain along the Chenab River; historic city (""City of Saints""), major urban and agricultural (mango orchard) centre"
PUNJAB,MULTAN DISTRICT,MULTAN SADDAR TEHSIL,"Riverine Floods (High Risk; Chenab River), Urban Flooding","Flat plain along the Chenab River; historic city (""City of Saints""), major urban and agricultural (mango orchard) centre"
PUNJAB,MULTAN DISTRICT,SHUJABAD TEHSIL,"Riverine Floods (High Risk; Chenab River), Urban Flooding","Flat plain along the Chenab River; historic city (""City of Saints""), major urban and agricultural (mango orchard) centre"
PUNJAB,VEHARI DISTRICT,BUREWALA TEHSIL,Riverine Floods (Low Risk; Sutlej River),"Flat plain along the Sutlej River; agricultural, cotton-growing belt"
PUNJAB,VEHARI DISTRICT,MAILSI TEHSIL,Riverine Floods (Low Risk; Sutlej River),"Flat plain along the Sutlej River; agricultural, cotton-growing belt"
PUNJAB,VEHARI DISTRICT,VEHARI TEHSIL,Riverine Floods (Low Risk; Sutlej River),"Flat plain along the Sutlej River; agricultural, cotton-growing belt"
PUNJAB,ATTOCK DISTRICT,ATTOCK TEHSIL,"Flash/Riverine Floods (Medium Risk - PDMA/Rescue 1122 classification; Indus-Kabul confluence area), Earthquake (Potohar Plateau, moderate seismic zone)","Hilly, undulating Potohar Plateau terrain at the confluence of the Indus and Kabul rivers; semi-arid, site of Attock Fort"
PUNJAB,ATTOCK DISTRICT,FATEH JANG TEHSIL,"Flash/Riverine Floods (Medium Risk - PDMA/Rescue 1122 classification; Indus-Kabul confluence area), Earthquake (Potohar Plateau, moderate seismic zone)","Hilly, undulating Potohar Plateau terrain at the confluence of the Indus and Kabul rivers; semi-arid, site of Attock Fort"
PUNJAB,ATTOCK DISTRICT,HASAN ABDAL TEHSIL,"Flash/Riverine Floods (Medium Risk - PDMA/Rescue 1122 classification; Indus-Kabul confluence area), Earthquake (Potohar Plateau, moderate seismic zone)","Hilly, undulating Potohar Plateau terrain at the confluence of the Indus and Kabul rivers; semi-arid, site of Attock Fort"
PUNJAB,ATTOCK DISTRICT,HAZRO TEHSIL,"Flash/Riverine Floods (Medium Risk - PDMA/Rescue 1122 classification; Indus-Kabul confluence area), Earthquake (Potohar Plateau, moderate seismic zone)","Hilly, undulating Potohar Plateau terrain at the confluence of the Indus and Kabul rivers; semi-arid, site of Attock Fort"
PUNJAB,ATTOCK DISTRICT,JAND TEHSIL,"Flash/Riverine Floods (Medium Risk - PDMA/Rescue 1122 classification; Indus-Kabul confluence area), Earthquake (Potohar Plateau, moderate seismic zone)","Hilly, undulating Potohar Plateau terrain at the confluence of the Indus and Kabul rivers; semi-arid, site of Attock Fort"
PUNJAB,ATTOCK DISTRICT,PINDI GHEB TEHSIL,"Flash/Riverine Floods (Medium Risk - PDMA/Rescue 1122 classification; Indus-Kabul confluence area), Earthquake (Potohar Plateau, moderate seismic zone)","Hilly, undulating Potohar Plateau terrain at the confluence of the Indus and Kabul rivers; semi-arid, site of Attock Fort"
PUNJAB,CHAKWAL DISTRICT,CHAKWAL TEHSIL,"Low flood risk (rain-fed/barani area, not on a major river), localised flash flooding, Earthquake (Potohar Plateau, moderate seismic zone)","Potohar Plateau; hilly, undulating terrain with Salt Range foothills (Kallar Kahar); predominantly rain-fed (barani) agriculture"
PUNJAB,CHAKWAL DISTRICT,CHOA SAIDAN SHAH TEHSIL,"Low flood risk (rain-fed/barani area, not on a major river), localised flash flooding, Earthquake (Potohar Plateau, moderate seismic zone)","Potohar Plateau; hilly, undulating terrain with Salt Range foothills (Kallar Kahar); predominantly rain-fed (barani) agriculture"
PUNJAB,CHAKWAL DISTRICT,KALLAR KAHAR TEHSIL,"Low flood risk (rain-fed/barani area, not on a major river), localised flash flooding, Earthquake (Potohar Plateau, moderate seismic zone)","Potohar Plateau; hilly, undulating terrain with Salt Range foothills (Kallar Kahar); predominantly rain-fed (barani) agriculture"
PUNJAB,CHAKWAL DISTRICT,LAWA TEHSIL,"Low flood risk (rain-fed/barani area, not on a major river), localised flash flooding, Earthquake (Potohar Plateau, moderate seismic zone)","Potohar Plateau; hilly, undulating terrain with Salt Range foothills (Kallar Kahar); predominantly rain-fed (barani) agriculture"
PUNJAB,CHAKWAL DISTRICT,TALA GANG TEHSIL,"Low flood risk (rain-fed/barani area, not on a major river), localised flash flooding, Earthquake (Potohar Plateau, moderate seismic zone)","Potohar Plateau; hilly, undulating terrain with Salt Range foothills (Kallar Kahar); predominantly rain-fed (barani) agriculture"
PUNJAB,JHELUM DISTRICT,DINA TEHSIL,Riverine Floods (High Risk; Jhelum River),"Hilly/plain terrain in the Jhelum River valley, near the Salt Range (Tilla Jogian); downstream of Mangla Dam; part of the Potohar region"
PUNJAB,JHELUM DISTRICT,JHELUM TEHSIL,Riverine Floods (High Risk; Jhelum River),"Hilly/plain terrain in the Jhelum River valley, near the Salt Range (Tilla Jogian); downstream of Mangla Dam; part of the Potohar region"
PUNJAB,JHELUM DISTRICT,PIND DADAN KHAN TEHSIL,Riverine Floods (High Risk; Jhelum River),"Hilly/plain terrain in the Jhelum River valley, near the Salt Range (Tilla Jogian); downstream of Mangla Dam; part of the Potohar region"
PUNJAB,JHELUM DISTRICT,SOHAWA TEHSIL,Riverine Floods (High Risk; Jhelum River),"Hilly/plain terrain in the Jhelum River valley, near the Salt Range (Tilla Jogian); downstream of Mangla Dam; part of the Potohar region"
PUNJAB,RAWALPINDI DISTRICT,GUJAR KHAN TEHSIL,"Urban Flooding, low riverine flood risk","Hilly, Potohar Plateau terrain with Margalla Hills foothills; Soan River; twin city with Islamabad, highly urbanized"
PUNJAB,RAWALPINDI DISTRICT,KAHUTA TEHSIL,"Urban Flooding, low riverine flood risk","Hilly, Potohar Plateau terrain with Margalla Hills foothills; Soan River; twin city with Islamabad, highly urbanized"
PUNJAB,RAWALPINDI DISTRICT,KALLAR SAYADDAN TEHSIL,"Urban Flooding, low riverine flood risk","Hilly, Potohar Plateau terrain with Margalla Hills foothills; Soan River; twin city with Islamabad, highly urbanized"
PUNJAB,RAWALPINDI DISTRICT,KOTLI SATTIAN TEHSIL,"Urban Flooding, low riverine flood risk","Hilly, Potohar Plateau terrain with Margalla Hills foothills; Soan River; twin city with Islamabad, highly urbanized"
PUNJAB,RAWALPINDI DISTRICT,MURREE TEHSIL,"Urban Flooding, low riverine flood risk","Hilly, Potohar Plateau terrain with Margalla Hills foothills; Soan River; twin city with Islamabad, highly urbanized"
PUNJAB,RAWALPINDI DISTRICT,RAWALPINDI TEHSIL,"Urban Flooding, low riverine flood risk","Hilly, Potohar Plateau terrain with Margalla Hills foothills; Soan River; twin city with Islamabad, highly urbanized"
PUNJAB,RAWALPINDI DISTRICT,TAXILA TEHSIL,"Urban Flooding, low riverine flood risk","Hilly, Potohar Plateau terrain with Margalla Hills foothills; Soan River; twin city with Islamabad, highly urbanized"
PUNJAB,OKARA DISTRICT,DEPALPUR TEHSIL,Riverine Floods (Low Risk; Ravi & Sutlej Rivers),"Flat plain between the Ravi and Sutlej rivers; agricultural, canal-irrigated (historic Lower Bari Doab Canal colony)"
PUNJAB,OKARA DISTRICT,OKARA TEHSIL,Riverine Floods (Low Risk; Ravi & Sutlej Rivers),"Flat plain between the Ravi and Sutlej rivers; agricultural, canal-irrigated (historic Lower Bari Doab Canal colony)"
PUNJAB,OKARA DISTRICT,RENALA KHURD TEHSIL,Riverine Floods (Low Risk; Ravi & Sutlej Rivers),"Flat plain between the Ravi and Sutlej rivers; agricultural, canal-irrigated (historic Lower Bari Doab Canal colony)"
PUNJAB,PAKPATTAN DISTRICT,ARIF WALA TEHSIL,Riverine Floods (Low Risk; Sutlej River),"Flat plain along the Sutlej River; agricultural, religious town (shrine of Baba Farid)"
PUNJAB,PAKPATTAN DISTRICT,PAKPATTAN TEHSIL,Riverine Floods (Low Risk; Sutlej River),"Flat plain along the Sutlej River; agricultural, religious town (shrine of Baba Farid)"
PUNJAB,SAHIWAL DISTRICT,CHICHAWATNI TEHSIL,Riverine Floods (Medium Risk; Ravi River),Flat plain along the Ravi River; agricultural canal-colony town
PUNJAB,SAHIWAL DISTRICT,SAHIWAL TEHSIL,Riverine Floods (Medium Risk; Ravi River),Flat plain along the Ravi River; agricultural canal-colony town
PUNJAB,BHAKKAR DISTRICT,BHAKKAR TEHSIL,Riverine Floods (High Risk; Indus River),Flat plain along the Indus River; part of the Thal Desert; semi-arid
PUNJAB,BHAKKAR DISTRICT,DARYA KHAN TEHSIL,Riverine Floods (High Risk; Indus River),Flat plain along the Indus River; part of the Thal Desert; semi-arid
PUNJAB,BHAKKAR DISTRICT,KALUR KOT TEHSIL,Riverine Floods (High Risk; Indus River),Flat plain along the Indus River; part of the Thal Desert; semi-arid
PUNJAB,BHAKKAR DISTRICT,MANKERA TEHSIL,Riverine Floods (High Risk; Indus River),Flat plain along the Indus River; part of the Thal Desert; semi-arid
PUNJAB,KHUSHAB DISTRICT,KHUSHAB TEHSIL,Riverine Floods (Low Risk; Jhelum River),"Mixed terrain - Salt Range hills (Sakesar, Soon Valley) and Thal Desert/Jhelum river plain"
PUNJAB,KHUSHAB DISTRICT,NOOR PUR TEHSIL,Riverine Floods (Low Risk; Jhelum River),"Mixed terrain - Salt Range hills (Sakesar, Soon Valley) and Thal Desert/Jhelum river plain"
PUNJAB,KHUSHAB DISTRICT,NOWSHERA TEHSIL,Riverine Floods (Low Risk; Jhelum River),"Mixed terrain - Salt Range hills (Sakesar, Soon Valley) and Thal Desert/Jhelum river plain"
PUNJAB,KHUSHAB DISTRICT,QUAIDABAD TEHSIL,Riverine Floods (Low Risk; Jhelum River),"Mixed terrain - Salt Range hills (Sakesar, Soon Valley) and Thal Desert/Jhelum river plain"
PUNJAB,MIANWALI DISTRICT,ISAKHEL TEHSIL,"Riverine Floods (High Risk; Indus River), Flash Floods/Hill Torrents (Salt Range/Kala Chitta hills)","Mixed terrain - Indus River plain, Thal Desert, and Salt Range/Kala Chitta hills to the north; includes the Namal valley"
PUNJAB,MIANWALI DISTRICT,MIANWALI TEHSIL,"Riverine Floods (High Risk; Indus River), Flash Floods/Hill Torrents (Salt Range/Kala Chitta hills)","Mixed terrain - Indus River plain, Thal Desert, and Salt Range/Kala Chitta hills to the north; includes the Namal valley"
PUNJAB,MIANWALI DISTRICT,PIPLAN TEHSIL,"Riverine Floods (High Risk; Indus River), Flash Floods/Hill Torrents (Salt Range/Kala Chitta hills)","Mixed terrain - Indus River plain, Thal Desert, and Salt Range/Kala Chitta hills to the north; includes the Namal valley"
PUNJAB,SARGODHA DISTRICT,BHALWAL TEHSIL,Riverine Floods (Low Risk; Jhelum River),"Flat plain in the Jhelum-Chenab doab; agricultural, known for citrus orchards"
PUNJAB,SARGODHA DISTRICT,BHERA TEHSIL,Riverine Floods (Low Risk; Jhelum River),"Flat plain in the Jhelum-Chenab doab; agricultural, known for citrus orchards"
PUNJAB,SARGODHA DISTRICT,KOT MOMIN TEHSIL,Riverine Floods (Low Risk; Jhelum River),"Flat plain in the Jhelum-Chenab doab; agricultural, known for citrus orchards"
PUNJAB,SARGODHA DISTRICT,SAHIWAL TEHSIL,Riverine Floods (Low Risk; Jhelum River),"Flat plain in the Jhelum-Chenab doab; agricultural, known for citrus orchards"
PUNJAB,SARGODHA DISTRICT,SARGODHA TEHSIL,Riverine Floods (Low Risk; Jhelum River),"Flat plain in the Jhelum-Chenab doab; agricultural, known for citrus orchards"
PUNJAB,SARGODHA DISTRICT,SHAHPUR TEHSIL,Riverine Floods (Low Risk; Jhelum River),"Flat plain in the Jhelum-Chenab doab; agricultural, known for citrus orchards"
PUNJAB,SARGODHA DISTRICT,SILLANWALI TEHSIL,Riverine Floods (Low Risk; Jhelum River),"Flat plain in the Jhelum-Chenab doab; agricultural, known for citrus orchards"
SINDH,BADIN DISTRICT,BADIN TALUKA,"Cyclone/Coastal Storm Surge (Indus delta, Arabian Sea - severely hit by the 1999 cyclone), Sea Intrusion (saline water encroachment on farmland), Riverine/Rain Flooding (urban flooding hotspot per Sindh govt review)","Flat, low-lying coastal plain in the Indus delta; part of the Left Bank Outfall Drain (LBOD) catchment; vulnerable to sea-level rise"
SINDH,BADIN DISTRICT,GOLARCHI (S.F.RAHU) TALUKA,"Cyclone/Coastal Storm Surge (Indus delta, Arabian Sea - severely hit by the 1999 cyclone), Sea Intrusion (saline water encroachment on farmland), Riverine/Rain Flooding (urban flooding hotspot per Sindh govt review)","Flat, low-lying coastal plain in the Indus delta; part of the Left Bank Outfall Drain (LBOD) catchment; vulnerable to sea-level rise"
SINDH,BADIN DISTRICT,MATLI TALUKA,"Cyclone/Coastal Storm Surge (Indus delta, Arabian Sea - severely hit by the 1999 cyclone), Sea Intrusion (saline water encroachment on farmland), Riverine/Rain Flooding (urban flooding hotspot per Sindh govt review)","Flat, low-lying coastal plain in the Indus delta; part of the Left Bank Outfall Drain (LBOD) catchment; vulnerable to sea-level rise"
SINDH,BADIN DISTRICT,TALHAR TALUKA,"Cyclone/Coastal Storm Surge (Indus delta, Arabian Sea - severely hit by the 1999 cyclone), Sea Intrusion (saline water encroachment on farmland), Riverine/Rain Flooding (urban flooding hotspot per Sindh govt review)","Flat, low-lying coastal plain in the Indus delta; part of the Left Bank Outfall Drain (LBOD) catchment; vulnerable to sea-level rise"
SINDH,BADIN DISTRICT,TANDO BAGO TALUKA,"Cyclone/Coastal Storm Surge (Indus delta, Arabian Sea - severely hit by the 1999 cyclone), Sea Intrusion (saline water encroachment on farmland), Riverine/Rain Flooding (urban flooding hotspot per Sindh govt review)","Flat, low-lying coastal plain in the Indus delta; part of the Left Bank Outfall Drain (LBOD) catchment; vulnerable to sea-level rise"
SINDH,DADU DISTRICT,DADU TALUKA,"Flash Floods/Hill Torrents (Kirthar Range - severely hit in 2010 & 2022), Riverine Floods (Indus)","Flat plain along the Indus River bordered by the Kirthar mountain range to the west; site of Manchhar Lake, Pakistan's largest freshwater lake"
SINDH,DADU DISTRICT,JOHI TALUKA,"Flash Floods/Hill Torrents (Kirthar Range - severely hit in 2010 & 2022), Riverine Floods (Indus)","Flat plain along the Indus River bordered by the Kirthar mountain range to the west; site of Manchhar Lake, Pakistan's largest freshwater lake"
SINDH,DADU DISTRICT,KHAIRPUR NATHAN SHAH TALUKA,"Flash Floods/Hill Torrents (Kirthar Range - severely hit in 2010 & 2022), Riverine Floods (Indus)","Flat plain along the Indus River bordered by the Kirthar mountain range to the west; site of Manchhar Lake, Pakistan's largest freshwater lake"
SINDH,DADU DISTRICT,MEHAR TALUKA,"Flash Floods/Hill Torrents (Kirthar Range - severely hit in 2010 & 2022), Riverine Floods (Indus)","Flat plain along the Indus River bordered by the Kirthar mountain range to the west; site of Manchhar Lake, Pakistan's largest freshwater lake"
SINDH,HYDERABAD DISTRICT,HYDERABAD CITY TALUKA,"Urban Flooding, Riverine Floods (Indus)","Flat plain along the Indus River; Sindh's second-largest city, highly urbanized"
SINDH,HYDERABAD DISTRICT,HYDERABAD TALUKA,"Urban Flooding, Riverine Floods (Indus)","Flat plain along the Indus River; Sindh's second-largest city, highly urbanized"
SINDH,HYDERABAD DISTRICT,LATIFABAD TALUKA,"Urban Flooding, Riverine Floods (Indus)","Flat plain along the Indus River; Sindh's second-largest city, highly urbanized"
SINDH,HYDERABAD DISTRICT,QASIMABAD TALUKA,"Urban Flooding, Riverine Floods (Indus)","Flat plain along the Indus River; Sindh's second-largest city, highly urbanized"
SINDH,JAMSHORO DISTRICT,KOTRI TALUKA,"Flash Floods/Hill Torrents (Kirthar Range), Riverine Floods (Indus), Extreme Heat",Flat plain along the Indus with Kirthar Range foothills to the west; site of Kotri Barrage
SINDH,JAMSHORO DISTRICT,MANJHAND TALUKA,"Flash Floods/Hill Torrents (Kirthar Range), Riverine Floods (Indus), Extreme Heat",Flat plain along the Indus with Kirthar Range foothills to the west; site of Kotri Barrage
SINDH,JAMSHORO DISTRICT,SEHWAN TALUKA,"Flash Floods/Hill Torrents (Kirthar Range), Riverine Floods (Indus), Extreme Heat",Flat plain along the Indus with Kirthar Range foothills to the west; site of Kotri Barrage
SINDH,JAMSHORO DISTRICT,THANO BULA KHAN TALUKA,"Flash Floods/Hill Torrents (Kirthar Range), Riverine Floods (Indus), Extreme Heat",Flat plain along the Indus with Kirthar Range foothills to the west; site of Kotri Barrage
SINDH,MATIARI DISTRICT,HALA TALUKA,Riverine Floods (Indus),Flat plain along the Indus River; agricultural
SINDH,MATIARI DISTRICT,MATIARI TALUKA,Riverine Floods (Indus),Flat plain along the Indus River; agricultural
SINDH,MATIARI DISTRICT,SAEEDABAD TALUKA,Riverine Floods (Indus),Flat plain along the Indus River; agricultural
SINDH,SUJAWAL DISTRICT,JATI TALUKA,"Cyclone/Coastal Storm Surge (Indus delta, Arabian Sea), Urban/Rain Flooding, Sea Intrusion","Flat, low-lying coastal plain in the Indus delta; mangrove creeks; vulnerable to sea-level rise"
SINDH,SUJAWAL DISTRICT,KHARO CHAN TALUKA,"Cyclone/Coastal Storm Surge (Indus delta, Arabian Sea), Urban/Rain Flooding, Sea Intrusion","Flat, low-lying coastal plain in the Indus delta; mangrove creeks; vulnerable to sea-level rise"
SINDH,SUJAWAL DISTRICT,MIRPUR BATHORO TALUKA,"Cyclone/Coastal Storm Surge (Indus delta, Arabian Sea), Urban/Rain Flooding, Sea Intrusion","Flat, low-lying coastal plain in the Indus delta; mangrove creeks; vulnerable to sea-level rise"
SINDH,SUJAWAL DISTRICT,SHAH BUNDER TALUKA,"Cyclone/Coastal Storm Surge (Indus delta, Arabian Sea), Urban/Rain Flooding, Sea Intrusion","Flat, low-lying coastal plain in the Indus delta; mangrove creeks; vulnerable to sea-level rise"
SINDH,SUJAWAL DISTRICT,SUJAWAL TALUKA,"Cyclone/Coastal Storm Surge (Indus delta, Arabian Sea), Urban/Rain Flooding, Sea Intrusion","Flat, low-lying coastal plain in the Indus delta; mangrove creeks; vulnerable to sea-level rise"
SINDH,TANDO ALLAHYAR DISTRICT,CHAMBER TALUKA,Riverine Floods (Indus),Flat plain along the Indus River (Phuleli canal command area); agricultural
SINDH,TANDO ALLAHYAR DISTRICT,JHANDO MARI TALUKA,Riverine Floods (Indus),Flat plain along the Indus River (Phuleli canal command area); agricultural
SINDH,TANDO ALLAHYAR DISTRICT,TANDO ALLAHYAR TALUKA,Riverine Floods (Indus),Flat plain along the Indus River (Phuleli canal command area); agricultural
SINDH,TANDO MUHAMMAD KHAN DISTRICT,BULRI SHAH KARIM TALUKA,Riverine/Rain Flooding (severely affected during Monsoon 2025 per PDMA Sindh report),"Flat, low-lying plain near the Indus delta fringe; agricultural"
SINDH,TANDO MUHAMMAD KHAN DISTRICT,TANDO GHULAM HYDER TALUKA,Riverine/Rain Flooding (severely affected during Monsoon 2025 per PDMA Sindh report),"Flat, low-lying plain near the Indus delta fringe; agricultural"
SINDH,TANDO MUHAMMAD KHAN DISTRICT,TANDO MUHAMMAD KHAN TALUKA,Riverine/Rain Flooding (severely affected during Monsoon 2025 per PDMA Sindh report),"Flat, low-lying plain near the Indus delta fringe; agricultural"
SINDH,THATTA DISTRICT,GHORABARI TALUKA,"Cyclone/Coastal Storm Surge (Indus delta, Arabian Sea), Sea Intrusion (significant agricultural land loss to seawater), Urban/Rain Flooding","Flat, low-lying coastal plain and Indus delta; includes Keenjhar Lake and mangrove forests; highly vulnerable to sea-level rise"
SINDH,THATTA DISTRICT,KETI BUNDER TALUKA,"Cyclone/Coastal Storm Surge (Indus delta, Arabian Sea), Sea Intrusion (significant agricultural land loss to seawater), Urban/Rain Flooding","Flat, low-lying coastal plain and Indus delta; includes Keenjhar Lake and mangrove forests; highly vulnerable to sea-level rise"
SINDH,THATTA DISTRICT,MIRPUR SAKRO TALUKA,"Cyclone/Coastal Storm Surge (Indus delta, Arabian Sea), Sea Intrusion (significant agricultural land loss to seawater), Urban/Rain Flooding","Flat, low-lying coastal plain and Indus delta; includes Keenjhar Lake and mangrove forests; highly vulnerable to sea-level rise"
SINDH,THATTA DISTRICT,THATTA TALUKA,"Cyclone/Coastal Storm Surge (Indus delta, Arabian Sea), Sea Intrusion (significant agricultural land loss to seawater), Urban/Rain Flooding","Flat, low-lying coastal plain and Indus delta; includes Keenjhar Lake and mangrove forests; highly vulnerable to sea-level rise"
SINDH,KARACHI CENTRAL DISTRICT,GULBERG SUB-DIVISION,"Urban Flooding, Extreme Heat (Karachi's deadly 2015 heatwave)",Flat urban plain; dense commercial/residential core of Karachi
SINDH,KARACHI CENTRAL DISTRICT,LIAQUATABAD SUB-DIVISION,"Urban Flooding, Extreme Heat (Karachi's deadly 2015 heatwave)",Flat urban plain; dense commercial/residential core of Karachi
SINDH,KARACHI CENTRAL DISTRICT,NAZIMABAD SUB-DIVISION,"Urban Flooding, Extreme Heat (Karachi's deadly 2015 heatwave)",Flat urban plain; dense commercial/residential core of Karachi
SINDH,KARACHI CENTRAL DISTRICT,NEW KARACHI SUB-DIVISION,"Urban Flooding, Extreme Heat (Karachi's deadly 2015 heatwave)",Flat urban plain; dense commercial/residential core of Karachi
SINDH,KARACHI CENTRAL DISTRICT,NORTH NAZIMABAD SUB-DIVISION,"Urban Flooding, Extreme Heat (Karachi's deadly 2015 heatwave)",Flat urban plain; dense commercial/residential core of Karachi
SINDH,KARACHI EAST DISTRICT,FEROZABAD SUB-DIVISION,"Urban Flooding, Extreme Heat",Flat urban plain; densely populated residential/commercial district of Karachi
SINDH,KARACHI EAST DISTRICT,GULSHAN-E-IQBAL SUB-DIVISION,"Urban Flooding, Extreme Heat",Flat urban plain; densely populated residential/commercial district of Karachi
SINDH,KARACHI EAST DISTRICT,GULZAR-E-HIJRI SUB-DIVISION,"Urban Flooding, Extreme Heat",Flat urban plain; densely populated residential/commercial district of Karachi
SINDH,KARACHI EAST DISTRICT,JAMSHED QUARTERS SUB-DIVISION,"Urban Flooding, Extreme Heat",Flat urban plain; densely populated residential/commercial district of Karachi
SINDH,KARACHI SOUTH DISTRICT,ARAM BAGH SUB-DIVISION,"Urban Flooding, Coastal Storm Surge (Arabian Sea shoreline - Clifton/Defence areas), Extreme Heat","Coastal, along the Arabian Sea; Karachi's historic core and business district"
SINDH,KARACHI SOUTH DISTRICT,CIVIL LINES SUB-DIVISION,"Urban Flooding, Coastal Storm Surge (Arabian Sea shoreline - Clifton/Defence areas), Extreme Heat","Coastal, along the Arabian Sea; Karachi's historic core and business district"
SINDH,KARACHI SOUTH DISTRICT,GARDEN SUB-DIVISION,"Urban Flooding, Coastal Storm Surge (Arabian Sea shoreline - Clifton/Defence areas), Extreme Heat","Coastal, along the Arabian Sea; Karachi's historic core and business district"
SINDH,KARACHI SOUTH DISTRICT,LYARI SUB-DIVISION,"Urban Flooding, Coastal Storm Surge (Arabian Sea shoreline - Clifton/Defence areas), Extreme Heat","Coastal, along the Arabian Sea; Karachi's historic core and business district"
SINDH,KARACHI SOUTH DISTRICT,SADDAR SUB-DIVISION,"Urban Flooding, Coastal Storm Surge (Arabian Sea shoreline - Clifton/Defence areas), Extreme Heat","Coastal, along the Arabian Sea; Karachi's historic core and business district"
SINDH,KARACHI WEST DISTRICT,MANGHOPIR SUB-DIVISION,"Urban Flooding, Extreme Heat, Industrial hazard exposure (SITE industrial area)",Flat urban plain; home to Karachi's SITE industrial zone
SINDH,KARACHI WEST DISTRICT,MOMINABAD SUB-DIVISION,"Urban Flooding, Extreme Heat, Industrial hazard exposure (SITE industrial area)",Flat urban plain; home to Karachi's SITE industrial zone
SINDH,KARACHI WEST DISTRICT,ORANGI SUB-DIVISION,"Urban Flooding, Extreme Heat, Industrial hazard exposure (SITE industrial area)",Flat urban plain; home to Karachi's SITE industrial zone
SINDH,KEAMARI DISTRICT,BALDIA SUB-DIVISION,"Cyclone/Coastal Storm Surge (Karachi Port and Arabian Sea coast), Urban Flooding, Sea Intrusion","Coastal, includes Karachi Port, mangrove creeks, and Manora/Bundal/Baba islands"
SINDH,KEAMARI DISTRICT,KEAMARI SUB-DIVISION,"Cyclone/Coastal Storm Surge (Karachi Port and Arabian Sea coast), Urban Flooding, Sea Intrusion","Coastal, includes Karachi Port, mangrove creeks, and Manora/Bundal/Baba islands"
SINDH,KEAMARI DISTRICT,MAURIPUR SUB-DIVISION,"Cyclone/Coastal Storm Surge (Karachi Port and Arabian Sea coast), Urban Flooding, Sea Intrusion","Coastal, includes Karachi Port, mangrove creeks, and Manora/Bundal/Baba islands"
SINDH,KEAMARI DISTRICT,SITE SUB-DIVISION,"Cyclone/Coastal Storm Surge (Karachi Port and Arabian Sea coast), Urban Flooding, Sea Intrusion","Coastal, includes Karachi Port, mangrove creeks, and Manora/Bundal/Baba islands"
SINDH,KORANGI DISTRICT,KORANGI SUB-DIVISION,"Urban Flooding, Cyclone/Coastal Storm Surge, Industrial hazard exposure","Coastal/urban, along Korangi Creek; site of the Korangi Industrial Area, part of Karachi"
SINDH,KORANGI DISTRICT,LANDHI SUB-DIVISION,"Urban Flooding, Cyclone/Coastal Storm Surge, Industrial hazard exposure","Coastal/urban, along Korangi Creek; site of the Korangi Industrial Area, part of Karachi"
SINDH,KORANGI DISTRICT,MODEL COLONY SUB-DIVISION,"Urban Flooding, Cyclone/Coastal Storm Surge, Industrial hazard exposure","Coastal/urban, along Korangi Creek; site of the Korangi Industrial Area, part of Karachi"
SINDH,KORANGI DISTRICT,SHAH FAISAL SUB-DIVISION,"Urban Flooding, Cyclone/Coastal Storm Surge, Industrial hazard exposure","Coastal/urban, along Korangi Creek; site of the Korangi Industrial Area, part of Karachi"
SINDH,MALIR DISTRICT,AIRPORT SUB-DIVISION,"Flash Floods (Malir River/nullah - urban flooding events), Urban Flooding, Extreme Heat","Flat, semi-arid plain along the Malir River; southeastern Karachi outskirts, includes airport and industrial zones"
SINDH,MALIR DISTRICT,BIN QASIM SUB-DIVISION,"Flash Floods (Malir River/nullah - urban flooding events), Urban Flooding, Extreme Heat","Flat, semi-arid plain along the Malir River; southeastern Karachi outskirts, includes airport and industrial zones"
SINDH,MALIR DISTRICT,GADAP SUB-DIVISION,"Flash Floods (Malir River/nullah - urban flooding events), Urban Flooding, Extreme Heat","Flat, semi-arid plain along the Malir River; southeastern Karachi outskirts, includes airport and industrial zones"
SINDH,MALIR DISTRICT,IBRAHIM HYDRI SUB-DIVISION,"Flash Floods (Malir River/nullah - urban flooding events), Urban Flooding, Extreme Heat","Flat, semi-arid plain along the Malir River; southeastern Karachi outskirts, includes airport and industrial zones"
SINDH,MALIR DISTRICT,MURAD MEMON SUB-DIVISION,"Flash Floods (Malir River/nullah - urban flooding events), Urban Flooding, Extreme Heat","Flat, semi-arid plain along the Malir River; southeastern Karachi outskirts, includes airport and industrial zones"
SINDH,MALIR DISTRICT,SHAH MUREED SUB-DIVISION,"Flash Floods (Malir River/nullah - urban flooding events), Urban Flooding, Extreme Heat","Flat, semi-arid plain along the Malir River; southeastern Karachi outskirts, includes airport and industrial zones"
SINDH,JACOBABAD DISTRICT,GARHI KHAIRO TALUKA,"Riverine/Flash Floods (Indus - severely hit in 2022), Extreme Heat (among the hottest inhabited places on Earth, extreme wet-bulb temperatures)","Flat, canal-irrigated agricultural plain; borders Balochistan; extremely hot summers"
SINDH,JACOBABAD DISTRICT,JACOBABAD TALUKA,"Riverine/Flash Floods (Indus - severely hit in 2022), Extreme Heat (among the hottest inhabited places on Earth, extreme wet-bulb temperatures)","Flat, canal-irrigated agricultural plain; borders Balochistan; extremely hot summers"
SINDH,JACOBABAD DISTRICT,THUL TALUKA,"Riverine/Flash Floods (Indus - severely hit in 2022), Extreme Heat (among the hottest inhabited places on Earth, extreme wet-bulb temperatures)","Flat, canal-irrigated agricultural plain; borders Balochistan; extremely hot summers"
SINDH,KAMBAR SHAHDAD KOT DISTRICT,KAMBAR ALI KHAN TALUKA,,
SINDH,KAMBAR SHAHDAD KOT DISTRICT,MIRO KHAN TALUKA,,
SINDH,KAMBAR SHAHDAD KOT DISTRICT,NASIRABAD TALUKA,,
SINDH,KAMBAR SHAHDAD KOT DISTRICT,QUBO SAEED KHAN TALUKA,,
SINDH,KAMBAR SHAHDAD KOT DISTRICT,SHAHDAD KOT TALUKA,,
SINDH,KAMBAR SHAHDAD KOT DISTRICT,SUJAWAL JUNEJO TALUKA,,
SINDH,KAMBAR SHAHDAD KOT DISTRICT,WARAH TALUKA,,
SINDH,KASHMORE DISTRICT,KANDHKOT TALUKA,"Riverine Floods (Indus - High threat per Sindh govt review), Extreme Heat",Flat plain along the Indus River; borders Punjab and Balochistan; agricultural
SINDH,KASHMORE DISTRICT,KASHMORE TALUKA,"Riverine Floods (Indus - High threat per Sindh govt review), Extreme Heat",Flat plain along the Indus River; borders Punjab and Balochistan; agricultural
SINDH,KASHMORE DISTRICT,TANGWANI TALUKA,"Riverine Floods (Indus - High threat per Sindh govt review), Extreme Heat",Flat plain along the Indus River; borders Punjab and Balochistan; agricultural
SINDH,LARKANA DISTRICT,BAKRANI TALUKA,"Riverine Floods (Indus - High threat per Sindh govt review), Flash Floods","Flat plain along the Indus River; agricultural, historic city near Mohenjo-daro"
SINDH,LARKANA DISTRICT,DOKRI TALUKA,"Riverine Floods (Indus - High threat per Sindh govt review), Flash Floods","Flat plain along the Indus River; agricultural, historic city near Mohenjo-daro"
SINDH,LARKANA DISTRICT,LARKANA TALUKA,"Riverine Floods (Indus - High threat per Sindh govt review), Flash Floods","Flat plain along the Indus River; agricultural, historic city near Mohenjo-daro"
SINDH,LARKANA DISTRICT,RATODERO TALUKA,"Riverine Floods (Indus - High threat per Sindh govt review), Flash Floods","Flat plain along the Indus River; agricultural, historic city near Mohenjo-daro"
SINDH,SHIKARPUR DISTRICT,GARHI YASIN TALUKA,Riverine Floods (Indus - High threat per Sindh govt review),"Flat plain along the Indus River; agricultural, historic trading town"
SINDH,SHIKARPUR DISTRICT,KHANPUR TALUKA,Riverine Floods (Indus - High threat per Sindh govt review),"Flat plain along the Indus River; agricultural, historic trading town"
SINDH,SHIKARPUR DISTRICT,LAKHI TALUKA,Riverine Floods (Indus - High threat per Sindh govt review),"Flat plain along the Indus River; agricultural, historic trading town"
SINDH,SHIKARPUR DISTRICT,SHIKARPUR TALUKA,Riverine Floods (Indus - High threat per Sindh govt review),"Flat plain along the Indus River; agricultural, historic trading town"
SINDH,MIRPUR KHAS DISTRICT,DIGRI TALUKA,"Riverine/Rain Flooding (Left Bank Outfall Drain command area), Drought (bordering Thar Desert)","Flat plain, part of the LBOD command area; agricultural (mango orchards); borders Tharparkar"
SINDH,MIRPUR KHAS DISTRICT,HUSSAIN BUX MARI TALUKA,"Riverine/Rain Flooding (Left Bank Outfall Drain command area), Drought (bordering Thar Desert)","Flat plain, part of the LBOD command area; agricultural (mango orchards); borders Tharparkar"
SINDH,MIRPUR KHAS DISTRICT,JHUDO TALUKA,"Riverine/Rain Flooding (Left Bank Outfall Drain command area), Drought (bordering Thar Desert)","Flat plain, part of the LBOD command area; agricultural (mango orchards); borders Tharparkar"
SINDH,MIRPUR KHAS DISTRICT,KOT GHULAM MUHAMMAD TALUKA,"Riverine/Rain Flooding (Left Bank Outfall Drain command area), Drought (bordering Thar Desert)","Flat plain, part of the LBOD command area; agricultural (mango orchards); borders Tharparkar"
SINDH,MIRPUR KHAS DISTRICT,MIRPUR KHAS TALUKA,"Riverine/Rain Flooding (Left Bank Outfall Drain command area), Drought (bordering Thar Desert)","Flat plain, part of the LBOD command area; agricultural (mango orchards); borders Tharparkar"
SINDH,MIRPUR KHAS DISTRICT,SHUJAABAD TALUKA,"Riverine/Rain Flooding (Left Bank Outfall Drain command area), Drought (bordering Thar Desert)","Flat plain, part of the LBOD command area; agricultural (mango orchards); borders Tharparkar"
SINDH,MIRPUR KHAS DISTRICT,SINDHRI TALUKA,"Riverine/Rain Flooding (Left Bank Outfall Drain command area), Drought (bordering Thar Desert)","Flat plain, part of the LBOD command area; agricultural (mango orchards); borders Tharparkar"
SINDH,THARPARKAR DISTRICT,CHACHRO TALUKA,"Drought (chronic and severe - Thar Desert, periodic famine-level conditions), Extreme Heat",Arid Thar Desert terrain with extensive sand dunes; sparsely irrigated; borders India
SINDH,THARPARKAR DISTRICT,DAHLI TALUKA,"Drought (chronic and severe - Thar Desert, periodic famine-level conditions), Extreme Heat",Arid Thar Desert terrain with extensive sand dunes; sparsely irrigated; borders India
SINDH,THARPARKAR DISTRICT,DIPLO TALUKA,"Drought (chronic and severe - Thar Desert, periodic famine-level conditions), Extreme Heat",Arid Thar Desert terrain with extensive sand dunes; sparsely irrigated; borders India
SINDH,THARPARKAR DISTRICT,ISLAMKOT TALUKA,"Drought (chronic and severe - Thar Desert, periodic famine-level conditions), Extreme Heat",Arid Thar Desert terrain with extensive sand dunes; sparsely irrigated; borders India
SINDH,THARPARKAR DISTRICT,KALOI TALUKA,"Drought (chronic and severe - Thar Desert, periodic famine-level conditions), Extreme Heat",Arid Thar Desert terrain with extensive sand dunes; sparsely irrigated; borders India
SINDH,THARPARKAR DISTRICT,MITHI TALUKA,"Drought (chronic and severe - Thar Desert, periodic famine-level conditions), Extreme Heat",Arid Thar Desert terrain with extensive sand dunes; sparsely irrigated; borders India
SINDH,THARPARKAR DISTRICT,NAGAR PARKAR TALUKA,"Drought (chronic and severe - Thar Desert, periodic famine-level conditions), Extreme Heat",Arid Thar Desert terrain with extensive sand dunes; sparsely irrigated; borders India
SINDH,UMER KOT DISTRICT,KUNRI TALUKA,"Drought (Thar Desert), Extreme Heat",Arid Thar Desert terrain; borders India; agro-pastoral economy
SINDH,UMER KOT DISTRICT,PITHORO TALUKA,"Drought (Thar Desert), Extreme Heat",Arid Thar Desert terrain; borders India; agro-pastoral economy
SINDH,UMER KOT DISTRICT,SAMARO TALUKA,"Drought (Thar Desert), Extreme Heat",Arid Thar Desert terrain; borders India; agro-pastoral economy
SINDH,UMER KOT DISTRICT,UMER KOT TALUKA,"Drought (Thar Desert), Extreme Heat",Arid Thar Desert terrain; borders India; agro-pastoral economy
SINDH,NAUSHAHRO FEROZE DISTRICT,BHIRIA TALUKA,Riverine Floods (Indus),Flat plain along the Indus River; agricultural
SINDH,NAUSHAHRO FEROZE DISTRICT,KANDIARO TALUKA,Riverine Floods (Indus),Flat plain along the Indus River; agricultural
SINDH,NAUSHAHRO FEROZE DISTRICT,MEHRABPUR TALUKA,Riverine Floods (Indus),Flat plain along the Indus River; agricultural
SINDH,NAUSHAHRO FEROZE DISTRICT,MORO TALUKA,Riverine Floods (Indus),Flat plain along the Indus River; agricultural
SINDH,NAUSHAHRO FEROZE DISTRICT,NAUSHAHRO FEROZE TALUKA,Riverine Floods (Indus),Flat plain along the Indus River; agricultural
SINDH,SANGHAR DISTRICT,JAM NAWAZ ALI TALUKA,"Riverine/Rain Flooding (Left Bank Outfall Drain command area), Drought (fringe of the Thar Desert)","Flat plain, part of the LBOD command area; agricultural (cotton belt); borders Tharparkar"
SINDH,SANGHAR DISTRICT,KHIPRO TALUKA,"Riverine/Rain Flooding (Left Bank Outfall Drain command area), Drought (fringe of the Thar Desert)","Flat plain, part of the LBOD command area; agricultural (cotton belt); borders Tharparkar"
SINDH,SANGHAR DISTRICT,SANGHAR TALUKA,"Riverine/Rain Flooding (Left Bank Outfall Drain command area), Drought (fringe of the Thar Desert)","Flat plain, part of the LBOD command area; agricultural (cotton belt); borders Tharparkar"
SINDH,SANGHAR DISTRICT,SHAHDADPUR TALUKA,"Riverine/Rain Flooding (Left Bank Outfall Drain command area), Drought (fringe of the Thar Desert)","Flat plain, part of the LBOD command area; agricultural (cotton belt); borders Tharparkar"
SINDH,SANGHAR DISTRICT,SINJHORO TALUKA,"Riverine/Rain Flooding (Left Bank Outfall Drain command area), Drought (fringe of the Thar Desert)","Flat plain, part of the LBOD command area; agricultural (cotton belt); borders Tharparkar"
SINDH,SANGHAR DISTRICT,TANDO ADAM TALUKA,"Riverine/Rain Flooding (Left Bank Outfall Drain command area), Drought (fringe of the Thar Desert)","Flat plain, part of the LBOD command area; agricultural (cotton belt); borders Tharparkar"
SINDH,SHAHEED BENAZIRABAD DISTRICT,DAUR TALUKA,"Urban Flooding, Riverine Floods (Indus)",Flat plain along the Indus River; major agricultural/urban centre of interior Sindh (Nawabshah)
SINDH,SHAHEED BENAZIRABAD DISTRICT,KAZI AHMED TALUKA,"Urban Flooding, Riverine Floods (Indus)",Flat plain along the Indus River; major agricultural/urban centre of interior Sindh (Nawabshah)
SINDH,SHAHEED BENAZIRABAD DISTRICT,NAWABSHAH TALUKA,"Urban Flooding, Riverine Floods (Indus)",Flat plain along the Indus River; major agricultural/urban centre of interior Sindh (Nawabshah)
SINDH,SHAHEED BENAZIRABAD DISTRICT,SAKRAND TALUKA,"Urban Flooding, Riverine Floods (Indus)",Flat plain along the Indus River; major agricultural/urban centre of interior Sindh (Nawabshah)
SINDH,GHOTKI DISTRICT,DAHARKI TALUKA,Riverine Floods (Indus - High threat per Sindh govt review),Flat plain along the Indus River; agricultural; borders Punjab
SINDH,GHOTKI DISTRICT,GHOTKI TALUKA,Riverine Floods (Indus - High threat per Sindh govt review),Flat plain along the Indus River; agricultural; borders Punjab
SINDH,GHOTKI DISTRICT,KHANGARH TALUKA,Riverine Floods (Indus - High threat per Sindh govt review),Flat plain along the Indus River; agricultural; borders Punjab
SINDH,GHOTKI DISTRICT,MIRPUR MATHELO TALUKA,Riverine Floods (Indus - High threat per Sindh govt review),Flat plain along the Indus River; agricultural; borders Punjab
SINDH,GHOTKI DISTRICT,UBAURO TALUKA,Riverine Floods (Indus - High threat per Sindh govt review),Flat plain along the Indus River; agricultural; borders Punjab
SINDH,KHAIRPUR DISTRICT,FAIZ GANJ TALUKA,"Riverine Floods (Indus), Drought (fringe of the Thar Desert to the east)","Flat plain along the Indus River, part of the Sukkur Barrage command area; eastern part bordering the Thar Desert"
SINDH,KHAIRPUR DISTRICT,GAMBAT TALUKA,"Riverine Floods (Indus), Drought (fringe of the Thar Desert to the east)","Flat plain along the Indus River, part of the Sukkur Barrage command area; eastern part bordering the Thar Desert"
SINDH,KHAIRPUR DISTRICT,KHAIRPUR TALUKA,"Riverine Floods (Indus), Drought (fringe of the Thar Desert to the east)","Flat plain along the Indus River, part of the Sukkur Barrage command area; eastern part bordering the Thar Desert"
SINDH,KHAIRPUR DISTRICT,KINGRI TALUKA,"Riverine Floods (Indus), Drought (fringe of the Thar Desert to the east)","Flat plain along the Indus River, part of the Sukkur Barrage command area; eastern part bordering the Thar Desert"
SINDH,KHAIRPUR DISTRICT,KOT DIJI TALUKA,"Riverine Floods (Indus), Drought (fringe of the Thar Desert to the east)","Flat plain along the Indus River, part of the Sukkur Barrage command area; eastern part bordering the Thar Desert"
SINDH,KHAIRPUR DISTRICT,MIRWAH TALUKA,"Riverine Floods (Indus), Drought (fringe of the Thar Desert to the east)","Flat plain along the Indus River, part of the Sukkur Barrage command area; eastern part bordering the Thar Desert"
SINDH,KHAIRPUR DISTRICT,NARA TALUKA,"Riverine Floods (Indus), Drought (fringe of the Thar Desert to the east)","Flat plain along the Indus River, part of the Sukkur Barrage command area; eastern part bordering the Thar Desert"
SINDH,KHAIRPUR DISTRICT,SOBHO DERO TALUKA,"Riverine Floods (Indus), Drought (fringe of the Thar Desert to the east)","Flat plain along the Indus River, part of the Sukkur Barrage command area; eastern part bordering the Thar Desert"
SINDH,SUKKUR DISTRICT,NEW SUKKUR TALUKA,Riverine Floods (Indus - High threat per Sindh govt review),Flat plain along the Indus River; site of the Sukkur (Lloyd) Barrage; major urban and trade centre
SINDH,SUKKUR DISTRICT,PANO AQIL TALUKA,Riverine Floods (Indus - High threat per Sindh govt review),Flat plain along the Indus River; site of the Sukkur (Lloyd) Barrage; major urban and trade centre
SINDH,SUKKUR DISTRICT,ROHRI TALUKA,Riverine Floods (Indus - High threat per Sindh govt review),Flat plain along the Indus River; site of the Sukkur (Lloyd) Barrage; major urban and trade centre
SINDH,SUKKUR DISTRICT,SALEHPAT TALUKA,Riverine Floods (Indus - High threat per Sindh govt review),Flat plain along the Indus River; site of the Sukkur (Lloyd) Barrage; major urban and trade centre
SINDH,SUKKUR DISTRICT,SUKKUR CITY TALUKA,Riverine Floods (Indus - High threat per Sindh govt review),Flat plain along the Indus River; site of the Sukkur (Lloyd) Barrage; major urban and trade centre
